open,high,low,close,pre_close,change,pct_chg,vol,amount,mtm_5,mtm_10,mtm_20,ma_5,ma_10,ma_20,ema_5,ema_10,ema_20,tr,atr,u,d,au,ad,rs,rsi,ma_12,ma_26,ema_12,ema_26,dif,dif_ma_9,dea,volume_change_rate
99.95,100.002,99.95,99.995,,-0.005,-0.01,11688,116874677.0,,,,,,,,,,0.0519999999999925,,,,,,,,,,,,,,,
99.99,99.999,99.99,99.995,99.995,0.0,0.0,18857,188561316.0,,,,,,,,,,0.009000000000000341,,0.0,-0.0,,,,,,,,,,,,0.6133641341546885
99.996,99.997,99.994,99.995,99.995,0.0,0.0,14742,147415728.0,,,,,,,,,,0.0030000000000001137,,0.0,-0.0,,,,,,,,,,,,-0.2182213501617436
99.952,100.0,99.952,99.997,99.995,0.002,0.0,19261,192608068.0,,,,,,,,,,0.04800000000000182,,0.001999999999995339,0.0,,,,,,,,,,,,0.3065391398724733
99.995,99.996,99.989,99.99,99.997,-0.007,-0.01,3024,30237117.0,,,,99.9944,,,99.99377777777778,,,0.007999999999995566,,0.0,0.007000000000005002,,,,,,,,,,,,-0.8429988058771611
99.992,99.992,99.98,99.983,99.99,-0.007,-0.01,4982,49814979.0,-0.012000000000000455,,,99.992,,,99.9901851851852,,,0.012000000000000455,,0.0,0.006999999999990791,,,,,,,,,,,,0.6474867724867726
99.985,99.993,99.979,99.981,99.983,-0.002,0.0,3925,39237603.0,-0.014000000000010004,,,99.98920000000001,,,99.98712345679014,,,0.013999999999995794,,0.0,0.0020000000000095497,,,,,,,,,,,,-0.21216378964271376
99.982,99.988,99.962,99.983,99.981,0.002,0.0,2097,20962911.0,-0.012000000000000455,,,99.98679999999999,,,99.98574897119343,,,0.02599999999999625,,0.0020000000000095497,0.0,,,,,,,,,,,,-0.4657324840764331
99.985,99.997,99.985,99.997,99.983,0.014,0.01,1894,18940459.0,0.0,,,99.98679999999999,,,99.98949931412895,,,0.013999999999995794,,0.013999999999995794,0.0,,,,,,,,,,,,-0.09680495946590362
99.994,99.995,99.989,99.995,99.997,-0.002,0.0,7295,72943747.0,0.005000000000009663,,,99.9878,99.9911,,99.99133287608598,99.9912408391654,,0.007999999999995566,,0.0,0.001999999999995339,,,,,,,,,,,,2.851636747624076
100.0,100.009,99.99,99.997,99.995,0.002,0.0,12065,120648765.0,0.013999999999995794,0.001999999999995339,,99.9906,99.9913,,99.99322191739066,99.99228795931714,,0.019000000000005457,,0.001999999999995339,0.0,,,,,,,,,,,,0.6538725154215217
100.007,100.029,100.001,100.009,99.997,0.012,0.01,11,108315.0,0.028000000000005798,0.013999999999995794,,99.9962,99.9927,,99.99848127826044,99.99532651216856,,0.031999999999996476,,0.012000000000000455,0.0,,,,,99.99308333333333,,99.99488436219845,,,,,-0.9990882718607542
100.002,100.009,100.001,100.007,100.009,-0.002,0.0,1064,10641521.0,0.02400000000000091,0.012000000000000455,,100.001,99.9939,,100.00132085217363,99.99744896450154,,0.007999999999995566,,0.0,0.001999999999995339,,,,,99.99408333333334,,99.99674830647561,,,,,95.72727272727273
100.0,100.0,99.978,99.978,100.007,-0.029,-0.03,609,6088802.0,-0.019000000000005457,-0.019000000000005457,,99.99719999999999,99.992,,99.99354723478243,99.99391278913762,,0.029000000000010573,0.020142857142855877,0.0,0.029000000000010573,,,,,99.99266666666666,,99.9938639516332,,,,,-0.4276315789473685
99.98,100.0,99.971,100.0,99.978,0.022,0.02,18250,182485790.0,0.0049999999999954525,0.010000000000005116,,99.9982,99.99300000000001,,99.99569815652163,99.99501955474896,,0.028999999999996362,0.01849999999999901,0.02200000000000557,0.0,0.0031532241481932546,0.0027191632370752125,1.1596303249469226,53.695778928063675,99.99308333333333,,99.99480795907425,,,,,28.967159277504106
99.998,100.0,99.971,99.995,100.0,-0.005,-0.01,13850,138496615.0,-0.001999999999995339,0.012000000000000455,,99.99780000000001,99.9942,,99.99546543768109,99.99501599934005,,0.028999999999996362,0.019928571428570154,0.0,0.0049999999999954525,0.0029279938518937364,0.0028820801487123727,1.0159307516835978,50.39512150083263,99.99291666666666,,99.99483750383206,,,,,-0.2410958904109589
99.997,100.001,99.997,100.001,99.995,0.006,0.01,29164,291645200.0,-0.007999999999995566,0.020000000000010232,,99.9962,99.9962,,99.99731029178741,99.99610399946005,,0.006000000000000227,0.020142857142855877,0.006000000000000227,0.0,0.0031474228624727716,0.0026762172809472033,1.176071496466383,54.045627562152646,99.99383333333333,,99.99578558016559,,,,,1.1057039711191337
99.983,100.01,99.983,100.008,100.001,0.007,0.01,17984,179836712.0,0.000999999999990564,0.024999999999991473,,99.9964,99.99870000000001,,100.00087352785829,99.99826690864911,,0.027000000000001023,0.01864285714285582,0.006999999999990791,0.0,0.003422606943724059,0.002485058903736689,1.377273970680379,57.93501244142262,99.99591666666667,,99.99766472167858,,,,,-0.38334933479632427
99.998,100.0,99.997,99.998,100.008,-0.01,-0.01,16709,167086556.0,0.020000000000010232,0.0010000000000047748,,100.00040000000001,99.99879999999999,,99.99991568523888,99.99821837980382,,0.01099999999999568,0.018857142857141542,0.0,0.009999999999990905,0.0031781350191723407,0.0030218404106119898,1.0517216620743708,51.26044538668266,99.99733333333334,,99.99771630295879,,,,,-0.07089635231316727
99.986,100.002,99.986,100.001,99.998,0.003,0.0,16756,167560861.0,0.0010000000000047748,0.006000000000000227,,100.0006,99.9994,99.99525,100.0002771234926,99.99872412893039,99.99691780454063,0.015999999999991132,0.01914285714285516,0.0030000000000001137,0.0,0.0031654110892314676,0.0028059946669968475,1.128088775955975,53.00947914868907,99.99883333333332,,99.99822148711898,,,,,0.0028128553474175977
99.996,100.0,99.996,100.0,100.001,-0.001,0.0,21314,213139164.0,0.0049999999999954525,0.0030000000000001137,0.0049999999999954525,100.00160000000001,99.9997,99.99549999999999,100.00018474899507,99.9989561054885,99.99721134696533,0.005000000000009663,0.01849999999999901,0.0,0.0010000000000047748,0.0029393102971435056,0.0026769950479259854,1.0979886942341377,52.335300817002455,99.99908333333333,,99.9984951044853,,,,,0.2720219622821676
100.0,100.0,99.998,99.999,100.0,-0.001,0.0,18153,181529345.0,-0.0020000000000095497,-0.010000000000005116,0.003999999999990678,100.0012,99.9987,99.9957,99.99978983266338,99.99896408630877,99.99738169487338,0.001999999999995339,0.01678571428571323,0.0,0.0010000000000047748,0.0027293595616332553,0.002557209687360185,1.0673194205089929,51.62818139860599,99.99941666666666,,99.99857278071833,,,,,-0.14830627756404247
99.999,100.008,99.999,100.007,99.999,0.008,0.01,8836,88363546.0,-0.000999999999990564,0.0,0.012000000000000455,100.001,99.99870000000001,99.99629999999999,100.0021932217756,100.00042516152536,99.99829772393306,0.009000000000000341,0.0164285714285707,0.008000000000009777,0.0,0.00310583387866015,0.002374551852548743,1.3079663328162239,56.671811638613406,100.00025000000001,,99.99986927599244,,,,,-0.51324849887071
99.996,100.001,99.996,100.0,100.007,-0.007,-0.01,10801,108008124.0,0.001999999999995339,0.02200000000000557,0.0030000000000001137,100.00139999999999,100.0009,99.99645000000001,100.0014621478504,100.00034785942984,99.99845984546324,0.01100000000000989,0.016642857142857435,0.0,0.007000000000005002,0.0028839886016129965,0.002704941005938476,1.0661927913701024,51.60180578614374,99.99950000000001,,99.99988938737822,,,,,0.22238569488456306
99.999,100.0,99.999,99.999,100.0,-0.001,0.0,11260,112601476.0,-0.0020000000000095497,-0.0010000000000047748,0.009000000000000341,100.001,100.0008,99.99690000000001,100.00064143190028,100.00010279407894,99.99851128875247,0.0010000000000047748,0.0153571428571431,0.0,0.0010000000000047748,0.002677989415783497,0.0025831595055146404,1.0367108225668642,50.9012281508034,99.99883333333334,,99.9997525585508,,,,,0.042496065179150166
99.999,99.999,99.995,99.999,99.999,0.0,0.0,11867,118668619.0,-0.0010000000000047748,0.003999999999990678,0.015999999999991132,100.0008,100.0012,99.99770000000001,100.00009428793352,99.99990228606458,99.9985578326808,0.003999999999990678,0.013357142857142687,0.0,-0.0,0.0024867044575132475,0.002398648112263595,1.0367108225668642,50.9012281508034,100.00058333333334,99.9965,99.99963678031222,99.99794165157567,0.0016951287365429835,,,0.053907637655417506
99.987,99.995,99.987,99.992,99.999,-0.007,-0.01,8053,80523919.0,-0.006999999999990791,-0.009000000000000341,0.01100000000000989,99.9994,100.00030000000001,99.99825000000001,99.99739619195569,99.99846550678011,99.99793327718739,0.012000000000000455,0.013642857142857321,0.0,0.006999999999990791,0.0023090827105480155,0.002727316104244109,0.8466501946564755,45.84789242198489,99.99991666666666,99.99638461538461,99.99846189103341,99.99750152923673,0.0009603617966860156,,,-0.3213954664194826
99.985,99.995,99.985,99.994,99.992,0.002,0.0,10116,101155730.0,-0.01300000000000523,-0.013999999999995794,0.01099999999999568,99.99680000000001,99.99889999999999,99.99879999999999,99.99626412797046,99.99765359645644,99.99755867936003,0.010000000000005116,0.012285714285714075,0.001999999999995339,0.0,0.002287005374079967,0.002532507811083816,0.9030595538819747,47.453036981415515,99.99983333333334,99.99634615384616,99.99777544625906,99.99724215670068,0.000533289558376282,,,0.2561778219297157
99.996,99.998,99.993,99.997,99.994,0.003,0.0,11366,113653490.0,-0.0030000000000001137,-0.0010000000000047748,0.0,99.9962,99.9988,99.9988,99.99650941864698,99.99753476073708,99.99750547180193,0.005000000000009663,0.010571428571429311,0.0030000000000001137,0.0,0.0023379335616456917,0.0023516143960064005,0.9941823649387662,49.85413482830061,99.9995,99.99642307692307,99.99765614683459,99.9972242191673,0.00043192766729305276,,,0.12356662712534594
99.993,100.0,99.993,100.0,99.997,0.003,0.0,23861,238599193.0,0.0010000000000047748,-0.0010000000000047748,0.0049999999999954525,99.9964,99.99870000000001,99.99905,99.99767294576466,99.99798298605761,99.99774304591602,0.007000000000005002,0.009000000000001356,0.0030000000000001137,0.0,0.0023852240215281504,0.0021836419391488004,1.0923146229999265,52.20604066867266,99.99883333333334,99.99653846153845,99.99801673962926,99.9974298325623,0.0005869070669604071,,,1.0993313390814712
99.999,100.0,99.996,100.0,100.0,0.0,0.0,10805,108043129.0,0.0010000000000047748,0.0,0.0030000000000001137,99.99659999999999,99.99870000000001,99.9992,99.99844863050978,99.99834971586532,99.99795799392402,0.0040000000000048885,0.008857142857144546,0.0,-0.0,0.0022148508771332827,0.002027667514923886,1.0923146229999265,52.20604066867266,99.99900000000001,99.99692307692307,99.99832185660938,99.99762021533546,0.0007016412739204725,,,-0.5471690205775115
100.0,100.002,99.998,100.002,100.0,0.002,0.0,18267,182671539.0,0.009999999999990905,0.0030000000000001137,-0.007000000000005002,99.9986,99.999,99.99885,99.99963242033985,99.99901340388979,99.99834294688364,0.003999999999990678,0.0072142857142866645,0.001999999999995339,0.0,0.0021995043859091437,0.0018828341210007514,1.1681880848537405,53.87854001294094,99.99908333333333,99.99765384615385,99.99888772482332,99.99794464382913,0.0009430809941903817,,,0.6906062008329477
100.0,100.003,99.999,100.001,100.002,-0.001,0.0,12096,120956863.0,0.007000000000005002,-0.006000000000000227,-0.006000000000000227,100.0,99.99839999999999,99.99855,100.00008828022658,99.99937460318255,99.99859599956139,0.0040000000000048885,0.006714285714287322,0.0,0.000999999999990564,0.0020423969297727763,0.0018197745409285952,1.1223351485786701,52.88208836056356,99.99916666666667,99.99842307692307,99.99921269023513,99.99817096650845,0.0010417237266722168,,,-0.3378223025127278
99.994,99.998,99.994,99.998,100.001,-0.003,0.0,10625,106246934.0,0.0010000000000047748,-0.001999999999995339,0.020000000000010232,100.0002,99.9982,99.99955,99.99939218681773,99.99912467533116,99.9985392376984,0.007000000000005002,0.00607142857143117,0.0,0.0030000000000001137,0.0018965114347890067,0.0019040763594337037,0.9960269846284174,49.90047691233187,99.99908333333333,99.99900000000001,99.99902612250665,99.99815830232265,0.0008678201839984467,0.0008624312227378065,0.0009618241397611427,-0.12161044973544977
99.999,100.0,99.997,100.0,99.998,0.002,0.0,12866,128660367.0,0.0,0.0010000000000047748,0.0,100.00019999999999,99.9983,99.99955,99.99959479121182,99.99928382527095,99.9986783579176,0.0030000000000001137,0.005928571428573345,0.001999999999995339,0.0,0.0019039034751608876,0.0017680709051884392,1.0768252956223898,51.849584935823074,99.99849999999999,99.99911538461538,99.99917594981332,99.99829472437283,0.0008812254404944042,0.0007719975231768533,0.000945704399907795,0.21091764705882343
99.998,100.0,99.997,100.0,100.0,0.0,0.0,25181,251805602.0,0.0,0.0010000000000047748,0.0049999999999954525,100.00019999999999,99.9984,99.99980000000001,99.99972986080789,99.99941403885805,99.9988042285921,0.0030000000000001137,0.006000000000002258,0.0,-0.0,0.0017679103697922527,0.0016417801262464079,1.0768252956223898,51.849584935823074,99.99849999999999,99.9993076923077,99.99930272676512,99.99842104108595,0.000881685679175348,0.0007632557323423347,0.0009329006557613057,0.9571739468366236
100.441,100.441,99.989,100.008,100.0,0.008,0.01,23157,231573995.0,0.006000000000000227,0.015999999999991132,0.006999999999990791,100.0014,100.0,100.00014999999999,100.00248657387193,100.00097512270203,99.99968001634525,0.4519999999999982,0.03764285714285925,0.007999999999995566,0.0,0.0022130596290924893,0.0015245101172288074,1.4516529631927266,59.211192815082406,99.99925,99.99973076923077,100.00064076880126,99.9991305935981,0.0015101752031654314,0.0008717985817633513,0.0010483555652421308,-0.08037806282514592
100.005,100.199,100.005,100.05,100.008,0.042,0.04,40518,405354192.0,0.04899999999999238,0.055999999999997385,0.04200000000000159,100.0112,100.0056,100.00225,100.0183243825813,100.0098887367562,100.00447239574093,0.19400000000000261,0.0507142857142873,0.04200000000000159,0.0,0.005054983941300282,0.0014156165374267498,3.5708709298416554,78.12233127233277,100.00349999999999,100.00130769230769,100.008234496678,100.00289869777602,0.005335798901981548,0.0014166731633954062,0.0019058442325900144,0.7497085114652158
99.992,99.997,99.992,99.997,100.05,-0.053,-0.05,15809,158085461.0,-0.0010000000000047748,0.0,-0.0010000000000047748,100.011,100.00559999999999,100.0022,100.0112162550542,100.00754533007324,100.0037607390037,0.057999999999992724,0.054785714285715006,0.0,0.05299999999999727,0.004693913659778834,0.005100215356181787,0.9203363646379188,47.92578954320063,100.00391666666667,100.00092307692307,100.00650611257369,100.00246175720002,0.004044355373665098,0.0018008340863625942,0.0023335464608050314,-0.6098277308850387
99.997,99.998,99.996,99.997,99.997,0.0,0.0,14807,148070844.0,-0.0030000000000001137,-0.0030000000000001137,-0.0040000000000048885,100.0104,100.0053,100.002,100.00647750336947,100.00562799733265,100.00311685909858,0.0020000000000095497,0.054642857142859214,0.0,-0.0,0.004358634112651774,0.00473591425931166,0.9203363646379187,47.92578954320062,100.00416666666666,100.00165384615386,100.0050436337162,100.00205718259261,0.0029864511235899727,0.002054701847436983,0.00246412739336202,-0.06338161806565878
99.997,99.997,99.996,99.996,99.997,-0.001,0.0,19700,196992760.0,-0.0040000000000048885,-0.0040000000000048885,-0.0040000000000048885,100.0096,100.00489999999999,100.0018,100.00298500224632,100.00387745236307,100.00243906299396,0.0010000000000047748,0.053857142857145233,0.0,0.0010000000000047748,0.004047303104605219,0.004469063240789739,0.9056267245593977,47.52382577804102,100.00408333333333,100.0015,100.00365230545216,100.00160850240056,0.002043803051606119,0.002177004298260954,0.00238006252501084,0.3304518133315324
99.996,99.998,99.995,99.997,99.996,0.001,0.0,17593,175924941.0,-0.01099999999999568,-0.0049999999999954525,-0.001999999999995339,100.0074,100.0044,100.0017,100.00099000149754,100.00262700647887,100.00192105699453,0.0030000000000001137,0.05335714285714488,0.0010000000000047748,0.0,0.003829638597133759,0.0041498444378761865,0.9228390737204831,47.993567757851444,100.00383333333333,100.00157692307693,100.00262887384415,100.00126713185237,0.0013617419917721918,0.0022125618832720623,0.00217639841836311,-0.10695431472081218
100.44,100.44,99.997,100.002,99.997,0.005,0.01,13288,132879900.0,-0.04800000000000182,0.000999999999990564,-0.005000000000009663,99.9978,100.00450000000001,100.00145,100.00132666766504,100.00251300530088,100.00192857537601,0.44299999999999784,0.08464285714285832,0.0049999999999954525,0.0,0.0039132358401953084,0.0038534269780278875,1.0155209538181076,50.385035784140705,100.004,100.00161538461538,100.00253212402197,100.00132141838183,0.0012107056401333693,0.0022506602672870534,0.001983259862717162,-0.2446995964303984
99.99,99.997,99.99,99.995,100.002,-0.007,-0.01,13097,130967789.0,-0.001999999999995339,-0.0030000000000001137,-0.0049999999999954525,99.9974,100.0042,100.0012,99.99921777844337,100.00114700433708,100.00126871105448,0.012000000000000455,0.08500000000000085,0.0,0.006999999999990791,0.0036337189944670722,0.004078182193882381,0.8910143837903953,47.11832926434036,100.00341666666667,100.00111538461539,100.0013733357109,100.00085316516837,0.0005201705425292857,0.0022105430564020403,0.0016906419986795866,-0.014373871161950658
99.987,99.997,99.987,99.997,99.995,0.002,0.0,21368,213672116.0,0.0,-0.0030000000000001137,-0.001999999999995339,99.9974,100.0039,100.0011,99.99847851896226,100.00039300354852,100.00086216714453,0.010000000000005116,0.0854285714285723,0.001999999999995339,0.0,0.0035170247805762344,0.0037868834657479255,0.9287385821051685,48.15264187288016,100.00308333333334,100.00107692307694,100.0007005148323,100.00056774552627,0.00013276930603467463,0.0021273301260530766,0.0013790674601506043,0.6315186683973428
99.996,99.997,99.993,99.994,99.997,-0.003,0.0,23549,235480358.0,-0.001999999999995339,-0.006000000000000227,-0.0049999999999954525,99.997,100.0033,100.00084999999999,99.99698567930818,99.99923063926698,100.00020862741648,0.0040000000000048885,0.08542857142857331,0.0,0.0030000000000001137,0.003265808724820789,0.003730677503908796,0.8753929336961066,46.677841105588676,100.00274999999999,100.00080769230769,99.99966966639657,100.00008124585766,-0.00041157946108683063,0.0019138018300250475,0.0010209380759031174,0.1020685136652939
99.996,99.997,99.988,99.99,99.994,-0.004,0.0,5801,58006369.0,-0.007000000000005002,-0.018000000000000682,-0.0020000000000095497,99.9956,100.0015,100.00075,99.9946571195388,99.99755234121844,99.99923637718635,0.009000000000000341,0.08578571428571584,0.0,0.0040000000000048885,0.003032536673047876,0.003749914825058517,0.8086948142883628,44.71151284892397,100.00191666666666,100.00042307692307,99.99818202541249,99.99933448690524,-0.0011524614927509447,0.001192884008388104,0.0005862581621723051,-0.7536625759055586
99.995,100.0,99.994,100.0,99.99,0.01,0.01,12150,121496115.0,-0.001999999999995339,-0.04999999999999716,0.006000000000000227,99.9952,99.9965,100.00104999999999,99.99643807969254,99.99799737008782,99.9993091031686,0.010000000000005116,0.08600000000000156,0.010000000000005116,0.0,0.0035302126249733934,0.003482063766125766,1.013827678664598,50.343318318918115,100.00191666666666,100.00046153846155,99.99846171381057,99.99938378417151,-0.0009220703609429393,0.0006410589267649888,0.00028459245754925626,1.0944664712980519
99.992,99.992,99.99,99.992,100.0,-0.008,-0.01,5951,59505669.0,-0.0030000000000001137,-0.0049999999999954525,-0.0049999999999954525,99.9946,99.99600000000001,100.0008,99.99495871979502,99.99690693916276,99.99861299810492,0.010000000000005116,0.08650000000000192,0.0,0.007999999999995566,0.003278054580332437,0.003804773497116466,0.8615636601802407,46.281718890925404,100.00058333333334,99.99988461538462,99.99746760399356,99.99883683719584,-0.0013692332022827713,0.00015709400166801716,-4.6172674417149274e-05,-0.5102057613168725
99.992,99.993,99.992,99.993,99.992,0.001,0.0,13128,131270606.0,-0.0040000000000048885,-0.0040000000000048885,-0.007000000000005002,99.9938,99.9956,100.00045,99.99430581319669,99.9961965865877,99.99807842685684,0.000999999999990564,0.0863571428571441,0.000999999999990564,0.0,0.0031153363960223033,0.003533003961608147,0.8817811782481754,46.858858428431105,99.99583333333334,99.99961538461538,99.99678028030225,99.99840447888504,-0.0016241985827889494,-0.00025046173548699043,-0.0003617778560915093,1.206015795664594
99.994,99.996,99.994,99.996,99.993,0.003,0.0,26150,261488922.0,0.001999999999995339,0.0,-0.0040000000000048885,99.9942,99.9956,100.00025,99.99487054213112,99.99616084357176,99.9978804814419,0.0030000000000001137,0.054285714285715665,0.0030000000000001137,0.0,0.0031070980820207183,0.003280646535778994,0.9470993135451984,48.64155140709073,99.99574999999999,99.9995,99.99666023717883,99.99822636933798,-0.0015661321591551314,-0.0005757810855900263,-0.0006026487167042337,0.9919256550883608
99.994,99.999,99.993,99.999,99.996,0.003,0.0,14945,149439733.0,0.009000000000000341,0.001999999999995339,-0.0030000000000001137,99.99600000000001,99.9958,100.0001,99.99624702808742,99.99667705383143,99.99798710225696,0.006000000000000227,0.04085714285714407,0.0030000000000001137,0.0,0.0030994482190192466,0.003046314640366209,1.0174419207881462,50.43227813917271,99.99591666666667,99.9995,99.99702020068978,99.99828367531295,-0.0012634746231725558,-0.0008506900037351292,-0.0007348138979978982,-0.42848948374761
99.999,100.009,99.999,100.006,99.999,0.007,0.01,6483,64826517.0,0.006000000000000227,0.0040000000000048885,0.0049999999999954525,99.99719999999999,99.9962,100.00035,99.99949801872495,99.99837213495299,99.99875023537534,0.010000000000005116,0.037428571428573525,0.007000000000005002,0.0,0.0033780590605182294,0.0028287207374829084,1.1942002671936223,54.42530862148705,99.99675,100.00003846153847,99.99840170827596,99.99885525491939,-0.00045354664342767137,-0.0009588808021747911,-0.0006785604470838529,-0.5662094345935096
100.004,100.004,99.994,100.001,100.006,-0.005,-0.01,18033,180324578.0,0.009000000000000341,0.006000000000000227,0.0030000000000001137,99.999,99.9968,100.0005,99.99999867914997,99.99884992859789,99.99896449867292,0.012000000000000455,0.03814285714285859,0.0,0.0049999999999954525,0.0031367691276240704,0.0029838121133766615,1.0512622807453897,51.24953013631104,99.99708333333332,100.00030769230769,99.99880144546428,99.99901412492537,-0.0002126794610859406,-0.000997263998521526,-0.0005853842498842705,1.7815826006478481
99.999,100.0,99.997,99.999,100.001,-0.002,0.0,25201,252005100.0,0.006000000000000227,0.001999999999995339,-0.0010000000000047748,100.00019999999999,99.997,100.00045,99.99966578609998,99.99887721430736,99.99896787975169,0.0040000000000048885,0.03835714285714431,0.0,0.0020000000000095497,0.002912714189936637,0.0029135398195647253,0.9997166231871815,49.99291457575707,99.99683333333333,100.00038461538462,99.99883199231593,99.99901307863459,-0.00018108631866198266,-0.0009716536493632096,-0.0005045246636398129,0.3974934841679143
99.996,100.0,99.996,100.0,99.999,0.001,0.0,11802,118017877.0,0.0040000000000048885,0.006000000000000227,0.0,100.001,99.9976,100.00045,99.99977719073333,99.99908135716056,99.99906617691819,0.0040000000000048885,0.03842857142857322,0.0010000000000047748,0.0,0.002776091747798647,0.002705429832452959,1.0261185540641504,50.6445465397807,99.99725000000001,100.00038461538462,99.99901168580578,99.99908618392091,-7.449811512572069e-05,-0.0008518799407381847,-0.0004185193539369945,-0.5316852505852943
100.0,100.001,99.999,100.0,100.0,0.0,0.0,9866,98663477.0,0.0010000000000047748,0.010000000000005116,-0.007999999999995566,100.0012,99.9986,100.00005,99.99985146048888,99.99924838313137,99.99915511244978,0.0020000000000095497,0.00692857142857406,0.0,-0.0,0.0025777994800987437,0.002512184844420605,1.0261185540641504,50.6445465397807,99.9975,100.00038461538462,99.99916373414335,99.99915387400084,9.860142512252423e-06,-0.0007483321070209411,-0.00033284345464714517,-0.16403999322148788
100.0,100.012,100.0,100.008,100.0,0.008,0.01,2718,27182846.0,0.001999999999995339,0.007999999999995566,-0.04200000000000159,100.00160000000001,99.9994,99.99795,100.00256764032594,100.00083958619838,99.99999748269266,0.012000000000000455,0.00692857142857406,0.007999999999995566,0.0,0.0029650995172342313,0.002332743069819133,1.2710784807793374,55.968056213678594,99.99866666666668,100.00061538461537,100.00052315965976,99.99980914259338,0.0007140170663859635,-0.0005168598549466373,-0.0001234713504405234,-0.7245084127305899
100.006,100.006,99.998,100.0,100.008,-0.008,-0.01,35024,350238208.0,-0.0010000000000047748,0.007999999999995566,0.0030000000000001137,100.00139999999999,100.00019999999999,99.9981,100.00171176021729,100.00068693416232,99.99999772243622,0.009999999999990905,0.006928571428573045,0.0,0.007999999999995566,0.0027533066945746435,0.0027375471362603068,1.005756817154157,50.143507356049405,99.99950000000001,100.00057692307692,100.00044267355827,99.99982328017906,0.0006193933792104644,-0.0002675718591689247,2.5101595489674148e-05,11.885945548197205
99.999,100.0,99.998,99.999,100.0,-0.001,0.0,6631,66310920.0,0.0,0.006000000000000227,0.001999999999995339,100.0014,100.0008,99.9982,100.00080784014487,100.00038021886007,99.99990270125181,0.001999999999995339,0.00678571428571522,0.0,0.0010000000000047748,0.002556641930676455,0.0026134366265277687,0.9782681947307168,49.45073662592444,99.99941666666666,100.00061538461539,100.00022072378007,99.99976229646208,0.00045842731799439207,-4.262080615231096e-05,0.00011176673999061773,-0.810672681589767
99.999,99.999,99.997,99.998,99.999,-0.001,0.0,10299,102989953.0,-0.001999999999995339,0.0020000000000095497,0.0020000000000095497,100.001,100.001,99.9983,99.99987189342993,99.9999474517946,99.99972149160878,0.001999999999995339,0.006285714285714862,0.0,0.000999999999990564,0.0023740246499138512,0.0024981911532036827,0.9502974369552946,48.725769667156555,99.99991666666665,100.00053846153847,99.99987907396775,99.99963175598342,0.00024731798433208496,0.00012524503912598247,0.00013887698885891117,0.5531594028050069
100.0,100.0,99.798,99.916,99.998,-0.082,-0.08,15291,152902789.0,-0.08400000000000318,-0.08299999999999841,-0.08100000000000307,99.9842,99.9927,99.99425,99.97191459561995,99.98468427874103,99.99174801621747,0.20199999999999818,0.02000000000000008,0.0,0.08200000000000784,0.0022044514606342903,0.008176891785118266,0.2695952837050303,21.234742060341986,99.9935,99.99730769230769,99.98697460104964,99.99343681109575,-0.006462210046109362,-0.0005423842278386499,-0.0011813404181347438,0.4847072531313721
99.991,100.333,99.991,99.998,99.916,0.082,0.08,16885,168850179.0,-0.009999999999990905,-0.007999999999995566,-0.003999999999990678,99.9822,99.9919,99.99404999999999,99.9806097304133,99.98710531896992,99.99234344324438,0.4170000000000016,0.0490714285714284,0.08200000000000784,0.0,0.007904133499160972,0.007592828086181247,1.0409999290707361,51.004407900430536,99.99366666666667,99.99692307692308,99.98867081627276,99.99377482508866,-0.0051040088159055585,-0.0010858652672630518,-0.0019658740976889067,0.10424432672814077
99.998,100.0,99.798,99.984,99.998,-0.014,-0.01,11048,110454694.0,-0.016000000000005343,-0.017000000000010118,-0.01100000000000989,99.97900000000001,99.99019999999999,99.99350000000001,99.98173982027555,99.98654071552083,99.99154882960205,0.20199999999999818,0.0634285714285718,0.0,0.014000000000010004,0.007339552534935188,0.008050483222883301,0.9116909298155781,47.69028903137232,99.99241666666667,99.9943846153846,99.98795222915386,99.99305076397098,-0.005098534817122413,-0.0016322484337586553,-0.0025924062415756083,-0.3456914421083802
99.999,100.004,99.983,99.991,99.984,0.007,0.01,8560,85592647.0,-0.007999999999995566,-0.007999999999995566,-0.006000000000000227,99.9774,99.9894,99.9932,99.98482654685037,99.98735149451704,99.99149656011613,0.021000000000000796,0.06471428571428614,0.007000000000005002,0.0,0.007315298782440175,0.007475448706963065,0.9785765469337355,49.4586144999175,99.99116666666667,99.99415384615385,99.98842111697635,99.9928988555287,-0.004477738552338906,-0.002121497371226787,-0.0029694727037282683,-0.225199131064446
99.992,99.999,99.992,99.997,99.991,0.006,0.01,13519,135185626.0,-0.0010000000000047748,-0.0030000000000001137,0.0030000000000001137,99.97720000000001,99.9891,99.99334999999999,99.98888436456693,99.98910576824122,99.99202069724792,0.007999999999995566,0.06485714285714295,0.006000000000000227,0.0,0.0072213488694087506,0.006941488085037133,1.0403171165812237,50.98801103646034,99.99083333333333,99.99415384615385,99.98974094513385,99.99320264400805,-0.003461698874204444,-0.0025072261508619752,-0.0030679179378235036,0.579322429906542
99.998,100.0,99.993,99.998,99.997,0.001,0.0,9049,90486756.0,0.08200000000000784,-0.001999999999995339,0.008000000000009777,99.9936,99.98889999999999,99.99375,99.99192290971129,99.99072290128827,99.99259015465289,0.007000000000005002,0.06464285714285722,0.0010000000000047748,0.0,0.006776966807308466,0.006445667507534481,1.0513987572872356,51.25277343336226,99.99074999999999,99.99423076923078,99.99101156895941,99.99355800371116,-0.002546434751749871,-0.0028694985750992905,-0.0029636213006087775,-0.3306457578223241
99.998,100.01,99.991,100.003,99.998,0.005,0.01,15501,155014358.0,0.0049999999999954525,-0.0049999999999954525,0.0030000000000001137,99.9946,99.9884,99.99390000000001,99.99561527314087,99.99295510105402,99.99358156849547,0.019000000000005457,0.06514285714285759,0.0049999999999954525,0.0,0.006650040606786109,0.005985262685567733,1.1110691303192683,52.630636977351635,99.991,99.99446153846154,99.99285594296565,99.99425741084366,-0.001401467878011431,-0.003094038714790612,-0.0026511906160893084,0.713006962095259
100.004,100.398,99.997,99.997,100.003,-0.006,-0.01,51838,518382288.0,0.01300000000000523,-0.0030000000000001137,0.0049999999999954525,99.99719999999999,99.9881,99.99414999999999,99.9960768487606,99.99369053722602,99.99390713340067,0.40099999999999625,0.09349999999999982,0.0,0.006000000000000227,0.006175037706301387,0.00598631535088434,1.0315256287641392,50.77591019078892,99.99074999999999,99.99426923076923,99.9934934902017,99.99446056559599,-0.0009670753942856436,-0.0032524279050439495,-0.002314367571728576,2.344171343784272
99.997,100.002,99.997,100.0,99.997,0.003,0.0,36761,367610624.0,0.009000000000000341,0.0010000000000047748,0.007000000000005002,99.999,99.9882,99.99449999999999,99.9973845658404,99.99483771227582,99.99448740641013,0.0049999999999954525,0.09357142857142772,0.0030000000000001137,0.0,0.005948249298708439,0.005558721397249744,1.0700750898671445,51.69257362233275,99.99008333333332,99.99446153846155,99.99449449170913,99.99487089407036,-0.000376402361226269,-0.003321730165661544,-0.0019267745296281146,-0.290848412361588
100.0,100.0,99.993,99.994,100.0,-0.006,-0.01,25618,256167290.0,-0.0030000000000001137,-0.0040000000000048885,-0.001999999999995339,99.99839999999999,99.9878,99.99440000000001,99.99625637722694,99.99468540095293,99.99444098675202,0.007000000000005002,0.09392857142857025,0.0,0.006000000000000227,0.005523374348800693,0.0055902412974462076,0.9880386292670298,49.69916654141222,99.98958333333333,99.99434615384615,99.99441841606158,99.99480638339848,-0.0003879673369056036,-0.0026468143090833487,-0.0016190130910836125,-0.3031201545115748
99.996,99.996,99.971,99.993,99.994,-0.001,0.0,5163,51626972.0,-0.005000000000009663,0.07699999999999818,-0.006000000000000227,99.9974,99.9955,99.9941,99.9951709181513,99.99437896441603,99.9943037499185,0.024999999999991473,0.09485714285714104,0.0,0.0010000000000047748,0.005128847609600644,0.005262366919057533,0.9746275180901293,49.35753751840724,99.98908333333334,99.99430769230769,99.99420019820595,99.99467257722081,-0.00047237901486596456,-0.002132188775634505,-0.001389686275840083,-0.7984620188929659
99.995,100.009,99.995,100.007,99.993,0.014,0.01,15809,158093546.0,0.0040000000000048885,0.009000000000000341,0.0010000000000047748,99.9982,99.9964,99.99415,99.99911394543422,99.99667369815856,99.99551291659293,0.016000000000005343,0.0952857142857135,0.014000000000010004,0.0,0.005762501351772742,0.004886483567696281,1.1792736580283758,54.11315158534443,99.98983333333335,99.99496153846152,99.99616939848195,99.9955857196489,0.0005836788330526588,-0.0015008317033928303,-0.0009950132540615347,2.0619794693007942
99.996,99.996,99.99,99.992,100.007,-0.015,-0.01,29303,293002288.0,-0.0049999999999954525,0.008000000000009777,-0.009000000000000341,99.99719999999999,99.9972,99.9937,99.99674263028948,99.995823934857,99.99517835310789,0.017000000000010118,0.09635714285714313,0.0,0.015000000000000568,0.005350894112360403,0.005608877598575159,0.9540044364169594,48.82304352216871,99.99616666666667,99.99465384615384,99.99552795256164,99.99532011078601,0.0002078417756337103,-0.0009802116669514287,-0.0007544422481224857,0.8535644253273451
99.99,99.994,99.988,99.993,99.992,0.001,0.0,52108,521031504.0,-0.007000000000005002,0.001999999999995339,-0.006000000000000227,99.9958,99.9974,99.9934,99.99549508685965,99.99531049215572,99.99497089090714,0.006000000000000227,0.09664285714285777,0.000999999999990564,0.0,0.005040115961476843,0.005208243484391219,0.9677189587202971,49.179734455048994,99.99575,99.9946923076923,99.99513903678293,99.99514825072778,-9.213944849761901e-06,-0.0005966022303564639,-0.000605396587467941,0.7782479609596287
99.998,99.998,99.991,99.994,99.993,0.001,0.0,42841,428382016.0,0.0,-0.0030000000000001137,-0.006000000000000227,99.9958,99.9971,99.9931,99.99499672457311,99.99507222085467,99.99487842510646,0.007000000000005002,0.08271428571428682,0.0010000000000047748,0.0,0.004751536249943123,0.00483622609264899,0.9824884442779476,49.55834406569692,99.99658333333332,99.99473076923078,99.9949638003548,99.99506319511832,-9.939476352371912e-05,-0.00032470889833133596,-0.0005041962226790966,-0.177842173946419
100.0,100.008,100.0,100.005,99.994,0.011,0.01,34240,342415200.0,0.012000000000000455,0.006999999999990791,0.0049999999999954525,99.9982,99.9978,99.99334999999999,99.99833114971541,99.99687727160835,99.99584238462013,0.013999999999995794,0.05392857142857212,0.01099999999999568,0.0,0.005197855089232591,0.00449078137174549,1.1574500424215204,53.64898466535982,99.99775,99.99507692307692,99.99650783106944,99.99579925473918,0.0007085763302541181,-9.025954185738606e-05,-0.00026164171209245364,-0.20076562171751355
99.992,99.996,99.991,99.995,100.005,-0.01,-0.01,34079,340766256.0,-0.012000000000000455,-0.007999999999995566,-0.012999999999991019,99.9958,99.997,99.99269999999999,99.99722076647694,99.99653594949774,99.99576215751347,0.013999999999995794,0.04050000000000052,0.0,0.009999999999990905,0.004826579725715978,0.004884296988048735,0.9881830972862659,49.70282156784595,99.99758333333334,99.99492307692307,99.99627585705875,99.99574005068443,0.0005358063743159391,7.672732132056758e-05,-0.00010215209481077508,-0.004702102803738284
99.993,100.001,99.992,100.001,99.995,0.006,0.01,64700,646964912.0,0.009000000000000341,0.0040000000000048885,0.0010000000000047748,99.9976,99.9974,99.99275,99.99848051098465,99.9973475950436,99.99626099965504,0.009000000000000341,0.03964285714285763,0.006000000000000227,0.0,0.004910395459593425,0.004535418631759539,1.0826774457396475,51.98488359080216,99.99783333333335,99.99473076923076,99.99700264828049,99.99612967655966,0.0008729717208240118,0.00021554666377059876,9.28726683161823e-05,0.8985298864403297
99.998,100.002,99.8,99.918,100.001,-0.083,-0.08,70231,702310080.0,-0.07499999999998863,-0.08199999999999363,-0.08099999999998886,99.9826,99.9892,99.98870000000001,99.97165367398978,99.98292075958113,99.98880757111647,0.20199999999999818,0.05350000000000067,0.0,0.08299999999999841,0.004559652926765323,0.010140031586633744,0.44966851314109396,31.0187128343408,99.99074999999999,99.99153846153847,99.98484839469887,99.99034229311079,-0.005493898411913278,-0.00035177901123025396,-0.0010244815477297097,0.08548686244204018
99.991,99.995,99.98,99.983,99.918,0.065,0.07,62200,621941968.0,-0.01099999999999568,-0.01099999999999568,-0.015000000000000568,99.9804,99.9881,99.98795,99.97543578265987,99.98293516693,99.98825446910537,0.07699999999999818,0.058500000000000184,0.06499999999999773,0.0,0.008876820574853353,0.009415743616159905,0.9427636240666517,48.526934125584994,99.98958333333333,99.99092307692308,99.98456402628366,99.98979841954703,-0.005234393263364723,-0.0008808917055078938,-0.0018664638908567122,-0.11435121242756052
99.99,100.003,99.99,99.999,99.983,0.016,0.02,68363,683610032.0,-0.006000000000000227,0.006000000000000227,0.08299999999999841,99.9792,99.9887,99.9921,99.98329052177326,99.98585604567,99.98927785300009,0.01999999999999602,0.05857142857142809,0.015999999999991132,0.0,0.009385619105220337,0.008743190500719911,1.0734775943001045,51.77184442460557,99.9895,99.99088461538462,99.98678494531694,99.99048001809909,-0.0036950727821505325,-0.0013563085516415817,-0.0022321856691154764,0.09908360128617355
99.994,99.999,99.991,99.994,99.999,-0.005,-0.01,50962,509596736.0,-0.0010000000000047748,-0.01300000000000523,-0.0040000000000048885,99.979,99.98740000000001,99.99190000000002,99.98686034784885,99.98733676463908,99.9897275812858,0.007999999999995566,0.030499999999999465,0.0,0.0049999999999954525,0.008715217740561741,0.008475819750668164,1.0282448184288848,50.6962872078422,99.9895,99.99065384615385,99.98789495372972,99.99074075749917,-0.00284580376944632,-0.0016956025010949184,-0.0023549092891816453,-0.2545382736275471
99.994,100.0,99.994,99.999,99.994,0.005,0.01,126890,1268880144.0,-0.0020000000000095497,0.006999999999990791,0.015000000000000568,99.9786,99.9881,99.99265,99.99090689856591,99.98945735288652,99.99061066878238,0.006000000000000227,0.030571428571428378,0.0049999999999954525,0.0,0.008449845044807006,0.007870404054191867,1.073622775479554,51.775221037069485,99.99,99.9903076923077,99.98960342238668,99.99135255323996,-0.0017491308532839867,-0.0018889266020320544,-0.0022337536020021137,1.4898944311447746
99.997,100.003,99.995,100.001,99.999,0.002,0.0,25423,254234858.0,0.08299999999999841,0.008000000000009777,0.010000000000005116,99.9952,99.9889,99.99315,99.99427126571061,99.99155601599806,99.99160012889834,0.007999999999995566,0.030642857142856274,0.0020000000000095497,0.0,0.007989141827321473,0.007308232336035306,1.093170203132261,52.225576376752336,99.9895,99.99034615384616,99.9913567420195,99.9920671789259,-0.0007104369063881677,-0.0019568201734614377,-0.0019290902628793247,-0.7996453621246749
99.998,100.002,99.992,99.993,100.001,-0.008,-0.01,160286,1602851264.0,0.009999999999990905,-0.0010000000000047748,-0.0040000000000048885,99.99719999999999,99.9888,99.99295000000001,99.99384751047376,99.99181855854386,99.99173344995565,0.009999999999990905,0.029571428571427662,0.0,0.008000000000009777,0.007418488839655654,0.007357644312033482,1.008269566323376,50.20588785644239,99.98958333333333,99.99011538461538,99.99160955093959,99.99213627678323,-0.0005267258436418842,-0.0020940759705609935,-0.0016486173790318367,5.304763403217559
99.996,100.222,99.996,100.062,99.993,0.069,0.07,141716,1417211056.0,0.06300000000000239,0.05700000000000216,0.06399999999999295,100.0098,99.99449999999999,99.99615,100.01656500698252,100.00457882062679,99.99842550234081,0.2289999999999992,0.04478571428571294,0.06900000000000261,0.0,0.011817168208251867,0.006832098289745377,1.7296543034207836,63.36532436555036,99.99533333333333,99.99257692307691,100.00243885079503,99.99731136739189,0.005127483403143174,-0.001583889634024634,-0.0002933972225968348,-0.1158554084573824
100.0,100.001,99.993,100.0,100.062,-0.062,-0.06,148882,1488785136.0,0.006000000000000227,0.0049999999999954525,-0.0030000000000001137,100.011,99.995,99.996,100.01104333798835,100.00374630778555,99.99857545449882,0.06900000000000261,0.048499999999998114,0.0,0.06199999999999761,0.010973084764805305,0.010772662697620537,1.0186046915985811,50.46083048543417,99.99583333333334,99.9958076923077,100.00206364298042,99.99751052536286,0.004553117617561497,-0.0011749845343871357,0.0006759057454348317,0.05056592057354137
100.0,100.0,99.997,99.998,100.0,-0.002,0.0,97541,975391728.0,-0.000999999999990564,-0.0030000000000001137,0.0010000000000047748,100.01079999999999,99.9947,99.99605,100.00669555865892,100.0027015245518,99.99852064930846,0.0030000000000001137,0.04828571428571239,0.0,0.001999999999995339,0.010189292995890642,0.010146043933504451,1.0042626527806935,50.10633967496176,99.99525,99.9958076923077,100.00143846713726,99.99754678274338,0.003891684393877881,-0.0001321420004103402,0.0013190614751234417,-0.34484356738893884
99.998,100.004,99.997,100.001,99.998,0.003,0.0,100656,1006543696.0,0.0,0.08299999999999841,0.0010000000000047748,100.0108,100.003,99.9961,100.00479703910597,100.00239215645146,99.99875677794574,0.007000000000005002,0.04828571428571239,0.0030000000000001137,0.0,0.009675772067612748,0.009421326509682705,1.0270074025848206,50.6661890467292,99.99575,99.99646153846155,100.00137101065461,99.99780257661425,0.0035684340403605574,0.000845949922225802,0.0017689359881708651,0.03193528875037166
99.999,100.012,99.999,100.003,100.001,0.002,0.0,36601,366019296.0,0.010000000000005116,0.01999999999999602,0.009000000000000341,100.0128,100.005,99.99655,100.00419802607065,100.00250267346028,99.99916089433187,0.01300000000000523,0.048214285714284495,0.001999999999995339,0.0,0.009127502634211504,0.00874837461613394,1.0433369665467191,51.060445909221706,99.99591666666667,99.99692307692308,100.00162162440006,99.99818757093911,0.0034340534609498263,0.0016380750603480641,0.0021019594827266577,-0.6363753775234462
100.005,100.198,100.003,100.032,100.003,0.029,0.03,34191,341966768.0,-0.030000000000001137,0.03300000000000125,0.03900000000000148,100.0068,100.0083,99.9985,100.01346535071377,100.00786582374022,100.00228842820502,0.19499999999999318,0.061142857142855736,0.028999999999996362,0.0,0.010546966731767565,0.008123490714981517,1.2983293884138527,56.49013561584701,100.00541666666668,99.99826923076922,100.00629522064621,100.00069219531399,0.005603025332220568,0.002576833849422163,0.00280217265262544,-0.06584519548646217
99.998,100.032,99.974,99.996,100.032,-0.036,-0.04,34605,346046976.0,-0.0040000000000048885,0.001999999999995339,-0.01100000000000989,100.006,100.0085,99.99794999999999,100.00764356714252,100.00570840124199,100.00168953028073,0.057999999999992724,0.0646428571428552,0.0,0.036000000000001364,0.009793611965212739,0.010114669949625793,0.9682581847937676,49.193657228216786,100.0065,99.9981923076923,100.00471134054679,100.00034462529072,0.004366715256068687,0.0032563723060169045,0.0031150811733140897,0.01210844959199786
99.996,100.002,99.992,100.002,99.996,0.006,0.01,22153,221523257.0,0.003999999999990678,0.0030000000000001137,0.009999999999990905,100.0068,100.0088,99.99845,100.00576237809503,100.0050341464707,100.00171909882542,0.009999999999990905,0.05092857142856896,0.006000000000000227,0.0,0.009522639681983273,0.009392193524652523,1.0138887850839484,50.34482502675462,100.00675000000001,99.99815384615385,100.0042942112319,100.00046724563957,0.0038269655923244272,0.0037605281392071926,0.0032574580571161573,-0.3598323941626933
99.995,100.009,99.995,100.003,100.002,0.001,0.0,12922,129224188.0,0.001999999999995339,0.001999999999995339,0.010000000000005116,100.00719999999998,100.009,99.99895000000001,100.00484158539669,100.00466430165784,100.00184108941347,0.013999999999995794,0.046428571428568786,0.0010000000000047748,0.0,0.008913879704699096,0.008721322558605915,1.0220788928283786,50.54594538587699,100.0075,99.9983846153846,100.0040951018116,100.00065485707367,0.0034402447379306977,0.0042013026482708125,0.0032940153932790655,-0.41669299869092224
100.004,100.008,100.002,100.005,100.003,0.002,0.0,2552,25520536.0,0.001999999999995339,0.012000000000000455,0.01099999999999568,100.0076,100.0102,99.9995,100.00489439026447,100.00472533772005,100.00214193804077,0.006000000000000227,0.04542857142856909,0.001999999999995339,0.0,0.008420031154363112,0.00809837094727692,1.0397191248931799,50.97364201787488,100.008,99.99857692307691,100.00423431691752,100.00097671951266,0.0032575974048540957,0.0039935375373498045,0.0032867317955940717,-0.8025073518031265
99.995,100.046,99.995,100.002,100.005,-0.003,0.0,5905,59051447.0,-0.030000000000001137,-0.060000000000002274,-0.0030000000000001137,100.0016,100.0042,99.99935,100.00392959350964,100.00422982177093,100.00212842013212,0.05100000000000193,0.048499999999998114,0.0,0.0030000000000001137,0.00781860035762289,0.007734201593900006,1.0109124080486147,50.271329770628945,100.00808333333333,99.99888461538461,100.00389057585328,100.00105251806728,0.002838057785993442,0.0038029753338422426,0.0031969969936739458,1.313871473354232
100.0,100.016,99.993,100.001,100.002,-0.001,0.0,10055,100553829.0,0.005000000000009663,0.0010000000000047748,0.006000000000000227,100.0026,100.00429999999999,99.99965,100.00295306233977,100.00364258144894,100.0020209515481,0.023000000000010346,0.04971428571428455,0.0,0.000999999999990564,0.007260128903506969,0.007253187194335046,1.0009570563927186,50.023914965832496,100.00875,99.99919230769231,100.00344587187585,100.00104862784008,0.00239724403577668,0.0036369264051643313,0.003037046402094493,0.7027942421676545
100.015,100.017,100.001,100.002,100.001,0.001,0.0,29239,292398064.0,0.0,0.003999999999990678,0.000999999999990564,100.0026,100.0047,99.99969999999999,100.00263537489317,100.0033439302764,100.00201895616257,0.015999999999991132,0.05028571428571281,0.000999999999990564,0.0,0.006812976838970083,0.006735102394739686,1.011562473688777,50.287400312941166,100.00375000000001,99.99900000000001,100.00322343004879,100.00111909985193,0.002104330196857518,0.00347424820033066,0.0028505031610470983,1.907906514172054
100.002,100.003,99.998,100.0,100.002,-0.002,0.0,15951,159513354.0,-0.0030000000000001137,-0.0010000000000047748,0.08199999999999363,100.002,100.00460000000001,100.0038,100.00175691659545,100.00273594295342,100.00182667462327,0.0049999999999954525,0.049928571428570274,0.0,0.001999999999995339,0.006326335636186506,0.006396880795115091,0.988971944110252,49.722769948505196,100.00375000000001,99.9993076923077,100.00272751773359,100.0010362035666,0.0016913141669903098,0.003280610501001825,0.002618665362235741,-0.45446150689148057
100.01,100.01,99.998,100.001,100.0,0.001,0.0,24857,248567553.0,-0.003999999999990678,-0.001999999999995339,0.018000000000000682,100.0012,100.0044,100.0047,100.00150461106364,100.00242031696189,100.00174794370677,0.012000000000000455,0.034428571428570365,0.0010000000000047748,0.0,0.005945883090744954,0.005939960738321156,1.0009970356176918,50.02491347063351,100.004,99.99961538461538,100.00246174577458,100.00103352182093,0.0014282239536527186,0.0028167436811609528,0.0023805770805191365,0.5583349006331892
100.0,100.0,99.996,99.998,100.001,-0.003,0.0,13429,134287091.0,-0.003999999999990678,-0.033999999999991815,-0.000999999999990564,100.0004,100.001,100.00465,100.00033640737577,100.00161662296881,100.00139099668708,0.005000000000009663,0.029857142857142298,0.0,0.0030000000000001137,0.005521177155691743,0.005729963542726796,0.9635623533242071,49.072154581337685,100.00375000000001,99.99976923076922,100.00177532334772,100.00080881650086,0.0009665068468507343,0.0024389427468034025,0.002097763033785456,-0.4597497686768315
99.996,99.997,99.993,99.994,99.998,-0.004,0.0,29814,298128368.0,-0.007000000000005002,-0.001999999999995339,0.0,99.999,100.0008,100.00465,99.99822427158385,100.00023178242901,100.0006870922407,0.005000000000009663,0.03000000000000012,0.0,0.0040000000000048885,0.005126807358856619,0.00560639471824666,0.9144570827613745,47.76587007332544,100.00299999999999,99.99934615384616,100.00057911975577,100.00030445972303,0.00027466003274412287,0.0020442421290722576,0.0017331424335771896,1.2201206344478366
99.992,99.999,99.992,99.996,99.994,0.002,0.0,35514,355129680.0,-0.006000000000000227,-0.006000000000000227,-0.0030000000000001137,99.99780000000001,100.00019999999999,100.00450000000001,99.99748284772257,99.99946236744192,100.00024070250349,0.006999999999990791,0.029999999999999107,0.001999999999995339,0.0,0.004903463976080814,0.005205937952657613,0.9418982747532771,48.50399668195532,100.0,99.99938461538461,99.99987463979335,99.99998561085465,-0.00011097106130364409,0.0016496625958239974,0.001364319734601023,0.19118534916482188
99.996,100.0,99.992,99.996,99.996,0.0,0.0,28713,287121712.0,-0.0040000000000048885,-0.007000000000005002,-0.005000000000009663,99.997,99.9995,100.00424999999998,99.99698856514838,99.99883284608885,99.99983682607458,0.007999999999995566,0.02964285714285556,0.0,-0.0,0.004553216549217898,0.004834085241753498,0.941898274753277,48.503996681955314,100.0,99.99919230769231,99.9992785413636,99.99969038042097,-0.00041183905737796067,0.0012419474333537689,0.0010090879762052263,-0.1915019428957594
99.998,100.002,99.996,100.0,99.996,0.004,0.0,35882,358820960.0,-0.0010000000000047748,-0.0049999999999954525,0.007000000000005002,99.9968,99.999,100.0046,99.9979923767656,99.99904505589087,99.99985236644842,0.006000000000000227,0.016142857142856064,0.0040000000000048885,0.0,0.004513701081416969,0.004488793438771106,1.005548850261348,50.138337449636914,99.99983333333331,100.00234615384616,99.99938953499996,99.9997133152046,-0.0003237802046385241,0.0008906321010613283,0.0007425143400364763,0.2496778462717235
99.994,99.997,99.992,99.995,100.0,-0.005,-0.01,6719,67189279.0,-0.0030000000000001137,-0.006999999999990791,-0.06699999999999307,99.9962,99.9983,100.00125,99.99699491784374,99.99830959118344,99.99939023631049,0.007999999999995566,0.012571428571427694,0.0,0.0049999999999954525,0.004191293861315757,0.004525308193144274,0.9261897051929988,48.08403360769687,99.99916666666667,100.00280769230768,99.99871422192304,99.999364180745,-0.000649958821966834,0.0005520540057564934,0.0004640197076358143,-0.8127473384984114
99.992,100.0,99.991,99.994,99.995,-0.001,0.0,12555,125547050.0,0.0,-0.007000000000005002,-0.006000000000000227,99.9962,99.9976,100.00095,99.99599661189583,99.9975260291501,99.9988768804714,0.009000000000000341,0.012499999999999798,0.0,0.0010000000000047748,0.0038919157283646318,0.004273500465062881,0.9107090920387593,47.66340914131607,99.99825,100.0026153846154,99.99798895701181,99.99896683402315,-0.0009778770113371138,0.0002095865381793121,0.00017564036384122868,0.8685816341717518
99.995,99.997,99.993,99.996,99.994,0.002,0.0,28020,280186784.0,0.0,-0.006000000000000227,-0.0020000000000095497,99.9962,99.997,100.00085,99.99599774126389,99.99724856930462,99.99860289185507,0.0040000000000048885,0.011785714285714732,0.001999999999995339,0.0,0.003756778890623968,0.003968250431844104,0.946709124121014,48.631257355845385,99.99775,100.0026923076923,99.99768296362538,99.99874706853996,-0.0010641049145760917,-9.657113755028806e-05,-7.230869184223542e-05,1.2317801672640383
99.994,99.998,99.993,99.995,99.996,-0.001,0.0,54985,549830752.0,-0.000999999999990564,-0.0049999999999954525,-0.006000000000000227,99.99600000000001,99.9965,100.00055,99.9956651608426,99.99683973852196,99.99825975929744,0.005000000000009663,0.011714285714286834,0.0,0.000999999999990564,0.0034884375412936844,0.0037562325438545655,0.9287064899645229,48.15177917411403,99.99725,100.00253846153848,99.9972701999907,99.99846950790737,-0.0011993079166785492,-0.00038851912314265117,-0.0002977085368094982,0.9623483226266951
100.0,100.0,99.997,99.998,99.995,0.003,0.0,9634,96338401.0,-0.001999999999995339,-0.0030000000000001137,-0.0049999999999954525,99.9956,99.9962,100.0003,99.99644344056175,99.99705069515431,99.99823502031674,0.0049999999999954525,0.008428571428572087,0.0030000000000001137,0.0,0.0034535491454870007,0.0034879302192935254,0.9901428435648324,49.752350529334095,99.99691666666666,100.00242307692308,99.99738247691519,99.99843472954387,-0.0010522526286820266,-0.0006128257315351801,-0.0004486173551840039,-0.8247885787032827
99.998,99.998,99.99,99.992,99.998,-0.006,-0.01,12080,120791625.0,-0.0030000000000001137,-0.006000000000000227,-0.03999999999999204,99.995,99.9956,99.9983,99.99496229370783,99.99613238694444,99.997641208858,0.008000000000009777,0.007357142857143474,0.0,0.006000000000000227,0.003206867063666501,0.00366736377505829,0.8744338604957536,46.65055827920659,99.99624999999999,100.00238461538461,99.99655440354363,99.99795808291098,-0.0014036793673568582,-0.0007993078871019558,-0.0006396297576185747,0.2538924641893294
99.994,99.995,99.982,99.995,99.992,0.003,0.0,44579,445732768.0,0.0010000000000047748,0.0010000000000047748,-0.000999999999990564,99.9952,99.99570000000001,99.99825000000001,99.99497486247189,99.99592649840909,99.99738966515724,0.01300000000000523,0.007142857142858767,0.0030000000000001137,0.0,0.0031920908448331876,0.0034054092196969836,0.9373589600832827,48.383339349925514,99.99575,99.99980769230768,99.9963152645369,99.99773896565833,-0.0014237011214248696,-0.0009451667826709809,-0.0007964440303798337,2.6903145695364237
99.992,99.992,99.98,99.987,99.995,-0.008,-0.01,18296,182935320.0,-0.009000000000000341,-0.009000000000000341,-0.015000000000000568,99.9934,99.9948,99.99749999999999,99.99231657498126,99.99430349869834,99.9964001732375,0.015000000000000568,0.007857142857144847,0.0,0.008000000000009777,0.0029640843559165316,0.003733594275433612,0.793895677261903,44.25539831132537,99.99483333333332,99.9993076923077,99.99488214691584,99.99694348672068,-0.0020613398048396903,-0.001128444643500062,-0.0010494231852718051,-0.5895825388635905
99.985,99.992,99.984,99.988,99.987,0.001,0.0,22122,221192788.0,-0.007000000000005002,-0.007999999999995566,-0.015000000000000568,99.992,99.994,99.99674999999999,99.99087771665418,99.99315740802591,99.99560015673869,0.008000000000009777,0.007571428571431227,0.0010000000000047748,0.0,0.002823792616208549,0.003466908970045497,0.8144986328185858,44.88835748271515,99.99433333333333,99.99892307692309,99.99382335508263,99.99628100622286,-0.002457651140232997,-0.00136554141412167,-0.0013310687762640434,0.20911674682990822
99.992,99.996,99.99,99.994,99.988,0.006,0.01,8168,81675311.0,-0.0040000000000048885,-0.006000000000000227,-0.01099999999999568,99.9912,99.9934,99.9962,99.99191847776946,99.99331060656664,99.99544776085882,0.007999999999995566,0.007785714285715934,0.006000000000000227,0.0,0.003050664572193669,0.003219272615042247,0.9476254225688291,48.655424784862085,99.99416666666666,99.99865384615383,99.99385053122377,99.99611204279894,-0.002261511575170516,-0.0015446028311443013,-0.0015171573360453381,-0.630774794322394
99.992,100.004,99.984,99.998,99.994,0.004,0.0,19267,192660024.0,0.006000000000000227,0.0030000000000001137,-0.003999999999990678,99.9924,99.9937,99.996,99.99394565184632,99.99416322355451,99.99569083125323,0.020000000000010232,0.008857142857144546,0.0040000000000048885,0.0,0.0031184742456087564,0.002989324571110658,1.043203630594758,51.05725219816153,99.99433333333333,99.99846153846154,99.99448891103549,99.99625189148051,-0.0017629804450223219,-0.0016318365459982134,-0.001566321957840735,1.358839373163565
100.036,100.036,100.0,100.027,99.998,0.029,0.03,9209,92096478.0,0.031999999999996476,0.03300000000000125,0.02599999999999625,99.9988,99.997,99.9973,100.00496376789755,100.00013354654459,99.99867265684816,0.0379999999999967,0.011071428571430683,0.028999999999996362,0.0,0.004967154656636443,0.002775801387459897,1.7894488701808118,64.15062449468091,99.99658333333333,99.99826923076922,99.99949061703002,99.99852952914861,0.0009610878814072521,-0.0014068151242222864,-0.0010608399899911375,-0.5220324907873566
100.027,100.1,100.008,100.029,100.027,0.002,0.0,9073,90748683.0,0.04200000000000159,0.03300000000000125,0.027000000000001023,100.00720000000001,100.0003,99.99865,100.01297584526503,100.00538199262739,100.00156097524358,0.09199999999999875,0.01707142857143091,0.001999999999995339,0.0,0.004755215038304936,0.0025775298597841903,1.8448729198051181,64.84904499465296,99.99941666666666,99.99953846153845,100.00403052210233,100.00078660106354,0.0032439210387877893,-0.0009131230180593598,-0.00019988778423535216,-0.014768161581061978
99.999,100.03,99.999,100.019,100.029,-0.01,-0.01,4904,49042229.0,0.03100000000000591,0.02400000000000091,0.019000000000005457,100.0134,100.0027,99.9996,100.01498389684338,100.00785799396786,100.00322183474418,0.03100000000000591,0.0188571428571456,0.0,0.009999999999990905,0.0044155568212831545,0.003107706298370384,1.4208410954402544,58.6920429480672,100.00150000000001,100.00019230769232,100.00633351870198,100.0021357417255,0.004197776976482714,-0.0003297863952632775,0.0006796451679082613,-0.4594952055549433
100.019,100.108,100.001,100.091,100.019,0.072,0.07,6218,62194562.0,0.0969999999999942,0.09299999999998931,0.0899999999999892,100.0328,100.012,100.00410000000001,100.04032259789558,100.02297472233734,100.01158166000664,0.10699999999999932,0.02592857142857444,0.07199999999998852,0.0,0.009243017048333538,0.002885727277058214,3.2030112900191012,76.20753476502188,100.00941666666667,100.00357692307693,100.01935913120937,100.00871827937546,0.01064085183391228,0.0010084948493221822,0.002671886501109065,0.26794453507340954
100.07,100.07,99.999,100.001,100.091,-0.09,-0.09,32621,326221632.0,0.0030000000000001137,0.009000000000000341,0.0030000000000001137,100.0334,100.01289999999999,100.00425,100.02721506526373,100.018979318276,100.01057388286316,0.09199999999999875,0.031857142857145755,0.0,0.0899999999999892,0.008582801544881143,0.009108175328696141,0.9423184375733568,48.51513631053444,100.00991666666668,100.00342307692307,100.01653464948485,100.00814655497727,0.00838809450758049,0.002098694363656111,0.00381512810240335,4.246220649726601
100.001,100.003,99.994,100.0,100.001,-0.001,0.0,19899,198986036.0,-0.027000000000001023,0.0049999999999954525,0.006000000000000227,100.02799999999999,100.0134,100.00455000000001,100.01814337684249,100.0155285331349,100.00956684639999,0.009000000000000341,0.03221428571428829,0.0,0.0010000000000047748,0.007969744291675348,0.00852901994807533,0.9344267383820354,48.30509834472174,100.01008333333334,100.00334615384615,100.01399085725642,100.00754310646043,0.00644775079598503,0.0030441488748588577,0.004341652641119686,-0.3899941755310996
100.0,100.004,99.992,99.997,100.0,-0.003,0.0,8642,86419053.0,-0.031999999999996476,0.010000000000005116,0.0010000000000047748,100.02159999999999,100.0144,100.0046,100.01109558456167,100.01215970892855,100.0083700038857,0.012000000000000455,0.03271428571428763,0.0,0.0030000000000001137,0.007400476842269966,0.008134089951784244,0.9098100569500885,47.63877191028248,100.0105,100.00319230769232,100.01137687921697,100.00676213561151,0.004614743605458216,0.0038299705132689927,0.004396270833987392,-0.5657068194381627
99.99,100.0,99.981,99.992,99.997,-0.005,-0.01,37843,378416896.0,-0.027000000000001023,0.0040000000000048885,-0.003999999999990678,100.0162,100.01480000000001,100.0044,100.00473038970779,100.00849430730517,100.00681095589658,0.019000000000005457,0.03371428571428835,0.0,0.0049999999999954525,0.006871871353536397,0.00791022638379933,0.8687325773141521,46.48779541065975,100.01025,100.00280769230768,100.00839582087589,100.00566864408472,0.0027271767911685174,0.004384269220639996,0.0040624520254236175,3.378963202962277
99.986,100.001,99.98,99.998,99.992,0.006,0.01,25674,256734833.0,-0.09299999999998931,0.0040000000000048885,-0.001999999999995339,99.9976,100.01520000000001,100.0043,100.00248692647187,100.0065862514315,100.00597181723977,0.021000000000000796,0.03464285714285913,0.006000000000000227,0.0,0.0068095948282838135,0.00734521021352795,0.9270796383393257,48.10800861028468,100.01116666666667,100.00273076923077,100.00679646381806,100.00510059637475,0.0016958674433169563,0.004768585652677694,0.0035891351090022853,-0.32156541500409586
99.996,100.0,99.988,99.996,99.998,-0.002,0.0,47557,475561872.0,-0.005000000000009663,-0.0020000000000095497,0.000999999999990564,99.9966,100.015,100.00435,100.00032461764792,100.00466147844395,100.00502212035978,0.012000000000000455,0.03457142857143022,0.0,0.0020000000000095497,0.006323195197692113,0.006963409483990922,0.9080602271386337,47.59075286110751,100.01183333333334,100.00253846153845,100.00513546938451,100.00442647812476,0.0007089912597564307,0.004740574916938713,0.0030131063391531147,0.8523408896159539
99.995,100.002,99.995,99.997,99.996,0.001,0.0,39818,398171168.0,-0.0030000000000001137,-0.030000000000001137,0.0030000000000001137,99.99600000000001,100.012,100.00450000000001,99.99921641176527,100.00326848236323,100.00425810889695,0.006999999999990791,0.03400000000000095,0.0010000000000047748,0.0,0.005942966969285875,0.006466023092277285,0.9191069819072988,47.8924307280591,100.01208333333335,100.0025,100.00388385870997,100.00387636863404,7.490075930149942e-06,0.004380971476621198,0.0024119830865085216,-0.1627310385432218
99.995,100.0,99.991,99.992,99.997,-0.005,-0.01,48957,489550656.0,-0.0049999999999954525,-0.03699999999999193,-0.003999999999990678,99.995,100.0083,100.0043,99.99681094117685,100.00121966738809,100.00309066995437,0.009000000000000341,0.03407142857142885,0.0,0.0049999999999954525,0.0055184693286225986,0.006361307157114297,0.8675055601506219,46.452636000754616,100.01158333333335,100.00242307692308,100.00205557275459,100.00299663762411,-0.000941064869522279,0.00380998904928731,0.0017413734953023615,0.22951931287357485
99.99,99.99,99.948,99.961,99.992,-0.031,-0.03,60206,601870896.0,-0.03100000000000591,-0.058000000000006935,-0.034000000000006025,99.9888,100.00250000000001,100.0026,99.98487396078457,99.99390700059024,99.99908203472063,0.04400000000001114,0.03664285714285853,0.0,0.03100000000000591,0.005124292948006699,0.008121213788749413,0.6309762409044756,38.687028362507654,100.00608333333334,100.00107692307691,99.99573933079235,99.99988577557788,-0.0041464447855332764,0.0021669560915711372,0.0005638098391352339,0.22977306616009963
99.961,99.963,99.932,99.959,99.961,-0.002,0.0,90371,903312208.0,-0.03900000000000148,-0.1319999999999908,-0.03900000000000148,99.98100000000001,99.9893,100.00065,99.97624930718972,99.98756027321019,99.99526469808058,0.0309999999999917,0.03742857142857149,0.0,0.001999999999995339,0.004758272023149078,0.0076839842324098375,0.6192454173811855,38.242838962774066,100.00025000000001,99.99965384615385,99.99008712605507,99.99685719960915,-0.006770073554079659,0.0004827151958311207,-0.0009029668395077447,0.5010297976945819
99.961,99.963,99.937,99.94,99.959,-0.019,-0.02,165769,1656925520.0,-0.055999999999997385,-0.06100000000000705,-0.05200000000000671,99.96979999999999,99.98320000000001,99.99805,99.96416620479316,99.97891295080834,99.99000139350147,0.02599999999999625,0.0365714285714286,0.0,0.019000000000005457,0.004418395450067001,0.008492271072952383,0.5202843164226649,34.22282995373722,99.99366666666667,99.99734615384615,99.9823814143543,99.99264555519366,-0.010264140839367997,-0.0013741616525414378,-0.002775201639479795,0.8343163182879463
99.942,99.983,99.942,99.979,99.94,0.039,0.04,203423,2033290480.0,-0.018000000000000682,-0.021000000000000796,-0.016000000000005343,99.96619999999999,99.9811,99.99725,99.96911080319543,99.97892877793409,99.98895364173943,0.043000000000006366,0.03307142857142915,0.03900000000000148,0.0,0.006888510060776607,0.007885680282027213,0.8735467092771534,46.62529655394515,99.98433333333332,99.99673076923077,99.98186119676133,99.99163477332746,-0.009773576566132647,-0.0029728638938293114,-0.004174876624810366,0.22714741598248156
99.99,99.99,99.981,99.984,99.979,0.005,0.01,82426,824142592.0,-0.008000000000009777,-0.01300000000000523,-0.0030000000000001137,99.96459999999999,99.9798,99.9971,99.97407386879695,99.9798508183097,99.98848186633568,0.01099999999999568,0.03164285714285699,0.0049999999999954525,0.0,0.006753616485006525,0.007322417404739556,0.922320609671218,47.97954123942759,99.98291666666665,99.99634615384615,99.98219024341343,99.99106923456247,-0.008878991149046556,-0.004262438109408764,-0.005115699529657604,-0.5948049138986251
99.979,99.982,99.81,99.971,99.984,-0.013,-0.01,72105,720875984.0,0.010000000000005116,-0.021000000000000796,-0.016999999999995907,99.9666,99.9777,99.99625,99.97304924586464,99.97824157861703,99.98681692668467,0.17399999999999238,0.036428571428570776,0.0,0.012999999999991019,0.006271215307506059,0.007727959018686089,0.8114969673548158,44.79703703505394,99.98049999999999,99.99538461538462,99.98046866750367,99.98958262459487,-0.009113957091201996,-0.005463529724355314,-0.0059153510419664825,-0.12521534467279738
99.977,99.983,99.971,99.978,99.971,0.007,0.01,63039,630236256.0,0.018999999999991246,-0.020000000000010232,-0.016000000000005343,99.9704,99.97569999999999,99.99545,99.9746994972431,99.97819765523211,99.98597721938137,0.012000000000000455,0.030714285714285187,0.006999999999990791,0.0,0.006323271356969255,0.0071759619459227965,0.8811740369612718,46.84170734062777,99.97891666666668,99.99473076923076,99.9800888725031,99.98872465240265,-0.008635779899549334,-0.006501837630944844,-0.006459436813483053,-0.12573330559600582
99.976,99.99,99.976,99.989,99.978,0.011,0.01,59364,593545040.0,0.049000000000006594,-0.006999999999990791,-0.009000000000000341,99.9802,99.975,99.995,99.9794663314954,99.98016171791718,99.9862651032498,0.013999999999995794,0.03107142857142772,0.01100000000000989,0.0,0.006657323402900729,0.00666339323549974,0.999089077833997,49.97721656888371,99.97866666666665,99.9943846153846,99.98145981519494,99.98874504852097,-0.007285233326030038,-0.007312140231162643,-0.006624596115992451,-0.05829724456288965
99.987,99.987,99.977,99.985,99.989,-0.004,0.0,49779,497718464.0,0.006000000000000227,-0.012000000000000455,-0.04200000000000159,99.98140000000001,99.97380000000001,99.99289999999999,99.98131088766361,99.98104140556859,99.98614461722602,0.012000000000000455,0.03107142857142772,0.0,0.0040000000000048885,0.006181800302693535,0.006473150861535821,0.9549909209480156,48.84886731263799,99.97758333333333,99.9941153846154,99.9820044590111,99.9884676375194,-0.0064631785083122395,-0.007925708413250417,-0.006592312594456409,-0.16146149181322011
99.986,100.0,99.986,99.996,99.985,0.011,0.01,33048,330461008.0,0.012000000000000455,0.003999999999990678,-0.03300000000000125,99.9838,99.9742,99.99125000000001,99.9862072584424,99.98376115001066,99.98708322510925,0.015000000000000568,0.030785714285713084,0.01099999999999568,0.0,0.006525957423929403,0.006010782942854691,1.0857083820814266,52.054658810832755,99.97758333333333,99.99415384615385,99.98415761916323,99.98902559029574,-0.004867971132512139,-0.008005878007359178,-0.0062474443020675546,-0.3361055866931839
99.994,99.995,99.983,99.99,99.996,-0.006,-0.01,20209,202068588.0,0.018999999999991246,0.028999999999996362,-0.029000000000010573,99.9876,99.9771,99.9898,99.98747150562828,99.98489548637235,99.98736101319409,0.012999999999991019,0.030214285714283813,0.0,0.006000000000000227,0.006059817607934445,0.0060100127326508015,1.0082869833225256,50.206319699110324,99.97699999999999,99.99426923076923,99.98505644698427,99.98909776879235,-0.004041321808074372,-0.007702683368914147,-0.005806219803268919,-0.3884955216654563
99.988,99.995,99.988,99.993,99.99,0.003,0.0,23930,239284308.0,0.015000000000000568,0.033999999999991815,-0.09799999999999898,99.9906,99.98049999999999,99.9849,99.98931433708552,99.98636903430464,99.98789805955656,0.007000000000005002,0.02985714285714128,0.0030000000000001137,0.0,0.005841259207367708,0.00558072610889003,1.046684444531806,51.1404895526649,99.97708333333333,99.99446153846154,99.98627853206362,99.98938682295588,-0.0031082908922570596,-0.0069075889303462645,-0.005266634021066548,0.18412588450690293
99.99,99.993,99.987,99.989,99.993,-0.004,0.0,21829,218271508.0,0.0,0.049000000000006594,-0.012000000000000455,99.9906,99.9854,99.98429999999999,99.98920955805703,99.9868473917038,99.98800300626546,0.006000000000000227,0.029785714285713385,0.0,0.003999999999990678,0.005424026406841443,0.005467817101111505,0.9919911925618067,49.798974828099176,99.97941666666667,99.99426923076923,99.98669721943845,99.98935816940359,-0.002660949965132886,-0.0061172970857907355,-0.004745497209879816,-0.08779774341830338
99.989,99.994,99.987,99.99,99.989,0.001,0.0,21687,216853547.0,0.0049999999999954525,0.01099999999999568,-0.010000000000005116,99.99159999999999,99.9865,99.9838,99.98947303870469,99.98742059321219,99.98819319614495,0.007000000000005002,0.029642857142856575,0.000999999999990564,0.0,0.005108024520637808,0.005077258736746398,1.0060595265056604,50.15103057575304,99.98199999999999,99.99396153846153,99.98720533952485,99.98940571241073,-0.002200372885880597,-0.005375228389883407,-0.004236472345079973,-0.006505107884007488
99.993,100.003,99.993,100.0,99.99,0.01,0.01,18332,183320311.0,0.0040000000000048885,0.016000000000005343,0.0030000000000001137,99.9924,99.9881,99.98395000000001,99.99298202580313,99.9897077580827,99.98931765365495,0.01300000000000523,0.02742857142857044,0.010000000000005116,0.0,0.005457451340592615,0.00471459739840737,1.1575646612871309,53.65144702530336,99.98700000000001,99.99292307692306,99.98917374882872,99.99019047445438,-0.001016725625660797,-0.004475536004823273,-0.003592523001196138,-0.1547009729330936
99.994,99.995,99.985,99.995,100.0,-0.005,-0.01,14690,146893942.0,0.005000000000009663,0.02400000000000091,0.0030000000000001137,99.9934,99.9905,99.98409999999998,99.99365468386875,99.99066998388585,99.98985882949734,0.015000000000000568,0.02628571428571393,0.0,0.0049999999999954525,0.0050676333876931426,0.004734983298520804,1.0702536985243976,51.69674128766131,99.98833333333333,99.99161538461539,99.99007009516276,99.99054673560592,-0.00047664044315354204,-0.00356896495411263,-0.002969346489587619,-0.19866899410866246
99.995,99.999,99.994,99.999,99.995,0.004,0.0,12124,121237335.0,0.006000000000000227,0.021000000000000796,0.000999999999990564,99.9946,99.99260000000001,99.98415,99.99543645591251,99.99218453227024,99.99072941716426,0.0049999999999954525,0.024785714285713873,0.003999999999990678,0.0,0.00499137386000011,0.004396770205769319,1.1352364636774896,53.16677955762739,99.98958333333333,99.99084615384615,99.99144392667618,99.9911729033388,0.0002710233373761639,-0.00272938088040083,-0.002321272524194863,-0.17467665078284544
99.998,100.005,99.996,100.001,99.999,0.002,0.0,6933,69330826.0,0.012000000000000455,0.012000000000000455,0.005000000000009663,99.997,99.9938,99.9844,99.99729097060836,99.99378734458475,99.99170756791052,0.009000000000000341,0.022357142857142014,0.0020000000000095497,0.0,0.004777704298572213,0.00408271519107151,1.170227183375557,53.921874739187146,99.99208333333333,99.98738461538461,99.99291409180293,99.99190083642482,0.0010132553781119213,-0.0018986660041314786,-0.001654366943733506,-0.4281590234246123
99.999,100.001,99.993,100.0,100.001,-0.001,0.0,11312,113112849.0,0.010000000000005116,0.015000000000000568,0.0030000000000001137,99.999,99.9953,99.98454999999998,99.99819398040557,99.99491691829661,99.9924973233476,0.008000000000009777,0.022142857142857304,0.0,0.0010000000000047748,0.0044364397058170545,0.0038625212488524576,1.1485864853520498,53.45777296760068,99.99391666666666,99.98734615384616,99.99400423152555,99.99250077446742,0.0015034570581349271,-0.0011907295385040267,-0.0010228021433598196,0.6316169046588778
99.996,100.008,99.996,100.002,100.0,0.002,0.0,11351,113515111.0,0.001999999999995339,0.006000000000000227,0.009999999999990905,99.9994,99.99589999999999,99.98505,99.99946265360373,99.99620475133358,99.99340234017164,0.012000000000000455,0.010571428571429311,0.001999999999995339,0.0,0.004262408298258361,0.003586626873934425,1.1884169856739581,54.30486938520841,99.995,99.98742307692308,99.99523434975238,99.99320442080317,0.0020299289492129446,-0.0005161461210276583,-0.00041225592484526677,0.0034476661951909904
99.999,100.002,99.995,100.0,100.002,-0.002,0.0,10440,104402673.0,0.0049999999999954525,0.010000000000005116,0.03900000000000148,100.00039999999998,99.9969,99.987,99.99964176906916,99.99689479654566,99.99403068872672,0.006999999999990791,0.010214285714285763,0.0,0.001999999999995339,0.003957950562668479,0.003473296382938776,1.1395372367617054,53.26092096842638,99.99625000000002,99.98753846153846,99.99596752671356,99.99370779703997,0.0022597296735824557,8.03006085100656e-05,0.00012214119484027774,-0.08025724605761608
99.999,100.002,99.997,100.001,100.0,0.001,0.0,21193,211933632.0,0.0020000000000095497,0.008000000000009777,0.04200000000000159,100.0008,99.99770000000001,99.9891,100.00009451271279,99.99764119717372,99.99469443265751,0.0049999999999954525,0.009571428571428595,0.0010000000000047748,0.0,0.0037466683796210714,0.003225203784157435,1.1616842315592986,53.73977450542511,99.99666666666667,99.98788461538462,99.99674175337302,99.9942479602222,0.0024937931508191014,0.000653049843615842,0.0005964715860360425,1.0299808429118773
99.999,100.0,99.993,99.997,100.001,-0.004,0.0,21083,210824738.0,-0.0040000000000048885,0.007999999999995566,0.05700000000000216,100.0,99.9985,99.99195,99.99906300847519,99.9975246158694,99.99491401049966,0.008000000000009777,0.009285714285714976,0.0,0.0040000000000048885,0.003479049209648138,0.003280546371003682,1.0605090787312128,51.46830410396619,99.99725,99.98784615384616,99.99678148362332,99.99445181502055,0.002329668602769175,0.00115638778679915,0.000943110989382669,-0.005190393054310349
99.997,100.001,99.993,99.997,99.997,0.0,0.0,15356,153554685.0,-0.0030000000000001137,0.007000000000005002,0.018000000000000682,99.9994,99.9992,99.99285,99.99837533898346,99.99742923116587,99.99511267616636,0.008000000000009777,0.008785714285715633,0.0,-0.0,0.003230545694673271,0.003046221630217705,1.0605090787312128,51.46830410396619,99.99758333333334,99.98788461538462,99.99681510152743,99.99464056946347,0.00217453206396101,0.0015109719745349064,0.0011893952042983371,-0.2716406583503297
99.997,100.007,99.997,100.006,99.997,0.009,0.01,17876,178764400.0,0.0040000000000048885,0.006000000000000227,0.02200000000000557,100.0002,99.99980000000001,99.99395000000001,100.00091689265565,99.99898755277206,99.99614956415051,0.010000000000005116,0.008571428571430926,0.009000000000000341,0.0,0.003642649573625205,0.0028286343709164404,1.2877767487655305,56.28944124291876,99.99900000000001,99.98823076923077,99.9982281628309,99.99548200876247,0.0027461540684328156,0.0018690602536000573,0.001500746977125233,0.16410523573847358
100.001,100.002,99.993,99.998,100.006,-0.008,-0.01,6443,64434539.0,-0.001999999999995339,0.0030000000000001137,0.027000000000001023,99.9998,100.0001,99.99530000000001,99.99994459510378,99.9988079977226,99.99632579613618,0.01300000000000523,0.00900000000000237,0.0,0.007999999999995566,0.003382460318366262,0.003198017630136378,1.057674068614193,51.40143838846731,99.99966666666667,99.98846153846154,99.99819306085692,99.99566852663192,0.0025245342250030944,0.0021194503522252717,0.0017055044267008054,-0.6395726113224435
99.996,100.0,99.996,100.0,99.998,0.002,0.0,8795,87948431.0,-0.0010000000000047748,0.0010000000000047748,0.02200000000000557,99.9996,100.00019999999999,99.99640000000001,99.99996306340253,99.9990247254094,99.99667572031368,0.0040000000000048885,0.008857142857145561,0.001999999999995339,0.0,0.003283713152768339,0.002969587799412351,1.1057807933539294,52.51167627912138,99.99966666666667,99.98996153846154,99.99847105149432,99.99598937651103,0.0024816749832865526,0.002282608086133564,0.001860738538017955,0.36504733819649227
99.998,100.0,99.997,99.998,100.0,-0.002,0.0,38345,383448576.0,0.0010000000000047748,-0.0030000000000001137,0.009000000000000341,99.99980000000001,99.9999,99.99685,99.99930870893503,99.99883841169859,99.99680184218856,0.0030000000000001137,0.008571428571430926,0.0,0.001999999999995339,0.003049162213284886,0.0029003315280254215,1.0513150596134746,51.25078445100343,99.99991666666666,99.99146153846154,99.99839858203364,99.99613831158429,0.002260270449355062,0.0023666984629358012,0.0019406449202853766,3.3598635588402503
99.998,100.004,99.998,99.999,99.998,0.001,0.0,3212,32117419.0,0.001999999999995339,-0.0010000000000047748,0.013999999999995794,100.0002,99.99980000000001,99.99755,99.99920580595669,99.99886779138976,99.99701119055155,0.006000000000000227,0.00807142857143057,0.000999999999990564,0.0,0.002902793483763863,0.00269316499030932,1.077837226537861,51.87303474843299,99.99991666666666,99.99373076923077,99.99849110787461,99.99635028850396,0.002140819370652025,0.0023790196208734768,0.0019806798103587063,-0.9162341895944712
99.999,100.014,99.999,100.007,99.999,0.008,0.01,13505,135057762.0,0.0010000000000047748,0.005000000000009663,0.01100000000000989,100.0004,100.00030000000001,99.9981,100.0018038706378,100.00034637477343,99.99796250573712,0.015000000000000568,0.00807142857143057,0.008000000000009777,0.0,0.0032668796634957144,0.002500796062430083,1.3063358954273185,56.641181278812816,100.00041666666668,99.99480769230769,99.9998001682016,99.99713915602219,0.002661012179416389,0.002423606565966136,0.002116746284170243,3.204545454545454
100.0,100.0,99.992,99.999,100.007,-0.008,-0.01,17215,172146855.0,0.000999999999990564,-0.0010000000000047748,0.009000000000000341,100.0006,100.0002,99.99855,100.00086924709187,100.00010157936006,99.99806131471453,0.015000000000000568,0.008785714285716648,0.0,0.008000000000009777,0.0030335311161031634,0.0028935963436857756,1.0483601566344056,51.18046029351266,100.00033333333334,99.99538461538462,99.99967706540136,99.99727699631683,0.0024000690845298323,0.002413192780822884,0.0021734108442421607,0.27471306923361727
100.0,100.002,99.998,99.998,99.999,-0.001,0.0,12815,128154693.0,-0.001999999999995339,-0.0030000000000001137,0.005000000000009663,100.0002,99.9999,99.9988,99.9999128313946,99.99971947402186,99.99805547521791,0.003999999999990678,0.008428571428573102,0.0,0.000999999999990564,0.0028168503220957946,0.0027583394619932603,1.0212123492806982,50.52474321385002,100.0,99.99642307692308,99.99941905533962,99.99733055214521,0.0020885031944004595,0.0023863966243374713,0.0021564293142738206,-0.25559105431309903
100.0,100.002,99.999,100.0,99.998,0.002,0.0,13050,130504899.0,0.001999999999995339,0.0030000000000001137,0.01099999999999568,100.0006,100.00019999999999,99.99935,99.9999418875964,99.99977047874516,99.9982406680543,0.003999999999990678,0.008142857142857451,0.001999999999995339,0.0,0.0027585038705171907,0.0025613152147080276,1.076987266025217,51.8533398659817,100.0,99.99726923076923,99.99950843144121,99.99752828902335,0.001980142417863817,0.0023647977747711163,0.00212117193499182,0.018337885290675038
99.999,100.008,99.995,99.996,100.0,-0.004,0.0,11968,119679073.0,-0.0030000000000001137,-0.0010000000000047748,0.006000000000000227,100.0,100.0001,99.99965,99.99862792506427,99.99908493715513,99.99802727109675,0.012999999999991019,0.00821428571428535,0.0,0.0040000000000048885,0.0025614678797659628,0.0026640784136578036,0.9614836660340805,49.018183667983436,99.99958333333332,99.99753846153847,99.99896867275795,99.99741508242903,0.00155359032892477,0.0022322906926035557,0.00200765561377841,-0.08291187739463601
99.998,100.001,99.998,99.999,99.996,0.003,0.0,12977,129774108.0,-0.008000000000009777,-0.007000000000005002,-0.0010000000000047748,99.99839999999999,99.9994,99.9996,99.99875195004286,99.99906949403601,99.99811991194468,0.005000000000009663,0.008071428571429553,0.0030000000000001137,0.0,0.002592791602639831,0.002473787098396532,1.0481062029632362,51.17440694466028,99.99975,99.99807692307692,99.99897349233365,99.99753248373058,0.001441008603066507,0.002111898956832824,0.0018943262116360294,0.08430815508021383
99.994,99.994,99.985,99.988,99.999,-0.011,-0.01,5085,50843496.0,-0.01099999999999568,-0.010000000000005116,-0.007000000000005002,99.9962,99.9984,99.99925,99.99516796669525,99.99705685875672,99.9971561108071,0.013999999999995794,0.00871428571428672,0.0,0.01099999999999568,0.0024075922024512715,0.003082802305653614,0.7809752179164844,43.85098737253214,99.99900000000001,99.99776923076924,99.99728526274384,99.99682637382462,0.0004588889192262968,0.0018871449497150177,0.0016072387531540831,-0.6081528858750096
99.984,99.985,99.977,99.984,99.988,-0.004,0.0,5460,54595352.0,-0.014000000000010004,-0.016000000000005343,-0.015000000000000568,99.9934,99.9968,99.9985,99.99144531113018,99.99468288443731,99.9959031478731,0.01099999999999568,0.008928571428571428,0.0,0.0040000000000048885,0.0022356213308476094,0.003148316426678705,0.7101005832523839,41.523907436009814,99.99716666666666,99.99753846153847,99.99524137616787,99.99587627205983,-0.0006348958919630832,0.0015654598006796681,0.00115881182413065,0.07374631268436582
99.986,99.994,99.986,99.993,99.984,0.009,0.01,3628,36272478.0,-0.007000000000005002,-0.005000000000009663,-0.008000000000009777,99.99199999999999,99.99629999999999,99.9981,99.99196354075346,99.9943769054487,99.99562665759947,0.010000000000005116,0.00907142857142824,0.009000000000000341,0.0,0.0027187912357870903,0.0029234366819159406,0.9299983312808638,48.18648369833877,99.99674999999998,99.99753846153847,99.99489654906512,99.9956632148702,-0.000766665805087996,0.0012424058922641103,0.0007737162982869209,-0.33553113553113556
99.995,100.002,99.99,99.992,99.993,-0.001,0.0,5120,51192342.0,-0.003999999999990678,-0.006999999999990791,-0.007999999999995566,99.9912,99.9956,99.99770000000001,99.99197569383566,99.99394474082166,99.99528126163761,0.012000000000000455,0.009214285714285049,0.0,0.000999999999990564,0.002524591861802298,0.0027860483474926993,0.9061550794961262,47.53837131319135,99.99608333333333,99.99765384615384,99.99445092613202,99.99539186562056,-0.0009409394885437905,0.0008421890402685347,0.0004307851409207786,0.41124586549062836
99.992,100.001,99.992,100.0,99.992,0.008,0.01,3647,36467467.0,0.0010000000000047748,-0.007000000000005002,-0.001999999999995339,99.9914,99.9949,99.9976,99.9946504625571,99.9950456970359,99.99573066529118,0.009000000000000341,0.008928571428570413,0.007999999999995566,0.0,0.002915692443101817,0.0025870448941003638,1.1270358893851895,52.9862187567956,99.99625000000002,99.99803846153847,99.99530462980401,99.99573320890792,-0.0004285791039109199,0.0005278947971084512,0.00025891229195443895,-0.2876953125
99.995,99.995,99.987,99.99,100.0,-0.01,-0.01,5370,53692647.0,0.001999999999995339,-0.009000000000000341,-0.010000000000005116,99.9918,99.994,99.9971,99.99310030837141,99.99412829757483,99.9951848876444,0.01300000000000523,0.00957142857142758,0.0,0.010000000000005116,0.002707428697165973,0.0031165416873792746,0.8687285359056666,46.48767968241269,99.9955,99.99765384615385,99.99448853291109,99.99530852676659,-0.0008199938555009112,0.00020472845823052112,4.313106246336894e-05,0.47244310392103106
99.99,99.992,99.989,99.99,99.99,0.0,0.0,4084,40838374.0,0.006000000000000227,-0.008000000000009777,-0.01100000000000989,99.993,99.9932,99.99655,99.99206687224762,99.99337769801576,99.99469108882113,0.0030000000000001137,0.00957142857142758,0.0,-0.0,0.002514040933082689,0.002893931566852184,0.8687285359056666,46.48767968241269,99.99408333333334,99.99746153846152,99.99379798938631,99.99491530256167,-0.0011173131753565713,-0.00013943327434952203,-0.0001889577851006191,-0.2394785847299814
99.99,99.99,99.985,99.988,99.99,-0.002,0.0,12390,123885599.0,-0.0049999999999954525,-0.012000000000000455,-0.009000000000000341,99.99199999999999,99.992,99.9961,99.9907112481651,99.99239993474016,99.99405384226674,0.0049999999999954525,0.009499999999998667,0.0,0.001999999999995339,0.0023344665807196402,0.002830079312076695,0.8248767342872179,45.20177822363482,99.99316666666665,99.99703846153847,99.99290599101919,99.99440305792747,-0.0014970669082856602,-0.00047839518959512536,-0.00045057960973762736,2.033790401567091
99.986,99.989,99.984,99.988,99.988,0.0,0.0,9712,97103209.0,-0.0040000000000048885,-0.007999999999995566,-0.009000000000000341,99.99119999999999,99.99119999999999,99.99565,99.98980749877674,99.99159994660558,99.99347728586038,0.005000000000009663,0.008785714285713604,0.0,-0.0,0.0021677189678110946,0.0026279307897855023,0.824876734287218,45.20177822363482,99.99233333333332,99.99653846153845,99.99215122317007,99.99392875734026,-0.0017775341701877778,-0.0008360110532900459,-0.0007159705218276575,-0.21614205004035514
99.99,100.004,99.99,100.004,99.988,0.016,0.02,9130,91294941.0,0.0040000000000048885,0.005000000000009663,-0.001999999999995339,99.992,99.99170000000001,99.99555,99.99453833251783,99.9938545017682,99.99447944911176,0.016000000000005343,0.008857142857142517,0.016000000000005343,0.0,0.003155739041539255,0.0024402214476579665,1.2932183038420613,56.39316159632083,99.99266666666665,99.9966923076923,99.99397411191313,99.99467477531505,-0.0007006634019148805,-0.00096485020008351,-0.0007129090978451022,-0.05992586490939045
99.991,99.993,99.988,99.993,100.004,-0.011,-0.01,8027,80258406.0,0.0030000000000001137,0.0049999999999954525,-0.005000000000009663,99.99260000000001,99.9922,99.9953,99.99402555501189,99.99369913781034,99.99433854919636,0.016000000000005343,0.009714285714286421,0.0,0.01100000000000989,0.002930329110000737,0.0030516342013973893,0.9602491375469888,48.98607626725564,99.99241666666667,99.99634615384615,99.99382424854188,99.9945507178843,-0.0007264693424104962,-0.0009750250279110004,-0.0007156211467581811,-0.12081051478641835
99.992,99.994,99.991,99.993,99.993,0.0,0.0,2728,27273253.0,0.0030000000000001137,0.009000000000000341,-0.007000000000005002,99.9932,99.9931,99.99494999999999,99.99368370334128,99.99357202184481,99.99421106832051,0.0030000000000001137,0.009642857142858523,0.0,-0.0,0.0027210198878578275,0.0028336603298690045,0.9602491375469888,48.98607626725564,99.99191666666667,99.99607692307691,99.9936974410739,99.99443584989287,-0.0007384088189610338,-0.0009718853627857823,-0.0007201786811987516,-0.6601470038619659
99.995,99.995,99.991,99.994,99.993,0.001,0.0,13016,130154782.0,0.006000000000000227,0.0010000000000047748,-0.0040000000000048885,99.9944,99.9932,99.99475,99.99378913556086,99.99364983605483,99.9941909665757,0.0040000000000048885,0.00900000000000237,0.0010000000000047748,0.0,0.002598089895868324,0.002631256020592647,0.9873953258577807,49.68288457816567,99.99241666666666,99.9958076923077,99.993743988601,99.99440356471563,-0.000659576114628635,-0.0009406227656840985,-0.0007080581678847284,3.771260997067449
99.994,100.008,99.994,100.001,99.994,0.007,0.01,9190,91899917.0,0.01300000000000523,0.009000000000000341,0.0020000000000095497,99.997,99.9941,99.99485,99.99619275704057,99.9949862294994,99.99483944594944,0.013999999999995794,0.009642857142858523,0.007000000000005002,0.0,0.002912512046163801,0.0024433091619788867,1.1920358223536873,54.38030757516294,99.99383333333333,99.99596153846154,99.994860298047,99.9948921895515,-3.189150450566558e-05,-0.0008965463657501812,-0.0005728248352089159,-0.2939459127228027
100.001,100.012,100.001,100.01,100.001,0.009,0.01,3798,37987314.0,0.006000000000000227,0.010000000000005116,0.0030000000000001137,99.9982,99.99510000000001,99.995,100.00079517136038,99.99771600595406,99.99628330823997,0.01099999999999568,0.0094285714285728,0.009000000000000341,0.0,0.0033473326142949827,0.002268787078980395,1.4753842021170587,59.60223067010141,99.99525000000001,99.99646153846153,99.99718948296285,99.99601128662177,0.0011781963410868457,-0.0006745252327959861,-0.00022262059994976357,-0.5867247007616975
100.005,100.009,99.99,100.008,100.01,-0.002,0.0,5306,53065329.0,0.015000000000000568,0.018000000000000682,0.009000000000000341,100.0012,99.99690000000001,99.99544999999999,100.00319678090693,99.99958582305331,99.99739918364568,0.020000000000010232,0.010071428571430983,0.0,0.0020000000000095497,0.003108237427559627,0.0022495880019110493,1.3816918586510711,58.01304033652892,99.99658333333332,99.99653846153848,99.99885263943011,99.9968993394646,0.0019532999655069716,-0.0003333459949222591,0.00021256351314158346,0.3970510795155344
100.005,100.007,100.0,100.006,100.008,-0.002,0.0,1619,16189581.0,0.01300000000000523,0.016000000000005343,0.007999999999995566,100.0038,99.9985,99.99584999999999,100.0041311872713,100.00075203704361,99.99821830901276,0.007999999999995566,0.009928571428573158,0.0,0.001999999999995339,0.002886220468448225,0.0022317602874884985,1.2932484212702882,56.3937342886701,99.99708333333332,99.99684615384616,99.99995223336394,99.99757346246722,0.0023787708967262233,9.73026500790613e-05,0.0006458049898585115,-0.6948737278552581
100.003,100.007,99.999,100.006,100.006,0.0,0.0,7748,77480749.0,0.012000000000000455,0.018000000000000682,0.006000000000000227,100.0062,100.00030000000001,99.99615,100.00475412484755,100.00170621212659,99.99895942244011,0.008000000000009777,0.009642857142859538,0.0,-0.0,0.0026800618635590663,0.0020723488383821774,1.2932484212702882,56.3937342886701,99.99841666666667,99.99707692307692,100.00088265900025,99.9981976504326,0.002685008567652858,0.0005931407320613542,0.001053645705417381,3.785670166769611
99.999,100.003,99.998,100.001,100.006,-0.005,-0.01,2926,29256814.0,0.0,0.01300000000000523,0.005000000000009663,100.0062,100.0016,99.99640000000001,100.00350274989839,100.00157780992176,99.9991537631601,0.007999999999995566,0.009571428571430627,0.0,0.0049999999999954525,0.0024886288733048474,0.0022814667784974113,1.0908021527027776,52.17146688378424,99.99933333333333,99.99719230769232,100.00090071146175,99.99840523188205,0.002495479579707194,0.0009482677300193624,0.0013420124802753434,-0.6223541559112029
99.999,100.01,99.999,100.007,100.001,0.006,0.01,4955,49547894.0,-0.0030000000000001137,0.0030000000000001137,0.008000000000009777,100.0056,100.0019,99.9968,100.00466849993227,100.00256366266325,99.99990102381152,0.01100000000000989,0.009428571428573815,0.006000000000000227,0.0,0.002739441096640232,0.0021185048657475962,1.2931011587143626,56.390933901901896,100.00091666666667,99.9975,100.00183906354457,99.99904188137226,0.0027971821723014045,0.0013397845649873513,0.001633046418680556,0.693438140806562
99.998,100.006,99.989,100.006,100.007,-0.001,0.0,2848,28481197.0,-0.001999999999995339,0.01300000000000523,0.018000000000000682,100.0052,100.0032,99.9977,100.0051123332882,100.00318845126992,100.00048187868661,0.018000000000000682,0.010500000000002428,0.0,0.0010000000000047748,0.002543766732594501,0.0020386116610516805,1.247793673112917,55.5119310121056,100.00241666666666,99.99746153846152,100.00247920761463,99.99955729756691,0.0029219100477178017,0.0017464866612849999,0.001890819144488005,-0.42522704339051465
100.004,100.007,99.991,100.006,100.006,0.0,0.0,9330,93299222.0,0.0,0.01300000000000523,0.02200000000000557,100.0052,100.0045,99.9988,100.00540822219213,100.00369964194812,100.0010074140498,0.016000000000005343,0.01128571428571742,0.0,-0.0,0.002362069108837751,0.001892996542405132,1.2477936731129167,55.51193101210559,100.00258333333335,99.99773076923076,100.0030208679816,100.00003453478416,0.0029863331974411267,0.0021515876959594176,0.0021099219550786297,2.2759831460674156
100.03,100.032,100.025,100.025,100.006,0.019,0.02,1022,10221547.0,0.019000000000005457,0.03100000000000591,0.03200000000001069,100.009,100.0076,100.0004,100.01193881479476,100.00757243432118,100.00329242223553,0.02599999999999625,0.012785714285716463,0.019000000000005457,0.0,0.0035504927439211588,0.0017577825036619082,2.019870340343347,66.88599551309531,100.00524999999999,99.99876923076923,100.00640227290751,100.00188382850385,0.004518444403657895,0.002657180574644258,0.002591626444794483,-0.8904608788853162
99.995,100.003,99.995,99.999,100.025,-0.026,-0.03,8093,80925036.0,-0.0020000000000095497,-0.0020000000000095497,0.006999999999990791,100.0086,100.00739999999999,100.00075,100.00762587652984,100.00601380989914,100.00288362011787,0.030000000000001137,0.013785714285716162,0.0,0.02600000000001046,0.0032968861193553617,0.0034893694676868046,0.9448372119622388,48.58181477353303,100.00574999999999,99.99873076923078,100.00526346169096,100.00167021157763,0.0035932501133260075,0.0029255198826708315,0.0027919511785007884,6.918786692759295
99.997,100.001,99.995,99.998,99.999,-0.001,0.0,8975,89745801.0,-0.009000000000000341,-0.012000000000000455,-0.001999999999995339,100.0068,100.0062,100.00065,100.0044172510199,100.00455675355384,100.00241851343998,0.006000000000000227,0.013071428571430082,0.0,0.000999999999990564,0.0030613942536871215,0.003311557362851359,0.9244575642957189,48.037305755507084,100.00608333333334,99.9988076923077,100.0041460060462,100.00139834405337,0.0027476619928279433,0.003013782330150939,0.0027830933413662195,0.10898307179043609
99.998,100.002,99.992,99.998,99.998,0.0,0.0,9856,98556288.0,-0.007999999999995566,-0.009999999999990905,0.008000000000009777,100.0052,100.0052,100.00104999999999,100.00227816734662,100.00336461654405,100.00199770263617,0.009999999999990905,0.013571428571429425,0.0,-0.0,0.0028427232355666128,0.003075017551219119,0.9244575642957189,48.037305755507084,100.00583333333334,99.99876923076923,100.00320046665448,100.00114661486424,0.0020538517902366493,0.0029776802072076533,0.002637245031140306,0.09816155988857944
99.996,100.0,99.994,99.998,99.998,0.0,0.0,4927,49269539.0,-0.007999999999995566,-0.007999999999995566,0.008000000000009777,100.0036,100.0044,100.00145,100.00085211156443,100.00238923171784,100.00161696905178,0.006000000000000227,0.013714285714286234,0.0,-0.0,0.0026396715758832835,0.0028553734404177535,0.9244575642957189,48.037305755507084,100.00483333333334,99.99915384615385,100.00240039486147,100.00091353228171,0.0014868625797532786,0.0028445528752188112,0.0024071685408629004,-0.500101461038961
99.996,100.004,89.998,100.001,99.998,0.003,0.0,7596,75582024.0,-0.02400000000000091,-0.0049999999999954525,0.01300000000000523,99.9988,100.0039,100.00210000000001,100.00090140770962,100.00213664413278,100.00155821009447,10.006,0.7274285714285723,0.0030000000000001137,0.0,0.0026654093204630572,0.0026514181946736284,1.005276846111087,50.13157400488916,100.00425000000001,99.99980769230768,100.00218494949817,100.00091993729788,0.0012650122002924036,0.002707834277506057,0.002178737272748801,0.5417089506799269
99.999,99.999,99.986,99.992,100.001,-0.009,-0.01,6850,68489183.0,-0.006999999999990791,-0.009000000000000341,0.0040000000000048885,99.9974,100.00300000000001,100.0023,99.99793427180643,100.00029361792681,100.00064790437119,0.015000000000000568,0.7277142857142869,0.0,0.009000000000000341,0.0024750229404299816,0.0031048883236255366,0.7971375078443821,44.35595519902798,100.00308333333334,99.99976923076922,100.00061803419077,100.00025920120173,0.0003588329890362729,0.0024369065904765977,0.0018147564160062957,-0.09820958399157453
99.99,99.994,99.989,99.992,99.992,0.0,0.0,11315,113140537.0,-0.006000000000000227,-0.015000000000000568,-0.012000000000000455,99.9962,100.0015,100.0017,99.99595618120429,99.99878568739466,99.99982429443108,0.0049999999999954525,0.7266428571428573,0.0,-0.0,0.0022982355875421257,0.0028831105862237127,0.797137507844382,44.35595519902798,100.00191666666666,99.99976923076923,99.9992921827768,99.99964740852012,-0.0003552257433199202,0.0020727803914724063,0.0013807599841410526,0.6518248175182482
99.994,99.999,99.98,99.998,99.992,0.006,0.01,12963,129623889.0,0.0,-0.007999999999995566,0.005000000000009663,99.99620000000002,100.00070000000001,100.00195,99.9966374541362,99.99864283514107,99.99965055210431,0.018999999999991246,0.7274285714285712,0.006000000000000227,0.0,0.002562647331289133,0.002677174115779162,0.9572210175591448,48.907149932044845,100.00166666666667,99.99969230769231,99.99909338542653,99.99952537825938,-0.0004319928328442302,0.0016929663881073667,0.001018209420743996,0.14564737074679623
100.0,100.027,100.0,100.008,99.998,0.01,0.01,6806,68060636.0,0.009999999999990905,0.001999999999995339,0.015000000000000568,99.99820000000001,100.0009,100.0027,100.00042496942415,100.00034413784269,100.00044573761818,0.028999999999996362,0.7289285714285703,0.009999999999990905,0.0,0.003093886807624974,0.0024859473932235076,1.2445503939699851,55.447647658679735,100.00175000000002,100.0003846153846,100.00046363382246,100.00015312801794,0.0003105058045207443,0.0012254176548699054,0.0008766686974993458,-0.4749672143793875
100.02,100.183,100.02,100.098,100.008,0.09,0.09,2996,29980038.0,0.0969999999999942,0.07299999999999329,0.1039999999999992,100.0176,100.0082,100.0079,100.0329499796161,100.018099749144,100.00973661974979,0.17500000000001137,0.7408571428571429,0.09000000000000341,0.0,0.00930146632136629,0.0023083797222789716,4.029435119185384,80.11705139240429,100.00941666666667,100.00453846153846,100.015469228619,100.00740104446105,0.008068184157949077,0.001722632548716913,0.0023149717895892923,-0.5598001763150162
100.0,100.0,99.972,99.989,100.098,-0.109,-0.11,30845,308413728.0,-0.0030000000000001137,-0.009999999999990905,-0.012000000000000455,100.017,100.00720000000001,100.00730000000001,100.01829998641075,100.01280888566328,100.00776170358314,0.12600000000000477,0.7490714285714282,0.0,0.10899999999999466,0.008637075869840128,0.009929209742115806,0.8698653864874106,46.52021438406722,100.008,100.00457692307691,100.0113970396007,100.0060380041306,0.0053590354700929765,0.0020127851573019167,0.0029237845256900293,9.29539385847797
99.987,99.997,99.987,99.997,99.989,0.008,0.01,8115,81143763.0,0.0049999999999954525,-0.0010000000000047748,-0.01300000000000523,100.018,100.00710000000001,100.00665,100.0111999909405,100.0099345428154,100.00673677943237,0.010000000000005116,0.7484999999999999,0.007999999999995566,0.0,0.008591570450565517,0.00921998047482182,0.9318425862210465,48.235948046049685,100.00566666666668,100.00492307692308,100.00918211043135,100.00536852234315,0.003813588088206643,0.002208311412631916,0.003101745238193352,-0.736910358242827
99.99,99.998,99.988,99.998,99.997,0.001,0.0,12712,127106036.0,0.0,0.0,-0.009999999999990905,100.018,100.00710000000001,100.00615,100.00679999396034,100.00776462593987,100.00590470520072,0.010000000000005116,0.7480714285714285,0.0010000000000047748,0.0,0.008049315418382608,0.008561410440905975,0.940185670800619,48.45854110512272,100.00558333333333,100.00469230769232,100.0074617857496,100.0048227058733,0.0026390798763031853,0.002336335556693017,0.0030092121658153188,0.5664818237831177
99.997,99.999,99.991,99.995,99.998,-0.003,0.0,10019,100180800.0,-0.012999999999991019,-0.0030000000000001137,-0.01099999999999568,100.0154,100.00680000000001,100.0056,100.00286666264023,100.00544378485989,100.00486616184827,0.007999999999995566,0.7467857142857142,0.0,0.0030000000000001137,0.007474364317069565,0.008164166837984129,0.9155085222284742,47.79454184643278,100.00533333333334,100.00476923076924,100.00554458794197,100.00409509803083,0.0014494899111383575,0.0023568330801203453,0.0026972677148799267,-0.21184707363121458
99.998,100.005,99.998,100.001,99.995,0.006,0.01,15971,159714017.0,-0.0969999999999942,0.0,-0.0049999999999954525,99.99600000000001,100.0068,100.00534999999999,100.00224444176015,100.00463582397627,100.00449795595796,0.009999999999990905,0.745357142857142,0.006000000000000227,0.0,0.007369052580136041,0.007581012063842405,0.9720407404814321,49.291108470919774,100.00558333333333,100.00507692307693,100.00484542056628,100.00386583151003,0.0009795890562571685,0.0024258059764782226,0.002353731983155375,0.5940712645972652
99.998,100.002,99.99,100.001,100.001,0.0,0.0,6263,62634248.0,0.012000000000000455,0.009000000000000341,0.0,99.9984,100.0077,100.00534999999999,100.00182962784012,100.00397476507149,100.00416481729529,0.012000000000000455,0.7457857142857135,0.0,-0.0,0.0068426916815548956,0.0070395112021393765,0.9720407404814321,49.291108470919774,100.00583333333333,100.00534615384616,100.00425381740224,100.00365354769447,0.0006002697077747143,0.0025319721377109593,0.0020030395280792425,-0.607851731262914
99.993,100.001,99.993,100.0,100.001,-0.001,0.0,6910,69101612.0,0.0030000000000001137,0.007999999999995566,-0.007000000000005002,99.999,100.0085,100.00500000000001,100.00121975189342,100.00325208051304,100.00376816802907,0.008000000000009777,0.7456428571428576,0.0,0.0010000000000047748,0.00635392799001526,0.006608117544844048,0.9615337419312225,49.01948518023184,100.00574999999999,100.0053076923077,100.00359938395574,100.00338291453191,0.00021646942383313217,0.002604023499564,0.0016457255072300206,0.10330512533929426
99.995,100.0,99.995,99.997,100.0,-0.003,0.0,6706,67056147.0,-0.0010000000000047748,-0.0010000000000047748,-0.009000000000000341,99.9988,100.00840000000001,100.00455000000001,99.99981316792895,100.00211533860157,100.00312358059773,0.0049999999999954525,0.7455714285714288,0.0,0.0030000000000001137,0.005900075990728456,0.006350394863069481,0.9290880516800869,48.16203443232789,100.00616666666667,100.0048076923077,100.0025840941164,100.00291010604806,-0.00032601193166215126,0.0025332993066547894,0.0012513780194515862,-0.029522431259044857
99.997,100.001,99.995,99.999,99.997,0.002,0.0,14478,144776657.0,0.003999999999990678,-0.009000000000000341,-0.007000000000005002,99.99960000000002,100.0075,100.0042,99.99954211195264,100.00154891340128,100.00273085863603,0.006000000000000227,0.03128571428571446,0.001999999999995339,0.0,0.00562149913424752,0.0058967952299930895,0.9533142859793874,48.80496153753351,100.00675000000001,100.00446153846154,100.00203269502157,100.00262046856301,-0.0005877735414401286,0.0015715262289448776,0.0008835477072732433,1.1589621234715182
99.981,100.017,99.98,100.0,99.999,0.001,0.0,9865,98650701.0,-0.0010000000000047748,-0.09799999999999898,-0.025000000000005684,99.9994,99.9977,100.00295000000001,99.99969474130177,100.00126729278287,100.00247077686116,0.03699999999999193,0.03285714285714241,0.0010000000000047748,0.0,0.0052913920532301805,0.005475595570707869,0.9663591813714111,49.14459120827746,100.00691666666667,100.00423076923077,100.00171997271056,100.00242635978056,-0.0007063870699965946,0.0008975903911571473,0.0005655607518192757,-0.3186213565409587
99.998,99.998,99.981,99.983,100.0,-0.017,-0.02,8123,81218225.0,-0.018000000000000682,-0.006000000000000227,-0.015999999999991132,99.9958,99.9971,100.00215,99.99412982753452,99.99794596682234,100.00061641716009,0.019000000000005457,0.03385714285714313,0.0,0.016999999999995907,0.004913435477999453,0.006298767315657015,0.7800630237262448,43.82221378281999,100.00483333333334,100.00334615384615,99.99883997690894,100.00098737016718,-0.0021473932582409816,0.00023525913044074464,2.2969949807224207e-05,-0.17658388241256973
99.983,99.99,99.978,99.989,99.983,0.006,0.01,9487,94856630.0,-0.01099999999999568,-0.007999999999995566,-0.009000000000000341,99.9936,99.99629999999999,100.0017,99.99241988502303,99.9963194274001,99.99951009171627,0.012000000000000455,0.033357142857143786,0.006000000000000227,0.0,0.004991047229570937,0.005848855364538657,0.8533374341638585,46.04328485648085,99.99575,100.0028846153846,99.99732613430757,100.00009941682146,-0.0027732825138855333,-0.00036611446846911296,-0.0005362805429313273,0.16791825680167416
99.992,99.992,99.974,99.976,99.989,-0.013,-0.01,10841,108382331.0,-0.021000000000000796,-0.02200000000000557,-0.02200000000000557,99.9894,99.9941,100.00059999999999,99.98694659001536,99.99262498605461,99.99727103536235,0.018000000000000682,0.032571428571429806,0.0,0.01300000000000523,0.004634543856030156,0.006359651409929126,0.7287418063188789,42.15446191300456,99.99466666666666,100.00169230769231,99.99404519056795,99.99831427483468,-0.004269084266738332,-0.0010015115993443008,-0.0012828412876927284,0.1427216190576579
99.979,99.979,99.922,99.959,99.976,-0.017,-0.02,12105,121006773.0,-0.03999999999999204,-0.036000000000001364,-0.03900000000000148,99.9814,99.9905,99.99865,99.97763106001025,99.98651135222649,99.99362617485164,0.05700000000000216,0.02414285714285772,0.0,0.016999999999995907,0.004303505009170859,0.00711967630921961,0.604452340564703,37.6734369281396,99.99149999999999,99.99988461538463,99.98865362278826,99.99540210632841,-0.006748483540150119,-0.0018601863322784437,-0.002375969738184207,0.11659441010976845
99.989,99.994,99.983,99.988,99.959,0.029,0.03,13566,135644900.0,-0.012000000000000455,-0.01300000000000523,-0.01300000000000523,99.97900000000001,99.98920000000001,99.998,99.98108737334019,99.98678201545803,99.9930903486753,0.03499999999999659,0.017642857142857134,0.028999999999996362,0.0,0.006067540365658396,0.006611128001418209,0.9177768702038134,47.85629050298619,99.99066666666668,99.99919230769231,99.98855306543622,99.99485380215594,-0.006300736719722977,-0.002626964824222632,-0.0031609231344919613,0.12069392812887236
99.989,99.991,99.981,99.987,99.988,-0.001,0.0,11925,119235418.0,0.003999999999990678,-0.014000000000010004,-0.005000000000009663,99.9798,99.98780000000001,99.99775,99.98305824889346,99.98682164901112,99.99251031546812,0.010000000000005116,0.017642857142857134,0.0,0.0010000000000047748,0.005634144625254225,0.006210333144174392,0.9072209967575312,47.56769133204273,99.99,99.99773076923078,99.98831413229217,99.99427203903329,-0.005957906741116403,-0.0033130066203281355,-0.00372031985581685,-0.12096417514374169
99.987,99.991,99.985,99.991,99.987,0.004,0.0,19287,192851190.0,0.001999999999995339,-0.009000000000000341,-0.0010000000000047748,99.9802,99.9869,99.9977,99.98570549926231,99.98758134919092,99.99236647589973,0.006000000000000227,0.0173571428571425,0.0040000000000048885,0.0,0.005517420009164987,0.005766737919590507,0.956766214469614,48.89527463192365,99.98916666666666,99.99742307692307,99.98872734270876,99.99402966577156,-0.0053023230628070905,-0.00386593007934424,-0.004036720497214898,0.6173584905660376
99.989,99.997,99.989,99.997,99.991,0.006,0.01,14106,141044694.0,0.021000000000000796,0.0,-0.0010000000000047748,99.98440000000001,99.9869,99.99765,99.98947033284153,99.9892938311562,99.99280776390928,0.007999999999995566,0.0173571428571425,0.006000000000000227,0.0,0.005551890008510361,0.005354828068191185,1.036800796927499,50.903397057361055,99.98883333333333,99.99738461538462,99.9900000592151,99.99424969052923,-0.004249631314124258,-0.004272803165198032,-0.00407930266059677,-0.26862653600871056
99.994,99.999,99.994,99.996,99.997,-0.001,0.0,13773,137722090.0,0.03699999999999193,-0.0030000000000001137,-0.012000000000000455,99.9918,99.9866,99.99705,99.99164688856102,99.99051313458234,99.99311178639411,0.0049999999999954525,0.016999999999999967,0.0,0.0010000000000047748,0.0051553264364739065,0.005043768920463584,1.0221178879860477,50.54689907342831,99.9885,99.9973076923077,99.99092312702817,99.99437934308261,-0.003456216054445349,-0.004578339719025671,-0.003954685339366486,-0.023606975754997928
99.994,100.005,99.994,100.002,99.996,0.006,0.01,11459,114594418.0,0.013999999999995794,0.001999999999995339,-0.09600000000000364,99.99459999999999,99.9868,99.99225,99.99509792570734,99.99260165556737,99.993958282928,0.01099999999999568,0.016928571428571054,0.006000000000000227,0.0,0.005215660262440073,0.004683499711859043,1.113624550725081,52.68790762025596,99.98891666666667,99.99746153846155,99.99262726133152,99.99494383618762,-0.002316574856095599,-0.004597137674342851,-0.0036270632427123084,-0.16800987439192627
99.993,99.998,99.992,99.996,100.002,-0.006,-0.01,7029,70292168.0,0.009000000000000341,0.012999999999991019,0.006999999999990791,99.99640000000001,99.9881,99.9926,99.99539861713824,99.9932195363733,99.99415273217295,0.009999999999990905,0.01707142857142685,0.0,0.006000000000000227,0.0048431131008372106,0.004777535446726271,1.013726251713292,50.34081722134807,99.98866666666665,99.99726923076923,99.99314614420359,99.99502207054408,-0.0018759263404888316,-0.004497431432854328,-0.0032768358622676133,-0.3865956889780958
99.993,99.997,99.993,99.996,99.996,0.0,0.0,11702,117017347.0,0.0049999999999954525,0.006999999999990791,-0.0010000000000047748,99.9974,99.9888,99.99255000000001,99.99559907809216,99.99372507521451,99.99432866244219,0.0040000000000048885,0.016999999999998953,0.0,-0.0,0.00449717645077741,0.004436282914817252,1.013726251713292,50.34081722134807,99.98833333333333,99.99742307692307,99.9935851989415,99.99509450976304,-0.0015093108215324946,-0.004190789938942569,-0.00292333085412059,0.6648171859439465
99.993,99.997,99.992,99.995,99.996,-0.001,0.0,14446,144451703.0,-0.001999999999995339,0.019000000000005457,-0.0030000000000001137,99.997,99.9907,99.9924,99.99539938539478,99.99395687972097,99.99439259935247,0.0049999999999954525,0.01692857142857004,0.0,0.000999999999990564,0.004175949561436167,0.004190834135186774,0.9964483028269635,49.91104960824662,99.98933333333332,99.99753846153847,99.9938028606428,99.99508750903985,-0.0012846483970463396,-0.0035836971452643715,-0.0025955943627057397,0.23448983079815422
99.992,99.997,99.99,99.996,99.995,0.001,0.0,4663,46626611.0,0.0,0.03699999999999193,0.000999999999990564,99.99699999999999,99.9944,99.99244999999999,99.99559959026318,99.99432835613534,99.99454568512841,0.007000000000005002,0.014785714285713831,0.000999999999990564,0.0,0.003949096021332909,0.0038914888398162905,1.0148033783181396,50.367365333943816,99.98991666666666,99.99746153846155,99.99414088208238,99.99515510096282,-0.0010142188804422858,-0.0029963062742331837,-0.0022793192662530493,-0.6772116848954728
99.997,99.998,99.994,99.997,99.996,0.001,0.0,5164,51637532.0,-0.0049999999999954525,0.009000000000000341,-0.0040000000000048885,99.996,99.9953,99.99225,99.99606639350878,99.99481410956527,99.9947794294019,0.0040000000000048885,0.01371428571428522,0.0010000000000047748,0.0,0.003738446305523757,0.0036135253512579843,1.0345703826935333,50.84957450938036,99.99166666666667,99.99703846153847,99.9945807463774,99.99529176015076,-0.000711013773369018,-0.0024133181667056964,-0.001965658167676243,0.10744156122667814
99.989,99.989,99.98,99.983,99.997,-0.014,-0.01,3032,30315447.0,-0.012999999999991019,-0.003999999999990678,-0.018000000000000682,99.9934,99.9949,99.99135,99.99171092900588,99.9926660896443,99.99365757898268,0.016999999999995907,0.014071428571427751,0.0,0.013999999999995794,0.0034714144265577747,0.004355416397596399,0.7970338791196924,44.352746399535484,99.99366666666667,99.99261538461539,99.99279909308856,99.99438125939885,-0.0015821663102855155,-0.0019999674164255213,-0.0018889597961980976,-0.412858249419055
99.98,99.996,99.977,99.989,99.983,0.006,0.01,6675,66744324.0,-0.006999999999990791,-0.001999999999995339,-0.01099999999999568,99.992,99.9947,99.99080000000001,99.99080728600393,99.99199952789078,99.99321400003195,0.018999999999991246,0.01414285714285565,0.006000000000000227,0.0,0.0036520276818036643,0.004044315226339514,0.9030027278830818,47.4514678645569,99.99374999999999,99.99261538461539,99.99221461722878,99.99398264759152,-0.0017680303627400917,-0.001724233977382836,-0.0018647739095064965,1.2015171503957784
99.987,99.99,99.984,99.988,99.989,-0.001,0.0,8749,87479192.0,-0.007000000000005002,-0.009000000000000341,-0.009000000000000341,99.9906,99.9938,99.99035,99.98987152400264,99.99127234100155,99.99271742860034,0.006000000000000227,0.010499999999998368,0.0,0.0010000000000047748,0.003391168561674831,0.0038268641387441756,0.8861481460347003,46.981895239654065,99.99383333333334,99.99226923076922,99.9915662145782,99.99353948851068,-0.001973273932478037,-0.0015594626304975792,-0.0018864739141008047,0.31071161048689144
99.99,99.999,99.99,99.997,99.988,0.009,0.01,14366,143654176.0,0.0010000000000047748,0.0010000000000047748,-0.001999999999995339,99.99080000000001,99.99390000000001,99.99024999999999,99.99224768266842,99.99231373354671,99.99312529254317,0.01099999999999568,0.008785714285712589,0.009000000000000341,0.0,0.003791799378698082,0.0035535167002624488,1.0670554547887827,51.62200425328296,99.99433333333333,99.99223076923076,99.99240218156618,99.99379582269508,-0.0013936411288995032,-0.001456914438586902,-0.0017879073570605444,0.6420162304263344
99.999,100.006,99.998,100.006,99.997,0.009,0.01,20365,203648517.0,0.009000000000000341,0.0040000000000048885,0.006000000000000227,99.99260000000001,99.9943,99.99055,99.99683178844563,99.99480214562912,99.99435145515811,0.009000000000000341,0.008714285714283676,0.009000000000000341,0.0,0.004163813708791101,0.0032996940788151312,1.2618787103701026,55.788964482698816,99.99508333333334,99.99265384615384,99.99449415363291,99.99469983582877,-0.00020568219585470615,-0.0012713317558497768,-0.0014714623248193767,0.41758318251426974
99.991,100.0,99.99,99.999,100.006,-0.007,-0.01,18478,184769842.0,0.015999999999991132,0.0030000000000001137,0.015999999999991132,99.9958,99.9946,99.99135,99.99755452563043,99.99556539187836,99.99479417371447,0.016000000000005343,0.009428571428569756,0.0,0.007000000000005002,0.003866398443877451,0.003564001644614408,1.084847547621084,52.03486215857604,99.99533333333333,99.99257692307694,99.99518736076631,99.99501836650812,0.0001689942581890591,-0.001084853413658493,-0.0011433710082176898,-0.09265897372943777
99.998,99.999,99.995,99.998,99.999,-0.001,0.0,17436,174354227.0,0.009000000000000341,0.0020000000000095497,0.009000000000000341,99.9976,99.9948,99.9918,99.99770301708696,99.99600804790046,99.99509949050356,0.003999999999990678,0.00914285714285512,0.0,0.000999999999990564,0.003590227126457633,0.003380858669998419,1.061927597955259,51.50169186388189,99.995,99.99246153846154,99.99562007449458,99.99523922824827,0.0003808462463155138,-0.0008997984532849538,-0.0008385275573110491,-0.05639138434895552
99.998,99.999,99.993,99.997,99.998,-0.001,0.0,16086,160857060.0,0.009000000000000341,0.001999999999995339,0.021000000000000796,99.9994,99.995,99.99285,99.99746867805797,99.99618840282764,99.99528049140798,0.006000000000000227,0.009214285714284034,0.0,0.0010000000000047748,0.0033337823317106594,0.003210797336427445,1.0383035683653756,50.93959430184615,99.99508333333334,99.99234615384616,99.99583237072619,99.99536965578544,0.00046271494075256214,-0.0007356946953744151,-0.0005782790576983269,-0.07742601514108738
99.994,99.998,99.991,99.998,99.997,0.001,0.0,15507,155064612.0,0.0010000000000047748,0.0020000000000095497,0.03900000000000148,99.99960000000002,99.9952,99.9948,99.99764578537199,99.9965177841317,99.99553949222627,0.007000000000005002,0.008928571428570413,0.0010000000000047748,0.0,0.003167083593731668,0.0029814546695397705,1.0622611928627952,51.50953703338531,99.99525,99.99238461538462,99.99616585215293,99.99556449609763,0.0006013560552986519,-0.0005898758255224518,-0.00034235203509893117,-0.035994032077583005
99.998,100.0,99.993,99.998,99.998,0.0,0.0,12441,124408306.0,-0.007999999999995566,0.0010000000000047748,0.010000000000005116,99.998,99.9953,99.9953,99.99776385691467,99.99678727792592,99.99577382629997,0.007000000000005002,0.008714285714285706,0.0,-0.0,0.0029408633370365486,0.0027684936217155015,1.0622611928627952,51.50953703338531,99.99549999999999,99.99234615384616,99.9964480287448,99.9957449037941,0.000703124950689471,-0.00033595457430300887,-0.00013325663794125077,-0.19771715999226158
99.994,99.994,99.98,99.99,99.998,-0.008,-0.01,15792,157893201.0,-0.009000000000000341,0.006999999999990791,0.0030000000000001137,99.9962,99.99600000000001,99.99545,99.9951759046098,99.99555322739391,99.99522393808093,0.018000000000000682,0.009714285714285406,0.0,0.008000000000009777,0.0027308016701053667,0.0031421726487365215,0.869080720692872,46.49776283448593,99.995,99.99196153846152,99.99545602432252,99.99531935536491,0.0001366689576087765,-0.00012432131648646796,-7.927151883124532e-05,0.26935133831685554
99.988,99.989,99.984,99.985,99.99,-0.005,-0.01,11218,112166418.0,-0.01300000000000523,-0.0040000000000048885,-0.006000000000000227,99.99359999999999,99.9956,99.99515,99.99178393640653,99.99363445877682,99.99425022969227,0.006000000000000227,0.009785714285714318,0.0,0.0049999999999954525,0.0025357444079549835,0.003274874602397874,0.7743027492100929,43.63983257957567,99.99399999999999,99.99203846153847,99.99384740519598,99.99455495867122,-0.0007075534752374324,1.6314289873599188e-05,-0.00020492791011248276,-0.28964032421479236
99.99,99.993,99.9,99.963,99.985,-0.022,-0.02,33295,332763376.0,-0.034000000000006025,-0.025000000000005684,-0.034000000000006025,99.9868,99.9931,99.99345,99.9821892909377,99.98806455718103,99.99127401734063,0.09299999999998931,0.01592857142857034,0.0,0.02200000000000557,0.0023546198073867704,0.004612383559369852,0.5104995664559303,33.79673703936971,99.99233333333332,99.99103846153847,99.98910165055044,99.99221755432521,-0.0031159037747698903,-0.0001750482263342216,-0.0007871230830439643,1.967997860581209
99.96,99.971,99.957,99.97,99.963,0.007,0.01,15291,152856490.0,-0.028000000000005798,-0.027000000000001023,-0.02599999999999625,99.9812,99.9904,99.99215,99.97812619395847,99.98478009223902,99.98924792045105,0.014000000000010004,0.01664285714285642,0.007000000000005002,0.0,0.0026864326782880727,0.004282927590843434,0.6272421425081892,38.546331005253734,99.99074999999999,99.9908076923077,99.98616293508114,99.99057180956038,-0.004408874479238989,-0.0006420695911546975,-0.0015114733622829694,-0.5407418531311008
99.973,99.995,99.973,99.995,99.97,0.025,0.03,17902,179005390.0,-0.0030000000000001137,-0.01099999999999568,-0.006999999999990791,99.9806,99.9893,99.9918,99.98375079597233,99.98663825728647,99.98979573755096,0.025000000000005684,0.01721428571428569,0.025000000000005684,0.0,0.004280258915553617,0.003977004191497474,1.0762520504012738,51.83629079105634,99.99133333333333,99.99219230769229,99.98752248353019,99.99089982366702,-0.0033773401368364375,-0.0010361067461575305,-0.0018846467171936632,0.1707540383231967
99.985,100.002,99.982,99.999,99.995,0.004,0.0,15878,158765997.0,0.009000000000000341,0.0,0.0030000000000001137,99.98240000000001,99.98929999999999,99.99195,99.98883386398155,99.98888584687074,99.99067233397469,0.01999999999999602,0.017285714285714602,0.003999999999990678,0.0,0.004260240421584836,0.003692932463533369,1.153619911453423,53.56655115037798,99.99150000000002,99.99261538461539,99.98928825529477,99.99149983672872,-0.0022115814339542794,-0.0013241542661875075,-0.0019500336605457866,-0.11305999329683836
99.996,100.011,99.991,99.999,99.999,0.0,0.0,22509,225080439.0,0.013999999999995794,0.000999999999990564,0.0030000000000001137,99.98519999999999,99.9894,99.99210000000001,99.99222257598771,99.99072478380333,99.99146544502472,0.01999999999999602,0.0182857142857143,0.0,-0.0,0.003955937534328776,0.0034291515732809857,1.1536199114534227,53.56655115037798,99.99091666666668,99.99307692307691,99.9907823698648,99.99205540437843,-0.0012730345136304777,-0.001517015316674512,-0.001814633831162725,0.4176218667338456
100.007,100.007,99.993,99.993,99.999,-0.006,-0.01,13646,136454151.0,0.030000000000001137,-0.0040000000000048885,-0.0020000000000095497,99.99119999999999,99.989,99.992,99.99248171732515,99.99113845947544,99.9916115931176,0.014000000000010004,0.01850000000000104,0.0,0.006000000000000227,0.0036733705675910068,0.0036127836037609315,1.0167701613146727,50.415767786442764,99.99041666666666,99.99315384615383,99.99112354373176,99.99212537442448,-0.0010018306927150888,-0.0016951471775649275,-0.001652073203473198,-0.39375360966724426
99.993,99.998,99.988,99.995,99.993,0.002,0.0,13754,137529237.0,0.025000000000005684,-0.0030000000000001137,-0.000999999999990564,99.9962,99.98870000000001,99.99195,99.99332114488344,99.99184055775262,99.99193429853497,0.010000000000005116,0.018571428571429953,0.0020000000000095497,0.0,0.0035538440984780456,0.003354727632063722,1.0593539888339112,51.441082717098084,99.99016666666665,99.99307692307693,99.99171992161918,99.9923383096523,-0.000618388033117867,-0.0018419819535435205,-0.0014453361694021318,0.00791440715227898
99.993,99.998,99.993,99.998,99.995,0.003,0.0,12631,126302068.0,0.0030000000000001137,0.0,0.0010000000000047748,99.99680000000001,99.9887,99.99199999999999,99.99488076325564,99.99296045634304,99.99251198438878,0.005000000000009663,0.017785714285715976,0.0030000000000001137,0.0,0.003514283805729622,0.0031151042297734564,1.1281432486723553,53.01068193488144,99.99025,99.99315384615385,99.99268608752391,99.9927576941225,-7.160659859550833e-05,-0.0018651236820106634,-0.0011705902552408072,-0.08164897484368183
99.995,100.0,99.99,99.998,99.998,0.0,0.0,23375,233736520.0,-0.000999999999990564,0.008000000000009777,0.015000000000000568,99.9966,99.98949999999999,99.99275,99.9959205088371,99.99387673700794,99.99303465254224,0.010000000000005116,0.018214285714288434,0.0,-0.0,0.003263263533891792,0.002892596784789638,1.1281432486723553,53.01068193488144,99.99025,99.993,99.99350361252024,99.9931460130764,0.000357599443844947,-0.0017467733576681768,-0.0008649523154236564,0.8506056527590848
99.997,99.997,99.988,99.989,99.998,-0.009,-0.01,15404,154027024.0,-0.009999999999990905,0.0040000000000048885,0.0,99.9946,99.9899,99.99275,99.99361367255808,99.99299005755194,99.99265039991917,0.010000000000005116,0.01850000000000307,0.0,0.009000000000000341,0.00303017328147095,0.003328839871590403,0.910279075701902,47.65162783178339,99.9895,99.99273076923076,99.9928107490556,99.99283890099666,-2.8151941066312247e-05,-0.0014036898205900014,-0.0006975922405521877,-0.3410053475935829
99.985,99.985,99.973,99.976,99.989,-0.013,-0.01,14300,142967899.0,-0.016999999999995907,0.01300000000000523,-0.012000000000000455,99.9912,99.9912,99.99215,99.98774244837206,99.98990095617884,99.99106464754593,0.016000000000005343,0.019142857142860237,0.0,0.01300000000000523,0.0028137323327944537,0.004019637023620033,0.6999966206551761,41.176353655656,99.98833333333333,99.99196153846152,99.99022447997012,99.9915915749969,-0.0013670950267794524,-0.001065714325872275,-0.0008314927977976407,-0.0716696961828096
99.973,99.973,99.752,99.875,99.976,-0.101,-0.1,5912,59049501.0,-0.12000000000000455,-0.09499999999999886,-0.12199999999999989,99.9672,99.9817,99.98605,99.95016163224804,99.96900987323723,99.98001087158917,0.22400000000000375,0.034642857142860146,0.0,0.10099999999999909,0.002612751451880564,0.01094680580764711,0.23867706231304245,19.268707686194578,99.97916666666667,99.98734615384615,99.9724976368978,99.98295516203417,-0.010457525136374102,-0.0018524015480431268,-0.0027566992655129333,-0.5865734265734266
99.9,99.989,99.888,99.926,99.875,0.051,0.05,7699,76916414.0,-0.07200000000000273,-0.06900000000000261,-0.0799999999999983,99.9528,99.97479999999999,99.98205,99.94210775483204,99.96118989628499,99.97486697905687,0.11400000000000432,0.04150000000000326,0.05100000000000193,0.0,0.00606898349103209,0.010164891107100888,0.5970534683635205,37.384688752801324,99.97608333333335,99.98465384615383,99.96534415429814,99.97873626114276,-0.013392106844619889,-0.0030946821492281945,-0.004883780781334324,0.30226657645466837
99.93,99.945,99.9,99.922,99.926,-0.004,0.0,7865,78590053.0,-0.07600000000000762,-0.07699999999999818,-0.07699999999999818,99.9376,99.9671,99.97819999999999,99.93540516988803,99.9540644605968,99.96983202867051,0.044999999999987494,0.04428571428571664,0.0,0.0040000000000048885,0.005635484670244084,0.009724541742308317,0.5795115923793019,36.68929023220101,99.97208333333333,99.98176923076923,99.95867582286766,99.97453357513218,-0.01585775226452313,-0.004715206343771822,-0.0070785750779720855,0.02156124171970375
99.925,99.951,99.919,99.95,99.922,0.028,0.03,15648,156369710.0,-0.03900000000000148,-0.04899999999999238,-0.04800000000000182,99.9298,99.96220000000001,99.97579999999999,99.94027011325869,99.953325467761,99.96794326403523,0.031999999999996476,0.0399285714285743,0.028000000000005798,0.0,0.0072329500509413485,0.009029931617857723,0.8009972120538944,44.475205552396204,99.96833333333332,99.98049999999999,99.95734108088801,99.97271627327054,-0.015375192382521163,-0.006312246531528053,-0.008737898538881902,0.9895740623013349
99.95,99.979,99.95,99.978,99.95,0.028,0.03,4622,46204417.0,0.001999999999995339,-0.015000000000000568,-0.019000000000005457,99.9302,99.9607,99.97485,99.95284674217247,99.9578117463499,99.96890104841282,0.028999999999996362,0.04100000000000189,0.027999999999991587,0.0,0.008716310761587794,0.008384936502296457,1.03952018708795,50.96885991465418,99.96658333333333,99.98007692307692,99.960519376136,99.97310766043567,-0.012588284299667407,-0.007642235005589113,-0.009507975691039004,-0.7046267893660532
99.981,99.997,99.979,99.982,99.978,0.004,0.0,8420,84187751.0,0.10699999999999932,-0.01300000000000523,-0.016000000000005343,99.95160000000001,99.95939999999999,99.97405,99.96256449478165,99.96220961064992,99.97014856761159,0.019000000000005457,0.040571428571430444,0.0040000000000048885,0.0,0.00837943142147473,0.007786012466418139,1.0762160294009375,51.83545518196699,99.96516666666666,99.97984615384615,99.9638240874997,99.97376635225525,-0.009942264755551378,-0.008738974800806432,-0.00959483350394148,0.8217221981826048
99.985,99.997,99.985,99.993,99.982,0.011,0.01,5258,52574184.0,0.06699999999999307,-0.005000000000009663,-0.005000000000009663,99.96499999999999,99.9589,99.9738,99.97270966318777,99.96780786325901,99.97232489450572,0.015000000000000568,0.040214285714287916,0.01099999999999568,0.0,0.008566614891369083,0.007229868718816843,1.184892177789225,54.23115107621255,99.96516666666666,99.97969230769232,99.96831268942283,99.97519106690301,-0.006878377480177278,-0.009542972236808901,-0.009051542299188638,-0.37553444180522566
99.99,99.99,99.975,99.977,99.993,-0.016,-0.02,3877,38762526.0,0.05500000000000682,-0.021000000000000796,-0.012999999999991019,99.976,99.9568,99.97315,99.97413977545853,99.96947916084828,99.97277014264805,0.018000000000000682,0.0400714285714311,0.0,0.015999999999991132,0.007954713827699862,0.007856306667472151,1.0125258807214275,50.31119800349939,99.96366666666667,99.97857692307693,99.96964919874239,99.97532506194723,-0.005675863204842813,-0.010170495710561845,-0.008376406480319475,-0.2626473944465576
99.975,99.975,99.556,99.912,99.977,-0.065,-0.07,5864,58620425.0,-0.0379999999999967,-0.07699999999999818,-0.07299999999999329,99.9684,99.9491,99.96950000000001,99.95342651697236,99.95902840433041,99.9669825100149,0.4210000000000065,0.06914285714285942,0.0,0.06499999999999773,0.007386519982864158,0.011937999048366834,0.6187402053675539,38.22356443090025,99.9565,99.97523076923076,99.96078009124356,99.9706343166178,-0.009854225374240855,-0.011113510193613112,-0.008671970259103752,0.5125096724271343
99.915,99.983,99.914,99.959,99.912,0.047,0.05,1463,14616717.0,-0.018999999999991246,-0.016999999999995907,-0.003999999999990678,99.96459999999999,99.94739999999999,99.9693,99.95528434464825,99.9590232399067,99.96622227096586,0.07099999999999795,0.07350000000000177,0.046999999999997044,0.0,0.010216054269802221,0.011085284830626346,0.9215869890485249,47.959680946052266,99.95325000000001,99.97373076923077,99.96050623105225,99.96977251538686,-0.009266284334614738,-0.010981150104528738,-0.008790833074205948,-0.7505115961800819
99.93,99.991,99.93,99.991,99.959,0.032,0.03,9343,93399706.0,0.009000000000000341,0.11599999999999966,0.021000000000000796,99.96640000000001,99.95899999999999,99.97035000000001,99.96718956309884,99.96483719628729,99.9685820546834,0.06099999999999284,0.07750000000000057,0.031999999999996476,0.0,0.011772050393387525,0.010293478771295893,1.143641586575642,53.350410522803436,99.95341666666667,99.9735,99.96519758012113,99.9713449216545,-0.006147341533377926,-0.010176176181057409,-0.008262134766040343,5.386192754613807
99.997,100.017,99.978,100.012,99.991,0.021,0.02,16519,165194922.0,0.019000000000005457,0.08599999999999852,0.016999999999995907,99.9702,99.9676,99.9712,99.98212637539923,99.97341225150778,99.9727170970945,0.03900000000000148,0.07957142857142888,0.021000000000000796,0.0,0.012431189651002759,0.009558230287631902,1.3005744030972335,56.532594700970634,99.95641666666667,99.97403846153846,99.97239795241018,99.97435640893936,-0.0019584565291808076,-0.008631809988241597,-0.007001399118668436,0.7680616504334796
99.984,99.988,99.56,99.981,100.012,-0.031,-0.03,10586,105839789.0,0.003999999999990678,0.0589999999999975,-0.018000000000000682,99.971,99.9735,99.9703,99.98175091693282,99.97479184214274,99.97350594499025,0.4519999999999982,0.11114285714285696,0.0,0.03100000000000591,0.01154324753307399,0.011089785267087189,1.0408900853412022,51.001770885039264,99.96525000000001,99.97338461538462,99.97372134434707,99.97484852679571,-0.0011271824486414062,-0.007048697773366068,-0.0058265557846630305,-0.35916217688722074
99.98,99.987,99.98,99.987,99.981,0.006,0.01,10839,108375541.0,0.07499999999998863,0.03699999999999193,-0.012000000000000455,99.98599999999999,99.9772,99.9697,99.98350061128855,99.97701150720769,99.97479109308641,0.006999999999990791,0.11049999999999878,0.006000000000000227,0.0,0.011147301280711579,0.010297657748009533,1.082508426041473,51.98098660753821,99.97033333333333,99.97326923076925,99.97576421444751,99.97574863592196,1.5578525548676225e-05,-0.00564826857056428,-0.004658128922620689,0.02389948989231061
99.984,99.996,99.983,99.99,99.987,0.003,0.0,10935,109341121.0,0.0309999999999917,0.012000000000000455,-0.0030000000000001137,99.9922,99.9784,99.96955,99.98566707419238,99.97937305135173,99.9762395604115,0.012999999999991019,0.0954285714285693,0.0030000000000001137,0.0,0.01056535118923219,0.009562110766008852,1.1049183018031574,52.49221790967565,99.976,99.97346153846154,99.97795433530175,99.97680429252033,0.0011500427814183922,-0.004415789955345417,-0.0034964945818128732,0.00885690561859942
99.999,100.014,99.999,100.008,99.99,0.018,0.02,14722,147232793.0,0.016999999999995907,0.02599999999999625,0.012999999999991019,99.9956,99.98100000000001,99.9702,99.99311138279492,99.98457795110595,99.97926436418183,0.02400000000000091,0.08899999999999762,0.018000000000000682,0.0,0.01109639753285851,0.008879102854151078,1.249720575955579,55.55003538271656,99.98083333333334,99.97519230769231,99.98257674525533,99.97911508566698,0.0034616595883534274,-0.0032668969477308942,-0.002104863747779613,0.34631915866483776
100.0,100.004,99.99,100.003,100.008,-0.005,-0.01,5123,51232354.0,-0.009000000000000341,0.010000000000005116,0.0049999999999954525,99.9938,99.982,99.97045,99.99640758852996,99.98792741454122,99.98152490092642,0.018000000000000682,0.08707142857142713,0.0,0.0049999999999954525,0.010303797709082902,0.008602024078854248,1.19783409284008,54.50066029743935,99.98291666666667,99.97646153846154,99.98571878444682,99.98088433858052,0.0048344458662938905,-0.002099084828715705,-0.0007170018249649126,-0.6520173889417199
100.0,100.001,99.996,100.0,100.003,-0.003,0.0,7434,74337609.0,0.019000000000005457,0.022999999999996135,0.001999999999995339,99.99759999999999,99.98429999999999,99.97055,99.99760505901997,99.99012243007918,99.98328443417151,0.007000000000005002,0.08528571428571345,0.0,0.0030000000000001137,0.009567812158434124,0.008201879501793238,1.166538981259386,53.84343376001892,99.98441666666668,99.97665384615385,99.98791589453192,99.98230031350049,0.005615581031435113,-0.0003802174503072643,0.0005495147463150925,0.4511028694124537
99.999,100.003,99.997,100.001,100.0,0.001,0.0,8002,80024171.0,0.014000000000010004,0.08899999999999864,0.012000000000000455,100.0004,99.9932,99.97115,99.99873670601332,99.99210017006479,99.98497163091707,0.006000000000000227,0.08364285714285659,0.0010000000000047748,0.0,0.00895582557568917,0.007616030965950864,1.1759176946270509,54.042379338645034,99.98508333333335,99.97673076923077,99.98992883383471,99.98368547546342,0.006243358371293084,0.0013430761836824938,0.0016882834713106908,0.0764057035243475
100.0,100.005,99.802,99.803,100.001,-0.198,-0.2,6893,68929551.0,-0.1869999999999976,-0.1560000000000059,-0.17300000000000182,99.963,99.97760000000001,99.9625,99.93349113734223,99.95771832096209,99.96764099940115,0.20299999999998875,0.09678571428571255,0.0,0.1980000000000075,0.00831612374885423,0.02121488589695491,0.3919947431839777,28.16064824263265,99.97058333333332,99.96919230769231,99.96117055170629,99.97030136616983,-0.009130814463546244,0.0010115791914415695,-0.000475536115660696,-0.138590352411897
100.0,100.006,100.0,100.003,99.803,0.2,0.2,7400,74004761.0,-0.0049999999999954525,0.012000000000000455,0.1280000000000001,99.962,99.9788,99.9689,99.95666075822817,99.96595135351443,99.97100852326771,0.20300000000000296,0.11021428571428414,0.20000000000000284,0.0,0.022007829195364845,0.019699536904315272,1.1171749519931067,52.76724773932352,99.97816666666667,99.96957692307693,99.96760585144378,99.97272348719429,-0.005117635750508498,0.000660559277960715,-0.0014039560426302566,0.07355287973306246
99.993,100.0,99.993,99.998,100.003,-0.005,-0.01,5278,52779714.0,-0.0049999999999954525,-0.013999999999995794,0.07200000000000273,99.96100000000001,99.9774,99.9725,99.97044050548546,99.97177838014815,99.97357914009936,0.010000000000005116,0.10964285714285589,0.0,0.0049999999999954525,0.020435841395695927,0.01864956998257814,1.0957808364904105,52.2850871337006,99.98141666666665,99.96969230769231,99.97228187429857,99.9745958214762,-0.002313947177626119,0.0005286965302957469,-0.0015859542696294291,-0.2867567567567567
99.995,99.995,99.98,99.985,99.998,-0.013,-0.01,6044,60432942.0,-0.015000000000000568,0.0040000000000048885,0.06300000000000239,99.958,99.9778,99.97565,99.97529367032365,99.97418231103029,99.97466684104228,0.018000000000000682,0.08085714285714118,0.0,0.01300000000000523,0.018976138438860504,0.01824602926953722,1.0400146880473464,50.98074509663574,99.98091666666666,99.9691923076923,99.97423850902187,99.97536650136685,-0.0011279923449762919,0.00040163310023741714,-0.0014943618846988019,0.145130731337628
99.984,99.985,99.978,99.978,99.985,-0.007,-0.01,4250,42492851.0,-0.023000000000010346,-0.009000000000000341,0.027999999999991587,99.9534,99.9769,99.97705,99.97619578021578,99.9748764362975,99.97498428475254,0.007000000000005002,0.07628571428571311,0.0,0.007000000000005002,0.017620699978941896,0.017442741464570633,1.0102024394922513,50.25376646878482,99.97808333333334,99.96842307692307,99.97481719994158,99.97556157533967,-0.0007443753980851398,0.00019114219140369137,-0.0013443645873760695,-0.29682329583057576
99.975,99.975,99.8,99.834,99.978,-0.144,-0.14,4860,48579139.0,0.03100000000000591,-0.1559999999999917,-0.14399999999999125,99.9596,99.96130000000001,99.96985,99.92879718681053,99.94926253878887,99.96155721001419,0.17799999999999727,0.08464285714285628,0.0,0.14399999999999125,0.016362078551874618,0.02648254564567211,0.6178438723676316,38.18933847203987,99.96583333333332,99.96246153846155,99.95315301533519,99.96507553272191,-0.01192251738672212,-0.001518210805826925,-0.0034599951472452798,0.1435294117647059
99.981,99.995,99.953,99.961,99.834,0.127,0.13,10555,105543490.0,-0.04200000000000159,-0.046999999999997044,-0.021000000000000796,99.9512,99.9566,99.9688,99.9395314578737,99.95139662264543,99.96150414239379,0.16100000000000136,0.093357142857142,0.12699999999999534,0.0,0.024264787226740383,0.024590935242409816,0.9867370633750052,49.6662130870387,99.96366666666665,99.96188461538462,99.95436024374516,99.96477364140918,-0.01041339766402416,-0.003212415642528931,-0.004850675650601056,1.1718106995884772
99.964,99.989,99.964,99.987,99.961,0.026,0.03,7224,72233938.0,-0.01100000000000989,-0.016000000000005343,-0.006000000000000227,99.949,99.95500000000001,99.9685,99.95535430524913,99.95786996398262,99.96393231930867,0.028000000000005798,0.06307142857142825,0.02599999999999625,0.0,0.02438873099625866,0.022834439867951972,1.0680678456443387,51.64568695818418,99.96341666666667,99.96619230769231,99.95938174470743,99.96642003834184,-0.0070382936344088876,-0.004618401716511598,-0.005288199247362623,-0.31558503079109423
99.984,100.001,99.984,100.001,99.987,0.014,0.01,4975,49747619.0,0.016000000000005343,0.0010000000000047748,0.02400000000000091,99.9522,99.9551,99.9697,99.97056953683276,99.96571178871305,99.9674625746126,0.017000000000010118,0.06378571428571535,0.014000000000010004,0.0,0.0236466787822409,0.021203408448812546,1.1152300744159453,52.7238189313227,99.96283333333334,99.96907692307693,99.96578455321398,99.96898151698319,-0.003196963769212857,-0.005667326398790035,-0.00486995215173267,-0.31132336655592474
100.0,100.011,99.998,100.007,100.001,0.006,0.01,7094,70948187.0,0.029000000000010573,0.006000000000000227,0.09499999999999886,99.958,99.9557,99.97445,99.98271302455518,99.97321873621976,99.97122804369711,0.012999999999991019,0.06378571428571535,0.006000000000000227,0.0,0.02238620172636657,0.019688879273897366,1.136997256925903,53.20536810428516,99.96316666666667,99.97234615384615,99.97212539118107,99.97179770091036,0.0003276902707085583,-0.004616381428317279,-0.003830423667244425,0.42592964824120605
100.03,100.057,100.03,100.037,100.007,0.03,0.03,5688,56902938.0,0.20300000000000296,0.23400000000000887,0.07800000000000296,99.9986,99.97909999999999,99.97835,100.00080868303681,99.98481532963436,99.97749203953548,0.04999999999999716,0.06564285714285793,0.030000000000001137,0.0,0.02293004446019761,0.018282530754333268,1.2542051627487514,55.638465543189,99.96625,99.9756923076923,99.98210610023014,99.97662750084292,0.005478599387217287,-0.00343902196856997,-0.001968619056352083,-0.19819565830279107
100.0,100.003,99.987,99.988,100.037,-0.049,-0.05,4185,41852641.0,0.027000000000001023,-0.015000000000000568,-0.0030000000000001137,100.00399999999999,99.97760000000001,99.97819999999999,99.99653912202456,99.98539436060992,99.97849279767496,0.05000000000001137,0.06792857142857299,0.0,0.049000000000006594,0.021292184141612068,0.020476635700452793,1.0398282439112418,50.976264644587765,99.96516666666666,99.97607692307693,99.98301285404088,99.9774699081879,0.005542945852980097,-0.0025660338540581685,-0.00046630607448564713,-0.2642405063291139
99.991,99.998,99.991,99.996,99.988,0.008,0.01,4780,47801067.0,0.009000000000000341,-0.0020000000000095497,-0.016000000000005343,100.0058,99.9774,99.9774,99.99635941468304,99.98732265868084,99.98016015027734,0.010000000000005116,0.06814285714285871,0.007999999999995566,0.0,0.020342742417210888,0.019014018864706165,1.0698812577161738,51.688049917251725,99.98125,99.97661538461537,99.98501087649613,99.97884250758139,0.006168368914742928,-0.0017553270474226996,0.0008606289233600679,0.14217443249701311
99.994,100.002,99.993,100.002,99.996,0.006,0.01,6078,60778076.0,0.000999999999990564,0.016999999999995907,0.021000000000000796,100.006,99.97909999999999,99.97845,99.9982396097887,99.9899912661934,99.98224013596521,0.009000000000000341,0.06835714285714443,0.006000000000000227,0.0,0.019318260815981557,0.017655874660084298,1.0941548457894026,52.24803925026639,99.98116666666665,99.97696153846154,99.98762458780442,99.98055787739018,0.007066710414235899,-0.0008874286238314729,0.0021018452215352344,0.27154811715481175
99.994,100.007,99.994,100.007,100.002,0.005,0.01,4783,47829119.0,0.0,0.029000000000010573,0.020000000000010232,100.006,99.982,99.97945,100.00115973985915,99.99308376324913,99.98459821825425,0.01300000000000523,0.05478571428571704,0.005000000000009663,0.0,0.018295527900554994,0.016394740755792562,1.1159388350859314,52.739654690472726,99.98191666666668,99.97811538461539,99.9906054204499,99.98251655313905,0.008088867310846126,0.001336058564787221,0.003299249639397413,-0.2130635077328068
100.004,100.008,100.004,100.007,100.007,0.0,0.0,4301,43013404.0,-0.030000000000001137,0.17300000000000182,0.017000000000010118,100.0,99.9993,99.98030000000001,100.00310649323944,99.99561398811292,99.98673172127765,0.003999999999990678,0.040571428571430444,0.0,-0.0,0.01698870447908678,0.015223687844664522,1.1159388350859314,52.739654690472726,99.98375,99.98176923076925,99.9931276634576,99.98433014179541,0.008797521662188501,0.003470605156588628,0.00439890404395563,-0.1007735730712942
100.003,100.014,100.002,100.011,100.007,0.004,0.0,5154,51544522.0,0.022999999999996135,0.04999999999999716,0.0030000000000001137,100.00460000000001,100.0043,99.98045,100.00573766215965,99.99841144481965,99.98904298591788,0.012000000000000455,0.04071428571428726,0.003999999999990678,0.0,0.01606093987343706,0.014136281570045628,1.1361502523739855,53.18681357321838,99.98650000000002,99.98376923076923,99.9958772536949,99.9863056868476,0.009571566847299096,0.0053161452101117375,0.0054334366046243235,0.19832597070448732
99.985,100.0,99.985,99.999,100.011,-0.012,-0.01,4481,44809047.0,0.0030000000000001137,0.012000000000000455,-0.0040000000000048885,100.0052,100.0055,99.98025,100.00349177477311,99.99851845485244,99.98999127297333,0.02599999999999625,0.041285714285715515,0.0,0.012000000000000455,0.014913729882477269,0.013983690029328116,1.0665089008122013,51.609209154290625,100.00025000000001,99.98407692307691,99.99635767620337,99.98724600634037,0.009111669863003158,0.00668377116924685,0.006169083256300091,-0.13057819169577023
99.998,100.001,99.986,99.995,99.999,-0.004,0.0,4562,45618812.0,-0.006999999999990791,-0.006000000000000227,-0.0049999999999954525,100.0038,100.00489999999999,99.97999999999999,100.00066118318207,99.99787873578836,99.9904682945949,0.015000000000000568,0.041857142857143766,0.0,0.003999999999990678,0.013848463462300321,0.013270569312946873,1.043547050297959,51.06547706576195,100.00308333333334,99.98342307692309,99.9961488029413,99.98782037624109,0.008328426700217051,0.007572741883636682,0.0066009519450834836,0.018076322249497956
99.998,99.998,99.99,99.992,99.995,-0.003,0.0,2478,24779555.0,-0.015000000000000568,-0.015000000000000568,-0.009000000000000341,100.0008,100.00340000000001,99.97954999999999,99.9977741221214,99.99680987473593,99.99061417130015,0.008000000000009777,0.029714285714287518,0.0,0.0030000000000001137,0.012859287500707441,0.012536957219164962,1.0257104077095949,50.634602251431005,100.00349999999999,99.98384615384614,99.99551052556572,99.988129978001,0.007380547564721951,0.007784069458914978,0.006756871069011178,-0.4568171854449803
99.99,99.994,99.99,99.993,99.992,0.001,0.0,2921,29203817.0,-0.014000000000010004,-0.04400000000001114,0.18999999999999773,99.998,99.999,99.98904999999999,99.99618274808094,99.99611717023848,99.9908413930811,0.0040000000000048885,0.018500000000002053,0.000999999999990564,0.0,0.012012195536370522,0.011641460274938894,1.0318461131744552,50.78367433852311,100.00283333333334,99.98407692307691,99.9951242908633,99.98849072037129,0.0066335704920135186,0.007905249974363137,0.006732210953611647,0.178773204196933
100.01,100.01,99.998,100.003,99.993,0.01,0.01,4446,44460555.0,-0.007999999999995566,0.015000000000000568,0.0,99.9964,100.0005,99.98904999999999,99.9984551653873,99.99736859383147,99.99199935564481,0.017000000000010118,0.017714285714288076,0.010000000000005116,0.0,0.011868467283772994,0.010809927398157544,1.0979229412582243,52.33380691283864,100.0025,99.98457692307693,99.99633593842279,99.98956548182527,0.006770456597521957,0.007972148605783028,0.006739860082393709,0.5220814789455666
99.99,99.992,99.987,99.989,100.003,-0.014,-0.01,3211,32101343.0,-0.009999999999990905,-0.006999999999990791,-0.009000000000000341,99.99440000000001,99.9998,99.9886,99.99530344359154,99.99584703131666,99.99171370272626,0.016000000000005343,0.017642857142859163,0.0,0.013999999999995794,0.011020719620646352,0.011037789726860276,0.9984534851055928,49.96130720815037,99.99849999999999,99.98384615384614,99.99520733251158,99.98952359428264,0.005683738228938751,0.0078184850296389,0.006528635711702718,-0.2777777777777778
99.992,99.992,99.977,99.985,99.989,-0.004,0.0,3433,34325710.0,-0.010000000000005116,-0.016999999999995907,0.0,99.9924,99.9981,99.98859999999999,99.99186896239436,99.99387484380452,99.99107430246661,0.015000000000000568,0.01778571428571699,0.0,0.0040000000000048885,0.010233525362028756,0.01053509046065632,0.9713751771041957,49.27398845160838,99.99825,99.98315384615385,99.99363697366364,99.98918851322466,0.004448460438979396,0.007413995377209264,0.006112600657158054,0.06913734039240116
99.983,99.991,99.983,99.991,99.985,0.006,0.01,1577,15769316.0,-0.0010000000000047748,-0.016000000000005343,0.01300000000000523,99.9922,99.9965,99.98925,99.99157930826291,99.99335214493097,99.99106722604122,0.007999999999995566,0.014785714285716876,0.006000000000000227,0.0,0.009931130693312433,0.00978258399918087,1.0151848115123778,50.376759774727105,99.99783333333333,99.9828076923077,99.99323128540769,99.98932269743024,0.003908587977448974,0.006870780523349317,0.005671798121216238,-0.5406350131080687
99.991,99.999,99.991,99.998,99.991,0.007,0.01,2866,28659789.0,0.005000000000009663,-0.009000000000000341,0.16400000000000148,99.9932,99.9956,99.99745,99.99371953884196,99.99419720948896,99.99172749022777,0.007999999999995566,0.011785714285715747,0.007000000000005002,0.0,0.009721764215219047,0.00908382799923938,1.0702276855124386,51.696134343190735,99.9975,99.98269230769232,99.9939649338065,99.98996546058356,0.0039994732229331476,0.006251659009530878,0.0053373331415596205,0.8173747622067216
100.0,100.006,99.999,100.004,99.998,0.006,0.01,6855,68553456.0,0.0010000000000047748,-0.006999999999990791,0.043000000000006366,99.99340000000001,99.9949,99.9996,99.99714635922798,99.99597953503641,99.99289630068228,0.007999999999995566,0.011642857142857923,0.006000000000000227,0.0,0.009455923914131989,0.008434983142150854,1.1210364922816909,52.85323927056734,99.99725,99.99042307692308,99.99550879014396,99.99100505609589,0.004503734048071806,0.005739666141205173,0.0051706133228620575,1.3918353105373344
99.999,99.999,99.992,99.994,100.004,-0.01,-0.01,3948,39481882.0,0.0049999999999954525,-0.0049999999999954525,0.007000000000005002,99.9944,99.99440000000001,99.99995,99.99609757281867,99.99561961957525,99.99300141490302,0.012000000000000455,0.011857142857143645,0.0,0.010000000000005116,0.008780500777408275,0.008546770060569015,1.0273472569383362,50.67445912003342,99.99616666666667,99.99007692307691,99.99527666858336,99.9912269037925,0.004049764790863719,0.005264259262388136,0.00494644361646239,-0.42407002188183807
99.996,99.996,99.995,99.995,99.994,0.001,0.0,1831,18310463.0,0.010000000000005116,0.0,-0.006000000000000227,99.9964,99.99440000000001,99.99965,99.99573171521246,99.99550696147065,99.99319175634082,0.001999999999995339,0.011071428571428652,0.0010000000000047748,0.0,0.008224750721879455,0.007936286484814085,1.0363475080716076,50.89246820416295,99.99483333333332,99.98996153846154,99.99523410418591,99.99150639240047,0.0037277117854443986,0.004858388620246185,0.004702697250258792,-0.5362208713272543
99.994,99.997,99.994,99.996,99.995,0.001,0.0,3917,39168482.0,0.0049999999999954525,0.003999999999990678,-0.01100000000000989,99.9974,99.9948,99.9991,99.99582114347497,99.99559660483962,99.99345920811788,0.0030000000000001137,0.011000000000000756,0.000999999999990564,0.0,0.007708697098887392,0.007369408878755937,1.0460400862149926,51.12510225301018,99.99458333333332,99.99038461538461,99.99535193431116,99.99183925222265,0.00351268208851252,0.004511623242079408,0.004464694217909538,1.1392681594756962
99.995,99.999,99.994,99.997,99.996,0.001,0.0,3622,36219738.0,-0.0010000000000047748,0.0040000000000048885,-0.04000000000000625,99.99719999999999,99.9952,99.9971,99.99621409564998,99.99585176759605,99.99379642639236,0.0049999999999954525,0.010500000000000398,0.0010000000000047748,0.0,0.007229504448967205,0.00684302253027337,1.0564782472926324,51.37317881594387,99.99475000000001,99.9911153846154,99.99560548287867,99.99222152983579,0.0033839530428849685,0.004135345069341965,0.004248545982904624,-0.07531273934133265
100.0,100.009,99.998,100.008,99.997,0.011,0.01,5202,52017337.0,0.003999999999990678,0.0049999999999954525,0.01999999999999602,99.998,99.9957,99.9981,100.00014273043332,99.99806053712403,99.99514914768832,0.012000000000000455,0.009500000000000699,0.01099999999999568,0.0,0.007498825559754953,0.006354235206682416,1.1801303092886508,54.131182171111256,99.99608333333333,99.99780769230769,99.99751233166657,99.99339030540351,0.004122026263061684,0.003961821517577846,0.004223242038936036,0.436223081170624
99.999,99.999,99.993,99.997,100.008,-0.011,-0.01,4382,43819094.0,0.0030000000000001137,0.007999999999995566,0.0010000000000047748,99.9986,99.9965,99.99815,99.99909515362222,99.99786771219239,99.99532541933705,0.015000000000000568,0.009500000000000699,0.0,0.01099999999999568,0.006963195162629599,0.0066860755490619345,1.0414472752415347,51.01514439643392,99.99641666666668,99.99919230769231,99.99743351141018,99.99365769018843,0.00377582122175113,0.0038870838267747055,0.004133757875499055,-0.15763168012302964
99.997,100.001,99.997,99.999,99.997,0.002,0.0,3564,35643246.0,0.003999999999990678,0.013999999999995794,-0.0030000000000001137,99.99940000000001,99.9979,99.998,99.99906343574816,99.99807358270286,99.99567537940018,0.0040000000000048885,0.009214285714286063,0.001999999999995339,0.0,0.0066086812224414385,0.00620849872412894,1.0644572087543829,51.561117578050315,99.99608333333333,99.99965384615385,99.99767450965476,99.99405341684113,0.0036210928136313214,0.003855139919683855,0.0040312248631255085,-0.18667275216795987
99.997,100.001,99.997,100.0,99.999,0.001,0.0,4234,42337831.0,0.0040000000000048885,0.009000000000000341,-0.007000000000005002,100.00019999999999,99.9988,99.99765,99.99937562383211,99.99842384039324,99.99608724802873,0.0040000000000048885,0.009214285714286063,0.0010000000000047748,0.0,0.006208061135124534,0.0057650345295483015,1.0768471729536968,51.850092148196076,99.997,99.9996153846154,99.99803227740018,99.99449390448252,0.0035383729176601264,0.003803906552431297,0.003932654474032432,0.18799102132435475
99.992,100.001,99.992,100.0,100.0,0.0,0.0,3032,30315601.0,0.0030000000000001137,0.001999999999995339,-0.007000000000005002,100.0008,99.999,99.9973,99.99958374922142,99.9987104148672,99.99645989107361,0.009000000000000341,0.008642857142856794,0.0,-0.0,0.005764628196901353,0.00535324634886628,1.0768471729536968,51.850092148196076,99.99825,99.99934615384616,99.998335003954,99.99490176340974,0.0034332405442540903,0.0036849628297848844,0.0038327716880767635,-0.2838923004251299
100.0,100.008,100.0,100.008,100.0,0.008,0.01,7988,79886156.0,0.0,0.003999999999990678,-0.0030000000000001137,100.0008,99.9994,99.99715,100.00238916614762,100.00039943034588,99.99755894906662,0.007999999999995566,0.008071428571427524,0.007999999999995566,0.0,0.005924297611408082,0.004970871609661546,1.1918025804354768,54.37545292964681,99.99966666666667,99.99823076923076,99.99982192642261,99.99587200315717,0.00394992326543786,0.003673869326959789,0.003856202003548983,1.634564643799472
99.994,100.0,99.99,99.997,100.008,-0.011,-0.01,4084,40839003.0,0.0,0.0030000000000001137,-0.001999999999995339,100.0008,99.99969999999999,99.99704999999999,100.00059277743176,99.99978135210117,99.99750571582217,0.018000000000000682,0.008285714285713246,0.0,0.01099999999999568,0.005501133496307506,0.005401523637542555,1.0184410669005732,50.456814598230764,99.99958333333332,99.99857692307693,99.99938778389605,99.99595555847887,0.003432225417185464,0.003641037508264352,0.0037714066862762794,-0.4887330996494742
99.995,99.999,99.995,99.998,99.997,0.001,0.0,3128,31280869.0,-0.000999999999990564,0.0030000000000001137,0.0030000000000001137,100.00059999999999,100.0,99.99719999999999,99.99972851828785,99.99945746990095,99.99755279050578,0.003999999999990678,0.00799999999999861,0.0010000000000047748,0.0,0.00517962396085731,0.00501570052057523,1.032682062975977,50.80391477770332,99.99908333333333,99.99865384615386,99.99917427868127,99.99610699859154,0.0030672800897235675,0.0035915483972878016,0.0036305813669657372,-0.23408423114593535
99.998,99.999,99.996,99.998,99.998,0.0,0.0,4541,45403887.0,-0.001999999999995339,0.0020000000000095497,0.006000000000000227,100.00019999999999,100.00019999999999,99.9975,99.99915234552525,99.99919247537349,99.99759538188619,0.0030000000000001137,0.007642857142856079,0.0,-0.0,0.004809650820796074,0.004657436197677,1.032682062975977,50.80391477770332,99.99941666666666,99.9985,99.99899362042262,99.9962472209181,0.0027463995045309275,0.0035207091152484635,0.0034537449944787753,0.45172634271099743
99.984,99.996,99.973,99.973,99.998,-0.025,-0.03,7264,72635091.0,-0.027000000000001023,-0.02400000000000091,-0.01999999999999602,99.9948,99.99780000000001,99.9965,99.99043489701684,99.99443020712376,99.99525296456369,0.025000000000005684,0.008857142857142517,0.0,0.025000000000005684,0.004466104333596355,0.006110476469271905,0.7308929763587674,42.22635289076781,99.99758333333334,99.99719230769232,99.99499460189605,99.9945252045538,0.00046939734225759366,0.0031148614573813425,0.002856875464034539,0.5996476547016076
99.976,99.985,99.97,99.983,99.973,0.01,0.01,1351,13507385.0,-0.024999999999991473,-0.024999999999991473,-0.01999999999999602,99.9898,99.9953,99.99549999999999,99.98795659801124,99.9923519876467,99.99408601555763,0.015000000000000568,0.00907142857142824,0.010000000000005116,0.0,0.0048613825954826944,0.005674013864323912,0.8567801756793827,46.14332848345351,99.99650000000001,99.99626923076923,99.99314927852744,99.99367148569796,-0.0005222071705190956,0.002637302747129095,0.002181058937123812,-0.8140143171806167
99.986,99.986,99.97,99.976,99.983,-0.007,-0.01,2347,23464336.0,-0.021000000000000796,-0.021000000000000796,-0.01300000000000523,99.9856,99.9932,99.99485,99.98397106534084,99.98937889898366,99.99236353788548,0.016000000000005343,0.010071428571428953,0.0,0.007000000000005002,0.004514140981519645,0.005768727159729704,0.7825194113931984,43.899629164856584,99.99475,99.99492307692307,99.99051092798476,99.99236248675737,-0.0018515587726142257,0.0020292303486573677,0.0013745353951762048,0.7372316802368615
99.974,99.997,99.967,99.972,99.976,-0.004,0.0,10030,100275112.0,-0.02600000000001046,-0.027000000000001023,-0.01300000000000523,99.9804,99.9905,99.9942,99.97998071022724,99.98621909916845,99.99042415332497,0.030000000000001137,0.012000000000000455,0.0,0.0040000000000048885,0.004191702339982528,0.005642389505463645,0.7428948915922259,42.62419352859267,99.99175000000001,99.99388461538463,99.98766309291018,99.99085415440497,-0.0031910614947889826,0.0012815154139407998,0.0004614160171831674,3.2735406902428634
99.972,99.986,99.971,99.983,99.972,0.011,0.01,6386,63847457.0,-0.015000000000000568,-0.016999999999995907,-0.007999999999995566,99.9774,99.9888,99.9938,99.98098714015151,99.98563380841054,99.98971709110354,0.015000000000000568,0.012714285714286535,0.01100000000000989,0.0,0.004678009315698768,0.005239361683644813,0.8928586339633008,47.169852937924766,99.99058333333333,99.99342307692307,99.98694569400092,99.99027236518978,-0.003326671188858654,0.000530414110261606,-0.0002962014240251969,-0.3633100697906281
99.983,99.994,99.98,99.989,99.983,0.006,0.01,2089,20888022.0,0.016000000000005343,-0.01099999999999568,-0.009000000000000341,99.98060000000001,99.98769999999999,99.99334999999999,99.98365809343436,99.98624584324497,99.98964879671273,0.013999999999995794,0.012857142857143344,0.006000000000000227,0.0,0.004772437221720301,0.004865121563384469,0.9809492238874928,49.51915031736348,99.98975,99.9933076923077,99.9872617410777,99.99017811591646,-0.002916374838761726,-0.00023250790131612575,-0.0008202361069725027,-0.6728781709990604
99.992,100.001,99.992,99.998,99.989,0.009,0.01,3590,35903912.0,0.015000000000000568,-0.009999999999990905,-0.006000000000000227,99.9836,99.9867,99.99305000000001,99.98843872895625,99.98838296265497,99.99044414940676,0.012000000000000455,0.012642857142857622,0.009000000000000341,0.0,0.005074405991597447,0.004517612880285579,1.1232494076111876,52.90237706341461,99.98958333333333,99.99350000000001,99.9889137809119,99.99075751473747,-0.0018437338255665736,-0.0008187255949552411,-0.001024935650691317,0.7185256103398756
99.99,99.999,99.985,99.998,99.998,0.0,0.0,6104,61035122.0,0.02200000000000557,0.0010000000000047748,0.0040000000000048885,99.988,99.9868,99.99325,99.99162581930418,99.9901315148995,99.99116375422517,0.013999999999995794,0.013357142857142687,0.0,-0.0,0.004711948420769058,0.004194926245979466,1.1232494076111876,52.90237706341461,99.98941666666667,99.9933076923077,99.9903116607716,99.9912939951273,-0.0009823343556973896,-0.0012686827555575696,-0.0010164153916925316,0.7002785515320333
99.995,99.999,99.991,99.996,99.998,-0.002,0.0,3839,38388854.0,0.02400000000000091,-0.0020000000000095497,0.000999999999990564,99.99280000000002,99.98660000000001,99.9933,99.99308387953612,99.9911985121905,99.99162434906087,0.007999999999995566,0.013642857142856306,0.0,0.0020000000000095497,0.0043753806764284114,0.004038145799838758,1.083512308199253,52.0041232266929,99.98841666666665,99.99357692307693,99.99118678988366,99.99164258808082,-0.00045579819716579095,-0.0016244825001905383,-0.0009042919527871835,-0.3710681520314548
100.003,100.003,99.99,99.991,99.996,-0.005,-0.01,1912,19118924.0,0.007999999999995566,-0.007000000000005002,-0.0049999999999954525,99.99440000000001,99.9859,99.99305,99.99238925302409,99.99116241906495,99.99156488724554,0.01300000000000523,0.013928571428570942,0.0,0.0049999999999954525,0.004062853485254953,0.004106849671278522,0.9892871204097735,49.730735712298284,99.98791666666666,99.99380769230768,99.99115805297848,99.99159498896373,-0.00043693598524896515,-0.0017251862032468227,-0.0008108207592795398,-0.5019536337587913
99.96,99.991,99.96,99.988,99.991,-0.003,0.0,1836,18357501.0,-0.0010000000000047748,0.015000000000000568,-0.009000000000000341,99.9942,99.9874,99.9926,99.99092616868273,99.9905874337804,99.99122537417455,0.03100000000000591,0.015571428571428823,0.0,0.0030000000000001137,0.0037726496648795996,0.004027788980472921,0.9366552426578802,48.36458353694422,99.98708333333333,99.9936923076923,99.99067219867409,99.99132869348493,-0.0006564948108405133,-0.0017401070521714246,-0.0007799555695917345,-0.03974895397489542
100.001,100.015,100.001,100.015,99.988,0.027,0.03,6033,60337257.0,0.016999999999995907,0.031999999999996476,0.007000000000005002,99.9976,99.9906,99.99295000000001,99.99895077912183,99.99502608218397,99.99348962425316,0.027000000000001023,0.01621428571428599,0.027000000000001023,0.0,0.005431746117388273,0.003740089767581998,1.452303675828601,59.22201602286825,99.9885,99.99434615384614,99.99441493733961,99.99308212359716,0.0013328137424508668,-0.0013862878838308587,-0.0003574017071832143,2.2859477124183005
100.012,100.012,99.994,100.003,100.015,-0.012,-0.01,2694,26939663.0,0.0049999999999954525,0.027000000000001023,0.006000000000000227,99.9986,99.9933,99.99325,100.00030051941457,99.99647588542324,99.99439537432428,0.021000000000000796,0.017428571428572428,0.0,0.012000000000000455,0.005043764251860539,0.004330083355611887,1.164819204998376,53.806766048125944,99.991,99.99430769230769,99.99573571621045,99.99381678110848,0.0019189351019690548,-0.0008185104841910768,9.786565464723956e-05,-0.5534559920437594
100.003,100.007,99.988,100.006,100.003,0.003,0.0,3665,36649133.0,0.010000000000005116,0.034000000000006025,0.007000000000005002,100.00059999999999,99.9967,99.9936,100.0022003462764,99.99820754261901,99.99550057676959,0.019000000000005457,0.018571428571429953,0.0030000000000001137,0.0,0.0048977810910133665,0.004020791687353895,1.2181136134005048,54.916646561357226,99.99291666666669,99.99476923076924,99.99731483679345,99.9947192417671,0.0025955950263494287,-0.00016048090472351204,0.0005974115289876774,0.3604305864884929
100.0,100.025,100.0,100.013,100.006,0.007,0.01,6513,65135888.0,0.02200000000000557,0.030000000000001137,0.01300000000000523,100.005,99.99969999999999,99.99425,100.00580023085094,100.00089708032465,99.99716718850581,0.025000000000005684,0.018571428571429953,0.007000000000005002,0.0,0.0050479395845127685,0.0037335922811143315,1.352032896052098,57.48358784953619,99.996,99.99546153846154,99.99972793882522,99.99607337200658,0.003654566818639182,0.0005696237238765889,0.0012088425869179785,0.7770804911323328
99.985,99.998,99.982,99.998,100.013,-0.015,-0.01,3558,35583140.0,0.010000000000005116,0.009000000000000341,-0.001999999999995339,100.00699999999999,100.0006,99.99415,100.00320015390064,100.00037033844742,99.99724650388622,0.03100000000000591,0.019714285714287478,0.0,0.015000000000000568,0.004687372471333285,0.004538335689606206,1.032839523543489,50.80772542945854,99.99816666666668,99.99553846153846,99.99946210208287,99.99621608519128,0.0032460168915946497,0.001135151581338947,0.0016162774478533128,-0.45370796867802854
99.996,100.007,99.996,100.005,99.998,0.007,0.01,4136,41358344.0,-0.010000000000005116,0.006999999999990791,-0.0030000000000001137,100.005,100.0013,99.994,100.00380010260042,100.00121209509335,99.99798493208753,0.01100000000000989,0.019357142857144943,0.006999999999990791,0.0,0.004852560151951678,0.004214168854634334,1.1514868813610313,53.520516036453834,100.0,99.99584615384614,100.00031408637781,99.99686674554748,0.0034473408303341557,0.00162733771312023,0.0019824901243494816,0.1624508150646431
100.0,100.003,99.997,100.003,100.005,-0.002,0.0,4329,43286276.0,0.0,0.0049999999999954525,0.006000000000000227,100.00500000000001,100.00179999999999,99.99430000000001,100.00353340173362,100.00153716871273,99.998462557603,0.007999999999995566,0.017785714285715976,0.0,0.001999999999995339,0.004505948712526559,0.004056013936445835,1.1109302835569121,52.6275212502517,100.00116666666668,99.99565384615386,100.00072730385814,99.9973210606921,0.0034062431660402126,0.0020564534201431193,0.002267240732687628,0.04666344294003877
100.002,100.004,99.972,100.001,100.003,-0.002,0.0,4076,40757742.0,-0.0049999999999954525,0.005000000000009663,0.0030000000000001137,100.00399999999999,100.0023,99.99445,100.0026889344891,100.00143950167404,99.99870421878367,0.03200000000001069,0.01900000000000241,0.0,0.001999999999995339,0.004184095233060376,0.003909155798127942,1.0703321763394797,51.69857226640396,100.00141666666667,99.99580769230768,100.00076925711075,99.99759357471491,0.003175682395834656,0.002457855462485744,0.0024489290653170333,-0.058443058443058415
100.012,100.013,100.005,100.006,100.001,0.005,0.01,4546,45465402.0,-0.007000000000005002,0.015000000000000568,0.007999999999995566,100.0026,100.0038,99.99485,100.00379262299273,100.00226868318785,99.99939905509,0.012000000000000455,0.0188571428571456,0.0049999999999954525,0.0,0.00424237414498431,0.0036299303839759465,1.1687205252508286,53.88986324624089,100.00208333333332,99.99607692307693,100.00157398678601,99.99821627288418,0.0033577139018348134,0.002903878652783002,0.0026306860326205895,0.1153091265947006
100.003,100.003,99.983,100.001,100.006,-0.005,-0.01,3904,39041854.0,0.0030000000000001137,0.01300000000000523,0.028000000000005798,100.00319999999999,100.0051,99.99625,100.00286174866184,100.00203801351732,99.9995515260338,0.022999999999996135,0.019642857142859578,0.0,0.0049999999999954525,0.003939347420342574,0.0037277924994059113,1.056750723375933,51.37962084395874,100.00250000000001,99.99611538461538,100.00148568112664,99.99842247489276,0.0030632062338753485,0.0030961444851635,0.0027171900728715412,-0.14122305323361195
99.997,99.999,99.997,99.998,100.001,-0.003,0.0,2641,26409614.0,-0.006999999999990791,-0.016999999999995907,0.015000000000000568,100.0018,100.00340000000001,99.99699999999999,100.00124116577457,100.00130382924144,99.99940376164963,0.0040000000000048885,0.018928571428574514,0.0,0.0030000000000001137,0.003657965461746676,0.003675807320876926,0.9951461386376494,49.878358249845675,100.00308333333334,99.99603846153846,100.00094942249177,99.99839118045627,0.0025582420355050317,0.0031671785888897196,0.0026854004653982396,-0.3235143442622951
99.999,99.999,99.993,99.997,99.998,-0.001,0.0,2208,22079231.0,-0.006000000000000227,-0.006000000000000227,0.021000000000000796,100.00059999999999,100.00280000000001,99.99805,99.99982744384971,100.00052131483389,99.99917483196872,0.006000000000000227,0.018785714285717705,0.0,0.0010000000000047748,0.0033966822144790563,0.003484678226528915,0.9747477367121177,49.36062052842439,100.00383333333333,99.9956153846154,100.0003418190315,99.9982881300521,0.0020536889794016133,0.003106966805895518,0.0025590581681989143,-0.1639530480878455
99.994,99.998,99.992,99.997,99.997,0.0,0.0,2247,22469059.0,-0.0040000000000048885,-0.009000000000000341,0.025000000000005684,99.99980000000001,100.0019,99.9993,99.99888496256648,99.99988107577317,99.99896770511455,0.006000000000000227,0.018285714285717347,0.0,-0.0,0.003154062056301981,0.003235772638919707,0.9747477367121177,49.36062052842439,100.00233333333334,99.99561538461538,99.99982769302666,99.9981927130112,0.0016349800154529248,0.002882568272208156,0.0023742425376497168,0.017663043478260976
99.997,100.0,99.997,100.0,99.997,0.003,0.0,2547,25470698.0,-0.006000000000000227,-0.01300000000000523,0.016999999999995907,99.9986,100.0006,100.00015,99.99925664171099,99.99990269835988,99.99906601891315,0.0030000000000001137,0.016285714285716932,0.0030000000000001137,0.0,0.0031430576237089906,0.003004646021854014,1.0460658596214838,51.125717908953476,100.00208333333335,99.99569230769231,99.99985420179179,99.99832658612148,0.0015276156703123434,0.002691634803176789,0.0022049171641822423,0.13351134846461954
99.998,99.998,99.975,99.99,100.0,-0.01,-0.01,4919,49190367.0,-0.01100000000000989,-0.008000000000009777,0.000999999999990564,99.99640000000001,99.9998,100.0002,99.996171094474,99.99810220774899,99.99820258854047,0.025000000000005684,0.016142857142860123,0.0,0.010000000000005116,0.002918553507729777,0.0035043141631505214,0.832845849958235,45.44003795939593,100.00075,99.99538461538461,99.9983381707469,99.99770980196433,0.0006283687825714424,0.0023784156867587094,0.0018896074878600824,0.9312917157440126
99.987,99.991,99.981,99.991,99.99,0.001,0.0,3831,38304217.0,-0.007000000000005002,-0.013999999999995794,-0.007000000000005002,99.995,99.99839999999999,99.99985000000001,99.994447396316,99.99681089724916,99.99751662772708,0.010000000000005116,0.015357142857146146,0.0010000000000047748,0.0,0.0027815139714637057,0.00325400600863977,0.85479681478106,46.08573877036554,99.99891666666667,99.99607692307691,99.99720922140122,99.99721277959661,-3.5581953881091977e-06,0.0019995488688222293,0.0015109743512104442,-0.22118316731042897
99.99,99.995,99.99,99.993,99.991,0.002,0.0,5171,51704673.0,-0.0040000000000048885,-0.010000000000005116,-0.005000000000009663,99.9942,99.9974,99.9996,99.99396493087735,99.99611800684022,99.99708647270546,0.005000000000009663,0.014357142857146446,0.001999999999995339,0.0,0.002725691544930251,0.003021577008022644,0.9020758159375776,47.42586012497737,99.99849999999999,99.99646153846155,99.99656164887796,99.9969007218487,-0.00033907297074620146,0.0016090204947576897,0.0011409648868191153,0.349778125815714
99.993,99.993,99.987,99.991,99.993,-0.002,0.0,4258,42571471.0,-0.006000000000000227,-0.010000000000005116,-0.0049999999999954525,99.993,99.9964,99.99935,99.99297662058491,99.99518746014199,99.99650680863827,0.006000000000000227,0.0130000000000032,0.0,0.001999999999995339,0.0025309992917209472,0.002948607221734979,0.8583711228353064,46.189435053515815,99.99733333333334,99.99703846153847,99.99570601058903,99.9964636313414,-0.0007576207523669609,0.0011517610887352703,0.0007612477589819001,-0.1765615935022239
99.994,100.022,99.994,100.017,99.991,0.026,0.03,4325,43255219.0,0.016999999999995907,0.01099999999999568,0.02599999999999625,99.9964,99.9975,100.00065000000001,100.00098441372329,99.9991533764798,99.99845854114892,0.03100000000000591,0.0130000000000032,0.02599999999999625,0.0,0.004207356485169183,0.0027379924201824807,1.5366574626560774,60.57804355843448,99.99849999999999,99.99876923076923,99.99898200895994,99.99798484383463,0.0009971651253124492,0.0009222009655616148,0.00080843123224801,0.015735086895255934
100.003,100.003,99.99,99.996,100.017,-0.021,-0.02,4737,47367840.0,0.006000000000000227,-0.005000000000009663,0.007999999999995566,99.99759999999999,99.997,100.00104999999999,99.9993229424822,99.99858003530164,99.99822439437283,0.027000000000001023,0.014142857142859708,0.0,0.021000000000000796,0.003906831021942813,0.004042421533026646,0.9664580969658765,49.14714930651519,99.99808333333333,99.99926923076924,99.99852323835071,99.9978378183654,0.000685419985316571,0.0007141096266517858,0.0007838289828617222,0.09526011560693637
99.996,99.996,99.99,99.994,99.996,-0.002,0.0,626,6259705.0,0.0030000000000001137,-0.0040000000000048885,-0.021000000000000796,99.9982,99.99659999999999,100.0,99.99754862832147,99.99774730161042,99.99782207109922,0.006000000000000227,0.014000000000002899,0.0,0.001999999999995339,0.0036277716632326126,0.0038965342806672673,0.9310252141837617,48.21403715214061,99.99708333333335,99.99946153846153,99.99782735552753,99.99755353552352,0.000273820004011327,0.0005163464071639762,0.0006818271870916432,-0.8678488494827951
99.996,99.997,99.994,99.996,99.994,0.002,0.0,2499,24989670.0,0.0030000000000001137,-0.0010000000000047748,-0.007000000000005002,99.99879999999999,99.9965,99.99965,99.99703241888098,99.99742961040852,99.99764854051834,0.0030000000000001137,0.011928571428573573,0.001999999999995339,0.0,0.0035115022587156645,0.0036182104034767483,0.9705080321866999,49.251665881803774,99.99666666666666,99.99938461538461,99.99754622390792,99.99743845881807,0.0001077650898508864,0.00034665585987486084,0.0005670147676434919,2.9920127795527156
100.0,100.013,100.0,100.013,99.996,0.017,0.02,3226,32262920.0,0.02200000000000557,0.016000000000005343,0.007000000000005002,100.0032,99.9981,100.0,100.00235494592066,100.00026059033425,99.9991105842785,0.017000000000010118,0.01228571428571712,0.017000000000010118,0.0,0.00447496638309384,0.0033597668032284093,1.3319276739069605,57.11702334555775,99.99791666666668,99.99996153846153,99.99992372792208,99.9985911655723,0.001332562349787736,0.00032498326870546005,0.0007201242840723407,0.29091636654661857
99.998,100.0,99.996,99.998,100.013,-0.015,-0.01,1011,10106745.0,-0.018999999999991246,-0.001999999999995339,-0.015000000000000568,99.99940000000001,99.9979,99.99925,100.00090329728044,99.99984957390983,99.99900481434722,0.017000000000010118,0.01185714285714669,0.0,0.015000000000000568,0.004155325927158566,0.004191212031569278,0.9914377740518949,49.785024014818106,99.998,100.00003846153845,99.99962776978023,99.99854737552991,0.0010803942503230246,0.00037520832067785805,0.0007921782773224775,-0.6866088034717917
99.999,100.001,99.997,100.001,99.998,0.003,0.0,2443,24429764.0,0.005000000000009663,0.01100000000000989,0.0030000000000001137,100.00039999999998,99.999,99.99940000000001,100.0009355315203,100.00005874228985,99.99919483202844,0.0040000000000048885,0.01185714285714669,0.0030000000000001137,0.0,0.004072802646647248,0.003891839743600044,1.046498035625642,51.13603909742886,99.99833333333333,100.00042307692307,99.99983888212174,99.99872905141659,0.0011098307051469192,0.0004989181985150834,0.0008557087628873659,1.4164193867457961
100.001,100.001,99.996,99.998,100.001,-0.003,0.0,1936,19360357.0,0.0040000000000048885,0.007000000000005002,-0.006999999999990791,100.00120000000001,99.9997,99.99905,99.99995702101354,99.99968442550987,99.99908103850193,0.005000000000009663,0.011785714285718793,0.0,0.0030000000000001137,0.0037818881718867307,0.003828136904771478,0.9879187359190049,49.69613284832265,99.99816666666665,100.0008076923077,99.99955597717994,99.99867504760796,0.0008809295719771626,0.0006344740365954572,0.0008607529247053253,-0.20753172329103564
99.999,99.999,99.995,99.998,99.998,0.0,0.0,2177,21769495.0,0.0020000000000095497,0.005000000000009663,-0.0049999999999954525,100.00160000000001,100.00019999999999,99.99879999999999,99.9993046806757,99.99937816632625,99.99897808245413,0.003999999999990678,0.011642857142860967,0.0,-0.0,0.0035117533024662502,0.0035546985544306583,0.9879187359190049,49.69613284832265,99.99883333333332,100.00015384615386,99.99931659607535,99.99862504408145,0.0006915519938957004,0.0007954932306246418,0.0008269127385434004,0.12448347107438007
99.998,100.013,99.998,100.013,99.998,0.015,0.02,2098,20983217.0,0.0,0.02200000000000557,0.012000000000000455,100.00160000000001,100.0024,99.99940000000001,100.00386978711714,100.00185486335783,100.00031350317278,0.015000000000000568,0.012500000000003857,0.015000000000000568,0.0,0.0043323423522901305,0.0033007915148284685,1.3125162049246446,56.75705978317303,100.00066666666667,100.00053846153847,100.00142173514067,99.99968985563098,0.0017318795096912254,0.0008771281622222836,0.0010079060927729656,-0.03628847037207161
99.998,99.999,99.988,99.997,100.013,-0.016,-0.02,1359,13590103.0,-0.0010000000000047748,-0.01999999999999602,-0.009000000000000341,100.0014,100.0004,99.99895000000001,100.00157985807809,100.00097216092914,99.99999793144204,0.025000000000005684,0.012500000000003857,0.0,0.016000000000005343,0.00402288932712655,0.004207877835198245,0.9560375763468475,48.87623775266992,100.00099999999999,100.00019230769232,100.00074146819595,99.99949060706572,0.0012508611302308736,0.0009399549561016505,0.001056497100264547,-0.35224022878932315
99.999,99.999,99.998,99.998,99.997,0.001,0.0,858,8580100.0,-0.0030000000000001137,0.0020000000000095497,-0.0030000000000001137,100.0008,100.00059999999999,99.99879999999999,100.00038657205207,100.00043176803293,99.99980765225709,0.001999999999995339,0.011928571428574588,0.0010000000000047748,0.0,0.0038069686609035662,0.003907315132684085,0.9743183059535854,49.34960603948788,100.00158333333333,99.99961538461538,100.00031970385811,99.99938019172752,0.0009395121305857401,0.001013920747943252,0.0010331001063287857,-0.3686534216335541
99.995,100.002,99.984,99.993,99.998,-0.005,-0.01,2575,25747364.0,-0.005000000000009663,-0.0010000000000047748,-0.005000000000009663,99.99980000000001,100.0005,99.99855,99.99792438136805,99.99908053748148,99.99915930442309,0.018000000000000682,0.012857142857145374,0.0,0.005000000000009663,0.003535042327981883,0.003985364051778769,0.8870061259282208,47.00600139768499,99.99958333333332,99.99942307692308,99.99919359557225,99.9989075849329,0.0002860106393569595,0.0010337258089994823,0.0008836822129344205,2.001165501165501
99.995,99.996,99.995,99.995,99.993,0.002,0.0,1016,10159493.0,-0.0030000000000001137,-0.000999999999990564,-0.001999999999995339,99.9992,100.0004,99.99845,99.99694958757871,99.99833862157575,99.99876318019233,0.0030000000000001137,0.012642857142859652,0.0020000000000095497,0.0,0.0034253964474124307,0.003700695190937428,0.9256089114825852,48.068374941718076,99.99950000000001,99.99903846153846,99.99854842702267,99.99861813419713,-6.970717446108665e-05,0.0008779180840829465,0.0006930043354553191,-0.6054368932038835
99.999,100.003,99.999,100.003,99.995,0.008,0.01,1984,19835395.0,-0.010000000000005116,-0.010000000000005116,0.006000000000000227,99.99719999999999,99.99940000000001,99.99875,99.99896639171915,99.9991861449256,99.99916668684068,0.007999999999995566,0.01100000000000177,0.007999999999995566,0.0,0.003752153844025512,0.0034363598201561834,1.09189783386973,52.19651821379181,100.00025,99.99903846153846,99.9992332844038,99.99894271684919,0.0002905675546145403,0.0007901595623375594,0.0006125169792871634,0.9527559055118111
100.0,100.0,99.994,99.997,100.003,-0.006,-0.01,3561,35608806.0,0.0,-0.0010000000000047748,-0.0030000000000001137,99.99719999999999,99.9993,99.9986,99.99831092781278,99.99878866403003,99.998960335713,0.009000000000000341,0.009714285714287436,0.0,0.006000000000000227,0.003484142855166547,0.0036194769758593295,0.9626094815368589,49.04742846666924,100.00033333333334,99.99888461538461,99.99888970218784,99.99879881189739,9.089029045128427e-05,0.000676943960704711,0.0005081916415199876,0.794858870967742
99.997,99.997,99.994,99.997,99.997,0.0,0.0,3105,31048916.0,-0.0010000000000047748,-0.0040000000000048885,0.007000000000005002,99.99699999999999,99.9989,99.99895000000001,99.99787395187519,99.9984634523882,99.99877363707365,0.0030000000000001137,0.009500000000001714,0.0,-0.0,0.0032352755083689365,0.003360942906155092,0.9626094815368588,49.04742846666923,99.99900000000001,99.99853846153846,99.99859897877433,99.99866556657166,-6.65877973347051e-05,0.0005716642530033925,0.00039323575374904904,-0.1280539174389217
99.997,99.998,99.995,99.996,99.997,-0.001,0.0,1971,19710432.0,0.0030000000000001137,-0.0020000000000095497,0.0049999999999954525,99.99759999999999,99.9987,99.9992,99.99724930125014,99.99801555195397,99.99850948116188,0.0030000000000001137,0.009500000000001714,0.0,0.0010000000000047748,0.0030041844006282984,0.0031923041271443553,0.9410708632312117,48.48204571288315,99.99883333333334,99.99834615384617,99.99819913588597,99.99846811719598,-0.0002689813100147376,0.0004649383303466771,0.0002607923409962918,-0.3652173913043478
99.996,100.0,99.996,100.0,99.996,0.004,0.0,1629,16290325.0,0.0049999999999954525,0.001999999999995339,0.007000000000005002,99.99859999999998,99.9989,99.99955,99.99816620083342,99.9983763606896,99.99865143533692,0.0040000000000048885,0.008571428571429911,0.0040000000000048885,0.0,0.003075314086298055,0.0029642824037769016,1.03745651304332,50.919197852899735,99.99874999999999,99.99842307692309,99.9984761919035,99.99858158999628,-0.00010539809277076984,0.0002607963745175665,0.00018755425424287948,-0.1735159817351598
100.01,100.019,100.01,100.019,100.0,0.019,0.02,2348,23483729.0,0.016000000000005343,0.006000000000000227,0.028000000000005798,100.0018,99.9995,100.00095,100.00511080055563,100.0021261132915,100.00058939387627,0.019000000000005457,0.00871428571428672,0.019000000000005457,0.0,0.004212791651562869,0.0027525479463642658,1.5305061832355664,60.482214719531896,100.0005,99.99926923076922,100.00163370084144,100.00009406481138,0.00153963603005991,0.00029288247449857054,0.00045797060940628556,0.44137507673419285
99.998,100.0,99.97,99.992,100.019,-0.027,-0.03,4198,41978250.0,-0.0049999999999954525,-0.0049999999999954525,-0.024999999999991473,100.0008,99.999,99.99969999999999,100.00074053370375,100.00028500178395,99.99977135636423,0.049000000000006594,0.011928571428572557,0.0,0.027000000000001023,0.003911877962165522,0.004484508807338319,0.8723091268689759,46.5900162719241,100.0,99.99907692307693,100.00015159301968,99.99949450445497,0.0006570885647079194,0.0002615020782899238,0.0004977942004666124,0.7879045996592844
99.995,99.999,99.982,99.99,99.992,-0.002,0.0,3562,35611990.0,-0.007000000000005002,-0.008000000000009777,-0.006000000000000227,99.99940000000001,99.9982,99.99940000000001,99.9971603558025,99.99841500145959,99.99884075099621,0.016999999999995907,0.012785714285714431,0.0,0.0020000000000095497,0.0036324581077251277,0.004307043892529122,0.843376152731085,45.75171223092839,99.99808333333333,99.99869230769231,99.99858980947819,99.99879120782867,-0.00020139835048382793,0.00020734552386316964,0.0003579556902765243,-0.15150071462601233
100.0,100.01,99.994,100.002,99.99,0.012,0.01,2360,23600491.0,0.006000000000000227,0.009000000000000341,0.007999999999995566,100.00059999999999,99.9991,99.9998,99.99877357053501,99.99906681937603,99.99914163185372,0.020000000000010232,0.013928571428572971,0.012000000000000455,0.0,0.00423013967145908,0.003999397900205613,1.0576941272189007,51.40191213202512,99.99849999999999,99.99915384615385,99.99911445417385,99.99902889613767,8.555803617582569e-05,0.0002245972139339377,0.00030347615945638457,-0.3374508702975856
99.996,99.996,99.981,99.984,100.002,-0.018,-0.02,10498,104968632.0,-0.016000000000005343,-0.01100000000000989,-0.012000000000000455,99.9974,99.998,99.9992,99.99384904702333,99.99632739767128,99.99769957167717,0.021000000000000796,0.014357142857144416,0.0,0.018000000000000682,0.003927986837783432,0.004999440907333832,0.785685221725763,43.99908853848513,99.99733333333334,99.99888461538461,99.99678915353171,99.99791564457192,-0.0011264910402104533,6.714625895338284e-05,1.7482719523016993e-05,3.448305084745763
99.987,99.992,99.987,99.992,99.984,0.008,0.01,3324,33237968.0,-0.027000000000001023,-0.01099999999999568,-0.021000000000000796,99.99199999999999,99.99690000000001,99.99815,99.99323269801556,99.99554059809468,99.99715675532697,0.008000000000009777,0.013142857142858995,0.008000000000009777,0.0,0.004218844920799599,0.004642337985381416,0.9087759086228999,47.61040332275269,99.99725000000001,99.99884615384616,99.99605236068068,99.9974774486777,-0.0014250879970205688,-0.00010129577298793417,-0.0002710314237857002,-0.6833682606210707
99.99,99.995,99.99,99.993,99.992,0.001,0.0,2794,27936549.0,0.000999999999990564,-0.0040000000000048885,-0.005000000000009663,99.9922,99.9965,99.9979,99.99315513201037,99.99507867116836,99.99676087386726,0.005000000000009663,0.013357142857145732,0.000999999999990564,0.0,0.003988927426456097,0.004310742414997029,0.9253458087819534,48.06127837198047,99.99708333333332,99.99892307692306,99.99558276672981,99.99714578581268,-0.0015630190828659352,-0.0002675659158247375,-0.0005294289556017472,-0.15944645006016844
99.99,99.993,99.985,99.989,99.993,-0.004,0.0,5427,54267273.0,-0.000999999999990564,-0.007999999999995566,-0.012000000000000455,99.99199999999999,99.9957,99.9973,99.99177008800693,99.99397345822865,99.99602174302277,0.007999999999995566,0.012642857142859652,0.0,0.003999999999990678,0.00370400403885209,0.004288546528210861,0.8636968293305106,46.34320430972529,99.99591666666667,99.99784615384615,99.99457003338676,99.99654239427099,-0.0019723608842241447,-0.00045683031295911606,-0.0008180153413262268,0.9423765211166786
99.991,100.001,99.991,100.001,99.989,0.012,0.01,3582,35816027.0,-0.000999999999990564,0.005000000000009663,0.0030000000000001137,99.9918,99.9962,99.99745,99.99484672533796,99.99525101127799,99.99649586273488,0.012000000000000455,0.013285714285716819,0.012000000000000455,0.0,0.004296575178934116,0.0039822217761958,1.0789392003773877,51.8985451898511,99.99624999999999,99.99803846153847,99.99555925901957,99.99687258728795,-0.001313328268381042,-0.000591044776915813,-0.0009170779267371899,-0.33996683250414594
99.992,99.996,99.992,99.996,100.001,-0.005,-0.01,1927,19269342.0,0.012000000000000455,-0.0040000000000048885,-0.0020000000000095497,99.9942,99.9958,99.99735000000001,99.99523115022531,99.99538719104562,99.9964486377125,0.009000000000000341,0.013357142857145732,0.0,0.005000000000009663,0.003989676951867394,0.0040549202207539325,0.9839100980205209,49.59449014359237,99.99616666666667,99.99811538461539,99.99562706532426,99.99680795119255,-0.0011808858682940127,-0.0008933249878440267,-0.0009698395150485545,-0.4620323841429369
99.995,99.996,99.992,99.992,99.996,-0.004,0.0,1352,13522047.0,0.0,-0.027000000000001023,-0.021000000000000796,99.9942,99.9931,99.99629999999999,99.99415410015021,99.99477133812823,99.99602495793036,0.003999999999990678,0.013000000000002185,0.0,0.003999999999990678,0.003704700026734009,0.004050997347842272,0.9145155399095201,47.7674649719866,99.99583333333334,99.99796153846154,99.99506905527437,99.99645180665976,-0.0013827513853925666,-0.001119973871188525,-0.001052421889117357,-0.2983912817851583
99.995,99.995,99.99,99.99,99.992,-0.002,0.0,2045,20449050.0,-0.0030000000000001137,-0.0020000000000095497,-0.007000000000005002,99.99359999999999,99.99289999999999,99.99595000000001,99.99276940010014,99.9939038221049,99.99545115241318,0.005000000000009663,0.01314285714286001,0.0,0.0020000000000095497,0.0034400785962530084,0.0039044975372827923,0.8810553889213153,46.83835436799942,99.995,99.99707692307692,99.99428920061678,99.99597389505534,-0.0016846944385662255,-0.0012847845476421248,-0.0011788763990071309,0.5125739644970415
99.992,99.992,99.984,99.986,99.99,-0.004,0.0,985,9847208.0,-0.0030000000000001137,-0.003999999999990678,-0.012000000000000455,99.99300000000001,99.9925,99.99535,99.9905129334001,99.99246676354036,99.99455104265954,0.008000000000009777,0.013500000000003556,0.0,0.003999999999990678,0.0031943586965206506,0.003911319141761927,0.8166959996728091,44.95501723017488,99.99225,99.9966153846154,99.99301393898342,99.9952350880142,-0.0022211490307739723,-0.001541085332858769,-0.0013873309253604992,-0.5183374083129584
99.989,99.998,99.989,99.996,99.986,0.01,0.01,768,7676742.0,-0.005000000000009663,-0.006000000000000227,0.0030000000000001137,99.99199999999999,99.9919,99.9955,99.99234195560007,99.99310917016939,99.99468903859672,0.012000000000000455,0.014071428571431812,0.009999999999990905,0.0,0.0036804759324828118,0.0036319392030646465,1.013363860655269,50.331878924530805,99.99258333333334,99.99642307692308,99.99347333298597,99.99529174816129,-0.0018184151753217748,-0.0016179657923155826,-0.0014735477753527542,-0.2203045685279188
99.988,99.99,99.983,99.99,99.996,-0.006,-0.01,249,2490015.0,-0.006000000000000227,0.006000000000000227,-0.005000000000009663,99.99080000000001,99.99249999999999,99.99525,99.99156130373339,99.99254386650222,99.99424246349227,0.012999999999991019,0.013642857142859352,0.0,0.006000000000000227,0.0034175847944483253,0.0038010864028457597,0.8991073688537261,47.34368280590762,99.99258333333334,99.99611538461538,99.99293897406505,99.99489976681602,-0.0019607927509639467,-0.0016774885427537356,-0.001570996770474993,-0.67578125
99.987,99.987,99.972,99.978,99.99,-0.012,-0.01,1486,14859097.0,-0.014000000000010004,-0.014000000000010004,-0.025000000000005684,99.98799999999999,99.99109999999999,99.994,99.98704086915559,99.98989952713818,99.99269556220729,0.018000000000000682,0.011428571428573215,0.0,0.012000000000000455,0.0031734715948448736,0.00438672308835681,0.7234264691263201,41.976056541191255,99.99058333333335,99.99534615384616,99.99064067036274,99.99364793223705,-0.003007261874316214,-0.0018379599640259887,-0.0018582497912432371,4.967871485943775
99.983,99.983,99.971,99.98,99.978,0.002,0.0,191,1909873.0,-0.009999999999990905,-0.012999999999991019,-0.016999999999995907,99.98599999999999,99.9898,99.99315,99.98469391277041,99.98809961311304,99.99148646104469,0.012000000000000455,0.011071428571430683,0.0020000000000095497,0.0,0.003089652195213779,0.004073385724902752,0.7584973297090694,43.13326593646618,99.99025,99.99407692307692,99.98900364415309,99.99263697429357,-0.003633330140488056,-0.002022512103610868,-0.002213265861092201,-0.8714670255720054
99.981,99.999,99.981,99.996,99.98,0.016,0.02,416,4161166.0,0.009999999999990905,0.006999999999990791,-0.0010000000000047748,99.98799999999999,99.9905,99.9931,99.98846260851361,99.98953604709249,99.99191632189758,0.018999999999991246,0.011000000000000756,0.015999999999991132,0.0,0.004011819895555019,0.0037824296016954126,1.0606462824203748,51.47153548228427,99.99058333333333,99.99403846153847,99.99008000659107,99.99288608730886,-0.0028060807177894276,-0.0021883734868784663,-0.0023318288324316464,1.1780104712041886
99.997,99.999,99.995,99.998,99.996,0.002,0.0,710,7100134.0,0.0020000000000095497,-0.0030000000000001137,0.0020000000000095497,99.9884,99.9902,99.9932,99.99164173900908,99.99107494762112,99.9924957198121,0.003999999999990678,0.009785714285714318,0.0020000000000095497,0.0,0.0038681184744446284,0.0035122560587171688,1.1013201799009598,52.410869625440306,99.991,99.99403846153845,99.99129846711551,99.99326489565635,-0.0019664285408396154,-0.0022756560060502,-0.00225874877411324,0.7067307692307692
99.994,99.994,99.976,99.983,99.998,-0.015,-0.02,1551,15510326.0,-0.006999999999990791,-0.012999999999991019,-0.016999999999995907,99.987,99.98889999999999,99.99235,99.98876115933939,99.98960677532637,99.99159136554428,0.02200000000000557,0.010785714285714018,0.0,0.015000000000000568,0.0035918242976985836,0.004332809197380268,0.8289827993972816,45.32480019333492,99.9905,99.99365384615385,99.99002177986698,99.99250453301514,-0.0024827531481577125,-0.002397878424135216,-0.002303549648922135,1.184507042253521
99.979,99.983,99.979,99.98,99.983,-0.003,0.0,460,4602119.0,0.0020000000000095497,-0.012000000000000455,-0.03900000000000148,99.98740000000001,99.98769999999999,99.9904,99.98584077289294,99.98786008890337,99.99048742596864,0.0040000000000048885,0.010714285714285105,0.0,0.0030000000000001137,0.003335265419291542,0.004237608540424543,0.7870631247494606,44.04226766526806,99.98875,99.99307692307693,99.98847996757976,99.99157827131032,-0.003098303730553198,-0.00255494612324488,-0.002462500465248348,-0.7034171502256609
99.98,99.982,99.967,99.982,99.98,0.002,0.0,724,7239671.0,0.001999999999995339,-0.007999999999995566,-0.010000000000005116,99.98780000000001,99.98689999999999,99.9899,99.98456051526196,99.98679461819367,99.9896790996859,0.015000000000000568,0.011214285714285463,0.001999999999995339,0.0,0.003239889317913242,0.003934922216108505,0.8233680718388825,45.15643794335549,99.98758333333332,99.99226923076922,99.98748304949056,99.99086876973178,-0.003385720241212198,-0.0026843429244046823,-0.0026471444204411183,0.5739130434782609
99.979,99.981,99.975,99.981,99.982,-0.001,0.0,188,1879739.0,-0.015000000000000568,-0.005000000000009663,-0.009000000000000341,99.98479999999999,99.9864,99.98945,99.98337367684131,99.98574105124936,99.98885251876342,0.007000000000005002,0.01085714285714293,0.0,0.0010000000000047748,0.0030084686523480105,0.0037252849149582387,0.8075808216085765,44.67743914708642,99.98666666666666,99.99165384615387,99.98648565726124,99.99013774975165,-0.0036520924904124286,-0.002888084848303644,-0.0028481340344353808,-0.7403314917127072
100.0,100.004,99.992,99.997,99.981,0.016,0.02,210,2100360.0,-0.0010000000000047748,0.0010000000000047748,-0.0049999999999954525,99.9846,99.9865,99.98920000000001,99.98791578456087,99.98778813284038,99.98962846935738,0.023000000000010346,0.011857142857143645,0.016000000000005343,0.0,0.003936435177180677,0.0034591931353183648,1.1379633987445426,53.22651451436348,99.98725,99.99165384615384,99.98810324845182,99.99064606458487,-0.002542816133043857,-0.0029527541129791895,-0.002787070454157076,0.11702127659574457
99.994,99.999,99.986,99.995,99.997,-0.002,0.0,372,3720155.0,0.012000000000000455,0.005000000000009663,0.01100000000000989,99.987,99.987,99.98974999999999,99.99027718970726,99.98909938141486,99.99014004370432,0.012999999999991019,0.012500000000000813,0.0,0.001999999999995339,0.0036552612359534854,0.003354965054223863,1.08950799095554,52.14184371016948,99.988,99.99161538461537,99.98916428715154,99.99096857831933,-0.0018042911677866869,-0.0028190907011425756,-0.0025905145968829982,0.7714285714285714
99.995,99.999,99.994,99.999,99.995,0.004,0.0,16,162294.0,0.018999999999991246,0.021000000000000796,0.006999999999990791,99.99080000000001,99.98910000000001,99.9901,99.99318479313818,99.99089949388488,99.9909838490658,0.0049999999999954525,0.012499999999999798,0.003999999999990678,0.0,0.0036798854333847135,0.0031153246932078727,1.1812205133569909,54.15410803830385,99.98825,99.99157692307692,99.9906774737436,99.99156349844381,-0.0008860247002075994,-0.002513834541111414,-0.0022496166175479185,-0.956989247311828
100.001,100.001,100.001,100.001,99.999,0.002,0.0,1,10000.0,0.019000000000005457,0.021000000000000796,0.008000000000009777,99.9946,99.9912,99.9905,99.99578986209212,99.99273594954217,99.99193776820239,0.0020000000000095497,0.012071428571428353,0.0020000000000095497,0.0,0.003559893616715059,0.002892801500835882,1.2306041792658153,55.16909681711699,99.98916666666666,99.99088461538462,99.99226555470614,99.99226249855909,3.056147050983782e-06,-0.0022017082227958123,-0.0017990820646281382,-0.9375
99.999,100.001,99.999,100.001,100.001,0.0,0.0,19,190099.0,0.020000000000010232,0.005000000000009663,0.012000000000000455,99.9986,99.99170000000001,99.9911,99.99752657472808,99.99423850417085,99.9928008378974,0.0020000000000095497,0.011357142857143288,0.0,-0.0,0.003305615501235412,0.0026861728222047476,1.2306041792658153,55.16909681711699,99.99108333333334,99.99123076923077,99.99360931552059,99.99290972088805,0.0006995946325361047,-0.0019054834257540658,-0.0012993467251952897,18.0
100.006,100.021,100.005,100.02,100.001,0.019,0.02,215,2149681.0,0.022999999999996135,0.02199999999999136,0.018999999999991246,100.00319999999999,99.9939,99.99205,100.00501771648538,99.99892241250342,99.99539123428814,0.01999999999999602,0.011857142857143645,0.018999999999991246,0.0,0.004426642965432257,0.0024943033349044087,1.7747011373826767,63.960082528265325,99.99441666666667,99.99238461538462,99.9976694208251,99.99491640822967,0.0027530125954342566,-0.0013237316764660692,-0.0004888748610693804,10.31578947368421
100.0,100.006,99.999,100.004,100.02,-0.016,-0.02,188,1876416.0,0.009000000000000341,0.021000000000000796,0.008000000000009777,100.005,99.99600000000001,99.99244999999999,100.00467847765692,99.99984561023007,99.99621111673687,0.021000000000000796,0.012071428571429368,0.0,0.015999999999991132,0.0041104541821870965,0.0034589959538391746,1.18833737796798,54.303207080045034,99.99508333333334,99.99246153846154,99.99864335608278,99.99558926687932,0.003054089203459398,-0.0006401324615757807,0.00021971795183637526,-0.12558139534883717
100.006,100.015,100.002,100.015,100.004,0.011,0.01,347,3474589.0,0.016000000000005343,0.03499999999999659,0.022999999999996135,100.00820000000002,99.9995,99.9936,100.00811898510463,100.0026009538246,99.99800053419051,0.01300000000000523,0.012142857142858279,0.01099999999999568,0.0,0.004602564597744853,0.0032119248142792336,1.4329614993736033,58.89782882887942,99.99650000000001,99.99365384615385,100.00115976283928,99.99702709896233,0.0041326638769447754,0.00019524355155277185,0.0010023071368580553,0.8457446808510638
100.015,100.019,100.015,100.018,100.015,0.003,0.0,3998,39986379.0,0.016999999999995907,0.036000000000001364,0.028000000000005798,100.0116,100.00309999999999,99.995,100.01141265673643,100.00540078040194,99.99990524521998,0.0040000000000048885,0.011071428571430683,0.0030000000000001137,0.0,0.004488095697905943,0.0029825016132592882,1.5048091434228383,60.07679856064828,99.99941666666666,99.99465384615384,100.00375056855631,99.99858064718735,0.0051699213689602175,0.001175467313705288,0.0018358299832784877,10.521613832853026
100.003,100.009,100.003,100.003,100.018,-0.015,-0.01,261,2610773.0,0.001999999999995339,0.02200000000000557,0.016999999999995907,100.012,100.0053,99.99585,100.0086084378243,100.00496427487431,100.00019998377046,0.015000000000000568,0.011857142857145675,0.0,0.015000000000000568,0.004167517433769805,0.0038408943551693797,1.0850382875438451,52.03925002365351,100.00133333333333,99.99503846153847,100.00363509647073,99.99890800665496,0.004727089815773411,0.001983234641351651,0.0024140819497774726,-0.9347173586793397
100.01,100.02,100.01,100.018,100.003,0.015,0.02,154,1540258.0,-0.001999999999995339,0.021000000000000796,0.02200000000000557,100.0116,100.00739999999999,99.99695,100.01173895854953,100.00733440671533,100.00189522341137,0.016999999999995907,0.011500000000002128,0.015000000000000568,0.0,0.004941266188500574,0.003566544758371567,1.3854490895991687,58.079172414112115,100.00433333333335,99.99615384615385,100.00584508162908,100.00032222838422,0.005522853244855241,0.0027973617983118653,0.0030358362087930264,-0.4099616858237548
100.0,100.004,100.0,100.0,100.018,-0.018,-0.02,247,2470057.0,-0.0040000000000048885,0.0049999999999954525,0.010000000000005116,100.0108,100.00789999999999,99.99745,100.00782597236636,100.00600087822163,100.00171472594361,0.018000000000000682,0.012500000000001827,0.0,0.018000000000000682,0.004588318603607676,0.004597505847059361,0.9980016896645033,49.94999227613686,100.00591666666668,99.99611538461538,100.00494583830152,100.00029835961502,0.004647478686507611,0.003412195507946889,0.0033581647043359436,0.6038961038961039
99.995,99.999,99.995,99.998,100.0,-0.002,0.0,1443,14430845.0,-0.016999999999995907,-0.000999999999990564,0.020000000000010232,100.00739999999999,100.0078,99.99845,100.00455064824425,100.00454617309042,100.00136094252042,0.0049999999999954525,0.011785714285715747,0.0,0.001999999999995339,0.0042605815604928425,0.004411969715126217,0.9656869461015682,49.127199425969565,100.00600000000001,99.99619230769233,100.00387724779361,100.00012811075464,0.003749137038965955,0.0038284267181596635,0.003436359171261946,4.842105263157895
99.985,99.999,99.985,99.995,99.998,-0.003,0.0,1704,17037345.0,-0.022999999999996135,-0.006000000000000227,0.015000000000000568,100.00280000000001,100.0072,99.9992,100.0013670988295,100.0028105052558,100.00075513847085,0.013999999999995794,0.01228571428571509,0.0,0.0030000000000001137,0.003956254306171926,0.004311114735474353,0.9176870830223028,47.85384910535115,100.00600000000001,99.9963076923077,100.00251151736381,99.99974825069876,0.0027632666650561077,0.004057723610661886,0.0033017406700207785,0.18087318087318094
99.991,99.991,99.985,99.991,99.995,-0.004,0.0,1962,19617979.0,-0.012000000000000455,-0.010000000000005116,-0.0049999999999954525,100.0004,100.0062,99.99895000000001,99.99791139921967,100.00066314066383,99.9998260776641,0.010000000000005116,0.011357142857143288,0.0,0.0040000000000048885,0.003673664712873931,0.004288892254369391,0.8565532764623114,46.13674637414585,100.00533333333334,99.99634615384616,100.00074051469247,99.99910023212848,0.0016402825639829643,0.003934086940500631,0.0029694490488132155,0.15140845070422526
99.994,100.002,99.994,99.999,99.991,0.008,0.01,7,73500.0,-0.019000000000005457,-0.021000000000000796,0.000999999999990564,99.9966,100.00410000000001,99.999,99.99827426614645,100.00036075145223,99.99974740360085,0.01099999999999568,0.011214285714286478,0.007999999999995566,0.0,0.003982688661954048,0.00398254280762872,1.00003662341684,50.00091556865537,100.00516666666668,99.99684615384614,100.00047274320131,99.99909280752637,0.001379935674947319,0.003748069881777067,0.002651546374040036,-0.9964322120285423
99.995,99.999,99.995,99.999,99.999,0.0,0.0,7,73198.0,-0.0010000000000047748,-0.005000000000009663,0.015999999999991132,99.9964,100.0036,99.99980000000001,99.99851617743097,100.00011334209728,99.99967622230554,0.003999999999990678,0.011142857142857565,0.0,-0.0,0.0036982109003859016,0.003698075464226669,1.00003662341684,50.00091556865537,100.005,99.99696153846153,100.00024616732419,99.99908593289477,0.0011602344294203704,0.003417799943163244,0.002353283985116103,0.0
99.991,99.991,99.991,99.991,99.999,-0.008,-0.01,1,10199.0,-0.007000000000005002,-0.02400000000000091,0.01099999999999568,99.995,100.00120000000001,100.00035,99.99601078495398,99.99845637080686,99.99884991541929,0.007999999999995566,0.011571428571427995,0.0,0.007999999999995566,0.0034340529789297657,0.0040053557882101624,0.8573652780204852,46.160294270938195,100.00258333333333,99.997,99.99882368004356,99.99848697490258,0.00033670514098105286,0.002880775917832226,0.0019499682162890932,-0.8571428571428572
99.994,99.999,99.994,99.995,99.991,0.004,0.0,113,1129983.0,0.0,-0.022999999999996135,0.01300000000000523,99.995,99.9989,100.001,99.99567385663599,99.99782793975108,99.99848325680793,0.007999999999995566,0.011999999999998425,0.0040000000000048885,0.0,0.0034744777661494175,0.003719258946195151,0.9341854967382286,48.29865068855186,100.00183333333332,99.99765384615384,99.99823542157532,99.99822868046536,6.741109956465152e-06,0.00235629272829701,0.0015613227950225677,112.0
99.998,100.01,99.998,100.009,99.995,0.014,0.01,27,270724.0,0.018000000000000682,0.006000000000000227,0.028000000000005798,99.9986,99.9995,100.0024,100.00011590442399,99.99985922343268,99.99948485139764,0.015000000000000568,0.011642857142855892,0.013999999999995794,0.0,0.00422630078285273,0.0034535975928954975,1.223738628827743,55.03068629395732,100.00133333333332,99.99876923076923,99.99989151056373,99.99902655598645,0.0008649545772811962,0.0018387484318998935,0.0014220491514742935,-0.7610619469026548
99.985,99.99,99.985,99.985,100.009,-0.024,-0.02,62,620923.0,-0.013999999999995794,-0.03300000000000125,-0.012000000000000455,99.9958,99.9962,100.0018,99.995077269616,99.99715754644492,99.99810534174073,0.02400000000000091,0.011857142857141614,0.0,0.02400000000000091,0.003924422155506107,0.004921197764831599,0.7974526412149581,44.36571083597136,99.99858333333334,99.99834615384614,99.99760050893853,99.9979875518393,-0.00038704290076907455,0.0012793571444247062,0.0010602307410256199,1.2962962962962963
99.984,99.986,99.98,99.986,99.985,0.001,0.0,1072,10718142.0,-0.012999999999991019,-0.013999999999995794,-0.009000000000000341,99.9932,99.99480000000001,100.00135,99.99205151307734,99.99512890163676,99.99695245205115,0.006000000000000227,0.011357142857141258,0.0010000000000047748,0.0,0.003715534858684583,0.004569683638772199,0.8130836076177229,44.84534547670768,99.99716666666666,99.99788461538462,99.99581581525568,99.9970995850364,-0.0012837697807128734,0.0007201452755715031,0.0005914306366779212,16.29032258064516
99.981,99.998,99.981,99.99,99.986,0.004,0.0,275,2750935.0,-0.0010000000000047748,-0.008000000000009777,-0.009000000000000341,99.99300000000001,99.994,100.0009,99.99136767538491,99.99419637406643,99.99629031376057,0.017000000000010118,0.012285714285713059,0.003999999999990678,0.0,0.003735853797349304,0.004243277664574185,0.8804170013522316,46.82030638518544,99.99483333333332,99.99815384615385,99.99492107444712,99.99657368984852,-0.0016526154013973837,0.00022949171263222625,0.00014262142906286022,-0.7434701492537313
99.998,100.003,99.998,100.003,99.99,0.013,0.01,38,380202.0,0.007999999999995566,0.007999999999995566,0.001999999999995339,99.9946,99.9948,100.001,99.99524511692329,99.99579703332707,99.99692933149767,0.01300000000000523,0.01214285714285625,0.01300000000000523,0.0,0.004397578526110442,0.003940186402818886,1.1160838794236558,52.74289409206389,99.99508333333334,99.99903846153846,99.99616398607064,99.9970497128227,-0.0008857267520596679,-5.1175989150288435e-05,-6.304820716164542e-05,-0.8618181818181818
100.006,100.018,100.006,100.018,100.003,0.015,0.02,282,2820570.0,0.009000000000000341,0.027000000000001023,0.016999999999995907,99.99640000000001,99.9975,100.00184999999999,100.00283007794886,99.9998339363585,99.99893606183122,0.015000000000000568,0.01199999999999944,0.015000000000000568,0.0,0.0051548943456740225,0.0036587445169032513,1.408924378802242,58.487696467366206,99.99675,100.00042307692307,99.999523372829,99.99860158594694,0.0009217868820599051,-0.00010208141058222332,0.00013391881068266468,6.421052631578948
100.003,100.003,99.996,99.996,100.018,-0.022,-0.02,22,220096.0,0.01099999999999568,-0.0030000000000001137,-0.02400000000000091,99.9986,99.99719999999999,100.00065,100.00055338529924,99.99913685702059,99.9986564368949,0.02200000000000557,0.012285714285714075,0.0,0.02200000000000557,0.0047866876066973065,0.004968834194267703,0.9633421884391856,49.06644364449897,99.99683333333333,100.00099999999999,99.9989813154707,99.99840887587679,0.0005724395939097349,-0.00016739194786118282,0.00022162296732807874,-0.9219858156028369
99.995,99.999,99.995,99.999,99.996,0.003,0.0,164,1640858.0,0.012999999999991019,0.0,-0.005000000000009663,100.0012,99.99719999999999,100.0004,100.0000355901995,99.99911197392592,99.99868915719063,0.003999999999990678,0.012214285714285162,0.0030000000000001137,0.0,0.004659067063361793,0.004613917466105724,1.009785523383923,50.24344695665454,99.9975,100.00107692307691,99.99898419001367,99.99845266284888,0.0005315271647958753,-0.00014574505632620257,0.00028360380682163804,6.454545454545454
99.996,99.998,99.996,99.998,99.999,-0.001,0.0,25,250094.0,0.008000000000009777,0.007000000000005002,-0.016999999999995907,100.00280000000001,99.99789999999999,99.99955,99.99935706013301,99.99890979684847,99.99862352317247,0.0030000000000001137,0.011428571428571186,0.0,0.000999999999990564,0.00432627655883595,0.004355780504240355,0.9932264848112334,49.83008666500315,99.99741666666667,100.0011923076923,99.99883277616541,99.99841913226749,0.00041364389792875045,-0.00010053363544039307,0.0003096118250430605,-0.8475609756097561
99.995,99.999,99.995,99.999,99.998,0.001,0.0,3,30299.0,-0.0040000000000048885,0.003999999999990678,-0.019000000000005457,100.002,99.9983,99.9986,99.99923804008868,99.99892619742147,99.99865937810841,0.003999999999990678,0.010999999999998724,0.000999999999990564,0.0,0.00408868537606128,0.0040446533253660445,1.0108864832540996,50.27068865758356,99.99741666666667,100.0011923076923,99.9988585029092,99.99846215950693,0.00039634340227223674,-0.0001526015437747219,0.00032695814048889577,-0.88
100.0,100.009,100.0,100.009,99.999,0.01,0.01,73,730358.0,-0.009000000000000341,0.0,0.006000000000000227,100.00019999999999,99.9983,99.9989,100.00249202672579,100.00075779789029,99.99964419924095,0.010000000000005116,0.010928571428570828,0.010000000000005116,0.0,0.004510922134914411,0.003755749516411327,1.2010710818714723,54.56757356742225,99.99891666666667,100.00150000000001,100.00041873323086,99.9992427402842,0.001175992946656379,2.1069105939217378e-05,0.0004967651017223925,23.333333333333332
100.007,100.007,100.0,100.0,100.009,-0.009,-0.01,25,246801.0,0.0040000000000048885,0.015000000000000568,-0.018000000000000682,100.001,99.99980000000001,99.998,100.00166135115053,100.00062001645568,99.99967808502753,0.009000000000000341,0.011285714285714375,0.0,0.009000000000000341,0.004188713410991953,0.0041303388366676855,1.0141331199769954,50.350848705997066,99.99933333333335,100.00146153846154,100.0003543127338,99.99929883359648,0.0010554791373209582,0.00028098565238742087,0.0006085079088421056,-0.6575342465753424
99.995,99.995,99.995,99.995,100.0,-0.005,-0.01,10,103495.0,-0.003999999999990678,0.009000000000000341,-0.0049999999999954525,100.00019999999999,100.0007,99.99775,99.99944090076703,99.99959819528192,99.99923255312015,0.0049999999999954525,0.011071428571428652,0.0,0.0049999999999954525,0.0038895195959210995,0.0041924574911910975,0.9277421665201113,48.12584289707358,99.99816666666668,100.0005,99.99953057231322,99.99898040147824,0.0005501708349839873,0.0005257396786520177,0.000596840494070482,-0.6
99.995,99.995,99.995,99.995,99.995,0.0,0.0,154,1540023.0,-0.0030000000000001137,0.005000000000009663,-0.0030000000000001137,99.9996,100.00120000000001,99.99759999999999,99.99796060051136,99.99876215977612,99.998829452823,0.0,0.010500000000000398,0.0,-0.0,0.0036116967676410212,0.003892996241820305,0.9277421665201114,48.12584289707359,99.99899999999998,100.00015384615384,99.9988335611881,99.9986855569243,0.00014800426380645604,0.0006405986804149203,0.0005070732480176768,14.4
99.999,99.999,99.997,99.997,99.995,0.002,0.0,168,1679980.0,-0.001999999999995339,-0.006000000000000227,0.001999999999995339,99.9992,100.00059999999999,99.9977,99.99764040034091,99.99844176708955,99.99865521922081,0.003999999999990678,0.009714285714285406,0.001999999999995339,0.0,0.003496575569952044,0.003614925081690283,0.9672608673585842,49.16790057727895,99.99991666666666,99.99946153846155,99.99855147485148,99.99856070085583,-9.226004351603478e-06,0.000537152804146975,0.0004038133975438208,0.09090909090909083
100.0,100.003,99.999,100.003,99.997,0.006,0.01,39,389998.0,-0.006000000000000227,-0.015000000000000568,0.012000000000000455,99.998,99.9991,99.9983,99.99942693356061,99.99927053670962,99.99906900786645,0.006000000000000227,0.008428571428571072,0.006000000000000227,0.0,0.0036753916006697714,0.0033567161472838345,1.0949366700677985,52.265860143274075,100.00100000000002,99.99888461538461,99.99923586333587,99.99888953782947,0.0003463255063991255,0.0005120290166457961,0.0003923158193148818,-0.7678571428571428
100.0,100.0,99.983,99.99,100.003,-0.013,-0.01,36,360063.0,-0.010000000000005116,-0.006000000000000227,-0.009000000000000341,99.99600000000001,99.9985,99.99785,99.99628462237375,99.99758498458058,99.99820529283156,0.01999999999999602,0.009428571428570771,0.0,0.01300000000000523,0.0034128636291933592,0.004045522136763934,0.8436151166196197,45.75874373206699,99.99991666666665,99.99838461538462,99.9978149612842,99.99823105354581,-0.0004160922616023299,0.0004067379692682178,0.00023063420313143947,-0.07692307692307687
99.987,99.992,99.987,99.992,99.99,0.002,0.0,6,60193.0,-0.0030000000000001137,-0.006999999999990791,-0.006999999999990791,99.99539999999999,99.9978,99.9975,99.99485641491583,99.99656953283865,99.99761431256188,0.005000000000009663,0.008571428571427881,0.0020000000000095497,0.0,0.003311944798537373,0.003756556269852224,0.8816438675807879,46.854980518407515,99.99775000000001,99.9973846153846,99.99692035185586,99.99776949402388,-0.0008491421680218991,0.0002664284063848123,1.4678928900771742e-05,-0.8333333333333334
99.989,99.989,99.989,99.989,99.992,-0.003,0.0,3,29997.0,-0.006000000000000227,-0.009000000000000341,-0.001999999999995339,99.9942,99.99690000000001,99.9974,99.99290427661056,99.9951932541407,99.9967939018417,0.0030000000000001137,0.007857142857141801,0.0,0.0030000000000001137,0.003075377312927561,0.0037025165362913593,0.8306181168357522,45.37364233407057,99.99716666666666,99.99696153846153,99.99570183618573,99.99711990187396,-0.0014180656882274434,6.482739632929224e-05,-0.0002718699945248713,-0.5
99.99,99.993,99.99,99.993,99.989,0.004,0.0,170,1700636.0,-0.0040000000000048885,-0.006000000000000227,-0.0020000000000095497,99.9934,99.99629999999999,99.99730000000001,99.99293618440706,99.99479448066056,99.99643257785678,0.003999999999990678,0.007071428571426809,0.003999999999990678,0.0,0.0031414217905749264,0.0034380510694134053,0.91372167752904,47.74579753461431,99.99666666666667,99.99676923076922,99.99528616908023,99.99681472395737,-0.001528554877140209,-0.0002356779174258842,-0.0005232069710479389,55.666666666666664
99.996,100.009,99.996,100.004,99.993,0.011,0.01,51,511027.0,0.0010000000000047748,-0.0049999999999954525,-0.0049999999999954525,99.9936,99.9958,99.99705,99.99662412293804,99.99646821144955,99.99715328472757,0.016000000000005343,0.006642857142855364,0.01100000000000989,0.0,0.0037027488055345666,0.0031924759930267335,1.1598360688138023,53.70018982277635,99.99716666666666,99.9971153846154,99.9966267584525,99.99734696662719,-0.0007202081746839895,-0.0004329765076486562,-0.0005626072117751491,-0.7
100.001,100.001,99.999,99.999,100.004,-0.005,-0.01,155,1550115.0,0.009000000000000341,-0.0010000000000047748,0.013999999999995794,99.99539999999999,99.9957,99.99775,99.9974160819587,99.99692853664052,99.99732916237258,0.005000000000009663,0.006714285714285292,0.0,0.005000000000009663,0.0034382667479963833,0.0033215848506683715,1.0351283807500906,50.863050731402595,99.99716666666666,99.99742307692307,99.99699187253674,99.99746941354368,-0.0004775410069441932,-0.0005471667123073429,-0.0005455939708089579,2.0392156862745097
99.985,99.985,99.974,99.974,99.999,-0.025,-0.03,353,3529399.0,-0.018000000000000682,-0.021000000000000796,-0.012000000000000455,99.99180000000001,99.9936,99.99715,99.98961072130581,99.99275971179678,99.99510733738471,0.024999999999991473,0.008285714285713246,0.0,0.024999999999991473,0.0031926762659966416,0.004870043075620022,0.6555745434736573,39.59800819950748,99.99424999999998,99.99646153846155,99.99345466137724,99.99573093846638,-0.0022762770891375794,-0.0008165313070789024,-0.0008917305944746822,1.2774193548387096
99.93,99.975,99.929,99.975,99.974,0.001,0.0,1045,10442182.0,-0.014000000000010004,-0.020000000000010232,-0.015000000000000568,99.989,99.99159999999999,99.99640000000001,99.98474048087056,99.98953067328826,99.99319235287189,0.04599999999999227,0.01128571428571336,0.000999999999990564,0.0,0.003036056532710493,0.004522182855932877,0.6713696967665381,40.168832668522235,99.99216666666668,99.99553846153846,99.99061548270382,99.9941953133948,-0.0035798306909811117,-0.0012132651611488478,-0.0014293506137759682,1.9603399433427762
99.972,99.981,99.971,99.981,99.975,0.006,0.01,517,5168947.0,-0.012000000000000455,-0.016000000000005343,-0.02200000000000557,99.9866,99.99000000000001,99.9953,99.98349365391371,99.9879796417813,99.99203117640789,0.009999999999990905,0.011285714285712345,0.006000000000000227,0.0,0.0032477667803740454,0.004199169794794815,0.7734306872753502,43.612118185663505,99.991,99.99515384615384,99.98913617767245,99.99321788277297,-0.004081705100517752,-0.0017052685619173896,-0.001959821511124325,-0.5052631578947369
99.997,100.006,99.997,100.003,99.981,0.022,0.02,46,458014.0,-0.0010000000000047748,0.0,-0.015000000000000568,99.98639999999999,99.99,99.99455,99.98999576927582,99.99071061600287,99.99307582627381,0.025000000000005684,0.01242857142856987,0.02200000000000557,0.0,0.0045872120103477255,0.003899229095166614,1.1764407523615164,54.05342420118883,99.99166666666666,99.99546153846154,99.99126907341515,99.99394248404904,-0.0026734106338892616,-0.0019560817143937153,-0.0021025393356773124,-0.9110251450676983
100.0,100.0,100.0,100.0,100.003,-0.003,0.0,1,10000.0,0.0010000000000047748,0.010000000000005116,0.0040000000000048885,99.9866,99.991,99.99475,99.99333051285055,99.99239959491143,99.99373527139059,0.0030000000000001137,0.012285714285713059,0.0,0.0030000000000001137,0.004259554009608603,0.003834998445511864,1.110705537467323,52.62247706992233,99.99191666666667,99.99511538461539,99.99261229288975,99.9943911889343,-0.0017788960445557223,-0.0020593877006752515,-0.0020378106774529945,-0.9782608695652174
99.998,99.998,99.997,99.998,100.0,-0.002,0.0,13,129997.0,0.02400000000000091,0.006000000000000227,-0.000999999999990564,99.9914,99.9916,99.9947,99.99488700856705,99.99341785038207,99.99414143602006,0.0030000000000001137,0.012499999999998781,0.0,0.001999999999995339,0.003955300151779416,0.0037039271279749693,1.0678666224035243,51.64098162009699,99.99150000000002,99.99561538461538,99.99344117090672,99.99465850827251,-0.0012173373657873299,-0.002037084553737461,-0.0018737160151198616,12.0
99.997,100.23,99.997,99.998,99.998,0.0,0.0,5,50145.0,0.023000000000010346,0.009000000000000341,0.0,99.99600000000001,99.99249999999999,99.9947,99.99592467237804,99.99425096849441,99.99450891830386,0.2330000000000041,0.0288571428571426,0.0,-0.0,0.0036727787123666013,0.0034393609045481857,1.0678666224035243,51.64098162009699,99.99216666666668,99.99607692307693,99.99414252922875,99.99490602617826,-0.0007634969495029509,-0.0019520781173333211,-0.0016516722019964795,-0.6153846153846154
100.001,100.001,100.001,100.001,99.998,0.003,0.0,1,10000.0,0.020000000000010232,0.008000000000009777,0.0020000000000095497,100.0,99.9933,99.9948,99.99761644825205,99.99547806513179,99.99512711656064,0.0030000000000001137,0.028642857142856876,0.0030000000000001137,0.0,0.0036247230900547096,0.00319369226850903,1.1349631665504534,53.16078442628401,99.99291666666666,99.99649999999998,99.99519752473202,99.99535743164654,-0.00015990691451861494,-0.0018898224217593906,-0.0013533191445009066,-0.8
99.985,99.985,99.985,99.985,100.001,-0.016,-0.02,1,9999.0,-0.018000000000000682,-0.019000000000005457,-0.02400000000000091,99.99640000000001,99.9914,99.9936,99.99341096550137,99.99357296238054,99.99416262926916,0.016000000000005343,0.028357142857143254,0.0,0.016000000000005343,0.003365814297907945,0.004108428535044481,0.8192461592547828,45.032177481159025,99.99258333333331,99.9958076923077,99.99362867477325,99.99459021448753,-0.0009615397142823667,-0.0019436000559080765,-0.0012749632584571986,0.0
99.988,99.988,99.978,99.978,99.985,-0.007,-0.01,57,573108.0,-0.02200000000000557,-0.021000000000000796,-0.02200000000000557,99.992,99.9893,99.99249999999999,99.98827397700092,99.99074151467498,99.99262333124352,0.010000000000005116,0.028714285714285786,0.0,0.007000000000005002,0.0031253989909145203,0.0043149693539702326,0.7243154549959478,42.00597129123627,99.99133333333333,99.99426923076923,99.99122426326967,99.99336130971066,-0.0021370464409926626,-0.0019281299838919746,-0.0014473798949642914,56.0
99.981,100.102,99.981,99.989,99.978,0.011,0.01,205,2049824.0,-0.009000000000000341,0.015000000000000568,-0.006000000000000227,99.99019999999999,99.99080000000001,99.9922,99.98851598466729,99.99042487564316,99.99227825207747,0.12400000000000944,0.037357142857143595,0.01100000000000989,0.0,0.0036878704915641897,0.004006757257258073,0.9204127564463175,47.927860995337355,99.99008333333335,99.994,99.99088206892048,99.9930382497321,-0.0021561808116103975,-0.0017699466639618953,-0.0015891400782935127,2.5964912280701755
99.992,99.992,99.99,99.99,99.989,0.001,0.0,143,1429857.0,-0.008000000000009777,0.015000000000000568,-0.005000000000009663,99.98859999999999,99.9923,99.99195,99.98901065644486,99.99034762552623,99.99206127568914,0.0030000000000001137,0.0372857142857157,0.000999999999990564,0.0,0.0034958797421660737,0.003720560310311068,0.9396110936510503,48.443272815189054,99.98933333333333,99.99365384615385,99.99074636600965,99.99281319419639,-0.0020668281867415317,-0.001546071451320093,-0.0016846776999831165,-0.30243902439024395
99.993,100.003,99.993,100.002,99.99,0.012,0.01,197,1972635.0,0.000999999999990564,0.021000000000000796,0.0049999999999954525,99.9888,99.9944,99.9922,99.99334043762991,99.9924662390669,99.9930078208616,0.01300000000000523,0.037071428571429976,0.012000000000000455,0.0,0.004103316903439958,0.0034548060024317062,1.1877126821453332,54.290158476415115,99.99166666666667,99.99380769230768,99.99247769431585,99.99349369833,-0.0010160040141471427,-0.0013619151602376354,-0.0015509429628159219,0.3776223776223777
99.999,99.999,99.964,99.964,100.002,-0.038,-0.04,1,10100.0,-0.021000000000000796,-0.03900000000000148,-0.03900000000000148,99.9846,99.9905,99.99024999999999,99.98356029175328,99.98729055923654,99.99024517125574,0.0379999999999967,0.03942857142857191,0.0,0.0379999999999967,0.0038102228389085327,0.0059223198594006345,0.643366607911337,39.1493051406852,99.99074999999999,99.99246153846154,99.98809651057495,99.99130897993518,-0.003212469360235559,-0.0015212010842020618,-0.0018832482422998494,-0.9949238578680203
99.967,99.978,99.967,99.976,99.964,0.012,0.01,105,1050504.0,-0.001999999999995339,-0.02400000000000091,-0.013999999999995794,99.9842,99.9881,99.98955000000001,99.9810401945022,99.98523773028444,99.988888488279,0.013999999999995794,0.03864285714285793,0.012000000000000455,0.0,0.00439520692184367,0.00549929701230059,0.799230685669943,44.4206900224331,99.99033333333334,99.9911923076923,99.98623550894804,99.99017498142146,-0.003939472473419414,-0.0018236605406056266,-0.0022944930885237624,104.0
99.979,99.99,99.979,99.989,99.976,0.013,0.01,20,199977.0,0.0,-0.009000000000000341,-0.0030000000000001137,99.9842,99.9872,99.9894,99.98369346300147,99.98592177932363,99.98889910844291,0.013999999999995794,0.0363571428571439,0.01300000000000523,0.0,0.005009834998855209,0.005106490082850548,0.9810721097217163,49.52228164271762,99.98916666666668,99.99076923076922,99.98666081526373,99.9900879457606,-0.0034271304968740424,-0.002119619823646859,-0.0025210205701938185,-0.8095238095238095
99.986,99.99,99.986,99.99,99.989,0.001,0.0,16,159984.0,0.0,-0.008000000000009777,0.000999999999990564,99.9842,99.9864,99.98944999999999,99.985795642001,99.98666327399206,99.98900395525786,0.003999999999990678,0.035928571428572455,0.000999999999990564,0.0,0.00472341821322202,0.0047417407912183655,0.9961358963294074,49.90321040572192,99.98833333333334,99.99057692307693,99.9871745359924,99.99008143125982,-0.002906895267429377,-0.002424840751748055,-0.0025981955096409303,-0.19999999999999996
99.972,99.972,99.971,99.971,99.99,-0.019,-0.02,15,149957.0,-0.0309999999999917,-0.030000000000001137,-0.02199999999999136,99.978,99.98339999999999,99.98835,99.980863761334,99.98381540599351,99.98728929285235,0.018999999999991246,0.03549999999999999,0.0,0.018999999999991246,0.004386031197991876,0.005760187877559286,0.761438913317239,43.228232756778105,99.98608333333334,99.98965384615386,99.98468614583972,99.98866799190723,-0.003981846067517836,-0.0027604303465519958,-0.0028749256212163114,-0.0625
99.951,99.96,99.94,99.951,99.971,-0.02,-0.02,44,436796.0,-0.01300000000000523,-0.034000000000006025,-0.05300000000001148,99.9754,99.97999999999999,99.9857,99.97090917422267,99.97784896854013,99.98383316972355,0.03100000000000591,0.03750000000000041,0.0,0.020000000000010232,0.00407274325527817,0.006777317314877211,0.6009373718326422,37.53659464796744,99.98216666666666,99.98788461538462,99.97950366186438,99.98587777028447,-0.006374108420089897,-0.003231215010896133,-0.003574762180991029,1.9333333333333331
99.954,99.961,99.818,99.818,99.951,-0.133,-0.13,26,260368.0,-0.15800000000000125,-0.1599999999999966,-0.18099999999999739,99.9438,99.964,99.97664999999999,99.91993944948179,99.94878551971465,99.96803953451179,0.14300000000000068,0.047500000000000445,0.0,0.13299999999999557,0.003781833022758301,0.01579322322095709,0.23945922690055643,19.31965341847978,99.96691666666665,99.98076923076923,99.95465694465447,99.97344237989303,-0.018785435238555692,-0.005078909947223388,-0.006616896792503962,-0.40909090909090906
100.025,100.099,100.006,100.051,99.818,0.233,0.23,375,3750197.0,0.06199999999999761,0.06199999999999761,0.07699999999999818,99.9562,99.9702,99.9805,99.96362629965452,99.9673699706756,99.97594053122495,0.2810000000000059,0.050928571428572,0.2330000000000041,0.0,0.020154559235418715,0.014665135848031585,1.3743179363813356,57.8826413818831,99.97241666666667,99.98311538461537,99.96947895316916,99.97918738878985,-0.0097084356206949,-0.005927977439884873,-0.007235204558142151,13.423076923076923
99.994,99.994,99.972,99.972,100.051,-0.079,-0.08,102,1020126.0,-0.018000000000000682,-0.018000000000000682,-0.0030000000000001137,99.95259999999999,99.9684,99.98035,99.96641753310303,99.96821179418913,99.97556524253685,0.07900000000000773,0.05635714285714398,0.0,0.07900000000000773,0.018714947861460236,0.01926048328745845,0.9716759222571822,49.28172582970957,99.97191666666667,99.98234615384617,99.96986680652775,99.97865498962024,-0.008788183092491408,-0.006791552893034236,-0.007545800265012003,-0.728
99.969,99.969,99.969,99.969,99.972,-0.003,0.0,0,300.0,-0.0020000000000095497,-0.03300000000000125,-0.012000000000000455,99.95219999999999,99.96509999999999,99.97975,99.96727835540202,99.96835510433655,99.97493998134286,0.0030000000000001137,0.055428571428572174,0.0,0.0030000000000001137,0.017378165871355933,0.018099020195497143,0.9601716382237889,48.98405932930696,99.97025000000001,99.98157692307693,99.96973345167733,99.97793980520393,-0.008206353526603039,-0.007346428911519511,-0.0076779109173302105,-1.0
99.972,99.998,99.972,99.998,99.969,0.029,0.03,102,1019975.0,0.047000000000011255,0.034000000000006025,-0.0049999999999954525,99.9616,99.9685,99.9795,99.97751890360135,99.97374508536626,99.97713617359592,0.029000000000010573,0.056785714285715425,0.029000000000010573,0.0,0.018208296880545552,0.01680623303867592,1.0834252291184516,52.002117185500126,99.97091666666665,99.98176923076925,99.97408215141928,99.9794257455592,-0.005343594139915808,-0.007502442430019111,-0.007211047561847331,inf
99.935,99.995,99.935,99.98,99.998,-0.018,-0.02,45,450025.0,0.16200000000000614,0.0040000000000048885,-0.01999999999999602,99.994,99.9689,99.9785,99.97834593573424,99.97488234257239,99.97740891896774,0.06300000000000239,0.05242857142857206,0.0,0.018000000000000682,0.01690770424622087,0.016891502107341975,1.0009591887551463,50.02396822385325,99.96908333333333,99.98084615384616,99.97499258966248,99.97946828292518,-0.004475693262705249,-0.0076189494040003565,-0.006663976702018915,-0.5588235294117647
99.983,100.019,99.983,100.005,99.98,0.025,0.03,15,150001.0,-0.04600000000000648,0.015999999999991132,0.006999999999990791,99.98479999999999,99.9705,99.97885,99.98723062382282,99.9803582802865,99.98003664097081,0.03900000000000148,0.05500000000000073,0.024999999999991473,0.0,0.017485725371490197,0.015684966242531833,1.1148079696898148,52.714382850246544,99.97250000000001,99.98107692307691,99.97960911432978,99.98135952122702,-0.001750406897244261,-0.00749045069620201,-0.005681262741063984,-0.6666666666666667
100.002,100.002,99.998,99.998,100.005,-0.007,-0.01,20,200196.0,0.02600000000001046,0.008000000000009777,0.0,99.99000000000001,99.9713,99.97885,99.9908204158819,99.98356586568894,99.98174743706883,0.006999999999990791,0.05457142857142827,0.0,0.006999999999990791,0.016236744987812326,0.01506461151092176,1.0778070829135404,51.8723365502354,99.97433333333333,99.98199999999999,99.98243848135596,99.98259214928429,-0.00015366792833049203,-0.0070650975696256385,-0.004575743778517286,0.33333333333333326
99.991,99.992,99.991,99.992,99.998,-0.006,-0.01,0,200.0,0.023000000000010346,0.021000000000000796,-0.009000000000000341,99.9946,99.9734,99.9784,99.99121361058795,99.98509934465459,99.98272387163371,0.007000000000005002,0.05235714285714315,0.0,0.006000000000000227,0.015076977488682874,0.01441713926014165,1.0457676253683312,51.1185929623872,99.97458333333333,99.98265384615385,99.98390948422427,99.98328902711508,0.0006204571091927846,-0.006287923621927562,-0.0035365036009752725,-1.0
99.993,99.997,99.992,99.997,99.992,0.005,0.01,85,850350.0,-0.0010000000000047748,0.04600000000000648,0.012000000000000455,99.99440000000001,99.978,99.979,99.99314240705863,99.98726310017193,99.98408350290669,0.0049999999999954525,0.05171428571428598,0.0049999999999954525,0.0,0.014357193382348058,0.013387343598702962,1.0724452746352953,51.747821173421436,99.97516666666665,99.98326923076924,99.98592340972823,99.98430465473618,0.001618754992051663,-0.004020791374082301,-0.0025054518823698856,inf
100.218,100.218,100.218,100.218,99.997,0.221,0.22,10,100318.0,0.23799999999999955,0.4000000000000057,0.2400000000000091,100.042,100.018,99.991,100.06809493803908,100.02921526377703,100.00636126453462,0.22100000000000364,0.06650000000000082,0.22100000000000364,0.0,0.02911739385503774,0.01243110477022418,2.3423013797439536,70.08049585053853,99.99574999999999,99.99153846153847,100.02162750053927,100.00161542105201,0.020012079487258916,-0.0007185119176429882,0.001998054391555875,-0.8823529411764706
100.215,100.215,99.991,100.215,100.218,-0.003,0.0,21,211451.0,0.21000000000000796,0.16400000000000148,0.2259999999999991,100.084,100.03439999999999,100.0023,100.11706329202606,100.06299430672665,100.02623162029323,0.22700000000000387,0.0824285714285732,0.0,0.0030000000000001137,0.02703758000824933,0.011757454429493889,2.2996117204098905,69.69340380825851,100.01775000000002,99.99980769230768,100.05137711584092,100.01742168615927,0.03395542968165444,0.004030778390595439,0.008389529449575588,1.1
99.99,99.99,99.99,99.99,100.215,-0.225,-0.22,0,100.0,-0.008000000000009777,0.018000000000000682,0.0,100.0824,100.0362,100.00229999999999,100.07470886135071,100.04972261459451,100.02278098978911,0.22500000000000853,0.09714285714286015,0.0,0.22500000000000853,0.02510632429337438,0.02698906482738779,0.9302406161141658,48.19298735858461,100.03208333333335,99.9995,100.04193448263463,100.01539045014746,0.02654403248716619,0.007891932392125354,0.01202043005709371,-1.0
99.993,99.995,99.993,99.995,99.99,0.005,0.01,44,441978.0,0.0030000000000001137,0.02600000000001046,-0.006999999999990791,100.083,100.03880000000001,100.00195,100.04813924090048,100.0397730483046,100.02013518123778,0.005000000000009663,0.09528571428571755,0.005000000000009663,0.0,0.02367015827241976,0.025061274482574378,0.9444914020186049,48.57267052135662,100.02741666666667,99.99938461538461,100.03471379299853,100.01388004643285,0.020833746565685374,0.010800525803858818,0.013783093358812046,inf
100.02,109.0,99.99,99.995,99.995,0.0,0.0,2644,27621193.0,-0.001999999999995339,-0.0030000000000001137,0.03100000000000591,100.0826,100.0385,100.0035,100.03042616060033,100.0316324940674,100.01774135445322,9.010000000000005,0.7286428571428607,0.0,-0.0,0.021979432681532636,0.02327118344810478,0.9444914020186049,48.57267052135662,100.02933333333333,99.99915384615385,100.02860397869107,100.01248152447486,0.01612245421620173,0.013089208857070704,0.014250965530289983,59.09090909090909
99.998,100.598,99.998,100.004,99.995,0.009,0.01,159,1589562.0,-0.21399999999999864,0.02400000000000091,0.028000000000005798,100.0398,100.0409,100.00489999999999,100.02161744040022,100.02660840423695,100.0164326540291,0.6029999999999944,0.7516428571428599,0.009000000000000341,0.0,0.021052330347137473,0.02160895605895444,0.9742409716462768,49.34762197918921,100.03224999999999,99.99988461538462,100.02481875120013,100.01185326340266,0.012965487797472974,0.014724308267594842,0.013993869983726582,-0.9398638426626323
100.001,100.98,99.97,99.97,100.004,-0.034,-0.03,2156,21633210.0,-0.24500000000000455,-0.03499999999999659,-0.019000000000005457,99.99080000000001,100.0374,100.00395,100.00441162693349,100.01631596710295,100.01201049650253,1.0100000000000051,0.8181428571428597,0.0,0.034000000000006025,0.01954859246519908,0.02249403062617241,0.8690568973643064,46.497080885543234,100.02991666666668,99.99957692307693,100.01638509716933,100.00875302166914,0.007632075500197288,0.015589390870764596,0.012721511087020724,12.559748427672956
99.973,99.995,99.972,99.995,99.97,0.025,0.03,39,390053.0,0.005000000000009663,-0.0030000000000001137,0.005000000000009663,99.9918,100.03710000000001,100.0042,100.00127441795567,100.0124403367206,100.01039044921657,0.025000000000005684,0.8197142857142887,0.025000000000005684,0.0,0.019937978717685267,0.02088731415287438,0.9545496645360471,48.83731950411346,100.03116666666666,99.99980769230768,100.0130950822202,100.00773427932329,0.005360802896916539,0.01611609595828946,0.011249369448999888,-0.9819109461966605
99.91,100.009,99.91,100.0,99.995,0.005,0.01,201,2010119.0,0.0049999999999954525,0.007999999999995566,0.028999999999996362,99.9928,100.03790000000001,100.00564999999999,100.00084961197045,100.01017845731685,100.00940088262452,0.09900000000000375,0.8247142857142882,0.0049999999999954525,0.0,0.01887098023785028,0.019395363141954784,0.9729634913114779,49.31482491167259,100.03075,100.00019230769232,100.01108045418633,100.00716136974378,0.003919084442543408,0.016371688119455205,0.009783312447708591,4.153846153846154
99.996,100.0,99.996,100.0,100.0,0.0,0.0,7,72498.0,0.0049999999999954525,0.0030000000000001137,0.049000000000006594,99.9938,100.0382,100.0081,100.0005664079803,100.00832782871379,100.0085055604698,0.0040000000000048885,0.8205000000000027,0.0,-0.0,0.017523053078003833,0.018009980060386586,0.9729634913114777,49.31482491167258,100.03091666666666,100.00011538461538,100.00937576892689,100.00663089791091,0.0027448710159774237,0.014453109400423929,0.00837562416136236,-0.9651741293532339
100.01,100.01,100.0,100.0,100.0,0.0,0.0,64,640013.0,-0.0040000000000048885,-0.21800000000000352,0.18200000000000216,99.993,100.0164,100.0172,100.00037760532021,100.00681367803855,100.00769550709173,0.010000000000005116,0.8184285714285744,0.0,-0.0,0.01627140642957499,0.016723552913216116,0.9729634913114779,49.31482491167259,100.03158333333333,100.0015,100.00793334293813,100.00613972028788,0.0017936226502541786,0.010879575285823902,0.007059223859140724,8.142857142857142
99.997,99.997,99.996,99.996,100.0,-0.004,0.0,101,1010262.0,0.02599999999999625,-0.2190000000000083,-0.05500000000000682,99.9982,99.9945,100.01445,99.99891840354681,100.00484755475881,100.00658164927346,0.0040000000000048885,0.8182142857142897,0.0,0.0040000000000048885,0.015109163113176775,0.0158147277051296,0.9553855997328382,48.85919175549679,100.03150000000001,100.00226923076924,100.00609744402458,100.00538862989617,0.0007088141284015137,0.00800899546818338,0.005789141912992882,0.578125
99.998,100.0,99.998,100.0,99.996,0.004,0.0,28,280199.0,0.0049999999999954525,0.010000000000005116,0.028000000000005798,99.9992,99.9955,100.01585,99.99927893569787,100.0039661811663,100.00595482553312,0.0040000000000048885,0.818000000000004,0.0040000000000048885,0.0,0.014315651462235927,0.014685104297620344,0.9748416607811028,49.36302895268711,100.01333333333334,100.00269230769231,100.0051593757131,100.00498947212608,0.0001699035870217358,0.005713012914998533,0.004665294247798653,-0.7227722772277227
99.985,100.1,99.985,99.999,100.0,-0.001,0.0,1277,12771223.0,-0.0010000000000047748,0.003999999999990678,0.030000000000001137,99.999,99.9959,100.01735,99.99918595713193,100.00306323913605,100.00529246119663,0.11499999999999488,0.8258571428571467,0.0,0.0010000000000047748,0.013293104929219075,0.013707596847790661,0.969761882905216,49.232442323175995,99.99533333333333,100.00303846153845,100.00421177944955,100.00454580752415,-0.0003340280746044755,0.003884514882686732,0.003665429783318027,44.607142857142854
100.002,100.002,100.001,100.001,99.999,0.002,0.0,103,1034311.0,0.0010000000000047748,0.006000000000000227,0.0030000000000001137,99.9992,99.9965,100.01750000000001,99.99979063808797,100.00268810474768,100.00488365536837,0.0030000000000001137,0.8102857142857179,0.0020000000000095497,0.0,0.01248645457713268,0.012728482787234185,0.9809853056214803,49.52006977728302,99.99625000000002,100.0041923076923,100.00371765953423,100.00428315511496,-0.0005654955807301576,0.002381072285108606,0.0028192447105083907,-0.9193422083007048
100.001,100.01,99.984,100.01,100.001,0.009,0.01,317,3169877.0,0.010000000000005116,0.006000000000000227,0.030000000000001137,100.00120000000001,99.9971,100.019,100.00319375872533,100.0040175402481,100.00537092628566,0.02600000000001046,0.7959285714285755,0.009000000000000341,0.0,0.012237422107337513,0.011819305445288886,1.035375738784658,50.86902231638521,99.9975,100.00646153846152,100.00468417345203,100.00470662510644,-2.2451654402289023e-05,0.0015305692679308753,0.002250905437526255,2.0776699029126213
99.998,99.998,99.981,99.985,100.01,-0.025,-0.02,28,280260.0,-0.01099999999999568,0.015000000000000568,-0.01999999999999602,99.999,99.9986,100.018,99.99712917248357,100.00055980565753,100.00343083806798,0.029000000000010573,0.7819285714285756,0.0,0.025000000000005684,0.011363320528241978,0.012760783627768658,0.890487673775326,47.1035958672511,99.99666666666666,100.01288461538462,100.0016558390748,100.00324687509854,-0.001591036023739889,0.000758142721191272,0.0014825171452730263,-0.9116719242902208
100.0,100.0,100.0,100.0,99.985,0.015,0.02,39,385100.0,0.0,0.0049999999999954525,0.001999999999995339,99.999,99.9991,100.01809999999999,99.99808611498905,100.0004580228107,100.00310409158531,0.015000000000000568,0.7826428571428607,0.015000000000000568,0.0,0.011623083347653307,0.01184929908292804,0.9809089353141018,49.51812361624612,99.99633333333333,100.01092307692308,100.00140109460176,100.00300636583198,-0.0016052712302183636,0.00014432542421774188,0.0008649594701747483,0.3928571428571428
99.991,99.991,99.991,99.991,100.0,-0.009,-0.01,0,100.0,-0.007999999999995566,-0.009000000000000341,-0.0010000000000047748,99.9974,99.9982,100.01804999999999,99.99572407665937,99.99873838229966,100.00195132095814,0.009000000000000341,0.13971428571428898,0.0,0.009000000000000341,0.010792863108535214,0.011645777719861776,0.9267619018803764,48.09945125943821,99.99808333333333,100.01165384615385,99.99980092620149,100.00211700539998,-0.002316079198493526,-0.0004180023773901414,0.00022875173644109346,-1.0
99.994,99.994,99.994,99.994,99.991,0.003,0.0,1,9999.0,-0.007000000000005002,-0.006000000000000227,-0.0030000000000001137,99.996,99.9976,100.01790000000001,99.99514938443959,99.99787685824518,100.00119405229546,0.0030000000000001137,0.09685714285714653,0.0030000000000001137,0.0,0.010236230029354136,0.010813936454157364,0.9465776012969698,48.62778656583134,99.998,100.01261538461539,99.99890847601665,100.00151574574072,-0.002607269724066441,-0.0009069904189813213,-0.00033845255566041345,inf
99.997,100.003,99.981,100.002,99.994,0.008,0.01,60,601759.0,-0.008000000000009777,0.001999999999995339,-0.21600000000000819,99.9944,99.9978,100.00710000000001,99.99743292295972,99.99862652038242,100.0012708092197,0.02200000000000557,0.02628571428571799,0.007999999999995566,0.0,0.01007649931297138,0.010041512421717552,1.003484225262537,50.086954147644484,99.99816666666668,100.01276923076922,99.999384095091,100.0015516164266,-0.002167521335593392,-0.0012265832483140887,-0.0007042663116470092,59.0
99.999,99.999,99.961,99.99,100.002,-0.012,-0.01,210,2098676.0,0.0049999999999954525,-0.006000000000000227,-0.22500000000000853,99.99539999999999,99.99719999999999,99.99584999999999,99.99495528197315,99.99705806213106,100.00019739881782,0.04099999999999682,0.027428571428574498,0.0,0.012000000000000455,0.009356749362044853,0.010181404391594902,0.9190038036176198,47.88962908177436,99.99733333333334,100.01315384615383,99.99794038815394,100.00069594113573,-0.0027555529817959723,-0.001551633978182723,-0.001114523645676802,2.5
99.987,99.993,99.981,99.99,99.99,0.0,0.0,27,271373.0,-0.010000000000005116,-0.010000000000005116,0.0,99.9934,99.9962,99.99585,99.99330352131544,99.99577477810723,99.99922621797802,0.012000000000000455,0.021214285714288548,0.0,-0.0,0.008688410121898792,0.009454161220766696,0.9190038036176197,47.889629081774366,99.99650000000001,100.01257692307694,99.99671878997641,99.99990364919975,-0.0031848592233387762,-0.0018683929947087563,-0.001528590761209197,-0.8714285714285714
102.998,103.001,99.999,99.999,99.99,0.009,0.01,40,404328.0,0.007999999999995566,0.0,0.003999999999990678,99.99499999999999,99.9962,99.99605,99.99520234754364,99.99636118208772,99.99920467340868,3.01100000000001,0.23600000000000318,0.009000000000000341,0.0,0.008710666541763189,0.008778863990711932,0.9922316316757047,49.805033506124964,99.99675,100.01261538461539,99.99706974536466,99.99983671222199,-0.0027669668573366835,-0.0021130009143317035,-0.0017762659804346943,0.4814814814814814
100.003,100.003,100.002,100.002,99.999,0.003,0.0,0,2000.0,0.007999999999995566,0.000999999999990564,0.006999999999990791,99.9966,99.99629999999999,99.9964,99.99746823169576,99.99738642170813,99.99947089498882,0.0040000000000048885,0.23557142857143173,0.0030000000000001137,0.0,0.008302761788780113,0.008151802277089651,1.0185185443119404,50.45871622938824,99.99691666666666,100.01299999999999,99.99782824607777,99.9999969557611,-0.0021687096833318265,-0.0023514740286572078,-0.001854754721014121,-1.0
100.002,100.002,99.987,99.988,100.002,-0.014,-0.01,158,1575413.0,-0.013999999999995794,-0.02200000000000557,-0.016000000000005343,99.9938,99.99409999999999,99.9956,99.99431215446384,99.99567979957936,99.99837842879941,0.015000000000000568,0.23635714285714574,0.0,0.013999999999995794,0.007709707375295819,0.008569530685868661,0.899665064273507,47.35914141883573,99.996,100.01265384615385,99.99631620821965,99.9991082923714,-0.0027920841517499184,-0.002484923820658322,-0.0020422206071612804,inf
99.991,99.991,99.99,99.991,99.988,0.003,0.0,1,11999.0,0.0010000000000047748,0.006000000000000227,0.021000000000000796,99.994,99.9947,99.99665,99.9932081029759,99.99482892692856,99.9976757212947,0.0030000000000001137,0.23628571428571682,0.0030000000000001137,0.0,0.00737329970563184,0.007957421351163757,0.9265941038240372,48.09493094497015,99.99516666666666,100.00392307692307,99.995498330032,99.99850767812167,-0.003009348089662467,-0.002640932360596556,-0.0022356461036615177,-0.9936708860759493
99.988,100.4,99.988,100.0,99.991,0.009,0.01,8,81039.0,0.010000000000005116,0.0,0.0049999999999954525,99.99600000000001,99.9947,99.99690000000001,99.9954720686506,99.99576912203246,99.99789708117139,0.41200000000000614,0.25750000000000334,0.009000000000000341,0.0,0.007489492583801019,0.007389034111794917,1.013595616218058,50.337595496050824,99.99433333333333,99.99565384615386,99.99619089464247,99.99861822048302,-0.0024273258405571596,-0.0026532930986036263,-0.0022739820510406464,7.0
100.0,100.005,99.999,100.0,100.0,0.0,0.0,803,8027554.0,0.0010000000000047748,0.009000000000000341,0.0,99.9962,99.9956,99.99690000000001,99.9969813791004,99.996538372572,99.99809735915505,0.006000000000000227,0.25771428571428906,0.0,-0.0,0.006954528827815232,0.006861245960952423,1.013595616218058,50.337595496050824,99.99558333333334,99.99603846153846,99.99677691085132,99.99872057452131,-0.0019436636699907694,-0.0025795590925952183,-0.0022079183748306714,99.375
99.997,99.997,99.994,99.997,100.0,-0.003,0.0,339,3389832.0,-0.0049999999999954525,0.0030000000000001137,-0.0030000000000001137,99.9952,99.99589999999999,99.99674999999999,99.99698758606695,99.99662230483163,99.99799284875934,0.006000000000000227,0.2562857142857169,0.0,0.0030000000000001137,0.006457776768685573,0.006585442678027258,0.980613921404608,49.51060430339589,99.99533333333333,99.99611538461538,99.99681123225882,99.99859312455678,-0.0017818922979557783,-0.0025367114217465948,-0.002122713159455693,-0.5778331257783312
99.996,99.997,99.994,99.994,99.997,-0.003,0.0,19,189992.0,0.006000000000000227,-0.007999999999995566,-0.006000000000000227,99.9964,99.99510000000001,99.99645000000001,99.99599172404464,99.99614552213498,99.99761257744893,0.0030000000000001137,0.2544285714285733,0.0,0.0030000000000001137,0.005996506999493746,0.006329339629596748,0.9474143197267157,48.64985895038854,99.99558333333334,99.99607692307693,99.99637873498824,99.99825289310813,-0.0018741581198895574,-0.0024387786593125485,-0.002073002151542466,-0.943952802359882
99.996,99.996,99.996,99.996,99.994,0.002,0.0,7,69997.0,0.0049999999999954525,0.006000000000000227,0.0,99.9974,99.9957,99.99645,99.99599448269643,99.99611906356498,99.99745899864428,0.001999999999995339,0.2535000000000015,0.001999999999995339,0.0,0.005711042213815289,0.005877243941768409,0.9717211452170706,49.282889092823105,99.99574999999999,99.99576923076924,99.99632046806697,99.99808601213715,-0.0017655440701815905,-0.0022810769756284165,-0.002011510535270291,-0.631578947368421
99.997,100.0,99.981,99.999,99.996,0.003,0.0,32,320093.0,-0.0010000000000047748,0.009000000000000341,-0.0010000000000047748,99.99719999999999,99.99659999999999,99.9964,99.99699632179762,99.99664287018953,99.99760576067814,0.019000000000005457,0.25421428571428756,0.0030000000000001137,0.0,0.0055173963413999196,0.0054574408030706656,1.0109860171631215,50.27315001370868,99.99549999999999,99.99688461538462,99.99673270374898,99.9981537149418,-0.0014210111928179003,-0.002131526346237441,-0.0018934106667798129,3.571428571428571
99.995,99.996,99.981,99.981,99.999,-0.018,-0.02,27,270079.0,-0.019000000000005457,-0.018000000000000682,-0.018000000000000682,99.9934,99.99479999999998,99.99549999999999,99.99166421453175,99.99379871197326,99.99602425966117,0.018000000000000682,0.25528571428571617,0.0,0.018000000000000682,0.005123296602728497,0.006353337888565667,0.8063944799707693,44.641106298321844,99.99475,99.99634615384616,99.9943122877876,99.99688306939055,-0.0025707816029552077,-0.002176201003973372,-0.0020288848540148917,-0.15625
99.984,99.99,99.984,99.99,99.981,0.009,0.01,223,2229765.0,-0.007000000000005002,-0.012000000000000455,-0.01100000000000989,99.99199999999999,99.99359999999999,99.99494999999999,99.99110947635451,99.99310803706902,99.99545052064582,0.009000000000000341,0.2543571428571444,0.009000000000000341,0.0,0.005400203988247914,0.0058995280393824056,0.9153620344201697,47.7905491479199,99.99475,99.99596153846154,99.9936488588972,99.99637321239865,-0.0027243535014491727,-0.002168675376162178,-0.002167978583501748,7.2592592592592595
99.988,99.988,99.975,99.986,99.99,-0.004,0.0,373,3729461.0,-0.007999999999995566,-0.001999999999995339,-0.02400000000000091,99.9904,99.9934,99.99375,99.98940631756967,99.99181566669283,99.9945504710605,0.015000000000000568,0.2525000000000018,0.0,0.003999999999990678,0.005014475131944492,0.005763847465140139,0.8699874801115287,46.52370614051605,99.99366666666667,99.99542307692307,99.99247211137455,99.99560482629505,-0.0031327149204969373,-0.0021823828018104527,-0.002360925850900786,0.6726457399103138
99.973,99.986,99.973,99.984,99.986,-0.002,0.0,162,1619598.0,-0.012000000000000455,-0.007000000000005002,-0.0010000000000047748,99.988,99.9927,99.9937,99.98760421171312,99.99039463638503,99.99354566429284,0.01300000000000523,0.2525714285714307,0.0,0.0020000000000095497,0.0046562983368056,0.005495001217630811,0.8473698462278374,45.868987628984534,99.99216666666666,99.9948076923077,99.99116870962462,99.99474520953245,-0.0035764999078367055,-0.002310068809285958,-0.00260404066228797,-0.5656836461126005
99.987,100.015,99.987,100.015,99.984,0.031,0.03,16,160012.0,0.016000000000005343,0.015000000000000568,0.015000000000000568,99.9912,99.99419999999999,99.99445,99.9967361411421,99.99486833886048,99.99558893436019,0.03100000000000591,0.039714285714287555,0.03100000000000591,0.0,0.00653799131274848,0.005102501130657182,1.2813306935821125,56.16593408341803,99.99441666666667,99.99553846153846,99.99483506199006,99.99624556438191,-0.0014105023918489223,-0.002250828667270197,-0.0023653330082001604,-0.9012345679012346
99.999,99.999,99.999,99.999,100.015,-0.016,-0.02,1,10000.0,0.018000000000000682,-0.0010000000000047748,0.007999999999995566,99.9948,99.9941,99.99485,99.99749076076141,99.99561954997677,99.99591379775444,0.016000000000005343,0.040571428571430444,0.0,0.016000000000005343,0.0060709919332664454,0.005880893907039193,1.0323246821371344,50.79526372978806,99.99508333333331,99.99549999999999,99.9954758216839,99.99644959664991,-0.0009737749660132522,-0.002161037852609916,-0.002087021399762779,-0.9375
99.995,99.995,99.995,99.995,99.999,-0.004,0.0,1,10000.0,0.005000000000009663,-0.001999999999995339,0.0010000000000047748,99.9958,99.9939,99.9949,99.99666050717428,99.99550690452645,99.99582676939687,0.003999999999990678,0.03978571428571546,0.0,0.003999999999990678,0.005637349652318842,0.005746544342250013,0.9809981993650785,49.52039833653024,99.99466666666666,99.99534615384616,99.99540261834791,99.9963422191203,-0.0009396007723836419,-0.0020571981473314813,-0.0018575372742869517,0.0
99.952,100.5,99.952,100.5,99.995,0.505,0.51,2,20200.0,0.5139999999999958,0.5060000000000002,0.49800000000000466,100.0986,100.0445,100.0198,100.1644403381162,100.08723292188526,100.04384326754955,0.5480000000000018,0.078714285714287,0.5049999999999955,0.0,0.041306110391438604,0.005336076889232155,7.740913642903378,88.55954833952758,100.03633333333333,100.01453846153845,100.07303298475593,100.03365020288916,0.03938278186676314,0.0025148380678846,0.006390526553923067,1.0
100.497,100.497,99.974,99.974,100.5,-0.526,-0.52,28,281084.0,-0.009999999999990905,-0.02199999999999136,-0.015999999999991132,100.0966,100.0423,100.01899999999999,100.1009602254108,100.06664511790612,100.03719152778292,0.5259999999999962,0.08685714285714344,0.0,0.5259999999999962,0.038355673934907276,0.04252635711142959,0.9019270998079123,47.421749229978566,100.03441666666667,100.01315384615386,100.05779714094732,100.02923166934183,0.02856547160548928,0.005846669489918731,0.01082551556423631,13.0
99.977,99.991,99.977,99.991,99.974,0.017,0.02,17,169982.0,-0.02400000000000091,-0.007999999999995566,0.0010000000000047748,100.09179999999999,100.0415,100.01905,100.06430681694054,100.052891460105,100.03279233466074,0.016999999999995907,0.08764285714285742,0.016999999999995907,0.0,0.03683026865384218,0.039488760174898906,0.9326772603322553,48.25830362240173,100.03416666666665,100.01338461538461,100.04752065772465,100.02639969383503,0.02112096388961504,0.008479085655759869,0.012884605229312056,-0.3928571428571429
99.792,99.792,99.792,99.792,99.991,-0.199,-0.2,0,100.0,-0.20699999999999363,-0.18899999999999295,-0.20699999999999363,100.0504,100.02259999999998,100.0087,99.97353787796037,100.00545664917682,100.00985973135973,0.19899999999999807,0.10142857142857155,0.0,0.19899999999999807,0.03419953517856774,0.05088242016240599,0.6721287051482617,40.19599107884859,100.01716666666668,100.00538461538461,100.00820978730547,100.00903675355096,-0.000826966245483618,0.008689906461978265,0.010142290934352921,-1.0
99.95,99.998,99.95,99.988,99.792,0.196,0.2,325,3249229.0,-0.007000000000005002,-0.001999999999995339,-0.013999999999995794,100.049,100.0224,100.008,99.97835858530692,100.00228271296285,100.00777785218261,0.20600000000000307,0.11592857142857176,0.19599999999999795,0.0,0.04575671123724133,0.04724796157937699,0.9684377845670581,49.19829278627966,100.01625000000001,100.00526923076924,100.00510058925848,100.00747847551015,-0.0023778862516792287,0.008773776314069122,0.007638255497146492,inf
99.986,100.986,99.986,100.986,99.988,0.998,1.0,13,130882.0,0.4860000000000042,1.0,0.9980000000000047,100.1462,100.1224,100.05789999999999,100.31423905687129,100.18114040151505,100.10094186626046,1.0,0.1872142857142864,0.9980000000000047,0.0,0.11377408900601013,0.043873107180850066,2.5932535057756465,72.17006820162726,100.10000000000001,100.04342307692308,100.15600819091102,100.0799615513983,0.07604663951272528,0.017620791805242675,0.021319932300262252,-0.96
100.58,100.825,99.953,99.994,100.986,-0.992,-0.98,91,917208.0,0.01999999999999602,0.010000000000005116,0.0030000000000001137,100.15020000000001,100.1234,100.05805,100.20749270458087,100.14711487396684,100.0907569266166,1.0330000000000013,0.2596428571428575,0.0,0.9920000000000044,0.1056473683627237,0.11159645666793253,0.9466910645477662,48.63078080484697,100.10033333333332,100.04311538461539,100.1310838538478,100.0735940290725,0.05748982477530262,0.024165272601592847,0.02855391079527033,6.0
99.997,100.25,99.992,100.0,99.994,0.006,0.01,53,533811.0,0.009000000000000341,-0.015000000000000568,0.0,100.152,100.12190000000001,100.05805,100.13832846972059,100.12036671506378,100.08211340979597,0.25799999999999557,0.2767857142857143,0.006000000000000227,0.0,0.09852969919395775,0.10362528119165164,0.9508268451569287,48.73968427887009,100.10149999999999,100.04350000000001,100.11091710710198,100.06814261951156,0.04277448759042102,0.029026190663418876,0.03139802615430047,-0.41758241758241754
100.003,100.013,100.003,100.011,100.0,0.011,0.01,111,1105821.0,0.2189999999999941,0.012000000000000455,0.01099999999999568,100.19579999999999,100.1231,100.0586,100.09588564648041,100.10048185777946,100.07534070410111,0.01300000000000523,0.2770714285714289,0.01099999999999568,0.0,0.09227757782296046,0.09622347539224796,0.9589923607186049,48.953348667823484,100.10375,100.0443076923077,100.09554524447091,100.06390983288108,0.031635411589832074,0.03264563648144284,0.0314455032414068,1.0943396226415096
100.008,100.008,100.008,100.008,100.011,-0.003,0.0,1,10001.0,0.01999999999999602,0.012999999999991019,0.01099999999999568,100.19980000000001,100.12440000000001,100.05915,100.06659043098695,100.08366697454682,100.06892730371052,0.0030000000000001137,0.276214285714286,0.0,0.0030000000000001137,0.08568632226417758,0.08956465572137312,0.956697947131504,48.893491636458855,100.10316666666665,100.04465384615385,100.08207674532154,100.05976836377879,0.02230838154275716,0.030748480889886624,0.02961807890167687,-0.990990990990991
100.798,100.799,100.798,100.799,100.008,0.791,0.79,2,20160.0,-0.1869999999999976,0.2990000000000066,0.8050000000000068,100.1624,100.1543,100.09939999999999,100.3107269539913,100.2137275246292,100.13845803669048,0.791000000000011,0.331785714285715,0.791000000000011,0.0,0.13606587067387999,0.08316718031270362,1.6360524688017613,62.064488023845826,100.16983333333333,100.07530769230769,100.19237263065669,100.11452626275813,0.07784636789855881,0.03622413603356102,0.039263736701053265,1.0
100.796,100.796,99.975,99.975,100.799,-0.824,-0.82,2,22477.0,-0.019000000000005457,0.000999999999990564,-0.021000000000000796,100.1586,100.1544,100.09835000000001,100.19881796932754,100.17032252015116,100.12289060462471,0.8240000000000123,0.3884285714285726,0.0,0.8240000000000123,0.12634687991145999,0.13608381029036853,0.9284490171304551,48.144856767434455,100.16816666666666,100.07480769230769,100.15893068747874,100.1041909840353,0.054739703443445364,0.039959551539542164,0.04235893004953169,0.0
99.99,99.991,99.99,99.99,99.975,0.015,0.02,107,1066903.0,-0.010000000000005116,-0.0010000000000047748,-0.009000000000000341,100.1566,100.1543,100.09790000000001,100.1292119795517,100.13753660739638,100.11023435656523,0.016000000000005343,0.3884285714285726,0.015000000000000568,0.0,0.11839353134635575,0.12636353812677079,0.9369279548629024,48.3718536102815,100.12566666666667,100.07476923076923,100.13294135094355,100.09573239262528,0.0372089583182742,0.0441857653799597,0.041328935703280195,52.5
99.989,99.993,99.987,99.993,99.99,0.003,0.0,150,1501349.0,-0.018000000000000682,0.2009999999999934,0.012000000000000455,100.15299999999999,100.17439999999999,100.0985,100.08380798636782,100.1112572242334,100.09906917974949,0.006000000000000227,0.38857142857143046,0.0030000000000001137,0.0,0.11015113625018749,0.11733757111771573,0.9387541876052757,48.42048536152038,100.12725,100.0745,100.11141191233685,100.08812258576414,0.023289326572708546,0.04703767791600279,0.037721013877165865,0.4018691588785046
99.99,99.992,99.983,99.992,99.993,-0.001,0.0,20,202274.0,-0.015999999999991132,0.0040000000000048885,0.0020000000000095497,100.1498,100.1748,100.0986,100.05320532424523,100.0895740925546,100.08887211501144,0.009999999999990905,0.35014285714285825,0.0,0.000999999999990564,0.10228319794660268,0.1090277446093068,0.9381391710259372,48.40411798340267,100.12733333333334,100.07419230769231,100.0930408489004,100.08100239422605,0.012038454674353716,0.03992565737840595,0.03258450203660344,-0.8666666666666667
99.989,99.989,99.986,99.988,99.992,-0.004,0.0,3,29996.0,-0.811000000000007,-0.9980000000000047,0.001999999999995339,99.9876,100.075,100.0987,100.03147021616348,100.07110607572648,100.07926524691511,0.006000000000000227,0.3130000000000014,0.0,0.0040000000000048885,0.09497725523613106,0.10152576285149953,0.9354990552994229,48.333738667451875,100.14366666666666,100.07384615384616,100.07688071830033,100.07411332798709,0.0027673903132381383,0.033845386882621,0.026621079691930376,-0.85
99.985,99.988,99.985,99.988,99.988,0.0,0.0,15,146080.0,0.01300000000000523,-0.006000000000000227,0.0040000000000048885,99.99019999999999,100.0744,100.0989,100.016980144109,100.05599588013983,100.07057331863749,0.0030000000000001137,0.31200000000000166,0.0,-0.0,0.08819316557640741,0.094273922647821,0.9354990552994229,48.333738667451875,100.14366666666666,100.07361538461538,100.06320676163874,100.06773456295102,-0.004527801312278257,0.028589577004543305,0.020391303491088652,4.0
99.991,99.999,99.991,99.999,99.988,0.011,0.01,12,119998.0,0.009000000000000341,-0.0010000000000047748,-0.016000000000005343,99.992,100.0743,100.0981,100.01098676273934,100.04563299284169,100.06375681210059,0.01099999999999568,0.2985714285714301,0.01099999999999568,0.0,0.08267936803523514,0.0875400710301195,0.9444745367728573,48.57222447049126,100.06141666666667,100.07373076923076,100.05332879830969,100.06264311384354,-0.009314315533842432,0.02403960732413503,0.014450179686102436,-0.19999999999999996
99.996,99.996,99.996,99.996,99.999,-0.003,0.0,1,10000.0,0.0030000000000001137,-0.015000000000000568,-0.0030000000000001137,99.99260000000001,100.0728,100.09795,100.00599117515956,100.03660881232501,100.05730378237672,0.0030000000000001137,0.28407142857142986,0.0,0.0030000000000001137,0.0767736988898612,0.08150149452796812,0.9419913013192105,48.50646347794185,100.06158333333333,100.0736153846154,100.04450898318512,100.05770658689215,-0.013197603707027383,0.020094497851936746,0.008920623007476473,-0.9166666666666666
99.969,99.969,99.969,99.969,99.996,-0.027,-0.03,13,129960.0,-0.023000000000010346,-0.03900000000000148,-0.02600000000001046,99.988,100.0689,100.09665,99.99366078343971,100.02431630099319,100.04889389834084,0.027000000000001023,0.21457142857142994,0.0,0.027000000000001023,0.07128986325487112,0.07760853063311333,0.9185828242501705,47.878194917604105,100.05900000000001,100.07315384615383,100.03289221654127,100.05113572860384,-0.018243512062568357,0.009417844522922615,0.0034877959934675076,12.0
99.972,99.998,99.972,99.998,99.969,0.029,0.03,6,59996.0,0.010000000000005116,-0.8010000000000019,-0.5019999999999953,99.99,99.9888,100.07155,99.99510718895982,100.01953151899443,100.04404686040361,0.029000000000010573,0.14285714285714488,0.029000000000010573,0.0,0.0682691587366668,0.07206506415931953,0.9473266905825429,48.6475482087266,100.05791666666666,100.07346153846153,100.02752418322723,100.04719974870726,-0.019675565480028467,0.0011494813092033003,-0.0011448763012316871,-0.5384615384615384
99.995,99.995,99.995,99.995,99.998,-0.003,0.0,1,10000.0,0.007000000000005002,0.020000000000010232,0.021000000000000796,99.9914,99.9908,100.0726,99.99507145930656,100.01507124281362,100.03937573084136,0.0030000000000001137,0.1246428571428595,0.0,0.0030000000000001137,0.06339279025547631,0.06713184529079672,0.9443028115922653,48.56768225413092,100.05683333333333,100.07380769230771,100.02252046273072,100.04333310065488,-0.020812637924152,-0.005297362717732944,-0.00507842862581575,-0.8333333333333334
99.998,100.0,99.997,100.0,99.995,0.005,0.01,237,2370253.0,0.0010000000000047748,0.010000000000005116,0.009000000000000341,99.99159999999999,99.99179999999998,100.07305,99.99671430620438,100.01233101684751,100.03562566123742,0.0049999999999954525,0.12407142857143023,0.0049999999999954525,0.0,0.05922187666579911,0.06233671348431124,0.9500320654649838,48.718791977323164,99.99024999999999,100.07442307692307,100.01905577615676,100.0401232413471,-0.02106746519034175,-0.010225895135849643,-0.008276235938720952,236.0
99.995,99.995,99.921,99.921,100.0,-0.079,-0.08,3,29984.0,-0.07499999999998863,-0.07199999999998852,0.1290000000000049,99.97659999999999,99.9846,100.0795,99.97147620413627,99.99572537742068,100.02470893159575,0.07899999999999352,0.1295000000000012,0.0,0.07899999999999352,0.05499174261824203,0.06352694823543141,0.8656443311969302,46.39921536606948,99.98575,100.07080769230768,100.00397027213265,100.03129929754363,-0.027329025410978147,-0.014600059589775406,-0.01208679383317239,-0.9873417721518988
99.98,99.986,99.98,99.986,99.921,0.065,0.07,1,10098.0,0.017000000000010118,-0.006000000000000227,-0.001999999999995339,99.97999999999999,99.98400000000001,100.07939999999999,99.97631746942419,99.99395712698056,100.02102236668188,0.06499999999999773,0.07764285714285737,0.06499999999999773,0.0,0.0557066181455103,0.05898930907575774,0.9443510869735463,48.56895924302763,99.98541666666667,100.0703076923077,100.00120561488147,100.02794379402188,-0.026738179140409102,-0.01787845619573621,-0.015017070894619733,-0.6666666666666667
99.989,99.993,99.972,99.972,99.986,-0.014,-0.01,3,29995.0,-0.02600000000001046,-0.016000000000005343,-1.01400000000001,99.9748,99.9824,100.0287,99.97487831294947,99.989964922075,100.01635356985503,0.021000000000000796,0.020285714285713703,0.0,0.014000000000010004,0.051727573992259565,0.055775786998918615,0.9274198855008978,48.11716909623354,99.98366666666668,100.06942307692307,99.99671244336125,100.02379980927952,-0.027087365918276873,-0.020385074485291612,-0.01743112989935116,2.0
99.975,99.981,99.975,99.981,99.972,0.009,0.01,2,20496.0,-0.014000000000010004,-0.007000000000005002,-0.01300000000000523,99.97200000000001,99.9817,100.02805000000001,99.97691887529966,99.98833493624318,100.01298656320216,0.009000000000000341,0.019785714285713345,0.009000000000000341,0.0,0.04867560442138391,0.05179180221328157,0.9398322194106129,48.44914988040388,99.98275000000001,100.04946153846154,99.99429514438259,100.0206294530366,-0.02633430865401465,-0.022276184831977415,-0.01921176565028386,-0.33333333333333337
99.984,99.984,99.984,99.984,99.981,0.003,0.0,1,9998.0,-0.016000000000005343,-0.015000000000000568,-0.016000000000005343,99.9688,99.9802,100.02725000000001,99.97927925019977,99.98754676601713,100.01022593813529,0.0030000000000001137,0.019571428571427622,0.0030000000000001137,0.0,0.04541306124842793,0.04809238776947575,0.9442879290192285,48.567288564897,99.98241666666667,100.04984615384616,99.99271127601604,100.01791616021909,-0.025204884203049005,-0.02361032710931315,-0.02041038936083689,-0.5
99.987,99.987,99.987,99.987,99.984,0.003,0.0,1,9999.0,0.06599999999998829,-0.009000000000000341,-0.02400000000000091,99.982,99.9793,100.02605,99.98185283346652,99.98744735401401,100.00801394402717,0.0030000000000001137,0.019071428571428278,0.0030000000000001137,0.0,0.04238355687354023,0.0446572172145132,0.9490863855208146,48.69391077641792,99.98233333333333,100.04969230769231,99.99183261816742,100.01562607427694,-0.023793456109515887,-0.024226987558973987,-0.02108700271057269,0.0
99.988,99.988,99.988,99.988,99.987,0.001,0.0,12,124285.0,0.001999999999995339,0.019000000000005457,-0.01999999999999602,99.98240000000001,99.9812,100.02505,99.9839018889777,99.98754783510236,100.00610785411982,0.0010000000000047748,0.018714285714285746,0.0010000000000047748,0.0,0.03942758852543055,0.041467415984905116,0.9508089083675458,48.73921296387718,99.98141666666665,100.05723076923078,99.9912429846032,100.01357969840458,-0.022336713801379915,-0.024522670705790815,-0.021336944928734138,11.0
99.99,99.996,99.99,99.996,99.988,0.008,0.01,24,238584.0,0.02400000000000091,-0.0020000000000095497,-0.8030000000000115,99.9872,99.98100000000001,99.9849,99.9879345926518,99.98908459235648,100.0051452013465,0.007999999999995566,0.019071428571428278,0.007999999999995566,0.0,0.03718276077361377,0.03850545770026904,0.9656491052008448,49.126220068773534,99.98141666666668,100.05753846153844,99.99197483312578,100.01227749852276,-0.02030266539698289,-0.024466007091660913,-0.021130089022383888,1.0
100.0,100.106,100.0,100.106,99.996,0.11,0.11,23,231070.0,0.125,0.11099999999999,0.13100000000000023,100.01219999999999,99.99210000000001,99.99145,100.02728972843454,100.01034193920074,100.01475042026588,0.10999999999999943,0.026142857142857117,0.10999999999999943,0.0,0.042383992146927035,0.035755067864535535,1.1853981736940442,54.24174816117513,99.99283333333334,100.0236923076923,100.00951716649105,100.0192199060396,-0.00970273954854406,-0.023203259798127835,-0.018844619127615925,-0.04166666666666663
100.103,100.103,99.962,99.962,100.106,-0.144,-0.14,1,10310.0,-0.02199999999999136,-0.0379999999999967,-0.027999999999991587,100.0078,99.98830000000001,99.99005,100.00552648562304,100.0015524957097,100.00972657071675,0.14399999999999125,0.036214285714285054,0.0,0.14399999999999125,0.03935656413643225,0.043486848731353805,0.9050222144070044,47.50717380420259,99.98983333333332,100.02246153846153,100.00220683318474,100.01498139448111,-0.012774561296367892,-0.021586097118726697,-0.017630607561366318,-0.9565217391304348
99.965,100.3,99.959,100.298,99.962,0.336,0.34,15,152188.0,0.31100000000000705,0.37699999999999534,0.3050000000000068,100.07000000000001,100.026,100.0053,100.10301765708203,100.0554520419443,100.03718118302945,0.340999999999994,0.058642857142855984,0.3359999999999985,0.0,0.06054538098382985,0.04038064525054282,1.4993663575253533,59.98985915013636,100.01508333333334,100.03392307692306,100.04771347423325,100.03594573563066,0.011767738602586064,-0.017307661813949455,-0.011750938328575843,14.0
100.295,100.295,100.295,100.295,100.298,-0.003,0.0,1,10030.0,0.30700000000000216,0.3089999999999975,0.30299999999999727,100.1314,100.0569,100.02045000000001,100.16701177138802,100.09900621613625,100.06173535607427,0.0030000000000001137,0.05678571428571238,0.0,0.0030000000000001137,0.056220710913556286,0.03771059916121834,1.4908463976720312,59.853004146116376,100.03966666666668,100.04484615384614,100.08575755512045,100.05513494039876,0.030622614721693253,-0.010895441742841664,-0.0032762277185220245,-0.9333333333333333
100.292,109.973,99.973,99.998,100.295,-0.297,-0.3,16,161012.0,0.0020000000000095497,0.02600000000001046,0.010000000000005116,100.1318,100.0595,100.02095,100.11067451425869,100.08064144956602,100.05566532216244,10.0,0.7708571428571409,0.0,0.29699999999999704,0.052204945848302264,0.05623127064970253,0.9283970510557623,48.14345938495819,100.04608333333333,100.04446153846153,100.07225639279423,100.05090272259145,0.021353670202785224,-0.0055967774254194564,0.0016497518657394251,15.0
100.001,100.001,99.976,99.988,99.998,-0.01,-0.01,6,59993.0,-0.117999999999995,0.007000000000005002,0.0,100.1082,100.06020000000001,100.02095,100.06978300950581,100.06379754964492,100.04922100576601,0.025000000000005684,0.7722857142857131,0.0,0.010000000000005116,0.048476021144852104,0.052929037031867,0.9158681862219812,47.804342324199155,100.04624999999999,100.01326923076924,100.05929387082588,100.04624326165874,0.01305060916713785,-0.00134616705095425,0.00392992332601911,-0.625
99.988,99.988,99.988,99.988,99.988,0.0,0.0,1,9999.0,0.02599999999999625,0.0040000000000048885,-0.01099999999999568,100.1134,100.0606,100.0204,100.04252200633721,100.0500161769822,100.0433904337883,0.0,0.7666428571428564,0.0,-0.0,0.0450134482059341,0.04914839152959079,0.9158681862219812,47.804342324199155,100.04758333333332,100.01376923076924,100.04832558300652,100.04192894598033,0.0063966370261852035,0.0020082877419014267,0.004423266066052329,-0.8333333333333334
99.991,99.991,99.991,99.991,99.988,0.003,0.0,1,9999.0,-0.30700000000000216,0.0040000000000048885,-0.0049999999999954525,100.05199999999999,100.061,100.02015,100.02534800422481,100.03928596298543,100.0384008686656,0.0030000000000001137,0.7622142857142852,0.0030000000000001137,0.0,0.04201248761979596,0.04563779213462002,0.920563542948565,47.931949261895305,100.04841666666665,100.0138076923077,100.03950626254397,100.03815643146328,0.0013498310806880909,0.004640126062131205,0.0038085790689794813,0.0
99.989,99.993,99.983,99.983,99.991,-0.008,-0.01,21,205173.0,-0.3119999999999976,-0.0049999999999954525,0.014000000000010004,99.9896,100.0605,100.02085,100.01123200281654,100.02905215153353,100.03312459545936,0.009999999999990905,0.7614285714285701,0.0,0.007999999999995566,0.03901159564695339,0.042949378410718275,0.9083157216826638,47.597769664746735,100.04833333333333,100.01342307692309,100.03081299138336,100.03407076987341,-0.0032577784900524875,0.006534002385123472,0.0023953075571730873,20.0
99.986,100.0,99.986,100.0,99.983,0.017,0.02,4,40597.0,0.001999999999995339,0.0040000000000048885,0.001999999999995339,99.99,100.0609,100.02095,100.0074880018777,100.0237699421638,100.02996987208228,0.016999999999995907,0.7619999999999985,0.016999999999995907,0.0,0.03743933881502786,0.03988156566709554,0.9387630146606143,48.420720199521,100.04941666666666,100.01373076923076,100.02607253117053,100.03154700914205,-0.005474477971517899,0.007003809227015267,0.0008213504514348901,-0.8095238095238095
100.005,100.006,100.005,100.006,100.0,0.006,0.01,1,10301.0,0.018000000000000682,-0.09999999999999432,0.01099999999999568,99.9936,100.0509,100.0215,100.0069920012518,100.02053904358856,100.02768702712206,0.006000000000000227,0.7622142857142842,0.006000000000000227,0.0,0.0351936717568116,0.037032882405160145,0.9503357414033679,48.7267766892049,100.05091666666668,100.01442307692308,100.02298444945198,100.02965463809448,-0.006670188642502239,0.007682072855222562,-0.0006769573673525359,-0.75
100.003,100.003,100.003,100.003,100.006,-0.003,0.0,1,10000.0,0.015000000000000568,0.04099999999999682,0.0030000000000001137,99.9966,100.05499999999999,100.02165,100.00566133416788,100.01735012657244,100.02533588168187,0.0030000000000001137,0.7622142857142842,0.0,0.0030000000000001137,0.032679838059896486,0.034601962233363,0.944450428547858,48.57158684437054,100.05149999999999,100.01500000000001,100.01990991876706,100.02768022045785,-0.00777030169079751,0.005511179489291054,-0.0020956262320415307,0.0
100.0,100.0,100.0,100.0,100.003,-0.003,0.0,1,10000.0,0.009000000000000341,-0.2980000000000018,0.07899999999999352,99.9984,100.0252,100.0256,100.00377422277859,100.01419555810472,100.0229229405693,0.0030000000000001137,0.762357142857141,0.0,0.0030000000000001137,0.030345563912761025,0.032344679216694226,0.9381933797970274,48.405561053731255,100.04266666666666,100.01503846153847,100.01684685434135,100.02562983375726,-0.008782979415911996,0.0011327801406682486,-0.0034330968688156237,0.0
99.997,99.997,99.997,99.997,100.0,-0.003,0.0,1,10000.0,0.013999999999995794,-0.2980000000000018,0.01099999999999568,100.00120000000001,99.9954,100.02615,100.00151614851907,100.01106909299476,100.02045408908651,0.0030000000000001137,0.7619999999999985,0.0,0.0030000000000001137,0.028178023633278097,0.030248630701216077,0.9315470809772974,48.22802872120342,100.04558333333334,100.01507692307692,100.013793492135,100.0235091053308,-0.009715613195808714,-0.0023193624591755224,-0.0046896001342142425,0.0
100.0,100.0,100.0,100.0,99.997,0.003,0.0,1,10000.0,0.0,0.001999999999995339,0.028000000000005798,100.00120000000001,99.9956,100.02754999999999,100.00101076567938,100.00905653063208,100.01850608060208,0.0030000000000001137,0.7543571428571413,0.0030000000000001137,0.0,0.026379593373758243,0.028088014222557786,0.9391761612172821,48.431709300083995,100.02075,100.01626923076924,100.01167141642192,100.02176769012111,-0.010096273699190306,-0.004891238333211984,-0.0057709348472094555,0.0
99.997,99.997,99.985,99.989,100.0,-0.011,-0.01,3,29997.0,-0.016999999999995907,0.0010000000000047748,0.008000000000009777,99.9978,99.99570000000001,100.02795,99.9970071771196,100.00540988869898,100.0156959776876,0.015000000000000568,0.7451428571428563,0.0,0.01099999999999568,0.024495336704204083,0.026867441778089064,0.9117107950404314,47.69083259903594,99.99525,100.01592307692309,100.00818350620317,100.01934045381584,-0.01115694761267605,-0.00684163662641879,-0.006848137400302774,2.0
99.986,99.986,99.986,99.986,99.989,-0.003,0.0,2,19997.0,-0.016999999999995907,-0.001999999999995339,0.0020000000000095497,99.9944,99.9955,100.02805,99.99333811807973,100.00188081802644,100.01286778933641,0.0030000000000001137,0.7209999999999995,0.0,0.0030000000000001137,0.022745669796760935,0.025162624508225567,0.9039466367796992,47.47751955425695,99.99425000000001,100.0155769230769,100.00477065909499,100.01687079057022,-0.012100131475236253,-0.008336076910410384,-0.007898536215289471,-0.33333333333333337
99.988,99.988,99.988,99.988,99.986,0.002,0.0,0,300.0,-0.012000000000000455,-0.0030000000000001137,0.0010000000000047748,99.992,99.9952,100.0281,99.9915587453865,99.99935703293072,100.01049942844723,0.001999999999995339,0.7209285714285707,0.001999999999995339,0.0,0.021263836239849107,0.023365294186209456,0.9100607110009914,47.645643186077706,99.99425000000001,100.01511538461538,100.00219055769576,100.01473221349096,-0.01254165579520361,-0.009367618833204952,-0.0088271601312723,-1.0
99.991,100.004,99.983,99.983,99.988,-0.005,-0.01,4,42695.0,-0.013999999999995794,0.0,-0.0049999999999954525,99.98920000000001,99.9952,100.02785,99.98870583025769,99.9963830269433,100.00788043526178,0.021000000000000796,0.008142857142856437,0.0,0.0049999999999954525,0.0197449907941456,0.02205348745862274,0.8953228296065012,47.23853982133399,99.99383333333333,100.0175,99.9992381642041,100.0123816791583,-0.013143514954194302,-0.01021973405350233,-0.0096904310958567,inf
99.986,100.0,99.986,100.0,99.983,0.017,0.02,5,49998.0,0.0,0.0,0.0040000000000048885,99.98920000000001,99.9952,100.02805,99.99247055350513,99.99704065840815,100.0071299176178,0.016999999999995907,0.007571428571427167,0.016999999999995907,0.0,0.019548920023134908,0.020478238354435404,0.9546192247977613,48.83914026255078,99.99458333333332,100.01803846153847,99.99935536971117,100.01146451773916,-0.012109148027988681,-0.010824062874111936,-0.010174174482283097,0.25
99.997,99.997,99.988,99.988,100.0,-0.012,-0.01,4,39996.0,-0.0010000000000047748,-0.018000000000000682,-0.117999999999995,99.989,99.9934,100.02215,99.99098036900344,99.99539690233394,100.00530802070182,0.012000000000000455,0.008428571428570055,0.0,0.012000000000000455,0.018152568592910985,0.019872649900547195,0.9134447939130228,47.73823612883102,99.995,100.01865384615385,99.9976083897556,100.00972640531404,-0.012118015558442607,-0.01130714219273917,-0.010562942697515,-0.19999999999999996
99.991,99.991,99.991,99.991,99.988,0.003,0.0,1,9999.0,0.0049999999999954525,-0.012000000000000455,0.028999999999996362,99.99000000000001,99.9922,100.0236,99.99098691266896,99.99459746554595,100.00394535206354,0.0030000000000001137,0.008428571428570055,0.0030000000000001137,0.0,0.017070242264845922,0.018453174907650968,0.9250571974889991,48.0534915375825,99.99425000000001,100.01903846153847,99.9965917144086,100.00833926417967,-0.01174754977107284,-0.011636538898868152,-0.010799864112226568,-0.75
99.92,100.0,99.92,100.0,99.991,0.009,0.01,0,600.0,0.012000000000000455,0.0,-0.2980000000000018,99.9924,99.9922,100.0087,99.99399127511265,99.9955797445376,100.00356960424796,0.0799999999999983,0.013428571428570584,0.009000000000000341,0.0,0.016493796388785523,0.0171350909856759,0.9625741936575377,49.046512318784906,99.99374999999999,100.01965384615386,99.99711606603805,100.0077215409071,-0.0106054748690525,-0.011735412418117461,-0.010760986263591754,-1.0
99.997,99.997,99.94,99.94,100.0,-0.06,-0.06,1,10100.0,-0.043000000000006366,-0.05700000000000216,-0.355000000000004,99.9838,99.9865,99.99095,99.97599418340845,99.98547433643985,99.99751535622434,0.060000000000002274,0.01649999999999961,0.0,0.060000000000002274,0.015315668075300843,0.02019687020098493,0.7583188842078092,43.127494734805246,99.9885,100.01784615384615,99.98832897895527,100.00270513046954,-0.014376151514269964,-0.012210954397570757,-0.011484019313727396,inf
99.943,99.943,99.943,99.943,99.94,0.003,0.0,1,9994.0,-0.05700000000000216,-0.05700000000000216,-0.05500000000000682,99.9724,99.9808,99.98819999999999,99.96499612227231,99.97775172981443,99.99232341753631,0.0030000000000001137,0.016285714285713886,0.0030000000000001137,0.0,0.014435977498493648,0.01875423661520029,0.7697448739018949,43.49468023629746,99.98375,100.01611538461538,99.98135528988523,99.99828252821253,-0.016927238327298255,-0.012852097810306558,-0.012572663116441568,0.0
99.946,103.0,99.946,103.0,99.943,3.057,3.06,21,215690.0,3.0120000000000005,3.0109999999999957,3.0120000000000005,100.57480000000001,100.2819,100.1388,100.97666408151488,100.52725141530271,100.27876880634238,3.057000000000002,0.23442857142857118,3.057000000000002,0.0,0.23176197910574425,0.01741464828554313,13.308450179734196,93.01112288585696,100.234,100.13165384615385,100.44576216836441,100.22063197056715,0.22513019779725596,0.0135068276644148,0.034967909066297945,20.0
102.997,102.997,99.986,99.987,103.0,-3.013,-2.93,13,130501.0,-0.0040000000000048885,0.000999999999990564,-0.0010000000000047748,100.574,100.282,100.13875,100.64677605434326,100.42902388524767,100.25098130097643,3.013999999999996,0.44949999999999946,0.0,3.0130000000000052,0.21520755202676253,0.23138503055086185,0.9300841610817029,48.18878781744125,100.23291666666667,100.12707692307693,100.37518337323144,100.2033258986733,0.17185747455813782,0.03399561992589718,0.06234582216466593,-0.38095238095238093
103.0,103.0,103.0,103.0,99.987,3.013,3.01,1,10300.0,3.0,3.0120000000000005,3.0090000000000003,101.174,100.5832,100.28920000000001,101.43118403622884,100.8964740879299,100.51279260564534,3.0130000000000052,0.6644999999999998,3.0130000000000052,0.0,0.41504986973913705,0.21485752836865743,1.9317445978759704,65.89061677731091,100.48383333333334,100.24392307692308,100.77900131581123,100.41048694321603,0.36851437259520026,0.07640205187582991,0.1235795322507728,-0.9230769230769231
102.997,102.997,99.997,99.999,103.0,-3.001,-2.91,21,212994.0,0.0589999999999975,0.015999999999991132,0.015999999999991132,101.1858,100.5848,100.29,100.9537893574859,100.73329698103356,100.46385997653627,3.003,0.8787857142857141,0.0,3.0010000000000048,0.3854034504720558,0.4138677049137537,0.9312237845481818,48.21936183672498,100.48491666666666,100.23242307692307,100.65900111337874,100.38000642890373,0.2789946844750091,0.10874692215394077,0.15466256269562006,20.0
100.002,102.087,100.002,100.007,99.999,0.008,0.01,37,376333.0,0.06400000000000716,0.007000000000005002,0.007000000000005002,101.1986,100.5855,100.29035,100.63819290499062,100.601242984482,100.42034950258044,2.088000000000008,1.0268571428571431,0.008000000000009777,0.0,0.358446061152624,0.3843057259913427,0.9327106959647506,48.25919874672032,100.48649999999999,100.22134615384616,100.55869324978201,100.352376323059,0.20631692672300517,0.13301747129632385,0.1649934355010971,0.7619047619047619
100.049,100.049,100.049,100.049,100.007,0.042,0.04,8,78238.0,-2.9509999999999934,0.06100000000000705,0.043000000000006366,100.6084,100.5916,100.29249999999999,100.44179526999375,100.50083516912163,100.38498288328705,0.04200000000000159,1.0296428571428575,0.04200000000000159,0.0,0.33584277107029387,0.3568553169919611,0.9411174643584179,48.48328252352714,100.492,100.2233076923077,100.4802789036617,100.32990400283241,0.1503749008292914,0.15103107691858655,0.16206972856673596,-0.7837837837837838
100.046,109.66,100.046,100.28,100.049,0.231,0.23,15,161340.0,0.29300000000000637,0.2890000000000015,0.277000000000001,100.667,100.6205,100.30635,100.38786351332917,100.46068332019041,100.37498451345019,9.61399999999999,1.7162142857142857,0.23099999999999454,0.0,0.3283540017081297,0.33136565149253533,0.9909114002285976,49.77174775908263,100.51533333333334,100.23453846153846,100.44946676463682,100.32620741003001,0.12325935460681592,0.1659049468603497,0.15430765377475197,0.875
100.277,100.277,100.277,100.277,100.28,-0.003,0.0,1,10028.0,-2.722999999999999,0.277000000000001,0.277000000000001,100.1224,100.6482,100.3202,100.3509090088861,100.42728635288306,100.36565265502637,0.0030000000000001137,1.7149285714285714,0.0,0.0030000000000001137,0.3049001444432633,0.3079109621002114,0.9902217912723477,49.75434374272927,100.53941666666667,100.24565384615386,100.42293341623116,100.32256241669445,0.10037099953670747,0.1786546303104583,0.14352032292714306,-0.9333333333333333
100.0,100.7,100.0,100.6,100.277,0.323,0.32,18,181910.0,0.6009999999999991,0.6599999999999966,0.6029999999999944,100.24260000000001,100.71419999999999,100.35035,100.4339393392574,100.45868883417705,100.38797144978577,0.7000000000000028,1.7637142857142862,0.3229999999999933,0.0,0.306192991268744,0.2859173219501963,1.070914448905196,51.71215302840457,100.59016666666668,100.26907692307692,100.45017442911866,100.34311334879116,0.1070610803274974,0.19243111016099115,0.13622847440721392,17.0
99.941,99.941,99.94,99.941,100.6,-0.659,-0.66,2,19988.0,-0.0660000000000025,-0.001999999999995339,-0.0589999999999975,100.2294,100.714,100.34740000000001,100.26962622617161,100.36456359159939,100.34540274028237,0.6599999999999966,1.8100000000000003,0.0,0.6589999999999918,0.2843220633209766,0.31256608466803887,0.9096382405754007,47.63406079998241,100.58525000000002,100.26746153846153,100.37183990156196,100.31332717480663,0.05851272675532471,0.1739180578229988,0.12068532487683609,-0.8888888888888888
99.974,99.974,99.966,99.966,99.941,0.025,0.03,14,140655.0,-0.08300000000001262,-3.034000000000006,-0.023000000000010346,100.21279999999999,100.4106,100.34625,100.1684174841144,100.29209748403585,100.30926914596976,0.03300000000000125,1.8121428571428575,0.024999999999991473,0.0,0.2657990587980491,0.29023993576317897,0.9157907856447696,47.80223354798918,100.58741666666667,100.26615384615386,100.30940299362933,100.28759923593206,0.0218037576972705,0.15724542261623575,0.10090901144092297,6.0
99.911,99.92,99.911,99.92,99.966,-0.046,-0.05,3,29974.0,-0.35999999999999943,-0.06699999999999307,-0.0660000000000025,100.1408,100.4039,100.34295,100.08561165607628,100.22444339602933,100.27219589397264,0.05499999999999261,1.8103571428571428,0.0,0.04599999999999227,0.2468134117410456,0.2727942260658085,0.9047603950440823,47.499958388369535,100.58550000000001,100.26284615384614,100.24949484076328,100.26036966290006,-0.010874822136784701,0.11509106764601522,0.07855224472538144,-0.7857142857142857
99.913,99.928,99.913,99.917,99.92,-0.003,0.0,30,300150.0,-0.35999999999999943,-3.0829999999999984,-0.07099999999999795,100.0688,100.0956,100.3394,100.02940777071753,100.16854459675126,100.23836771359429,0.015000000000000568,1.807142857142857,0.0,0.0030000000000001137,0.22918388233097092,0.2535232099182508,0.9039956633748518,47.47887197245556,100.32858333333333,100.25953846153847,100.19834178833815,100.23493487305562,-0.036593084717466695,0.08002575995796235,0.05552317883681182,9.0
99.966,99.966,99.965,99.966,99.917,0.049,0.05,2,20593.0,-0.6340000000000003,-0.03300000000000125,-0.017000000000010118,99.942,100.0923,100.33855000000001,100.00827184714501,100.13171830643284,100.21242793134721,0.04899999999999238,1.8104285714285706,0.04899999999999238,0.0,0.2163136050216153,0.2354144092098043,0.9188630625784417,47.88580699154915,100.32683333333334,100.25823076923076,100.16259689782459,100.2150137713478,-0.05241687352321378,0.05127755993060469,0.0339351683648067,-0.9333333333333333
100.003,100.003,100.003,100.003,99.966,0.037,0.04,1,10000.0,0.06199999999999761,-0.0040000000000048885,0.0030000000000001137,99.95439999999999,100.0919,100.3387,100.00651456476335,100.1083149779905,100.19248241407605,0.03700000000000614,1.5947142857142853,0.03700000000000614,0.0,0.20350549037721466,0.21859909426624685,0.9309530355571892,48.21210140352049,100.07708333333333,100.25846153846153,100.13804352892849,100.19930904754425,-0.061265518615755354,0.02776195777004394,0.014895030968694292,-0.5
99.999,100.0,99.999,100.0,100.003,-0.003,0.0,3,33000.0,0.034000000000006025,-0.049000000000006594,0.012000000000000455,99.96119999999999,100.087,100.33930000000001,100.00434304317557,100.0886213456286,100.17415075559262,0.0040000000000048885,1.379714285714286,0.0,0.0030000000000001137,0.18896938392169935,0.20319915896151494,0.9299712896818109,48.185757718454596,100.07716666666666,100.25846153846153,100.11680606293949,100.18454541439282,-0.06773935145332644,0.006539879318917012,-0.0016318455157098531,2.0
99.999,100.0,99.999,100.0,100.0,0.0,0.0,62,619000.0,0.0799999999999983,-0.28000000000000114,0.009000000000000341,99.9772,100.059,100.33975000000001,100.00289536211704,100.07250837369612,100.1575649693457,0.0010000000000047748,1.1645714285714288,0.0,-0.0,0.17547157078443512,0.18868493332140673,0.929971289681811,48.185757718454596,100.07658333333335,100.2588846153846,100.09883589941033,100.17087538369705,-0.07203948428671936,-0.012616841105908192,-0.015713373269911755,19.666666666666668
100.0,100.32,100.0,100.17,100.0,0.17,0.17,8,79472.0,0.2530000000000001,-0.10699999999999932,0.1700000000000017,100.0278,100.0483,100.34825000000001,100.05859690807804,100.09023412393319,100.15874925797945,0.3199999999999932,0.972928571428571,0.1700000000000017,0.0,0.17508074429983272,0.1752074380841634,0.9992768926609736,49.981915778107556,100.08666666666666,100.26596153846154,100.10978422257797,100.17081054046024,-0.06102631788226631,-0.03129321868477083,-0.024775962192382667,-0.8709677419354839
100.01,100.01,99.98,100.002,100.17,-0.168,-0.17,39,386482.0,0.036000000000001364,-0.597999999999999,0.06199999999999761,100.035,99.9885,100.35135,100.03973127205202,100.07419155594533,100.1438207572195,0.18999999999999773,0.8373571428571418,0.0,0.16800000000000637,0.16257497684984468,0.17469262107815217,0.9306344815624099,48.203556418886336,100.06349999999999,100.26649999999998,100.09320203448905,100.15830605598171,-0.06510402149265815,-0.0450284129345467,-0.03284157405243776,3.875
100.0,100.0,100.0,100.0,100.002,-0.002,0.0,1,10000.0,-0.0030000000000001137,0.0589999999999975,0.05700000000000216,100.0344,99.9944,100.3542,100.02648751470136,100.06070218213709,100.13012354224621,0.001999999999995339,0.8344999999999985,0.0,0.001999999999995339,0.1509624785034272,0.16235743385828383,0.9298156229495295,48.181578172136454,100.04041666666667,100.26715384615385,100.07886325995227,100.14657968146454,-0.06771642151227297,-0.05497509951338486,-0.03981654354440481,-0.9743589743589743
100.0,100.0,100.0,100.0,100.0,0.0,0.0,1,10000.0,0.0,0.034000000000006025,-3.0,100.0344,99.9978,100.2042,100.01765834313424,100.04966542174853,100.11773082393704,0.0,0.14778571428571347,0.0,-0.0,0.14017944432461096,0.15076047429697784,0.9298156229495294,48.18157817213644,99.99041666666666,100.26715384615385,100.06673045072884,100.13572192728198,-0.06899147655313698,-0.061432505559646224,-0.04565153014615124,0.0
100.0,100.009,100.0,100.009,100.0,0.009,0.01,56,561348.0,0.009000000000000341,0.08899999999999864,0.02200000000000557,100.03620000000001,100.0067,100.2053,100.01477222875617,100.04227170870334,100.1073755073716,0.009000000000000341,0.1482142857142849,0.009000000000000341,0.0,0.13080948401571021,0.13999186899005087,0.9344077263873573,48.30459027024409,99.99608333333333,100.26796153846152,100.0578488429244,100.12633511785369,-0.06848627492928472,-0.06497619336095933,-0.050218479102777935,55.0
100.033,100.033,100.033,100.033,100.009,0.024,0.02,2,20007.0,-0.13700000000000045,0.11599999999999966,-2.9669999999999987,100.0088,100.0183,100.05695,100.02084815250413,100.04058594348454,100.10029212571716,0.02400000000000091,0.09992857142857048,0.02400000000000091,0.0,0.12318023515744526,0.1299924497764758,0.947595305490863,48.6546308064773,100.00166666666667,100.26957692307693,100.05402594401296,100.11942140542008,-0.06539546140712105,-0.06641825868139348,-0.05325387556364656,-0.9642857142857143
99.998,99.998,99.998,99.998,100.033,-0.035,-0.03,1,10000.0,-0.003999999999990678,0.03200000000001069,-0.000999999999990564,100.008,100.0215,100.0569,100.01323210166943,100.03284304466916,100.09055001850601,0.03499999999999659,0.055285714285713335,0.0,0.03499999999999659,0.11438164693191347,0.12320727479244158,0.9283676400164194,48.14266848040007,100.00816666666667,100.26949999999998,100.04540656801097,100.11042722724082,-0.06502065922984457,-0.06683549652740339,-0.05560723229688617,-0.5
99.967,99.967,99.965,99.965,99.998,-0.033,-0.03,2,19993.0,-0.03499999999999659,-0.0379999999999967,-0.04200000000000159,100.001,100.01769999999999,100.0548,99.9971547344463,100.0205079456384,100.0785928738864,0.03300000000000125,0.055285714285713335,0.0,0.03300000000000125,0.10621152929391965,0.11676389802155299,0.909626443563185,47.633737301307306,100.01216666666666,100.27046153846155,100.03303632677851,100.0996548400378,-0.0666185132592858,-0.06671095895028777,-0.057809488489366095,1.0
99.972,99.972,99.972,99.972,99.965,0.007,0.01,0,1000.0,-0.028000000000005798,-0.028000000000005798,-0.07700000000001239,99.99539999999999,100.0149,100.05095,99.9887698229642,100.0116883191587,100.06844117161151,0.006999999999990791,0.051857142857141776,0.006999999999990791,0.0,0.09912499148721046,0.10842361959144206,0.9142379848664862,47.75989151266645,100.01266666666665,100.27157692307694,100.02364612265875,100.09019892596092,-0.06655280330217295,-0.06610132772978261,-0.059558151451927464,-1.0
99.96,99.98,99.96,99.98,99.972,0.008,0.01,0,1999.0,-0.028999999999996362,-0.01999999999999602,-0.29999999999999716,99.9896,100.01289999999999,100.03595,99.98584654864281,100.00592680658437,100.06001820288661,0.020000000000010232,0.052214285714285325,0.008000000000009777,0.0,0.09261606352383898,0.1006790753349105,0.9199137280090249,47.91432628397253,100.01074999999999,100.15542307692309,100.01693133455741,100.08203604255641,-0.06510470799899792,-0.06655448218719723,-0.06066746276134156,-1.0
99.965,99.98,99.965,99.98,99.98,0.0,0.0,4,39389.0,-0.05299999999999727,-0.18999999999999773,-0.29699999999999704,99.97900000000001,99.9939,100.0211,99.98389769909522,100.00121284175086,100.05239742165932,0.015000000000000568,0.04978571428571448,0.0,-0.0,0.08600063041499334,0.09348771281098832,0.9199137280090249,47.91432628397253,100.00908333333332,100.15515384615385,100.01124959077936,100.07447781718186,-0.06322822640250081,-0.06634606051051309,-0.06117961548957341,inf
99.976,99.976,99.976,99.976,99.98,-0.004,0.0,1,9998.0,-0.02200000000000557,-0.02599999999999625,-0.6239999999999952,99.97460000000001,99.9913,99.9899,99.98126513273016,99.99662868870524,100.0451214767394,0.0040000000000048885,0.047428571428571535,0.0,0.0040000000000048885,0.07985772824249382,0.08709573332448951,0.9168959855354876,47.832328538126255,100.00708333333334,100.03884615384615,100.0058265768133,100.06718316405728,-0.061356587243977856,-0.0656394122584803,-0.061215009840454304,-0.75
99.944,99.944,99.944,99.944,99.976,-0.032,-0.03,0,999.0,-0.021000000000000796,-0.055999999999997385,0.0030000000000001137,99.9704,99.98570000000001,99.99005,99.96884342182011,99.98705983621338,100.03549085990707,0.031999999999996476,0.04942857142857093,0.0,0.031999999999996476,0.07415360479660141,0.08316032380131144,0.8916945173731033,47.13734216512678,99.98825,100.03673076923077,99.9963147957651,100.05805848523822,-0.06174368947311848,-0.06483410258292269,-0.061320745766987136,-1.0
99.975,100.0,99.975,100.0,99.944,0.056,0.06,5,52992.0,0.028000000000005798,0.0,0.034000000000006025,99.976,99.98570000000001,99.99175,99.97922894788007,99.98941259326548,100.03211077801116,0.055999999999997385,0.05335714285714183,0.055999999999997385,0.0,0.07285691873970111,0.07722030067264635,0.9434943674793166,48.54628772107093,99.98808333333334,100.03646153846154,99.99688175026277,100.05375785670205,-0.056876106439275986,-0.0635440838618106,-0.06043181790144491,inf
99.999,100.0,99.999,100.0,100.0,0.0,0.0,0,3200.0,0.01999999999999602,-0.009000000000000341,0.0799999999999983,99.97999999999999,99.9848,99.99575,99.98615263192005,99.99133757630813,100.02905260867676,0.0010000000000047748,0.030571428571428378,0.0,-0.0,0.06765285311543676,0.07170456491031446,0.9434943674793168,48.54628772107093,99.98808333333334,100.03457692307691,99.99736148099157,100.04977579324263,-0.052414312251059414,-0.06210173395558153,-0.058828316771367815,-1.0
100.0,100.094,100.0,100.0,100.0,0.0,0.0,1,13409.0,0.01999999999999602,-0.03300000000000125,0.08299999999999841,99.984,99.98150000000001,99.9999,99.99076842128004,99.99291256243392,100.02628569356469,0.09399999999999409,0.02371428571428526,0.0,-0.0,0.06282050646433414,0.06658281027386342,0.9434943674793169,48.54628772107093,99.98808333333334,100.02380769230768,99.99776740699286,100.04608869744688,-0.048321290454012455,-0.06024624853604463,-0.05672691150789675,inf
100.015,100.015,99.953,99.953,100.0,-0.047,-0.05,1,10401.0,-0.022999999999996135,-0.045000000000001705,-0.012999999999991019,99.9794,99.977,99.99925,99.97817894752004,99.98565573290047,100.01930610370138,0.06199999999999761,0.02799999999999971,0.0,0.046999999999997044,0.05833332743116742,0.0651840381114444,0.8949020208204286,47.22682286406377,99.98341666666666,100.01134615384616,99.99088011360935,100.03919323837673,-0.04831312476737537,-0.058212316481387916,-0.05504415415979248,0.0
99.955,99.955,99.955,99.955,99.953,0.002,0.0,10,96457.0,0.01099999999999568,-0.010000000000005116,-0.04800000000000182,99.98159999999999,99.97600000000001,99.99685,99.97045263168003,99.98008196328219,100.01318171287268,0.001999999999995339,0.02814285714285652,0.001999999999995339,0.0,0.05430951832894085,0.06052803538919837,0.8972622022130383,47.292472340746464,99.97691666666667,99.98653846153846,99.98536009613099,100.03295670220068,-0.047596606069689074,-0.056106072344445264,-0.053554644541771806,9.0
99.98,99.98,99.98,99.98,99.955,0.025,0.03,1,11398.0,-0.01999999999999602,0.008000000000009777,-0.01999999999999602,99.97760000000001,99.9768,99.99584999999999,99.9736350877867,99.98006706086724,100.01002154974195,0.025000000000005684,0.029285714285714044,0.025000000000005684,0.0,0.052215981305445476,0.056204604289969914,0.929033874805943,48.16057856419976,99.97541666666666,99.98803846153848,99.984535465957,100.02903398351916,-0.044498517562161055,-0.053816495629241165,-0.05174341914584966,-0.9
99.988,99.999,99.964,99.964,99.98,-0.016,-0.02,1,12398.0,-0.036000000000001364,-0.016000000000005343,-0.036000000000001364,99.97040000000001,99.9752,99.99404999999999,99.9704233918578,99.97714577707319,100.00563854500462,0.03499999999999659,0.03007142857142802,0.0,0.016000000000005343,0.04848626835505652,0.05333284684068673,0.909125824464093,47.62000559702721,99.97533333333335,99.98796153846153,99.98137616350208,100.02421665140662,-0.042840487904541646,-0.051551191351690145,-0.04996283289758806,0.0
99.964,99.964,99.964,99.964,99.964,0.0,0.0,1,9996.0,-0.036000000000001364,-0.016000000000005343,-0.20600000000000307,99.9632,99.9736,99.98375,99.96828226123854,99.97475563578715,100.00167296928988,0.0,0.027571428571428264,0.0,-0.0,0.04502296347255248,0.04952335778063768,0.9091258244640928,47.62000559702721,99.97466666666668,99.98965384615386,99.97870290757868,100.01975615870982,-0.041053251131145885,-0.04929526511693104,-0.04818091654429962,0.0
99.949,99.949,99.916,99.916,99.964,-0.048,-0.05,47,469709.0,-0.03700000000000614,-0.060000000000002274,-0.08599999999999852,99.9558,99.9676,99.97945,99.95085484082571,99.96407279291675,99.99351363888132,0.04800000000000182,0.028642857142856876,0.0,0.04800000000000182,0.0418070375102273,0.04941454651059227,0.846047175628046,45.83020340962908,99.96933333333334,99.98961538461536,99.96905630641274,100.0120705173239,-0.04301421091116708,-0.047214211943380886,-0.047147575417673115,46.0
99.994,99.999,99.92,99.98,99.916,0.064,0.06,222,2223276.0,0.025000000000005684,0.036000000000001364,-0.01999999999999602,99.9608,99.9712,99.97845,99.96056989388381,99.96696864875005,99.99222662565454,0.08299999999999841,0.03407142857142885,0.06400000000000716,0.0,0.04339224911664015,0.04588493604554996,0.9456752663567991,48.60396196162472,99.96933333333334,99.99015384615383,99.97073995158001,100.00969492344807,-0.0389549718680513,-0.04522297476880036,-0.045509054707748756,3.7234042553191493
99.972,99.999,99.972,99.994,99.98,0.014,0.01,430,4302796.0,0.013999999999995794,-0.006000000000000227,-0.006000000000000227,99.9636,99.9706,99.97815,99.97171326258922,99.9718834398864,99.99239551844934,0.027000000000001023,0.03457142857142819,0.013999999999995794,0.0,0.04129280275116556,0.04260744061372496,0.9691453454226977,49.216547050500246,99.97083333333332,99.98980769230769,99.97431842056771,100.00853233652599,-0.03421391595827572,-0.04320070851404662,-0.043250026957854154,0.9369369369369369
99.95,100.005,99.95,100.003,99.994,0.009,0.01,7,73300.0,0.03900000000000148,0.0030000000000001137,-0.006000000000000227,99.97139999999999,99.9709,99.97785,99.9821421750595,99.97754099627068,99.99340546907322,0.05499999999999261,0.03742857142857048,0.009000000000000341,0.0,0.03898617398322519,0.039564051998458895,0.9853938616990945,49.632160182856474,99.97575,99.98992307692309,99.9787309712496,100.00812253382036,-0.029391562570751262,-0.041097405415906486,-0.04047833408043358,-0.9837209302325581
100.136,100.138,99.995,100.132,100.003,0.129,0.13,35,347017.0,0.16800000000000637,0.132000000000005,0.09900000000000375,100.005,99.9841,99.9828,100.032094783373,100.00562445149419,100.0066049482091,0.14300000000000068,0.047357142857141606,0.1290000000000049,0.0,0.04541573298442374,0.03673804828428326,1.236204292427065,55.28136658235954,99.98674999999999,99.99500000000002,100.0023108218266,100.01729864242625,-0.014987820599657198,-0.03739459384171558,-0.03538023138427831,4.0
99.957,100.012,99.957,100.012,100.132,-0.12,-0.12,1,10101.0,0.09600000000000364,0.0589999999999975,0.013999999999995794,100.0242,99.99,99.9835,100.02539652224867,100.0067836421316,100.00711876266539,0.17500000000001137,0.057571428571428385,0.0,0.12000000000000455,0.0421717520569649,0.042685330549691924,0.9879682671748519,49.6973861951467,99.98775,99.98892307692307,100.00380146462251,100.01690615039469,-0.01310468577217705,-0.03356215825310313,-0.03092512226185806,-0.9714285714285714
100.0,100.0,100.0,100.0,100.012,-0.012,-0.01,3,30000.0,0.01999999999999602,0.045000000000001705,0.03499999999999659,100.0282,99.99449999999999,99.98525000000001,100.01693101483245,100.00555025265312,100.00644078526868,0.012000000000000455,0.05442857142857146,0.0,0.012000000000000455,0.03915948405289598,0.04049352122471396,0.9670555404551039,49.162594576834515,99.98775,99.98884615384615,100.00321662391136,100.01565384295805,-0.012437219046688597,-0.02999979175138397,-0.02722754161882417,2.0
99.981,99.981,99.98,99.981,100.0,-0.019,-0.02,2,19996.0,-0.01300000000000523,0.000999999999990564,0.009000000000000341,100.02560000000001,99.99459999999999,99.98570000000001,100.00495400988831,100.00108657035256,100.00401785333833,0.01999999999999602,0.055785714285713696,0.0,0.019000000000005457,0.0363623780491177,0.038958269708663354,0.9333673779929607,48.2767728791356,99.99008333333335,99.9881153846154,99.99979868177114,100.01308689162781,-0.013288209856668232,-0.02671620530162026,-0.024439675266392985,-0.33333333333333337
100.01,100.01,100.008,100.01,99.981,0.029,0.03,12,120012.0,0.007000000000005002,0.04600000000000648,0.030000000000001137,100.027,99.9992,99.9872,100.0066360065922,100.00270719392482,100.00458758159182,0.029000000000010573,0.051142857142857726,0.029000000000010573,0.0,0.035836493902752904,0.036175536158044544,0.990627858179892,49.76459332211201,99.99466666666667,99.9885,100.0013681153448,100.0128582329887,-0.011490117643901954,-0.023431412691926487,-0.02184976374189478,5.0
99.983,100.001,99.983,100.001,100.01,-0.009,-0.01,5,49996.0,-0.13100000000000023,0.03700000000000614,0.021000000000000796,100.0008,100.00290000000001,99.98825000000001,100.00475733772814,100.0023967950294,100.0042459071545,0.027000000000001023,0.04864285714285797,0.0,0.009000000000000341,0.033276744338270554,0.03423442643246996,0.9720257590385366,49.290723236416994,99.99641666666668,99.98819230769232,100.00131148221485,100.01197984535992,-0.010668363145072135,-0.01983742960680483,-0.01961348362253025,-0.5833333333333333
99.926,99.926,99.926,99.926,100.001,-0.075,-0.08,10,100026.0,-0.08599999999999852,0.010000000000005116,-0.04999999999999716,99.9836,100.0039,99.98575,99.97850489181877,99.9885064686604,99.99679391599693,0.07500000000000284,0.05385714285714422,0.0,0.07500000000000284,0.030899834028394087,0.03714625311586517,0.8318425530567648,45.41015556542691,99.99324999999999,99.98407692307691,99.98972510033565,100.00561096792585,-0.01588586759019961,-0.01727419579815464,-0.018867960416064124,1.0
99.956,100.006,99.956,99.992,99.926,0.066,0.07,29,291144.0,-0.007999999999995566,0.012000000000000455,0.04800000000000182,99.982,100.0051,99.98814999999999,99.98300326121253,99.98914165617668,99.99633735256864,0.0799999999999983,0.05778571428571512,0.0660000000000025,0.0,0.03340698874065183,0.0344929493218748,0.9685164474893345,49.200322848436954,99.99558333333333,99.98384615384617,99.99007508489939,100.00460274807948,-0.01452766318008969,-0.015086834378356192,-0.017999900968869238,1.9
99.995,99.995,99.995,99.995,99.992,0.003,0.0,5,50197.0,0.014000000000010004,0.0010000000000047748,-0.0049999999999954525,99.98479999999999,100.0052,99.9879,99.9870021741417,99.9902068095991,99.99620998565734,0.0030000000000001137,0.05550000000000109,0.0030000000000001137,0.0,0.031235060973462424,0.03202916722745517,0.9752067779860338,49.37238920273335,100.00216666666667,99.985,99.99083276414564,100.00389143340693,-0.01305866926129795,-0.0132720684550836,-0.01701165462735498,-0.8275862068965517
99.975,99.975,99.975,99.975,99.995,-0.02,-0.02,0,100.0,-0.0350000000000108,-0.028000000000005798,-0.025000000000005684,99.9778,100.0024,99.98665,99.9830014494278,99.98744193512653,99.99418998702332,0.020000000000010232,0.05692857142857325,0.0,0.020000000000010232,0.02900398518964368,0.03116994099692339,0.930511392129568,48.20025387693314,100.00175,99.98511538461538,99.98839695427708,100.00175132722865,-0.013354372951567939,-0.013090574271962573,-0.016280198292197574,-1.0
99.967,99.967,99.967,99.967,99.975,-0.008,-0.01,0,100.0,-0.034000000000006025,-0.16500000000000625,-0.03300000000000125,99.971,99.98589999999999,99.985,99.97766763295188,99.98372521964897,99.99160046444968,0.007999999999995566,0.05407142857142994,0.0,0.007999999999995566,0.02693227196181199,0.029514945211428546,0.9124960852505152,47.7123112715281,99.99950000000001,99.98461538461538,99.98510511515752,99.99917715484133,-0.014072039683810544,-0.01319805803992185,-0.01583856657052017,-1.0
99.972,99.972,99.972,99.972,99.967,0.005,0.01,1,9997.0,0.04599999999999227,-0.04000000000000625,0.018999999999991246,99.9802,99.98190000000001,99.98595,99.97577842196793,99.98159336153098,99.9897337535497,0.0049999999999954525,0.04850000000000116,0.0049999999999954525,0.0,0.025365681107396523,0.02740673483918365,0.9255272930626885,48.06617368640729,99.99691666666666,99.98430769230768,99.98308894359484,99.9971640322605,-0.014075088665663316,-0.013380043553141263,-0.015485870989548801,inf
99.965,99.97,99.965,99.968,99.972,-0.004,0.0,0,400.0,-0.02400000000000091,-0.031999999999996476,0.01300000000000523,99.97540000000001,99.9787,99.9866,99.97318561464529,99.97912184125262,99.98766387225925,0.006999999999990791,0.047071428571429,0.0,0.003999999999990678,0.02355384674258249,0.025734825207812725,0.915251864055089,47.787545921885254,99.98325,99.98400000000001,99.98076756765717,99.99500373357453,-0.014236165917367316,-0.013485372004330051,-0.015235929975112505,-1.0
99.95,99.95,99.95,99.95,99.968,-0.018,-0.02,0,200.0,-0.045000000000001705,-0.0309999999999917,-0.030000000000001137,99.9664,99.97560000000001,99.9851,99.9654570764302,99.97382696102487,99.984076836806,0.018000000000000682,0.044428571428572435,0.0,0.018000000000000682,0.021871429118112313,0.025182337692969008,0.8685225885211955,46.48178158812467,99.97808333333332,99.98423076923078,99.9760340957099,99.99167012368012,-0.015636027970217015,-0.013946028707253946,-0.015315949574133406,-1.0
100.0,100.0,100.0,100.0,99.95,0.05,0.05,1,10100.0,0.025000000000005684,-0.010000000000005116,0.036000000000001364,99.97139999999999,99.97460000000001,99.98689999999999,99.9769713842868,99.97858569538398,99.98559332853876,0.04999999999999716,0.03778571428571504,0.04999999999999716,0.0,0.02388061275253266,0.023383599286328365,1.0212547888850834,50.525782029112904,99.97808333333332,99.98423076923078,99.97972115790839,99.99228715155567,-0.012565993647285723,-0.014156876540833233,-0.014765958388763871,inf
99.995,99.995,99.995,99.995,100.0,-0.005,-0.01,1,10099.0,0.028000000000005798,-0.006000000000000227,0.03100000000000591,99.977,99.974,99.98845,99.98298092285788,99.98157011440507,99.98648920201126,0.0049999999999954525,0.025642857142856763,0.0,0.0049999999999954525,0.02217485469878033,0.0220704850515903,1.004728924033435,50.117944226192954,99.97925,99.98403846153846,99.9820717489994,99.99248810329229,-0.010416354292885899,-0.01354915284113171,-0.013896037569588278,0.0
99.995,99.995,99.995,99.995,99.995,0.0,0.0,0,100.0,0.023000000000010346,0.06900000000000261,0.07900000000000773,99.9816,99.9809,99.9924,99.98698728190526,99.98401191178597,99.98729975420065,0.0,0.024785714285713873,0.0,-0.0,0.020590936506010307,0.020494021833619563,1.004728924033435,50.117944226192954,99.978,99.98384615384617,99.9840607106918,99.99267416971509,-0.008613459023294467,-0.012892019045932242,-0.012839521860329516,-1.0
100.02,100.7,100.011,100.314,99.995,0.319,0.32,80,802173.0,0.3459999999999894,0.3219999999999885,0.333999999999989,100.05080000000001,100.0131,100.0091,100.09599152127018,100.0440097460067,100.0184140633244,0.7049999999999983,0.07371428571428547,0.3189999999999884,0.0,0.04190586961272302,0.019030163131218168,2.2020762157302918,68.77026239764466,100.00408333333333,99.99773076923078,100.0348206013546,100.01647608306952,0.018344518285076106,-0.009402775985224012,-0.006602713831248393,inf
100.178,100.178,99.992,100.001,100.314,-0.313,-0.31,282,2819128.0,0.05100000000000193,0.006000000000000227,0.007000000000005002,100.061,100.0137,100.00945,100.06432768084679,100.03618979218729,100.01675558110303,0.3219999999999885,0.09464285714285532,0.0,0.3129999999999882,0.038912593211814235,0.040028008621844594,0.972134126866815,49.29350968695379,100.01033333333334,99.9995,100.02961743191543,100.01532970654586,0.014287725369570126,-0.006331431727319783,-0.002424625991084689,2.525
99.96,99.99,99.96,99.99,100.001,-0.011,-0.01,1,11197.0,-0.010000000000005116,0.015000000000000568,-0.01300000000000523,100.059,100.01520000000001,100.0088,100.0395517872312,100.02779164815323,100.0142074305218,0.04100000000001103,0.09564285714285603,0.0,0.01100000000000989,0.03613312226811322,0.03795457943457069,0.9520095547469457,48.77074256280278,100.01016666666668,99.99988461538462,100.02352244238998,100.0134534319869,0.010069010403071843,-0.0036490928287772955,7.410128774661758e-05,-0.9964539007092199
99.99,99.99,99.989,99.989,99.99,-0.001,0.0,6,59994.0,-0.006000000000000227,0.02200000000000557,-0.14300000000000068,100.0578,100.0174,100.00165000000001,100.02270119148749,100.02073862121628,100.01180672285305,0.000999999999990564,0.09035714285714087,0.0,0.000999999999990564,0.033552184963247994,0.03531496661781496,0.9500840062049579,48.72015785893801,100.00966666666666,100.00084615384615,100.0182112974069,100.01164206665453,0.006569230752376143,-0.0013552795601062446,0.0013731271806725228,5.0
99.97,99.97,99.97,99.97,99.989,-0.019,-0.02,0,1000.0,-0.025000000000005684,-0.001999999999995339,-0.04200000000000159,100.0528,100.0172,99.99955,100.00513412765832,100.01151341735877,100.00782513020037,0.019000000000005457,0.08599999999999852,0.0,0.019000000000005457,0.031155600323015994,0.0341496118594,0.9123266305716481,47.70767796602446,100.00925000000001,100.00107692307691,100.01079417472891,100.00855746912457,0.0022367056043464117,0.00047503949786194727,0.0015458428654073007,-1.0
100.0,100.095,100.0,100.095,99.97,0.125,0.13,24,235743.0,-0.2189999999999941,0.12699999999999534,0.09499999999999886,100.00899999999999,100.0299,100.0043,100.03508941843889,100.02669279602081,100.01612749875271,0.125,0.09471428571428422,0.125,0.0,0.03785877172851485,0.031710353869442855,1.1938930698908667,54.418927078804984,100.01991666666667,100.00796153846156,100.02374891707831,100.01496061955979,0.008788297518520949,0.003188853441055054,0.0029943337960300306,inf
100.0,100.0,100.0,100.0,100.095,-0.095,-0.09,9,85600.0,-0.0010000000000047748,0.04999999999999716,0.019000000000005457,100.0088,100.0349,100.00525,100.02339294562593,100.02183956038066,100.01459154649054,0.09499999999999886,0.10007142857142627,0.0,0.09499999999999886,0.03515457374790665,0.036231042878768285,0.9702887621958998,49.246018188445966,100.02225,100.00873076923078,100.0200952375278,100.01385242551832,0.006242812009475074,0.005278720736250698,0.0036440294387190394,-0.625
99.986,99.986,99.986,99.986,100.0,-0.014,-0.01,1,9999.0,-0.003999999999990678,-0.013999999999995794,-0.02400000000000091,100.00800000000001,100.03349999999999,100.00404999999999,100.0109286304173,100.01532327667508,100.01186854206287,0.013999999999995794,0.10049999999999772,0.0,0.013999999999995794,0.032643532765913315,0.03464311124457026,0.9422806322290022,48.514134188097266,100.02374999999999,100.00842307692308,100.01484981636968,100.01178928288734,0.0030605334823405883,0.006776152711275863,0.0035273302474433496,-0.8888888888888888
99.995,100.003,99.995,99.999,99.986,0.013,0.01,8,80000.0,0.009999999999990905,0.003999999999990678,-0.0020000000000095497,100.01,100.03389999999999,100.00395,100.00695242027821,100.01235540818868,100.01064296662832,0.016999999999995907,0.1013571428571406,0.012999999999991019,0.0,0.03124042328263315,0.032168603298529524,0.9711463998830561,49.26810103707528,100.02783333333333,100.00826923076923,100.01241138308202,100.01084192859938,0.00156945448264878,0.007907587545269558,0.003135755094484436,7.0
99.953,99.953,99.953,99.953,99.999,-0.046,-0.05,2,21290.0,-0.016999999999995907,-0.04200000000000159,0.027000000000001023,100.0066,100.02969999999999,100.0053,99.98896828018549,100.00156351579074,100.00515316028277,0.04599999999999227,0.104142857142855,0.0,0.04599999999999227,0.02900896447673078,0.03315656020577686,0.8749087449571007,46.664070841331494,100.02391666666666,100.00138461538462,100.00327117030017,100.00655734129572,-0.003286170995551174,0.00550417762519986,0.0018513698764773142,-0.75
99.97,99.97,99.97,99.97,99.953,0.017,0.02,0,100.0,-0.125,-0.3439999999999941,-0.02200000000000557,99.98159999999999,99.9953,100.0042,99.98264552012367,99.99582469473786,100.00180524025585,0.016999999999995907,0.10407142857142608,0.016999999999995907,0.0,0.028151181299821148,0.0307882344767928,0.9143486717642293,47.762912015478456,100.02183333333333,99.99976923076923,99.99815252871552,100.00384939008863,-0.005696861373110096,0.00328366798712428,0.00034172362655983217,-1.0
100.0,100.0,99.97,99.97,99.97,0.0,0.0,1,12600.0,-0.030000000000001137,-0.03100000000000591,-0.025000000000005684,99.97560000000001,99.9922,100.00295,99.97843034674912,99.9911292956946,99.99877616975529,0.030000000000001137,0.10264285714285494,0.0,-0.0,0.026140382635548208,0.0285890748713076,0.9143486717642292,47.76291201547845,100.01975,99.99861538461538,99.99382137045158,100.00134202785985,-0.007520657408264242,0.0013292604525313816,-0.0012307525804049826,inf
99.972,99.972,99.972,99.972,99.97,0.002,0.0,0,300.0,-0.014000000000010004,-0.018000000000000682,-0.0030000000000001137,99.97279999999999,99.9904,100.00280000000001,99.97628689783275,99.98765124193194,99.99622605835003,0.001999999999995339,0.10242857142856922,0.001999999999995339,0.0,0.024416069590151575,0.02654699809478563,0.9197299635527298,47.909340428829914,99.99125,99.99826923076922,99.99046423653596,99.99916854431467,-0.008704307778714337,-0.0003677993842564496,-0.0027254636200668538,-1.0
99.955,100.095,99.955,100.095,99.972,0.123,0.12,2,20005.0,0.09600000000000364,0.10599999999999454,0.1280000000000001,99.992,100.001,100.00919999999999,100.0158579318885,100.00716919794431,100.00563310041193,0.14000000000000057,0.11242857142856925,0.12300000000000466,0.0,0.03145777890514108,0.024650783945158086,1.2761370581611877,56.06591455402666,99.99908333333333,100.00153846153846,100.00654666168427,100.00626717066173,0.0002794910225389913,-0.0005852676711239408,-0.002124472691545685,inf
100.091,100.091,100.09,100.09,100.095,-0.005,0.0,13,130118.0,0.13700000000000045,0.12000000000000455,0.11800000000000921,100.01939999999999,100.01299999999999,100.01509999999999,100.04057195459234,100.02222934377261,100.01366804322983,0.0049999999999954525,0.06242857142856906,0.0,0.0049999999999954525,0.029210794697631003,0.023247156520503614,1.256531940664122,55.68420805487517,100.00741666666666,100.00496153846153,100.01938563680977,100.01246960246458,0.006916034345195499,-0.0007932969126045464,-0.0003163712841974481,5.5
100.487,109.0,100.005,100.072,100.09,-0.018,-0.02,17,175997.0,0.10200000000000387,-0.022999999999996135,0.1039999999999992,100.0398,100.0107,100.02029999999999,100.05104796972823,100.03127855399576,100.01922346768413,8.995000000000005,0.6819285714285702,0.0,0.018000000000000682,0.027124309362085933,0.022872359626181976,1.18589904169908,54.25223302066555,100.01433333333334,100.01057692307693,100.02748015422365,100.01687926154128,0.010600892682376184,-0.00030906572672664525,0.0018670815091172785,0.3076923076923077
99.962,99.962,99.962,99.962,100.072,-0.11,-0.11,1,9996.0,-0.007999999999995566,-0.0379999999999967,0.012000000000000455,100.03819999999999,100.0069,100.02090000000001,100.02136531315216,100.01868245326926,100.01377361361898,0.10999999999999943,0.6868571428571408,0.0,0.10999999999999943,0.02518685869336551,0.02909576251002608,0.8656538451152945,46.3994887037471,100.01366666666667,100.00942307692307,100.0174062843431,100.01281413105674,0.004592153286353096,-0.00013888574850303334,0.002412095864564442,-0.9411764705882353
103.0,103.0,100.008,100.008,99.962,0.046,0.05,4,40602.0,0.036000000000001364,0.02199999999999136,0.007999999999995566,100.0454,100.0091,100.02130000000001,100.01691020876811,100.01674018903847,100.01322374565527,3.0379999999999967,0.9037857142857126,0.04599999999999227,0.0,0.02667351164383885,0.027017493759309934,0.9872681708179334,49.67966504548739,100.00641666666667,100.00992307692307,100.01595916367494,100.01245752875624,0.0035016349186918205,7.580096661286007e-05,0.0026300036753899177,3.0
103.5,103.5,103.5,103.5,100.008,3.492,3.49,7,72450.0,3.405000000000001,3.5010000000000048,3.5049999999999955,100.72639999999998,100.3592,100.19655,101.17794013917874,100.65006015466784,100.34529767464049,3.4920000000000044,1.1518571428571411,3.4920000000000044,0.0,0.2741968322407078,0.025087672776502083,10.929544349666793,91.6174501666702,100.29808333333334,100.1455,100.55196544618649,100.27079400810764,0.28117143807884304,0.031682201974878886,0.058338290556080544,0.75
100.002,100.068,100.002,100.048,103.5,-3.452,-3.34,21,205390.0,-0.04200000000000159,0.09499999999999886,0.05299999999999727,100.718,100.3687,100.1992,100.80129342611917,100.54059467200096,100.31698361038902,3.4980000000000047,1.392785714285713,0.0,3.451999999999998,0.2546113442235144,0.2698671247210375,0.9434692887720463,48.54562375761359,100.30325,100.14861538461538,100.47443230061933,100.25429074824783,0.22014155237150135,0.05677535905761349,0.09069894291916472,2.0
99.985,100.998,99.985,99.993,100.048,-0.055,-0.05,3,30098.0,-0.07900000000000773,0.022999999999996135,-0.32099999999999795,100.70219999999999,100.37100000000001,100.18315,100.53186228407947,100.44103200436442,100.28612802844721,1.0130000000000052,1.458357142857142,0.0,0.05500000000000682,0.23642481963612053,0.2545194729552496,0.9289066054198903,48.15715819572732,100.30275,100.14942307692309,100.40036579283174,100.23493587800725,0.165429914824486,0.07599208930569684,0.10564513730022898,-0.8571428571428572
99.993,99.993,99.993,99.993,99.993,0.0,0.0,1,9999.0,0.0309999999999917,0.022999999999996135,-0.008000000000009777,100.70840000000001,100.3733,100.18275,100.35224152271965,100.35957163993452,100.258211073357,0.0,1.4573571428571424,0.0,-0.0,0.21953733251925478,0.23633951060130323,0.9289066054198903,48.15715819572732,100.30608333333333,100.15038461538461,100.33769413239608,100.21701470185856,0.12067943053752117,0.09036806022972302,0.10865199594768743,-0.6666666666666667
99.993,99.993,99.993,99.993,99.993,0.0,0.0,0,200.0,-0.015000000000000568,0.021000000000000796,0.0030000000000001137,100.70539999999998,100.3754,100.18289999999999,100.23249434847978,100.2929222508555,100.23295287589443,0.0,1.4561428571428567,0.0,-0.0,0.20385609448216516,0.21945811698692444,0.9289066054198903,48.15715819572732,100.30799999999999,100.15203846153847,100.2846642658736,100.2004210202394,0.08424324563419816,0.09969736629768515,0.10377024588498958,-1.0
100.878,100.878,99.99,99.99,99.993,-0.003,0.0,2,20087.0,-3.510000000000005,-0.10500000000000398,0.000999999999990564,100.00339999999998,100.3649,100.18294999999999,100.15166289898653,100.23784547797268,100.20981450676163,0.8880000000000052,1.516285714285715,0.0,0.0030000000000001137,0.18929494487629622,0.20399682291642984,0.9279308479909197,48.130919683032644,100.30966666666666,100.15165384615385,100.23933130189305,100.18483427799944,0.054497023893603114,0.10498414291417488,0.0939156014867123,inf
100.0,100.0,100.0,100.0,99.99,0.01,0.01,2,20000.0,-0.04800000000000182,-0.09000000000000341,0.030000000000001137,99.9938,100.35589999999999,100.18445,100.10110859932436,100.19460084561402,100.18983217278434,0.010000000000005116,1.5157857142857156,0.010000000000005116,0.0,0.1764881630994183,0.18942562127954202,0.9317016457819534,48.232171247377096,100.312,100.15184615384617,100.20251110160181,100.17114284999948,0.03136825160233059,0.10729162723861425,0.08140613150983596,0.0
100.018,100.018,100.018,100.018,100.0,0.018,0.02,1,10002.0,0.025000000000005684,-0.054000000000002046,-0.07699999999999818,99.9988,100.3505,100.1806,100.07340573288292,100.16249160095691,100.17346720394772,0.018000000000000682,1.5149285714285727,0.018000000000000682,0.0,0.1651675800208885,0.17589521975957473,0.9390111922691845,48.42732192640308,100.30558333333333,100.15273076923077,100.17412477827845,100.15979893518471,0.014325843093743629,0.10837314832832431,0.0679900738266175,-0.5
99.995,100.88,99.98,99.984,100.018,-0.034,-0.03,30,303040.0,-0.009000000000000341,0.02199999999999136,-0.016000000000005343,99.99699999999999,100.3527,100.1798,100.04360382192195,100.1300385826011,100.15542270833366,0.8999999999999915,1.5790714285714296,0.0,0.034000000000006025,0.15336989573368218,0.16575984691960555,0.9252536038360812,48.05879090383247,100.29675000000002,100.14003846153847,100.14487481238946,100.1467767918377,-0.0019019794482346697,0.10777274673199916,0.054011663171647066,29.0
99.97,99.97,99.97,99.97,99.984,-0.014,-0.01,0,100.0,-0.022999999999996135,-0.0379999999999967,-0.016000000000005343,99.9924,100.3489,100.179,100.01906921461463,100.1009406584918,100.13776340277808,0.013999999999995794,1.5700714285714292,0.0,0.013999999999995794,0.1424149031812763,0.15491985785391912,0.919281137706476,47.897158975105064,100.28824999999999,100.13884615384615,100.11797099509877,100.13368221466453,-0.015711219565758938,0.07478578477148783,0.04006708662416587,-1.0
100.02,100.02,100.02,100.02,99.97,0.05,0.05,15,153831.0,0.030000000000001137,-3.480000000000004,0.021000000000000796,99.9984,100.0009,100.18005,100.01937947640977,100.08622417512964,100.12654784060874,0.04999999999999716,1.573285714285715,0.04999999999999716,0.0,0.1358138386683278,0.14385415372149635,0.944107870053341,48.5625249810566,100.29308333333331,100.14,100.10289853431435,100.12526130987456,-0.022362775560210935,0.04784085944574201,0.02758111418729051,inf
100.02,100.02,100.02,100.02,100.02,0.0,0.0,0,100.0,0.01999999999999602,-0.028000000000005798,0.06699999999999307,100.0024,99.9981,100.1834,100.01958631760652,100.07418341601516,100.11640042721743,0.0,0.9307857142857147,0.0,-0.0,0.12611285019201868,0.13357885702710376,0.9441078700533408,48.56252498105659,100.29408333333333,100.14119230769231,100.0901449136506,100.11746417580977,-0.02731926215916758,0.02642428422533606,0.016601038917998894,-1.0
99.97,108.0,91.1,99.999,100.02,-0.021,-0.02,477,4786996.0,-0.019000000000005457,0.006000000000000227,0.028999999999996362,99.99859999999998,99.9987,100.18485,100.01272421173769,100.06051370401241,100.10521943414909,16.900000000000006,2.1300714285714295,0.0,0.021000000000000796,0.11710478946401735,0.12553751009659642,0.9328270839043215,48.26231439286362,100.00233333333331,100.1423076923077,100.07612261924281,100.10868905167571,-0.03256643243290114,0.00939696611751136,0.006767544647818889,inf
99.979,99.979,99.979,99.979,99.999,-0.02,-0.02,0,100.0,-0.0049999999999954525,-0.013999999999995794,0.009000000000000341,99.9976,99.9973,100.1853,100.00148280782514,100.0456930305556,100.0931985356587,0.01999999999999602,1.9145000000000008,0.0,0.01999999999999602,0.10874016164515897,0.11799911651826782,0.9215336932486656,47.95823755193503,99.99658333333332,100.13784615384614,100.06118067782084,100.09908245525529,-0.0379017774344419,-0.004174703112337536,-0.002166319768633268,-1.0
99.999,99.999,99.951,99.951,99.979,-0.028,-0.03,6,60199.0,-0.019000000000005457,-0.04200000000000159,-0.021000000000000796,99.9938,99.9931,100.18424999999999,99.98465520521677,100.02847611590911,100.07965581797691,0.04800000000000182,1.6685000000000005,0.0,0.028000000000005798,0.10097300724193334,0.11157060819553483,0.905014401866229,47.506958529008514,99.99308333333333,100.13596153846153,100.04422980430995,100.08811338449563,-0.043883580185678284,-0.015105881343368802,-0.010509771852042273,inf
99.976,99.976,99.955,99.957,99.951,0.006,0.01,9,89967.0,-0.06300000000000239,-0.03300000000000125,-0.13800000000000523,99.98119999999999,99.98979999999999,100.17735,99.97543680347786,100.01548045847107,100.06797431150292,0.025000000000005684,1.420428571428572,0.006000000000000227,0.0,0.0941892210103667,0.10360127903871091,0.9091511406454029,47.62070017872223,99.99008333333335,100.13484615384615,100.0308098344161,100.07840128194039,-0.047591447524283126,-0.023879181246325883,-0.017926106986490446,0.5
100.01,100.3,99.966,99.992,99.957,0.035,0.04,30,300255.0,-0.027999999999991587,-0.007999999999995566,-0.09799999999999898,99.9756,99.98899999999999,100.17245,99.98095786898526,100.0112112842036,100.06073866278835,0.3430000000000035,1.3725714285714292,0.0350000000000108,0.0,0.089961419509627,0.096201187678803,0.9351383457966302,48.32410808394507,99.99000000000001,100.13457692307692,100.02483909065978,100.07200118698184,-0.04716209632205448,-0.030711174514747894,-0.023773304853603253,2.3333333333333335
99.981,100.0,99.981,100.0,99.992,0.008,0.01,10,99998.0,0.0010000000000047748,-0.018000000000000682,-0.07200000000000273,99.9758,99.9872,100.16884999999999,99.98730524599017,100.00917286889386,100.05495402823708,0.019000000000005457,1.3739285714285725,0.007999999999995566,0.0,0.08410703240179618,0.08932967427317422,0.9415351962953882,48.49436662760048,99.99083333333334,100.13638461538461,100.02101769209673,100.06666776572392,-0.045650073627186316,-0.035572073867964744,-0.028148658608319867,-0.6666666666666667
100.0,100.0,100.0,100.0,100.0,0.0,0.0,1,10000.0,0.021000000000000796,0.016000000000005343,0.0379999999999967,99.97999999999999,99.9888,100.17075,99.99153683066012,100.00750507454951,100.0497203112621,0.0,1.3739285714285725,0.0,-0.0,0.0780993872302393,0.08294898325366178,0.9415351962953882,48.49436662760048,99.99083333333334,100.13753846153847,100.01778420100493,100.06172941270734,-0.043945211702407505,-0.03870918410537014,-0.0313079692271374,-0.9
99.989,100.0,99.989,100.0,100.0,0.0,0.0,4,39998.0,0.049000000000006594,0.030000000000001137,-0.007999999999995566,99.9898,99.99179999999998,100.17035,99.99435788710676,100.00614051554051,100.04498504352286,0.01099999999999568,1.3112857142857146,0.0,-0.0,0.0725208595709365,0.07702405587840022,0.9415351962953882,48.49436662760048,99.98933333333333,100.13869230769231,100.0150481700811,100.0571568636179,-0.0421086935368038,-0.040903174991658235,-0.03346811408907068,3.0
99.993,100.099,99.993,100.099,100.0,0.099,0.1,2,20009.0,0.14200000000001012,0.07900000000000773,-3.4009999999999962,100.01820000000001,99.99969999999999,100.0003,100.0292385914045,100.02302405816951,100.0501293250921,0.10600000000000875,1.3181428571428577,0.09900000000000375,0.0,0.07441222674444131,0.07152233760137164,1.0404054067580455,50.9901318292977,99.99891666666666,100.14357692307694,100.02796383622247,100.06025635520176,-0.03229251897928975,-0.04145575908278292,-0.033232995067114496,-0.5
99.989,99.99,99.989,99.99,100.099,-0.109,-0.11,2,19998.0,-0.0020000000000095497,-0.030000000000001137,-0.058000000000006935,100.0178,99.9967,99.9974,100.01615906093635,100.01701968395687,100.04440272270239,0.10999999999999943,1.3247142857142862,0.0,0.10900000000000887,0.06909706769126693,0.07419931348698859,0.9312359433538913,48.21968784076457,100.00058333333334,100.13953846153846,100.0221232460344,100.05505218074236,-0.03292893470796798,-0.0414960371133459,-0.033172182995285196,0.0
100.0,109.8,99.984,99.993,99.99,0.003,0.0,222,2293938.0,-0.007000000000005002,-0.006000000000000227,0.0,100.0164,99.9961,99.9974,100.00843937395757,100.01265246869198,100.03950722530216,9.816000000000003,1.9615714285714299,0.0030000000000001137,0.0,0.06437584857046216,0.06889936252363227,0.9343460695791118,48.30294249169246,99.99833333333333,100.1358076923077,100.0176427466445,100.05045572290959,-0.03281297626509172,-0.04093061476119589,-0.0331003416492465,110.0
99.99,99.99,99.99,99.99,99.993,-0.003,0.0,0,700.0,-0.010000000000005116,0.01099999999999568,-0.0030000000000001137,100.0144,99.99719999999999,99.99725,100.00229291597172,100.0085338380207,100.03479225146387,0.0030000000000001137,1.960785714285716,0.0,0.0030000000000001137,0.05977757367257201,0.06419226520051569,0.9312270487082265,48.21944935636193,99.99583333333334,100.13265384615384,100.0133900163915,100.04597752121258,-0.032587504821080415,-0.03967549527624056,-0.032997774283613286,-1.0
100.0,100.0,100.0,100.0,99.99,0.01,0.01,11,110000.0,0.0,0.049000000000006594,0.007000000000005002,100.0144,100.0021,99.9976,100.00152861064782,100.00698223110784,100.0314787037054,0.010000000000005116,1.9579285714285735,0.010000000000005116,0.0,0.05622203269596009,0.05960710340047885,0.9432102801275936,48.53876545289073,99.99591666666667,100.13411538461538,100.01133001386972,100.04257177890054,-0.03124176503081344,-0.03785886388807727,-0.03264657243305332,inf
99.999,99.999,99.999,99.999,100.0,-0.001,0.0,9,89999.0,-0.10000000000000853,0.04200000000000159,0.009000000000000341,99.9944,100.0063,99.99805,100.00068574043189,100.00553091636095,100.0283854938287,0.0010000000000047748,1.9580000000000024,0.0,0.0010000000000047748,0.05220617321767723,0.055420881729016415,0.9419946343138732,48.50655185495348,99.99758333333334,100.13376923076923,100.009433088659,100.03934423972271,-0.02991115106371467,-0.03594209219270618,-0.03209948815918559,-0.18181818181818177
99.992,99.992,99.992,99.992,99.999,-0.007,-0.01,1,9999.0,0.0020000000000095497,0.0,-0.007999999999995566,99.9948,100.00629999999998,99.99765,99.99779049362127,100.00307074974987,100.02492020870216,0.006999999999990791,0.7513571428571443,0.0,0.006999999999990791,0.048477160844986,0.0519622473198003,0.9329304128559832,48.265080142100956,100.00099999999999,99.99884615384616,100.00675107501915,100.0358372590025,-0.029086183983352498,-0.034101660010057974,-0.03149682732401897,-0.8888888888888888
99.985,99.989,99.98,99.989,99.992,-0.003,0.0,11,109981.0,-0.003999999999990678,-0.01099999999999568,-0.028999999999996362,99.994,100.00519999999999,99.9962,99.99486032908085,100.00051243161352,100.02149923644481,0.012000000000000455,0.750785714285716,0.0,0.0030000000000001137,0.04501450649891558,0.04846494393981458,0.928805500215086,48.154440668668386,100.00366666666666,99.99657692307693,100.00402014040083,100.03236783240972,-0.028347692008892977,-0.03236860226633414,-0.03086700026099377,10.0
100.0,100.038,100.0,100.038,99.989,0.049,0.05,12,120038.0,0.04800000000000182,0.0379999999999967,0.054000000000002046,100.00359999999999,100.00899999999999,99.9989,100.00924021938724,100.00732835313833,100.02307073773578,0.04899999999999238,0.7508571428571439,0.04899999999999238,0.0,0.04529918460613535,0.04500316222982782,1.0065778127944824,50.16390624755593,100.0075,99.99830769230769,100.0092478111084,100.032785030009,-0.02353721890060001,-0.03030510508453372,-0.02940104398891502,0.09090909090909083
99.98,99.98,99.98,99.98,100.038,-0.058,-0.06,1,9998.0,-0.01999999999999602,-0.01999999999999602,0.010000000000005116,99.9996,100.00699999999999,99.99940000000001,99.99949347959151,100.00235956165864,100.01896876271333,0.057999999999992724,0.7532142857142858,0.0,0.057999999999992724,0.04206352856283997,0.0459315077848396,0.9157881069326378,47.80216056351363,100.00583333333333,99.9978076923077,100.00474814786095,100.02887502778611,-0.024126879925162825,-0.029397811856297393,-0.028346211176164583,-0.9166666666666666
100.02,100.02,100.019,100.019,99.98,0.039,0.04,24,240048.0,0.020000000000010232,-0.0799999999999983,-0.000999999999990564,100.0036,99.999,99.99935,100.005995653061,100.00538509590253,100.01897173769301,0.03999999999999204,0.7315714285714279,0.03900000000000148,0.0,0.04184470509406579,0.0426506858002082,0.9811027492050673,49.52306232469479,100.00741666666666,99.9988076923077,100.00694074049774,100.0281435442464,-0.021202803748664678,-0.028094908416374804,-0.026917529690664604,23.0
99.991,100.0,99.991,100.0,100.019,-0.019,-0.02,2,19999.0,0.007999999999995566,0.010000000000005116,-0.01999999999999602,100.0052,100.0,99.99835,100.00399710204067,100.00440598755661,100.01716490553176,0.028000000000005798,0.732214285714285,0.0,0.019000000000005457,0.03885579758734681,0.040961351100193714,0.9485965805254664,48.681014326201066,100.00741666666666,99.9991923076923,100.00587293426732,100.02605883726518,-0.02018590299786638,-0.026691900275571986,-0.025571204352104963,-0.9166666666666666
100.025,100.025,99.993,99.993,100.0,-0.007,-0.01,52,521225.0,0.003999999999990678,0.0,-0.006000000000000227,100.006,100.0,99.99805,100.00033140136046,100.00233217163722,100.0148634859573,0.03200000000001069,0.7345,0.0,0.007000000000005002,0.036080383473964896,0.03853554030732309,0.936288506304098,48.35480370077929,99.99858333333333,99.99892307692306,100.00389248284158,100.0236100345048,-0.01971755166321998,-0.02526190548025416,-0.02440047381432797,25.0
99.984,99.984,99.984,99.984,99.993,-0.009,-0.01,0,100.0,-0.054000000000002046,-0.006000000000000227,0.0049999999999954525,99.9952,99.99940000000001,99.9983,99.99488760090696,99.99899904952136,100.01192410634232,0.009000000000000341,0.7343571428571433,0.0,0.009000000000000341,0.03350321322582455,0.03642585885680004,0.9197645375373247,47.910278555160694,99.99808333333334,99.99761538461537,100.00083210086595,100.02067595787481,-0.019843857008865484,-0.023995471255593277,-0.023489150453235474,-1.0
100.0,100.0,99.98,99.981,99.984,-0.003,0.0,32,319767.0,0.000999999999990564,-0.019000000000005457,0.030000000000001137,99.99539999999999,99.9975,99.99980000000001,99.99025840060465,99.99572649506291,100.00897895335734,0.01999999999999602,0.7282142857142853,0.0,0.0030000000000001137,0.031110126566837083,0.03403829750988576,0.9139742244100708,47.75269242153864,99.99708333333335,99.9975,99.99778100842504,100.01773699803223,-0.019955989607197466,-0.022889342204869143,-0.022782518284027872,inf
99.976,99.976,99.976,99.976,99.981,-0.005,-0.01,6,59986.0,-0.043000000000006366,-0.022999999999996135,0.019000000000005457,99.98679999999999,99.9952,100.00075,99.9855056004031,99.99213985959693,100.00583810065665,0.0049999999999954525,0.720714285714285,0.0,0.0049999999999954525,0.028887974669205865,0.03196413340203646,0.9037621732415054,47.47243042983063,99.99591666666667,99.99773076923078,99.99443008405196,100.01464536854837,-0.020215284496416075,-0.021903686706320653,-0.022269071526505514,-0.8125
99.976,100.276,99.976,100.276,99.976,0.3,0.3,4,40050.0,0.27599999999999625,0.2839999999999918,0.2839999999999918,100.042,100.02360000000002,100.01495,100.08233706693541,100.04375079421567,100.03156780535602,0.29999999999999716,0.04099999999999885,0.29999999999999716,0.0,0.04825311933569096,0.02968098101617671,1.6257252180914126,61.915283704862304,100.01891666666667,100.00757692307693,100.03774853265935,100.03400497087813,0.0037435617812207056,-0.018337991840752466,-0.017066544864960273,-0.33333333333333337
99.974,99.999,99.96,99.999,100.276,-0.277,-0.28,18,179957.0,0.006000000000000227,0.009999999999990905,-0.0010000000000047748,100.0432,100.02459999999999,100.0149,100.05455804462362,100.03561428617644,100.02846610960782,0.3160000000000025,0.06335714285714188,0.0,0.277000000000001,0.044806467954570176,0.04734662522930702,0.9463497712363981,48.621773189062495,100.01891666666667,100.00676923076922,100.03178721994253,100.03141201007233,0.0003752098701994555,-0.015681055310663636,-0.013578193917928328,3.5
99.975,99.976,99.975,99.976,99.999,-0.023,-0.02,3,29993.0,-0.007999999999995566,-0.06199999999999761,-0.02400000000000091,100.04159999999999,100.0184,100.0137,100.0283720297491,100.02477532505344,100.02346933726422,0.02400000000000091,0.06435714285714157,0.0,0.022999999999996135,0.04160600595781516,0.045607580570070534,0.9122607566058577,47.70587658897853,100.01758333333333,100.0058846153846,100.02320457072061,100.02730741673363,-0.004102846013026351,-0.013456162653759584,-0.011683124336947933,-0.8333333333333334
99.92,99.92,99.92,99.92,99.976,-0.056,-0.06,0,100.0,-0.06099999999999284,-0.060000000000002274,-0.0799999999999983,100.0294,100.0124,100.0097,99.99224801983274,100.00572526595282,100.01361511466763,0.055999999999997385,0.06828571428571248,0.0,0.055999999999997385,0.0386341483893998,0.04634989624363674,0.8335325754845413,45.46047267604539,100.01183333333334,100.00361538461539,100.00732694445591,100.01935871919781,-0.012031774741899426,-0.012437159430785667,-0.011752854417938233,-1.0
99.951,99.951,99.951,99.951,99.92,0.031,0.03,5,50375.0,-0.025000000000005684,-0.06800000000001205,-0.14800000000001035,100.0244,100.00559999999999,100.0023,99.9784986798885,99.99577521759775,100.00765177041356,0.0309999999999917,0.06999999999999826,0.0309999999999917,0.0,0.03808885207587065,0.043039189369091256,0.8849807032663187,46.94905903985186,100.00458333333334,100.00361538461539,99.99866126069347,100.01429511036834,-0.015633849674870248,-0.011931375728230541,-0.012529053469324637,inf
99.923,99.923,99.802,99.908,99.951,-0.043,-0.04,235,2345606.0,-0.367999999999995,-0.09199999999999875,-0.08199999999999363,99.9508,99.9964,99.9982,99.95499911992567,99.97981608712543,99.99816112561227,0.1489999999999867,0.07978571428571156,0.0,0.042999999999992156,0.03536821978473703,0.04303639012844132,0.8218212466050527,45.10987277903961,99.99858333333333,100.00173076923078,99.98471337443293,100.0064213984892,-0.021708024056266595,-0.012152539327457943,-0.014364847586713029,46.0
100.001,100.029,100.0,100.028,99.908,0.12,0.12,102,1016479.0,0.029000000000010573,0.0350000000000108,0.0350000000000108,99.9566,99.9999,99.99995,99.97933274661713,99.98857679855716,100.001002923173,0.12099999999999511,0.0849285714285689,0.12000000000000455,0.0,0.04141334694297043,0.03996236226212409,1.036308781531205,50.89153427664105,99.99933333333333,100.00311538461538,99.9913728552894,100.00801981341591,-0.016646958126514733,-0.01179732834053008,-0.014821269694673369,-0.5659574468085107
99.999,99.999,99.993,99.994,100.028,-0.034,-0.03,90,898863.0,0.018000000000000682,0.010000000000005116,0.0040000000000048885,99.96020000000001,100.0009,100.00014999999999,99.9842218310781,99.98956283518314,100.00033597810891,0.0350000000000108,0.08328571428571305,0.0,0.034000000000006025,0.03845525073275825,0.03953647924340137,0.9726523825253466,49.306831307002916,99.99883333333332,100.0028846153846,99.99177703139873,100.00698130871844,-0.015204277319710968,-0.011269360308587138,-0.01489787121968089,-0.11764705882352944
99.99,100.089,99.987,100.089,99.994,0.095,0.1,84,844009.0,0.16899999999999693,0.10800000000000409,0.08899999999999864,99.994,100.01169999999999,100.00460000000001,100.01914788738542,100.0076423196953,100.00878017066995,0.10200000000000387,0.08771428571428531,0.09499999999999886,0.0,0.04249416139470401,0.03671244501172984,1.157486552070473,53.649769031453246,100.00683333333335,100.00630769230769,100.00673441118354,100.01305676733189,-0.0063223561483454205,-0.009725701603245953,-0.013182768205413796,-0.06666666666666665
100.0,100.048,100.0,100.048,100.089,-0.041,-0.04,26,260332.0,0.09700000000000841,0.07200000000000273,0.049000000000006594,100.0134,100.0189,100.00705,100.02876525825695,100.01498007975069,100.0125153925109,0.08899999999999864,0.09207142857142767,0.0,0.04099999999999682,0.03945886415222515,0.037018698939463204,1.065917098187388,51.5953471280436,100.01216666666666,100.00815384615385,100.01308296330915,100.01564515493695,-0.00256219162780269,-0.01042634087091522,-0.011058652889891576,-0.6904761904761905
99.99,100.006,99.99,100.0,100.048,-0.048,-0.05,27,270004.0,0.09199999999999875,-0.27599999999999625,0.007999999999995566,100.0318,99.9913,100.00745,100.01917683883798,100.01225642888693,100.011323450367,0.058000000000006935,0.09392857142857025,0.0,0.04800000000000182,0.03664037385563764,0.037803077586644536,0.9692431461871859,49.219069166944536,100.01375,100.00434615384614,100.01107019972312,100.01448625457125,-0.0034160548481310116,-0.010847592506285272,-0.009530133281539463,0.03846153846153855
99.999,100.018,99.999,100.018,100.0,0.018,0.02,14,140822.0,-0.010000000000005116,0.019000000000005457,0.028999999999996362,100.0298,99.9932,100.00890000000001,100.01878455922532,100.01330071454385,100.01195931223681,0.019000000000005457,0.09464285714285633,0.018000000000000682,0.0,0.035308918580235,0.03510285775902707,1.0058702007290259,50.14632553808547,100.01725,100.00542307692308,100.01213632284265,100.01474653201042,-0.0026102091677699946,-0.010681743967923454,-0.00814614845878557,-0.4814814814814815
100.018,100.019,100.018,100.019,100.018,0.001,0.0,39,390571.0,0.025000000000005684,0.043000000000006366,-0.018999999999991246,100.03479999999999,99.9975,100.00795000000001,100.01885637281688,100.01433694826315,100.01262985392854,0.0010000000000047748,0.0932857142857141,0.0010000000000047748,0.0,0.03285828153878998,0.03259551077623943,1.008061562966582,50.20072997549617,99.99583333333334,100.00642307692307,100.01319227317455,100.01506160371335,-0.001869330538795566,-0.009552583500911914,-0.006890784874787568,1.7857142857142856
100.018,100.018,99.986,100.0,100.019,-0.019,-0.02,80,800214.0,-0.08899999999999864,0.0799999999999983,0.01999999999999602,100.017,100.0055,100.00895,100.01257091521126,100.01173023039712,100.01142701069725,0.03300000000000125,0.09528571428571452,0.0,0.019000000000005457,0.03051126142887641,0.031624402863651285,0.9648011872485249,49.1042652819045,99.99591666666667,100.00680769230767,100.01116269268616,100.01394592936421,-0.0027832366780558004,-0.008124737612376975,-0.006069275235441215,1.051282051282051
100.174,100.174,100.135,100.135,100.0,0.135,0.14,23,230330.0,0.0870000000000033,0.1840000000000117,0.11599999999999966,100.0344,100.0239,100.01475,100.05338061014085,100.03414291577946,100.02319586682131,0.1740000000000066,0.08628571428571519,0.13500000000000512,0.0,0.03797474275538561,0.02936551694481905,1.2931746724140498,56.3923319043425,100.00916666666667,100.012,100.03021458611906,100.02291289755946,0.0073016885595933445,-0.00490143621061476,-0.0033950824764343033,-0.7125
100.0,100.004,99.996,99.996,100.135,-0.139,-0.14,74,740497.0,-0.0040000000000048885,0.08799999999999386,-0.0040000000000048885,100.0336,100.0327,100.01455,100.0342537400939,100.02720784018318,100.02060578426689,0.13900000000001,0.07364285714285858,0.0,0.13900000000001,0.03526226113000092,0.03719655144876126,0.9479981276913575,48.665248401181174,100.01549999999999,100.01188461538462,100.0249508036392,100.02091934959209,0.004031454047108696,-0.0026038348579899345,-0.0019097751717257038,2.217391304347826
100.0,100.002,99.997,100.0,99.996,0.004,0.0,168,1680000.0,-0.018000000000000682,-0.028000000000005798,0.007000000000005002,100.03,100.0299,100.0149,100.02283582672928,100.02226096014988,100.01864332862242,0.006000000000000227,0.07235714285714424,0.0040000000000048885,0.0,0.03302924247785835,0.03453965491670689,0.9562701931304488,48.882316792866575,100.01958333333333,100.0121923076923,100.02111221846394,100.01936976814082,0.0017424503231211474,-0.0007208651198974773,-0.0011793300727563336,1.2702702702702702
99.998,100.0,99.995,99.996,100.0,-0.004,0.0,8,75498.0,-0.023000000000010346,0.001999999999995339,0.012000000000000455,100.0254,100.03009999999999,100.0155,100.01389055115285,100.01748624012262,100.01648682113456,0.0049999999999954525,0.06871428571428696,0.0,0.0040000000000048885,0.03067001087229704,0.03235825099408531,0.9478265953837598,48.660727686440666,100.02691666666668,100.01246153846152,100.01724880023872,100.01763867420446,-0.0003898739657444139,-6.17004329418099e-05,-0.0010214388513539497,-0.9523809523809523
99.998,99.998,99.998,99.998,99.996,0.002,0.0,6,59999.0,-0.001999999999995339,-0.09099999999999397,0.017000000000010118,100.025,100.021,100.01635,100.00859370076859,100.01394328737304,100.0147261715027,0.0020000000000095497,0.06664285714285967,0.0020000000000095497,0.0,0.028622152952847937,0.030046947351650647,0.9525810598285473,48.785736962551084,100.02441666666668,100.01092307692306,100.01428744635584,100.01618395759672,-0.0018965112408864115,1.226405449333217e-05,-0.0011964533292604421,-0.25
99.998,99.998,99.994,99.996,99.998,-0.002,0.0,3,29999.0,-0.13900000000001,-0.05200000000000671,0.01999999999999602,99.99719999999999,100.0158,100.01735,100.0043958005124,100.01068087148703,100.01294272659769,0.0040000000000048885,0.05628571428571811,0.0,0.0020000000000095497,0.026577713456215943,0.02804359396939057,0.9477285074525531,48.65814223215809,100.02458333333334,100.01153846153846,100.01147399307033,100.0146888496266,-0.0032148565562692966,3.4619420255744946e-05,-0.001600133974662213,-0.5
100.004,100.01,100.004,100.01,99.996,0.014,0.01,2,20001.0,0.014000000000010004,0.010000000000005116,-0.26599999999999113,100.0,100.0168,100.00404999999999,100.00626386700827,100.0105570766712,100.01266246692171,0.014000000000010004,0.04864285714286203,0.014000000000010004,0.0,0.025679305352201236,0.026040480114434102,0.9861302571747643,49.650835015097016,100.01799999999999,100.01119230769231,100.01124722490566,100.01434152743202,-0.00309430252636389,-1.9168730699132335e-05,-0.0018989676850025487,-0.33333333333333337
100.002,100.002,99.992,99.998,100.01,-0.012,-0.01,3,29999.0,-0.001999999999995339,-0.01999999999999602,-0.000999999999990564,99.9996,100.01480000000001,100.00399999999999,100.00350924467219,100.00827397182188,100.0112660415006,0.018000000000000682,0.047428571428575594,0.0,0.012000000000000455,0.023845069255615435,0.025037588677688842,0.9523708358091181,48.78022240146957,100.01383333333332,100.01111538461538,100.0092091903048,100.01313104391855,-0.003921853613746862,-0.0002472268501381652,-0.0023035448707514113,0.5
99.985,99.989,99.985,99.988,99.998,-0.01,-0.01,178,1779760.0,-0.007999999999995566,-0.03100000000000591,0.012000000000000455,99.998,100.01169999999999,100.00460000000001,99.99833949644812,100.00458779512698,100.00905022802435,0.01300000000000523,0.04107142857143283,0.0,0.010000000000005116,0.022141850023071476,0.023963475200711435,0.9239832635966808,48.024495902807026,100.01283333333333,100.01092307692308,100.00594623795021,100.01126948510978,-0.0053232471595663355,-0.0005294502369726691,-0.0029074853285143963,58.333333333333336
99.98,99.989,99.98,99.989,99.988,0.001,0.0,247,2469646.0,-0.009000000000000341,-0.01099999999999568,0.06900000000000261,99.9962,100.0106,100.00805,99.99522633096542,100.00175365055844,100.00714068249822,0.009000000000000341,0.03535714285714724,0.0010000000000047748,0.0,0.020631717878566713,0.02225179840066062,0.9271932770141488,48.11106846795739,100.01041666666667,100.0111153846154,100.00333912441941,100.00961989362015,-0.0062807692007424976,-0.0020386122103433183,-0.0035821421029600168,0.3876404494382022
99.98,99.988,99.951,99.986,99.989,-0.003,0.0,51,509908.0,-0.009999999999990905,-0.1490000000000009,0.0350000000000108,99.9942,99.9957,100.0098,99.99215088731029,99.9988893504569,100.00512728416504,0.038000000000010914,0.033928571428576096,0.0,0.0030000000000001137,0.019158023744383378,0.020876669943470583,0.9176762288362598,47.85355395436855,100.00766666666665,100.01130769230768,100.00067156681642,100.00787027187052,-0.0071987050540940345,-0.0032864076660325103,-0.004305454693186821,-0.7935222672064777
100.09,100.09,100.006,100.06,99.986,0.074,0.07,35,349737.0,0.04999999999999716,0.06400000000000716,0.15200000000000102,100.0042,100.00210000000001,100.0174,100.01476725820686,100.01000037764655,100.0103532571017,0.1039999999999992,0.04000000000000422,0.07399999999999807,0.0,0.02307530776264157,0.019385479233222685,1.1903398149216393,54.344983678444635,100.01266666666665,100.01453846153845,100.00979901807544,100.01173173321344,-0.0019327151379968655,-0.003694759383934512,-0.0038309067821488295,-0.3137254901960784
99.98,99.997,99.98,99.996,100.06,-0.064,-0.06,14,139986.0,-0.0020000000000095497,-0.0040000000000048885,-0.03200000000001069,100.0038,100.0017,100.0158,100.00851150547125,100.00745485443808,100.00898628023486,0.0799999999999983,0.045642857142860906,0.0,0.06400000000000716,0.02142707149388146,0.022572230716564435,0.9492669006859561,48.69866206376893,100.00108333333333,100.00376923076922,100.00767609221768,100.01056641964207,-0.0028903274243958776,-0.0039725875460068965,-0.003642790910598239,-0.6
99.994,100.0,99.994,100.0,99.996,0.004,0.0,3,29999.0,0.012000000000000455,0.0040000000000048885,0.006000000000000227,100.0062,100.0021,100.01610000000001,100.00567433698083,100.00609942635843,100.00813044402202,0.006000000000000227,0.043714285714289404,0.0040000000000048885,0.0,0.020182280672890275,0.02095992852252412,0.9628983539329267,49.054926965710294,100.00141666666667,100.0038076923077,100.00649515495343,100.00978372189081,-0.00328856693738544,-0.004127260401173455,-0.0035719461159556794,-0.7857142857142857
100.003,100.003,99.993,100.001,100.0,0.001,0.0,4,36300.0,0.012000000000000455,0.0030000000000001137,-0.08799999999999386,100.0086,100.0024,100.01169999999999,100.0041162246539,100.00517225792962,100.00745135411516,0.010000000000005116,0.03200000000000358,0.0010000000000047748,0.0,0.01881211776768417,0.019462790770915256,0.9665683605763549,49.150000577303935,100.00150000000001,100.00476923076924,100.00564974649906,100.00913307582483,-0.0034833293257747755,-0.004157090708896287,-0.0035542227579194985,0.33333333333333326
99.993,99.994,99.993,99.994,100.001,-0.007,-0.01,2,20499.0,0.007999999999995566,-0.001999999999995339,-0.054000000000002046,100.0102,100.0022,100.00899999999999,100.00074414976928,100.00314093830605,100.00617027277086,0.008000000000009777,0.022642857142860708,0.0,0.007000000000005002,0.017468395069992444,0.018572591430135954,0.9405469955930954,48.46813799042435,100.00133333333333,100.00761538461538,100.0038574778069,100.00801210724522,-0.004154629438318125,-0.0042749048102245345,-0.003674304093999224,-0.5
100.001,100.001,99.986,99.991,99.994,-0.003,0.0,10,99993.0,-0.06900000000000261,-0.019000000000005457,-0.009000000000000341,99.9964,100.00030000000001,100.00855,99.99749609984619,100.00093349497767,100.00472548488791,0.015000000000000568,0.023285714285717875,0.0,0.0030000000000001137,0.016220652564992985,0.017460263470840537,0.9290038831362561,48.15977257784688,100.00075,100.00915384615384,100.00187940429814,100.00675195115299,-0.004872546854855386,-0.0043805373925699265,-0.003913952646170457,4.0
99.981,99.981,99.981,99.981,99.991,-0.01,-0.01,0,100.0,-0.015000000000000568,-0.017000000000010118,-0.03700000000000614,99.9934,99.9986,100.0067,99.99199739989747,99.99730922316354,100.00246591489858,0.010000000000005116,0.023642857142861424,0.0,0.010000000000005116,0.015062034524636343,0.01692738750863801,0.8898026654703934,47.084422184837564,99.99950000000001,100.01196153846155,99.99866718825227,100.00484439921573,-0.006177210963457469,-0.0044754222596689415,-0.0043666043096278594,-1.0
99.981,99.997,99.981,99.997,99.981,0.016,0.02,2,19998.0,-0.0030000000000001137,0.009000000000000341,-0.02200000000000557,99.9928,99.99950000000001,100.00559999999999,99.993664933265,99.99725300077016,100.0019453515749,0.016000000000005343,0.024642857142861123,0.016000000000005343,0.0,0.015129032058591273,0.01571828840087815,0.9625114180845571,49.04488245087429,99.99841666666667,100.01076923076923,99.99841069775192,100.00426333260715,-0.005852634855230576,-0.0044278517768342835,-0.004663810418748403,inf
100.023,100.026,99.969,99.969,99.997,-0.028,-0.03,4,40210.0,-0.03200000000001069,-0.020000000000010232,-0.03100000000000591,99.98639999999999,99.9975,100.00404999999999,99.98544328884333,99.99211609153922,99.99880769904395,0.05700000000000216,0.028428571428575213,0.0,0.028000000000005798,0.014048386911549039,0.016595553515101554,0.8465151161583941,45.84393102177995,99.996,100.0098076923077,99.99388597502086,100.00165123389552,-0.007765258874655956,-0.004490802201341164,-0.005284100109929914,1.0
99.973,99.973,99.973,99.973,99.969,0.004,0.0,1,9997.0,-0.021000000000000796,-0.01300000000000523,-0.16200000000000614,99.9822,99.9962,99.99595,99.98129552589556,99.98864043853209,99.99634982294452,0.0040000000000048885,0.027714285714289133,0.0040000000000048885,0.0,0.013330644989295886,0.015410156835451444,0.8650557636524769,46.38230022454525,99.99475,100.00534615384616,99.99067274809457,99.99952892027363,-0.008856172179065425,-0.0052600752059043365,-0.005998514523757017,-0.75
99.9,99.966,99.9,99.964,99.973,-0.009,-0.01,21,209825.0,-0.027000000000001023,-0.09600000000000364,-0.031999999999996476,99.9768,99.9866,99.99435,99.97553035059704,99.98416035879897,99.993268887426,0.07299999999999329,0.03164285714286003,0.0,0.009000000000000341,0.012378456061489037,0.014952288490062079,0.8278636457366564,45.291323981828796,99.99266666666665,100.00211538461538,99.98656924838771,99.9968971484015,-0.010327900013791691,-0.006086472160281649,-0.006864391621763952,20.0
99.964,100.019,99.933,100.0,99.964,0.036,0.04,13,131201.0,0.019000000000005457,0.0040000000000048885,0.0,99.98060000000001,99.987,99.99435,99.98368690039803,99.9870402935628,99.99390994576638,0.08599999999999852,0.03685714285714527,0.036000000000001364,0.0,0.014065709199954203,0.013884267883629073,1.0130681227015987,50.32458222735306,99.99383333333333,100.00211538461538,99.98863551786653,99.99712698926065,-0.008491471394123096,-0.006664572655474722,-0.007189807576235781,-0.38095238095238093
99.967,99.995,99.967,99.995,100.0,-0.005,-0.01,18,180284.0,-0.001999999999995339,-0.0049999999999954525,-0.000999999999990564,99.9802,99.9865,99.9943,99.98745793359869,99.98848751291501,99.99401376045529,0.03300000000000125,0.038571428571431046,0.0,0.0049999999999954525,0.013061015685671761,0.013249677320512385,0.9857610392859493,49.64147345948607,99.98841666666668,100.00123076923076,99.98961466896398,99.99696943450061,-0.0073547655366326126,-0.0070947322344589265,-0.007222799168315148,0.3846153846153846
100.008,100.008,99.813,99.991,99.995,-0.004,0.0,18,180283.0,0.02200000000000557,-0.010000000000005116,-0.007000000000005002,99.9846,99.9855,99.99395,99.98863862239914,99.98894432874864,99.99372673565001,0.19499999999999318,0.049785714285715495,0.0,0.0040000000000048885,0.012128085993838064,0.01258898608333328,0.9633886250692256,49.06764828767704,99.988,100.00015384615384,99.98982779681569,99.99652725416723,-0.0066994573515444245,-0.007377490891484071,-0.0071181308049610035,0.0
99.991,100.01,99.991,100.01,99.991,0.019,0.02,2,20501.0,0.03700000000000614,0.016000000000005343,0.014000000000010004,99.99199999999999,99.9871,99.99465000000001,99.99575908159943,99.99277263261253,99.99527657035001,0.019000000000005457,0.04371428571428737,0.019000000000005457,0.0,0.012618936994278592,0.011689772791666617,1.0794852234659646,51.91117548153295,99.98883333333333,100.00053846153847,99.9929312126902,99.99752523534002,-0.004594022649826002,-0.007346543757591917,-0.006613309173934004,-0.8888888888888888
99.972,99.972,99.972,99.972,100.01,-0.038,-0.04,15,149958.0,0.007999999999995566,-0.019000000000005457,-0.038000000000010914,99.99359999999999,99.98519999999999,99.99275,99.98783938773296,99.98899579031934,99.9930597541262,0.038000000000010914,0.04071428571428827,0.0,0.038000000000010914,0.011717584351830122,0.013569074735119781,0.8635507269705287,46.33899761743301,99.98641666666667,99.99426923076923,99.98971102612248,99.99563447716669,-0.005923451044210992,-0.007318348211008975,-0.0064753375479894015,6.5
99.98,99.995,99.98,99.994,99.972,0.022,0.02,16,164384.0,-0.006000000000000227,0.01300000000000523,-0.0040000000000048885,99.9924,99.9865,99.99255000000001,99.98989292515532,99.98990564662492,99.99314930135228,0.023000000000010346,0.04192857142857471,0.02200000000000557,0.0,0.012452042612414083,0.012599855111182655,0.9882687144047089,49.70498742171267,99.98641666666667,99.9941923076923,99.99037086825749,99.99551340478398,-0.005142536526491881,-0.007239448396704675,-0.006208777343689898,0.06666666666666665
99.953,99.953,99.953,99.953,99.994,-0.041,-0.04,0,100.0,-0.04200000000000159,-0.04399999999999693,-0.03499999999999659,99.984,99.98209999999999,99.99080000000001,99.97759528343688,99.98319552905674,99.98932555836635,0.04099999999999682,0.04414285714285983,0.0,0.04099999999999682,0.01156261099724165,0.014628436888955095,0.7904201306683536,44.14718741870347,99.98325,99.99238461538461,99.98462150391018,99.99236426368887,-0.007742759778693653,-0.007236948497153308,-0.006515573830690649,-1.0
99.995,99.997,99.994,99.995,99.953,0.042,0.04,10,99996.0,0.0040000000000048885,0.02600000000001046,0.006000000000000227,99.98479999999999,99.9847,99.99109999999999,99.98339685562459,99.98534179650098,99.98986598137907,0.04399999999999693,0.046714285714287485,0.04200000000000159,0.0,0.013736710211724503,0.013583548539744018,1.0112755272697964,50.28030787221636,99.98441666666666,99.99234615384617,99.9862181956163,99.99255950341562,-0.006341307799317519,-0.006957519121625764,-0.006480720624416024,inf
99.971,100.0,99.971,99.998,99.995,0.003,0.0,3,31199.0,-0.012000000000000455,0.025000000000005684,0.012000000000000455,99.98240000000001,99.9872,99.99170000000001,99.9882645704164,99.98764328804624,99.99064064981916,0.028999999999996362,0.04771428571428719,0.0030000000000001137,0.0,0.012969802339458476,0.012613295072619445,1.0282644039314457,50.69676329862763,99.98450000000001,99.99234615384616,99.98803078090612,99.99296250316262,-0.004931722256500848,-0.006357943815260114,-0.006170920950832989,-0.7
99.978,99.999,99.978,99.988,99.998,-0.01,-0.01,14,139977.0,0.016000000000005343,0.02400000000000091,-0.07200000000000273,99.9856,99.9896,99.9881,99.98817638027762,99.9877081447651,99.99038915936019,0.021000000000000796,0.04850000000000116,0.0,0.010000000000005116,0.012043387886640014,0.01242663113886128,0.9691595213587079,49.21691263945918,99.98608333333334,99.99203846153847,99.9880260453821,99.99259491033577,-0.004568864953668594,-0.005922098655209614,-0.005850509751400111,3.666666666666667
99.997,99.997,99.997,99.997,99.988,0.009,0.01,1,10000.0,0.0030000000000001137,-0.0030000000000001137,0.0010000000000047748,99.98620000000001,99.9893,99.98814999999999,99.99111758685174,99.98939757298962,99.99101876323066,0.009000000000000341,0.048000000000000806,0.009000000000000341,0.0,0.011826003037594323,0.011539014628942619,1.0248711365641108,50.61414121903859,99.98808333333334,99.99153846153845,99.98940665378485,99.99292121327386,-0.0035145594890053644,-0.005495409094362142,-0.0053833196989211615,-0.9285714285714286
99.965,100.002,99.965,100.002,99.997,0.005,0.01,3,32599.0,0.04899999999999238,0.006999999999990791,0.001999999999995339,99.99600000000001,99.99,99.98825000000001,99.99474505790116,99.99168892335513,99.99206459530393,0.03699999999999193,0.046571428571428646,0.0049999999999954525,0.0,0.011338431392051547,0.010714799298303861,1.0582028721570553,51.413924568476986,99.99125000000002,99.99169230769232,99.9913440916641,99.99359371599432,-0.0022496243302185803,-0.005000983203103715,-0.004756580625180645,2.0
99.978,99.978,99.978,99.978,100.002,-0.024,-0.02,1,9998.0,-0.017000000000010118,-0.01300000000000523,-0.023000000000010346,99.99260000000001,99.9887,99.9871,99.98916337193411,99.98920002819965,99.99072511003689,0.02400000000000091,0.047999999999999786,0.0,0.02400000000000091,0.010528543435476437,0.011663742205567937,0.902672851467037,47.44235724870096,99.98941666666667,99.99130769230769,99.989291154485,99.99243862592067,-0.003147471435667626,-0.0048402552904194505,-0.004434758787278042,-0.6666666666666667
99.975,99.975,99.975,99.975,99.978,-0.003,0.0,3,27493.0,-0.023000000000010346,-0.0350000000000108,-0.019000000000005457,99.98799999999999,99.98519999999999,99.98615000000001,99.98444224795608,99.9866182048906,99.98922748050957,0.0030000000000001137,0.043000000000000274,0.0,0.0030000000000001137,0.009776504618656692,0.011044903476598807,0.8851598060019706,46.954099232531874,99.98775,99.99076923076922,99.98709251533346,99.99114687585246,-0.00405436051900665,-0.004632578565396746,-0.004358679133623764,2.0
99.981,99.991,99.98,99.991,99.975,0.016,0.02,3,29995.0,0.0030000000000001137,0.019000000000005457,0.0,99.98859999999999,99.9871,99.98615,99.98662816530405,99.98741489491049,99.9893962918896,0.016000000000005343,0.03800000000000076,0.016000000000005343,0.0,0.01022104000303874,0.010255981799698893,0.9965930325011713,49.91468047209999,99.98775,99.99096153846153,99.98769366682063,99.9911359961597,-0.0034423293390659637,-0.004443666655682755,-0.004175409174712204,0.0
99.979,99.979,99.979,99.979,99.991,-0.012,-0.01,2,19996.0,-0.018000000000000682,-0.015000000000000568,-0.001999999999995339,99.985,99.9856,99.98605,99.98408544353603,99.98588491401766,99.9884061688525,0.012000000000000455,0.036500000000000705,0.0,0.012000000000000455,0.009490965717107402,0.010380554528291862,0.9143023805944167,47.761648831597526,99.98516666666667,99.98784615384616,99.98635617961746,99.99023703348121,-0.003880853863748257,-0.0040145659984666005,-0.0041164981125194145,-0.33333333333333337
100.049,100.049,100.045,100.048,99.979,0.069,0.07,25,247619.0,0.04600000000000648,0.09499999999999886,0.05100000000000193,99.9942,99.99510000000001,99.98859999999999,100.0053902956907,99.99717856601444,99.99408177181894,0.07000000000000739,0.027571428571430294,0.06900000000000261,0.0,0.013741611023028488,0.009639086347699586,1.4256134375544824,58.77331546249158,99.99150000000002,99.98984615384614,99.9958398442917,99.99451577174185,0.0013240725498491202,-0.0031628570707814183,-0.0030283839800457077,11.5
99.95,100.034,99.95,100.034,100.048,-0.014,-0.01,4,36700.0,0.056000000000011596,0.03900000000000148,0.06500000000001194,100.0054,99.999,99.99185,100.01492686379382,100.00387337219362,99.99788350783619,0.09799999999999898,0.03321428571428697,0.0,0.013999999999995794,0.012760067378526453,0.009950580180006458,1.2823440591097444,56.18539650020769,99.99483333333332,99.99115384615385,100.00171063747759,99.99744052939059,0.004270108086998903,-0.0021404314770592237,-0.0015686855666367859,-0.84
100.048,100.179,100.048,100.179,100.034,0.145,0.14,54,540495.0,0.20400000000000773,0.18099999999999739,0.20600000000000307,100.04620000000001,100.0171,100.00215,100.06961790919588,100.03571457724931,100.01513269756609,0.14499999999999602,0.04085714285714305,0.14499999999999602,0.0,0.022205776851488564,0.00923982445286314,2.4032682617263004,70.61648030376682,100.01366666666667,99.99799999999999,100.0289859240195,100.01088937906536,0.018096544954133265,0.00037794740158542735,0.0023643605375172246,12.5
99.953,100.05,99.953,99.971,100.179,-0.208,-0.21,5,49998.0,-0.01999999999999602,-0.016999999999995907,0.007000000000005002,100.04220000000001,100.0154,100.00250000000001,100.03674527279726,100.02394829047671,100.01092958351218,0.2259999999999991,0.05535714285714225,0.0,0.2079999999999984,0.020619649933525094,0.02343697984908709,0.879791255797332,46.80260391062197,100.01166666666667,99.9971153846154,100.02006501263187,100.0079346102457,0.012130402386176797,0.00211627649882789,0.0043175689072491395,-0.9074074074074074
99.972,100.049,99.972,100.049,99.971,0.078,0.08,67,672702.0,0.07000000000000739,0.05200000000000671,0.049000000000006594,100.0562,100.0206,100.00495000000001,100.04083018186485,100.02850314675366,100.0145553374634,0.07800000000000296,0.05799999999999983,0.07800000000000296,0.0,0.024718246366844943,0.021762909859866585,1.1357969373584713,53.17906948416228,100.01591666666667,99.99934615384616,100.02451654915005,100.01097649096823,0.013540058181817471,0.0038706856668318957,0.006162066762162806,12.4
100.089,100.089,99.98,100.0,100.049,-0.049,-0.05,19,190071.0,-0.04800000000000182,-0.001999999999995339,0.0049999999999954525,100.0466,100.02040000000001,100.0052,100.02722012124323,100.02332075643481,100.01316911484784,0.10899999999999466,0.0626428571428568,0.0,0.049000000000006594,0.022952657340641735,0.023708416298448016,0.9681227565649017,49.19016119983451,100.01691666666666,100.00007692307692,100.02074477235773,100.01016341756318,0.010581354794553022,0.005396110803523079,0.00704592436864085,-0.7164179104477613
99.998,100.0,99.998,100.0,100.0,0.0,0.0,15,151399.0,-0.034000000000006025,0.02200000000000557,0.009000000000000341,100.0398,100.02260000000001,100.00565,100.01814674749549,100.01908061890121,100.01191491343376,0.001999999999995339,0.06071428571428531,0.0,-0.0,0.021313181816310183,0.022014957991416017,0.9681227565649015,49.190161199834506,100.01716666666668,100.00019230769232,100.01755326891808,100.00941057181775,0.008142697100325336,0.006751339427893299,0.007265278914977747,-0.21052631578947367
100.0,100.0,99.971,100.0,100.0,0.0,0.0,15,145288.0,-0.17900000000000205,0.025000000000005684,-0.010000000000005116,100.00399999999999,100.02510000000001,100.00515,100.01209783166367,100.01561141546463,100.01078015977339,0.028999999999996362,0.06128571428571356,0.0,-0.0,0.01979081168657374,0.02044246099202916,0.9681227565649015,49.190161199834506,100.017,100.00138461538462,100.0148527660076,100.00871349242384,0.0061392735837699774,0.007815961974875071,0.007040077848736193,0.0
100.001,100.001,100.001,100.001,100.0,0.001,0.0,10,100001.0,0.030000000000001137,0.010000000000005116,0.029000000000010573,100.01,100.02610000000001,100.0066,100.00839855444246,100.01295479447106,100.00984871598544,0.0010000000000047748,0.06071428571428531,0.0010000000000047748,0.0,0.018448610851818814,0.01898228520688422,0.9718856634357248,49.28712051906472,100.01891666666667,100.00246153846153,100.01272157123721,100.00814212261467,0.00457944862253612,0.008755995584462224,0.006547952003496178,-0.33333333333333337
100.001,100.005,100.001,100.005,100.001,0.004,0.0,10,100003.0,-0.04400000000001114,0.02599999999999625,0.01099999999999568,100.00120000000001,100.0287,100.00715,100.00726570296165,100.01150846820359,100.00938693351064,0.003999999999990678,0.058357142857142365,0.003999999999990678,0.0,0.017416567219545376,0.017626407692106775,0.9880951084176178,49.700595521512604,100.02141666666665,100.00403846153846,100.01153363720073,100.00790937279136,0.0036242644093675835,0.009011572457742053,0.00596321448467046,0.0
99.978,100.09,99.978,100.09,100.005,0.085,0.08,1,10109.0,0.09000000000000341,0.04200000000000159,0.13700000000000045,100.0192,100.03290000000001,100.014,100.03484380197443,100.02577965580294,100.01706436841438,0.11200000000000898,0.06464285714285722,0.08500000000000796,0.0,0.022243955275292705,0.016367378571242007,1.3590420224272215,57.60991154489487,100.02966666666667,100.00750000000001,100.02360538532369,100.013990159992,0.009615225331685906,0.009605474373818387,0.006693616654073549,-0.9
99.992,99.992,99.984,99.985,100.09,-0.105,-0.1,4,43194.0,-0.015000000000000568,-0.049000000000006594,-0.010000000000005116,100.0162,100.02799999999999,100.0135,100.0182292013163,100.01836517292966,100.01401061904158,0.10600000000000875,0.0720000000000007,0.0,0.10500000000000398,0.02065510132705751,0.022698280101867863,0.9099853043648793,47.643576224659675,100.03016666666666,100.0071153846154,100.0176660952739,100.01184274073333,0.005823354540567038,0.008241786550088805,0.006519564231372247,3.0
99.985,100.086,99.982,100.086,99.985,0.101,0.1,14,140069.0,0.08599999999999852,-0.09300000000000352,0.08799999999999386,100.0334,100.0187,100.0179,100.04081946754421,100.03066241421517,100.02086675056142,0.1039999999999992,0.07828571428571454,0.10099999999999909,0.0,0.026394022660839053,0.021076974380305872,1.2522680999935827,55.600312413835226,100.03333333333332,100.01076923076924,100.0281790036933,100.01733587104938,0.010843132643913123,0.008098756578726175,0.007384277913880423,2.5
100.085,100.085,100.085,100.085,100.086,-0.001,0.0,1,10009.0,0.08399999999998897,0.11399999999999011,0.0969999999999942,100.05019999999999,100.0301,100.02275,100.05554631169615,100.04054197526696,100.02697467907937,0.0010000000000047748,0.07750000000000057,0.0,0.0010000000000047748,0.024508735327921978,0.019642904781712937,1.2477144088556094,55.51036216789058,100.03758333333333,100.01365384615384,100.03692069543278,100.02234802874943,0.014572666683349667,0.008213490856674197,0.008821955667774273,-0.9285714285714286
99.995,99.995,99.995,99.995,100.085,-0.09,-0.09,2,19999.0,-0.009999999999990905,-0.054000000000002046,-0.001999999999995339,100.0482,100.0247,100.02265,100.03536420779744,100.03226161612751,100.023929471548,0.0899999999999892,0.0789285714285707,0.0,0.0899999999999892,0.02275811137592755,0.024668411583018385,0.9225608750420771,47.98604231566327,100.02224999999999,100.01453846153845,100.03047135767389,100.02032224884208,0.010149108831811304,0.008165463527480673,0.009087386300581679,1.0
99.993,99.993,99.993,99.993,99.995,-0.002,0.0,1,10099.0,-0.09700000000000841,-0.007000000000005002,-0.009000000000000341,100.0288,100.024,100.0222,100.02124280519831,100.02512314046795,100.02098380759105,0.0020000000000095497,0.07207142857142859,0.0,0.0020000000000095497,0.021132531991932726,0.023049239327089185,0.916842924490623,47.83088445988669,100.02408333333334,100.0145,100.02470653341636,100.01829837855747,0.006408154858888793,0.0079727366117655,0.008551540012243102,-0.5
100.001,100.014,100.001,100.014,99.993,0.021,0.02,29,289417.0,0.028999999999996362,0.013999999999995794,0.036000000000001364,100.0346,100.02539999999999,100.024,100.01882853679888,100.02310075129196,100.02031868305856,0.021000000000000796,0.06321428571428608,0.021000000000000796,0.0,0.021123065421080445,0.02140286508943996,0.9869269993904898,49.67102463720306,100.02116666666666,100.01684615384616,100.02305937442924,100.01797998014581,0.0050793942834275185,0.007854972245060784,0.007857110866479985,28.0
99.976,99.983,99.971,99.983,100.014,-0.031,-0.03,15,152067.0,-0.10299999999999443,-0.016999999999995907,0.008000000000009777,100.014,100.02369999999999,100.02439999999999,100.00688569119927,100.0158097056025,100.01676452276728,0.042999999999992156,0.05014285714285701,0.0,0.0309999999999917,0.019614275033860415,0.02208837472590794,0.8879908674699548,47.03364209912346,100.01974999999999,100.01638461538461,100.01689639374781,100.01538887050538,0.0015075232424379692,0.007513647202827656,0.006587193341671582,-0.48275862068965514
99.976,99.995,99.976,99.995,99.983,0.012,0.01,22,218173.0,-0.0899999999999892,-0.006000000000000227,0.0040000000000048885,99.99600000000001,100.0231,100.02459999999999,100.00292379413285,100.01202612276569,100.01469171107516,0.019000000000005457,0.04592857142857148,0.012000000000000455,0.0,0.019070398245727562,0.020510633674057373,0.9297810369383431,48.18064946961388,100.01933333333334,100.01626923076924,100.0135277177866,100.01387858380129,-0.0003508660146849252,0.007071966044599599,0.005199581470400281,0.46666666666666656
99.995,100.048,99.995,100.048,99.995,0.053,0.05,6,60002.0,0.05299999999999727,0.043000000000006366,0.06900000000000261,100.0066,100.0274,100.02805,100.01794919608858,100.01856682771738,100.017863929068,0.05299999999999727,0.04192857142857166,0.05299999999999727,0.0,0.021493941228175398,0.019045588411624705,1.12855222761489,53.01971043855797,100.02333333333333,100.0185769230769,100.01883114581943,100.01640609611229,0.0024250497071420796,0.006273057641872508,0.004644675117748641,-0.7272727272727273
99.995,100.037,99.995,100.037,100.048,-0.011,-0.01,22,220077.0,0.04400000000001114,-0.05299999999999727,-0.01099999999999568,100.0154,100.0221,100.0275,100.02429946405906,100.02191831358695,100.0196864120139,0.05299999999999727,0.04557142857142894,0.0,0.01099999999999568,0.019958659711877155,0.018470903525079775,1.0805459345709485,51.93569229192622,100.02633333333334,100.0201153846154,100.0216263541549,100.01793157047435,0.003694783680558089,0.00603654976853818,0.004454696830310531,2.6666666666666665
99.999,99.999,99.993,99.993,100.037,-0.044,-0.04,4,39999.0,-0.021000000000000796,0.007999999999995566,-0.04100000000001103,100.0112,100.0229,100.02545,100.0138663093727,100.01666043838931,100.01714484896496,0.04400000000001114,0.046642857142858575,0.0,0.04400000000001114,0.018533041161028788,0.020294410416146304,0.9132091438479945,47.73179904478595,100.02533333333334,100.01976923076924,100.01722229966954,100.01608478747625,0.00113751219329572,0.004958147496247357,0.0037912599029075685,-0.8181818181818181
99.993,99.993,99.972,99.993,99.993,0.0,0.0,39,386369.0,0.009999999999990905,-0.09300000000000352,-0.18600000000000705,100.0132,100.01360000000001,100.01615,100.00691087291514,100.01235854050033,100.01484533953973,0.021000000000000796,0.048071428571429715,0.0,-0.0,0.01720925250666959,0.018844809672135854,0.9132091438479945,47.73179904478595,100.01724999999999,100.02034615384615,100.01349579202808,100.01437480321874,-0.0008790111906620268,0.003241294399134947,0.0028572056841936495,8.75
99.992,99.992,99.992,99.992,99.993,-0.001,0.0,8,79994.0,-0.0030000000000001137,-0.09299999999998931,0.021000000000000796,100.01259999999999,100.0043,100.0172,100.00194058194344,100.00865698768209,100.0126695929169,0.000999999999990564,0.04785714285714399,0.0,0.000999999999990564,0.015980020184764618,0.01757018040983976,0.909496647844059,47.63017776810121,100.01783333333333,100.02100000000002,100.01018874710068,100.01271741038772,-0.0025286632870376025,0.0018326530525961794,0.0017800318899473993,-0.7948717948717949
99.987,99.987,99.987,99.987,99.992,-0.005,-0.01,1,9999.0,-0.06100000000000705,-0.008000000000009777,-0.06200000000001182,100.00039999999998,100.0035,100.0141,99.9969603879623,100.00471935355807,100.01022486978195,0.005000000000009663,0.0402142857142869,0.0,0.005000000000009663,0.014838590171567146,0.016672310380566185,0.8900140312205028,47.0903398873586,100.00958333333334,100.02084615384616,100.00662124754672,100.01081241702568,-0.00419116947895759,0.0006549503483910257,0.0005857916161664013,-0.875
100.077,100.079,100.077,100.079,99.987,0.092,0.09,20,200156.0,0.04199999999998738,0.08599999999999852,0.07899999999999352,100.0088,100.0121,100.01804999999999,100.0243069253082,100.0182249256384,100.01677488218367,0.09199999999999875,0.03921428571428619,0.09199999999999875,0.0,0.020350119445026547,0.015481431067668602,1.3144856800432168,56.79385668174332,100.00908333333332,100.0246923076923,100.01775644023184,100.01586334909786,0.0018930911339793965,0.0003009166651190122,0.0008472515197290004,19.0
100.077,100.077,100.077,100.077,100.079,-0.002,0.0,1,10008.0,0.08400000000000318,0.06300000000000239,0.07699999999999818,100.0256,100.01840000000001,100.02189999999999,100.0418712835388,100.02891130279505,100.02251060768998,0.001999999999995339,0.031928571428571625,0.0,0.001999999999995339,0.018896539484667508,0.01451847170569194,1.3015515591258242,56.551049398179885,100.01591666666667,100.02580769230771,100.02687083404231,100.02039198990542,0.006478844136893258,0.000853285653391822,0.001973570043161852,-0.95
100.0,100.0,100.0,100.0,100.077,-0.077,-0.08,1,10000.0,0.007000000000005002,0.016999999999995907,0.0,100.027,100.0201,100.02189999999999,100.02791418902586,100.02365470228686,100.02036674029092,0.07699999999999818,0.03735714285714258,0.0,0.07699999999999818,0.017546786664334114,0.0189814380124281,0.9244181949147031,48.0362427126021,100.0165,100.0245,100.02273685957427,100.01888147213465,0.003855387439614333,0.001320647148313962,0.002349933522452348,0.0
100.07,100.07,100.07,100.07,100.0,0.07,0.07,2,20014.0,0.07799999999998875,0.07499999999998863,0.0689999999999884,100.0426,100.02759999999999,100.02535,100.04194279268393,100.03208112005288,100.02509371740608,0.06999999999999318,0.035928571428571435,0.06999999999999318,0.0,0.021293444759738333,0.01762562101154038,1.2080961428704522,54.71211689632169,100.02116666666667,100.02030769230768,100.03000811194745,100.0226680297543,0.007340082193152853,0.0018667618689818255,0.0033479632565924494,1.0
100.069,100.092,100.069,100.092,100.07,0.022,0.02,41,408268.0,0.10500000000000398,0.04399999999999693,0.0870000000000033,100.0636,100.032,100.0297,100.05862852845596,100.04297546186145,100.03146574431979,0.022999999999996135,0.03742857142857048,0.02200000000000557,0.0,0.021343912991185994,0.01636664808214464,1.3041102175632011,56.59929840259171,100.03025000000001,100.02496153846154,100.039545325494,100.02780373125398,0.011741594240021413,0.002760851931144417,0.005026689453278242,19.5
100.08,100.486,100.08,100.486,100.092,0.394,0.39,10,104286.0,0.4070000000000107,0.44899999999999807,0.3960000000000008,100.14500000000001,100.0769,100.0495,100.20108568563731,100.12352537788664,100.07475472105124,0.4060000000000059,0.06492857142857085,0.39400000000000546,0.0,0.047962204920387386,0.01519760179056288,3.155906147650878,75.9378589296284,100.07116666666667,100.04176923076922,100.1082306600334,100.06174419560554,0.046486464427857754,0.00779962440165131,0.013318644448194144,-0.7560975609756098
100.001,100.001,100.001,100.001,100.486,-0.485,-0.48,1,10000.0,-0.0759999999999934,0.008000000000009777,0.016000000000005343,100.1298,100.07770000000001,100.05030000000001,100.13439045709154,100.1012480364527,100.0677304619035,0.48499999999999943,0.09649999999999993,0.0,0.48499999999999943,0.044536333140359714,0.04875491594837977,0.913473693350501,47.739025444922866,100.06725,100.04180769230769,100.09173363541288,100.05724462556068,0.034489009852194386,0.011729404517524245,0.01755271752899419,-0.9
99.996,99.996,99.996,99.996,100.001,-0.005,-0.01,0,100.0,-0.0040000000000048885,0.0030000000000001137,-0.09000000000000341,100.12899999999999,100.078,100.0458,100.0882603047277,100.08211202982494,100.06089898934125,0.005000000000009663,0.09550000000000024,0.0,0.005000000000009663,0.04135516648747688,0.04562956480921048,0.9063239296801094,47.54301803430622,100.06383333333332,100.04165384615385,100.0770053838109,100.05270798663025,0.024297397180646385,0.014710077902822465,0.01890165345932463,-1.0
100.975,102.888,99.818,100.062,99.996,0.066,0.07,346,3489346.0,-0.007999999999995566,0.06999999999999318,-0.022999999999996135,100.1274,100.08500000000001,100.04465,100.07950686981847,100.0784552971295,100.06100384749922,3.0700000000000074,0.31100000000000094,0.0660000000000025,0.0,0.04311551173837157,0.04237031017998116,1.01758782400282,50.435862662174635,100.06958333333334,100.04403846153846,100.0746968632246,100.0533962839169,0.021300579307705902,0.017542494434673966,0.019381438629000887,inf
100.05,100.492,99.973,99.973,100.062,-0.089,-0.09,10,100091.0,-0.11899999999999977,-0.013999999999995794,-0.02200000000000557,100.1036,100.0836,100.04355000000001,100.04400457987899,100.0592816067423,100.05262252868977,0.5190000000000055,0.3442857142857158,0.0,0.08899999999999864,0.04003583232848788,0.045701002309982405,0.8760383865747932,46.696186647557575,100.06791666666668,100.04296153846154,100.05905119195927,100.04744100362676,0.011610188332511484,0.01862217190117753,0.017827188569703008,-0.9710982658959537
99.971,100.072,99.971,100.072,99.973,0.099,0.1,2,20004.0,-0.4140000000000015,-0.006999999999990791,0.07900000000000773,100.0208,100.0829,100.04749999999999,100.053336386586,100.06159404188006,100.05446800214789,0.10099999999999909,0.34835714285714353,0.09900000000000375,0.0,0.04424755859073902,0.04243664500212652,1.042673344900893,51.044546476494105,100.07458333333334,100.04553846153847,100.06104331627323,100.0492601885433,0.0117831277299274,0.01921153674484799,0.01661837640174789,-0.8
100.001,100.001,100.001,100.001,100.072,-0.071,-0.07,1,10400.0,0.0,-0.0759999999999934,-0.012999999999991019,100.02080000000001,100.0753,100.04685,100.03589092439069,100.0505769433564,100.04937581146713,0.07099999999999795,0.3519285714285719,0.0,0.07099999999999795,0.041087018691400516,0.04447688464483163,0.9237836467077056,48.01910278677313,100.07575000000001,100.04211538461537,100.05180588300043,100.04568535976232,0.006120523238109854,0.01946321850023638,0.014518805769020284,-0.5
100.248,101.688,100.239,101.688,100.001,1.687,1.69,36,360408.0,1.6920000000000073,1.6880000000000024,1.7049999999999983,100.35920000000002,100.24409999999999,100.13210000000001,100.5865939495938,100.3482902263825,100.20543525799407,1.6869999999999976,0.47235714285714386,1.6869999999999976,0.0,0.15865223164201459,0.04129996431305794,3.8414617126401,79.34508090006788,100.20983333333334,100.10761538461537,100.30352805484651,100.16733829607622,0.1361897587702856,0.03377984923102891,0.03885299636927335,35.0
100.009,100.022,100.009,100.022,101.688,-1.666,-1.64,0,400.0,-0.03999999999999204,-0.04799999999998761,0.027000000000001023,100.3512,100.2393,100.13345,100.39839596639588,100.28896473067658,100.1879652334232,1.679000000000002,0.5919285714285719,0.0,1.6659999999999968,0.1473199293818707,0.157349966862125,0.9362565008415735,48.35395002855456,100.20525000000002,100.10515384615384,100.26021604640859,100.15657249636688,0.10364355004170989,0.04399117765343874,0.05181110710376066,-1.0
100.009,100.01,99.964,100.01,100.022,-0.012,-0.01,3,30403.0,0.03700000000000614,-0.08199999999999363,-0.0379999999999967,100.3586,100.2311,100.13155,100.26893064426392,100.23824387055356,100.17101616357337,0.058000000000006935,0.589500000000001,0.0,0.012000000000000455,0.13679707728316565,0.14696782637197325,0.9307960841506521,48.20789164590132,100.20608333333335,100.10226923076924,100.22172127003803,100.14571527441377,0.07600599562425714,0.04727112556414978,0.056650084807859956,inf
99.981,100.01,99.981,100.01,100.01,0.0,0.0,6,59992.0,-0.06199999999999761,-0.4759999999999991,-0.027000000000001023,100.3462,100.18350000000001,100.1302,100.18262042950929,100.19674498499836,100.1556812908521,0.029000000000010573,0.5914285714285735,0.0,-0.0,0.12702585747722525,0.13647012448826087,0.9307960841506522,48.20789164590133,100.20108333333333,100.10284615384616,100.18914876695526,100.13566229112386,0.053486475831391544,0.04938195511739391,0.05601736301256628,1.0
100.0,100.391,100.0,100.391,100.01,0.381,0.38,18,180665.0,0.39000000000000057,0.39000000000000057,0.39800000000001035,100.42420000000001,100.2225,100.1501,100.25208028633953,100.232064078635,100.17809259648523,0.39100000000000534,0.6138571428571454,0.3810000000000002,0.0,0.14516686765742345,0.1267222584533851,1.1455514558306519,53.39193579895528,100.226,100.11815384615385,100.2202028028083,100.15457619548506,0.06562660732323877,0.053974089577681954,0.05793921187470078,2.0
99.968,100.476,99.967,99.976,100.391,-0.415,-0.41,13,130012.0,-1.7120000000000033,-0.01999999999999602,-0.016999999999995907,100.0818,100.2205,100.14925000000001,100.16005352422637,100.18550697342863,100.15884568253426,0.5090000000000003,0.6452142857142888,0.0,0.41500000000000625,0.1347978056818932,0.1473135257067152,0.9150402519742865,47.781776442084556,100.1835,100.11669230769232,100.1826331408378,100.14134832915283,0.04128481168496023,0.056194559841821326,0.05460833183675267,-0.2777777777777778
100.476,102.555,100.007,100.007,99.976,0.031,0.03,251,2532650.0,-0.015000000000000568,-0.05499999999999261,0.015000000000000568,100.0788,100.215,100.15,100.10903568281759,100.15305116007796,100.14438418895958,2.5790000000000077,0.8277857142857182,0.03100000000000591,0.0,0.12738367670461553,0.1367911310133784,0.9312276005098401,48.21946415140287,100.18400000000001,100.11761538461539,100.15561265763198,100.13139660106744,0.024216056564540622,0.05759521186760234,0.048529876782310265,18.307692307692307
100.007,100.653,100.007,100.014,100.007,0.007,0.01,7,70072.0,0.003999999999990678,0.04099999999999682,0.027000000000001023,100.0796,100.2191,100.15135000000001,100.07735712187839,100.12776913097287,100.1319666471539,0.6460000000000008,0.844928571428575,0.006999999999990791,0.0,0.11878484265428521,0.12702033594099424,0.9351639780693485,48.324792558526845,100.1855,100.11834615384616,100.13382609491937,100.12270055654392,0.011125538375452493,0.057522146383771795,0.04104900910093871,-0.9721115537848606
100.04,100.535,100.04,100.535,100.014,0.521,0.52,18,178913.0,0.5249999999999915,0.46299999999999386,0.45600000000000307,100.1846,100.2654,100.17415000000001,100.22990474791894,100.20181110715961,100.17035077599638,0.5210000000000008,0.8475000000000037,0.5210000000000008,0.0,0.14751449675040776,0.1179474548023518,1.250679779378049,55.56897924073681,100.22491666666667,100.13707692307693,100.19554515723947,100.15324125605918,0.04230390118028993,0.06154252171068069,0.04129998751680896,1.5714285714285716
100.015,100.015,100.015,100.015,100.535,-0.52,-0.52,1,10002.0,-0.3760000000000048,0.013999999999995794,-0.06199999999999761,100.10940000000001,100.2668,100.17105000000001,100.15826983194597,100.1678454513124,100.15555546399673,0.519999999999996,0.884285714285717,0.0,0.519999999999996,0.1369777469825215,0.14666549374504068,0.9339466529232834,48.29226553439639,100.22841666666666,100.13623076923076,100.16776897920263,100.14300116301776,0.02476781618487678,0.04916230586785749,0.03799355325042253,-0.9444444444444444
100.456,100.533,100.008,100.008,100.015,-0.007,-0.01,152,1523339.0,0.031999999999996476,-1.6800000000000068,0.007999999999995566,100.11580000000001,100.09880000000001,100.17145000000001,100.10817988796398,100.13878264198286,100.1415025626637,0.5250000000000057,0.7025000000000026,0.0,0.007000000000005002,0.1271936221980557,0.13668938704896672,0.930530342875052,48.200762360940416,100.22308333333332,100.13680769230768,100.14318913624838,100.1330010768683,0.010188059380084269,0.0387783624610102,0.03243245447635488,151.0
99.995,100.007,99.99,100.007,100.008,-0.001,0.0,10,99993.0,0.0,-0.015000000000000568,-0.06299999999998818,100.11580000000001,100.09729999999999,100.1683,100.07445325864266,100.11482216162233,100.12869279479098,0.018000000000000682,0.6667142857142879,0.0,0.000999999999990564,0.11810836346962314,0.12699728797403984,0.9300069738006238,48.186715717883025,100.22358333333334,100.13734615384615,100.12223696144093,100.12366766376694,-0.001430702326004507,0.030174284910981126,0.025659823115883003,-0.9342105263157895
100.089,100.37,100.015,100.015,100.007,0.008,0.01,92,923216.0,0.0010000000000047748,0.0049999999999954525,-0.07699999999999818,100.116,100.0978,100.16445,100.05463550576178,100.09667267769099,100.11786490957279,0.36299999999999955,0.6854285714285737,0.007999999999995566,0.0,0.11024348036464975,0.11792605311875128,0.9348526254298938,48.31647708683674,100.08416666666666,100.13823076923077,100.1057389673731,100.11561820719162,-0.009879239818516794,0.023133649838769088,0.018552010529003043,8.2
100.007,100.051,99.954,100.051,100.015,0.036,0.04,23,230219.0,-0.48399999999999466,0.04099999999999682,-0.4350000000000023,100.0192,100.1019,100.1427,100.05342367050787,100.08836855447444,100.1114968229468,0.09700000000000841,0.6872857142857173,0.036000000000001364,0.0,0.10494037462431773,0.10950276361026905,0.9583353987102161,48.93622406771525,100.08658333333334,100.1406923076923,100.09731758777724,100.11083167332558,-0.013514085548337107,0.014340239519705101,0.012138791313535013,-0.75
99.98,99.999,99.98,99.999,100.051,-0.052,-0.05,2,20498.0,-0.016000000000005343,-0.3920000000000101,-0.0020000000000095497,100.01599999999999,100.06269999999999,100.14259999999999,100.03528244700526,100.07211972638817,100.100782839809,0.07099999999999795,0.571857142857146,0.0,0.05200000000000671,0.0974446335797236,0.10539542335239317,0.9245622862950525,48.040133222963355,100.08566666666665,100.13761538461539,100.08219180504227,100.10254784567182,-0.020356040629550876,0.007491255929203867,0.005639824924917836,-0.9130434782608696
99.986,99.986,99.986,99.986,99.999,-0.013,-0.01,1,9999.0,-0.02199999999999136,0.010000000000005116,-0.009999999999990905,100.0116,100.0637,100.1421,100.01885496467018,100.05646159431758,100.08985114077956,0.012999999999991019,0.4528571428571451,0.0,0.012999999999991019,0.09048430260974336,0.09879575025579303,0.9158724173405189,47.804457595974455,100.08366666666666,100.13411538461538,100.067393065805,100.09391467191836,-0.02652160611334864,0.0018537378538828382,-0.0007924612827354596,-0.5
99.986,99.993,99.986,99.993,99.986,0.007,0.01,353,3532942.0,-0.014000000000010004,-0.014000000000010004,-0.06900000000000261,100.0088,100.06230000000001,100.13865,100.01023664311347,100.04492312262347,100.08062722261008,0.006999999999990791,0.44921428571428684,0.006999999999990791,0.0,0.08452113813761818,0.09173891095180782,0.9213226673468876,47.95252161466048,100.0505,100.13384615384615,100.05594797875808,100.08643951103551,-0.030491532277423516,-0.0027703811075478293,-0.006732275481673071,352.0
99.955,99.992,99.955,99.991,99.993,-0.002,0.0,40,402741.0,-0.02400000000000091,-0.022999999999996135,0.018000000000000682,100.00399999999999,100.06,100.13955,100.00382442874232,100.03511891851011,100.0720912966472,0.0379999999999967,0.449857142857143,0.0,0.001999999999995339,0.07848391398493117,0.08532898874096408,0.9197801959564678,47.91070341770128,100.05174999999998,100.1308076923077,100.04595598202607,100.07936991762547,-0.033413935599398314,-0.011183474083068745,-0.01206860750521812,-0.886685552407932
99.991,99.991,99.991,99.991,99.991,0.0,0.0,0,200.0,-0.060000000000002274,-0.5439999999999969,-0.08100000000000307,99.99199999999999,100.0056,100.13550000000001,99.99954961916156,100.02709729696281,100.06436831601413,0.0,0.42192857142857115,0.0,-0.0,0.07287792012886465,0.07923406097375237,0.9197801959564676,47.91070341770128,100.05041666666665,100.12692307692308,100.03750121556052,100.07282399780136,-0.035322782240839956,-0.017860207241481716,-0.016719442452342487,-1.0
99.98,99.98,99.98,99.98,99.991,-0.011,-0.01,1,10798.0,-0.018999999999991246,-0.03499999999999659,-0.021000000000000796,99.9882,100.00210000000001,100.13444999999999,99.99303307944105,100.01853415206048,100.05633323829849,0.01099999999999568,0.3863571428571423,0.0,0.01099999999999568,0.06767235440537432,0.07436019947562689,0.9100614963728729,47.64566471294468,100.04758333333332,100.10746153846155,100.02865487470507,100.06594814611238,-0.037293271407307316,-0.023135910662303003,-0.020834208243335456,inf
99.991,99.994,99.991,99.994,99.98,0.014,0.01,3,31797.0,0.007999999999995566,-0.013999999999995794,-1.6940000000000026,99.9898,100.00070000000001,100.04975,99.99335538629404,100.01407339714038,100.05039673941293,0.013999999999995794,0.2031428571428557,0.013999999999995794,0.0,0.06383861480499015,0.06904875665593925,0.9245440163838062,48.039639962146076,100.0025,100.1071923076923,100.02332335551968,100.06061865380775,-0.037295298288071876,-0.02712086576919938,-0.024126426252282743,2.0
99.995,100.093,99.985,99.991,99.994,-0.003,0.0,10,98125.0,-0.001999999999995339,-0.016000000000005343,-0.03100000000000591,99.9894,99.9991,100.0482,99.99257025752937,100.00987823402394,100.04473990708789,0.10800000000000409,0.1647142857142845,0.0,0.0030000000000001137,0.05927871374749085,0.06433098832337217,0.9214643718749496,47.95636002221535,100.0005,100.10699999999999,100.01835053159357,100.05546171648867,-0.03711118489509602,-0.030146637444374846,-0.0267233779808454,2.3333333333333335
99.97,99.994,99.97,99.991,99.991,0.0,0.0,6,62990.0,0.0,-0.02400000000000091,-0.019000000000005457,99.9894,99.9967,100.04724999999999,99.99204683835292,100.00644582783777,100.03962182069856,0.02400000000000091,0.12921428571428453,0.0,-0.0,0.05504451990838436,0.05973591772884559,0.9214643718749496,47.95636002221535,99.99908333333333,100.10426923076922,100.01414275750224,100.05068677452654,-0.03654401702429766,-0.032705518719481574,-0.028687505789535855,-0.4
100.092,100.092,100.088,100.088,99.991,0.097,0.1,6,60053.0,0.0969999999999942,0.03699999999999193,0.07799999999998875,100.0088,100.0004,100.05114999999999,100.02403122556862,100.02127385913998,100.04422926634632,0.10099999999999909,0.09928571428571331,0.0969999999999942,0.0,0.05804133991492792,0.055469066462499474,1.0463731159810932,51.133056225644864,100.00583333333333,100.10869230769231,100.0255054101942,100.0534507171542,-0.027945306960006633,-0.03354877053397666,-0.028539066023630013,0.0
99.968,100.093,99.967,100.092,100.088,0.004,0.0,54,536230.0,0.11199999999999477,0.09300000000000352,-0.2990000000000066,100.03119999999998,100.0097,100.03620000000001,100.04668748371242,100.03413315747815,100.04877886002762,0.12600000000000477,0.07078571428571324,0.0040000000000048885,0.0,0.05418124420671913,0.05150699028660666,1.0519202132609922,51.26516160144645,100.01225000000001,100.10946153846155,100.0357353470874,100.05630621958723,-0.020570872499831694,-0.032887577910252555,-0.026945427318870348,8.0
100.092,100.092,100.001,100.001,100.092,-0.091,-0.09,14,140083.0,0.007000000000005002,0.015000000000000568,0.025000000000005684,100.0326,100.0112,100.03745,100.03145832247495,100.02810894702758,100.04422849240595,0.09099999999999397,0.07599999999999849,0.0,0.09099999999999397,0.05031115533481063,0.05432791955184861,0.9260644572777257,48.08065762173988,100.00808333333333,100.10946153846155,100.0303914475355,100.05220946258076,-0.02181801504526959,-0.03192385377334656,-0.025919944864150196,-0.7407407407407407
100.001,100.001,100.0,100.0,100.001,-0.001,0.0,7,71001.0,0.009000000000000341,0.007000000000005002,-0.007000000000005002,100.0344,100.0119,100.0371,100.0209722149833,100.0229982293862,100.04001625503395,0.0010000000000047748,0.050142857142856,0.0,0.0010000000000047748,0.04671750138232415,0.05051878244100262,0.9247550935512406,48.04533816533692,100.00816666666667,100.04453846153845,100.02571584022235,100.04834209498219,-0.022626254759842368,-0.030725222568951455,-0.02526120684328863,-0.5
100.0,100.0,100.0,100.0,100.0,0.0,0.0,1,10000.0,0.009000000000000341,0.009000000000000341,-0.013999999999995794,100.03620000000001,100.0128,100.0364,100.01398147665554,100.01881673313416,100.03620518312594,0.0,0.04321428571428397,0.0,-0.0,0.04338053699787243,0.04691029798093101,0.9247550935512406,48.04533816533692,100.00933333333334,100.04369230769231,100.02175955711122,100.04476119905758,-0.023001641946351015,-0.02935620698067491,-0.02480929386390111,-0.8571428571428572
99.962,99.962,99.962,99.962,100.0,-0.038,-0.04,2,20992.0,-0.12599999999999056,-0.028999999999996362,-0.5729999999999933,100.011,100.00989999999999,100.00775,99.99665431777038,100.00848641801886,100.02913802282823,0.0379999999999967,0.040857142857141024,0.0,0.0379999999999967,0.040281927212310116,0.04627384812514999,0.8705117219420694,46.53869375585926,100.00675000000001,100.04184615384614,100.01256577909412,100.03863073986813,-0.026064960774007773,-0.02810861691030829,-0.025060427245922445,1.0
99.984,100.0,99.984,100.0,99.962,0.038,0.04,2,19998.0,-0.09199999999999875,0.01999999999999602,-0.015000000000000568,99.99260000000001,100.0119,100.007,99.99776954518026,100.00694343292452,100.02636297303506,0.0379999999999967,0.04264285714285571,0.0379999999999967,0.0,0.040118932411430594,0.042968573259067847,0.933680812940749,48.28515682072698,100.00750000000001,100.04146153846153,100.01063258231041,100.0357692035816,-0.02513662127118721,-0.026757652797321105,-0.0250756660509754,0.0
100.0,100.0,100.0,100.0,100.0,0.0,0.0,4,40000.0,-0.0010000000000047748,0.006000000000000227,-0.007999999999995566,99.9924,100.0125,100.0066,99.99851303012018,100.0056809905746,100.02385221369839,0.0,0.04214285714285637,0.0,-0.0,0.037253294382042695,0.039899389454848715,0.933680812940749,48.28515682072698,100.00825000000002,100.02642307692307,100.0089968004165,100.03311963294591,-0.024122832529414495,-0.025314502534467605,-0.024885099346663223,1.0
99.992,99.992,99.992,99.992,100.0,-0.008,-0.01,0,100.0,-0.007999999999995566,0.0010000000000047748,-0.015000000000000568,99.99080000000001,100.01259999999999,100.00585,99.99634202008014,100.00319353774285,100.02081866953664,0.007999999999995566,0.03999999999999915,0.0,0.007999999999995566,0.03459234478332536,0.03762086163664492,0.91949900343671,47.90307271795506,100.00925000000001,100.02703846153847,100.00638190804473,100.03007373420917,-0.023691826164437657,-0.023886481327816494,-0.02464644471021811,-1.0
99.993,100.005,99.993,100.005,99.992,0.013,0.01,5,49999.0,0.0049999999999954525,0.013999999999995794,-0.010000000000005116,99.9918,100.014,100.00534999999999,99.99922801338676,100.00352198542596,100.01931212958077,0.012999999999991019,0.04092857142856993,0.012999999999991019,0.0,0.03305003444165862,0.03493365723402743,0.9460800001628786,48.614650995010265,100.01016666666665,100.02696153846153,100.00616930680707,100.02821642056405,-0.022047113756983094,-0.023231126527480543,-0.024126578519571108,inf
99.975,99.975,99.975,99.975,100.005,-0.03,-0.03,0,100.0,0.012999999999991019,-0.11299999999999955,-0.07600000000000762,99.9944,100.0027,100.00155,99.9911520089245,99.99833616989396,100.01509192676356,0.030000000000001137,0.042285714285713184,0.0,0.030000000000001137,0.03068931769582586,0.034581253145882694,0.8874553379069718,47.0186139022015,100.00883333333333,100.02546153846153,100.00137402883675,100.02427446348523,-0.02290043464847713,-0.023489966766218926,-0.023881349745352314,-1.0
99.975,99.975,99.975,99.975,99.975,0.0,0.0,0,100.0,-0.025000000000005684,-0.11700000000000443,-0.02400000000000091,99.9894,99.991,100.00035,99.98576800594967,99.99409322991323,100.01127364802417,0.0,0.04128571428571348,0.0,-0.0,0.028497223574695443,0.0321111636354625,0.887455337906972,47.01861390220151,100.0075,100.00392307692307,99.99731648593878,100.02062450322705,-0.023308017288272254,-0.023655522570996998,-0.023766683253936306,-1.0
100.049,100.049,100.0,100.0,99.975,0.025,0.03,2,20105.0,0.0,-0.0010000000000047748,0.013999999999995794,99.9894,99.9909,100.00104999999999,99.99051200396644,99.99516718811083,100.01019996725996,0.07400000000001228,0.03885714285714264,0.025000000000005684,0.0,0.02824742189078903,0.029817509090072324,0.9473434486247528,48.647990126948734,100.00016666666666,100.00334615384615,99.9977293342559,100.01909676224727,-0.021367427991378918,-0.023515652930056617,-0.02328683220142483,inf
99.962,99.962,99.962,99.962,100.0,-0.038,-0.04,1,7597.0,-0.030000000000001137,-0.0379999999999967,-0.0309999999999917,99.98339999999999,99.98710000000001,99.9995,99.9810080026443,99.9891367902725,100.0056094941876,0.0379999999999967,0.039857142857142334,0.0,0.0379999999999967,0.026229748898589814,0.030401972726495495,0.8627647006514955,46.31635441393895,99.98933333333332,100.00157692307691,99.99223251360115,100.01486737245118,-0.022634858850025807,-0.02347489925268715,-0.023156437531145026,-0.5
99.971,99.992,98.0,99.992,99.962,0.03,0.03,109,1087546.0,-0.012999999999991019,-0.007999999999995566,0.0010000000000047748,99.9808,99.9863,99.99955,99.98467200176287,99.98965737385932,100.00431335188401,1.9920000000000044,0.1749285714285713,0.030000000000001137,0.0,0.026499052548690623,0.028230403246031533,0.9386707061088724,48.418264285474706,99.98858333333332,100.001,99.9921967422779,100.01317349301034,-0.020976750732444316,-0.02290954258140232,-0.022720500171404884,108.0
99.984,99.992,99.984,99.992,99.992,0.0,0.0,54,543117.0,0.017000000000010118,0.030000000000001137,0.0010000000000047748,99.98420000000002,99.9893,99.99960000000002,99.98711466784192,99.9900833058849,100.00314065170458,0.008000000000009777,0.16650000000000023,0.0,-0.0,0.024606263080927008,0.026213945871314995,0.9386707061088725,48.41826428547471,99.98791666666666,100.00011538461537,99.99216647423515,100.01160508612068,-0.01943861188553342,-0.022276430427440787,-0.022064122514230594,-0.5045871559633027
99.983,99.994,99.983,99.994,99.992,0.002,0.0,135,1349032.0,0.019000000000005457,-0.006000000000000227,0.013999999999995794,99.988,99.98870000000001,100.00030000000001,99.9894097785613,99.99079543208762,100.00227011344701,0.01099999999999568,0.16078571428571461,0.001999999999995339,0.0,0.022991530003717602,0.024341521166221066,0.9445395728029989,48.573944496355594,99.98741666666666,99.99792307692307,99.99244855512205,100.0103010056673,-0.017852450545248644,-0.021579721318089027,-0.021221788120434206,1.5
99.961,99.961,99.961,99.961,99.994,-0.033,-0.03,1,9996.0,-0.03900000000000148,-0.03900000000000148,-0.03300000000000125,99.9802,99.98479999999999,99.99865,99.9799398523742,99.98537808079897,99.99833962645205,0.03300000000000125,0.16307142857142867,0.0,0.03300000000000125,0.021349277860594918,0.02495998394006251,0.8553402082253684,46.101529219996834,99.98733333333332,99.99646153846153,99.9876103158725,100.00664907932158,-0.019038763449074736,-0.021062714349715368,-0.020785183186162313,-0.9925925925925926
99.999,99.999,99.999,99.999,99.961,0.038,0.04,1,10000.0,0.03699999999999193,0.006999999999990791,0.007999999999995566,99.9876,99.9855,99.99905,99.98629323491615,99.98785479338096,99.9984025191709,0.0379999999999967,0.16578571428571415,0.0379999999999967,0.0,0.022538615156266473,0.023177127944343758,0.9724507372263478,49.301648901701036,99.98725,99.99696153846153,99.98936257496904,100.00608248085331,-0.016719905884272634,-0.02047080236385865,-0.01997212772578438,0.0
99.988,99.993,99.988,99.993,99.999,-0.006,-0.01,2,20098.0,0.000999999999990564,-0.012000000000000455,0.001999999999995339,99.9878,99.98429999999999,99.99915,99.98852882327745,99.98879028549351,99.99788799353557,0.01099999999999568,0.16385714285714265,0.0,0.006000000000000227,0.02092871407367601,0.021950190234033506,0.9534639039814011,48.80888262322758,99.98666666666666,99.99696153846153,99.98992217881995,100.0051134081975,-0.015191229377549575,-0.019614224000422256,-0.019015948056137422,1.0
99.962,99.962,99.952,99.952,99.993,-0.041,-0.04,4,39984.0,-0.04000000000000625,-0.022999999999996135,-0.13599999999999568,99.9798,99.982,99.99235,99.97635254885165,99.9821011426765,99.99351770843694,0.04099999999999682,0.16407142857142837,0.0,0.04099999999999682,0.019433805925556297,0.023310890931602313,0.8336792438597919,45.46483506597063,99.98333333333333,99.99546153846154,99.98408799746304,100.00117908166436,-0.017091084201325657,-0.018923453657428188,-0.018630975285175072,1.0
100.029,107.888,99.969,99.996,99.952,0.044,0.04,112,1125419.0,0.001999999999995339,0.021000000000000796,-0.09600000000000364,99.9802,99.9841,99.98755,99.98290169923443,99.9846282076444,99.99375411715722,7.936000000000007,0.7309285714285717,0.04399999999999693,0.0,0.021188534073730628,0.02164582729363072,0.978873839576709,49.46620749638567,99.98258333333335,99.99565384615383,99.98592061323795,100.00079544598552,-0.014874832747565847,-0.018202054185893404,-0.01787974677765323,27.0
99.99,99.992,99.99,99.992,99.996,-0.004,0.0,15,150585.0,0.03100000000000591,-0.007999999999995566,-0.009000000000000341,99.98639999999999,99.98330000000001,99.9871,99.9859344661563,99.98596853352724,99.99358705838034,0.006000000000000227,0.7307857142857149,0.0,0.003999999999990678,0.01967506735417844,0.020385411058370717,0.9651543104939946,49.11341085735791,99.984,99.99611538461538,99.98685590350904,100.00014393146806,-0.013288027959021065,-0.01716351742022621,-0.016961403013926797,-0.8660714285714286
99.924,99.924,99.924,99.924,99.992,-0.068,-0.07,0,100.0,-0.07499999999998863,-0.0379999999999967,-0.0759999999999934,99.9714,99.9795,99.9833,99.96528964410422,99.97470152743138,99.98695971948698,0.06799999999999784,0.7347142857142869,0.0,0.06799999999999784,0.018269705400308554,0.023786453125629797,0.7680718644270267,43.44121298915263,99.97975000000001,99.99342307692308,99.97718576450765,99.99450364024821,-0.01731787574055943,-0.016756975754461223,-0.017032697559253324,-1.0
100.289,100.289,99.984,99.984,99.924,0.06,0.06,2,20027.0,-0.009000000000000341,-0.008000000000009777,-0.016000000000005343,99.9696,99.9787,99.98249999999999,99.97152642940281,99.97639215880749,99.9866778414406,0.3649999999999949,0.7586428571428578,0.05999999999998806,0.0,0.021250440728857088,0.022087420759513383,0.9621060313121533,49.03435471674013,99.97841666666666,99.99315384615385,99.97823410842955,99.99372559282243,-0.015491484392882171,-0.016318406033055528,-0.01672445492597909,inf
100.001,100.003,100.001,100.003,99.984,0.019,0.02,19,190004.0,0.05100000000000193,0.01099999999999568,0.04099999999999682,99.9798,99.9798,99.98455,99.98201761960189,99.9812299481152,99.98823233273197,0.019000000000005457,0.760000000000001,0.019000000000005457,0.0,0.021089694962510543,0.02050974784811957,1.0282766574550621,50.697061156601336,99.98183333333334,99.9936153846154,99.98204424559422,99.99441258594669,-0.01236834035246659,-0.015709060456079744,-0.015853232011276593,8.5
100.279,100.28,100.279,100.28,100.003,0.277,0.28,5,50140.0,0.284000000000006,0.28600000000000136,0.28000000000000114,100.0366,100.0084,99.99855,100.0813450797346,100.03555177573061,100.01601972961464,0.277000000000001,0.7745000000000003,0.277000000000001,0.0,0.03936900246518843,0.019044765858968173,2.0671822776256175,67.39678605687155,100.00583333333334,100.00099999999999,100.02788359242588,100.0155672092099,0.012316383215974724,-0.01222515527107425,-0.010219308965826329,-0.736842105263158
99.982,100.001,99.982,100.001,100.28,-0.279,-0.28,2,19998.0,0.009000000000000341,0.04000000000000625,0.0010000000000047748,100.0384,100.0124,99.9986,100.05456338648975,100.02926963468867,100.01458927917515,0.2980000000000018,0.7930714285714292,0.0,0.27899999999999636,0.03655693086053211,0.03761299686904161,0.9719228432611621,49.28807669035357,100.00658333333332,99.9975,100.0237476551296,100.01448815667584,0.009259498453758397,-0.0093385547890708,-0.006323547481909384,-0.6
99.991,99.991,99.991,99.991,100.001,-0.01,-0.01,17,169985.0,0.06699999999999307,-0.007999999999995566,-0.0010000000000047748,100.0518,100.0116,99.99855,100.03337559099317,100.02231151929072,100.01234268115847,0.010000000000005116,0.6515000000000006,0.0,0.010000000000005116,0.03394572151335125,0.03564063994982472,0.9524442198888797,48.782147535210335,100.00633333333333,99.9971153846154,100.01870955434043,100.01274829321838,0.005961261122052974,-0.00698827806689274,-0.003866585761116912,7.5
100.099,100.099,99.987,99.992,99.991,0.001,0.0,4,36516.0,0.008000000000009777,-0.000999999999990564,-0.012999999999991019,100.0534,100.0115,99.9979,100.01958372732878,100.01680033396514,100.0104052829529,0.11200000000000898,0.6589285714285721,0.0010000000000047748,0.0,0.03159245569096936,0.03309487995340867,0.9546025166263046,48.83870293352398,100.00891666666666,99.99680769230771,100.01460039213421,100.0112113826096,0.003389009524610742,-0.0047127120973442516,-0.0024154667039713814,-0.7647058823529411
99.994,99.999,99.994,99.999,99.992,0.007,0.01,11,110394.0,-0.0040000000000048885,0.046999999999997044,0.02400000000000091,100.05260000000001,100.0162,99.9991,100.01272248488586,100.01356390960783,100.00931906552881,0.006999999999990791,0.6586428571428574,0.006999999999990791,0.0,0.029835851713042316,0.030730959956736626,0.9708727535698705,49.26105715406104,100.00891666666666,99.99676923076923,100.01220033180587,100.01030683574963,0.0018934960562404513,-0.002849564452476885,-0.0015536741519290148,1.75
99.996,99.996,99.995,99.995,99.999,-0.004,0.0,7,69997.0,-0.2849999999999966,-0.000999999999990564,0.020000000000010232,99.9956,100.01610000000001,100.0001,100.00681498992391,100.0101886533155,100.00795534500227,0.003999999999990678,0.656571428571428,0.0,0.003999999999990678,0.02770471944782501,0.028821605674111916,0.9612482996639526,49.01206541918514,100.00908333333332,99.99803846153847,100.00955412691266,100.00917299606448,0.0003811308481829201,-0.0013307690294542202,-0.001166713151906628,-0.36363636363636365
99.994,100.098,99.994,100.098,99.995,0.103,0.1,20,200192.0,0.0969999999999942,0.10599999999999454,0.09799999999999898,100.01500000000001,100.02669999999999,100.00500000000001,100.03720999328262,100.02615435271267,100.01653102643064,0.1039999999999992,0.6612857142857139,0.10299999999999443,0.0,0.03308295377297997,0.026762919554532492,1.2361489076544765,55.28025899451786,100.02125000000001,100.0018076923077,100.02316118431071,100.01575277413377,0.007408410176935831,0.0014165960724896978,0.000548311513861864,1.8571428571428572
100.098,100.159,100.011,100.148,100.098,0.05,0.05,47,467984.0,0.15699999999999648,0.22399999999998954,0.18599999999999284,100.0464,100.0491,100.0143,100.07413999552175,100.0483081067649,100.02905188105629,0.14800000000001035,0.6710714285714293,0.04999999999999716,0.0,0.03429131421776691,0.02485128244349446,1.379860950666699,57.980738340201846,100.03391666666666,100.00750000000001,100.04236715595522,100.02554886493867,0.016818291016548415,0.005006571117981985,0.0038023074143991743,1.35
99.987,99.998,99.987,99.99,100.148,-0.158,-0.16,23,233777.0,-0.0020000000000095497,0.006000000000000227,-0.0020000000000095497,100.046,100.0497,100.0142,100.04609333034784,100.03770663280764,100.02533265428903,0.16100000000000136,0.6796428571428582,0.0,0.15800000000000125,0.03184193463078356,0.034361905126102085,0.9266638305975562,48.09680941122722,100.03375,100.00742307692306,100.03431067042365,100.02291561568396,0.011395054739693933,0.007646948350444265,0.005320856879458127,-0.5106382978723405
99.996,99.996,99.996,99.996,99.99,0.006,0.01,0,100.0,-0.0030000000000001137,-0.007000000000005002,0.003999999999990678,100.0454,100.049,100.0144,100.02939555356524,100.03012360866079,100.02253906816627,0.006000000000000227,0.11321428571428628,0.006000000000000227,0.0,0.02999608215715618,0.03190748333138051,0.9400955207161547,48.45614613702802,100.03974999999998,100.00707692307691,100.0284167211277,100.02092186637402,0.007494854753673508,0.00711122296574413,0.005755656454301203,-1.0
99.997,99.997,99.997,99.997,99.996,0.001,0.0,12,119996.0,0.001999999999995339,-0.28300000000000125,0.0030000000000001137,100.0458,100.0207,100.01455,100.01859703571017,100.02410113435882,100.02010677595996,0.0010000000000047748,0.11285714285714375,0.0010000000000047748,0.0,0.027924933431645368,0.029628377379139044,0.942506336891299,48.5201164594214,100.04083333333334,100.00792307692308,100.02358337941575,100.01914987627225,0.0044335031435025485,0.006575001264604591,0.005491225792141473,inf
100.003,100.004,99.998,100.003,99.997,0.006,0.01,75,747505.0,-0.09499999999999886,0.001999999999995339,0.04200000000000159,100.0268,100.0209,100.01665,100.01339802380679,100.02026456447538,100.01847755920187,0.007000000000005002,0.1085000000000014,0.006000000000000227,0.0,0.02635886675795643,0.02751206470920054,0.9580839183306201,48.92966585147393,100.04083333333331,100.009,100.02041670565949,100.01795358914097,0.00246311651851272,0.006186318530877897,0.004885603937415723,5.25
99.99,99.995,99.99,99.995,100.003,-0.008,-0.01,25,249981.0,-0.1529999999999916,0.0040000000000048885,-0.003999999999990678,99.9962,100.0213,100.01644999999999,100.00726534920453,100.01567100729804,100.01624160118266,0.01300000000000523,0.083357142857145,0.0,0.007999999999995566,0.02447609056095954,0.026118345801400187,0.9371225401130647,48.377039691994256,100.01708333333333,100.0088076923077,100.01650644325034,100.01625332327869,0.0002531199716457877,0.005837886358326235,0.003959107144261736,-0.6666666666666667
99.996,100.108,99.989,99.995,99.995,0.0,0.0,130,1300153.0,0.005000000000009663,0.0030000000000001137,0.0020000000000095497,99.99719999999999,100.0216,100.01655000000001,100.0031768994697,100.01191264233476,100.01421859154621,0.11899999999999977,0.09050000000000173,0.0,-0.0,0.02272779837803386,0.024252749672728745,0.9371225401130647,48.377039691994256,100.01658333333334,100.01007692307692,100.01319775967336,100.01467900303582,-0.001481243362462692,0.005462915311803663,0.0028710370429168505,4.2
99.992,100.0,99.982,99.996,99.995,0.001,0.0,27,270776.0,0.0,-0.0030000000000001137,0.04399999999999693,99.99719999999999,100.0213,100.01875,100.00078459964647,100.00901943463754,100.01248348758942,0.018000000000000682,0.07200000000000172,0.000999999999990564,0.0,0.021175812779602197,0.02252041041039098,0.9402942661218829,48.46142580224564,100.017,100.01023076923077,100.01055195049284,100.01329537318131,-0.0027434226884679447,0.005115742696620234,0.0017481450966398914,-0.7923076923076923
99.984,100.005,99.984,100.005,99.996,0.009,0.01,133,1330262.0,0.007999999999995566,0.009999999999990905,0.009000000000000341,99.99879999999999,100.0223,100.0192,100.00218973309765,100.0082886283398,100.01177077448567,0.021000000000000796,0.05221428571428736,0.009000000000000341,0.0,0.020306111866773495,0.020911809666791625,0.9710356105153353,49.26524946251246,100.01808333333334,100.01073076923078,100.00969780426317,100.0126809010938,-0.002983096830632803,0.0039611308068903854,0.0008018967111853525,3.9259259259259256
100.099,100.099,99.999,99.999,100.005,-0.006,-0.01,138,1380226.0,-0.0040000000000048885,-0.09900000000000375,0.006999999999990791,99.998,100.0124,100.01955,100.00112648873177,100.00659978682347,100.01055451024894,0.10000000000000853,0.05864285714285903,0.0,0.006000000000000227,0.018855675304861104,0.019846680404877956,0.950066959320145,48.71970958635022,100.01808333333332,100.01092307692308,100.00805198822268,100.01166750101277,-0.003615512790091202,0.001690708161708206,-8.158518906995838e-05,0.03759398496240607
99.999,99.999,99.995,99.998,99.999,-0.001,0.0,35,350194.0,0.0030000000000001137,-0.14999999999999147,0.07399999999999807,99.9986,99.9974,100.02324999999999,100.00008432582119,100.0050361892192,100.00935884260619,0.003999999999990678,0.050928571428572,0.0,0.000999999999990564,0.017508841354513884,0.018500488947386,0.9463988440688089,48.62306854284959,100.01833333333333,100.01234615384617,100.00650552849612,100.01065509353035,-0.0041495650342255885,-3.64718131717407e-05,-0.0008951811581010844,-0.7463768115942029
99.991,99.991,99.99,99.99,99.998,-0.008,-0.01,27,269973.0,-0.005000000000009663,0.0,0.006000000000000227,99.9976,99.9974,100.02355,99.9967228838808,100.00230233663387,100.00751514331037,0.008000000000009777,0.05100000000000193,0.0,0.008000000000009777,0.016258209829191465,0.017750454022573414,0.9159320549500171,47.806082297313615,100.00933333333332,100.012,100.0039662164198,100.00912508660217,-0.005158870182370379,-0.0014424412505099503,-0.0017479189629549434,-0.22857142857142854
99.991,99.993,99.991,99.993,99.99,0.003,0.0,37,369973.0,-0.0030000000000001137,-0.0030000000000001137,-0.010000000000005116,99.997,99.9971,100.02304999999998,99.9954819225872,100.00061100270044,100.00613274870939,0.0030000000000001137,0.050928571428574036,0.0030000000000001137,0.0,0.015311194841392083,0.016482564449532458,0.9289328058308547,48.15786236943245,99.99641666666666,100.012,100.00227910620137,100.00793063574275,-0.005651529541381706,-0.002563000437719312,-0.002528641078640296,0.37037037037037046
99.992,99.993,99.982,99.993,99.993,0.0,0.0,16,160887.0,-0.012000000000000455,-0.0040000000000048885,-0.28700000000000614,99.9946,99.9967,100.0087,99.99465461505815,99.99922718402762,100.00488201073706,0.01099999999999568,0.04428571428571664,0.0,-0.0,0.014217538067006935,0.015305238417422998,0.9289328058308547,48.15786236943245,99.99666666666667,100.01357692307691,100.00085155140115,100.00682466272477,-0.005973111323612557,-0.0035003590868443427,-0.0032175351276347484,-0.5675675675675675
99.971,99.971,99.971,99.971,99.993,-0.022,-0.02,3,29991.0,-0.027999999999991587,-0.031999999999996476,-0.030000000000001137,99.989,99.9935,100.0072,99.98676974337211,99.99409496874986,100.00165515257163,0.02199999999999136,0.03528571428571529,0.0,0.02199999999999136,0.013201999633649297,0.015783435673320738,0.8364465067618372,45.54701177965284,99.99458333333332,100.01261538461539,99.99625900503175,100.0041709840044,-0.007911978972657607,-0.0044075923028780535,-0.00415642389663932,-0.8125
99.976,99.987,99.976,99.987,99.971,0.016,0.02,23,229959.0,-0.01100000000000989,-0.008000000000009777,-0.0040000000000048885,99.98679999999999,99.9927,100.00699999999999,99.9868464955814,99.9928049744317,100.00025942375528,0.015999999999991132,0.024928571428571696,0.015999999999991132,0.0,0.013401856802673712,0.014656047410940686,0.9144250442768952,47.764995919298904,99.99374999999999,100.01242307692307,99.99483454271916,100.00289905926334,-0.008064516544180833,-0.005139067100846735,-0.004938042426147623,6.666666666666667
99.99,99.999,99.99,99.999,99.987,0.012,0.01,13,129995.0,0.009000000000000341,0.003999999999990678,0.006999999999990791,99.98859999999999,99.9931,100.00735,99.99089766372094,99.99393134271685,100.00013947863573,0.012000000000000455,0.02535714285714314,0.012000000000000455,0.0,0.013301724173911338,0.01360918688158778,0.9774077091929411,49.42873969030191,99.99341666666668,100.0153076923077,99.99547538230082,100.00261024005864,-0.007134857757819191,-0.005627004330774652,-0.005377405492481937,-0.4347826086956522
99.981,99.998,99.981,99.986,99.999,-0.013,-0.01,9,89990.0,-0.006999999999990791,-0.009999999999990905,-0.012999999999991019,99.9872,99.99210000000001,100.0067,99.9892651091473,99.9924892804047,99.9987928616228,0.018000000000000682,0.026571428571428562,0.0,0.012999999999991019,0.012351601018631957,0.013565673532902299,0.9105040740273073,47.65779285191376,99.99266666666666,100.01538461538462,99.99401763117763,100.00137985190615,-0.007362220728523994,-0.006113573652762562,-0.005774368539690349,-0.3076923076923077
99.983,99.99,99.983,99.99,99.986,0.004,0.0,2,20697.0,-0.0030000000000001137,-0.015000000000000568,-0.005000000000009663,99.9866,99.9906,100.00645,99.98951007276487,99.99203668396748,99.99795544623015,0.006999999999990791,0.02657142857142755,0.003999999999990678,0.0,0.01175505808872901,0.012596696851980707,0.9331857570963648,48.27191353292428,99.99225,100.0148846153846,99.99339953407338,100.0005368999131,-0.007137365839724907,-0.006504890658277418,-0.006046967999697261,-0.7777777777777778
99.97,99.996,99.954,99.996,99.99,0.006,0.01,22,220070.0,0.024999999999991473,-0.0030000000000001137,-0.10200000000000387,99.99159999999999,99.9903,100.00134999999999,99.99167338184326,99.99275728688248,99.99776921325585,0.04200000000000159,0.02864285714285586,0.006000000000000227,0.0,0.011343982510962669,0.011696932791124943,0.9698253989772365,49.23407929864163,99.99225,100.00396153846154,99.99379960575439,100.00020083325286,-0.00640122749847194,-0.006755075376527013,-0.006117819899452197,10.0
99.995,99.995,99.991,99.991,99.996,-0.005,-0.01,0,3700.0,0.0040000000000048885,-0.007000000000005002,-0.15699999999999648,99.9924,99.9896,99.9935,99.99144892122884,99.99243778017657,99.9971245262791,0.0049999999999954525,0.02049999999999841,0.0,0.0049999999999954525,0.010533698045893908,0.011218580448901408,0.9389510637172844,48.42572261298656,99.99108333333332,100.00357692307692,99.9933688971768,99.99951929004895,-0.006150392872157795,-0.00686524456428117,-0.006124334493993317,-1.0
100.0,100.0,100.0,100.0,99.991,0.009,0.01,0,300.0,0.0010000000000047748,0.010000000000005116,0.010000000000005116,99.9926,99.9906,99.994,99.99429928081923,99.99381272923537,99.99739838091918,0.009000000000000341,0.01985714285714124,0.009000000000000341,0.0,0.010424148185472938,0.010417253273979878,1.0006618742303484,50.01654138160159,99.99116666666667,100.00392307692307,99.9943890668419,99.99955489819347,-0.005165831351561678,-0.006811278098745611,-0.00593263386550699,-1.0
99.989,99.989,99.989,99.989,100.0,-0.011,-0.01,6,59993.0,0.0030000000000001137,-0.003999999999990678,-0.006999999999990791,99.9932,99.99019999999999,99.99365,99.9925328538795,99.9929376875562,99.99659853511736,0.01099999999999568,0.01914285714285516,0.0,0.01099999999999568,0.009679566172224872,0.010458878040123864,0.9254880050317746,48.06511401853693,99.99041666666666,100.00380769230767,99.99355997963546,99.99877305388283,-0.005213074247365057,-0.006726829534718111,-0.005788721941878605,inf
99.989,99.989,99.989,99.989,99.989,0.0,0.0,3,29997.0,-0.000999999999990564,-0.003999999999990678,-0.007999999999995566,99.993,99.9898,99.99325,99.99135523591967,99.99222174436417,99.99587486510619,0.0,0.01199999999999741,0.0,-0.0,0.008988168588494525,0.00971181532297216,0.9254880050317748,48.06511401853694,99.99033333333334,100.00342307692307,99.99285844430693,99.99804912396557,-0.005190679658639397,-0.006424462944271643,-0.0056691134852307635,-0.5
99.989,99.989,99.989,99.989,99.989,0.0,0.0,0,200.0,-0.006999999999990791,0.018000000000000682,-0.013999999999995794,99.9916,99.9916,99.99255000000001,99.99057015727979,99.99163597266158,99.99522011604846,0.0,0.01171428571428379,0.0,-0.0,0.008346156546459203,0.009018114228474148,0.9254880050317749,48.06511401853694,99.99000000000001,100.00319230769232,99.99226483749048,99.99737881848664,-0.005113980996156897,-0.006096625661157873,-0.005558086987415991,-1.0
100.0,100.053,100.0,100.0,99.989,0.011,0.01,29,290029.0,0.009000000000000341,0.01300000000000523,0.0049999999999954525,99.99340000000001,99.99289999999999,99.9928,99.99371343818653,99.99315670490493,99.99567534309146,0.06399999999999295,0.01571428571428259,0.01099999999999568,0.0,0.00853571679314038,0.008373963212154566,1.019316251682481,50.47828693663974,99.99058333333333,99.99942307692308,99.99345486249194,99.99757298008022,-0.004118117588276959,-0.005761432308986514,-0.005270093107588185,inf
100.0,100.0,100.0,100.0,100.0,0.0,0.0,1,10000.0,0.0,0.0010000000000047748,0.0049999999999954525,99.99340000000001,99.99300000000001,99.99305,99.99580895879103,99.99440094037676,99.99608721517798,0.0,0.015499999999996865,0.0,-0.0,0.007926022736487496,0.0077758229827149545,1.019316251682481,50.47828693663974,99.993,99.99373076923077,99.99446180672395,99.99775275933354,-0.003290952609589226,-0.005309069184660429,-0.004874265007988393,-0.9655172413793104
100.0,100.0,100.0,100.0,100.0,0.0,0.0,0,200.0,0.01099999999999568,0.013999999999995794,0.0040000000000048885,99.9956,99.9944,99.99325,99.99720597252735,99.99541895121735,99.9964598613515,0.0,0.014714285714282889,0.0,-0.0,0.007359878255309818,0.007220407055378172,1.019316251682481,50.47828693663974,99.99408333333334,99.9941153846154,99.99531383645872,99.99791922160513,-0.0026053851464098443,-0.0048055157742920886,-0.004420489035672683,-1.0
100.018,100.018,100.018,100.018,100.0,0.018,0.02,7,70113.0,0.028999999999996362,0.028000000000005798,0.01300000000000523,100.0014,99.9972,99.9939,100.00413731501824,99.99952459645056,99.99851130312754,0.018000000000000682,0.014428571428569268,0.018000000000000682,0.0,0.008119886951359165,0.006704663694279731,1.2110804242555626,54.77324166819102,99.99566666666668,99.99496153846154,99.99880401546507,99.99940668667142,-0.0006026712063516015,-0.0041612317418342724,-0.003656925469808467,inf
100.02,100.02,100.019,100.02,100.018,0.002,0.0,22,220044.0,0.0309999999999917,0.02400000000000091,0.021000000000000796,100.0076,99.99960000000002,99.99495,100.00942487667882,100.0032473970959,100.00055784568683,0.001999999999995339,0.013428571428569569,0.001999999999995339,0.0,0.007682752169118892,0.006225759144688322,1.2340265645633983,55.237774883154415,99.99849999999999,99.99584615384614,100.00206493616275,100.00093211728834,0.0011328188744101908,-0.003351985992215608,-0.0026989766009647355,2.142857142857143
100.0,100.0,99.955,99.957,100.02,-0.063,-0.06,7,70078.0,-0.043000000000006366,-0.034000000000006025,-0.04100000000001103,99.999,99.9962,99.99289999999999,99.99194991778589,99.99483877944209,99.99640947943094,0.06499999999999773,0.01721428571428366,0.0,0.06300000000000239,0.007133984157038972,0.01028106206292504,0.6938956416540976,40.96448592172449,99.99574999999999,99.99407692307692,99.99513186906078,99.99767788637809,-0.0025460173173001976,-0.003060895543964332,-0.0026683847442318283,-0.6818181818181819
99.971,99.991,99.971,99.991,99.957,0.034,0.03,4,42692.0,-0.009000000000000341,-0.009000000000000341,0.0010000000000047748,99.99719999999999,99.9953,99.99295,99.99163327852393,99.99414081954353,99.9958942909137,0.034000000000006025,0.018357142857141184,0.034000000000006025,0.0,0.009052985288679476,0.009546700487001824,0.9482842057321732,48.672786185001385,99.99533333333333,99.99392307692307,99.99449619689759,99.99718322812787,-0.0026870312302804678,-0.0027802240976216,-0.0026721140414415565,-0.4285714285714286
99.938,100.156,99.938,100.156,99.991,0.165,0.17,5,50278.0,0.1560000000000059,0.1670000000000016,0.16300000000001091,100.0284,100.012,100.00110000000001,100.04642218568263,100.0235697614447,100.01114245368383,0.21800000000000352,0.03342857142857066,0.16500000000000625,0.0,0.020192057768059962,0.008864793309358836,2.2777809998956866,69.49155541411021,100.00908333333335,100.00011538461537,100.01934293583642,100.00894743345174,0.010395502384682231,-0.0010484260928080857,-5.8590756216798674e-05,0.25
100.146,100.146,100.001,100.001,100.156,-0.155,-0.15,2,20015.0,-0.016999999999995907,0.012000000000000455,0.008000000000009777,100.025,100.01320000000001,100.0015,100.03128145712176,100.01946616845476,100.01017650571394,0.15500000000000114,0.041499999999999204,0.0,0.15500000000000114,0.01874976792748425,0.019303022358690428,0.9713384556612142,49.273043544185,100.00916666666667,100.00030769230769,100.01652094570774,100.00835873467754,0.008162211030196431,0.0004267063545645063,0.0015855696010658475,-0.6
100.009,100.445,100.009,100.01,100.001,0.009,0.01,16,160334.0,-0.009999999999990905,0.021000000000000796,0.03900000000000148,100.023,100.0153,100.00345,100.02418763808117,100.01774504691753,100.01015969564595,0.4439999999999884,0.07285714285714155,0.009000000000000341,0.0,0.01805335593266397,0.017924235047355398,1.0072037040893203,50.17944626334248,100.01091666666667,100.0005,100.01551772329117,100.00848030988661,0.007037413404560766,0.0016662097982131424,0.0026759383617648313,7.0
99.958,99.999,99.958,99.999,100.01,-0.011,-0.01,7,70099.0,0.04200000000000159,-0.0010000000000047748,0.012000000000000455,100.0314,100.01520000000001,100.00405,100.0157917587208,100.01433685656889,100.0090968674892,0.05200000000000671,0.07592857142857058,0.0,0.01100000000000989,0.016763830508902258,0.017429646829687864,0.9617997812984068,49.026398640020474,100.01175,100.0005,100.01297653509252,100.00777806470981,0.00519847038270882,0.002609479019579592,0.003180444765953629,-0.5625
99.964,99.998,99.93,99.97,99.999,-0.029,-0.03,17,172312.0,-0.021000000000000796,-0.030000000000001137,-0.028999999999996362,100.0272,100.01219999999999,100.0026,100.0005278391472,100.00627560992,100.00537335629976,0.0689999999999884,0.08007142857142721,0.0,0.028999999999996362,0.015566414043980669,0.01825610062756704,0.8526691631221129,46.02382228272193,100.01016666666668,99.99942307692307,100.0063647604629,100.00497968954613,0.0013850709167684272,0.0030528630265994,0.0028213699961165887,1.4285714285714284
99.975,100.007,99.975,100.007,99.97,0.037,0.04,15,149992.0,-0.1490000000000009,0.007000000000005002,0.021000000000000796,99.9974,100.0129,100.00365,100.00268522609814,100.00640731720726,100.0055282747474,0.03700000000000614,0.08271428571428478,0.03700000000000614,0.0,0.01709738446941106,0.016952093439883683,1.0085706836174904,50.213352800760156,100.01074999999999,100.00007692307692,100.00646248962245,100.00512934217234,0.0013331474501114826,0.0032679539884286316,0.002523725486915568,-0.11764705882352944
99.99,100.008,99.99,100.008,100.007,0.001,0.0,1,10001.0,0.006999999999990791,-0.010000000000005116,0.018000000000000682,99.9988,100.0119,100.00455,100.00445681739876,100.00669689589684,100.0057636771524,0.018000000000000682,0.08399999999999912,0.000999999999990564,0.0,0.01594757129302388,0.015741229622749136,1.0131083578106592,50.32557506802354,100.01141666666666,100.00065384615385,100.00669902968053,100.00534198349291,0.0013570461876213358,0.003292868134340981,0.0022903896270567215,-0.9333333333333333
100.149,100.15,100.001,100.008,100.008,0.0,0.0,12,120150.0,-0.0020000000000095497,-0.012000000000000455,0.012000000000000455,99.9984,100.0107,100.00515,100.00563787826584,100.00693382391559,100.00597666028074,0.1490000000000009,0.09007142857142826,0.0,-0.0,0.01480845905780789,0.014616856078267055,1.0131083578106592,50.32557506802354,100.01208333333334,100.00123076923077,100.00689917896045,100.00553887360455,0.0013603053559023692,0.003726903986919044,0.0021043727728258512,11.0
99.939,100.418,99.939,100.418,100.008,0.41,0.41,9,92337.0,0.41900000000001114,0.46100000000001273,0.4270000000000067,100.0822,100.0568,100.02650000000001,100.14309191884391,100.0816731286582,100.04521697834923,0.4790000000000134,0.12428571428571493,0.4100000000000108,0.0,0.04303642626796524,0.013572794929819408,3.1707858617545517,76.02370313062958,100.04541666666667,100.01842307692309,100.07014545912038,100.03609154963384,0.03405390948654485,0.007809230733232969,0.008494280115569653,-0.25
99.985,100.0,99.985,100.0,100.418,-0.418,-0.42,11,109987.0,0.030000000000001137,0.009000000000000341,0.0,100.0882,100.0577,100.02650000000001,100.09539461256261,100.06682346890216,100.04091059945883,0.43300000000000693,0.15521428571428686,0.0,0.41800000000000637,0.03996239582025344,0.04246045243483276,0.9411674517973336,48.48460914208629,100.04375,100.01892307692309,100.05935385002493,100.03341810151281,0.025935748512125656,0.00953592474739335,0.011982573794880854,0.22222222222222232
99.998,99.999,99.998,99.999,100.0,-0.001,0.0,15,149998.0,-0.008000000000009777,-0.1570000000000107,0.009999999999990905,100.0866,100.042,100.027,100.06326307504175,100.05449192910177,100.03691911379607,0.001999999999995339,0.15407142857142933,0.0,0.0010000000000047748,0.03710793897594963,0.03949899154663076,0.9394654780525634,48.43940192201256,100.04725,100.01892307692307,100.05006864232878,100.03086861251185,0.019200029816929032,0.010762349057030305,0.013426064999290489,0.36363636363636354
99.957,99.991,99.957,99.991,99.999,-0.008,-0.01,1,11998.0,-0.016999999999995907,-0.010000000000005116,0.001999999999995339,100.0832,100.041,100.02709999999999,100.03917538336117,100.04294794199235,100.03254586486311,0.04200000000000159,0.15692857142857264,0.0,0.007999999999995566,0.03445737190623894,0.03724906357901396,0.9250533730370646,48.05338833684659,100.04725,100.01911538461538,100.04098115889357,100.02791538195542,0.013065776938148588,0.01143216722742895,0.013354007387062109,-0.9333333333333333
99.981,99.999,99.981,99.999,99.991,0.008,0.01,41,409949.0,-0.009000000000000341,-0.01100000000000989,0.009999999999990905,100.0814,100.0399,100.02759999999999,100.02578358890746,100.03495740708465,100.02935102059044,0.018000000000000682,0.15357142857143,0.007999999999995566,0.0,0.03256755962722156,0.03458841618051296,0.9415741807099585,48.49540079718516,100.03416666666665,100.01946153846156,100.03452251906378,100.02577350181058,0.008749017253208535,0.011826672435262253,0.012433009360291396,40.0
99.98,99.995,99.98,99.995,99.999,-0.004,0.0,4,39996.0,-0.4230000000000018,-0.003999999999990678,-0.0049999999999954525,99.9968,100.0395,100.02735,100.01552239260498,100.02769242397835,100.02607949481992,0.018999999999991246,0.15250000000000036,0.0,0.003999999999990678,0.030241305368134307,0.03240352931047566,0.9332719617784865,48.27422009058343,100.03366666666666,100.01942307692308,100.0284421315155,100.02349398315795,0.004948148357556192,0.012222569928683116,0.010936037159744356,-0.9024390243902439
100.0,100.0,99.999,99.999,99.995,0.004,0.0,2,20000.0,-0.0010000000000047748,0.028999999999996362,-0.0010000000000047748,99.9966,100.0424,100.0273,100.01001492840332,100.02247561961863,100.02350049531327,0.0049999999999954525,0.13728571428571407,0.003999999999990678,0.0,0.028366926413266904,0.030088991502584542,0.942767603587853,48.52703956184848,100.03275000000001,100.01973076923076,100.0239125728208,100.02167961403514,0.0022329587856688704,0.01232254896596727,0.009195421484929259,-0.5
99.955,99.998,99.955,99.998,99.999,-0.001,0.0,8,79992.0,-0.000999999999990564,-0.009000000000000341,-0.001999999999995339,99.99640000000001,100.0415,100.0272,100.0060099522689,100.01802550696068,100.02107187671201,0.04399999999999693,0.12935714285714234,0.0,0.000999999999990564,0.02634071738374784,0.0280112063952564,0.9403635463629495,48.4632659753675,100.03266666666666,100.01965384615384,100.01992602315607,100.01992556855106,4.5460501496563666e-07,0.012171816567899896,0.0073564281089464004,3.0
100.0,100.0,100.0,100.0,99.998,0.002,0.0,3,30000.0,0.009000000000000341,-0.007999999999995566,-0.018000000000000682,99.9982,100.0407,100.02629999999999,100.00400663484594,100.01474814205874,100.01906503131086,0.001999999999995339,0.09778571428571427,0.001999999999995339,0.0,0.024602094713479804,0.02601040593845237,0.9458558536800613,48.60873182827137,100.03516666666667,100.02007692307691,100.01686048113207,100.01844960051024,-0.00158911937816697,0.011844102708558858,0.0055673186115237265,-0.625
100.343,100.343,99.966,100.0,100.0,0.0,0.0,15,146623.0,0.0010000000000047748,-0.007999999999995566,-0.01999999999999602,99.9984,100.0399,100.02529999999999,100.00267108989729,100.01206666168441,100.01724931404316,0.37700000000000955,0.12100000000000019,0.0,-0.0,0.022844802233945534,0.02415251979999149,0.9458558536800613,48.60873182827137,100.03458333333333,100.0205,100.0142665609579,100.0170829634354,-0.0028164024774923746,0.007747401379221388,0.0038905743937205067,4.0
99.984,100.0,99.982,100.0,100.0,0.0,0.0,6,58192.0,0.0049999999999954525,-0.41800000000000637,0.043000000000006366,99.99940000000001,99.9981,100.02745,100.0017807265982,100.00987272319634,100.01560652222952,0.018000000000000682,0.11735714285714392,0.0,-0.0,0.02121303064580657,0.022427339814277813,0.9458558536800613,48.60873182827137,100.03391666666668,100.02092307692307,100.01207170542592,100.01581755873647,-0.0037458533105478864,0.004449445621146551,0.0023632888528668282,-0.6
99.991,99.991,99.991,99.991,100.0,-0.009,-0.01,13,129988.0,-0.007999999999995566,-0.009000000000000341,0.0,99.9978,99.99719999999999,100.02745000000002,99.99818715106547,100.00644131897882,100.01326304392194,0.009000000000000341,0.1153571428571435,0.0,0.009000000000000341,0.0196978141711061,0.021468244113257994,0.9175326154849086,47.84964845319627,100.03250000000001,100.02057692307692,100.00882990459118,100.0139792210523,-0.005149316461114495,0.0017439627013639363,0.0008607677900705636,1.1666666666666665
99.987,100.299,99.987,100.001,99.991,0.01,0.01,7,70226.0,0.0030000000000001137,0.0020000000000095497,-0.15500000000000114,99.9984,99.9974,100.0197,99.999124767377,100.00545198825539,100.01209513497699,0.3120000000000118,0.13635714285714431,0.010000000000005116,0.0,0.0190051131588846,0.019934798105168138,0.9533637139749855,48.80625697888817,99.99775000000001,100.02061538461538,100.00762530388485,100.01301779727065,-0.0053924933857985025,-0.00030695622351907385,-0.00038988444510324957,-0.46153846153846156
99.986,99.986,99.985,99.985,100.001,-0.016,-0.02,52,519922.0,-0.015000000000000568,-0.006000000000000227,-0.016000000000005343,99.99539999999999,99.9968,100.0189,99.99441651158467,100.0017334449362,100.00951464593156,0.016000000000005343,0.1268571428571446,0.0,0.016000000000005343,0.01764760507610713,0.01965374109765651,0.8979259973161757,47.310906673174685,99.99649999999998,100.02003846153846,100.00414448790256,100.01094240488023,-0.006797916977660634,-0.002034393360282315,-0.0016714909516147266,6.428571428571429
100.386,109.19,100.002,100.011,99.985,0.026,0.03,247,2547870.0,0.01099999999999568,0.012000000000000455,0.000999999999990564,99.9976,99.998,100.01894999999999,99.99994434105645,100.00341827312961,100.0096561082238,9.204999999999998,0.7501428571428578,0.02599999999999625,0.0,0.018244204713527782,0.0182499024478239,0.9996877937121905,49.992193624204965,99.9975,100.01976923076924,100.00519918207141,100.0109466711854,-0.005747489113986148,-0.0032227975237870193,-0.0024866905840890113,3.75
100.041,100.052,100.016,100.052,100.011,0.041,0.04,77,774610.0,0.05200000000000671,0.05700000000000216,0.05300000000001148,100.00800000000001,100.0037,100.0216,100.01729622737098,100.01225131437877,100.01368885982153,0.04100000000001103,0.7221428571428581,0.04100000000001103,0.0,0.019869618662562302,0.016946337987265053,1.1725022053433642,53.970127278100975,100.00258333333335,100.02099999999999,100.01239930790658,100.01398765850499,-0.0015883505984106705,-0.003647387455351413,-0.0023070225869533433,-0.688259109311741
99.989,99.989,99.955,99.982,100.052,-0.07,-0.07,12,120178.0,-0.009000000000000341,-0.016999999999995907,0.012000000000000455,100.0062,100.00200000000001,100.0222,100.00553081824732,100.00675107540081,100.01067087317185,0.09700000000000841,0.7289285714285734,0.0,0.07000000000000739,0.018450360186664995,0.020735885273889507,0.8897792374409772,47.08376617820511,100.00116666666668,100.02196153846154,100.00772249130557,100.01161820231943,-0.0038957110138539974,-0.004080294746336853,-0.002624760272333474,-0.8441558441558441
99.966,99.999,99.966,99.999,99.982,0.017,0.02,3,29996.0,-0.0020000000000095497,0.000999999999990564,-0.008000000000009777,100.0058,100.0021,100.02180000000001,100.00335387883156,100.0053417889643,100.0095593614412,0.03300000000000125,0.7282857142857162,0.016999999999995907,0.0,0.018346763030474347,0.019254750611468828,0.9528434515036694,48.792618311006436,100.00150000000001,100.02226923076924,100.00638056956625,100.01068352066613,-0.004302951099887764,-0.00438183160430583,-0.0029603984378443323,-0.75
99.961,99.999,99.96,99.999,99.999,0.0,0.0,11,109976.0,0.013999999999995794,-0.0010000000000047748,-0.009000000000000341,100.00859999999999,100.002,100.02135000000001,100.00190258588772,100.00418873642533,100.0085537079706,0.03900000000000148,0.7297857142857163,0.0,-0.0,0.017036279956869037,0.0178794112820782,0.9528434515036693,48.79261831100643,100.00150000000001,100.01623076923077,100.00524509732529,100.00981807469086,-0.004572977365569386,-0.004577006591869943,-0.0032829142233893435,2.6666666666666665
99.953,99.953,99.953,99.953,99.999,-0.046,-0.05,1,9995.0,-0.057999999999992724,-0.046999999999997044,-0.05499999999999261,99.997,99.9973,100.0186,99.98560172392516,99.99488169343891,100.00326287864007,0.04599999999999227,0.7317142857142878,0.0,0.04599999999999227,0.015819402817092678,0.019888024761929204,0.7954235277992556,44.30283526329009,99.99775,100.01438461538461,99.99720739004447,100.00560932841745,-0.008401938372983864,-0.005094349376585051,-0.004306719053308247,-0.9090909090909091
99.996,100.007,99.996,100.007,99.953,0.054,0.05,19,188595.0,-0.045000000000001705,0.007000000000005002,-0.41100000000000136,99.988,99.998,99.99805,99.99273448261678,99.99708502190455,100.00361879496006,0.054000000000002046,0.7352142857142882,0.054000000000002046,0.0,0.018546588330157633,0.018467451564648546,1.0042852022777509,50.10690101071646,99.99833333333332,100.01426923076923,99.99871394542224,100.00571234112726,-0.006998395705025473,-0.005299802625908494,-0.0048450543836516926,18.0
99.965,99.998,99.964,99.998,100.007,-0.009,-0.01,13,129987.0,0.016000000000005343,0.007000000000005002,-0.001999999999995339,99.9912,99.99870000000001,99.99794999999999,99.99448965507787,99.99725138155826,100.00308367163053,0.043000000000006366,0.7351428571428603,0.0,0.009000000000000341,0.01722183202086066,0.017791205024316532,0.9679969399106093,49.18691285945688,99.99816666666668,100.01423076923076,99.99860410766496,100.00514105659933,-0.00653694893436807,-0.005426964353527334,-0.005183433293794969,-0.3157894736842105
99.981,99.999,99.981,99.999,99.998,0.001,0.0,2,20100.0,0.0,-0.0020000000000095497,0.0,99.9912,99.9985,99.99795,99.99599310338526,99.99756931218403,100.00269475052286,0.018000000000000682,0.7362857142857179,0.000999999999990564,0.0,0.016063129733655652,0.01652040466543678,0.9723205974041412,49.29830366745932,99.99808333333334,100.01534615384617,99.99866501417804,100.00468616351789,-0.006021149339844101,-0.005340656838214386,-0.005350976503004795,-0.8461538461538461
99.975,100.099,99.975,100.099,99.999,0.1,0.1,1,10110.0,0.10000000000000853,0.11400000000000432,0.10800000000000409,100.0112,100.0099,100.00335,100.03032873559017,100.0160112554233,100.01186667904449,0.12400000000000944,0.7182142857142892,0.10000000000000853,0.0,0.02205862046696657,0.015340375760762725,1.437945250558179,58.98185163218718,100.00708333333331,100.01888461538462,100.01410116584296,100.01167237362768,0.0024287922152836927,-0.0044321811349621815,-0.003795022759347098,-0.5
99.977,99.995,99.977,99.995,100.099,-0.104,-0.1,3,29997.0,0.04200000000000159,-0.015999999999991132,-0.003999999999990678,100.0196,100.00829999999999,100.00315,100.01855249039346,100.01219102716452,100.01026032865929,0.12199999999999989,0.7256428571428606,0.0,0.1039999999999992,0.0204830047193261,0.02167320606356533,0.9450842048588248,48.58834401605865,100.00658333333332,100.0183846153846,100.01116252494404,100.0104373829886,0.0007251419554421545,-0.004175126406756312,-0.002890989816389248,2.0
99.999,99.999,99.979,99.979,99.995,-0.016,-0.02,2,19998.0,-0.028000000000005798,-0.0730000000000075,-0.016000000000005343,100.014,100.001,100.00235,100.00536832692899,100.00615629495277,100.00728315450125,0.01999999999999602,0.7264285714285746,0.0,0.016000000000005343,0.019019932953659953,0.021267977059025334,0.8942991099188066,47.21002640164562,100.00608333333334,100.01726923076923,100.00621444418343,100.0081086879524,-0.0018942437689730696,-0.0039527411573250975,-0.0026916406069060128,-0.33333333333333337
100.009,100.01,100.0,100.001,99.979,0.022,0.02,42,420516.0,0.0030000000000001137,0.019000000000005457,0.0020000000000095497,100.0146,100.0029,100.00245,100.00391221795266,100.00521878677954,100.00668475883447,0.03100000000000591,0.7063571428571456,0.02200000000000557,0.0,0.019232794885541783,0.019748835840523525,0.9738698038127972,49.33809727124026,100.00525,100.00123076923076,100.00541222200137,100.00758211847445,-0.002169896473077415,-0.0037157350876795034,-0.0025872917801402933,20.0
99.995,100.383,99.995,100.383,100.001,0.382,0.38,5,50238.0,0.38400000000000034,0.38400000000000034,0.3849999999999909,100.0914,100.0413,100.0217,100.13027481196845,100.07390628009234,100.04252430561213,0.387999999999991,0.7329285714285732,0.3819999999999908,0.0,0.04514473810800242,0.01833820470905756,2.461786135788126,71.11317797301376,100.03283333333333,100.01596153846154,100.06350264938578,100.0353908504393,0.02811179894648319,-8.40932752292171e-05,0.0035525263651844043,-0.8809523809523809
100.0,100.443,99.985,100.059,100.383,-0.324,-0.32,5,50093.0,-0.04000000000000625,0.060000000000002274,0.0589999999999975,100.0834,100.0473,100.02465000000001,100.1065165413123,100.07119604734828,100.04409341936335,0.4579999999999984,0.10814285714285887,0.0,0.32399999999999807,0.041920113957430824,0.040171190086981876,1.0435367701743972,51.065230897966224,100.03925,100.01826923076922,100.06280993409565,100.03713967633269,0.025670257762968163,0.0037017062954321192,0.007976072644741157,0.0
99.971,100.005,99.971,99.996,100.059,-0.063,-0.06,117,1172126.0,0.000999999999990564,0.042999999999992156,-0.0040000000000048885,100.0836,100.05160000000001,100.02444999999999,100.06967769420821,100.0575240387395,100.0395130937097,0.08799999999999386,0.1115000000000005,0.0,0.06300000000000239,0.03892582010332862,0.04180181936648334,0.931199184467538,48.218702242476574,100.03899999999999,100.01846153846154,100.05253148269632,100.03409229290062,0.018439189795699917,0.006528104684401607,0.010068696074932909,22.4
99.996,99.997,99.995,99.996,99.996,0.0,0.0,68,681367.0,0.016999999999995907,-0.01100000000000989,-0.0040000000000048885,100.087,100.0505,100.02425000000001,100.04511846280548,100.04633784987777,100.03536898954687,0.001999999999995339,0.10471428571428529,0.0,-0.0,0.03614540438166229,0.038815975126020245,0.9311991844675379,48.21870224247656,100.03875,100.01834615384615,100.04383433151227,100.03127064157465,0.012563689937621803,0.008650397892400482,0.010567694847470688,-0.41880341880341876
100.003,100.01,100.0,100.01,99.996,0.014,0.01,11,110208.0,0.009000000000000341,0.012000000000000455,0.019000000000005457,100.08879999999999,100.05170000000001,100.0252,100.03341230853698,100.03973096808181,100.0329528953043,0.014000000000010004,0.10335714285714305,0.014000000000010004,0.0,0.034563589782972845,0.036043405474161655,0.9589435106999076,48.952075721534634,100.0435,100.01892307692309,100.03862904974115,100.02969503849505,0.008934011246097384,0.010312082401949536,0.010240958127196028,-0.8382352941176471
99.989,99.995,99.986,99.995,100.01,-0.015,-0.01,272,2715315.0,-0.387999999999991,-0.003999999999990678,-0.006000000000000227,100.0112,100.0513,100.0249,100.02060820569133,100.03159806479421,100.02933833384677,0.02400000000000091,0.10228571428571444,0.0,0.015000000000000568,0.03209476194133193,0.03454030508315015,0.9291974076102983,48.16497285061654,100.04250000000002,100.01876923076924,100.0319168882425,100.02712503564356,0.004791852598941659,0.010574644666800422,0.009151137021545155,23.727272727272727
99.988,99.995,99.988,99.995,99.995,0.0,0.0,553,5529505.0,-0.06399999999999295,-0.1039999999999992,0.010000000000005116,99.9984,100.0409,100.0254,100.01207213712756,100.02494387119526,100.02606801633755,0.007000000000005002,0.09950000000000106,0.0,-0.0,0.029802278945522506,0.032073140434353706,0.9291974076102985,48.16497285061654,100.04225000000001,100.01865384615385,100.02623736697443,100.02474540337367,0.0014919636007562076,0.010659847071835316,0.007619302337387365,1.0330882352941178
99.966,99.998,99.966,99.998,99.995,0.003,0.0,2,20099.0,0.0020000000000095497,0.0030000000000001137,-0.012999999999991019,99.99879999999999,100.0412,100.02475000000001,100.00738142475171,100.02004498552338,100.02339487192445,0.03200000000001069,0.09792857142857311,0.0030000000000001137,0.0,0.027887830449413765,0.02978220183189987,0.936392500689555,48.35757731741385,100.04216666666667,100.01857692307694,100.02189315667067,100.02276426238303,-0.0008711057123633736,0.010773529078125281,0.005921220727437218,-0.9963833634719711
99.991,100.0,99.991,100.0,99.998,0.002,0.0,3,30300.0,0.0040000000000048885,0.021000000000000796,-0.05200000000000671,99.9996,100.0433,100.02215,100.00492094983449,100.01640044270096,100.02116678888402,0.009000000000000341,0.09550000000000125,0.001999999999995339,0.0,0.026038699703026736,0.02765490170104988,0.9415582085413167,48.49497709619042,100.03391666666668,100.01857692307694,100.01852497872135,100.02107802072503,-0.0025530420036830037,0.010730957352502438,0.004226368181213173,0.5
99.975,100.0,99.975,99.999,100.0,-0.001,0.0,7,69997.0,-0.01100000000000989,-0.0020000000000095497,0.016999999999995907,99.9974,100.0431,100.023,100.00294729988967,100.01323672584624,100.01905566613317,0.025000000000005684,0.09600000000000161,0.0,0.0010000000000047748,0.02417879258138197,0.025750980150975232,0.9389464960022611,48.42560111577035,100.03425,100.01853846153845,100.01552113584114,100.01944261178242,-0.0039214759412828926,0.007171704587195096,0.00259679935671396,1.3333333333333335
99.988,99.988,99.988,99.988,99.999,-0.011,-0.01,1,9999.0,-0.007000000000005002,-0.394999999999996,-0.01099999999999568,99.99600000000001,100.0036,100.02244999999999,99.99796486659312,100.00864823023782,100.0160979836443,0.01099999999999568,0.08792857142857205,0.0,0.01099999999999568,0.022451735968426118,0.02469733871161955,0.9090751125287468,47.61861419504823,100.03499999999998,100.01842307692309,100.0112871149425,100.01711352942817,-0.005826414485667897,0.003672074337346645,0.0009121565882375888,-0.8571428571428572
99.983,99.991,99.983,99.991,99.988,0.003,0.0,1,11099.0,-0.0040000000000048885,-0.06799999999999784,-0.007999999999995566,99.9952,99.9968,100.02205,99.99564324439542,100.00543946110368,100.0137076994877,0.007999999999995566,0.0797857142857146,0.0030000000000001137,0.0,0.02106232625639569,0.02293324308936101,0.9184190031180867,47.8737440374257,100.03416666666665,100.01803846153847,100.00816602033598,100.01517919391497,-0.007013173578997112,0.0008440339623803084,-0.0006729094452093513,0.0
99.996,99.996,99.994,99.994,99.991,0.003,0.0,6,56397.0,-0.0040000000000048885,-0.001999999999995339,0.04099999999999682,99.9944,99.9966,100.0241,99.99509549626363,100.00335955908483,100.01183077572696,0.0049999999999954525,0.07871428571428599,0.0030000000000001137,0.0,0.019772160095224575,0.021295154297263797,0.9284816545219909,48.14573435764065,100.00175,100.0183846153846,100.00598663259198,100.0136103647361,-0.007623732144111273,-0.0013990129355900332,-0.002063073984989736,5.0
99.999,99.999,99.999,99.999,99.994,0.005,0.01,8,79999.0,-0.0010000000000047748,0.0030000000000001137,-0.008000000000009777,99.9942,99.99690000000001,100.0237,99.9963969975091,100.00256691197848,100.01060879708629,0.0049999999999954525,0.07685714285714239,0.0049999999999954525,0.0,0.01871700580270821,0.019774071847459242,0.9465428237084689,48.626868732595184,99.99675,100.01792307692307,100.00491176603937,100.01252811549638,-0.007616349457009619,-0.0032379419026019227,-0.0031737290793937127,0.33333333333333326
99.998,99.999,99.959,99.997,99.999,-0.002,0.0,9,90998.0,-0.001999999999995339,-0.01300000000000523,-0.0010000000000047748,99.9938,99.9956,100.02365,99.99659799833941,100.0015547461642,100.00931272117332,0.03999999999999204,0.0519999999999996,0.0,0.001999999999995339,0.017380076816800483,0.018504495286926107,0.9392353883372299,48.4332842720328,99.99683333333333,100.01580769230769,100.00369457126409,100.01137788471887,-0.007683313454776908,-0.0046240714641262075,-0.004075645954470352,0.125
100.001,100.001,100.001,100.001,99.997,0.004,0.0,19,194602.0,0.01300000000000523,0.006000000000000227,0.0020000000000095497,99.9964,99.9962,100.02375,99.99806533222628,100.00145388322525,100.00852103344252,0.0040000000000048885,0.019571428571428635,0.0040000000000048885,0.0,0.016424357044172225,0.017182745623574244,0.9558633645625568,48.87168407985098,99.99725000000001,100.01653846153847,100.00328002183885,100.01060915251747,-0.0073291306786273935,-0.005604193050724386,-0.00472634289930176,1.1111111111111112
100.021,100.021,100.021,100.021,100.001,0.02,0.02,6,60013.0,0.030000000000001137,0.02599999999999625,-0.07800000000000296,100.0024,99.9988,100.01985,100.0057102214842,100.00500772263884,100.009709506448,0.01999999999999602,0.014714285714285933,0.01999999999999602,0.0,0.016679760112445353,0.015955406650461797,1.0453986211603445,51.10977441489107,99.99816666666668,100.0173846153846,100.00600617232517,100.01137884492358,-0.005372672598412009,-0.006104367149174234,-0.00485560883912381,-0.6842105263157895
99.982,99.992,99.982,99.992,100.021,-0.029,-0.03,2,22797.0,-0.001999999999995339,-0.006000000000000227,-0.0030000000000001137,100.00200000000001,99.9982,100.0197,100.00114014765614,100.00264268215905,100.00802288678629,0.03900000000000148,0.017357142857143515,0.0,0.028999999999996362,0.015488348675842114,0.016887163318285697,0.9171669855926056,47.8397026698801,99.99791666666668,100.0171153846154,100.00385137658283,100.00994337492924,-0.006091998346406058,-0.006497584520587907,-0.00510288674058026,-0.6666666666666667
99.999,99.999,99.995,99.995,99.992,0.003,0.0,18,180297.0,-0.003999999999990678,-0.0049999999999954525,0.016000000000005343,100.00120000000001,99.9977,100.0205,99.99909343177077,100.00125310358467,100.00678261185428,0.006999999999990791,0.016857142857142144,0.0030000000000001137,0.0,0.01459632377042483,0.015680937366979578,0.9308323494207245,48.208864415389904,99.99791666666665,100.01873076923077,100.00248962633931,100.00883645826782,-0.00634683192851071,-0.006767068519168775,-0.005351675778166351,8.0
99.996,100.0,99.991,100.0,99.995,0.005,0.01,20,200299.0,0.0030000000000001137,0.0010000000000047748,-0.0010000000000047748,100.0018,99.99780000000001,100.02045,99.99939562118053,100.00102526656927,100.00613664882053,0.009000000000000341,0.015785714285713532,0.0049999999999954525,0.0,0.013910872072537018,0.014560870412195323,0.9553599255224533,48.85852026793432,99.99808333333333,100.01846153846154,100.0021066069025,100.00818190580354,-0.006075298901038195,-0.0067947223430988085,-0.00549640040274072,0.11111111111111116
100.0,100.014,100.0,100.012,100.0,0.012,0.01,44,443023.0,0.01099999999999568,0.02400000000000091,-0.3709999999999951,100.004,100.00019999999999,100.0019,100.00359708078703,100.00302067264758,100.00669506321857,0.013999999999995794,0.016285714285712873,0.012000000000000455,0.0,0.013774381210212978,0.013520808239895658,1.0187542760623662,50.464501209601075,99.99908333333333,100.019,100.00362866737905,100.00846472759588,-0.004836060216831584,-0.00655282085841375,-0.005364332365558893,1.2000000000000002
99.999,100.0,99.999,100.0,100.012,-0.012,-0.01,10,101699.0,-0.021000000000000796,0.009000000000000341,-0.0589999999999975,99.99980000000001,100.0011,99.99895000000001,100.00239805385803,100.00247145943892,100.00605743815014,0.01300000000000523,0.014928571428569626,0.0,0.012000000000000455,0.012790496838054909,0.013412179079903143,0.9536479316191233,48.813704669334626,99.99916666666667,100.01903846153846,100.0030704108592,100.00783771073692,-0.004767299877727282,-0.006235439495482196,-0.005244925867992571,-0.7727272727272727
99.987,100.0,99.987,100.0,100.0,0.0,0.0,11,109992.0,0.007999999999995566,0.006000000000000227,0.0040000000000048885,100.0014,100.0017,99.99915000000001,100.00159870257202,100.0020221031773,100.0054805392787,0.01300000000000523,0.015214285714284261,0.0,-0.0,0.011876889921050987,0.01245416628848149,0.9536479316191234,48.81370466933463,100.00016666666669,100.01523076923078,100.00259803995777,100.00725713957122,-0.0046590996134483476,-0.005906856179530943,-0.005127760617083727,0.10000000000000009
99.985,99.998,99.985,99.997,100.0,-0.003,0.0,42,421966.0,0.001999999999995339,-0.001999999999995339,0.0010000000000047748,100.0018,100.00150000000001,99.9992,100.0000658017147,100.0011089935087,100.0046728688712,0.015000000000000568,0.014499999999998181,0.0,0.0030000000000001137,0.011028540640975916,0.011778868696447106,0.9362988012849219,48.35507828975553,100.00066666666665,100.0153076923077,100.0017368030412,100.00649735145484,-0.004760548413642596,-0.005582104508293797,-0.005054318176395501,2.8181818181818183
99.997,99.997,99.997,99.997,99.997,0.0,0.0,1,10000.0,-0.0030000000000001137,0.0,-0.01300000000000523,100.0012,100.0015,99.99855,99.9990438678098,100.00036190377983,100.00394211945489,0.0,0.013714285714284204,0.0,-0.0,0.010240787738049066,0.01093752093241517,0.9362988012849219,48.35507828975553,100.00091666666667,100.016,100.00100806411179,100.00579384393967,-0.004785779827884085,-0.005299509969322319,-0.005000610506693218,-0.9761904761904762
99.998,100.065,99.998,100.065,99.997,0.068,0.07,14,142311.0,0.05299999999999727,0.06399999999999295,0.06999999999999318,100.0118,100.0079,100.00205000000001,100.02102924520653,100.01211428491078,100.00975715569729,0.06799999999999784,0.017999999999998652,0.06799999999999784,0.0,0.014366445756759692,0.010156269437242658,1.4145396442593847,58.584237687812674,100.00641666666667,100.01846153846154,100.01085297732536,100.01017948512933,0.0006734921960287465,-0.004627713881051123,-0.003865789966148825,13.0
99.964,99.995,99.964,99.995,100.065,-0.07,-0.07,4,40196.0,-0.0049999999999954525,-0.02599999999999625,0.0,100.01079999999999,100.0053,100.00205,100.0123528301377,100.00900259674518,100.00835171229755,0.10099999999999909,0.02485714285714177,0.0,0.06999999999999318,0.013340271059848285,0.014430821620296266,0.9244290734690966,48.036536457156245,100.00625000000001,100.00353846153847,100.00841405773683,100.00905507882345,-0.0006410210866221178,-0.00402204974107513,-0.0032208361902434837,-0.7142857142857143
99.995,99.995,99.995,99.995,99.995,0.0,0.0,16,159992.0,-0.0049999999999954525,0.0030000000000001137,-0.0030000000000001137,100.0098,100.0056,100.0019,100.00656855342514,100.00645667006424,100.00708012065016,0.0,0.024499999999999238,0.0,-0.0,0.012387394555573408,0.01340004864741796,0.9244290734690968,48.036536457156245,100.00574999999999,100.00107692307694,100.00635035654655,100.00801396187357,-0.0016636053270246975,-0.0035016912297989064,-0.0029093900175997268,3.0
99.995,99.996,99.988,99.996,99.995,0.001,0.0,21,209979.0,-0.0010000000000047748,0.000999999999990564,-0.0040000000000048885,100.0096,100.0057,100.0017,100.00304570228343,100.00455545732528,100.00602487106443,0.007999999999995566,0.022214285714285204,0.000999999999990564,0.0,0.011574009230174634,0.012442902315459536,0.9301695807572679,48.191080723193885,100.00366666666666,100.00107692307694,100.00475799400093,100.00712403877182,-0.0023660447708948595,-0.0030895518820052027,-0.0028007209682587536,0.3125
99.995,99.995,99.995,99.995,99.996,-0.001,0.0,12,119994.0,-0.001999999999995339,-0.0049999999999954525,-0.003999999999990678,100.0092,100.0052,100.0015,100.0003638015223,100.00281810144796,100.004974883344,0.000999999999990564,0.021999999999998465,0.0,0.000999999999990564,0.01074729428516216,0.011625552150068896,0.9244545245189468,48.03722367770843,100.00391666666667,100.00103846153846,100.00325676415463,100.00622596182576,-0.0029691976711347934,-0.0028821227102611147,-0.0028344163088339616,-0.4285714285714286
99.95,100.0,99.95,100.0,99.995,0.005,0.01,16,159988.0,-0.06499999999999773,-0.012000000000000455,0.012000000000000455,99.9962,100.004,100.00210000000001,100.0002425343482,100.0023057193665,100.00450108493028,0.04999999999999716,0.02414285714285569,0.0049999999999954525,0.0,0.01033677326479311,0.010795155567921117,0.957538147528866,48.915427203175156,100.00433333333335,100.00065384615384,100.00275572351545,100.0057647794683,-0.0030090559528446192,-0.002686762274163041,-0.0028693442376360933,0.33333333333333326
99.994,99.994,99.994,99.994,100.0,-0.006,-0.01,1,9999.0,-0.0010000000000047748,-0.006000000000000227,0.0030000000000001137,99.99600000000001,100.00340000000001,100.00224999999999,99.99816168956548,100.0007955885726,100.0035009816036,0.006000000000000227,0.021785714285712743,0.0,0.006000000000000227,0.009598432317307889,0.010452644455926767,0.9182778920472578,47.8699095607695,100.00383333333333,100.00061538461539,100.00140868912847,100.0048933143225,-0.003484625194033697,-0.002556265116450302,-0.002992400428915614,-0.9375
99.999,99.999,99.999,99.999,99.994,0.005,0.01,6,59999.0,0.003999999999990678,-0.0010000000000047748,0.0049999999999954525,99.99680000000001,100.0033,100.0025,99.99844112637699,100.00046911792302,100.00307231668896,0.0049999999999954525,0.021642857142855933,0.0049999999999954525,0.0,0.009269972866071285,0.009706026994789141,0.9550738804917852,48.851037805872735,100.00274999999999,100.00076923076924,100.00103812157023,100.00445677252083,-0.0034186509505929052,-0.0024071653983336696,-0.0030776505332510726,5.0
99.998,99.998,99.998,99.998,99.999,-0.001,0.0,1,10000.0,0.0020000000000095497,0.0010000000000047748,-0.000999999999990564,99.9972,100.0034,100.00245,99.99829408425134,100.00002018739156,100.00258923890905,0.000999999999990564,0.021071428571426663,0.0,0.000999999999990564,0.008607831947066194,0.009084167923732102,0.9475641599026924,48.65380968758617,100.00258333333333,100.00076923076924,100.00057071825174,100.00397849307484,-0.003407774823102727,-0.002254053731135741,-0.0031436753912214037,-0.8333333333333334
100.0,100.0,100.0,100.0,99.998,0.002,0.0,6,60200.0,0.0049999999999954525,0.0030000000000001137,0.0030000000000001137,99.9982,100.00370000000001,100.0026,99.99886272283423,100.00001651695672,100.00234264472724,0.001999999999995339,0.020214285714283773,0.001999999999995339,0.0,0.008135843950846848,0.008435298786322666,0.9644997950800076,49.09645689429694,100.00258333333333,100.00076923076924,100.00048291544378,100.00368378988411,-0.0032008744403242417,-0.0026845389129527397,-0.0031551152010419717,5.0
100.063,100.063,100.063,100.063,100.0,0.063,0.06,5,50032.0,0.06300000000000239,-0.001999999999995339,0.06199999999999761,100.01079999999999,100.0035,100.0057,100.02024181522283,100.01146805932822,100.00811953570559,0.06300000000000239,0.02378571428571214,0.06300000000000239,0.0,0.012054712240072244,0.007832777444442475,1.5390086499425977,60.61454930361864,100.00808333333335,100.00323076923078,100.01010092845243,100.00807758322603,0.0020233452264051266,-0.0023884982115052683,-0.0021194231155525524,-0.16666666666666663
99.959,99.99,99.959,99.99,100.063,-0.073,-0.07,2,19995.0,-0.0040000000000048885,-0.005000000000009663,-0.03100000000000591,100.01,100.003,100.00415,100.01016121014857,100.00756477581399,100.00639386563839,0.1039999999999992,0.030285714285711713,0.0,0.0730000000000075,0.01119366136578137,0.012487579055554263,0.8963836237579308,47.268053390042994,100.0075,100.00330769230769,100.00700847792129,100.00673850298706,0.0002699749342269797,-0.002173655960255082,-0.001641543505596646,-0.6
99.93,99.991,99.93,99.991,99.99,0.001,0.0,2,18989.0,-0.007999999999995566,-0.0040000000000048885,-0.0010000000000047748,100.00840000000001,100.0026,100.0041,100.00377414009905,100.00455299839327,100.00492778319664,0.06099999999999284,0.03357142857142544,0.0010000000000047748,0.0,0.010465542696797328,0.011595609123014673,0.9025435909205997,47.43878643452676,100.00133333333333,100.00330769230769,100.00454563516416,100.00557268795099,-0.0010270527868243562,-0.002024879073136137,-0.0015186453618421883,0.0
99.97,99.97,99.97,99.97,99.991,-0.021,-0.02,5,49985.0,-0.028000000000005798,-0.02599999999999625,-0.025000000000005684,100.00280000000001,100.0,100.00285,99.99251609339939,99.99827063504902,100.0016013276541,0.021000000000000796,0.0350714285714255,0.0,0.021000000000000796,0.009718003932740376,0.012267351328513683,0.792184365842061,44.20216920427446,99.99925,100.00238461538463,99.99923092206198,100.0029376740287,-0.0037067519667175475,-0.0021068295504231096,-0.00195626668281726,1.5
99.974,99.974,99.974,99.974,99.97,0.004,0.0,13,130166.0,-0.02599999999999625,-0.021000000000000796,-0.02599999999999625,99.9976,99.99789999999999,100.00155000000001,99.98634406226626,99.99385779231282,99.99897262978227,0.0040000000000048885,0.030499999999997435,0.0040000000000048885,0.0,0.009309575080402128,0.011391111947905562,0.8172665779229605,44.97230003850359,99.9975,100.00142307692307,99.99534924174475,100.00079414261917,-0.005444900874422842,-0.0023774789861540236,-0.0026539935211383767,1.6
100.35,100.35,100.35,100.35,99.974,0.376,0.38,1,10035.0,0.28699999999999193,0.3499999999999943,0.33799999999999386,100.05499999999999,100.0329,100.01845,100.10756270817751,100.05861092098321,100.03240380789825,0.37599999999999056,0.05014285714285397,0.37599999999999056,0.0,0.03550174828894416,0.010577461094483737,3.3563582008785375,77.04504648404873,100.027,100.01500000000001,100.04991089686094,100.0266612431659,0.02324965369503218,0.0005929964459644074,0.0025267359220957344,-0.9230769230769231
99.962,99.963,99.962,99.963,100.35,-0.387,-0.39,2,19993.0,-0.027000000000001023,-0.03100000000000591,-0.03700000000000614,100.0496,100.0298,100.0166,100.05937513878501,100.04122711716808,100.02579392143176,0.387999999999991,0.07785714285713904,0.0,0.38700000000000045,0.032965909125448146,0.037464785302020645,0.879917203840753,46.8061679547931,100.02433333333333,100.01353846153846,100.03653998965156,100.02194559552399,0.014594394127570354,0.0025944458990936584,0.004940267563190659,1.0
99.928,100.0,99.928,100.0,99.963,0.037,0.04,5,49978.0,0.009000000000000341,0.0010000000000047748,0.0,100.0514,100.0299,100.0166,100.03958342585668,100.03373127768297,100.02333735748587,0.07200000000000273,0.08242857142856812,0.03700000000000614,0.0,0.03325405847363086,0.034788729209019174,0.9558859788706958,48.87227523470527,100.02433333333333,100.01273076923077,100.03091845278209,100.02031999585554,0.010598456926544486,0.004150693871276682,0.006071905435861424,1.5
99.803,99.999,99.803,99.999,100.0,-0.001,0.0,5,49980.0,0.028999999999996362,0.000999999999990564,0.001999999999995339,100.0572,100.03,100.0167,100.02605561723779,100.02741649992242,100.02101951391577,0.19700000000000273,0.09642857142856899,0.0,0.0010000000000047748,0.03087876858265723,0.03237524855123243,0.9537770353729613,48.81708701171689,100.02475,100.013,100.02600792158484,100.01874073690328,0.007267184681552408,0.0053138115514851985,0.0063109612849996215,0.0
100.0,100.09,99.994,99.994,99.999,-0.005,-0.01,45,448657.0,0.01999999999999602,-0.006000000000000227,-0.0030000000000001137,100.0612,100.0294,100.01655,100.01537041149187,100.02134077266379,100.01844622687618,0.09600000000000364,0.09971428571428374,0.0,0.0049999999999954525,0.02867314225532457,0.030419873654715504,0.9425792684342669,48.52204920286175,100.02433333333333,100.01296153846154,100.02108362595641,100.01690808972526,0.004175536231144861,0.005552943885345169,0.00588387627422867,8.0
100.336,100.336,99.955,99.995,99.994,0.001,0.0,24,242676.0,-0.35499999999998977,-0.06799999999999784,-0.06999999999999318,99.9902,100.0226,100.01304999999999,100.00858027432793,100.01655154127037,100.01621325288798,0.3810000000000002,0.12649999999999803,0.0010000000000047748,0.0,0.026696489237087444,0.02824702553652154,0.9451079796904861,48.588972414830955,100.02408333333334,100.01276923076922,100.01707076042464,100.01528526826414,0.0017854921605078289,0.005721334688265263,0.005064199451484502,-0.4666666666666667
99.975,100.195,99.975,100.0,99.995,0.005,0.01,4,40256.0,0.03700000000000614,0.010000000000005116,0.0049999999999954525,99.9976,100.0236,100.0133,100.00572018288528,100.01354217013031,100.0146691335653,0.21999999999999886,0.14185714285714113,0.0049999999999954525,0.0,0.02514674000586659,0.026229380855341433,0.9587241172238966,48.946357927256145,100.02408333333334,100.01230769230769,100.01444448959009,100.01415302617049,0.00029146341960029076,0.005867836488979113,0.00410965224510766,-0.8333333333333334
100.01,100.29,100.01,100.15,100.0,0.15,0.15,16,161998.0,0.15000000000000568,0.15900000000000603,0.15500000000000114,100.02759999999999,100.0395,100.02105,100.05381345525686,100.03835268465207,100.02755778751147,0.29000000000000625,0.1624999999999994,0.15000000000000568,0.0,0.03406483000544795,0.024355853651388475,1.398630099072959,58.30953674822609,100.03133333333335,100.01807692307692,100.03529918349932,100.02421576497268,0.011083418526638411,0.007511188766018664,0.00550440550141381,3.0
100.15,100.18,100.15,100.18,100.15,0.03,0.03,43,426760.0,0.1810000000000116,0.21000000000000796,0.1840000000000117,100.0638,100.0605,100.03025,100.09587563683792,100.06410674198806,100.04207609346275,0.030000000000001137,0.1644999999999998,0.030000000000001137,0.0,0.0337744850050589,0.02261614981914644,1.493379079778911,59.89378397733767,100.04716666666667,100.025,100.05756084757634,100.03575533793767,0.021805509638667786,0.010539012156362068,0.008764626328864607,1.6875
100.0,100.466,100.0,100.429,100.18,0.249,0.25,26,257565.0,0.4350000000000023,0.4549999999999983,0.4339999999999975,100.1508,100.10600000000001,100.05195,100.20691709122528,100.1304509707175,100.07892598932345,0.465999999999994,0.19328571428571348,0.24899999999999523,0.0,0.049147736076125784,0.021000710546350266,2.3402891996274486,70.06247243168248,100.08366666666666,100.04161538461538,100.1147053325646,100.0648845721645,0.04982076040009531,0.013491357345813526,0.016975853143110748,-0.39534883720930236
100.418,100.418,100.005,100.028,100.429,-0.401,-0.4,4,42449.0,0.03300000000000125,-0.3219999999999885,0.028000000000005798,100.15740000000001,100.0738,100.05335,100.14727806081686,100.11182352149613,100.07407589510217,0.4240000000000066,0.2161428571428569,0.0,0.40099999999999625,0.04563718349925966,0.048143516935896406,0.9479403750254898,48.66372642504961,100.08850000000001,100.04280769230769,100.10136605063158,100.0621523816338,0.039213668997788886,0.016226832331393364,0.021423416314046376,-0.8461538461538461
100.0,100.142,100.0,100.142,100.028,0.114,0.11,4,40028.0,0.1419999999999959,0.17900000000000205,0.14799999999999613,100.1858,100.0917,100.06075000000001,100.14551870721124,100.11731015395138,100.0805448574734,0.1419999999999959,0.2219285714285714,0.11399999999999011,0.0,0.05052024182074041,0.04470469429761809,1.1300880727291356,53.053584365703315,100.1025,100.04576923076924,100.1076174274575,100.0680670200313,0.03955040742620497,0.019443715720244528,0.025048814536478094,0.0
100.0,100.0,99.991,99.991,100.142,-0.151,-0.15,14,141692.0,-0.15900000000000603,-0.009000000000000341,-0.007999999999995566,100.15400000000001,100.0908,100.06035,100.09401247147416,100.09434467141476,100.07201677580926,0.15099999999999625,0.23121428571428534,0.0,0.15099999999999625,0.04691165311925895,0.052297216133502245,0.8970200822832473,47.28574518850622,100.07258333333334,100.04561538461537,100.08967628477174,100.06235835188083,0.027317932890909447,0.02167157663239531,0.025502638207364366,2.5
100.0,100.0,100.0,100.0,99.991,0.009,0.01,4,40100.0,-0.18000000000000682,0.0010000000000047748,0.001999999999995339,100.11800000000001,100.0909,100.06045,100.06267498098278,100.07719109479389,100.06515803525599,0.009000000000000341,0.23157142857142787,0.009000000000000341,0.0,0.04420367789645476,0.04856170069539494,0.9102580276939632,47.651051035907116,100.07566666666668,100.04580769230769,100.0758799332684,100.05773921470447,0.018140718563927294,0.023223263558260026,0.024030254278676954,-0.7142857142857143
99.982,100.0,99.982,100.0,100.0,0.0,0.0,1,11100.0,-0.42900000000000205,0.006000000000000227,0.0,100.0322,100.0915,100.06045,100.04178332065518,100.06315635028591,100.05895250808875,0.018000000000000682,0.20600000000000002,0.0,-0.0,0.04104627233242228,0.04509300778858102,0.9102580276939632,47.651051035907116,100.07566666666668,100.04596153846153,100.06420609738095,100.05346223583747,0.010743861543474509,0.02421863793414521,0.02137297573163647,-0.75
99.999,99.999,99.963,99.99,100.0,-0.01,-0.01,4,39995.0,-0.038000000000010914,-0.005000000000009663,-0.0730000000000075,100.0246,100.091,100.05680000000001,100.02452221377013,100.04985519568845,100.05238560255648,0.03700000000000614,0.18092857142857252,0.0,0.010000000000005116,0.03811439573724926,0.04258636437511131,0.8949905984349394,47.22928964260331,100.07491666666668,100.04576923076924,100.05278977470695,100.04876132947913,0.004028445227817201,0.024633858135058202,0.017904069630872616,3.0
99.986,99.99,99.986,99.988,99.99,-0.002,0.0,20,202978.0,-0.15399999999999636,-0.012000000000000455,-0.001999999999995339,99.9938,100.0898,100.0567,100.01234814251342,100.03860879647236,100.04625364040825,0.003999999999990678,0.17607142857142882,0.0,0.001999999999995339,0.03539193889887431,0.039687338348317315,0.8917690218541673,47.13942408149402,100.07441666666666,100.04530769230769,100.04282211705973,100.04426049025847,-0.0014383731987379633,0.023242547943349717,0.0140355810649505,4.0
99.989,99.99,99.95,99.987,99.988,-0.001,0.0,10,99980.0,-0.0040000000000048885,-0.16300000000001091,-0.0040000000000048885,99.993,100.0735,100.0565,100.00389876167561,100.02922537893193,100.04061043655985,0.03999999999999204,0.16485714285714234,0.0,0.0010000000000047748,0.032863943263240436,0.03692395703772356,0.8900439145691998,47.09117643819767,100.07375,100.04503846153845,100.03423409905054,100.04001897246154,-0.0057848734110024225,0.020176949826719692,0.010071490169759915,-0.5
100.0,100.002,99.966,100.002,99.987,0.015,0.02,34,338802.0,0.001999999999995339,-0.17800000000001148,0.031999999999996476,99.9934,100.05569999999999,100.0581,100.00326584111707,100.02427531003521,100.03693325212558,0.036000000000001364,0.1605714285714279,0.015000000000000568,0.0,0.03158794731586616,0.03428653153502902,0.9212931696982577,47.95172252878765,100.07391666666666,100.04515384615385,100.02927500688891,100.03720275227921,-0.007927745390304608,0.013760449183341924,0.00647164305774701,2.4
100.002,100.002,99.963,99.977,100.002,-0.025,-0.03,4,41996.0,-0.022999999999996135,-0.4519999999999982,0.0030000000000001137,99.9888,100.01050000000001,100.05825,99.99451056074471,100.01567979911971,100.03122532335172,0.03900000000000148,0.13614285714285654,0.0,0.024999999999991473,0.029331665364732862,0.033623207853954916,0.8723636808283519,46.591572447207994,100.0595,100.04434615384615,100.02123269813677,100.03274328914742,-0.011510591010647886,0.008124420293515615,0.002875196244068032,-0.8823529411764706
99.976,99.997,99.976,99.99,99.977,0.013,0.01,85,850983.0,0.0,-0.038000000000010914,-0.35999999999999943,99.9888,100.0067,100.04025,99.99300704049648,100.0110107447343,100.02729910208012,0.021000000000000796,0.12192857142857097,0.012999999999991019,0.0,0.028165117838679872,0.031221550150100995,0.902105042935825,47.42666795854034,100.04366666666668,100.04396153846155,100.0164276676542,100.02957711958095,-0.013149451926750544,0.0022688803654094475,-0.0003297333900956832,20.25
99.991,99.999,99.946,99.999,99.99,0.009,0.01,5,49993.0,0.01099999999999568,-0.14300000000000068,0.036000000000001364,99.99100000000001,99.9924,100.04205,99.99500469366433,100.00882697296441,100.02460394950106,0.05299999999999727,0.1049999999999989,0.009000000000000341,0.0,0.026796180850202765,0.02899143942509378,0.9242790762230698,48.03248591348939,100.00783333333334,100.04149999999998,100.01374648801509,100.02731214776013,-0.013565659745040648,-0.0022737410385850077,-0.002976918661084676,-0.9411764705882353
99.999,99.999,99.999,99.999,99.999,0.0,0.0,1,10000.0,0.012000000000000455,0.007999999999995566,-0.0010000000000047748,99.9934,99.9932,100.042,99.9963364624429,100.00704025060725,100.02216547812,0.0,0.10285714285714168,0.0,-0.0,0.02488216793233114,0.02692062232330137,0.9242790762230697,48.03248591348939,100.00541666666668,100.04184615384617,100.01147779755122,100.02521495162974,-0.013737154078512503,-0.005815726887744985,-0.0051289657445702415,-0.8
100.005,100.005,100.0,100.0,99.999,0.001,0.0,9,90103.0,-0.001999999999995339,0.0,0.0010000000000047748,99.993,99.9932,100.04204999999999,99.9975576416286,100.0057602050423,100.02005448020381,0.006000000000000227,0.06999999999999927,0.0010000000000047748,0.0,0.02317629879430783,0.024997720728779843,0.9271364795921169,48.10953917432706,99.99358333333332,100.04219230769232,100.00971198254334,100.02334717743494,-0.013635194891605806,-0.008524510936087241,-0.0068302115739773545,8.0
99.975,99.975,99.975,99.975,100.0,-0.025,-0.03,1,9998.0,-0.0020000000000095497,-0.025000000000005684,-0.019000000000005457,99.9926,99.9907,100.0411,99.99003842775241,100.00016744048914,100.01576357732726,0.025000000000005684,0.041499999999999204,0.0,0.025000000000005684,0.0215208488804287,0.024997883533867404,0.8609068384238218,46.26275859961938,99.99225,100.0423846153846,100.00437167753667,100.01976590503234,-0.015394227495676205,-0.010682585683142065,-0.008543014758317126,-0.8888888888888888
99.83,99.83,99.83,99.83,99.975,-0.145,-0.15,10,99930.0,-0.1599999999999966,-0.1599999999999966,-0.16500000000000625,99.9606,99.9747,100.03285,99.93669228516828,99.96922790585475,99.998071808058,0.14499999999999602,0.04171428571428493,0.0,0.14499999999999602,0.019983645388969507,0.03356946328144802,0.595292370968986,37.31556558547343,99.97808333333332,100.03684615384616,99.97754526560794,100.00570917132623,-0.028163905718287197,-0.013652089296425314,-0.01246719295031114,9.0
99.976,100.004,99.972,100.003,99.83,0.173,0.17,21,210300.0,0.0040000000000048885,0.015000000000000568,0.0030000000000001137,99.9614,99.97619999999999,100.03299999999999,99.95879485677887,99.97536828660843,99.99854115967153,0.1740000000000066,0.04335714285714281,0.17300000000000182,0.0,0.030913385004043243,0.031171644475630304,0.9917149230997753,49.79201147704084,99.97833333333331,100.0235,99.98146137859133,100.00550849196873,-0.024047113377392293,-0.015681227070468633,-0.014783177035727372,1.1
99.995,99.995,99.995,99.995,100.003,-0.008,-0.01,1,10099.0,-0.003999999999990678,0.008000000000009777,-0.15500000000000114,99.9606,99.977,100.02525,99.97086323785258,99.97893768904326,99.99820390636947,0.007999999999995566,0.04328571428571389,0.0,0.007999999999995566,0.028705286075183013,0.029516527013084968,0.972515704928892,49.30331872637488,99.97874999999999,100.02473076923077,99.98354424342344,100.00473008515624,-0.02118584173280169,-0.017154348886301643,-0.016063709975142237,-0.9523809523809523
99.982,100.003,99.982,99.986,99.995,-0.009,-0.01,36,359969.0,-0.013999999999995794,-0.015999999999991132,-0.19400000000000261,99.95779999999999,99.97540000000001,100.01555,99.97590882523507,99.98022174558085,99.99704162957238,0.021000000000000796,0.043499999999999615,0.0,0.009000000000000341,0.026654908498384228,0.028051060797864638,0.950228181759647,48.72394885106611,99.97858333333335,100.0241923076923,99.98392205212753,100.00334267144096,-0.019420619313436305,-0.0180332409199448,-0.01673509184280105,35.0
99.995,99.997,99.972,99.996,99.986,0.01,0.01,17,169981.0,0.021000000000000796,0.018999999999991246,-0.43300000000000693,99.96199999999999,99.97729999999999,99.9939,99.98260588349005,99.9830905191116,99.99694242675596,0.025000000000005684,0.042642857142856726,0.009999999999990905,0.0,0.025465272177070418,0.026047413598017165,0.9776507015271926,49.434953339951576,99.97933333333333,100.02407692307692,99.98578019795406,100.00279876985273,-0.017018571898674395,-0.01846314313904745,-0.01679178785397572,-0.5277777777777778
99.999,100.005,99.999,100.005,99.996,0.009,0.01,16,160501.0,0.17499999999999716,0.015000000000000568,-0.023000000000010346,99.997,99.97879999999999,99.99275,99.99007058899338,99.9870740610913,99.99770981468396,0.009000000000000341,0.043000000000000274,0.009000000000000341,0.0,0.024289181307279698,0.024186884055301654,1.0042294514557621,50.10551315501053,99.97958333333334,100.0245,99.9887370905765,100.00296182393772,-0.014224733361217545,-0.01853637354084488,-0.016278376955424084,-0.05882352941176472
100.0,100.0,99.993,99.993,100.005,-0.012,-0.01,6,60495.0,-0.010000000000005116,-0.006000000000000227,-0.1490000000000009,99.995,99.9782,99.9853,99.99104705932893,99.98815150452924,99.99726126090454,0.012000000000000455,0.041000000000000876,0.0,0.012000000000000455,0.022554239785331148,0.023316392337065856,0.9673125867536925,49.16923692080256,99.98091666666666,100.02442307692309,99.9893929227955,100.00222391105345,-0.012830988257945819,-0.018435688449670806,-0.015588899215928431,-0.625
99.991,100.086,99.991,100.018,99.993,0.025,0.03,7,70031.0,0.022999999999996135,0.019000000000005457,0.027000000000001023,99.9996,99.9801,99.98665,100.00003137288596,99.99357850370575,99.99923637891362,0.09499999999999886,0.045214285714286415,0.025000000000005684,0.0,0.022728936943522186,0.021650935741561152,1.0497900513321325,51.2145158793159,99.98325,100.02511538461539,99.9937940115962,100.00339251023468,-0.009598498638482056,-0.017987166643768166,-0.014390819100439156,0.16666666666666674
100.005,100.005,100.005,100.005,100.018,-0.013,-0.01,6,60002.0,0.018999999999991246,0.0049999999999954525,0.0049999999999954525,100.0034,99.98060000000001,99.98689999999999,100.00168758192397,99.99565513939561,99.99978529520756,0.01300000000000523,0.04335714285714382,0.0,0.01300000000000523,0.021105441447556317,0.021033011760021446,1.0034436194093963,50.08594250858957,99.98374999999999,100.01953846153847,99.99551800981217,100.00351158355063,-0.007993573738460213,-0.01716487178185528,-0.013111370028043369,-0.1428571428571429
100.0,100.018,100.0,100.0,100.005,-0.005,-0.01,66,660002.0,0.0040000000000048885,0.025000000000005684,0.0,100.0042,99.9831,99.98689999999999,100.00112505461598,99.99644511405096,99.99980574328302,0.018000000000000682,0.0431428571428581,0.0,0.0049999999999954525,0.01959790991558801,0.019887796634305302,0.9854238896320342,49.63292195575759,99.98383333333334,100.01261538461539,99.99620754676415,100.00325146625059,-0.007043919486434902,-0.014818206644982802,-0.011897879919721677,10.0
99.921,100.0,99.921,100.0,100.0,0.0,0.0,66,663187.0,-0.0049999999999954525,0.1700000000000017,0.010000000000005116,100.00319999999999,100.0001,99.9874,100.00075003641066,99.99709145695078,99.99982424392273,0.07899999999999352,0.04500000000000069,0.0,-0.0,0.018198059207331724,0.018467239731854924,0.9854238896320342,49.63292195575759,99.98383333333334,99.9961153846154,99.99679100110814,100.00301061689869,-0.006219615790556077,-0.012837373579778778,-0.01076222709388856,0.0
99.98,100.349,99.98,99.999,100.0,-0.001,0.0,164,1642326.0,0.006000000000000227,-0.0040000000000048885,0.01099999999999568,100.0044,99.99969999999999,99.98795,100.00016669094045,99.9974384647779,99.99974574450152,0.3689999999999998,0.07135714285714354,0.0,0.0010000000000047748,0.016898197835379457,0.017219579751008487,0.9813362509262047,49.529011063491346,99.98583333333333,99.99499999999999,99.9971308470915,100.00271353416545,-0.005582687073953707,-0.01110368972879567,-0.009726319089901589,1.4848484848484849
99.996,99.997,99.995,99.997,99.999,-0.002,0.0,68,679073.0,-0.021000000000000796,0.001999999999995339,0.010000000000005116,100.00019999999999,99.9999,99.98845,99.99911112729365,99.99735874390919,99.99948424502519,0.003999999999990678,0.0712142857142857,0.0,0.001999999999995339,0.015691183704280926,0.016132466911650406,0.9726462660803106,49.30667412627298,99.99975,99.98942307692307,99.99711071676973,100.00229030941246,-0.005179592642733155,-0.009521353432050874,-0.008816973800467903,-0.5853658536585367
99.992,99.997,99.98,99.997,99.997,0.0,0.0,5,49993.0,-0.007999999999995566,0.01099999999999568,-0.0049999999999954525,99.9986,100.001,99.9882,99.99840741819577,99.99729351774387,99.99924765026088,0.016999999999995907,0.07064285714285644,0.0,-0.0,0.014570384868260861,0.01498014784653252,0.9726462660803106,49.30667412627298,99.99925,99.98965384615386,99.99709368342054,100.00189843464116,-0.004804751220618186,-0.008164262245600185,-0.00801452928449796,-0.9264705882352942
100.0,100.0,100.0,100.0,99.997,0.003,0.0,6,56700.0,0.0,0.0040000000000048885,0.022999999999996135,99.9986,100.0014,99.98934999999999,99.99893827879718,99.9977856054268,99.99931930261698,0.0030000000000001137,0.06049999999999959,0.0030000000000001137,0.0,0.013743928806242237,0.013910137286065912,0.9880512696312372,49.699486362568024,99.99966666666667,99.98965384615386,99.99754080904816,100.00175780985293,-0.004217000804771942,-0.007052291961550673,-0.007255023588552756,0.19999999999999996
99.982,99.988,99.982,99.988,100.0,-0.012,-0.01,2,15497.0,-0.012000000000000455,-0.016999999999995907,-0.001999999999995339,99.9962,99.9997,99.98925,99.9952921858648,99.9960064044401,99.99824127379631,0.018000000000000682,0.049357142857142024,0.0,0.012000000000000455,0.012762219605796363,0.013773698908489809,0.9265644392683804,48.09413172913368,99.99983333333331,99.9891923076923,99.99607299227152,100.0007387128268,-0.004665720555280473,-0.006145039994587857,-0.006737162981898299,-0.6666666666666667
99.992,99.995,99.992,99.995,99.988,0.007,0.01,8,79995.0,-0.003999999999990678,0.0020000000000095497,-0.003999999999990678,99.99539999999999,99.9999,99.98904999999999,99.99519479057653,99.99582342181462,99.99793258105382,0.007000000000005002,0.04928571428571412,0.007000000000005002,0.0,0.012350632491096981,0.012789863272169109,0.9656578986244599,49.12644765399991,99.99975,99.98938461538461,99.99590791653743,100.00031362298779,-0.004405706450356206,-0.005568063084796095,-0.006270871675589882,3.0
99.991,99.995,99.991,99.993,99.995,-0.002,0.0,3,29998.0,-0.0040000000000048885,-0.025000000000005684,-0.006000000000000227,99.9946,99.9974,99.98875000000001,99.9944631937177,99.99531007239378,99.99746281142964,0.0040000000000048885,0.0480714285714287,0.0,0.0020000000000095497,0.011468444456018625,0.01201915875272914,0.9541802959724227,48.82764901165947,99.99874999999999,99.98957692307694,99.99546054476245,99.99977187313684,-0.004311328374384971,-0.005158924711009958,-0.0058789630153489,-0.625
99.978,99.978,99.978,99.978,99.993,-0.015,-0.02,1,4999.0,-0.019000000000005457,-0.027000000000001023,-0.02200000000000557,99.99080000000001,99.9947,99.98765,99.98897546247848,99.992162786504,99.9956092103411,0.015000000000000568,0.04735714285714262,0.0,0.015000000000000568,0.010649269852017295,0.012232075984677099,0.8706020029108259,46.541273961863105,99.9975,99.98923076923076,99.99277430710669,99.99815914179337,-0.005384834686680051,-0.0049745819554816405,-0.0057801373496151305,-0.6666666666666667
100.0,100.0,100.0,100.0,99.978,0.022,0.02,2,15100.0,0.0,0.0,0.025000000000005684,99.99080000000001,99.9947,99.9889,99.99265030831899,99.99358773441236,99.9960273807848,0.02200000000000557,0.048285714285714425,0.02200000000000557,0.0,0.011460036291159315,0.011358356271485877,1.0089520012617228,50.2228027662209,99.996,99.98915384615384,99.99388595216719,99.99829550166052,-0.00440954949333161,-0.004773463478012256,-0.005506019778358426,1.0
99.971,100.28,99.971,100.28,100.0,0.28,0.28,3,30053.0,0.2920000000000016,0.28000000000000114,0.45000000000000284,100.0492,100.0227,100.01140000000001,100.08843353887933,100.04566269179192,100.02307239213863,0.3089999999999975,0.06949999999999992,0.28000000000000114,0.0,0.030641462270362303,0.010547045109236887,2.9052177129238914,74.39323301513743,100.01891666666667,100.0008076923077,100.03790349798763,100.01916250153752,0.01874099645010574,-0.0020708319753389836,-0.0006566165326655927,0.5
99.971,99.971,99.971,99.971,100.28,-0.309,-0.31,3,30191.0,-0.02400000000000091,-0.027999999999991587,-0.031999999999996476,100.0444,100.0199,100.0098,100.04928902591956,100.03208765692065,100.01811311669685,0.3089999999999975,0.08478571428571412,0.0,0.3089999999999975,0.028452786393907855,0.031865113315719784,0.8929133912689226,47.17138118349695,100.01650000000001,100.00007692307692,100.02761065214338,100.01559490883103,0.012015743312346672,-0.00016023909144122526,0.0018778554363368602,0.0
100.257,100.258,100.022,100.022,99.971,0.051,0.05,59,590213.0,0.029000000000010573,0.025000000000005684,0.027000000000001023,100.05019999999999,100.02239999999999,100.01115,100.04019268394639,100.03025353748052,100.01848329605906,0.28699999999999193,0.10435714285714173,0.05100000000000193,0.0,0.030063301651486005,0.029589033793168372,1.016028501019426,50.3975266473495,100.01833333333333,100.00096153846154,100.02674747489056,100.01606936002874,0.010678114861818244,0.0015600793621628225,0.003637907321433137,18.666666666666668
100.092,100.092,99.984,99.986,100.022,-0.036,-0.04,7,70002.0,0.008000000000009777,-0.01099999999999568,0.0,100.0518,100.0213,100.01115,100.02212845596426,100.02220743975678,100.01538964881533,0.10800000000000409,0.1107857142857134,0.0,0.036000000000001364,0.027915922962094147,0.030046959950799302,0.9290764525863966,48.16172274254571,100.01725,100.00046153846152,100.0204786325997,100.01384200002661,0.006636632573091106,0.0027660386263698277,0.004237652371764732,-0.8813559322033898
99.991,99.991,99.972,99.972,99.986,-0.014,-0.01,1,10199.0,-0.028000000000005798,-0.028000000000005798,-0.02400000000000091,100.0462,100.01849999999999,100.00995,100.00541897064285,100.01307881434646,100.01125730130912,0.019000000000005457,0.10649999999999997,0.0,0.014000000000010004,0.025921928464801708,0.028900748525742925,0.8969293110769129,47.28322272418859,100.01516666666667,99.99938461538461,100.01302038143052,100.01074259261723,0.0022777888132878843,0.0035375396673218676,0.0038456796600693623,-0.8571428571428572
99.971,99.975,99.971,99.975,99.972,0.003,0.0,1,10097.0,-0.3050000000000068,-0.01300000000000523,-0.030000000000001137,99.9852,100.01719999999999,100.00845,99.9952793137619,100.00615539355618,100.00780422499396,0.003999999999990678,0.08042857142857075,0.0030000000000001137,0.0,0.024284647860173023,0.026836409345332716,0.9049141987542575,47.50419726757444,100.01333333333332,99.99938461538461,100.00717109197967,100.00809499316411,-0.0009239011844357492,0.003924406919090807,0.0028917634911683403,0.0
99.981,99.999,99.981,99.999,99.975,0.024,0.02,3,28996.0,0.027999999999991587,0.003999999999990678,0.006000000000000227,99.99080000000001,100.01759999999999,100.00874999999999,99.99651954250794,100.0048544129096,100.0069657273755,0.02400000000000091,0.08185714285714292,0.02400000000000091,0.0,0.02426431587016073,0.024919522963523236,0.9737070772052263,49.33392033958746,100.01324999999999,100.00588461538463,100.00591400090588,100.00742128996676,-0.0015072890608820444,0.0042359668428133546,0.0020119529807582637,2.0
99.997,99.997,99.997,99.997,99.999,-0.002,0.0,1,9000.0,-0.025000000000005684,0.0040000000000048885,-0.021000000000000796,99.98580000000001,100.018,100.0077,99.9966796950053,100.00342633783512,100.00601661048259,0.001999999999995339,0.08078571428571431,0.0,0.001999999999995339,0.022531150450863537,0.0232824141804141,0.9677325674335546,49.18008592477253,100.01400000000001,100.00565384615385,100.00454261615113,100.00664934256181,-0.0021067264106875427,0.004600201095701411,0.0011882171024691025,-0.6666666666666667
99.998,99.998,99.998,99.998,99.997,0.001,0.0,1,5100.0,0.012000000000000455,0.020000000000010232,-0.006999999999990791,99.98819999999999,100.02000000000001,100.00735,99.9971197966702,100.002439730956,100.00525312376996,0.0010000000000047748,0.08064285714285749,0.0010000000000047748,0.0,0.020993211132945055,0.021619384596098808,0.9710364806930376,49.26527186100638,100.01424999999999,100.00576923076923,100.00353605982019,100.0060086505202,-0.0024725907000089364,0.004815418739403931,0.00045605554197349475,0.0
99.995,99.995,99.995,99.995,99.998,-0.003,0.0,1,5100.0,0.023000000000010346,-0.0049999999999954525,-0.0049999999999954525,99.9928,100.01950000000001,100.00710000000001,99.99641319778014,100.00108705260037,100.00427663579188,0.0030000000000001137,0.07957142857142888,0.0,0.0030000000000001137,0.01949369605202041,0.02028942855352033,0.9607809308477614,48.999912011198475,100.01441666666666,100.00611538461538,100.00222281984784,100.00519319492612,-0.002970375078277243,0.0024030441251391543,-0.0002292305820766528,0.0
99.977,99.977,99.977,99.977,99.995,-0.018,-0.02,10,100177.0,0.0020000000000095497,-0.30299999999999727,-0.022999999999996135,99.9932,99.9892,100.00595000000001,99.98994213185344,99.9967075884912,100.00167886095457,0.018000000000000682,0.08035714285714286,0.0,0.018000000000000682,0.01810128919116181,0.02012589794255464,0.8994028113840352,47.35187323054811,100.01433333333334,100.00538461538461,99.99834238602509,100.00310481011678,-0.004762424091694584,0.0005388033024679038,-0.001135869284000239,9.0
99.987,99.987,99.986,99.987,99.977,0.01,0.01,11,109986.0,-0.012000000000000455,0.015999999999991132,-0.012000000000000455,99.99080000000001,99.9908,100.00534999999999,99.98896142123563,99.9949425724019,100.00028087419699,0.009999999999990905,0.08078571428571328,0.009999999999990905,0.0,0.017522625677506745,0.018688333803800736,0.9376237529502542,48.39039320831068,100.01324999999999,100.0046923076923,99.99659740355969,100.00191186121924,-0.005314457659551408,-0.001238149199906502,-0.001971586959110473,0.10000000000000009
99.943,99.985,99.943,99.98,99.987,-0.007,-0.01,47,469960.0,-0.016999999999995907,-0.04200000000000159,-0.016999999999995907,99.98740000000001,99.9866,100.0045,99.98597428082377,99.9922257410561,99.99834936236871,0.04399999999999693,0.0828571428571416,0.0,0.006999999999990791,0.016271009557684835,0.01785345281781431,0.9113648616725555,47.68136528758085,99.98825,100.0041923076923,99.9940439568582,100.00028876038819,-0.0062448035299809135,-0.002669419878025615,-0.0028262302732845615,3.2727272727272725
100.0,100.005,99.986,100.003,99.98,0.023,0.02,52,520181.0,0.0049999999999954525,0.016999999999995907,0.006000000000000227,99.9884,99.98830000000001,100.0048,99.99164952054919,99.99418469722771,99.99879228023836,0.024999999999991473,0.08307142857142631,0.022999999999996135,0.0,0.016751651732135643,0.016578206187970432,1.0104622624546116,50.26019544484854,99.99091666666668,100.00361538461539,99.99542180964924,100.00048959295202,-0.005067783302777684,-0.003485594557588456,-0.0032745408791831857,0.1063829787234043
99.996,99.996,99.992,99.992,100.003,-0.011,-0.01,4,39998.0,-0.0030000000000001137,0.020000000000010232,-0.007999999999995566,99.98780000000001,99.9903,100.0044,99.99176634703281,99.99378747954994,99.99814539640613,0.01099999999999568,0.06178571428571189,0.0,0.01099999999999568,0.015555105179840241,0.01617976288882938,0.961392653694548,49.01581801500251,99.98841666666668,100.00311538461537,99.99489537739551,99.99986073421483,-0.004965356819326416,-0.003934645183687419,-0.003612704067211832,-0.9230769230769231
100.0,100.0,99.999,99.999,99.992,0.007,0.01,11,109999.0,0.02199999999999136,0.02400000000000091,0.01099999999999568,99.9922,99.9927,100.00495000000001,99.99417756468854,99.99473521054085,99.99822678722458,0.007999999999995566,0.04028571428571175,0.006999999999990791,0.0,0.014944026238422425,0.01502406553962728,0.9946725937134829,49.86645912960084,99.9895,100.00307692307692,99.9955268577962,99.99979697612484,-0.004270118328648209,-0.004241626213439215,-0.0037441869194991075,1.75
99.999,99.999,99.999,99.999,99.999,0.0,0.0,6,59999.0,0.012000000000000455,0.0,0.003999999999990678,99.9946,99.9927,100.00514999999999,99.99578504312571,99.99551062680615,99.99830042653653,0.0,0.019785714285712328,0.0,-0.0,0.013876595792820823,0.013950918001082474,0.9946725937134829,49.86645912960084,99.99174999999998,100.00303846153845,99.99606118736601,99.99973794085633,-0.0036767534903248134,-0.004416073666732245,-0.003730700233664249,-0.4545454545454546
99.973,99.999,99.973,99.999,99.999,0.0,0.0,3,29997.0,0.018999999999991246,0.001999999999995339,0.006000000000000227,99.99839999999999,99.9929,100.00545,99.99685669541715,99.99614505829592,99.99836705258068,0.02599999999999625,0.013928571428568912,0.0,-0.0,0.012885410379047908,0.012954423858148012,0.9946725937134829,49.86645912960084,99.99374999999999,100.00303846153847,99.99651331238663,99.99968327857067,-0.0031699661840463023,-0.004493559831625286,-0.00361855342374066,-0.5
100.25,100.25,100.003,100.005,99.999,0.006,0.01,10,100097.0,0.001999999999995339,0.006999999999990791,0.027000000000001023,99.99879999999999,99.9936,100.0068,99.9995711302781,99.99775504769666,99.9989987618587,0.2510000000000048,0.030499999999997435,0.006000000000000227,0.0,0.012393595351973074,0.012029107868280297,1.0303004584948396,50.746206266369626,99.99425000000001,100.00334615384615,99.99781895663483,100.00007710978767,-0.0022581531528373944,-0.00441442406213197,-0.003346473369560007,2.3333333333333335
100.215,100.215,100.0,100.001,100.005,-0.004,0.0,8,80186.0,0.009000000000000341,0.006000000000000227,0.0010000000000047748,100.00059999999999,99.9942,100.00685,100.00004742018541,99.99834503902453,99.99918935596739,0.2150000000000034,0.04557142857142692,0.0,0.003999999999990678,0.011508338541117855,0.011455600163402468,1.0046037201860336,50.11482868508311,99.99458333333332,100.0035,99.99830834792178,100.00014547202562,-0.0018371241038437347,-0.0040893907301485415,-0.003044603516416753,-0.19999999999999996
100.0,100.0,99.983,99.996,100.001,-0.005,-0.01,16,161790.0,-0.0030000000000001137,0.018999999999991246,-0.284000000000006,100.0,99.9961,99.99265,99.9986982801236,99.9979186682928,99.99888560778001,0.018000000000000682,0.04514285714285547,0.0,0.005000000000009663,0.010686314359609437,0.010994485866017268,0.9719703576717166,49.289298588611196,99.99441666666667,100.00334615384615,99.99795321747227,99.99983840002372,-0.0018851825514474285,-0.003708360162581433,-0.0028127193234228883,1.0
99.995,99.995,99.995,99.995,99.996,-0.001,0.0,1,10000.0,-0.003999999999990678,0.008000000000009777,0.02400000000000091,99.9992,99.9969,99.99385,99.99746552008241,99.99738800133046,99.99851554989621,0.000999999999990564,0.045071428571426556,0.0,0.000999999999990564,0.009923006191065906,0.010280594018443933,0.9652172017748687,49.11503934034066,99.99441666666667,100.00361538461539,99.99749887632268,99.99948000002198,-0.00198112369929504,-0.0032346179591718916,-0.002646400198597319,-0.9375
99.973,99.973,99.973,99.973,99.995,-0.022,-0.02,0,100.0,-0.02599999999999625,-0.007000000000005002,-0.049000000000006594,99.994,99.9962,99.9914,99.98931034672161,99.99295381927037,99.99608549752514,0.02200000000000557,0.04657142857142661,0.0,0.02200000000000557,0.009214220034561198,0.011117694445698337,0.8287887456851603,45.318998579830634,99.99408333333332,100.00276923076923,99.99372981842689,99.99751851853887,-0.0037887001119827346,-0.003092497604639119,-0.002874860181274402,-1.0
100.0,100.0,99.953,99.953,99.973,-0.02,-0.02,2,20095.0,-0.0519999999999925,-0.04999999999999716,-0.03300000000000125,99.9836,99.9912,99.98974999999999,99.97720689781441,99.98568948849393,99.99198211680847,0.046999999999997044,0.04971428571428354,0.0,0.01999999999999602,0.00855606146066397,0.011752144842433886,0.728042546733282,42.13105447603617,99.99125,100.00123076923076,99.98746369251505,99.99422085049895,-0.00675715798389831,-0.0032915866229248853,-0.003651319741799184,inf
99.997,99.997,99.997,99.997,99.953,0.044,0.04,4,36099.0,-0.0040000000000048885,0.0049999999999954525,0.025000000000005684,99.9828,99.99170000000001,99.991,99.98380459854295,99.9877459451314,99.99246001044575,0.04399999999999693,0.051571428571426124,0.04399999999999693,0.0,0.01108777135633061,0.01091270592511718,1.0160423484711056,50.397867348453055,99.99266666666666,100.00196153846156,99.9889308167435,99.99442671342496,-0.00549589668145245,-0.003427784217680912,-0.004020235129729838,1.0
99.992,100.0,99.99,100.0,99.997,0.003,0.0,5,50097.0,0.0040000000000048885,0.0010000000000047748,0.025000000000005684,99.9836,99.9918,99.99225,99.9892030656953,99.9899739551075,99.99317810468901,0.010000000000005116,0.051571428571427144,0.0030000000000001137,0.0,0.010510073402307004,0.010133226930465955,1.0371891870602488,50.912757325055175,99.99241666666667,100.00196153846156,99.99063376801374,99.99483954946756,-0.004205781453819668,-0.0034865651025136734,-0.004057344394547804,0.25
100.014,100.014,100.014,100.014,100.0,0.014,0.01,1,10001.0,0.018999999999991246,0.015000000000000568,0.015000000000000568,99.98740000000001,99.9933,99.993,99.99746871046354,99.99434232690612,99.99516114233766,0.013999999999995794,0.04942857142856992,0.013999999999995794,0.0,0.010759353873570488,0.009409425006861243,1.1434656066364195,53.346580560757154,99.99424999999998,99.99173076923077,99.9942285729347,99.99625884209959,-0.0020302691648907967,-0.0033599321003852842,-0.003651929348616403,-0.8
99.975,99.992,99.975,99.991,100.014,-0.023,-0.02,54,540608.0,0.018000000000000682,-0.007999999999995566,-0.006000000000000227,99.991,99.99249999999999,99.99269999999999,99.99531247364236,99.993734631105,99.9947648430674,0.03900000000000148,0.050428571428570636,0.0,0.022999999999996135,0.009990828596886882,0.010380180363513736,0.962490847654688,49.04434834969707,99.99358333333332,99.99249999999999,99.99373186940628,99.99586929824036,-0.0021374288340894054,-0.003346518287191063,-0.0033490292457110035,53.0
100.0,100.005,99.85,100.005,99.991,0.014,0.01,34,340397.0,0.0519999999999925,0.0,0.006999999999990791,100.0014,99.99249999999999,99.99305,99.9985416490949,99.99578287999499,99.99573961991813,0.15500000000000114,0.06071428571428531,0.013999999999995794,0.0,0.010277197982823233,0.00963873890897704,1.0662388596553396,51.60288485878125,99.99408333333334,99.99184615384615,99.99546542795915,99.99654564651885,-0.0010802185597071912,-0.0032624176711758914,-0.002895267108510241,-0.37037037037037035
99.963,99.998,99.963,99.998,100.005,-0.007,-0.01,1,11399.0,0.0010000000000047748,-0.0030000000000001137,0.0030000000000001137,100.0016,99.9922,99.9932,99.99836109939662,99.99618599272317,99.99595489421164,0.04200000000000159,0.06314285714285717,0.0,0.006999999999990791,0.009543112412621573,0.009450257558335166,1.0098256427100771,50.24444017683116,99.99400000000001,99.9923076923077,99.99585536211927,99.99665337640636,-0.0007980142870849249,-0.0031416211973578356,-0.002475816544225178,-0.9705882352941176
99.975,99.975,99.975,99.975,99.998,-0.023,-0.02,1,9998.0,-0.025000000000005684,-0.021000000000000796,-0.0020000000000095497,99.9966,99.9901,99.9931,99.99057406626443,99.99233399404622,99.99395919000101,0.023000000000010346,0.06478571428571504,0.0,0.023000000000010346,0.008861461526005747,0.010418096304169107,0.8505835679844478,45.96299149629086,99.99149999999999,99.99242307692307,99.99264684487015,99.99504942259847,-0.0024025777283185334,-0.0031884494228048904,-0.0024611687810438495,0.0
99.99,99.999,99.99,99.999,99.975,0.024,0.02,31,312977.0,-0.015000000000000568,0.003999999999990678,0.012000000000000455,99.99359999999999,99.9905,99.9937,99.99338271084297,99.99354599512873,99.99443926714378,0.02400000000000091,0.06464285714285824,0.02400000000000091,0.0,0.009942785702719687,0.009673946568157028,1.027790016480717,50.68522914736871,99.99133333333333,99.99334615384616,99.99362425335167,99.99534205796154,-0.0017178046098678124,-0.0029583499225698993,-0.0023124959468086423,30.0
99.998,99.998,99.998,99.998,99.999,-0.001,0.0,5,49999.0,0.007000000000005002,0.025000000000005684,0.018000000000000682,99.995,99.99300000000001,99.9946,99.99492180722865,99.99435581419623,99.99477838455866,0.000999999999990564,0.04678571428571437,0.0,0.000999999999990564,0.009232586723953995,0.009054378956145139,1.0196819427010957,50.48725351960055,99.99150000000002,99.9933076923077,99.99429744514373,99.99553894255698,-0.0012414974132468615,-0.0023454987480530714,-0.002098296240096286,-0.8387096774193549
99.99,99.999,99.99,99.999,99.998,0.001,0.0,10,100199.0,-0.006000000000000227,0.04599999999999227,-0.0040000000000048885,99.9938,99.99759999999999,99.99440000000001,99.99628120481911,99.9952002116151,99.99518044317213,0.009000000000000341,0.03207142857142843,0.000999999999990564,0.0,0.008644544815099466,0.008407637602134772,1.028177619466441,50.69465364364521,99.99183333333333,99.99338461538461,99.99502091512161,99.99579531718238,-0.0007744020607702851,-0.001820888234643942,-0.0018335174042310859,1.0
99.99,99.99,99.99,99.99,99.999,-0.009,-0.01,0,100.0,-0.008000000000009777,-0.007000000000005002,-0.0020000000000095497,99.9922,99.9969,99.9943,99.99418746987942,99.99425471859416,99.99468706763193,0.009000000000000341,0.031428571428571264,0.0,0.009000000000000341,0.008027077328306648,0.008449949201982313,0.9499556904346287,48.71678341690377,99.99325,99.99307692307691,99.99424846664137,99.99536603442813,-0.0011175677867640843,-0.0014777533827488771,-0.0016903274807376857,-1.0
99.972,99.972,99.972,99.972,99.99,-0.018,-0.02,1,9997.0,-0.0030000000000001137,-0.028000000000005798,-0.027000000000001023,99.99159999999999,99.9941,99.99295,99.98679164658628,99.99020840612249,99.99252639452413,0.018000000000000682,0.0326428571428577,0.0,0.018000000000000682,0.00745371466199903,0.009132095687555054,0.816210749100749,44.94031045157481,99.99483333333335,99.9921923076923,99.99082562561962,99.99363521706309,-0.00280959144346582,-0.0015643447470349908,-0.0019141802732833126,inf
99.999,100.007,99.999,100.007,99.972,0.035,0.04,13,130105.0,0.008000000000009777,-0.006999999999990791,0.008000000000009777,99.9932,99.9934,99.99335,99.99352776439086,99.99326142319111,99.99390483314089,0.0350000000000108,0.03357142857142951,0.0350000000000108,0.0,0.009421306471857014,0.00847980313844398,1.1110289140021001,52.62973456369224,99.99566666666665,99.99334615384616,99.99331399090892,99.99462520098433,-0.0013112100754142375,-0.00147254266273775,-0.0017935862337094977,12.0
100.003,100.003,100.003,100.003,100.007,-0.004,0.0,1,10000.0,0.0049999999999954525,0.012000000000000455,0.0040000000000048885,99.99419999999999,99.9946,99.99355,99.99668517626058,99.99503207352,99.99477103950842,0.0040000000000048885,0.030500000000001495,0.0,0.0040000000000048885,0.008748356009581513,0.008159817199984045,1.0721264698918278,51.740397387414134,99.99591666666667,99.99396153846153,99.9948041461537,99.99524555646697,-0.0004414103132717173,-0.001401563968689364,-0.0015231510496219417,-0.9230769230769231
99.98,99.98,99.98,99.98,100.003,-0.023,-0.02,1,9998.0,-0.018999999999991246,-0.024999999999991473,-0.024999999999991473,99.9904,99.99210000000001,99.9923,99.9911234508404,99.99229896924362,99.99336427384095,0.022999999999996135,0.029000000000001438,0.0,0.022999999999996135,0.008123473437468548,0.009219830257127765,0.881087092811537,46.839250355741584,99.99308333333335,99.99396153846153,99.99252658520697,99.99411625598793,-0.0015896707809588406,-0.0014895258013420214,-0.0015364549958893216,0.0
99.98,99.98,99.98,99.98,99.98,0.0,0.0,1,9998.0,-0.009999999999990905,-0.018000000000000682,-0.021000000000000796,99.9884,99.99029999999999,99.99125000000001,99.98741563389362,99.9900627930175,99.99209148585611,0.0,0.028285714285715358,0.0,-0.0,0.007543225334792224,0.008561270953047212,0.881087092811537,46.839250355741584,99.99216666666666,99.99307692307691,99.99059941825206,99.99307060739623,-0.002471189144173991,-0.0014971492919926277,-0.0017234018255462558,0.0
100.007,100.007,100.007,100.007,99.98,0.027,0.03,1,10001.0,0.0350000000000108,0.03200000000001069,0.01100000000000989,99.9954,99.99350000000001,99.9918,99.9939437559291,99.99314228519613,99.993511344346,0.027000000000001023,0.02921428571428716,0.027000000000001023,0.0,0.00893299495373571,0.007949751599258125,1.1236822738674428,52.911976885370066,99.99233333333332,99.99365384615385,99.99312258467482,99.99410241425576,-0.0009798295809417823,-0.0014151520665564021,-0.0015746873766253613,0.0
99.974,99.974,99.974,99.974,100.007,-0.033,-0.03,0,100.0,-0.03300000000000125,-0.024999999999991473,-0.021000000000000796,99.9888,99.99100000000001,99.99075,99.98729583728607,99.98966186970591,99.99165312107496,0.03300000000000125,0.028785714285715715,0.0,0.03300000000000125,0.00829492388561173,0.009739055056454064,0.8517175267547843,45.99608279603296,99.99033333333334,99.99269230769231,99.990180648571,99.99261334653312,-0.0024326979621207556,-0.0015475076830979459,-0.0017462894937244403,-1.0
99.974,99.974,99.974,99.974,99.974,0.0,0.0,0,100.0,-0.028999999999996362,-0.02400000000000091,0.0010000000000047748,99.983,99.98859999999999,99.99080000000001,99.98286389152406,99.98681425703211,99.98997187144877,0.0,0.017714285714287063,0.0,-0.0,0.00770242932235375,0.009043408266707345,0.8517175267547842,45.99608279603296,99.99025,99.99173076923078,99.9876913180216,99.99123458012326,-0.003543262101658229,-0.0018551587987521618,-0.002105684015311198,-1.0
99.956,99.956,99.956,99.956,99.974,-0.018,-0.02,5,52177.0,-0.02400000000000091,-0.042999999999992156,0.0030000000000001137,99.9782,99.98429999999999,99.99095,99.97390926101605,99.98121166484444,99.98673645512032,0.018000000000000682,0.016000000000001284,0.0,0.018000000000000682,0.0071522557993284825,0.009683164819085441,0.7386279107045088,42.483380495439626,99.98666666666668,99.99007692307691,99.98281573063366,99.98862461122525,-0.00580888059158724,-0.002376415777065846,-0.0028463233305664067,inf
99.956,99.998,99.956,99.998,99.956,0.042,0.04,5,49995.0,0.018000000000000682,0.008000000000009777,0.0010000000000047748,99.98179999999999,99.98510000000002,99.991,99.98193950734404,99.98426408941816,99.98780917368029,0.04200000000000159,0.017357142857143515,0.04200000000000159,0.0,0.009641380385090848,0.008991510189150767,1.0722759783694866,51.7438791725597,99.98666666666666,99.98980769230769,99.98515177207463,99.98931908446782,-0.004167312393192901,-0.002527273660368855,-0.003110521143091706,0.0
99.945,99.958,99.945,99.958,99.998,-0.04,-0.04,12,120136.0,-0.049000000000006594,-0.013999999999995794,-0.04200000000000159,99.97200000000001,99.98370000000001,99.9889,99.9739596715627,99.97948880043303,99.98497020475837,0.05300000000001148,0.019428571428572843,0.0,0.04000000000000625,0.008952710357584359,0.011206402318497587,0.7988924637130667,44.41024017989852,99.98325,99.98815384615385,99.98097457637084,99.98699915228502,-0.006024575914182151,-0.003050980975787512,-0.0036933320973097953,1.4
99.96,99.96,99.96,99.96,99.958,0.002,0.0,0,100.0,-0.014000000000010004,-0.047000000000011255,-0.054000000000002046,99.9692,99.979,99.98620000000001,99.96930644770846,99.97594538217247,99.98259209001948,0.001999999999995339,0.019500000000001756,0.001999999999995339,0.0,0.008456088189185144,0.010405945010033474,0.8126208797982051,44.83126553682159,99.98075,99.98676923076923,99.97774771846763,99.98499921507872,-0.007251496611090147,-0.0038076572311006706,-0.004404965000065866,-1.0
99.973,99.99,99.973,99.99,99.96,0.03,0.03,11,110187.0,0.015999999999991132,-0.01300000000000523,-0.0010000000000047748,99.97240000000001,99.9777,99.98615000000001,99.97620429847231,99.97850076723202,99.98329760525573,0.030000000000001137,0.021000000000001812,0.030000000000001137,0.0,0.009994939032814858,0.009662663223602512,1.034387601174044,50.84515854191696,99.98225000000001,99.98657692307691,99.97963268485722,99.9853696435914,-0.005736958734175346,-0.004268467003680282,-0.004671363746887762,inf
99.99,99.998,99.947,99.947,99.99,-0.043,-0.04,3,32997.0,-0.009000000000000341,-0.03300000000000125,-0.057999999999992724,99.9706,99.9744,99.98325,99.96646953231487,99.972773355008,99.97984069046947,0.05100000000000193,0.024000000000001926,0.0,0.042999999999992156,0.009281014816185226,0.0120439015647732,0.770598693975626,43.521928294511326,99.97725000000001,99.98557692307692,99.97461227180227,99.98252744776981,-0.007915175967539767,-0.004873354428498702,-0.005320126191018164,-0.7272727272727273
100.0,100.0,99.813,100.0,99.947,0.053,0.05,13,133179.0,0.001999999999995339,0.01999999999999602,0.001999999999995339,99.971,99.9764,99.98335,99.97764635487658,99.97772365409746,99.98176062471047,0.1869999999999976,0.036071428571430274,0.05299999999999727,0.0,0.0124037994721718,0.011183622881575114,1.1091038747923907,52.586498372516864,99.97699999999999,99.98738461538461,99.97851807614039,99.98382171089797,-0.0053036347575812215,-0.005353777225903084,-0.005316827904330775,3.333333333333333
99.826,99.826,99.826,99.826,100.0,-0.174,-0.17,0,100.0,-0.132000000000005,-0.1810000000000116,-0.1490000000000009,99.9446,99.9583,99.9759,99.92709756991772,99.95013753517064,99.96692627949996,0.1740000000000066,0.04600000000000141,0.0,0.1740000000000066,0.0115178137955881,0.022813364104320222,0.5048713439596111,33.549136674447915,99.96416666666666,99.9808076923077,99.95505375673417,99.97213121379443,-0.01707745706025321,-0.006980972681251135,-0.0076689537355152625,-1.0
100.009,100.009,100.009,100.009,99.826,0.183,0.18,1,10001.0,0.049000000000006594,0.03499999999999659,0.010000000000005116,99.95439999999999,99.9618,99.9764,99.95439837994515,99.96083980150325,99.97093330049995,0.18300000000000693,0.058785714285715836,0.18300000000000693,0.0,0.023766541381618017,0.021183838096868777,1.1219185717403588,52.87283813252935,99.96658333333333,99.98115384615386,99.96335317877507,99.97486223499484,-0.011509056219779268,-0.007866060916597917,-0.008436974232368064,inf
100.153,100.153,99.993,100.069,100.009,0.06,0.06,10,96473.0,0.07900000000000773,0.09499999999999886,0.07099999999999795,99.9702,99.9713,99.97995,99.99259891996343,99.98050529213901,99.98027298616663,0.1600000000000108,0.06857142857143117,0.060000000000002274,0.0,0.026354645568645464,0.019670706804235293,1.3397914894939644,57.26114893185316,99.97175,99.98326923076924,99.9796065358866,99.98183540277302,-0.0022288668864121064,-0.007468281616022902,-0.007195352763176873,9.0
100.13,100.13,92.88,92.88,100.069,-7.189,-7.18,4,39313.0,-7.067000000000007,-7.076000000000008,-7.119,98.5568,99.2637,99.624,97.62173261330895,98.68950432993192,99.30405651129361,7.25,0.5864285714285741,0.0,7.189000000000007,0.02447217088517079,0.531765656318219,0.04602059308344306,4.3995876742525954,99.38058333333333,99.70976923076924,98.88735937651943,99.45577352108612,-0.5684141445666882,-0.0701623740797446,-0.11943911112387914,-0.6
99.955,100.143,95.0,96.8,92.88,3.92,4.22,19,185334.0,-3.200000000000003,-3.1980000000000075,-3.1899999999999977,97.9168,98.9439,99.4645,97.34782174220598,98.34595808812611,99.06557493878945,7.263000000000005,1.103285714285717,3.9200000000000017,0.0,0.30272415867908725,0.493782395152632,0.613071996188752,38.006486854726475,99.11608333333334,99.58649999999999,98.5662271647472,99.25904955656121,-0.6928223918140048,-0.14647324251305824,-0.2341157672619043,3.75
100.0,100.0,99.994,100.0,96.8,3.2,3.31,21,209999.0,0.1740000000000066,0.04200000000000159,0.028000000000005798,97.95160000000001,98.9481,99.4659,98.23188116147065,98.6466929811941,99.15456780176189,3.200000000000003,1.329500000000003,3.200000000000003,0.0,0.5096724330591527,0.4585122240703012,1.1115787241934194,52.6420687733544,99.11975,99.58657692307692,98.78680760093994,99.3139347745937,-0.527127173653767,-0.2042372066289112,-0.29271804854027683,0.10526315789473695
99.967,100.0,99.967,100.0,100.0,0.0,0.0,34,343497.0,-0.009000000000000341,0.04000000000000625,-0.007000000000005002,97.94980000000001,98.9521,99.46555000000001,98.8212541076471,98.89274880279517,99.23508515397504,0.03300000000000125,1.331857142857146,0.0,-0.0,0.4732672592692132,0.4257613509224225,1.1115787241934196,52.64206877335442,99.11991666666667,99.58753846153846,98.97345258541071,99.3647544209201,-0.39130183550938114,-0.24707774849282296,-0.31243480593409767,0.6190476190476191
99.999,99.999,99.999,99.999,100.0,-0.001,0.0,3,30000.0,-0.07000000000000739,0.009000000000000341,-0.0040000000000048885,97.9358,98.953,99.46535,99.21383607176475,99.09388538410514,99.30783894883456,0.0010000000000047748,1.3306428571428606,0.0,0.0010000000000047748,0.439462455035698,0.3954212544279641,1.1113779295234043,52.637564975128484,99.12333333333333,99.58753846153846,99.13122911073214,99.41173557492601,-0.28050646419387704,-0.27736566940686047,-0.30604913758605357,-0.9117647058823529
100.0,100.0,99.998,99.998,99.999,-0.001,0.0,4,40000.0,7.118000000000009,0.05100000000000193,0.018000000000000682,99.3594,98.9581,99.46625,99.47522404784317,99.25826985972238,99.37356857275508,0.001999999999995339,1.3277857142857172,0.0,0.000999999999990564,0.4080722796760053,0.36724830768310884,1.1111617702214782,52.63271559265249,99.12650000000001,99.58753846153847,99.26457847831182,99.45516256937594,-0.19058409106412455,-0.2979523867742542,-0.2829561282816678,0.33333333333333326
99.999,99.999,99.999,99.999,99.998,0.001,0.0,1,10000.0,3.198999999999998,-0.0010000000000047748,0.018999999999991246,99.9992,98.958,99.46719999999999,99.64981603189545,99.39294806704558,99.43313347058793,0.000999999999990564,1.3240714285714301,0.000999999999990564,0.0,0.37899568827057567,0.34101628570574394,1.111371228169447,52.637414649862535,99.12724999999999,99.58753846153846,99.37756640472539,99.49544682349624,-0.1178804187708522,-0.3091527158532096,-0.24994098637950468,-0.75
99.999,99.999,99.999,99.999,99.999,0.0,0.0,30,299997.0,-0.0010000000000047748,0.17300000000000182,-0.008000000000009777,99.999,98.9753,99.4668,99.76621068793031,99.50313932758274,99.48702552100812,0.0,1.3239285714285731,0.0,-0.0,0.3519245676798203,0.31665797958390507,1.111371228169447,52.637414649862535,99.13158333333332,99.58788461538462,99.47317157322917,99.53274705879281,-0.05957548556364145,-0.31449343022474985,-0.21186788621633204,29.0
100.0,100.0,100.0,100.0,99.999,0.001,0.0,3,33600.0,0.0,-0.009000000000000341,0.02599999999999625,99.999,98.9744,99.46809999999999,99.84414045862022,99.5934776316586,99.53588023329306,0.0010000000000047748,1.3218571428571448,0.0010000000000047748,0.0,0.326858527131262,0.294039552470769,1.1116141498132486,52.64286327649206,99.13158333333332,99.58896153846155,99.55422210042468,99.56735838777112,-0.013136287346441122,-0.3157053658314197,-0.17212156644235385,-0.9
100.002,100.002,100.0,100.002,100.0,0.002,0.0,27,266405.0,0.0030000000000001137,-0.06700000000000728,0.027999999999991587,99.9996,98.96770000000001,99.4695,99.89676030574682,99.66775442590249,99.58027259202706,0.001999999999995339,1.3183571428571443,0.001999999999995339,0.0,0.30365434662188584,0.2730367272942855,1.1121373656614333,52.654594523171944,99.14625000000001,99.58876923076923,99.62311100805165,99.59955406275104,0.023556945300612142,-0.24993080029060857,-0.13298586409376068,8.0
100.002,100.002,100.002,100.002,100.002,0.0,0.0,2,20000.0,0.003999999999990678,7.122,0.04599999999999227,100.0004,99.6799,99.4718,99.93184020383123,99.72852634846566,99.6204371070721,0.0,1.3050000000000017,0.0,-0.0,0.2819647504346083,0.2535341039161223,1.112137365661433,52.65459452317194,99.14566666666667,99.58873076923078,99.68140162219754,99.62936487291763,0.05203674927990676,-0.16716867350239617,-0.0959813414190272,-0.9259259259259259
100.004,100.005,100.004,100.005,100.002,0.003,0.0,2,20001.0,0.006000000000000227,3.2049999999999983,0.006999999999990791,100.0016,100.00039999999998,99.47215,99.95622680255416,99.77879428510826,99.6570621444938,0.0030000000000001137,1.2927857142857155,0.0030000000000001137,0.0,0.26203869683213626,0.23542452506497072,1.1130475754801703,52.67498888316515,99.14033333333333,99.58969230769232,99.7311859880133,99.65718969714597,0.07399629086732773,-0.10037717744449676,-0.061985814961756217,0.0
100.003,100.006,100.0,100.006,100.005,0.001,0.0,24,236411.0,0.007000000000005002,0.006000000000000227,0.04800000000000182,100.003,100.001,99.47455,99.97281786836945,99.82010441508858,99.69029432120868,0.006000000000000227,1.280142857142858,0.0010000000000047748,0.0,0.24339307562984117,0.21860848756032997,1.1133743174663853,52.68230565047994,99.73416666666667,99.59069230769231,99.77346506678047,99.68302749735737,0.0904375694231021,-0.04685057689644307,-0.03150113808478455,11.0
100.01,100.011,100.001,100.009,100.006,0.003,0.0,12,116411.0,0.009000000000000341,0.009000000000000341,0.049000000000006594,100.0048,100.0019,99.477,99.98487857891297,99.85444906689065,99.72064724299833,0.009999999999990905,1.269428571428571,0.0030000000000001137,0.0,0.2262221416562811,0.20299359559173497,1.1144299454218443,52.705928982646306,100.00158333333333,99.59076923076924,99.8097012103527,99.70717360866423,0.10252760168846464,-0.00429123624284955,-0.004695390130134716,-0.5
100.002,110.0,100.0,100.0,100.009,-0.009,-0.01,122,1263236.0,-0.001999999999995339,0.0010000000000047748,0.010000000000005116,100.0044,100.002,99.47749999999999,99.98991905260866,99.88091287291053,99.74725226747466,10.0,1.4658571428571423,0.0,0.009000000000000341,0.21006341725226102,0.18913691019232537,1.11064211125505,52.62105334355475,100.00158333333333,99.59176923076923,99.83897794722152,99.72886445246688,0.11011349475464272,0.029119606625902367,0.018266386846820772,9.166666666666666
100.001,100.003,99.996,99.996,100.0,-0.004,0.0,13,126001.0,-0.006000000000000227,-0.0020000000000095497,0.04899999999999238,100.00319999999999,100.0018,99.47995,99.99194603507244,99.90183780510861,99.77094252771516,0.007000000000005002,0.947571428571428,0.0,0.0040000000000048885,0.1950588874485281,0.1759128451785882,1.1088382275353608,52.58052576329106,100.00124999999998,99.59261538461539,99.86313518611051,99.74865227080267,0.11448291530784616,0.05493775485686885,0.03750969253902585,-0.8934426229508197
100.001,100.001,100.001,100.001,99.996,0.005,0.01,3,30000.0,-0.003999999999990678,0.0020000000000095497,0.0010000000000047748,100.0024,100.002,99.47999999999999,99.99496402338164,99.91986729508886,99.79285276317086,0.005000000000009663,0.7193571428571427,0.005000000000009663,0.0,0.18148325263077678,0.1633476419515462,1.1110246249199616,52.62963831897913,100.00141666666666,99.59434615384615,99.88434515747814,99.76734469518766,0.117000462290477,0.07455730461843757,0.05340784648931608,-0.7692307692307692
100.0,100.0,100.0,100.0,100.001,-0.001,0.0,1,10000.0,-0.006000000000000227,0.0010000000000047748,0.1740000000000066,100.00120000000001,100.0021,99.4887,99.99664268225443,99.93443687779998,99.81258107144029,0.0010000000000047748,0.7170714285714287,0.0,0.0010000000000047748,0.16852016315714988,0.1517513818121504,1.1105016715153024,52.61790059223134,100.00158333333331,99.59442307692308,99.9021382101738,99.78457842147006,0.11755978870374406,0.08907909084623593,0.06623823493220168,-0.6666666666666667
100.001,100.001,100.001,100.001,100.0,0.001,0.0,11,110001.0,-0.007999999999995566,0.0010000000000047748,-0.007999999999995566,99.9996,100.00219999999999,99.48830000000001,99.99809512150296,99.94653926365453,99.83052573130313,0.0010000000000047748,0.7170714285714287,0.0010000000000047748,0.0,0.15655443721735382,0.1409119973969968,1.111008573501992,52.62927813025974,100.00175000000002,99.59607692307692,99.91734771630091,99.80060964950931,0.11673806679159782,0.09943254878967878,0.07633820130408092,10.0
99.987,99.987,99.987,99.987,100.001,-0.014,-0.01,2,15698.0,-0.01300000000000523,-0.015000000000000568,-0.08200000000000784,99.997,100.0007,99.4842,99.99439674766865,99.95389576117188,99.8454280426076,0.014000000000010004,0.7179285714285726,0.0,0.014000000000010004,0.14537197741611427,0.13184685472578347,1.1025820655218548,52.439430717211856,100.00075,99.59711538461539,99.9280634522546,99.81441634213826,0.11364711011634654,0.10627814443817209,0.08379998306653405,-0.8181818181818181
100.001,100.005,100.001,100.005,99.987,0.018,0.02,1,10101.0,0.009000000000000341,0.0030000000000001137,7.125,99.9988,100.001,99.84045,99.99793116511243,99.9631874409588,99.86062537188306,0.018000000000000682,0.719142857142859,0.018000000000000682,0.0,0.136273979029249,0.12242922224537037,1.1130837599877197,52.67579927802713,100.00116666666668,99.59769230769231,99.93989984421543,99.82853365012802,0.11136619408740955,0.11043035590707007,0.08931322527070916,-0.5
100.002,100.002,99.999,99.999,100.005,-0.006,-0.01,8,82999.0,-0.0020000000000095497,-0.006000000000000227,3.198999999999998,99.99839999999999,100.0004,100.0004,99.9982874434083,99.96969881532993,99.8738039078942,0.006000000000000227,0.7195714285714304,0.0,0.006000000000000227,0.12654012338430265,0.11411284922784393,1.108903372762569,52.58199057787817,100.00091666666668,99.59969230769231,99.9489921758746,99.84116078715557,0.10783138871902054,0.11236300249550545,0.09301685796037144,7.0
100.788,100.788,100.016,100.07,99.999,0.071,0.07,17,170433.0,0.06999999999999318,0.06399999999999295,0.06999999999999318,100.01239999999999,100.0068,100.0039,100.02219162893888,99.98793539436085,99.89248924999951,0.7890000000000015,0.7758571428571445,0.07099999999999795,0.0,0.12257297171399517,0.10596193142585508,1.156764227157971,53.63424581101625,100.00658333333332,99.60238461538461,99.96760876420157,99.85811183995887,0.10949692424270552,0.11313737166819887,0.09631287121683826,1.125
100.0,100.004,99.996,100.004,100.07,-0.066,-0.07,3,30000.0,0.0030000000000001137,-0.0049999999999954525,0.0040000000000048885,100.013,100.00629999999998,100.0041,100.01612775262593,99.99085623174977,99.90310932142813,0.07399999999999807,0.7810000000000018,0.0,0.06599999999998829,0.11381775944870981,0.10310750775257889,1.103874605541157,52.46865011031488,100.0065,99.60923076923078,99.97320741586287,99.86891837033228,0.10428904553059226,0.11249021064330439,0.09790810607958907,-0.8235294117647058
100.004,100.004,100.004,100.004,100.004,0.0,0.0,1,10000.0,0.017000000000010118,0.0040000000000048885,0.005000000000009663,100.0164,100.0067,100.00435,100.0120851684173,99.99324600779525,99.91271795748258,0.0,0.7810000000000018,0.0,-0.0,0.10568791948808769,0.09574268577025183,1.103874605541157,52.46865011031488,100.00633333333333,99.60903846153846,99.97794473649935,99.87892441697433,0.09902031952502455,0.11077214444521309,0.09813054876867618,-0.6666666666666667
100.003,100.003,100.003,100.003,100.004,-0.001,0.0,1,10000.0,-0.001999999999995339,0.007000000000005002,0.0049999999999954525,100.01599999999999,100.00739999999999,100.0046,100.00905677894488,99.99501946092337,99.92131624724615,0.0010000000000047748,0.780857142857145,0.0,0.0010000000000047748,0.09813878238179571,0.08897535107237704,1.102988425434418,52.44862083378189,100.00583333333333,99.60650000000001,99.98179939242253,99.88811520090215,0.09368419152038143,0.10818144769298026,0.09724127731901723,0.0
99.996,99.996,99.996,99.996,100.003,-0.007,-0.01,1,10000.0,-0.0030000000000001137,-0.005000000000009663,-0.0030000000000001137,100.0154,100.0069,100.00445,100.0047045192966,99.99519774075549,99.92842898560366,0.007000000000005002,0.780928571428574,0.0,0.007000000000005002,0.09112886935452459,0.0831199688529219,1.0963535070107422,52.29812163570006,100.0055,99.8801923076923,99.9839841012806,99.89610666750198,0.08787743377861545,0.10488340825685485,0.09536850861093689,0.0
99.995,99.996,99.994,99.996,99.996,0.0,0.0,10,96095.0,-0.07399999999999807,-0.0040000000000048885,-0.0030000000000001137,100.0006,100.00649999999999,100.0043,100.0018030128644,99.99534360607267,99.93486432030807,0.001999999999995339,0.7803571428571457,0.0,-0.0,0.08461966440062998,0.07718282822057033,1.0963535070107424,52.29812163570008,100.0055,100.00311538461538,99.98583270108358,99.90350617361294,0.08232652747064151,0.10105990388785971,0.09276011238287782,9.0
100.0,103.805,100.0,100.727,99.996,0.731,0.73,33,335208.0,0.722999999999999,0.7259999999999991,0.7270000000000039,100.1452,100.0791,100.04065,100.2435353419096,100.12837204133217,100.01030581361206,3.8090000000000117,0.3381428571428608,0.7310000000000088,0.0,0.13078968837201418,0.07166976906195817,1.8248933976464627,64.60043409662319,100.06600000000002,100.03107692307692,100.09985843937842,99.96450571630828,0.13535272307014168,0.10347163866050361,0.10127863452033059,2.3
100.026,100.026,99.99,99.993,100.727,-0.734,-0.73,34,344031.0,-0.01100000000000989,0.006000000000000227,-0.009000000000000341,100.143,100.0797,100.0402,100.16002356127308,100.10375894290813,100.00865764088711,0.737000000000009,0.39028571428571823,0.0,0.7340000000000089,0.12144756777401318,0.11897907127181893,1.0207473169508503,50.513357528098965,100.06541666666668,100.0308076923077,100.08341867947405,99.96661640398915,0.11680227548490052,0.10407564770466927,0.10438336271324458,0.030303030303030276
100.0,100.0,99.991,99.991,99.993,-0.002,0.0,12,124091.0,-0.012000000000000455,-0.013999999999995794,-0.01099999999999568,100.14059999999999,100.0783,100.03965,100.10368237418206,100.08325731692483,100.00697596080262,0.009000000000000341,0.39057142857143184,0.0,0.001999999999995339,0.11277274150444082,0.11062342332383153,1.0194291418221395,50.4810552997321,100.06458333333332,100.0305,100.06920042109343,99.96842259628626,0.10077782480716735,0.10329191838113003,0.10366225513202915,-0.6470588235294117
100.0,100.0,99.997,99.997,99.991,0.006,0.01,8,83999.0,0.0010000000000047748,-0.001999999999995339,-0.007999999999995566,100.1408,100.07809999999999,100.03925000000001,100.06812158278805,100.06757416839304,100.0060258692976,0.009000000000000341,0.3911428571428601,0.006000000000000227,0.0,0.1051461171112665,0.10272175022927214,1.023601300372932,50.583150948968616,100.06541666666668,100.03046153846154,100.05809266400213,99.9705394410058,0.08755322299633406,0.10085372935375542,0.10044044870489013,-0.33333333333333337
100.081,100.081,100.001,100.001,99.997,0.004,0.0,4,40532.0,0.005000000000009663,-0.0689999999999884,-0.0049999999999954525,100.14179999999999,100.0712,100.039,100.0457477218587,100.05546977413975,100.00554721507878,0.08400000000000318,0.39707142857143146,0.0040000000000048885,0.0,0.0979213944604621,0.09538448235575271,1.026596696255556,50.656191148063584,100.06508333333333,100.03053846153846,100.04930917723257,99.97279577870907,0.07651339852350247,0.09776754635296767,0.09565503866861261,-0.5
99.995,99.995,99.925,99.993,100.001,-0.008,-0.01,6,59989.0,-0.7340000000000089,-0.01100000000000989,-0.016000000000005343,99.995,100.0701,100.03819999999999,100.02816514790581,100.04411163338706,100.00435224221414,0.07600000000000762,0.4015000000000027,0.0,0.008000000000009777,0.09092700914185767,0.08914273361605679,1.0200159390835586,50.495440127384335,100.06458333333332,100.03030769230769,100.0406462268891,99.97429238769358,0.0663538391955143,0.09413793742746653,0.08979479877399295,0.5
100.0,100.798,99.983,99.993,99.993,0.0,0.0,47,470439.0,0.0,-0.01100000000000989,-0.007000000000005002,99.995,100.069,100.03784999999999,100.0164434319372,100.03481860913486,100.00327107628898,0.8149999999999977,0.4584285714285739,0.0,-0.0,0.08443222277458212,0.08277539550062417,1.0200159390835584,50.49544012738432,100.05816666666665,100.03003846153845,100.03331603813693,99.97567813675332,0.057637901383614576,0.09013279407893687,0.08336341929591728,6.833333333333333
99.996,99.997,99.973,99.997,99.993,0.004,0.0,5,50095.0,0.006000000000000227,-0.006000000000000227,0.0010000000000047748,99.9962,100.0684,100.03790000000001,100.00996228795813,100.02794249838306,100.00267383092813,0.02400000000000091,0.45971428571428824,0.0040000000000048885,0.0,0.07868706400496947,0.07686286725057959,1.0237331343422675,50.586370157693274,100.05758333333334,100.02984615384615,100.02772895534663,99.97725753403085,0.050471421315776865,0.08597657047195481,0.07678501969988921,-0.8936170212765957
99.997,100.27,99.997,99.997,99.997,0.0,0.0,12,120025.0,0.0,0.0010000000000047748,-0.0040000000000048885,99.9962,100.0685,100.0377,100.00564152530544,100.02231658958613,100.00213346607784,0.27299999999999613,0.422857142857145,0.0,-0.0,0.07306655943318593,0.07137266244696676,1.0237331343422675,50.586370157693274,100.057,100.02965384615383,100.02300142375485,99.97871993891746,0.044281484837384255,0.081749343512704,0.07028431272738822,1.4
99.996,99.996,99.994,99.995,99.997,-0.002,0.0,13,130493.0,-0.006000000000000227,-0.000999999999990564,-0.0049999999999954525,99.995,100.0684,100.03745,100.00209435020363,100.0173499369341,100.00145408835613,0.0030000000000001137,0.4177857142857166,0.0,0.001999999999995339,0.06784751947367265,0.06641747227218309,1.0215311897994122,50.53254656440766,100.05633333333333,100.02926923076923,100.01869351240795,99.97992586936803,0.0387676430399182,0.07101766795379029,0.06398097878989423,0.08333333333333326
99.995,99.995,99.995,99.995,99.995,0.0,0.0,14,139993.0,0.0020000000000095497,-0.7319999999999993,-0.006000000000000227,99.99539999999999,99.9952,100.03715,99.99972956680243,100.01328631203698,100.0008394132746,0.0,0.4177857142857166,0.0,-0.0,0.06300126808269603,0.061673367109884296,1.021531189799412,50.53254656440765,100.05624999999999,100.02884615384616,100.01504835665287,99.98104247163707,0.034005885015801596,0.061818069012779295,0.0579859600350757,0.07692307692307687
99.991,99.991,99.991,99.991,99.995,-0.004,0.0,3,29997.0,-0.001999999999995339,-0.001999999999995339,0.0040000000000048885,99.995,99.995,100.03735,99.99681971120162,100.00923425530299,99.99990232629607,0.0040000000000048885,0.4180000000000023,0.0,0.0040000000000048885,0.0585011775053606,0.05755384088775005,1.0164600068909073,50.40814116904521,100.05583333333334,100.02815384615384,100.0113486094755,99.98178006633063,0.029568543144876003,0.05390592660585804,0.05230247665703577,-0.7857142857142857
100.0,100.0,100.0,100.0,99.991,0.009,0.01,2,20000.0,0.0030000000000001137,0.009000000000000341,-0.0049999999999954525,99.9956,99.9959,100.0371,99.99787980746775,100.00755529979335,99.99991162855358,0.009000000000000341,0.4181428571428591,0.009000000000000341,0.0,0.054965379112120585,0.05344285225291076,1.0284888772778198,50.70221921344847,99.99525,100.02815384615384,100.0096026695562,99.98312969104687,0.02647297850933228,0.04711923277396895,0.047136577027495075,-0.33333333333333337
99.971,100.0,99.971,99.994,100.0,-0.006,-0.01,12,119985.0,-0.0030000000000001137,-0.0030000000000001137,-0.0049999999999954525,99.995,99.9956,100.03684999999999,99.99658653831185,100.00509069983093,99.99934861631039,0.028999999999996362,0.4200714285714306,0.0,0.006000000000000227,0.051039280604111975,0.05005407709198858,1.0196827824896821,50.487274107110494,99.99533333333333,100.02807692307692,100.00720225885526,99.98393489911747,0.02326735973778682,0.04120300624222276,0.042362733569553425,5.0
100.0,100.0,100.0,100.0,99.994,0.006,0.01,1,10000.0,0.0049999999999954525,-0.0010000000000047748,-0.06999999999999318,99.99600000000001,99.99549999999999,100.03335,99.99772435887456,100.00416511804349,99.99941065285225,0.006000000000000227,0.14842857142857266,0.006000000000000227,0.0,0.04782218913238971,0.04647878587113225,1.0289035790431833,50.71229553098857,99.99608333333333,100.02803846153847,100.00609421903137,99.98512490659024,0.020969312441124544,0.03616028104729057,0.03808404934386765,-0.9166666666666666
99.991,99.995,99.991,99.995,100.0,-0.005,-0.01,1,10099.0,0.0,0.0020000000000095497,-0.009000000000000341,99.99600000000001,99.9957,100.03290000000001,99.99681623924971,100.00249873294467,99.99899059067585,0.009000000000000341,0.09642857142857204,0.0,0.0049999999999954525,0.04440631848007616,0.04351601545176534,1.0204592037912492,50.50630083876128,99.99591666666667,100.02784615384616,100.00438741610346,99.98585639499098,0.01853102111248006,0.031815072128275626,0.034173443697590136,0.0
99.995,99.995,99.995,99.995,99.995,0.0,0.0,1,10000.0,0.0040000000000048885,0.0020000000000095497,-0.009000000000000341,99.99680000000001,99.99589999999999,100.03245,99.99621082616648,100.00113532695474,99.998610534421,0.0,0.09578571428571488,0.0,-0.0,0.04123443858864215,0.0404077286337821,1.0204592037912492,50.50630083876128,99.99541666666666,100.02761538461537,100.00294319824138,99.98653369906572,0.016409499175665587,0.028030414112707704,0.030620654793205228,0.0
100.0,100.0,100.0,100.0,99.995,0.005,0.01,1,10000.0,0.0,0.0030000000000001137,-0.0030000000000001137,99.99680000000001,99.9962,100.03229999999999,99.99747388411099,100.00092890387205,99.99874286447614,0.0049999999999954525,0.09550000000000024,0.0049999999999954525,0.0,0.03864626440373881,0.03752146230279767,1.0299775656893115,50.73837184696009,99.996,100.02811538461538,100.00249039851194,99.98753120283862,0.014959195673313275,0.024772381983366485,0.02748836296922684,0.0
99.983,99.983,99.981,99.981,100.0,-0.019,-0.02,2,19996.0,-0.01300000000000523,-0.016000000000005343,-0.015000000000000568,99.9942,99.99459999999999,100.03155,99.99198258940733,99.99730546680439,99.99705306785935,0.019000000000005457,0.09085714285714326,0.0,0.019000000000005457,0.0358858169463289,0.03619850070974108,0.9913619692174699,49.78311248994264,99.995,100.02719230769232,99.99918418335625,99.98704741003576,0.012136773320492011,0.021813396458985796,0.024418045039479877,1.0
99.988,99.988,99.988,99.988,99.981,0.007,0.01,1,9999.0,-0.012000000000000455,-0.007000000000005002,-0.007999999999995566,99.9918,99.99390000000001,100.03115,99.9906550596049,99.99561356374905,99.99619087092037,0.007000000000005002,0.08592857142857165,0.007000000000005002,0.0,0.03382254430730576,0.033612893516188146,1.0062372134376545,50.155445562366154,99.99425000000001,100.02676923076923,99.99746353976298,99.98711797225533,0.010345567507641817,0.01918447229141249,0.02160354953311227,-0.5
99.99,100.0,99.99,100.0,99.988,0.012,0.01,9,89996.0,0.0049999999999954525,0.0049999999999954525,-0.7270000000000039,99.9928,99.9944,99.9948,99.9937700397366,99.99641109761285,99.99655364511842,0.012000000000000455,0.028571428571428976,0.012000000000000455,0.0,0.03226379114249824,0.031211972550746137,1.0336992027672074,50.82851984013549,99.9945,100.02407692307693,99.99785376441483,99.98807219653271,0.009781567882114928,0.016985919484439036,0.019239153202912803,8.0
100.017,100.017,100.017,100.017,100.0,0.017,0.02,1,10002.0,0.02199999999999136,0.02599999999999625,0.02400000000000091,99.99719999999999,99.99699999999999,99.99600000000001,100.00151335982441,100.0001545344105,99.99850091701191,0.016999999999995907,0.02807142857142862,0.016999999999995907,0.0,0.03117352034660522,0.028982545939978555,1.0755963403340778,51.821075198126195,99.99633333333334,100.0245769230769,100.00079933912023,99.99021499678955,0.010584342330687946,0.015220515464589666,0.01750819102846783,-0.8888888888888888
100.0,100.016,99.999,99.999,100.017,-0.018,-0.02,17,170014.0,-0.0010000000000047748,-0.0010000000000047748,0.007999999999995566,99.99699999999999,99.9969,99.99640000000001,100.00067557321628,99.99994461906314,99.99854844872507,0.018000000000000682,0.00985714285714323,0.0,0.018000000000000682,0.028946840321847706,0.02819807837283728,1.0265536516038516,50.65514306968475,99.99666666666667,100.02438461538462,100.00052251771712,99.99086573776809,0.009656779949025918,0.01370822882139401,0.01593790881257945,16.0
99.999,99.999,99.999,99.999,99.999,0.0,0.0,1,10000.0,0.018000000000000682,0.0049999999999954525,0.001999999999995339,100.00059999999999,99.9974,99.9965,100.00011704881086,99.99977287014258,99.99859145360841,0.0,0.009642857142857508,0.0,-0.0,0.026879208870287156,0.02618392991763462,1.0265536516038516,50.65514306968475,99.99733333333332,100.02423076923077,100.00028828422217,99.99146827571118,0.008820008510980415,0.012358306162489107,0.014514328752259643,-0.9411764705882353
100.008,100.01,100.008,100.01,99.999,0.011,0.01,7,70206.0,0.02200000000000557,0.010000000000005116,0.009000000000000341,100.005,99.9984,99.99695,100.00341136587392,100.00163234829847,99.99967798183619,0.01100000000000989,0.0104285714285725,0.01100000000000989,0.0,0.025744979665267353,0.02431364920923215,1.0588694211929204,51.4296540758474,99.99816666666668,100.02476923076924,100.00178239434183,99.99284099602887,0.00894139831295604,0.011292792518097549,0.013399742664398924,6.0
99.971,100.002,99.968,100.002,100.01,-0.008,-0.01,7,69991.0,0.001999999999995339,0.006999999999990791,0.009000000000000341,100.0054,99.9991,99.9974,100.00294091058262,100.00169919406238,99.99989912642322,0.04200000000000159,0.01314285714285798,0.0,0.008000000000009777,0.023906052546319684,0.023148388551430553,1.0327307446566214,50.80509297019931,99.99883333333334,100.025,100.0018158721354,99.99351944076749,0.008296431367909918,0.01039134053945803,0.012379080405101123,0.0
100.002,100.002,100.002,100.002,100.002,0.0,0.0,3,30001.0,-0.015000000000000568,0.006999999999990791,0.009000000000000341,100.0024,99.99980000000001,99.99785,100.00262727372174,100.00175388605103,100.00009920962101,0.0,0.012500000000000813,0.0,-0.0,0.02219847736443971,0.02149493222632837,1.0327307446566214,50.80509297019931,99.99900000000001,99.9971153846154,100.00184419949917,99.99414763034027,0.007696569158909483,0.009584382037857608,0.011442578155862797,-0.5714285714285714
100.0,100.0,100.0,100.0,100.002,-0.002,0.0,3,30000.0,0.0010000000000047748,0.0,0.0030000000000001137,100.0026,99.99980000000001,99.998,100.0017515158145,100.00143499767812,100.00008976108568,0.001999999999995339,0.010571428571429311,0.0,0.001999999999995339,0.020612871838408302,0.020102437067304583,1.025391686062478,50.62683396592394,99.99941666666666,99.9973846153846,100.00156047649931,99.99458113920394,0.006979337295362598,0.009011333590621007,0.010549929983762758,0.0
99.95,99.95,99.95,99.95,100.0,-0.05,-0.05,1,9995.0,-0.04899999999999238,-0.0309999999999917,-0.046999999999997044,99.9928,99.9967,99.99565,99.98450101054301,99.99208317991845,99.99531930764894,0.04999999999999716,0.013714285714286234,0.0,0.04999999999999716,0.019140523849950568,0.022237977276782624,0.8607133468894257,46.257170580750085,99.99566666666668,99.99580769230768,99.99362809549942,99.99127883259624,0.0023492629031807155,0.00812285530123644,0.00890979656764635,-0.6666666666666667
99.999,100.007,99.999,100.007,99.95,0.057,0.06,2,20001.0,-0.0030000000000001137,0.019000000000005457,0.012000000000000455,99.9922,99.9986,99.99625,99.99200067369536,99.99479532902419,99.99643175453951,0.05700000000000216,0.017142857142857792,0.05700000000000216,0.0,0.021844772146382824,0.02064955032844101,1.0578812515977944,51.40633118536004,99.99624999999999,99.9961923076923,99.99568531157644,99.99244336351504,0.00324194806140099,0.007396230876712669,0.0077762268663972775,1.0
99.975,99.991,99.973,99.991,100.007,-0.016,-0.02,11,109973.0,-0.01099999999999568,-0.009000000000000341,-0.0040000000000048885,99.99,99.9977,99.99605,99.99166711579691,99.9941052692016,99.99591444458336,0.034000000000006025,0.019571428571429652,0.0,0.016000000000005343,0.020284431278784053,0.020317439590695607,0.9983753704907449,49.95935124268329,99.99708333333335,99.9958076923077,99.99496449441082,99.99233644769912,0.0026280467117061335,0.006512198030159134,0.0067465908354590485,4.5
100.004,100.004,100.004,100.004,99.991,0.013,0.01,10,100004.0,0.0020000000000095497,-0.012999999999991019,0.01300000000000523,99.9904,99.99640000000001,99.9967,99.99577807719795,99.99590431116494,99.99668449748017,0.01300000000000523,0.020142857142858923,0.01300000000000523,0.0,0.01976411475887128,0.018866193905645923,1.0475941707010996,51.16219735780951,99.99841666666667,99.99623076923075,99.99635457219378,99.99320041453622,0.0031541576575619956,0.005789684442218699,0.006028104199879638,-0.09090909090909094
99.992,99.992,99.992,99.992,100.004,-0.012,-0.01,5,50096.0,-0.007999999999995566,-0.006999999999990791,-0.007999999999995566,99.9888,99.9957,99.99629999999999,99.99451871813199,99.99519443640767,99.99623835486301,0.012000000000000455,0.019642857142858565,0.0,0.012000000000000455,0.01835239227609476,0.018375751483814103,0.998728802588568,49.96819985258166,99.99775,99.9961923076923,99.99568463801012,99.99311149494093,0.00257314306918488,0.005095588282019194,0.0053371119737406865,-0.5
99.979,99.979,99.977,99.977,99.992,-0.015,-0.02,5,50088.0,0.027000000000001023,-0.02199999999999136,-0.016999999999995907,99.9942,99.9935,99.99545,99.98867914542133,99.99188635706082,99.99440613059033,0.015000000000000568,0.02021428571428682,0.0,0.015000000000000568,0.017041507113516565,0.018134626377827423,0.9397219859104803,48.44622026951903,99.99441666666667,99.99542307692307,99.99281007831627,99.99191805087123,0.0008920274450332499,0.004201213741138885,0.004448095067999199,0.0
100.025,100.025,100.025,100.025,99.977,0.048,0.05,5,50013.0,0.018000000000000682,0.015000000000000568,0.025000000000005684,99.99780000000001,99.995,99.9967,100.00078609694756,99.99790701941339,99.99731983243888,0.04800000000000182,0.022785714285715488,0.04800000000000182,0.0,0.019252828033979798,0.01683929592226832,1.1433273768008207,53.34357173692136,99.99658333333332,99.9965,99.99776237395992,99.99436856562151,0.003393808338401527,0.0036564778489712856,0.004237237722079665,0.0
99.99,99.993,99.99,99.993,100.025,-0.032,-0.03,9,89992.0,0.001999999999995339,-0.009000000000000341,-0.0020000000000095497,99.9982,99.9941,99.9966,99.9981907312984,99.9970148340655,99.99690841982566,0.0350000000000108,0.024071428571430836,0.0,0.03200000000001069,0.01787762603155267,0.017922203356392778,0.9975127318916284,49.9377408697161,99.99608333333335,99.99642307692307,99.997029701043,99.99426719039029,0.0027625106527153775,0.0031082491260608297,0.003942292308206807,0.8
99.941,99.993,99.94,99.993,99.993,0.0,0.0,13,129927.0,-0.01100000000000989,-0.009000000000000341,-0.0020000000000095497,99.99600000000001,99.9932,99.9965,99.99646048753226,99.99628486423539,99.99653618936607,0.05299999999999727,0.026571428571430595,0.0,-0.0,0.016600652743584625,0.016642045973793294,0.9975127318916285,49.9377408697161,99.99466666666667,99.99634615384615,99.9964097470364,99.99417332443545,0.0022364226009443655,0.0025812586044588037,0.003601118366754319,0.4444444444444444
99.994,99.994,99.991,99.991,99.993,-0.002,0.0,9,89993.0,-0.0010000000000047748,-0.009000000000000341,-0.009000000000000341,99.9958,99.9923,99.99605,99.9946403250215,99.99532397982895,99.99600893323596,0.0030000000000001137,0.026785714285716317,0.0,0.001999999999995339,0.015414891833328581,0.01559618554709344,0.9883757657782775,49.70769523493029,99.99374999999999,99.99634615384615,99.99557747826157,99.99393826336616,0.0016392148954054164,0.0025023643813726596,0.0032087376724845387,-0.3076923076923077
100.0,100.088,100.0,100.032,99.991,0.041,0.04,37,370109.0,0.05499999999999261,0.08199999999999363,0.05100000000000193,100.0068,100.00050000000002,99.9986,100.00709355001435,100.00199234713278,99.99943665388015,0.0969999999999942,0.03292857142857234,0.04099999999999682,0.0,0.01724239955951917,0.014482172293729624,1.1905948368660582,54.35029868733576,99.99624999999999,99.99757692307692,100.0011809431444,99.99675765126496,0.004423291879447788,0.0026336248056000816,0.003451648513877189,3.1111111111111107
98.582,100.013,98.582,99.993,100.032,-0.039,-0.04,11,109704.0,-0.03200000000001069,-0.014000000000010004,0.0049999999999954525,100.0004,99.9991,99.99884999999999,100.00239570000957,100.00035737492682,99.9988236392249,1.4500000000000028,0.133500000000001,0.0,0.03900000000000148,0.016010799590982085,0.016233445701320473,0.9862847287978869,49.654750625545674,99.99566666666665,99.99753846153845,99.9999223365068,99.99647930672681,0.003443029779987228,0.0027241784798535365,0.0034499247670991967,-0.7027027027027026
100.009,100.009,100.009,100.009,99.993,0.016,0.02,1,10001.0,0.016000000000005343,0.018000000000000682,0.009000000000000341,100.0036,100.0009,99.99929999999999,100.00459713333971,100.00192876130376,99.99979281644157,0.016000000000005343,0.13464285714285854,0.016000000000005343,0.0,0.016010028191626603,0.015073913865511868,1.0621016104023588,51.505784440715345,100.00058333333332,99.9978846153846,100.00131890012113,99.9974067654878,0.003912134633338837,0.002808398143828741,0.003542366740347125,-0.9090909090909091
99.972,99.972,99.972,99.972,100.009,-0.037,-0.04,1,9997.0,-0.021000000000000796,-0.03200000000001069,-0.045000000000001705,99.9994,99.9977,99.99704999999999,99.99373142222649,99.99648716833944,99.99714588154237,0.03700000000000614,0.1371428571428593,0.0,0.03700000000000614,0.01486645474936756,0.016640062875118603,0.8934133759552636,47.18533138620716,99.99766666666669,99.997,99.9968083001025,99.99552478285906,0.0012835172434364495,0.002665106385412249,0.0030905968409649905,0.0
99.972,100.025,99.972,100.025,99.972,0.053,0.05,7,71391.0,0.034000000000006025,0.03300000000000125,0.02600000000001046,100.00619999999999,100.001,99.99834999999999,100.00415428148433,100.00167131955045,99.9997986547288,0.05300000000001148,0.13735714285714604,0.05300000000001148,0.0,0.017590279410127842,0.015451486955467275,1.1384198466351347,53.23649836239928,100.0005,99.99815384615385,100.00114548470212,99.99770813227691,0.0034373524252089283,0.0029479202720984355,0.003159947957813778,6.0
99.958,100.019,99.958,100.017,100.025,-0.008,-0.01,3,30505.0,-0.015000000000000568,0.03999999999999204,0.018000000000000682,100.00319999999999,100.005,99.99925,100.00843618765623,100.00445835235945,100.00143687808796,0.06700000000000728,0.13807142857143212,0.0,0.008000000000009777,0.016333830880832997,0.014919237887220311,1.0948167060748066,52.26312654944573,100.00158333333333,99.9988076923077,100.00358464090179,99.99913715951566,0.004447481386137042,0.003064995055180159,0.0034174546434784315,-0.5714285714285714
99.973,99.973,99.973,99.973,100.017,-0.044,-0.04,1,9997.0,-0.01999999999999602,-0.05200000000000671,-0.03700000000000614,99.9992,99.9998,99.9974,99.99662412510416,99.99873865193045,99.99872860398433,0.04399999999999693,0.13878571428571718,0.0,0.04399999999999693,0.015167128675059212,0.01699643518099007,0.8923711656914459,47.15624407463353,100.0,99.99849999999999,99.99887931153228,99.9972010736256,0.001678237906673985,0.0029445203056200045,0.0030696112961175427,-0.6666666666666667
100.008,100.008,99.968,99.968,99.973,-0.005,-0.01,6,60001.0,-0.04099999999999682,-0.024999999999991473,-0.033999999999991815,99.991,99.9973,99.9957,99.98708275006945,99.9931498061249,99.99580207027154,0.03999999999999204,0.14071428571428765,0.0,0.0049999999999954525,0.014083762341126412,0.01613954695377617,0.872624391593051,46.59900808248605,99.99925,99.99773076923076,99.99412864821961,99.99503803113481,-0.0009093829151964883,0.0025949863593821318,0.002273812453854737,5.0
99.976,99.995,99.976,99.995,99.968,0.027,0.03,6,61393.0,0.023000000000010346,0.0020000000000095497,-0.006999999999990791,99.9956,99.99749999999999,99.99535,99.98972183337963,99.99348620501128,99.99572568262664,0.027000000000001023,0.14178571428571626,0.027000000000001023,0.0,0.01500635074533174,0.014986722171363587,1.0013097309567571,50.03272184551191,99.99675,99.99753846153847,99.99426270233967,99.99503521401373,-0.0007725116740573412,0.0023270167405529366,0.0016645476282723213,0.0
99.98,99.987,99.884,99.986,99.995,-0.009,-0.01,29,289852.0,-0.03900000000000148,-0.0049999999999954525,-0.013999999999995794,99.9878,99.997,99.99465000000001,99.9884812222531,99.9921250768274,99.99479942713839,0.1110000000000042,0.14864285714285938,0.0,0.009000000000000341,0.013934468549236616,0.014559099159123356,0.9570968915686436,48.90390944321185,99.99616666666667,99.99634615384616,99.99299151736433,99.9943659389016,-0.00137442153726397,0.0016828263609182967,0.001056753795165063,3.833333333333333
99.955,99.98,99.955,99.968,99.986,-0.018,-0.02,2,20192.0,-0.04899999999999238,-0.06399999999999295,0.018000000000000682,99.97800000000001,99.9906,99.99555000000001,99.98165414816874,99.98773869922242,99.99224710074427,0.03100000000000591,0.14742857142857396,0.0,0.018000000000000682,0.012939149367148288,0.014804877790614594,0.8739788028072027,46.637603450903,99.99408333333334,99.99515384615384,99.98914666853905,99.99241290639036,-0.0032662378513066415,0.0009373521796634224,0.00019215546587072216,-0.9310344827586207
99.978,99.978,99.97,99.97,99.968,0.002,0.0,3,29993.0,-0.0030000000000001137,-0.022999999999996135,-0.03700000000000614,99.97740000000002,99.98830000000001,99.9937,99.9777694321125,99.98451348118196,99.99012832924481,0.009999999999990905,0.14564285714285827,0.001999999999995339,0.0,0.012157781555208792,0.013747386519856408,0.8843703883387851,46.93187675902848,99.99233333333332,99.99403846153847,99.98620102722535,99.99075269110219,-0.004551663876839029,-3.0698770230072923e-06,-0.0007566084026712282,0.5
100.01,100.01,99.979,99.979,99.97,0.009,0.01,2,19999.0,0.01099999999999568,-0.030000000000001137,-0.012000000000000455,99.9796,99.9853,99.9931,99.97817962140834,99.98351103005795,99.98906848836435,0.04000000000000625,0.1447142857142875,0.009000000000000341,0.0,0.01193222572983676,0.012765430339866666,0.9347296105304188,48.31319092046959,99.98791666666666,99.99284615384614,99.98509317688298,99.9898821213909,-0.0047889445079221105,-0.0006777878493961806,-0.0015630756237214047,-0.33333333333333337
99.979,99.988,99.979,99.988,99.979,0.009,0.01,16,161175.0,-0.007000000000005002,0.016000000000005343,-0.016000000000005343,99.9782,99.9869,99.9923,99.9814530809389,99.98432720641105,99.98896672756774,0.009000000000000341,0.14514285714285893,0.009000000000000341,0.0,0.011722781034848445,0.011853613887019047,0.9889626190444858,49.72253422840051,99.98750000000001,99.99230769230768,99.98554038043945,99.98974270499158,-0.004202324552139203,-0.0015266408468793064,-0.0020909254094049643,7.0
99.988,99.988,99.988,99.988,99.988,0.0,0.0,3,29996.0,0.001999999999995339,-0.03700000000000614,-0.0040000000000048885,99.9786,99.9832,99.99210000000001,99.98363538729262,99.98499498706359,99.98887465827558,0.0,0.1382142857142879,0.0,-0.0,0.010885439532359271,0.011006927180803401,0.9889626190444859,49.72253422840052,99.98575000000001,99.99176923076924,99.98591878344875,99.98961361573295,-0.0036948322841965364,-0.0024313423658052593,-0.0024117067843632788,-0.8125
99.956,99.992,99.956,99.991,99.988,0.003,0.0,171,1705453.0,0.022999999999996135,-0.02599999999999625,0.013999999999995794,99.9832,99.98060000000001,99.9928,99.98609025819509,99.98608680759747,99.98907707177314,0.036000000000001364,0.0372142857142878,0.0030000000000001137,0.0,0.010322193851476475,0.010220718096460302,1.0099284369315809,50.24698483660288,99.98733333333332,99.99142307692308,99.98670050907202,99.98971631086384,-0.0030158017918182622,-0.002952902332304398,-0.0025325257858542756,56.0
100.002,100.002,99.99,99.992,99.991,0.001,0.0,7,69999.0,0.02200000000000557,0.019000000000005457,-0.03300000000000125,99.98760000000001,99.9825,99.99115,99.98806017213008,99.98716193348884,99.98935544588998,0.012000000000000455,0.03692857142857316,0.0010000000000047748,0.0,0.00965632286208564,0.009490666803855994,1.0174546279680097,50.432590347411924,99.98458333333333,99.99303846153846,99.98751581536864,99.98988547302207,-0.002369657653432,-0.003115155080997233,-0.002499952159369821,-0.9590643274853801
99.992,99.997,99.99,99.997,99.992,0.005,0.01,14,139994.0,0.018000000000000682,0.028999999999996362,0.0040000000000048885,99.9912,99.9854,99.99135,99.99104011475339,99.9889506728545,99.99008349866237,0.007000000000005002,0.03478571428571594,0.0049999999999954525,0.0,0.00932372837193634,0.008812762032151995,1.0579802720100875,51.40866928606309,99.98291666666667,99.99265384615386,99.98897492069655,99.99041247502043,-0.0014375543238855926,-0.003189048708755927,-0.002287472592272975,1.0
99.983,99.983,99.983,99.983,99.997,-0.014,-0.01,2,19997.0,-0.0049999999999954525,-0.012000000000000455,-0.009999999999990905,99.9902,99.9842,99.99085,99.98836007650226,99.9878687323355,99.98940887974214,0.013999999999995794,0.032000000000000535,0.0,0.013999999999995794,0.008657747773940887,0.009183279029855123,0.9427730275639326,48.5271832678307,99.98375,99.99234615384616,99.98805570212785,99.9898634027967,-0.0018077006688486108,-0.003237190834487554,-0.0021915182075881025,-0.8571428571428572
99.985,100.002,99.98,100.002,99.983,0.019,0.02,5,49993.0,0.013999999999995794,0.015999999999991132,0.01099999999999568,99.993,99.9858,99.9914,99.99290671766818,99.99043805372904,99.99060803405241,0.02199999999999136,0.028785714285713686,0.018999999999991246,0.0,0.009396480075801628,0.008527330527722614,1.1019251623064665,52.42456687170115,99.98658333333333,99.99226923076925,99.99020097872356,99.99076240999695,-0.0005614312733825955,-0.002936656770273771,-0.0018655008207470011,1.5
100.0,100.042,100.0,100.042,100.002,0.04,0.04,4,40004.0,0.05100000000000193,0.07399999999999807,0.010000000000005116,100.0032,99.9932,99.9919,100.00927114511214,99.99981295305102,99.9955025069998,0.04200000000000159,0.028642857142856876,0.04000000000000625,0.0,0.011582445784673386,0.007918235490028142,1.4627559131399641,59.395082774361505,99.9905,99.99419230769232,99.99817005891994,99.99455778703421,0.0036122718857285463,-0.0020295527966551516,-0.0007699462794518917,-0.19999999999999996
99.99,99.99,99.99,99.99,100.042,-0.052,-0.05,1,9999.0,-0.0020000000000095497,0.01999999999999602,-0.0030000000000001137,100.00280000000001,99.9952,99.99175,100.00284743007477,99.99802877976902,99.99497845871412,0.05200000000000671,0.02950000000000078,0.0,0.05200000000000671,0.010755128228625286,0.011066932955026611,0.9718255520595972,49.28557452988237,99.99083333333333,99.9946923076923,99.99691312677841,99.99422017317983,0.0026929535985829034,-0.0011982307848212611,-7.736630384493266e-05,-0.75
99.972,99.972,99.972,99.972,99.99,-0.018,-0.02,1,9997.0,-0.025000000000005684,-0.007000000000005002,-0.03700000000000614,99.99780000000001,99.9945,99.9899,99.99256495338318,99.99329627435647,99.99279003407469,0.018000000000000682,0.028857142857143612,0.0,0.018000000000000682,0.00998690478372348,0.011562152029667616,0.8637583001934095,46.34497402929199,99.99116666666667,99.99265384615386,99.99308033804327,99.99257423442576,0.0005061036175106892,-0.0006750720993046065,3.932768042619172e-05,0.0
100.0,100.033,99.99,100.033,99.972,0.061,0.06,4,40002.0,0.04999999999999716,0.045000000000001705,0.06100000000000705,100.0078,99.999,99.99295000000001,100.00604330225545,100.00051513356438,99.996619554639,0.06100000000000705,0.025285714285715244,0.06100000000000705,0.0,0.013630697299172306,0.010736284027548502,1.2695917194624282,55.93921182278289,99.99641666666668,99.99419230769232,99.99922182449816,99.99556873557941,0.0036530889187531557,0.00014136358991202592,0.0007620799280915845,3.0
99.99,99.99,99.99,99.99,100.033,-0.043,-0.04,2,19998.0,-0.012000000000000455,0.001999999999995339,-0.0350000000000108,100.0054,99.9992,99.9912,100.00069553483698,99.9986032910981,99.99598912086384,0.043000000000006366,0.026142857142858134,0.0,0.043000000000006366,0.012657076063517141,0.01304083516843835,0.9705725055209662,49.25332626948294,99.99733333333334,99.99407692307692,99.99780308226768,99.9951562366476,0.0026468456200774426,0.0007705466356782154,0.0011390330664887561,-0.5
99.989,99.989,99.986,99.986,99.99,-0.004,0.0,5,49994.0,-0.055999999999997385,-0.0049999999999954525,-0.0309999999999917,99.9942,99.9987,99.98965,99.99579702322465,99.99631178362573,99.99503777601967,0.003999999999990678,0.02571428571428669,0.0,0.003999999999990678,0.011752999201837346,0.012395061227834946,0.948200173101545,48.67057226424558,99.99716666666666,99.99388461538463,99.99598722345726,99.99447799689592,0.0015092265613390055,0.0012015337706527715,0.001213071765458806,1.5
99.955,99.998,99.952,99.978,99.986,-0.008,-0.01,3,30393.0,-0.012000000000000455,-0.014000000000010004,0.0049999999999954525,99.99179999999998,99.9973,99.9899,99.98986468214977,99.99298236842104,99.99341513068447,0.04600000000000648,0.026142857142858134,0.0,0.008000000000009777,0.010913499258848965,0.012081128282990291,0.9033509953051904,47.46108298119463,99.99633333333333,99.9918076923077,99.99321995831,99.99325740453325,-3.744622325996261e-05,0.0013571013373889526,0.0009629681677150523,-0.4
100.0,100.05,100.0,100.029,99.978,0.051,0.05,17,170440.0,0.05700000000000216,0.031999999999996476,0.06099999999999284,100.00319999999999,100.0005,99.99295,100.00290978809986,99.99953102870812,99.99680416585738,0.07200000000000273,0.030642857142858304,0.05100000000000193,0.0,0.013776820740359892,0.011218190548490985,1.2280786888767086,55.11828172890283,99.9995,99.99319230769233,99.99872458010846,99.99590500419745,0.00281957591100479,0.0018712431795948861,0.001334289716373,4.666666666666667
100.008,100.066,100.008,100.05,100.029,0.021,0.02,4,40217.0,0.016999999999995907,0.06699999999999307,0.05499999999999261,100.00659999999999,100.00719999999998,99.9957,100.0186065253999,100.00870720530664,100.00187043577573,0.058000000000006935,0.03478571428571594,0.021000000000000796,0.0,0.014292762116048529,0.010416891223598772,1.3720755846686035,57.84282733386392,100.00433333333332,99.99476923076924,100.00661310624562,99.99991204092358,0.006701065322047839,0.0026781872457538234,0.002407644837507968,-0.7647058823529411
100.0,100.0,99.983,99.983,100.05,-0.067,-0.07,2,19998.0,-0.006999999999990791,-0.018999999999991246,-0.0030000000000001137,100.0052,100.0053,99.99555000000001,100.00673768359994,100.00403316797815,100.00007325141614,0.06699999999999307,0.03700000000000107,0.0,0.06699999999999307,0.013271850536330777,0.01445854185048408,0.9179245510076403,47.860305585294306,100.00316666666667,99.9951923076923,100.00298032066938,99.99865929715146,0.004321023517917411,0.0027569374271081415,0.002790320573589857,-0.5
99.988,99.998,99.988,99.998,99.983,0.015,0.02,3,29998.0,0.012000000000000455,-0.04399999999999693,0.030000000000001137,100.0076,100.0009,99.99705,100.00382512239997,100.00293622834575,99.99987579890032,0.015000000000000568,0.03721428571428679,0.015000000000000568,0.0,0.013395289783735762,0.01342578886116379,0.9977283213862946,49.94314345475843,100.00441666666666,99.99415384615385,100.00221411748947,99.99861046032544,0.003603657164035212,0.002858126712158398,0.002952987891678928,0.5
99.984,99.984,99.984,99.984,99.998,-0.014,-0.01,1,9998.0,0.006000000000000227,-0.006000000000000227,0.013999999999995794,100.0088,100.0003,99.99775000000001,99.99721674826665,99.99949327773741,99.99836381805267,0.014000000000010004,0.037714285714287143,0.0,0.014000000000010004,0.01243848337061178,0.013466803942509948,0.9236403398840519,48.01523032833283,100.00291666666668,99.99288461538461,99.99941194556801,99.99752820400504,0.0018837415629775478,0.003011197594988049,0.002739138625938652,-0.6666666666666667
100.005,100.005,100.005,100.005,99.984,0.021,0.02,1,10001.0,-0.02400000000000091,0.03300000000000125,0.02599999999999625,100.00399999999999,100.00359999999999,99.99905,99.9998111655111,100.00049449996698,99.99899583538098,0.021000000000000796,0.0382142857142875,0.021000000000000796,0.0,0.013050020272710995,0.01250488937518781,1.043593420234875,51.066587409296524,99.99983333333334,99.9941153846154,100.00027164624987,99.99808167037504,0.00218997587482761,0.002848629478996322,0.0026293060757164436,0.0
99.99,99.997,99.99,99.997,100.005,-0.008,-0.01,2,19999.0,-0.05299999999999727,-0.036000000000001364,0.009000000000000341,99.9934,100.0,99.9995,99.99887411034075,99.99985913633661,99.99880575582088,0.015000000000000568,0.03771428571428816,0.0,0.007999999999995566,0.012117875967517353,0.012183111562674077,0.9946454077169752,49.86577583508556,100.00041666666668,99.99523076923077,99.99976831605758,99.99800154664356,0.001766769414018654,0.0027508432338786784,0.002456798743376886,1.0
99.987,99.987,99.987,99.987,99.997,-0.01,-0.01,0,100.0,0.003999999999990678,-0.0030000000000001137,-0.0010000000000047748,99.9942,99.99969999999999,99.99945,99.9949160735605,99.99752111154812,99.99768139812365,0.010000000000005116,0.03542857142857413,0.0,0.010000000000005116,0.01125231339840897,0.012027175022483438,0.9355740959430663,48.3357417266544,100.00166666666667,99.99492307692307,99.99780395974102,99.99718661726256,0.0006173424784634562,0.0026517450024480618,0.0020889074903942,-1.0
99.953,99.995,99.953,99.995,99.987,0.008,0.01,9,90175.0,-0.0030000000000001137,0.009000000000000341,0.0040000000000048885,99.9936,100.00059999999999,99.99965,99.99494404904034,99.99706272763028,99.99742602687377,0.04200000000000159,0.03471428571428804,0.008000000000009777,0.0,0.011020005298523313,0.01116809109230605,0.9867402770483529,49.66629450500327,99.99849999999999,99.99526923076922,99.99737258131933,99.99702464561348,0.0003479357058466803,0.0026945652167932443,0.0017407131334846962,inf
99.962,99.995,99.962,99.995,99.995,0.0,0.0,3,29995.0,0.01100000000000989,0.017000000000010118,0.0030000000000001137,99.9958,100.0023,99.9998,99.99496269936023,99.99668768624295,99.99719497669531,0.03300000000000125,0.035785714285716655,0.0,-0.0,0.010232862062914506,0.010370370299998474,0.986740277048353,49.66629450500328,99.99891666666666,99.9963076923077,99.99700756880866,99.99687467186433,0.00013289694432216947,0.0023960453316062866,0.0014191498956521908,-0.6666666666666667
99.995,99.995,99.995,99.995,99.995,0.0,0.0,0,100.0,-0.009999999999990905,-0.033999999999991815,-0.001999999999995339,99.99380000000001,99.9989,99.99969999999999,99.99497513290683,99.99638083419877,99.99698593129577,0.0,0.0314285714285733,0.0,-0.0,0.009501943344134898,0.009629629564284297,0.986740277048353,49.66629450500328,99.99966666666667,99.99726923076922,99.99669871206886,99.9967358072818,-3.709521293160378e-05,0.001647360827719682,0.0011279008739354319,-1.0
100.017,100.017,100.017,100.017,99.995,0.022,0.02,2,20003.0,0.01999999999999602,-0.03300000000000125,0.033999999999991815,99.99780000000001,99.9956,100.0014,100.00231675527122,100.00012977343535,99.99889203307711,0.02199999999999136,0.029928571428572224,0.02199999999999136,0.0,0.010394661676696074,0.008941798881121133,1.162479923211243,53.75679610865389,100.00291666666668,99.99873076923078,99.99982198713519,99.99823685859425,0.0015851285409382854,0.0013433724969442234,0.0012193464073360027,inf
99.968,100.0,99.968,100.0,100.017,-0.017,-0.02,0,1200.0,0.01300000000000523,0.016999999999995907,-0.001999999999995339,100.0004,99.9973,100.0013,100.00154450351415,100.00010617826528,99.99899755373643,0.04899999999999238,0.03314285714285806,0.0,0.016999999999995907,0.009652185842646354,0.009517384675326474,1.0141636775141967,50.35160194954158,100.0005,99.99919230769231,99.99984937372977,99.99836746166135,0.0014819120684279596,0.001107623041876751,0.001271859539554394,-1.0
100.018,100.066,100.018,100.018,100.0,0.018,0.02,4,40712.0,0.022999999999996135,0.01999999999999602,-0.02400000000000091,100.005,99.99929999999999,100.0001,100.00702966900944,100.00335960039885,100.00080731052343,0.0660000000000025,0.034571428571429204,0.018000000000000682,0.0,0.010248458282457379,0.008837571484231727,1.159646436890836,53.696124378596735,99.99783333333335,100.00034615384615,100.00264177777134,99.9998217237605,0.0028200540108400673,0.0012116577583059199,0.0015814984338115286,inf
100.084,100.49,100.013,100.013,100.018,-0.005,-0.01,9,90224.0,0.018000000000000682,0.029000000000010573,0.023000000000010346,100.0086,100.0022,100.00125,100.00901977933964,100.00511240032634,100.001968519045,0.47699999999998965,0.0634999999999997,0.0,0.0049999999999954525,0.009516425547996138,0.008563459235357706,1.1112828690424221,52.63543248216888,100.00033333333333,100.0011923076923,100.00423535042191,100.00079789237083,0.0034374580510814212,0.0013502668890007878,0.0019526903572655073,1.25
100.012,100.2,100.0,100.099,100.013,0.086,0.09,8,83243.0,0.1039999999999992,0.0940000000000083,0.12700000000000955,100.0294,100.0116,100.0076,100.03901318622643,100.02218287299428,100.01120961246927,0.20000000000000284,0.07364285714285655,0.08599999999999852,0.0,0.014979538008853452,0.007951783575689299,1.883795989449443,65.32348322632511,100.00875,100.00530769230771,100.01881452728007,100.00807212256558,0.010742404714491727,0.0023475597001644624,0.0037106332287107514,-0.11111111111111116
99.99,100.004,99.973,99.973,100.099,-0.126,-0.13,10,97595.0,-0.04399999999999693,-0.02400000000000091,-0.060000000000002274,100.0206,100.00919999999999,100.0046,100.01700879081763,100.01324053244986,100.0075706017579,0.12600000000000477,0.0778571428571431,0.0,0.12600000000000477,0.013909571008221062,0.016383799034568977,0.8489832534488844,45.91622189467032,100.00783333333332,100.00438461538462,100.01176613846775,100.00547418756072,0.006291950907026944,0.002978071747782628,0.00422689676437399,0.25
99.977,100.0,99.975,99.992,99.973,0.019,0.02,23,234171.0,-0.007999999999995566,0.005000000000009663,0.0020000000000095497,100.019,100.0097,100.0047,100.00867252721176,100.00937861745896,100.00608768730477,0.027000000000001023,0.07871428571428599,0.019000000000005457,0.0,0.014273173079062805,0.015213527674956907,0.9381895760151654,48.40545979738695,100.00675000000001,100.00473076923078,100.00872519408809,100.00447609959326,0.004249094494824135,0.0034115338354467895,0.0042313363104640195,1.2999999999999998
99.992,99.995,99.992,99.993,99.992,0.001,0.0,2,20199.0,-0.025000000000005684,-0.0020000000000095497,0.006999999999990791,100.01400000000001,100.0095,100.00505000000001,100.0034483514745,100.00640068701188,100.00484124089479,0.0030000000000001137,0.077928571428571,0.000999999999990564,0.0,0.013325089287700504,0.0141268471267457,0.9432458048245411,48.53970622155586,100.00641666666667,100.0043846153846,100.00630593345915,100.0036260181419,0.002679915317244763,0.003694535876882633,0.003921052111820169,-0.9130434782608696
100.054,100.054,100.053,100.053,99.993,0.06,0.06,2,20011.0,0.03999999999999204,0.057999999999992724,0.07500000000000284,100.022,100.0153,100.0088,100.01996556764968,100.01487328937336,100.009427789381,0.06100000000000705,0.08078571428571431,0.060000000000002274,0.0,0.016659011481436344,0.013117786617692436,1.2699559740488329,55.94628215558125,100.01191666666666,100.0048076923077,100.0134896360039,100.00728335013139,0.006206285872508488,0.0043882448863759764,0.004378098863957833,0.0
99.974,99.974,99.974,99.974,100.053,-0.079,-0.08,1,9997.0,-0.125,-0.021000000000000796,-0.05499999999999261,99.997,100.0132,100.00605,100.00464371176645,100.00744178221456,100.00605371420185,0.07899999999999352,0.08535714285714237,0.0,0.07899999999999352,0.015469082089905177,0.017823659002142514,0.8678959852208628,46.463828397716775,100.01016666666668,100.0041923076923,100.0074143073879,100.00481791678833,0.002596390599578058,0.004500607337335951,0.0040217572110818785,-0.5
99.995,99.995,99.978,99.985,99.974,0.011,0.01,2,24296.0,0.012000000000000455,-0.031999999999996476,-0.06499999999999773,99.9994,100.01,100.00280000000001,99.99809580784431,100.00336145817553,100.00404859856359,0.021000000000000796,0.08614285714285634,0.01099999999999568,0.0,0.015149861940625927,0.016550540501989477,0.9153696182191041,47.79075586832205,100.00933333333334,100.0046923076923,100.00396595240515,100.00334992295215,0.0006160294529991006,0.004404398157843856,0.003340611659465323,1.0
99.951,99.996,99.951,99.996,99.985,0.011,0.01,7,70287.0,0.003999999999990678,-0.0040000000000048885,0.012999999999991019,100.0002,100.0096,100.00345,99.99739720522955,100.00202301123453,100.00328206536705,0.045000000000001705,0.08635714285714206,0.01099999999999568,0.0,0.01485344323058091,0.015368359037561657,0.966495069140287,49.148105393562965,100.00941666666667,100.00326923076923,100.0027404212659,100.00280548421496,-6.506294906216681e-05,0.004083829606743607,0.002659476737759825,2.5
99.997,99.997,99.997,99.997,99.996,0.001,0.0,4,40099.0,0.0040000000000048885,-0.021000000000000796,-0.0010000000000047748,100.001,100.00750000000001,100.0034,99.99726480348636,100.00110973646461,100.00268377342732,0.0010000000000047748,0.08407142857142803,0.0010000000000047748,0.0,0.013863911571254044,0.014270619106307253,0.9715003580416876,49.27720931314916,100.00774999999999,100.00353846153847,100.00185727953269,100.00237544834718,-0.0005181688144944019,0.0036443155105685163,0.00202394762730898,-0.4285714285714286
99.975,99.993,99.975,99.981,99.997,-0.016,-0.02,5,49990.0,-0.07200000000000273,-0.03200000000001069,-0.0030000000000001137,99.9866,100.0043,100.00325,99.99184320232425,99.99745342074377,100.00061865214852,0.02200000000000557,0.085642857142857,0.0,0.016000000000005343,0.012873632173307326,0.014394146312999975,0.894365799358354,47.21188482505792,100.00616666666666,100.00334615384615,99.99864846729689,100.00079208180296,-0.0021436145060675926,0.0022125355971730366,0.0011904352006336654,0.25
99.977,99.996,99.977,99.996,99.981,0.015,0.02,6,60993.0,0.02199999999999136,-0.10300000000000864,-0.009000000000000341,99.991,99.994,100.00280000000001,99.9932288015495,99.99718916242672,100.00017878051533,0.018999999999991246,0.08542857142857128,0.015000000000000568,0.0,0.0130255155894997,0.013365993004928549,0.974526590332398,49.35494893327028,100.00433333333332,100.00403846153844,99.99824101078967,100.00043711278052,-0.00219610199084741,0.0012694186085203303,0.0005131277623374504,0.19999999999999996
100.33,100.33,100.253,100.253,99.996,0.257,0.26,2,20058.0,0.2680000000000007,0.28000000000000114,0.2560000000000002,100.0446,100.022,100.01559999999999,100.079819201033,100.04370022380367,100.02425699189482,0.3340000000000032,0.10578571428571491,0.257000000000005,0.0,0.030452264475964365,0.012411279218862224,2.4535959540483216,71.04467305077205,100.02433333333333,100.01265384615384,100.0374347014374,100.01914547479677,0.018289226640632705,0.0028294332913879495,0.0040683475379965015,-0.6666666666666667
100.152,100.152,99.991,99.991,100.253,-0.262,-0.26,2,20014.0,-0.0049999999999954525,-0.0010000000000047748,0.0040000000000048885,100.0436,100.0219,100.0158,100.05021280068867,100.03411836493026,100.0210896593334,0.26200000000000045,0.11978571428571476,0.0,0.26200000000000045,0.0282771027276812,0.030239044988943524,0.9351189079556024,48.323589011050935,100.01533333333333,100.01038461538461,100.03029090121626,100.01706062481183,0.01323027640442831,0.004001695634408343,0.005900733311282863,0.0
100.0,100.0,100.0,100.0,99.991,0.009,0.01,3,30000.0,0.0030000000000001137,0.007000000000005002,0.0049999999999954525,100.0442,100.0226,100.01604999999999,100.03347520045912,100.02791502585204,100.01908112034926,0.009000000000000341,0.0863571428571441,0.009000000000000341,0.0,0.02690016681856114,0.02807911320401899,0.9580134038816758,48.92782664216987,100.01758333333333,100.01103846153845,100.0256307625676,100.01579687482577,0.009833887741834246,0.004404762508777872,0.0066873641973931395,0.5
100.0,100.0,100.0,100.0,100.0,0.0,0.0,0,2100.0,0.019000000000005457,-0.05299999999999727,0.0049999999999954525,100.048,100.0173,100.0163,100.02231680030609,100.02283956660621,100.01726387079218,0.0,0.0720714285714296,0.0,-0.0,0.024978726331521057,0.026073462260874775,0.9580134038816758,48.92782664216987,100.01824999999998,100.01111538461538,100.02168756832643,100.01462673594978,0.007060832376652115,0.004900811595119434,0.006762057833244935,-1.0
100.0,100.02,100.0,100.02,100.0,0.02,0.02,7,71004.0,0.02400000000000091,0.04599999999999227,0.024999999999991473,100.0528,100.0219,100.01755,100.0215445335374,100.0223232817687,100.01752445452625,0.01999999999999602,0.06450000000000042,0.01999999999999602,0.0,0.024623103022126412,0.02421107209938372,1.0170182849008649,50.42186739278125,100.02049999999998,100.01249999999999,100.02142794243005,100.01502475550905,0.006403186921005499,0.005543829091564589,0.006690283650797048,inf
99.956,99.989,99.956,99.987,100.02,-0.033,-0.03,123,1226477.0,-0.26600000000000534,0.001999999999995339,-0.030000000000001137,99.9996,100.0221,100.01604999999999,100.01002968902493,100.01590086690166,100.01461736361898,0.06399999999999295,0.06714285714285698,0.0,0.03300000000000125,0.022864309949117385,0.024838852663713544,0.9205058807937325,47.93038594671179,100.015,100.01180769230768,100.01613133590234,100.01294884769356,0.0031824882087789774,0.0059046681091024945,0.005988724562393435,16.571428571428573
99.993,99.993,99.989,99.989,99.987,0.002,0.0,100,1000015.0,-0.001999999999995339,-0.006999999999990791,-0.01099999999999568,99.9992,100.0214,100.0155,100.0030197926833,100.01100980019226,100.01217761470289,0.006000000000000227,0.0673571428571427,0.0020000000000095497,0.0,0.021374002095609683,0.02306464890201972,0.9266996513325642,48.097774382822486,100.01625,100.0115,100.01195728422506,100.01117485897552,0.0007824252495396422,0.006049178560661833,0.004947464699822676,-0.1869918699186992
99.989,100.025,99.989,100.025,99.989,0.036,0.04,103,1025550.0,0.025000000000005684,0.028000000000005798,0.007000000000005002,100.0042,100.0242,100.01585,100.01034652845554,100.01355347288457,100.013398794255,0.036000000000001364,0.06557142857142802,0.036000000000001364,0.0,0.022418716231637662,0.021417173980446885,1.0467635110078084,51.142376995591015,100.01958333333334,100.01296153846154,100.01396385588275,100.01219894349585,0.001764912386903461,0.006483459326547505,0.004310954237238833,0.030000000000000027
99.989,99.994,99.984,99.994,100.025,-0.031,-0.03,24,239979.0,-0.006000000000000227,0.01300000000000523,-0.019000000000005457,100.003,100.0255,100.0149,100.00489768563703,100.00999829599647,100.01155129004025,0.04100000000001103,0.06285714285714354,0.0,0.03100000000000591,0.020817379357949257,0.02210166155327253,0.9418920522229646,48.50383166998091,100.01941666666666,100.01292307692307,100.01089249343926,100.01085087360727,4.16198319896921e-05,0.006732095084640516,0.003457087356189005,-0.7669902912621359
99.951,99.994,99.113,99.742,99.994,-0.252,-0.25,18,179786.0,-0.2779999999999916,-0.2539999999999907,-0.3569999999999993,99.9474,100.0001,99.99705,99.91726512375803,99.961271333088,99.98587973860785,0.8810000000000002,0.12428571428571493,0.0,0.25199999999999534,0.019330423689524312,0.03852297144232416,0.5017895288390576,33.41277317514397,99.99816666666668,100.00319230769232,99.96952441752553,99.99093599408081,-0.021411576555280476,0.002320894729539052,-0.0015166454261048906,-0.25
99.951,99.999,99.951,99.998,99.742,0.256,0.26,20,199965.0,0.01100000000000989,-0.25499999999999545,0.025000000000005684,99.9496,99.97460000000001,99.9983,99.94417674917203,99.96794927252654,99.98703404921663,0.2569999999999908,0.1394285714285713,0.2560000000000002,0.0,0.036235393425986875,0.035771330625015293,1.012973037146319,50.32223574054202,99.99958333333335,100.0033076923077,99.97390527636776,99.99145925377853,-0.01755397741077047,-0.001099577916594146,-0.004724111823038007,0.11111111111111116
99.98,99.984,99.977,99.977,99.998,-0.021,-0.02,26,259952.0,-0.012000000000000455,-0.013999999999995794,-0.015000000000000568,99.9472,99.97319999999999,99.99755,99.95511783278135,99.96959485933989,99.98607842548171,0.021000000000000796,0.14085714285714243,0.0,0.021000000000000796,0.03364715103841639,0.0347162355803714,0.9692050556725835,49.21808690672647,99.998,100.00176923076923,99.97438138769579,99.99038819794309,-0.01600681024730477,-0.003970766582054037,-0.00698065150789136,0.30000000000000004
99.968,99.989,99.968,99.989,99.977,0.012,0.01,12,119984.0,-0.036000000000001364,-0.01099999999999568,-0.003999999999990678,99.94000000000001,99.9721,99.99735,99.96641188852091,99.97312306673263,99.98635667067393,0.021000000000000796,0.14078571428571354,0.012000000000000455,0.0,0.032100925964243826,0.03223650446748773,0.9957942554416642,49.89463481651807,99.976,100.00134615384614,99.97663040497336,99.99028536846582,-0.013654963492456318,-0.00627252167862164,-0.008315513904804353,-0.5384615384615384
100.0,100.0,99.987,99.987,99.989,-0.002,0.0,4,39997.0,-0.007000000000005002,-0.01300000000000523,-0.0660000000000025,99.9386,99.9708,99.99405,99.97327459234728,99.9756461455085,99.98641794013355,0.01300000000000523,0.1403571428571431,0.0,0.0020000000000095497,0.029808002681083554,0.030076754148382148,0.9910644790334515,49.77560945261587,99.97566666666667,100.00015384615384,99.97822572728515,99.99004200783872,-0.011816280553574643,-0.00829690695357499,-0.009015667234558412,-0.6666666666666667
100.049,100.078,100.01,100.078,99.987,0.091,0.09,35,349537.0,0.3359999999999985,0.058000000000006935,0.1039999999999992,100.0058,99.97659999999999,99.99924999999999,100.00818306156486,99.99425593723423,99.99514004107321,0.09100000000000819,0.1230000000000006,0.09100000000000819,0.0,0.03417885963243531,0.02792841456635485,1.2238023591074276,55.03197503570542,99.98216666666667,100.00265384615385,99.99357561539513,99.99655741466549,-0.002981799270358465,-0.00898182778459026,-0.007808893641718423,7.75
99.985,100.013,99.985,100.008,100.078,-0.07,-0.07,5,49999.0,0.009999999999990905,0.021000000000000796,0.022999999999996135,100.0078,99.9787,100.0004,100.00812204104325,99.99675485773709,99.99636479906624,0.09300000000000352,0.11092857142857225,0.0,0.07000000000000739,0.03173751251583279,0.03093352781161575,1.0259907214305877,50.641432390475984,99.98283333333335,99.99915384615383,99.99579475148819,99.99740501357915,-0.001610262090963488,-0.009247681933535054,-0.006569167331567436,-0.8571428571428572
99.99,100.002,99.96,100.002,100.008,-0.006,-0.01,4,39994.0,0.024999999999991473,0.012999999999991019,0.006000000000000227,100.0128,99.97999999999999,100.0007,100.0060813606955,99.99770851996671,99.99690148486945,0.04800000000000182,0.11371428571428664,0.0,0.006000000000000227,0.029470547336130446,0.0291525615393575,1.0109076451598824,50.271211986938745,99.98133333333334,100.00026923076923,99.99674940510539,99.99774538294366,-0.0009959778382722106,-0.009554447514110128,-0.005454529432908391,-0.19999999999999996
99.991,100.0,99.99,99.998,100.002,-0.004,0.0,15,154291.0,0.009000000000000341,-0.027000000000001023,0.0010000000000047748,100.0146,99.9773,100.00075000000001,100.00338757379701,99.99776151633638,99.99700610535808,0.012000000000000455,0.11457142857142953,0.0,0.003999999999990678,0.027365508240692556,0.027355950000831297,1.00034940259289,50.00873353906165,99.98225000000001,100.0005,99.99694180431996,99.99776424346636,-0.0008224391464040082,-0.009650454067264983,-0.004528111375607514,2.75
99.998,99.999,99.992,99.995,99.998,-0.003,0.0,33,328586.0,0.008000000000009777,0.0010000000000047748,0.014000000000010004,100.0162,99.9774,100.00145,100.00059171586469,99.99725942245703,99.99681504770493,0.006999999999990791,0.11364285714285773,0.0,0.0030000000000001137,0.02541082908064309,0.025616239286486212,0.9919812505049682,49.798724272806304,99.98275,100.00057692307693,99.99664306519381,99.99755948469108,-0.0009164194972726136,-0.007373214394152999,-0.0038057729999405343,1.2000000000000002
99.998,99.998,99.989,99.989,99.995,-0.006,-0.01,9,89993.0,-0.08899999999999864,0.2469999999999999,-0.006999999999990791,99.9984,100.00210000000001,100.0011,99.99672781057647,99.99575770928303,99.99607075744731,0.009000000000000341,0.10971428571428683,0.0,0.006000000000000227,0.023595769860597155,0.0242150793374515,0.9744246356485601,49.352333740937176,99.97975000000001,99.99811538461539,99.99546720901014,99.99692544878803,-0.0014582397778895029,-0.005584799101610669,-0.0033362663555303283,-0.7272727272727273
100.017,100.017,99.995,100.002,99.989,0.013,0.01,10,100003.0,-0.006000000000000227,0.003999999999990678,-0.2510000000000048,99.99719999999999,100.0025,99.98855,99.99848520705098,99.99689267123156,99.99663544721423,0.027999999999991587,0.11128571428571478,0.012999999999991019,0.0,0.022838929156268145,0.022485430813347824,1.0157212172563967,50.38996506862677,99.98041666666666,99.99919230769231,99.99647225377781,99.9973013414704,-0.0008290876925940438,-0.003898385484420588,-0.0028348306229430717,0.11111111111111116
99.991,99.991,99.991,99.991,100.002,-0.011,-0.01,1,9999.0,-0.01099999999999568,0.013999999999995794,0.0,99.995,100.0039,99.98855,99.99599013803399,99.99582127646218,99.99609873795573,0.01099999999999568,0.10950000000000008,0.0,0.01099999999999568,0.021207577073677562,0.021665042898108385,0.9788846102644567,49.466482542084115,100.00116666666668,99.99942307692308,99.99563036858123,99.99683457543556,-0.0012042068543252071,-0.002514968080183798,-0.002508705869219499,-0.9
99.991,99.991,99.991,99.991,99.991,0.0,0.0,2,19998.0,-0.007000000000005002,0.001999999999995339,-0.009000000000000341,99.99359999999999,100.0041,99.9881,99.99432675868933,99.99494468074178,99.9956131438647,0.0,0.10657142857142787,0.0,-0.0,0.01969275013984345,0.02011753983395779,0.9788846102644566,49.466482542084115,100.00058333333334,99.99923076923076,99.99491800418411,99.99640238466256,-0.0014843804784447912,-0.0013669791829471478,-0.0023038407910645573,1.0
99.991,99.994,99.991,99.994,99.991,0.003,0.0,8,79994.0,-0.0010000000000047748,0.007000000000005002,-0.006000000000000227,99.9934,100.0048,99.98780000000001,99.99421783912622,99.99477292060692,99.99545951111568,0.0030000000000001137,0.04385714285714215,0.0030000000000001137,0.0,0.018500410844140357,0.018680572702960804,0.9903556565590791,49.75772311322504,100.00200000000001,99.99911538461538,99.99477677277117,99.99622443024312,-0.0014476574719424207,-0.001196518983123143,-0.00213260412724013,3.0
100.055,100.055,100.055,100.055,99.994,0.061,0.06,2,20011.0,0.0660000000000025,-0.022999999999996135,0.0350000000000108,100.0066,100.00250000000001,99.98955000000001,100.01447855941748,100.00572329867839,100.00113003386657,0.06100000000000705,0.02985714285714331,0.06100000000000705,0.0,0.021536095783845122,0.017346246081320748,1.2415421574721115,55.387856674186075,100.00750000000001,100.00196153846153,100.00404188465254,100.00057817615104,0.003463708501499241,-0.0006327444728495064,-0.0010133416014922558,-0.75
99.981,99.981,99.981,99.981,100.055,-0.074,-0.07,2,19996.0,-0.021000000000000796,-0.027000000000001023,-0.006000000000000227,100.0024,99.99980000000001,99.98925,100.00331903961167,100.00122815346413,99.99921288778404,0.07400000000001228,0.03364285714285842,0.0,0.07400000000001228,0.019997803227856187,0.021392942789798718,0.9347850561911564,48.3146721233927,100.007,100.00138461538462,100.00049697932137,99.99912794088058,0.0013690384407851752,-0.0003699648862875746,-0.0005368655930367697,0.0
99.999,100.009,99.999,100.009,99.981,0.028,0.03,6,64303.0,0.018000000000000682,0.007000000000005002,0.01999999999999602,100.006,100.0005,99.99025,100.00521269307445,100.00264121647064,100.00014499370937,0.028000000000005798,0.03414285714285877,0.028000000000005798,0.0,0.02056938871158116,0.01986487544767024,1.035465274663655,50.87118348578842,100.00125000000001,99.99199999999999,100.00180513634885,99.99985920451907,0.001945931829780534,-6.236811115595881e-05,-4.030610847330899e-05,2.0
100.009,100.23,99.999,99.999,100.009,-0.01,-0.01,23,234547.0,0.007999999999995566,0.000999999999990564,-0.02600000000001046,100.0076,100.00059999999999,99.98895000000002,100.00314179538297,100.00197917711233,100.00003594668942,0.23100000000000875,0.0497142857142876,0.0,0.010000000000005116,0.019100146660753936,0.01916024148712273,0.996863566338181,49.9214660001141,100.0005,99.9923076923077,100.00137357691057,99.99979555973987,0.0015780171707007185,0.00021479151861885585,0.0002833585473614965,2.8333333333333335
100.001,100.001,99.981,99.981,99.999,-0.018,-0.02,36,359552.0,-0.01300000000000523,-0.014000000000010004,-0.01300000000000523,100.005,99.9992,99.98830000000001,99.99576119692199,99.99816478127372,99.99822299938566,0.020000000000010232,0.04464285714285917,0.0,0.018000000000000682,0.017735850470700084,0.01907736709518544,0.9296802007430095,48.17794162913849,99.99875000000002,99.99157692307692,99.99823918046279,99.99840329605544,-0.00016411559265350206,0.00035858309475618927,0.0001938637193584968,0.5652173913043479
99.982,100.199,99.982,100.001,99.981,0.02,0.02,34,341786.0,-0.054000000000002046,0.012000000000000455,0.25900000000000034,99.9942,100.00039999999998,100.00125,99.99750746461467,99.99868027558757,99.99848747563465,0.21800000000000352,0.0535714285714306,0.020000000000010232,0.0,0.017897575437079382,0.017714698016957908,1.0103234850487661,50.2567617879795,99.99900000000001,99.99161538461539,99.99866392193006,99.99859564449578,6.827743428061694e-05,0.00045829033107559606,0.00016874646234292084,-0.05555555555555558
100.11,100.11,100.11,100.11,100.001,0.109,0.11,1,10011.0,0.1290000000000049,0.10800000000000409,0.11199999999999477,100.02000000000001,100.0112,100.00685,100.0350049764098,100.01892022548074,100.0091077160504,0.10899999999999466,0.057928571428572946,0.10899999999999466,0.0,0.024404891477287617,0.016449362444318057,1.4836375306276726,59.7364757269038,100.00858333333333,99.99507692307694,100.01579254932544,100.00684781897758,0.008944730347863583,0.0015859500202076839,0.0019239432394470533,-0.9705882352941176
99.988,99.988,99.988,99.988,100.11,-0.122,-0.12,1,9999.0,-0.021000000000000796,-0.0030000000000001137,0.01099999999999568,100.01579999999998,100.0109,100.00739999999999,100.01933665093986,100.01329836630242,100.00709745737893,0.12199999999999989,0.06578571428571577,0.0,0.12199999999999989,0.022661684943195644,0.02398869369829533,0.9446819084111285,48.57770848410709,100.00850000000001,99.99511538461539,100.01151677250614,100.00545168423851,0.0060650882676327456,0.0024247798808829657,0.002752172245084192,0.0
99.99,99.99,99.99,99.99,99.988,0.002,0.0,1,9999.0,-0.009000000000000341,-0.0010000000000047748,0.000999999999990564,100.014,100.0108,100.00745,100.00955776729324,100.00906229970198,100.00546912810475,0.001999999999995339,0.06542857142857324,0.001999999999995339,0.0,0.021185850304395622,0.02227521557698852,0.9510951860902181,48.74673428906917,100.0075,99.99515384615384,100.00820649981289,100.00430711503566,0.0038993847772275103,0.003018895686346291,0.002981614751512856,0.0
99.995,99.998,99.98,99.981,99.99,-0.009,-0.01,22,215083.0,0.0,-0.01300000000000523,-0.006000000000000227,100.014,100.0095,100.00715,100.00003851152884,100.00396006339253,100.0031387349519,0.018000000000000682,0.0660714285714304,0.0,0.009000000000000341,0.01967257528265308,0.021326985892917937,0.9224264216907351,47.9824044906478,100.00666666666666,99.99346153846153,100.00402088445705,100.00258066207005,0.0014402223870035868,0.002794063895846774,0.0026733362786110024,21.0
99.984,99.993,99.983,99.993,99.981,0.012,0.01,36,357662.0,-0.008000000000009777,-0.06200000000001182,-0.08500000000000796,100.01239999999999,100.0033,100.0029,99.99769234101925,100.00196732459388,100.00217314114697,0.012000000000000455,0.06492857142857389,0.012000000000000455,0.0,0.019124534191035034,0.019803629757709513,0.9657085304571447,49.127758031988584,100.00683333333332,99.99342307692308,100.00232536377135,100.00187098339819,0.00045438037315648216,0.0026924352216658085,0.0022295450975200986,0.6363636363636365
99.961,99.989,99.961,99.989,99.993,-0.004,0.0,3,29994.0,-0.12099999999999511,0.008000000000009777,-0.018999999999991246,99.9882,100.0041,100.00195,99.99479489401284,99.99960962921318,100.00091855627583,0.031999999999996476,0.06642857142857395,0.0,0.003999999999990678,0.01775849603453253,0.018674799060729597,0.9509337142950085,48.74249223985751,100.00641666666667,100.00292307692308,100.00027530780652,100.00091757722055,-0.0006422694140297835,0.002404857305686884,0.0016551821952101222,-0.9166666666666666
99.996,99.996,99.996,99.996,99.989,0.007,0.01,2,19999.0,0.007999999999995566,-0.01300000000000523,-0.006000000000000227,99.98979999999999,100.00280000000001,100.00165,99.99519659600857,99.9989533329926,100.0004501223448,0.006999999999990791,0.0669285714285733,0.006999999999990791,0.0,0.016990032032065266,0.017340884842106056,0.9797673063839931,49.48901334134663,100.00150000000001,100.00284615384615,99.99961756814398,100.00055331224124,-0.0009357440972621589,0.0021255504981354534,0.0011369969367156661,-0.33333333333333337
99.32,99.32,99.32,99.32,99.996,-0.676,-0.68,0,199.0,-0.6700000000000017,-0.679000000000002,-0.6780000000000115,99.8558,99.9349,99.96775,99.77013106400571,99.87550727244849,99.93564534878816,0.6760000000000019,0.11500000000000199,0.0,0.6760000000000019,0.015776458315489177,0.06438796449624147,0.2450218521259528,19.680124626532667,99.94641666666666,99.97757692307692,99.89506101919875,99.95014195577892,-0.05508093658016833,-0.003976318500477305,-0.010106589766661133,-1.0
100.186,100.186,100.001,100.136,99.32,0.816,0.82,33,330340.0,0.15500000000000114,0.15500000000000114,0.14099999999999113,99.8868,99.9504,99.9748,99.89208737600381,99.92286958654876,99.95472674414167,0.8660000000000139,0.17250000000000248,0.8160000000000025,0.0,0.07293528272152584,0.05978882417508137,1.219881536856241,54.95255114305859,99.957,99.98323076923076,99.93212855470662,99.9639092183138,-0.03178066360717935,-0.00751508972730619,-0.014441404534764777,inf
100.0,100.0,99.986,99.994,100.136,-0.142,-0.14,18,179987.0,0.0010000000000047748,-0.007000000000005002,0.0049999999999954525,99.887,99.9497,99.97505,99.92605825066921,99.93580238899443,99.95846705422342,0.14999999999999147,0.1779285714285724,0.0,0.1419999999999959,0.06772561966998829,0.06566105101971811,1.0314428206403548,50.77390365903686,99.95658333333331,99.98349999999999,99.94164723859792,99.96613816510538,-0.02449092650745399,-0.011230162711230365,-0.01645130892930262,-0.4545454545454546
99.991,99.991,99.991,99.991,99.994,-0.003,0.0,14,139987.0,0.001999999999995339,-0.11899999999999977,-0.01099999999999568,99.88739999999999,99.93780000000001,99.97449999999999,99.94770550044615,99.94583831826817,99.96156543001166,0.0030000000000001137,0.17614285714285774,0.0,0.0030000000000001137,0.06288807540784627,0.06118526166116683,1.0278304562315894,50.686212600912114,99.95741666666665,99.98015384615384,99.94923997112133,99.96797978250498,-0.01873981138365366,-0.01398626267248441,-0.016909009420172826,-0.2222222222222222
99.979,99.979,99.979,99.979,99.991,-0.012,-0.01,1,9998.0,-0.016999999999995907,-0.009000000000000341,-0.012000000000000455,99.88399999999999,99.9369,99.97389999999999,99.95813700029743,99.95186771494667,99.96322586524865,0.012000000000000455,0.1605,0.0,0.012000000000000455,0.05839607002157154,0.057672028685369234,1.0125544627561538,50.31190367735342,99.95558333333332,99.97903846153848,99.95381843710267,99.96879609491202,-0.014977657809353673,-0.016083711848771207,-0.016522739098009,-0.9285714285714286
99.979,99.979,99.965,99.965,99.979,-0.014,-0.01,13,129966.0,0.6450000000000102,-0.024999999999991473,-0.02599999999999625,100.013,99.9344,99.97259999999999,99.96042466686495,99.95425540313818,99.96339483046306,0.013999999999995794,0.16007142857142753,0.0,0.013999999999995794,0.05422492216288786,0.05455259806498542,0.9939933951136989,49.8493825280209,99.94350000000001,99.97761538461538,99.95553867754842,99.96851490269631,-0.012976225147895093,-0.01768553935264884,-0.015813436307986217,12.0
99.966,99.966,99.966,99.966,99.965,0.001,0.0,1,9997.0,-0.1700000000000017,-0.015000000000000568,-0.028000000000005798,99.979,99.93289999999999,99.9712,99.9622831112433,99.95639078438577,99.96364294184752,0.000999999999990564,0.1445714285714266,0.000999999999990564,0.0,0.05042314200839519,0.05065598391748646,0.9954034668545665,49.88482196152843,99.94166666666666,99.97638461538462,99.95714811177174,99.9683286136077,-0.011180501835951873,-0.018978304042549767,-0.014886849413579348,-0.9230769230769231
100.069,100.077,100.0,100.075,99.966,0.109,0.11,4,40029.0,0.08100000000000307,0.08200000000000784,0.01999999999999602,99.9952,99.9411,99.9722,99.99985540749555,99.97795609631564,99.97424837595729,0.1110000000000042,0.14471428571428444,0.10900000000000887,0.0,0.05460720329351045,0.04703769935195172,1.1609241958226142,53.72350395570803,99.94875,99.97946153846154,99.97527917149917,99.9762301977849,-0.0009510262857332918,-0.019012610361627935,-0.012099684788010137,3.0
99.999,100.001,99.999,100.0,100.075,-0.075,-0.07,5,50000.0,0.009000000000000341,0.01099999999999568,0.019000000000005457,99.997,99.9422,99.97315,99.99990360499703,99.9819640788037,99.9767009115804,0.07600000000000762,0.1414285714285707,0.0,0.07500000000000284,0.05070668877254542,0.04903500654109823,1.0340916082074159,50.83800572378005,99.95033333333333,99.9798846153846,99.9790823758839,99.97799092387491,0.0010914520089926327,-0.01878736634982185,-0.009461457428609585,0.25
99.98,99.996,99.98,99.994,100.0,-0.006,-0.01,5,49993.0,0.015000000000000568,-0.001999999999995339,-0.015000000000000568,100.0,99.942,99.9724,99.9979357366647,99.98415242811211,99.97834844381084,0.01999999999999602,0.14271428571428504,0.0,0.006000000000000227,0.047084782431649326,0.04596107750244837,1.024449055380416,50.60384466863805,99.95041666666667,99.97957692307692,99.9813773949787,99.97917678136567,0.002200613613027258,-0.012422749661689004,-0.007129043220282217,0.0
99.985,100.036,99.985,100.036,99.994,0.042,0.04,13,130042.0,0.07099999999999795,0.7160000000000082,0.03700000000000614,100.0142,100.0136,99.97425,100.01062382444314,99.99357925936444,99.9838390682098,0.05100000000000193,0.145071428571428,0.04200000000000159,0.0,0.046721583686531634,0.04267814339513063,1.0947426474006914,52.261438833984094,99.95433333333334,99.98130769230768,99.98978087267429,99.98338590867192,0.006394964002367942,-0.008181013260628194,-0.004424241775752185,1.6
99.985,99.995,99.985,99.991,100.036,-0.045,-0.04,24,239973.0,0.025000000000005684,-0.14499999999999602,0.010000000000005116,100.0192,99.9991,99.97475,100.00408254962876,99.99311030311635,99.98452106171362,0.05100000000000193,0.14785714285714238,0.0,0.045000000000001705,0.043384327708922234,0.042843990295478564,1.0126117434374615,50.3133178438063,99.95391666666667,99.98130769230768,99.98996843072439,99.98394991543697,0.006018515287422588,-0.004791075283419686,-0.002335690363117231,0.8461538461538463
99.992,99.992,99.992,99.992,99.991,0.001,0.0,1,9999.0,-0.08299999999999841,-0.001999999999995339,-0.009000000000000341,100.0026,99.9989,99.9743,100.00005503308586,99.99290842982246,99.98523334155041,0.0010000000000047748,0.14564285714285724,0.0010000000000047748,0.0,0.040356875729713845,0.03978370527437295,1.01440716623522,50.35760313199605,100.00991666666665,99.98123076923076,99.99028097984372,99.98454621799719,0.005734761846525771,-0.002071678257844193,-0.0007215999211886304,-0.9583333333333334
100.28,100.28,100.259,100.259,99.992,0.267,0.27,18,180492.0,0.25900000000000034,0.2680000000000007,0.1490000000000009,100.0544,100.0257,99.98175,100.08637002205725,100.04128871530929,100.01130635664086,0.2879999999999967,0.16571428571428623,0.2669999999999959,0.0,0.05654567032044827,0.03694201204048917,1.5306602753112935,60.48462096015669,100.02016666666667,99.98907692307692,100.03162236756008,100.00487612777519,0.02674623978488455,0.0025643103637378317,0.004771968020026007,17.0
100.0,100.0,99.988,99.988,100.259,-0.271,-0.27,5,49997.0,-0.006000000000000227,0.009000000000000341,0.0,100.0532,100.0266,99.98175,100.05358001470483,100.03159985798032,100.00908670362745,0.2710000000000008,0.13678571428571473,0.0,0.2710000000000008,0.05250669386898768,0.05366043975188286,0.9784991347773162,49.45663698192358,100.01966666666668,99.98934615384616,100.02491123408929,100.0036260442363,0.021285189852989106,0.006371134252724965,0.008074612386618628,-0.7222222222222222
99.961,99.961,99.961,99.961,99.988,-0.027,-0.03,1,9996.0,-0.07500000000000284,-0.0040000000000048885,-0.028999999999996362,100.0382,100.02619999999999,99.9803,100.02272000980324,100.01876352016572,100.00450701756769,0.027000000000001023,0.07685714285714239,0.0,0.027000000000001023,0.048756215735488564,0.051756122626748446,0.9420376423308519,48.507692219611634,100.01716666666668,99.98750000000001,100.01507873653709,100.00046855947805,0.014610177059040552,0.009236765241057456,0.009381725321103013,-0.8
99.97,99.976,99.97,99.976,99.961,0.015,0.02,6,60582.0,-0.015000000000000568,0.010000000000005116,-0.0049999999999954525,100.0352,100.0272,99.98004999999999,100.00714667320217,100.01098833468103,100.00179206351363,0.015000000000000568,0.06721428571428589,0.015000000000000568,0.0,0.046345057468667995,0.048059256724837844,0.964331548738166,49.092096970983675,100.01691666666666,99.98661538461539,100.0090666232237,99.9986560735908,0.010410549632908328,0.01049916256535097,0.009587490183464076,5.0
99.972,99.972,99.972,99.972,99.976,-0.004,0.0,1,9997.0,-0.020000000000010232,-0.10300000000000864,-0.021000000000000796,100.03119999999998,100.01689999999999,99.979,99.99543111546812,100.00389954655721,99.99895472413138,0.0040000000000048885,0.06728571428571481,0.0,0.0040000000000048885,0.043034696220906,0.044912166958778345,0.9581968347331016,48.93261074358247,100.01749999999998,99.98626923076924,100.00336406580467,99.9966815496211,0.006682516183573739,0.011120391918082204,0.00900649538348601,-0.8333333333333334
99.972,99.972,99.972,99.972,99.972,0.0,0.0,11,109969.0,-0.28700000000000614,-0.028000000000005798,-0.017000000000010118,99.97380000000001,100.01410000000001,99.97815,99.98762074364542,99.99809962900135,99.99638760754743,0.0,0.06642857142857192,0.0,-0.0,0.039960789347984145,0.04170415503315132,0.9581968347331016,48.93261074358247,100.01799999999999,99.98515384615385,99.99853882491165,99.99485328668621,0.0036855382254401547,0.011285383541683637,0.007942303951876839,10.0
99.982,100.233,99.982,99.999,99.972,0.027,0.03,14,140278.0,0.01099999999999568,0.0049999999999954525,0.0030000000000001137,99.976,100.0146,99.9783,99.99141382909696,99.99826333281928,99.99663640682863,0.2610000000000099,0.08407142857143006,0.027000000000001023,0.0,0.039035018680271066,0.03872528681649766,1.0079981812721257,50.199158080587964,100.01166666666666,99.98088461538461,99.99860977492524,99.99516045063537,0.0034493242898747667,0.010958090240295506,0.007043708019476425,0.2727272727272727
100.159,100.159,100.147,100.147,99.999,0.148,0.15,13,132396.0,0.18600000000000705,0.1110000000000042,0.8270000000000124,100.0132,100.0257,100.01965,100.04327588606465,100.02530636321578,100.01095674903543,0.1600000000000108,0.09542857142857437,0.14800000000001035,0.0,0.046818231631681015,0.03595919490103354,1.3019821984483686,56.55917753516768,100.02391666666666,99.987,100.02143904032135,100.00640782466238,0.015031215658979136,0.011959501392690678,0.008641209547376967,-0.0714285714285714
99.983,100.345,99.983,100.005,100.147,-0.142,-0.14,32,322568.0,0.028999999999996362,0.013999999999995794,-0.13100000000000023,100.01899999999999,100.02709999999999,100.0131,100.03051725737643,100.02161429717654,100.01038943960349,0.36199999999999477,0.11335714285714513,0.0,0.14200000000001012,0.043474072229418084,0.043533538122389005,0.9986340211355268,49.965827188719196,100.02483333333333,99.98757692307693,100.01890995719498,100.00630354135406,0.012606415840920704,0.012723018503179005,0.009434250806085715,1.4615384615384617
100.0,100.001,100.0,100.001,100.005,-0.004,0.0,17,170701.0,0.029000000000010573,0.009000000000000341,0.007000000000005002,100.0248,100.02799999999999,100.01345,100.02067817158431,100.01786624314444,100.0094952072603,0.0049999999999954525,0.10828571428571568,0.0,0.003999999999990678,0.04036878135588822,0.040709713970789124,0.9916252760914622,49.789751515782804,100.02191666666666,99.98834615384615,100.01615457916499,100.00591068643894,0.010243892726052195,0.010889424385530965,0.009596179190079011,-0.46875
100.399,100.952,100.001,100.001,100.001,0.0,0.0,10,100638.0,0.029000000000010573,-0.25799999999999557,0.010000000000005116,100.0306,100.0022,100.01395,100.01411878105623,100.01479965348182,100.00868613990218,0.9509999999999934,0.1747857142857155,0.0,-0.0,0.037485296973324776,0.037801877258589904,0.9916252760914621,49.7897515157828,100.02274999999999,99.98865384615384,100.0138231054473,100.0055469318879,0.008276173559394806,0.009443978130687154,0.009332178063942171,-0.4117647058823529
100.002,100.002,100.0,100.0,100.001,-0.001,0.0,43,430006.0,0.0010000000000047748,0.012000000000000455,0.021000000000000796,100.0308,100.0034,100.015,100.00941252070416,100.01210880739421,100.00785888848291,0.001999999999995339,0.171285714285715,0.0,0.0010000000000047748,0.03480777576094444,0.03517317174011954,0.9896115146545537,49.73893181485608,100.02341666666666,99.98907692307692,100.01169647384002,100.00513604804435,0.006560425795669289,0.008549561323645902,0.008777827610287595,3.3
100.0,100.0,100.0,100.0,100.0,0.0,0.0,1,10000.0,-0.14700000000000557,0.03900000000000148,0.03499999999999659,100.0014,100.00730000000001,100.01675,100.00627501380278,100.0099072060498,100.00711042291312,0.0,0.16764285714285773,0.0,-0.0,0.03232150606373412,0.032660802330111004,0.9896115146545535,49.73893181485607,100.00183333333332,99.98923076923076,100.00989701632616,100.00475560004107,0.005141416285098899,0.007964102062778188,0.008050545345249856,-0.9767441860465116
100.05,100.05,99.999,99.999,100.0,-0.001,0.0,10,100005.0,-0.006000000000000227,0.022999999999996135,0.03300000000000125,100.0002,100.00959999999999,100.0184,100.00385000920186,100.0079240776771,100.0063380016833,0.05100000000000193,0.17121428571428612,0.0,0.0010000000000047748,0.030012827059181686,0.030399316449389133,0.9872862473453671,49.680122763602476,100.00274999999999,100.01534615384617,100.00822055227599,100.00432925929728,0.0038912929787073836,0.00765396615112637,0.0072186948719413615,9.0
99.999,99.999,99.999,99.999,99.999,0.0,0.0,4,40000.0,-0.0020000000000095497,0.027000000000001023,-0.07600000000000762,99.9998,100.0123,100.0146,100.0022333394679,100.00630151809943,100.00563914438013,0.0,0.15064285714285777,0.0,-0.0,0.027869053697811567,0.028227936703004195,0.9872862473453671,49.680122763602476,100.00591666666666,100.01007692307692,100.00680200577199,100.00393449934933,0.0028675064226604263,0.007563073728595289,0.006348457182085174,-0.6
99.958,100.043,99.958,99.99,99.999,-0.009,-0.01,36,362494.0,-0.01100000000000989,0.018000000000000682,-0.010000000000005116,99.9976,100.0141,100.0141,99.99815555964528,100.00333760571772,100.00414970205821,0.08500000000000796,0.137357142857144,0.0,0.009000000000000341,0.02587840700511074,0.026854512652789635,0.9636520811120548,49.07448169567389,100.00708333333334,100.00992307692307,100.00421708180707,100.00290231421233,0.0013147675947351445,0.007325900762468664,0.005341719264615169,8.0
99.985,99.999,99.985,99.999,99.99,0.009,0.01,24,239978.0,-0.0010000000000047748,0.0,0.0049999999999954525,99.9974,100.01410000000001,100.01435000000001,99.99843703976353,100.00254895013268,100.00365925424313,0.013999999999995794,0.1364285714285722,0.009000000000000341,0.0,0.024672806504745712,0.024936333177590378,0.9894320198977173,49.73439705411935,100.00933333333334,100.01023076923077,100.00341445383675,100.00261325390031,0.0008011999364470057,0.005744787904409539,0.004433615398981536,-0.33333333333333337
99.99,99.999,99.99,99.999,99.999,0.0,0.0,5,51699.0,-0.0010000000000047748,-0.14800000000001035,-0.03700000000000614,99.99719999999999,99.99929999999999,100.0125,99.9986246931757,100.00190368647219,100.00321551574379,0.009000000000000341,0.13600000000000076,0.0,-0.0,0.022910463182978163,0.023155166522048208,0.9894320198977175,49.73439705411935,100.01158333333335,100.01099999999998,100.00273530709264,100.00234560546325,0.00038970162938767317,0.0043873752142392025,0.0036248326450627638,-0.7916666666666666
99.985,100.089,99.985,100.089,99.999,0.09,0.09,3,30006.0,0.09000000000000341,0.08400000000000318,0.09799999999999898,100.0152,100.0077,100.0174,100.02874979545048,100.01773937984089,100.01138546662534,0.1039999999999992,0.1431428571428575,0.09000000000000341,0.0,0.027702572955622826,0.021501226056187622,1.2884182922048104,56.301695218642244,100.01908333333334,100.01576923076922,100.01600679830915,100.008764449503,0.007242348806144605,0.00405387033424947,0.004348335877279132,-0.4
99.993,100.01,99.992,100.008,100.089,-0.081,-0.08,7,70001.0,0.009000000000000341,0.006999999999990791,0.015999999999991132,100.017,100.00840000000001,100.01820000000001,100.021833196967,100.01596858350617,100.01106304123246,0.0969999999999942,0.1500714285714285,0.0,0.08100000000000307,0.02572381774450691,0.02575113848074587,0.9989390474421398,49.973462108331475,100.0075,100.01738461538463,100.01477498318467,100.00870782361389,0.006067159570775971,0.003808424335514044,0.0046921006159785,1.3333333333333335
99.981,99.981,99.981,99.981,100.008,-0.027,-0.03,1,9998.0,-0.009000000000000341,-0.020000000000010232,-0.2780000000000058,100.0152,100.0064,100.0043,100.00822213131134,100.00961065923232,100.00819989444841,0.027000000000001023,0.13335714285714215,0.0,0.027000000000001023,0.023886402191327847,0.02584034287497838,0.9243841038370058,48.035322158081,100.0055,100.01376923076921,100.00957883192548,100.00665539223507,0.0029234396904058713,0.0034043147682625533,0.004338368430863974,-0.8571428571428572
99.981,100.076,99.981,99.999,99.981,0.018,0.02,17,171739.0,0.0,-0.0010000000000047748,0.01099999999999568,100.01520000000001,100.00629999999998,100.00485,100.0051480875409,100.00768144846279,100.00732371402475,0.09499999999999886,0.12871428571428417,0.018000000000000682,0.0,0.023465944891947334,0.023994604098194212,0.9779675795406575,49.44305405489864,100.00533333333334,100.01373076923076,100.00795131932156,100.00608832614358,0.001862993177979888,0.003040045534138219,0.0038432933802871575,16.0
99.98,100.467,99.98,99.982,99.999,-0.017,-0.02,11,110279.0,-0.016999999999995907,-0.018000000000000682,0.021000000000000796,100.0118,100.0045,100.0059,99.9974320583606,100.00301209419682,100.00491193173667,0.48699999999999477,0.1376428571428556,0.0,0.016999999999995907,0.021789805971093954,0.023494989519751475,0.9274235237592241,48.1172670317102,100.00375000000001,100.01326923076923,100.0039588086567,100.0043040056885,-0.0003451970317911446,0.0025693244218606046,0.0030055952978714972,-0.3529411764705882
100.45,100.45,100.04,100.057,99.982,0.075,0.08,16,160217.0,-0.031999999999996476,0.058000000000006935,0.08100000000000307,100.0054,100.0103,100.00995,100.01728803890708,100.01282807707013,100.00987270014271,0.4680000000000035,0.17071428571428474,0.07500000000000284,0.0,0.025590534116016018,0.02181677598262637,1.17297505994446,53.98014370097927,100.00850000000001,100.01407692307693,100.0121189919403,100.00820741267454,0.003911579265761134,0.002685332515538461,0.0031867920914494248,0.4545454545454546
100.058,100.058,100.0,100.0,100.057,-0.057,-0.06,3,30606.0,-0.007999999999995566,0.0010000000000047748,0.028000000000005798,100.0038,100.0104,100.01135000000001,100.01152535927139,100.01049569942101,100.00893244298625,0.058000000000006935,0.10692857142857141,0.0,0.05700000000000216,0.023762638822014875,0.024329863412438927,0.9766860758398647,49.410277523449714,100.00850000000001,100.01442307692308,100.01025453164179,100.00759945618013,0.002655075461660772,0.0028342556118635307,0.0030804487654916947,-0.8125
100.0,100.0,100.0,100.0,100.0,0.0,0.0,1,10000.0,0.019000000000005457,0.010000000000005116,0.028000000000005798,100.0076,100.01140000000001,100.01275000000001,100.0076835728476,100.00858739043538,100.00808173413041,0.0,0.10678571428571461,0.0,-0.0,0.02206530747758524,0.02259201602583615,0.9766860758398647,49.410277523449714,100.00858333333333,100.01473076923077,100.00867691138922,100.00703653350011,0.0016403778891032061,0.0029274976066031083,0.0027924345902139974,-0.6666666666666667
100.0,100.0,100.0,100.0,100.0,0.0,0.0,1,10000.0,0.0010000000000047748,0.0010000000000047748,0.0010000000000047748,100.0078,100.0115,100.0128,100.0051223818984,100.00702604671986,100.0073120451656,0.0,0.10678571428571461,0.0,-0.0,0.020489214086329154,0.02097830059541928,0.9766860758398647,49.410277523449714,100.00866666666667,100.00476923076923,100.00734200194472,100.0065153087964,0.0008266931483262852,0.0029760522198185096,0.002399286301836455,0.0
99.988,100.07,99.988,100.0,100.0,0.0,0.0,5,50003.0,0.018000000000000682,0.0010000000000047748,-0.14700000000000557,100.01140000000001,100.0116,100.00545,100.0034149212656,100.00574858367989,100.00661565991173,0.08199999999999363,0.10899999999999974,0.0,-0.0,0.0190256987944485,0.019479850552889335,0.9766860758398646,49.41027752344971,100.0095,100.00523076923076,100.006212463184,100.00603269333,0.0001797698540002557,0.002191321225135804,0.0019553830122692154,4.0
99.96,100.095,99.96,100.024,100.0,0.024,0.02,3,30007.0,-0.03300000000000125,-0.06499999999999773,0.019000000000005457,100.0048,100.0051,100.0064,100.01027661417709,100.00906702301081,100.00827131134871,0.13500000000000512,0.11864285714285724,0.02400000000000091,0.0,0.019381006023416532,0.018088432656254382,1.0714585609337037,51.72483684398431,100.01158333333332,100.00765384615384,100.00894900730954,100.00736360493518,0.001585402374360001,0.0016933482033118076,0.0018813868846873725,-0.4
100.0,100.0,100.0,100.0,100.024,-0.024,-0.02,1,10000.0,0.0,-0.007999999999995566,-0.0010000000000047748,100.0048,100.00429999999999,100.00635,100.00685107611807,100.00741847337248,100.00748356741073,0.02400000000000091,0.11428571428571388,0.0,0.02400000000000091,0.01799664845031535,0.018510687466521993,0.9722301498992774,49.2959784611816,100.01166666666666,100.00857692307692,100.00757223695423,100.00681815271776,0.0007540842364761602,0.0014523087084307286,0.00165592635504513,-0.6666666666666667
99.966,99.997,99.966,99.997,100.0,-0.003,0.0,14,136371.0,-0.0030000000000001137,0.016000000000005343,-0.0040000000000048885,100.0042,100.0059,100.00615,100.0035673840787,100.00552420548657,100.00648513241923,0.034000000000006025,0.11571428571428603,0.0,0.0030000000000001137,0.01671117356100711,0.017402781218913286,0.9602587856960164,48.98632735141976,100.004,100.00953846153847,100.00594573896127,100.00609088214607,-0.00014514318479541544,0.0012291824459001394,0.001295712447077021,13.0
100.004,100.004,100.004,100.004,99.997,0.007,0.01,1,10000.0,0.0040000000000048885,0.005000000000009663,0.0040000000000048885,100.005,100.00640000000001,100.00635,100.00371158938582,100.00524707721627,100.00624845314121,0.007000000000005002,0.11557142857142923,0.007000000000005002,0.0,0.016017518306649818,0.01615972541756234,0.9911999054910939,49.77902533832393,100.00366666666666,100.01076923076923,100.00564639450569,100.0059360019871,-0.0002896074814060512,0.001235359062609594,0.0009786484613804067,-0.9285714285714286
99.981,99.984,99.981,99.984,100.004,-0.02,-0.02,2,19997.0,-0.016000000000005343,0.001999999999995339,-0.016000000000005343,100.0018,100.00659999999999,100.00555,99.99714105959055,100.00138397226785,100.00412955284204,0.023000000000010346,0.10978571428571574,0.0,0.020000000000010232,0.014873409856174831,0.016434030744880045,0.9050372417496286,47.507587878881694,100.00391666666667,100.01019230769231,100.00231617996634,100.00431111295102,-0.0019949329846724595,0.0005790799236725283,0.00038393217216983353,1.0
100.023,100.023,100.023,100.023,99.984,0.039,0.04,1,10002.0,-0.0010000000000047748,-0.034000000000006025,0.02400000000000091,100.0016,100.0032,100.00675,100.0057607063937,100.00531415912823,100.00592673828565,0.03900000000000148,0.10564285714285912,0.03900000000000148,0.0,0.01659673772359102,0.015260171405960043,1.0875852755565358,52.097765216637356,100.00591666666666,100.00542307692308,100.00549830612536,100.00569547495465,-0.00019716882928833002,0.00026216389134485024,0.00026771197187820087,-0.5
99.986,99.996,99.986,99.996,100.023,-0.027,-0.03,6,59995.0,-0.0040000000000048885,-0.0040000000000048885,-0.0030000000000001137,100.0008,100.0028,100.0066,100.0025071375958,100.00362067565037,100.0049813346394,0.03699999999999193,0.10635714285714418,0.0,0.027000000000001023,0.015411256457620233,0.016098730591248684,0.9572963762744024,48.90911707998762,100.00708333333334,100.00507692307693,100.00403702825992,100.00497729162467,-0.000940263364753946,-2.4574025750388904e-05,2.6116904551771477e-05,5.0
99.989,99.989,99.989,99.989,99.996,-0.007,-0.01,0,1100.0,-0.007999999999995566,-0.01099999999999568,-0.000999999999990564,99.9992,100.0017,100.00654999999999,99.99800475839722,100.00096237098666,100.00345930276897,0.006999999999990791,0.10007142857142932,0.0,0.006999999999990791,0.014310452424933074,0.015448821263301693,0.9263135472301187,48.087371267366194,100.00141666666666,100.00461538461538,100.00172363929686,100.00379378854136,-0.0020701492445027725,-0.0003464454027313953,-0.0003931363252591373,-1.0
99.985,99.985,99.985,99.985,99.989,-0.004,0.0,1,9999.0,-0.019000000000005457,-0.015000000000000568,-0.013999999999995794,99.99539999999999,100.0002,100.00585,99.99366983893148,99.99806012171635,100.00170127393383,0.0040000000000048885,0.06557142857143004,0.0,0.0040000000000048885,0.01328827725172357,0.01463104831592335,0.9082245485623606,47.59526593694693,100.00016666666666,100.00399999999999,99.99915077171272,100.0024016560568,-0.0032508843440837154,-0.0007276292025185032,-0.000964685929024053,inf
100.02,100.02,100.013,100.013,99.985,0.028,0.03,4,40006.0,0.029000000000010573,0.01300000000000523,0.014000000000010004,100.0012,100.0015,100.00654999999999,100.00011322595432,100.00077646322245,100.00277734308298,0.03499999999999659,0.03464285714285812,0.028000000000005798,0.0,0.014339114590886588,0.01358597343621454,1.0554352000030036,51.34850274051263,100.00124999999998,100.00450000000001,100.00128142221845,100.00318671857113,-0.001905296352674668,-0.0011154846166334664,-0.0011528080137541761,3.0
99.982,99.982,99.952,99.976,100.013,-0.037,-0.04,4,39986.0,-0.046999999999997044,-0.04800000000000182,-0.11299999999999955,99.9918,99.9967,100.0009,99.99207548396956,99.99627165172745,100.00022711993223,0.06100000000000705,0.03485714285714384,0.0,0.03700000000000614,0.013314892120108975,0.015258403905056797,0.8726267965482469,46.59907666368611,99.99925,100.00357692307692,99.99739197264638,100.00117288756586,-0.0037809149194742986,-0.0016193734117390729,-0.0016784293948982009,0.0
99.998,99.998,99.998,99.998,99.976,0.022,0.02,2,20000.0,0.0020000000000095497,-0.001999999999995339,-0.009999999999990905,99.9922,99.9965,100.0004,99.99405032264639,99.99658589686791,100.00001501327202,0.02200000000000557,0.03642857142857281,0.02200000000000557,0.0,0.013935256968673019,0.014168517911838456,0.9835366730227629,49.58500069090863,99.99908333333333,100.00353846153845,99.99748551531616,100.00093785885728,-0.003452343541127334,-0.001986840117998175,-0.0020332122241440275,-0.5
99.985,99.986,99.985,99.986,99.998,-0.012,-0.01,4,39994.0,-0.0030000000000001137,-0.01099999999999568,0.005000000000009663,99.9916,99.99539999999999,100.00065,99.99136688176426,99.99466118834647,99.99868025010326,0.01300000000000523,0.03735714285714461,0.0,0.012000000000000455,0.01293988147091066,0.0140136237752786,0.9233786833736662,48.00815831825854,99.99591666666667,100.00303846153847,99.99571851295983,99.99983135079378,-0.004112837833957883,-0.002411643490503934,-0.0024491373461067987,1.0
99.987,99.987,99.987,99.987,99.986,0.001,0.0,1,9999.0,0.001999999999995339,-0.017000000000010118,-0.012000000000000455,99.99199999999999,99.9937,100.00005,99.98991125450951,99.99326824501074,99.99756784533152,0.000999999999990564,0.0315714285714301,0.000999999999990564,0.0,0.012087032794416369,0.013012650648472986,0.928867847215645,48.156116478196374,99.99483333333335,100.00292307692305,99.9943772032737,99.99888088036462,-0.004503677090923475,-0.0026903928356429357,-0.002860045295070134,-0.75
100.109,100.109,100.025,100.025,99.987,0.038,0.04,13,130043.0,0.012000000000000455,0.04100000000001103,0.043000000000006366,99.99440000000001,99.99780000000001,100.00219999999999,100.00160750300635,99.99903765500878,100.00018043149042,0.12199999999999989,0.030642857142858304,0.038000000000010914,0.0,0.013937959023387408,0.012083175602153487,1.1535013213664922,53.56399413001263,99.99716666666666,100.00392307692307,99.99908840277006,100.00081562996725,-0.001727227197193315,-0.002860399320965712,-0.0026334816754947704,12.0
99.988,99.999,99.988,99.999,100.025,-0.026,-0.03,2,19999.0,0.022999999999996135,-0.02400000000000091,-0.058000000000006935,99.999,99.9954,99.99929999999999,100.00073833533757,99.99903080864354,100.00006800944371,0.03700000000000614,0.0315714285714301,0.0,0.02600000000001046,0.01294239052171688,0.013077234487714699,0.9896886481522912,49.74088026643555,99.99675,100.00392307692309,99.99907480234388,100.00068113885855,-0.0016063365146692377,-0.0029344074487340777,-0.002428052643329664,-0.8461538461538461
100.0,100.0,99.989,99.999,99.999,0.0,0.0,2,23499.0,0.000999999999990564,0.0030000000000001137,-0.0010000000000047748,99.9992,99.9957,99.99924999999999,100.00015889022505,99.99902520707198,99.9999662942586,0.01099999999999568,0.029928571428572224,0.0,-0.0,0.01201793405587996,0.012143146310020793,0.9896886481522911,49.740880266435546,99.99799999999999,100.00046153846152,99.99906329429098,100.0005566100542,-0.0014933157632270877,-0.002870314839703446,-0.002241105267309149,0.0
99.987,99.987,99.987,99.987,99.999,-0.012,-0.01,1,9999.0,0.000999999999990564,-0.0020000000000095497,-0.01300000000000523,99.9994,99.9955,99.9986,99.99577259348337,99.99683880578615,99.9987314090911,0.012000000000000455,0.030285714285714756,0.0,0.012000000000000455,0.011159510194745677,0.012132921573590768,0.9197710647892198,47.910455661035066,99.995,99.99965384615385,99.99720740286159,99.99955241671685,-0.0023450138552618682,-0.0027696625631676852,-0.002261886984899693,-0.5
99.981,99.981,99.981,99.981,99.987,-0.006,-0.01,1,9998.0,-0.006000000000000227,-0.0040000000000048885,-0.019000000000005457,99.9982,99.99510000000001,99.99765,99.99084839565559,99.99395902291593,99.99704270346339,0.006000000000000227,0.02907142857142832,0.0,0.006000000000000227,0.010362402323692415,0.01169485574690573,0.8860649971192794,46.97955788759291,99.99374999999999,99.99965384615385,99.99471395626749,99.9981781636267,-0.0034642073592152656,-0.0029428748972277516,-0.0025023510597628074,0.0
100.055,100.055,100.053,100.053,99.981,0.072,0.07,5,50227.0,0.027999999999991587,0.03999999999999204,0.05299999999999727,100.00379999999998,99.9991,100.0003,100.01156559710374,100.00469374602213,100.00237196980021,0.07400000000001228,0.03157142857142909,0.07200000000000273,0.0,0.014765087872000295,0.010859508907841035,1.3596460021630685,57.62076179718025,99.99908333333333,100.00173076923078,100.00368103991865,100.0022390403951,0.0014419995235499528,-0.002362551070225057,-0.0017134809431002557,4.0
100.0,100.0,99.982,100.0,100.053,-0.053,-0.05,4,39996.0,0.0010000000000047748,0.02400000000000091,-0.02400000000000091,100.00399999999999,100.0015,99.9991,100.00771039806916,100.00384033765447,100.00214606791447,0.07099999999999795,0.03400000000000095,0.0,0.05299999999999727,0.013710438738285988,0.013869543985852195,0.9885284442135586,49.71155665839675,100.00033333333333,100.00242307692308,100.00311472608502,100.00207318555101,0.0010415405340040707,-0.0018632306174326788,-0.0011624766476793905,-0.19999999999999996
99.981,99.981,99.981,99.981,100.0,-0.019,-0.02,1,10198.0,-0.018000000000000682,-0.017000000000010118,-0.019000000000005457,100.00039999999998,99.99980000000001,99.99815,99.99880693204612,99.99968754899001,100.00013215668451,0.019000000000005457,0.034857142857144856,0.0,0.019000000000005457,0.012731121685551275,0.014236005129720286,0.8942903272051168,47.209781645487,99.99766666666666,99.9995,99.99971246053347,100.00051220884353,-0.0007997483100581348,-0.0014951095592215956,-0.0010899309801551396,-0.75
99.983,99.983,99.983,99.983,99.981,0.002,0.0,1,9998.0,-0.003999999999990678,-0.0030000000000001137,-0.013999999999995794,99.9996,99.9995,99.99745,99.99353795469742,99.99665344917364,99.99850052271456,0.0020000000000095497,0.03471428571428804,0.0020000000000095497,0.0,0.011964612993726866,0.013219147620454551,0.9050971618785397,47.50923889813892,99.99825,99.99884615384616,99.9971413127591,99.99921500818846,-0.0020736954293596455,-0.0012251115968256146,-0.0012866838699960408,0.0
99.975,99.975,99.975,99.975,99.983,-0.008,-0.01,1,9998.0,-0.006000000000000227,-0.012000000000000455,-0.029000000000010573,99.9984,99.9983,99.99600000000001,99.98735863646496,99.99271645841478,99.99626237769414,0.008000000000009777,0.03278571428571756,0.0,0.008000000000009777,0.011109997779889233,0.012846351361851353,0.8648368293024887,46.37600543453266,99.99633333333333,99.99788461538462,99.99373495695001,99.9974213038782,-0.003686346928191142,-0.0014427915669364842,-0.001766616481635061,0.0
100.258,100.258,99.985,100.232,99.975,0.257,0.26,79,790909.0,0.17900000000000205,0.20699999999999363,0.24800000000000466,100.0342,100.01899999999999,100.0084,100.06890575764331,100.03622255688481,100.01871357981851,0.28300000000000125,0.04864285714286,0.257000000000005,0.0,0.02867356936704036,0.01192875483600483,2.403735323698185,70.62051232251831,100.01683333333334,100.0068076923077,100.03039111741923,100.01479750359093,0.015593613828301045,0.00046831402672688053,0.0017054295803521605,78.0
100.0,100.2,99.982,99.99,100.232,-0.242,-0.24,21,210168.0,-0.010000000000005116,-0.009000000000000341,-0.03300000000000125,100.0322,100.01809999999999,100.00675,100.04260383842887,100.02781845563302,100.01597895316914,0.25,0.06492857142857389,0.0,0.24200000000000443,0.02662545726939462,0.028362415204861942,0.9387584617557686,48.42059907274962,100.01708333333333,100.00642307692308,100.02417709935473,100.01296065147308,0.011216447881650993,0.0018805099872688895,0.003607633240611927,-0.7341772151898734
99.983,100.211,99.983,100.001,99.99,0.011,0.01,9,90246.0,0.020000000000010232,0.0020000000000095497,0.005000000000009663,100.03620000000001,100.0183,100.00699999999999,100.02873589228594,100.02294237279065,100.01455238620065,0.22799999999999443,0.08028571428571597,0.01100000000000989,0.0,0.025509353178724284,0.026336528404514663,0.9685920933433055,49.20227489577707,100.01508333333334,100.00553846153845,100.0206113917617,100.01207467728989,0.008536714471816254,0.003089590912499792,0.004593449486852792,-0.5714285714285714
100.202,100.202,100.202,100.202,100.001,0.201,0.2,1,10020.0,0.2189999999999941,0.2150000000000034,0.21299999999999386,100.08,100.03979999999999,100.01764999999999,100.0864905948573,100.05549830501053,100.03240453989582,0.2009999999999934,0.09457142857143046,0.2009999999999934,0.0,0.03804439938024351,0.024455347804192187,1.5556678925548488,60.871285235722844,100.032,100.01330769230769,100.04851733149067,100.02614321971286,0.02237411177780757,0.005960515261057885,0.008149581945043748,-0.8888888888888888
100.0,100.0,99.988,99.988,100.202,-0.214,-0.21,17,169988.0,0.01300000000000523,0.007000000000005002,0.0030000000000001137,100.0826,100.0405,100.0178,100.05366039657153,100.04322588591769,100.02817553609621,0.21399999999999864,0.10114285714285895,0.0,0.21399999999999864,0.035326942281654686,0.03799425153246408,0.9297970313080041,48.18107895408014,100.03108333333334,100.01296153846154,100.03920697279979,100.02331779603044,0.01588917676934898,0.007565757177257776,0.009697500909904795,16.0
100.058,100.096,100.0,100.0,99.988,0.012,0.01,5,50220.0,-0.23199999999999932,-0.05299999999999727,-0.01300000000000523,100.03620000000001,100.0352,100.01715,100.03577359771435,100.03536663393265,100.02549215170609,0.10800000000000409,0.10621428571428737,0.012000000000000455,0.0,0.033660732118679385,0.03528037642300236,0.9540922045472569,48.825342137236056,100.03216666666667,100.01280769230769,100.03317513083059,100.02159055188004,0.011584578950547098,0.008737205890207001,0.010074916518033257,-0.7058823529411764
99.985,99.985,99.985,99.985,100.0,-0.015,-0.02,1,9999.0,-0.0049999999999954525,-0.015000000000000568,0.009000000000000341,100.0352,100.0337,100.01759999999999,100.01884906514292,100.0262090641267,100.02163575630551,0.015000000000000568,0.10650000000000201,0.0,0.015000000000000568,0.031256394110202285,0.03383177810707366,0.9238767767771299,48.021619052172575,100.03249999999998,100.01284615384617,100.02576357224126,100.01888014062966,0.006883431611598212,0.009590892548168818,0.009436619536746248,-0.8
99.967,99.967,99.967,99.967,99.985,-0.018,-0.02,2,19993.0,-0.034000000000006025,-0.013999999999995794,-0.03100000000000591,100.02839999999999,100.03229999999999,100.01604999999999,100.00156604342862,100.01544377974002,100.01643235094309,0.018000000000000682,0.10692857142857345,0.0,0.018000000000000682,0.029023794530902123,0.03270093681371131,0.8875523871454539,47.02133796072806,100.02533333333334,100.0106923076923,100.01672302266567,100.01503716724969,0.0016858554159853156,0.010008620419873814,0.007886466712594062,1.0
100.237,100.237,100.003,100.047,99.967,0.08,0.08,6,60042.0,-0.15500000000000114,0.06399999999999295,0.06099999999999284,99.9974,100.03869999999999,100.01910000000001,100.01671069561908,100.02118127433275,100.01934355561518,0.269999999999996,0.125785714285716,0.0799999999999983,0.0,0.03266495206440899,0.03036515561273193,1.0757380097440623,51.82436341649399,100.02925,100.01265384615384,100.02138101917865,100.01740478449045,0.0039762346881957455,0.010860018377250135,0.007104420307714398,2.0
99.982,100.013,99.982,100.013,100.047,-0.034,-0.03,19,190019.0,0.025000000000005684,0.038000000000010914,0.02600000000001046,100.00240000000001,100.04249999999999,100.0204,100.0154737970794,100.0196937699086,100.01873940746137,0.06499999999999773,0.12514285714285783,0.0,0.033999999999991815,0.03033174120266549,0.030624787354679064,0.990431079614703,49.75962693500673,100.03191666666667,100.01357692307693,100.0200916316127,100.01707850415784,0.0030131274548637066,0.00946218655797932,0.006286161737144261,2.1666666666666665
99.985,99.985,99.985,99.985,100.013,-0.028,-0.03,1,9999.0,-0.015000000000000568,-0.2469999999999999,-0.04000000000000625,99.99940000000001,100.0178,100.01840000000001,100.0053158647196,100.0133858117434,100.01552613056029,0.028000000000005798,0.12207142857142982,0.0,0.028000000000005798,0.028165188259617956,0.030437302543630976,0.9253509971602769,48.0614183348952,100.03208333333333,100.01357692307693,100.0146929190569,100.01470231866466,-9.399607762361484e-06,0.008214870170266723,0.005027049468162937,-0.9473684210526316
100.156,100.156,100.0,100.01,99.985,0.025,0.03,2,20117.0,0.025000000000005684,0.020000000000010232,0.01100000000000989,100.0044,100.0198,100.01895,100.00687724314642,100.01277020960823,100.01499983241169,0.17100000000000648,0.13292857142857276,0.025000000000005684,0.0,0.027939103383931366,0.028263209504800192,0.9885325790471963,49.71166122512566,100.03500000000001,100.01346153846154,100.01397093150968,100.01435399876357,-0.0003830672538924773,0.007223783311854643,0.003945026123751854,1.0
100.1,100.1,100.0,100.0,100.01,-0.01,-0.01,3,30010.0,0.03300000000000125,-0.0010000000000047748,0.0010000000000047748,100.01100000000001,100.0197,100.019,100.00458482876428,100.01044835331582,100.0135712769439,0.09999999999999432,0.13992857142857165,0.0,0.010000000000005116,0.025943453142221982,0.026958694540171975,0.9623408545826597,49.04045351424563,100.01566666666668,100.01438461538463,100.01182155743126,100.01329073959589,-0.001469182164626659,0.004574528429361951,0.0028621844660761515,0.5
100.07,100.07,100.07,100.07,100.0,0.07,0.07,6,60042.0,0.022999999999996135,-0.132000000000005,0.08299999999999841,100.01559999999999,100.0065,100.02315,100.02638988584286,100.02127592544022,100.0189454410445,0.06999999999999318,0.1443571428571419,0.06999999999999318,0.0,0.029090349346348496,0.025033073501588263,1.162076616141554,53.74817004475069,100.02233333333334,100.01715384615385,100.02077208705722,100.01749142555174,0.0032806615054852273,0.003173582288932645,0.002945879873957967,1.0
99.993,99.993,99.993,99.993,100.07,-0.077,-0.08,1,9999.0,-0.020000000000010232,0.0049999999999954525,0.012000000000000455,100.0116,100.00699999999999,100.02374999999999,100.01525992389526,100.01613484808745,100.0164744466593,0.07699999999999818,0.12964285714285598,0.0,0.07699999999999818,0.027012467250180746,0.028744996822903258,0.9397276130035235,48.446369825525416,100.02166666666666,100.01742307692308,100.01649945827918,100.01567724588124,0.000822212397949329,0.0019777637830884487,0.0025211463787562396,-0.8333333333333334
99.991,99.991,99.991,99.991,99.993,-0.002,0.0,2,20198.0,0.006000000000000227,-0.009000000000000341,-0.06199999999999761,100.0128,100.00609999999999,100.02065,100.00717328259684,100.0115648757079,100.01404830888222,0.001999999999995339,0.11192857142856992,0.0,0.001999999999995339,0.025083005303739265,0.026834639906981265,0.934724870193384,48.313064280811886,100.00408333333333,100.01757692307693,100.01257646469776,100.01384930174189,-0.001272837044126618,0.0010715117102301343,0.001762349694179668,1.0
99.992,99.992,99.992,99.992,99.991,0.001,0.0,0,100.0,-0.018000000000000682,0.007000000000005002,-0.007999999999995566,100.00919999999999,100.0068,100.02025,100.00211552173124,100.00800762557918,100.01194846994106,0.0010000000000047748,0.09571428571428495,0.0010000000000047748,0.0,0.023362790639186802,0.02491787991362546,0.9375914291332501,48.38953223243077,100.00441666666666,100.01630769230769,100.00941085474426,100.01223083494618,-0.0028199802019202025,0.0005708633082406323,0.0008458837149596941,-1.0
100.197,100.199,100.018,100.196,99.992,0.204,0.2,28,280515.0,0.19599999999999795,0.2289999999999992,0.2150000000000034,100.04839999999999,100.0297,100.031,100.06674368115418,100.04218805729205,100.02947718708954,0.20699999999999363,0.09614285714285639,0.20399999999999352,0.0,0.03626544845067299,0.0231380313483665,1.567352377765417,61.049367096604634,100.02075,100.0238846153846,100.03811687709128,100.0258433656909,0.012273511400380244,0.0014927829429277988,0.003131409252043804,inf
100.001,100.001,100.001,100.001,100.196,-0.195,-0.19,1,10000.0,-0.0689999999999884,-0.04599999999999227,0.018000000000000682,100.0346,100.0251,100.0319,100.04482912076946,100.03469931960258,100.02676507403339,0.19499999999999318,0.09478571428571314,0.0,0.19499999999999318,0.03367505927562492,0.03541388625205412,0.9508998542534048,48.74160260867451,100.02208333333334,100.02396153846153,100.03240658830802,100.02400311638047,0.008403471927550754,0.002091710106559693,0.004185821787145195,-0.9642857142857143
100.002,100.002,100.002,100.002,100.001,0.001,0.0,1,10000.0,0.009000000000000341,-0.01100000000000989,0.027000000000001023,100.03639999999999,100.024,100.03325,100.03055274717966,100.02875398876574,100.02440649555402,0.000999999999990564,0.08714285714285504,0.000999999999990564,0.0,0.03134112647022246,0.032884322948335966,0.9530719704785167,48.79860982516723,100.02499999999999,100.02453846153846,100.02772865164525,100.02237325590785,0.005355395737396407,0.0026877984782440003,0.004419736577195438,0.0
100.223,100.9,100.223,100.493,100.002,0.491,0.49,8,80394.0,0.5019999999999953,0.5079999999999956,0.2609999999999957,100.1368,100.07480000000001,100.0463,100.18470183145311,100.1131623544447,100.06903444835841,0.8980000000000103,0.1502142857142843,0.49099999999999966,0.0,0.06417390315092084,0.03053544273774054,2.1016201959830942,67.758786156503,100.06216666666666,100.04423076923078,100.09930885908445,100.05723449621097,0.04207436287347832,0.007405290714618534,0.011950661836452015,7.0
100.04,100.04,100.04,100.04,100.493,-0.453,-0.45,1,10004.0,0.04800000000000182,0.030000000000001137,0.05000000000001137,100.1464,100.0778,100.0488,100.13646788763542,100.09986010818201,100.06626926280046,0.45299999999998875,0.18128571428571202,0.0,0.45299999999998875,0.059590052925855064,0.06071148254218684,0.9815285417292763,49.53390885163321,100.06441666666667,100.04373076923076,100.09018441922531,100.05595786686202,0.034226552363293195,0.011371483439942962,0.016405839941820252,-0.875
100.0,100.0,99.971,100.0,100.04,-0.04,-0.04,9,91100.0,-0.19599999999999795,0.0,-0.0010000000000047748,100.1072,100.0778,100.04875,100.09097859175695,100.08170372487619,100.0599579044385,0.06900000000000261,0.16692857142856962,0.0,0.04000000000000625,0.05533362057400828,0.059232090932031085,0.9341831379463489,48.29858763727169,100.06566666666667,100.04373076923076,100.07630989319065,100.05181283968705,0.024497053503608868,0.013728860328623367,0.018024082654177976,8.0
99.978,99.978,99.978,99.978,100.0,-0.022,-0.02,0,100.0,-0.023000000000010346,-0.09199999999999875,-0.22400000000000375,100.1026,100.06859999999999,100.03755,100.05331906117131,100.06284850217142,100.05215238973007,0.02200000000000557,0.16385714285714162,0.0,0.02200000000000557,0.05138121910443626,0.05657265586545783,0.9082341692889946,47.59553014541194,100.06299999999999,100.04361538461538,100.06118529423824,100.04634522193244,0.014840072305801755,0.015286400318384748,0.017387280584502732,-1.0
99.992,99.992,99.992,99.992,99.978,0.014,0.01,0,700.0,-0.009999999999990905,-0.000999999999990564,0.0040000000000048885,100.10060000000001,100.0685,100.03774999999999,100.0328793741142,100.04996695632207,100.04642359070816,0.014000000000010004,0.16285714285714192,0.014000000000010004,0.0,0.04871113202554867,0.052531751875067985,0.9272702753449841,48.113141535325205,100.06233333333331,100.04396153846155,100.05054140281698,100.04231964993744,0.008221752879535416,0.016341354754347195,0.01555417504350927,-1.0
100.311,100.311,100.0,100.0,99.992,0.008,0.01,2,20031.0,-0.492999999999995,0.009000000000000341,0.0,100.002,100.0694,100.03774999999999,100.02191958274281,100.0408820551726,100.042002296355,0.3190000000000026,0.1734285714285702,0.007999999999995566,0.0,0.04580319402372345,0.048779483883991705,0.9389848021486549,48.42662000796159,100.05649999999999,100.04492307692308,100.0427658023836,100.03918486105319,0.0035809413304122018,0.017052568257939684,0.013159528300889858,inf
100.0,100.0,100.0,100.0,100.0,0.0,0.0,0,1100.0,-0.04000000000000625,0.007999999999995566,0.015000000000000568,99.994,100.0702,100.0385,100.01461305516187,100.03344895423213,100.03800207765451,0.0,0.16628571428571348,0.0,-0.0,0.04253153730774321,0.045295235035135155,0.938984802148655,48.42662000796159,100.05708333333332,100.036,100.03618644817074,100.03628227875295,-9.583058221096508e-05,0.015678196926540662,0.010508456524269693,-1.0
100.0,100.0,100.0,100.0,100.0,0.0,0.0,2,20000.0,0.0,-0.19599999999999795,0.03300000000000125,99.994,100.0506,100.04015,100.00974203677458,100.02736732618992,100.0343828321636,0.0,0.16128571428571398,0.0,-0.0,0.03949357035719012,0.042059861104054075,0.938984802148655,48.42662000796159,100.05783333333333,100.0363846153846,100.03061930229832,100.03359470254902,-0.0029754002507047517,0.014413877795623383,0.007811685169274805,inf
100.0,100.0,100.0,100.0,100.0,0.0,0.0,1,10000.0,0.02200000000000557,-0.0010000000000047748,-0.046999999999997044,99.99839999999999,100.0505,100.03779999999999,100.00649469118306,100.02239144870084,100.03110827671945,0.0,0.1557857142857141,0.0,-0.0,0.03667260104596226,0.03905558531090736,0.938984802148655,48.42662000796159,100.0585,100.03634615384615,100.02590864040627,100.03110620606391,-0.005197565657638847,0.013241326529508355,0.0052098350038920745,-0.5
100.0,100.0,100.0,100.0,100.0,0.0,0.0,1,10000.0,0.007999999999995566,-0.001999999999995339,-0.01300000000000523,100.0,100.05030000000001,100.03715,100.00432979412204,100.01832027620978,100.02814558369855,0.0,0.15564285714285728,0.0,-0.0,0.03405312954267924,0.03626590064584255,0.9389848021486549,48.42662000796159,100.04216666666666,100.02857692307693,100.02192269572838,100.02880204265176,-0.006879346923383878,0.00780202544096811,0.0027919986184368837,0.0
99.959,99.96,99.959,99.96,100.0,-0.04,-0.04,1,13395.0,-0.04000000000000625,-0.5330000000000013,-0.025000000000005684,99.992,99.99699999999999,100.0359,99.98955319608136,100.00771658962617,100.0216555281082,0.04099999999999682,0.15849999999999959,0.0,0.04000000000000625,0.03162076314677358,0.036532622028282814,0.8655486902170184,46.396467417654456,100.03875,100.0275,100.01239612715477,100.02370559504791,-0.0113094678931418,0.002742467634697555,-2.8294683878853175e-05,0.0
100.322,100.322,100.0,100.0,99.96,0.04,0.04,2,20032.0,0.0,-0.04000000000000625,-0.010000000000005116,99.992,99.993,100.0354,99.99303546405424,100.0063135733305,100.0195930968598,0.362000000000009,0.16957142857142923,0.04000000000000625,0.0,0.03221928006486163,0.03392314902626262,0.9497726770565468,48.71196977128436,100.03858333333334,100.0275,100.01048903066942,100.02194962504436,-0.011460594374938182,-0.0012528265740298947,-0.0023147546220907192,1.0
100.0,100.0,99.998,99.998,100.0,-0.002,0.0,3,34100.0,-0.001999999999995339,-0.001999999999995339,-0.001999999999995339,99.9916,99.9928,100.03529999999999,99.9946903093695,100.00480201454313,100.01753661144458,0.001999999999995339,0.1557857142857151,0.0,0.001999999999995339,0.02991790291737152,0.031642924095814956,0.9454847733660751,48.59892949612752,99.99733333333334,100.028,100.00856764133567,100.02017557874478,-0.011607937409110036,-0.004191494320131205,-0.004173391179494583,0.5
100.007,100.007,100.007,100.007,99.998,0.009,0.01,2,20001.0,0.007000000000005002,0.029000000000010573,-0.06299999999998818,99.993,99.99570000000001,100.03215,99.99879353957968,100.00520164826256,100.01653312464035,0.009000000000000341,0.1563571428571444,0.009000000000000341,0.0,0.02842376699470215,0.029382715231828175,0.9673635254754378,49.17055302434065,99.99458333333332,100.02953846153846,100.00832646574557,100.01919960994887,-0.010873144203301877,-0.006313149551557571,-0.005513341784256042,-0.33333333333333337
99.95,99.985,99.95,99.985,100.007,-0.022,-0.02,1,10095.0,-0.015000000000000568,-0.007000000000005002,-0.007999999999995566,99.99000000000001,99.99499999999999,100.03175,99.99419569305313,100.00152862130571,100.0135299699127,0.05700000000000216,0.09628571428571522,0.0,0.02200000000000557,0.026393497923651997,0.028855378429555132,0.9146820925633208,47.77200852903841,99.99333333333333,100.02715384615385,100.00473777870779,100.01666630550821,-0.011928526800417671,-0.008036423788316446,-0.0067963787874883675,-0.5
99.996,100.0,99.996,100.0,99.985,0.015,0.02,2,20000.0,0.04000000000000625,0.0,0.009000000000000341,99.998,99.99499999999999,100.0322,99.99613046203542,100.00125069015921,100.01224140134958,0.015000000000000568,0.06500000000000179,0.015000000000000568,0.0,0.025579676643391183,0.026794279970301194,0.9546693052302104,48.84045105101677,99.99516666666666,100.02665384615383,100.00400888967583,100.01543176435945,-0.011422874683617579,-0.009294984244028292,-0.00772167796671421,1.0
99.995,99.998,99.995,99.998,100.0,-0.002,0.0,1,11000.0,-0.001999999999995339,-0.001999999999995339,0.006000000000000227,99.9976,99.9948,100.0325,99.99675364135696,100.0006596555848,100.01088507741153,0.0049999999999954525,0.060428571428572705,0.0,0.001999999999995339,0.023752556883148958,0.025023259972422204,0.949219122901106,48.69740460417517,99.99566666666668,100.02715384615385,100.00308444511032,100.01414052255505,-0.011056077444735024,-0.01019283726558721,-0.008388557862318373,-0.5
99.994,99.994,99.994,99.994,99.998,-0.004,0.0,1,9999.0,-0.0040000000000048885,-0.006000000000000227,-0.20199999999999818,99.99680000000001,99.9942,100.02239999999999,99.99583576090465,99.99944880911482,100.00927697480091,0.0040000000000048885,0.05914285714285837,0.0,0.0040000000000048885,0.022055945677209747,0.02352159854582097,0.937689062001629,48.3921326899063,99.99516666666666,100.02653846153846,100.00168683817027,100.01264863199542,-0.01096179382514606,-0.010833307061976901,-0.00890320505488391,0.0
99.995,99.999,99.995,99.995,99.994,0.001,0.0,14,144393.0,-0.012000000000000455,-0.0049999999999954525,-0.006000000000000227,99.9944,99.9937,100.0221,99.99555717393645,99.9986399347303,100.0079172629151,0.0049999999999954525,0.058500000000000184,0.0010000000000047748,0.0,0.020551949557409393,0.021841484363976614,0.9409593787181395,48.479086632898714,99.99475000000001,100.02634615384615,100.00065809383638,100.01134132592169,-0.010683232085312966,-0.011255960968857911,-0.009259210460969723,13.0
100.282,100.282,100.282,100.282,99.995,0.287,0.29,1,10028.0,0.29699999999999704,0.2819999999999965,0.28000000000000114,100.0538,100.02189999999999,100.0361,100.09103811595764,100.05015994659752,100.03402038073271,0.28699999999999193,0.05621428571428514,0.28699999999999193,0.0,0.039583953160451005,0.020281378337978283,1.9517388069393349,66.1216636902605,100.01825000000001,100.03450000000001,100.04394146401539,100.03139011659415,0.01255134742123687,-0.00860475926726028,-0.004897098884528404,-0.9285714285714286
100.0,100.0,100.0,100.0,100.282,-0.282,-0.28,3,30000.0,0.0,0.04000000000000625,-0.492999999999995,100.0538,100.02590000000001,100.01145,100.0606920773051,100.04103995630706,100.03078034447245,0.2819999999999965,0.07635714285714203,0.0,0.2819999999999965,0.036756527934704505,0.03897556559955101,0.9430659278265338,48.534942346574134,100.01825000000001,100.03476923076923,100.03718123878225,100.02906492277236,0.008116316009889601,-0.006429547002279416,-0.0022944159056448032,2.0
100.0,100.2,99.973,100.036,100.0,0.036,0.04,19,190058.0,0.0379999999999967,0.036000000000001364,-0.0040000000000048885,100.0614,100.02950000000001,100.01124999999999,100.05246138487007,100.04012360061486,100.03127745452268,0.22700000000000387,0.09257142857142801,0.036000000000001364,0.0,0.03670249022508285,0.03619159662815451,1.014116359722326,50.35043555587503,100.02125000000001,100.03649999999999,100.03699950973883,100.02957863219663,0.00742087754220222,-0.004315234229911387,-0.0003513572160753985,5.333333333333333
100.259,100.259,100.002,100.099,100.036,0.063,0.06,17,170218.0,0.10500000000000398,0.10099999999999909,0.09900000000000375,100.08239999999999,100.0396,100.0162,100.06797425658006,100.05082840050306,100.03772722075861,0.257000000000005,0.11092857142857124,0.06300000000000239,0.0,0.03858088378043425,0.03360648258328633,1.1480190967567032,53.44547906906874,100.03283333333333,100.04061538461539,100.0465380467021,100.03472095573763,0.011817090964470367,-0.0017940969890478048,0.002082332420033755,-0.10526315789473684
99.954,99.954,99.954,99.954,100.099,-0.145,-0.14,3,29986.0,-0.04100000000001103,-0.05300000000001148,-0.02400000000000091,100.0742,100.0343,100.015,100.02998283772004,100.03322323677523,100.02975319973399,0.14500000000001023,0.12128571428571482,0.0,0.14500000000001023,0.035825106367546086,0.04156316239876661,0.8619437092835168,46.292683553532136,100.029,100.0313076923077,100.03230142413254,100.02874162568298,0.003559798449558116,-7.317196127271725e-05,0.0023778256259386274,-0.8235294117647058
100.099,100.099,100.099,100.099,99.954,0.145,0.15,2,20020.0,-0.18299999999999272,0.11400000000000432,0.10699999999999932,100.0376,100.04570000000001,100.02035000000001,100.05298855848004,100.04518264827064,100.03634813309266,0.14500000000001023,0.1287142857142872,0.14500000000001023,0.0,0.04362331305557924,0.038594365084568996,1.1303026480676823,53.058313056735734,100.03741666666667,100.03507692307691,100.04256274349676,100.03394594970646,0.008616793790295674,0.0021534578691620888,0.003625619258810037,-0.33333333333333337
100.312,100.312,99.957,100.0,100.099,-0.099,-0.1,7,71365.0,0.0,0.0,0.0,100.0376,100.04570000000001,100.02035000000001,100.03532570565336,100.03696762131234,100.03288640613145,0.355000000000004,0.12821428571428686,0.0,0.09900000000000375,0.04050736212303787,0.04290905329281434,0.9440283346876203,48.56042053725072,100.03683333333333,100.035,100.03601462911264,100.03143143491339,0.004583194199256013,0.0038911547184944262,0.0038171342468992326,2.5
100.199,100.199,100.002,100.002,100.0,0.002,0.0,3,30020.0,-0.034000000000006025,0.003999999999990678,0.001999999999995339,100.0308,100.0461,100.02045000000001,100.02421713710226,100.03060987198282,100.02994484364274,0.19899999999999807,0.14228571428571563,0.001999999999995339,0.0,0.03775683625710626,0.03984412091475617,0.9476137354839497,48.655116680437835,100.03825,100.01611538461538,100.03078160924916,100.02925132862352,0.0015302806256443091,0.005279162990804467,0.0033597635226482485,-0.5714285714285714
99.988,99.988,99.988,99.988,100.002,-0.014,-0.01,1,11299.0,-0.1110000000000042,-0.006000000000000227,-0.012000000000000455,100.0086,100.04549999999999,100.01985,100.01214475806819,100.02286262253139,100.02595009662915,0.013999999999995794,0.14264285714285815,0.0,0.013999999999995794,0.03505991938159867,0.03799811227798758,0.9226752930542023,47.989137655610946,100.03725000000001,100.0141153846154,100.02419982321082,100.0261956746514,-0.0019958514405828964,0.006244427506885586,0.0022886405300020195,-0.6666666666666667
99.959,99.959,99.959,99.959,99.988,-0.029,-0.03,0,100.0,0.005000000000009663,-0.036000000000001364,-0.04099999999999682,100.0096,100.0419,100.0178,99.99442983871214,100.01125123661659,100.01957389695019,0.028999999999996362,0.14064285714285774,0.0,0.028999999999996362,0.032555639425770194,0.03735538997241678,0.8715111647826265,46.567243689612255,100.03399999999999,100.01253846153847,100.01416908117838,100.02121821726982,-0.007049136091438868,0.00406659600547717,0.0004210852057138419,-1.0
100.246,100.246,100.0,100.0,99.959,0.041,0.04,2,20325.0,-0.09900000000000375,-0.2819999999999965,0.0,99.9898,100.0137,100.0178,99.99628655914142,100.00920555723175,100.01770971628827,0.28699999999999193,0.16007142857142856,0.04099999999999682,0.0,0.03315880803821496,0.03468714783152987,0.9559393063754384,48.87366920126447,100.0345,100.01338461538461,100.01198922253555,100.01964649747205,-0.007657274936505587,0.0023139747892110384,-0.001194586822730044,inf
100.01,100.01,100.01,100.01,100.0,0.01,0.01,2,20002.0,0.010000000000005116,0.010000000000005116,0.05000000000001137,99.9918,100.0147,100.02029999999999,100.00085770609428,100.00935000137143,100.01697545759414,0.010000000000005116,0.1604285714285721,0.010000000000005116,0.0,0.03150460746405711,0.03220949441499202,0.9781155536981413,49.44683599851017,100.03575000000001,100.01407692307693,100.0116831882993,100.01893194210375,-0.007248753804447006,0.000684015750694458,-0.0024054202190734366,0.0
100.01,100.01,100.01,100.01,100.01,0.0,0.0,0,400.0,0.008000000000009777,-0.02599999999999625,0.010000000000005116,99.9934,100.0121,100.02080000000001,100.0039051373962,100.00946818294025,100.01631112829946,0.0,0.16014285714285745,0.0,-0.0,0.029254278359481602,0.02990881624249259,0.9781155536981413,49.44683599851017,100.01308333333334,100.01446153846153,100.01142423625325,100.01827031676272,-0.0068460805094758825,-0.0013896699686329031,-0.003293552277153926,-1.0
99.981,99.981,99.981,99.981,100.01,-0.029,-0.03,0,300.0,-0.007000000000005002,-0.11800000000000921,-0.017000000000010118,99.99199999999999,100.0003,100.01995000000001,99.99627009159748,100.00429214967838,100.01294816369952,0.029000000000010573,0.16185714285714425,0.0,0.029000000000010573,0.02716468704809006,0.029843900796601017,0.910225752096854,47.650166536478714,100.01150000000001,100.01373076923076,100.00674358452197,100.01550955255809,-0.008765968036115623,-0.0027591995781522075,-0.004388035428946266,-1.0
100.04,100.04,99.981,100.039,99.981,0.058,0.06,11,110020.0,0.0799999999999983,0.08500000000000796,0.031999999999996476,100.008,100.0088,100.02155,100.01051339439833,100.01060266791866,100.01542929096624,0.05900000000001171,0.14557142857143138,0.058000000000006935,0.0,0.02936720940179841,0.027712193596843803,1.0597215734355687,51.44974869918836,100.01175,100.01523076923075,100.01170610998012,100.01724958570193,-0.005543475721808022,-0.00433256285727484,-0.004619123487518617,inf
100.011,100.011,100.0,100.0,100.039,-0.039,-0.04,5,50004.0,0.0,-0.09900000000000375,0.015000000000000568,100.008,99.9989,100.0223,100.0070089295989,100.00867491011526,100.01395983468373,0.03900000000000148,0.1282142857142889,0.0,0.03900000000000148,0.027269551587384238,0.02851846548278364,0.9562068339142105,48.88066115181279,100.00350000000002,100.01523076923075,100.00990516998318,100.0159718386129,-0.006066668629713945,-0.005515880949382613,-0.004908632515957682,-0.5454545454545454
99.982,99.982,99.982,99.982,100.0,-0.018,-0.02,2,19996.0,-0.028000000000005798,-0.018000000000000682,-0.018000000000000682,100.0024,99.9971,100.0214,99.9986726197326,100.00382492645794,100.01091604090432,0.018000000000000682,0.11328571428571722,0.0,0.018000000000000682,0.02532172647399965,0.027767146519727715,0.9119311721861421,47.696861971418194,100.00583333333334,100.01453846153845,100.00561206690885,100.01345540612306,-0.007843339214204548,-0.006557394264921375,-0.005495573855607056,-0.6
100.01,100.01,100.01,100.01,99.982,0.028,0.03,6,57306.0,0.0,0.008000000000009777,0.012000000000000455,100.0024,99.9979,100.022,100.00244841315507,100.00494766710194,100.01082879891344,0.028000000000005798,0.09692857142857443,0.028000000000005798,0.0,0.025513031725857234,0.025783778911175736,0.9894993210168603,49.73609744742781,99.99841666666667,100.01646153846153,100.00628713353827,100.01319945011394,-0.006912316575679256,-0.007103668168820971,-0.005778922399621496,2.0
99.985,99.985,99.958,99.982,100.01,-0.028,-0.03,6,57289.0,0.0010000000000047748,-0.006000000000000227,-0.012000000000000455,100.0026,99.99730000000001,100.0214,99.99563227543672,100.0007753639925,100.00808319901691,0.05200000000000671,0.09028571428571704,0.0,0.028000000000005798,0.02369067231686743,0.025942080417520743,0.9132140497439536,47.73193307179453,99.99691666666666,100.01576923076922,100.00255065145545,100.01088837973514,-0.008337728279684598,-0.007246845078626052,-0.006290683575634117,0.0
100.028,100.028,100.028,100.028,99.982,0.046,0.05,1,7302.0,-0.01099999999999568,0.06900000000000261,0.03300000000000125,100.00040000000001,100.0042,100.02305,100.00642151695783,100.00572529781205,100.00998003720578,0.04600000000000648,0.0832142857142882,0.04600000000000648,0.0,0.025284195722805936,0.02408907467341212,1.049612576057681,51.210291560395966,99.99908333333333,100.01692307692308,100.00646593584692,100.01215590716215,-0.005689971315234743,-0.007028255787373736,-0.006170541123554242,-0.8333333333333334
100.0,100.0,100.0,100.0,100.028,-0.028,-0.03,1,7300.0,0.0,0.0,-0.2819999999999965,100.00040000000001,100.0042,100.00895,100.00428101130522,100.0046843345735,100.00902955747189,0.028000000000005798,0.05985714285714546,0.0,0.028000000000005798,0.023478181742605513,0.024368426482454526,0.9634672866346131,49.06968876909571,100.00008333333334,100.01665384615384,100.00547117648586,100.01125546959459,-0.005784293108732186,-0.006865537932294312,-0.0060932915205898315,0.0
99.951,100.218,99.951,100.207,100.0,0.207,0.21,6,60099.0,0.22499999999999432,0.19699999999998852,0.20699999999999363,100.0454,100.0239,100.0193,100.07185400753683,100.04146900101466,100.0278838853317,0.2670000000000101,0.06471428571428918,0.20699999999999363,0.0,0.03658688304670467,0.022627824590850634,1.6168979434946769,61.78681700270769,100.02075,100.02519230769232,100.03647561087264,100.02575506443942,0.010720546433219624,-0.004913690494217033,-0.0027305239298279402,5.0
100.0,100.277,100.0,100.277,100.207,0.07,0.07,4,40038.0,0.2669999999999959,0.2669999999999959,0.24099999999999966,100.09880000000001,100.0506,100.03135,100.14023600502455,100.08429281901199,100.05160922958584,0.277000000000001,0.08350000000000384,0.07000000000000739,0.0,0.03897353425765486,0.021011551405789874,1.8548622852720642,64.97204067744718,100.04383333333334,100.03584615384617,100.07347936304609,100.04436580040687,0.02911356263922471,-0.0007048537525125514,0.00363829338398259,-0.33333333333333337
100.264,100.264,100.264,100.264,100.277,-0.013,-0.01,1,10026.0,0.2819999999999965,0.28300000000000125,0.16499999999999204,100.1552,100.0789,100.03960000000001,100.18149067001636,100.1169668519189,100.07183692200624,0.01300000000000523,0.08235714285714733,0.0,0.01300000000000523,0.03618971038210809,0.020439297733948116,1.7705946091288516,63.90666477495145,100.06500000000001,100.04607692307692,100.10279023026976,100.06063500037672,0.04215522989304077,0.004595002426915092,0.011341680685794227,-0.75
100.0,100.0,100.0,100.0,100.264,-0.264,-0.26,1,10000.0,-0.028000000000005798,-0.03900000000000148,0.04600000000000648,100.14959999999999,100.075,100.04190000000001,100.1209937800109,100.09570015157001,100.06499531038659,0.2639999999999958,0.08071428571429047,0.0,0.2639999999999958,0.03360473106910037,0.03783649075295152,0.8881566551326898,47.03829275597235,100.06416666666667,100.04630769230768,100.0869763486898,100.05614351886733,0.030832829822472263,0.008694946699380226,0.015239910513129836,0.0
100.0,100.0,100.0,100.0,100.0,0.0,0.0,0,1000.0,0.0,0.0,-0.09900000000000375,100.14959999999999,100.075,100.03695,100.08066252000728,100.07830012401183,100.05880528082596,0.0,0.08000000000000439,0.0,-0.0,0.0312043931355932,0.03513388427059784,0.8881566551326898,47.03829275597235,100.06575,100.0465,100.0735953719683,100.05198473969197,0.021610632276320985,0.011967610198327507,0.01651405486576807,-1.0
100.0,100.0,100.0,100.0,100.0,0.0,0.0,1,7300.0,-0.20699999999999363,0.018000000000000682,0.0,100.10819999999998,100.0768,100.03695,100.0537750133382,100.06406373782787,100.05320477789016,0.0,0.08000000000000439,0.0,-0.0,0.028975507911622258,0.032624321108412284,0.8881566551326897,47.03829275597234,100.0625,100.03565384615383,100.0622730070501,100.04813401823331,0.014138988816782216,0.014306644130823228,0.0160390416559709,inf
100.263,100.263,100.263,100.263,100.0,0.263,0.26,1,10026.0,-0.013999999999995794,0.2530000000000001,0.2610000000000099,100.1054,100.1021,100.05,100.12351667555882,100.1002339673137,100.07318527523395,0.26300000000000523,0.09671428571428972,0.26300000000000523,0.0,0.04569154306079247,0.03029401245781141,1.5082697653347916,60.13187999870003,100.08441666666666,100.04576923076921,100.09315408288855,100.06405001688269,0.02910406600585702,0.018466843495883407,0.018652046525948124,0.0
99.981,99.981,99.981,99.981,100.263,-0.282,-0.28,0,1000.0,-0.28300000000000125,-0.0010000000000047748,-0.007000000000005002,100.0488,100.102,100.04965,100.07601111703922,100.07855506416576,100.06440572521169,0.2820000000000107,0.11264285714286107,0.0,0.2820000000000107,0.04242786141359301,0.048273011567968496,0.8789147400479561,46.77778726806535,100.08433333333333,100.04365384615386,100.075899608598,100.05789816378027,0.018001444817727474,0.021099223066212543,0.018521926184303997,-1.0
99.952,99.983,99.952,99.982,99.981,0.001,0.0,5,47592.0,-0.018000000000000682,-0.04600000000000648,0.022999999999996135,100.0452,100.0974,100.05080000000001,100.04467407802615,100.0609995979538,100.0565575609058,0.03100000000000591,0.11207142857143282,0.0010000000000047748,0.0,0.039468728455479565,0.044824939313113606,0.8805082407313584,46.82288658245472,100.082,100.03915384615385,100.06145351496754,100.05227607757432,0.009177437393219634,0.02276163756642941,0.016653028426087124,inf
99.988,99.988,99.988,99.988,99.982,0.006,0.01,1,5599.0,-0.012000000000000455,-0.012000000000000455,-0.012000000000000455,100.04280000000001,100.0962,100.0502,100.0257827186841,100.04772694378038,100.05002826939096,0.006000000000000227,0.11121428571428993,0.006000000000000227,0.0,0.037078104994373896,0.04162315793360549,0.8908047066856012,47.11246505447388,100.0825,100.04046153846153,100.0501529742033,100.0475148866429,0.0026380875603990717,0.02186358658056046,0.013850040252949513,-0.8
100.099,100.099,100.023,100.097,99.988,0.109,0.11,8,75870.0,0.0969999999999942,-0.10999999999999943,0.08699999999998909,100.0622,100.0852,100.05455,100.04952181245608,100.05668568127484,100.05450176754421,0.1110000000000042,0.11714285714286124,0.10899999999999466,0.0,0.0422153832090611,0.03865007522406225,1.0922458226621823,52.20446903664524,100.08825,100.04038461538462,100.05736020894125,100.05118045059528,0.0061797583459650696,0.01931538610353161,0.012315983871552626,7.0
99.968,99.981,99.968,99.981,100.097,-0.116,-0.12,5,49985.0,-0.2820000000000107,-0.2960000000000065,-0.029000000000010573,100.0058,100.0556,100.0531,100.02668120830405,100.04292464831576,100.04750159920667,0.12899999999999068,0.12264285714286009,0.0,0.11599999999999966,0.039199998694128164,0.04417506985091492,0.8873783069596275,47.016451534250315,100.08666666666666,100.03965384615384,100.04561248448874,100.04598189869932,-0.0003694142105814535,0.014590425647573587,0.00977890425512581,-0.375
100.18,100.18,99.989,100.03,99.981,0.049,0.05,4,40027.0,0.049000000000006594,-0.23399999999999466,0.049000000000006594,100.01559999999999,100.0322,100.05555,100.02778747220272,100.04057471225835,100.04583478023461,0.19900000000001228,0.13357142857143195,0.049000000000006594,0.0,0.039899998787405196,0.041019707718706715,0.9727031470097266,49.308135817807894,100.07191666666667,100.04073076923078,100.04321056379817,100.04479805435123,-0.0015874905530637307,0.010988167828069587,0.0075056252934879025,-0.19999999999999996
99.997,99.997,99.997,99.997,100.03,-0.033,-0.03,1,10000.0,0.015000000000000568,-0.0030000000000001137,-0.04200000000000159,100.0186,100.0319,100.05345,100.01752498146848,100.03265203730228,100.0411838487837,0.03300000000000125,0.13392857142857448,0.0,0.03300000000000125,0.037049998874019115,0.0404468714530849,0.9160164320000403,47.808380799941965,100.04858333333334,100.04107692307691,100.03610124629076,100.04125745773263,-0.0051562114418715055,0.008014074081603755,0.004973257946416021,-0.75
100.001,100.001,100.001,100.001,99.997,0.004,0.0,1,10000.0,0.01300000000000523,0.0010000000000047748,0.0010000000000047748,100.0212,100.03200000000001,100.0535,100.01201665431233,100.02689712142914,100.03735681556621,0.0040000000000048885,0.11514285714285981,0.0040000000000048885,0.0,0.03468928466873238,0.03755780920643598,0.9236237523350527,48.01478205984316,100.02666666666666,100.0426923076923,100.03070105455372,100.0382754238265,-0.007574369272788317,0.00560147873831814,0.002463732502575154,0.0
100.0,100.0,99.999,100.0,100.001,-0.001,0.0,3,28200.0,-0.0969999999999942,0.0,0.018000000000000682,100.0018,100.03200000000001,100.0544,100.00801110287489,100.02200673571475,100.03379902360751,0.0020000000000095497,0.09550000000000328,0.0,0.0010000000000047748,0.03221147862096579,0.03494653712026232,0.921735922220725,47.96371403390237,100.02666666666666,100.0426923076923,100.02597781539161,100.03544020724676,-0.009462391855151964,0.0013163167537615867,7.850763102973065e-05,2.0
99.99,100.0,99.99,100.0,100.0,0.0,0.0,2,19999.0,0.019000000000005457,-0.26300000000000523,-0.010000000000005116,100.0056,100.0057,100.0539,100.00534073524993,100.01800551103935,100.03058006897822,0.010000000000005116,0.09528571428571755,0.0,-0.0,0.02991065871946823,0.03245035589738644,0.9217359222207249,47.96371403390236,100.02666666666666,100.04230769230769,100.0219812284083,100.03281500670997,-0.010833778301673647,-0.0018875969261718712,-0.002103949555510945,-0.33333333333333337
99.995,100.068,99.995,100.01,100.0,0.01,0.01,16,160607.0,-0.01999999999999602,0.029000000000010573,0.028000000000005798,100.00160000000001,100.0086,100.0553,100.00689382349995,100.01654996357765,100.02862006240886,0.07299999999999329,0.08164285714286024,0.010000000000005116,0.0,0.028488468810935152,0.03013247333328741,0.9454407706872132,48.59776688823289,100.02749999999999,100.04230769230769,100.02013796249932,100.03112500621293,-0.010987043713612366,-0.004128094826930983,-0.003880568387131229,7.0
99.983,99.983,99.983,99.983,100.01,-0.027,-0.03,1,9998.0,-0.013999999999995794,0.0010000000000047748,-0.045000000000001705,99.9988,100.0087,100.05305,99.99892921566664,100.01044997019989,100.0242752945604,0.027000000000001023,0.08357142857143174,0.0,0.027000000000001023,0.026453578181582643,0.029908725238052672,0.8844769534987045,46.93487770474411,100.00416666666666,100.0423846153846,100.01442442980712,100.0275601909379,-0.013135761130783408,-0.005880744681506813,-0.005731606935861665,-0.9375
99.97,99.97,99.97,99.97,99.983,-0.013,-0.01,0,400.0,-0.03100000000000591,-0.018000000000000682,-0.030000000000001137,99.99260000000001,100.0069,100.05154999999999,99.98928614377778,100.00309543016353,100.01910621888798,0.01300000000000523,0.08450000000000354,0.0,0.01300000000000523,0.02456403688289817,0.028700959149620713,0.8558611841103849,46.11665955612115,100.00325,100.03973076923079,100.00758990214449,100.02329647309065,-0.01570657094616479,-0.00831255904729902,-0.00772659973792229,-1.0
100.017,100.017,100.017,100.017,99.97,0.047,0.05,5,50009.0,0.016999999999995907,-0.0799999999999983,-0.18999999999999773,99.996,99.9989,100.04205,99.99852409585186,100.00562353377015,100.01890562661293,0.046999999999997044,0.06907142857143153,0.046999999999997044,0.0,0.02616660567697666,0.02665089063893352,0.9818285636859962,49.54154873315059,100.00616666666667,100.04038461538462,100.00903760950688,100.02283006767652,-0.013792458169646693,-0.009804008376084047,-0.008939771424267171,inf
100.012,100.012,100.012,100.012,100.017,-0.005,-0.01,5,50006.0,0.012000000000000455,0.03100000000000591,-0.26500000000000057,99.9984,100.002,100.0288,100.00301606390126,100.00678289126648,100.0182479478879,0.0049999999999954525,0.04928571428571615,0.0,0.0049999999999954525,0.02429756241433547,0.025104398450437944,0.9678607699883605,49.18339674986687,100.00816666666667,100.04153846153848,100.00949336189043,100.02202784044123,-0.012534478550790595,-0.011020340375831475,-0.009658712849571857,0.0
100.006,100.006,100.006,100.006,100.012,-0.006,-0.01,1,10001.0,-0.0040000000000048885,-0.02400000000000091,-0.25799999999999557,99.9976,99.9996,100.0159,100.0040107092675,100.00664054739984,100.01708147666048,0.006000000000000227,0.047500000000001465,0.0,0.006000000000000227,0.02256202224188294,0.023739798561120965,0.9503881081296583,48.728153343851204,100.00058333333334,100.04138461538462,100.0089559215996,100.02084059300113,-0.011884671401531932,-0.011767947038015968,-0.010103904559963873,-0.8
100.0,100.0,100.0,100.0,100.006,-0.006,-0.01,1,10100.0,0.016999999999995907,0.0030000000000001137,0.0,100.001,99.9999,100.0159,100.00267380617834,100.00543317514533,100.01545466935947,0.006000000000000227,0.047500000000001465,0.0,0.006000000000000227,0.020950449224605587,0.022472670092469484,0.9322634621698118,48.247223032563994,100.00216666666667,100.04207692307692,100.00757808750735,100.01929684537141,-0.011718757864059626,-0.012228434659268336,-0.010426875220783022,0.0
100.173,100.173,99.901,100.0,100.0,0.0,0.0,7,70132.0,0.030000000000001137,-0.0010000000000047748,0.0,100.007,99.9998,100.0159,100.00178253745223,100.00444532511891,100.01398279608713,0.27200000000000557,0.05900000000000156,0.0,-0.0,0.01945398856570519,0.020867479371578807,0.9322634621698119,48.247223032563994,99.99966666666667,100.04100000000001,100.00641222789083,100.01786744941798,-0.011455221527143067,-0.012449860178378458,-0.010632544482055032,6.0
99.969,99.969,99.969,99.969,100.0,-0.031,-0.03,1,9997.0,-0.04800000000000182,-0.03100000000000591,-0.03100000000000591,99.9974,99.9967,100.01435,99.99085502496816,99.99800072055183,100.00969872026931,0.03100000000000591,0.05200000000000265,0.0,0.03100000000000591,0.018064417953869105,0.021591230845037886,0.8366553108305395,45.55320238353282,99.99733333333332,100.0398076923077,100.00065650052302,100.01424763834999,-0.013591137826963973,-0.012756233458966272,-0.011224263151036822,-0.8571428571428572
100.159,100.159,100.015,100.019,99.969,0.05,0.05,3,30433.0,0.007000000000005002,0.019000000000005457,-0.24399999999999977,99.9988,99.9986,100.00215,100.00023668331212,100.00181877136059,100.01058455643414,0.19000000000001194,0.05135714285714548,0.05000000000001137,0.0,0.020345530957164983,0.020049000070392325,1.0147903080318985,50.36704335862987,99.99883333333332,100.03257692307692,100.00347857736564,100.01459966513887,-0.011121087773233285,-0.012771127243368596,-0.011203628075476115,2.0
99.952,100.01,99.952,100.01,100.019,-0.009,-0.01,4,36189.0,0.0040000000000048885,0.0,0.029000000000010573,99.9996,99.9986,100.0036,100.00349112220809,100.00330626747684,100.0105288843928,0.06700000000000728,0.05378571428571734,0.0,0.009000000000000341,0.018892278745938913,0.01925978577965004,0.9809184256815859,49.518365469495585,99.99966666666667,100.02230769230769,100.00448187315554,100.01425894920266,-0.009777076047114974,-0.012397940011849882,-0.010918317669803888,0.33333333333333326
99.96,100.012,99.96,100.0,100.01,-0.01,-0.01,6,59991.0,0.0,0.016999999999995907,0.018000000000000682,99.9996,100.00030000000001,100.00450000000001,100.00232741480539,100.0027051279356,100.00952613349824,0.05200000000000671,0.057214285714288896,0.0,0.010000000000005116,0.017542830264086134,0.018598372509675404,0.94324545091028,48.53969684933177,99.99966666666667,100.01215384615385,100.00379235420854,100.0132027307432,-0.009410376534660259,-0.011698362855016044,-0.010616729442775162,0.5
99.952,100.153,99.952,99.994,100.0,-0.006,-0.01,7,70823.0,-0.006000000000000227,0.02400000000000091,0.006000000000000227,99.99839999999999,100.0027,100.0048,99.99955160987027,100.00112237740186,100.00804745411746,0.20100000000000762,0.07142857142857448,0.0,0.006000000000000227,0.016289770959508554,0.01769848875898432,0.9204046278380318,47.92764058656806,99.99833333333333,100.01192307692307,100.00228583817646,100.01178030624371,-0.00949446806724552,-0.011220808399193693,-0.010392277167669235,0.16666666666666674
99.988,99.988,99.988,99.988,99.994,-0.006,-0.01,1,9999.0,0.019000000000005457,-0.028999999999996362,-0.10899999999999466,100.00219999999999,99.9998,99.99935,99.99570107324686,99.99873649060152,100.00613817277294,0.006000000000000227,0.07114285714285984,0.0,0.006000000000000227,0.01512621589097223,0.016862882419056886,0.8970124747995614,47.28553379146017,99.99875000000002,100.01146153846155,100.00008801691854,100.01001880207751,-0.00993078515897139,-0.010931509133436003,-0.010299978765929666,-0.8571428571428572
99.999,100.0,99.999,100.0,99.988,0.012,0.01,2,20000.0,-0.019000000000005457,-0.012000000000000455,0.019000000000005457,99.99839999999999,99.9986,100.00030000000001,99.99713404883124,99.99896621958305,100.0055535848898,0.012000000000000455,0.06678571428571749,0.012000000000000455,0.0,0.014902914755902818,0.01565839081769568,0.9517526372544558,48.763999037977115,100.00125000000001,100.01146153846155,100.00007447585415,100.00927666859029,-0.009202192736140091,-0.010633455948392465,-0.010080421559971752,1.0
99.96,99.994,99.96,99.994,100.0,-0.006,-0.01,15,148461.0,-0.016000000000005343,-0.012000000000000455,-0.036000000000001364,99.9952,99.9974,99.9985,99.9960893658875,99.99806327056794,100.00445324347173,0.04000000000000625,0.0677142857142893,0.0,0.006000000000000227,0.013838420844766903,0.014968505759288863,0.9245024899148218,48.03851877353196,99.99933333333333,100.00111538461536,99.99913994110736,100.00814506350953,-0.009005122402172105,-0.01033194089707163,-0.009865361728411823,6.5
99.997,99.997,99.997,99.997,99.994,0.003,0.0,1,10000.0,-0.0030000000000001137,-0.0030000000000001137,0.0,99.9946,99.9971,99.9985,99.99639291059168,99.9978699486465,100.00374341076014,0.0030000000000001137,0.06700000000000321,0.0030000000000001137,0.0,0.013064247927283562,0.013899326776482515,0.9399194750488278,48.4514685860953,99.99808333333334,100.00173076923078,99.99881071939853,100.00731950324956,-0.008508783851027601,-0.0100045589330588,-0.009594046152934979,-0.9333333333333333
99.991,100.015,99.991,100.015,99.997,0.018,0.02,11,110014.0,0.021000000000000796,0.015000000000000568,0.013999999999995794,99.9988,99.99860000000001,99.9992,100.00259527372779,100.00098450343803,100.00481546687821,0.02400000000000091,0.06535714285714635,0.018000000000000682,0.0,0.013416801646763357,0.01290651772101948,1.0395369174531743,50.969262118151434,99.99883333333332,100.003,100.00130137795261,100.00788842893478,-0.006587050982162168,-0.009226327061414154,-0.008992647118780417,10.0
100.095,100.095,90.016,90.016,100.015,-9.999,-10.0,22,219100.0,-9.971999999999994,-9.952999999999989,-9.983999999999995,98.0044,99.0033,99.5,96.6737301824852,98.18553277554021,99.05349970812792,10.078999999999994,0.7849285714285748,0.0,9.998999999999995,0.012458458671994547,0.7261989093123749,0.01715571107617229,1.6866356733150705,99.16683333333333,99.61946153846155,98.46510116595991,99.26774854530997,-0.8026473793500628,-0.09717369279217299,-0.1677235935650369,1.0
99.018,99.018,99.018,99.018,90.016,9.002,10.0,1,10199.0,-0.9819999999999993,-1.0010000000000048,-0.9819999999999993,97.808,98.9032,99.4509,97.45515345499014,98.33689045271471,99.0501187835443,9.001999999999995,1.427500000000003,9.001999999999995,0.0,0.6545685687668518,0.6743275586472053,0.9706982317021229,49.25656379483913,99.085,99.57796153846154,98.55016252504299,99.24924865306478,-0.6990861280217899,-0.17376358745602577,-0.27399610045638756,-0.9545454545454546
99.992,100.097,99.969,100.008,99.018,0.99,1.0,20,200173.0,0.013999999999995794,-0.0020000000000095497,-0.0020000000000095497,97.8108,98.90299999999999,99.4508,98.30610230332677,98.64072855222112,99.1413455660639,1.0789999999999935,1.5041428571428597,0.9899999999999949,0.0,0.6785279567120763,0.6261613044581192,1.0836312494577978,52.006863006099564,99.08825000000002,99.57900000000001,98.77444521349793,99.30545245654147,-0.5310072430435469,-0.23171879484590205,-0.32539832897381943,19.0
99.985,100.045,99.985,99.995,100.008,-0.013,-0.01,80,800229.0,-0.001999999999995339,-0.0049999999999954525,0.012000000000000455,97.8104,98.9025,99.4514,98.86906820221785,98.88695972454455,99.22264598834354,0.060000000000002274,1.4890000000000023,0.0,0.012999999999991019,0.6300616740897852,0.5823640684253959,1.0819034144626312,51.967032041296015,99.08625,99.57765384615385,98.96222287295979,99.35653005235322,-0.3943071793934365,-0.27447576277103436,-0.3391800990577429,3.0
99.997,100.069,99.997,100.024,99.995,0.029,0.03,35,350085.0,0.009000000000000341,0.030000000000001137,0.054000000000002046,97.8122,98.90549999999999,99.45410000000001,99.25404546814525,99.09369432008191,99.2989654180251,0.07399999999999807,1.4920714285714303,0.028999999999996362,0.0,0.587128697369086,0.5407666349664391,1.0857339551015832,52.05524666489423,99.08741666666668,99.57869230769232,99.12557320019674,99.40597227069742,-0.28039907050067825,-0.30452779447566847,-0.32742389334632993,-0.5625
100.037,100.037,100.033,100.035,100.024,0.011,0.01,4,40014.0,10.018999999999991,0.046999999999997044,0.018000000000000682,99.816,98.9102,99.455,99.51436364543018,99.26484080733974,99.36906394964177,0.01300000000000523,1.4794285714285726,0.01099999999999568,0.0,0.5459766475570081,0.5021404467545506,1.087298685229961,52.091188143021874,99.09033333333332,99.58,99.26548501555109,99.45256691731242,-0.18708190176133144,-0.32429220658957864,-0.29935549502933023,-0.8857142857142857
99.992,100.01,99.992,99.997,100.035,-0.038,-0.04,6,59997.0,0.9789999999999992,-0.0030000000000001137,-0.015000000000000568,100.01180000000001,98.90990000000001,99.45425,99.6752424302868,99.3979606605507,99.42886738300922,0.042999999999992156,1.477714285714286,0.0,0.0379999999999967,0.5069783155886505,0.4689875577006539,1.081005897201745,51.94631589729443,99.09058333333333,99.5798846153846,99.37802578238939,99.4928952938078,-0.11486951141841928,-0.33605491648027275,-0.26245829830714806,0.5
99.995,99.995,99.964,99.967,99.997,-0.03,-0.03,10,100067.0,-0.04099999999999682,-0.027000000000001023,-0.03900000000000148,100.0036,98.9072,99.4523,99.77249495352454,99.50142235863238,99.48011810843691,0.03300000000000125,1.4763571428571427,0.0,0.030000000000001137,0.47076557876088976,0.43763130357917873,1.075712763028425,51.8237774603737,99.08883333333331,99.57861538461538,99.46863720048333,99.52801416093314,-0.05937696044981067,-0.34170693610235975,-0.2218420307356806,0.6666666666666667
100.001,100.001,100.001,100.001,99.967,0.034,0.03,1,10000.0,0.006000000000000227,0.0040000000000048885,0.0010000000000047748,100.0048,98.9076,99.45235,99.8486633023497,99.59225465706285,99.52972590763339,0.034000000000006025,1.4644285714285712,0.034000000000006025,0.0,0.4395680374208266,0.40637192475209455,1.0816889914060457,51.9620844358424,99.08891666666666,99.57826923076924,99.55053916963975,99.56305014901217,-0.01251097937242207,-0.3423651503679442,-0.1799758204630289,-0.9
99.989,99.989,99.989,99.989,100.001,-0.012,-0.01,1,9999.0,-0.03499999999999659,-0.02599999999999625,-0.01099999999999568,99.99780000000001,98.905,99.4518,99.89544220156648,99.6643901739605,99.5734662973826,0.012000000000000455,1.4648571428571426,0.0,0.012000000000000455,0.40817032046219615,0.37820250155551643,1.0792374952133434,51.90544599632697,99.0885,99.5785,99.61799468200286,99.59460198982607,0.023392692176784635,-0.2505829201982945,-0.1393021179350662,0.0
99.95,99.992,99.95,99.992,99.989,0.003,0.0,2,20090.0,-0.042999999999992156,9.975999999999999,0.023000000000010346,99.98920000000001,99.90259999999999,99.45295000000002,99.92762813437767,99.72395559687676,99.61332665001282,0.04200000000000159,1.4669999999999999,0.0030000000000001137,0.0,0.379229583286325,0.35118803715869384,1.0798476689425496,51.91955569955627,99.08808333333333,99.57934615384615,99.67553396169473,99.62403887946859,0.05149508222613974,-0.16718500794852453,-0.10114267790282501,1.0
100.477,100.575,100.04,100.573,99.992,0.581,0.58,28,281389.0,0.5759999999999934,1.5549999999999926,0.5539999999999878,100.1044,100.0581,99.48065,100.14275208958512,99.87832730653552,99.70472411191636,0.5829999999999984,1.5057857142857134,0.5809999999999889,0.0,0.3936417559087296,0.3261031773616443,1.207108005182623,54.69184119436616,99.13458333333334,99.60073076923078,99.81360565989553,99.69433229580424,0.11927336409128486,-0.09493160715576544,-0.05705946950400305,13.0
99.97,100.0,99.97,100.0,100.573,-0.573,-0.57,3,29994.0,0.03300000000000125,-0.007999999999995566,-0.010000000000005116,100.111,100.05730000000001,99.48015000000001,100.09516805972342,99.90044961443816,99.73284562506718,0.6029999999999944,1.5486428571428559,0.0,0.5729999999999933,0.3655244876295346,0.34373866469295494,1.0633790294031655,51.53580676405095,99.96658333333333,99.60026923076923,99.84228171221929,99.7169743479669,0.12530736425239297,-0.03719665786178439,-0.020586102752723847,-0.8928571428571429
99.982,99.998,99.982,99.998,100.0,-0.002,0.0,6,59992.0,-0.0030000000000001137,0.0030000000000001137,-0.001999999999995339,100.1104,100.05760000000001,99.48005,100.06277870648229,99.91818604817666,99.75809842267984,0.018000000000000682,1.5482142857142844,0.0,0.001999999999995339,0.33941559565599644,0.3193287600720293,1.0629033087387314,51.52463056490008,100.04825,99.59996153846154,99.86623837187787,99.73779106293232,0.12844730894555312,0.00823071763224132,0.009220579586931545,1.0
100.0,100.0,100.0,100.0,99.998,0.002,0.0,1,10000.0,0.01099999999999568,-0.02400000000000091,0.006000000000000227,100.1126,100.0552,99.48035,100.0418524709882,99.93306131214455,99.7811366681389,0.001999999999995339,0.8284285714285703,0.001999999999995339,0.0,0.3153144816805678,0.29651956292402726,1.0633850885627945,51.535949079842965,100.04758333333332,99.59996153846154,99.88681708389666,99.75721394715956,0.1296031367371029,0.04341794413206736,0.03329709101696582,-0.8333333333333334
99.993,100.0,99.993,99.993,100.0,-0.007,-0.01,4,41297.0,0.000999999999990564,-0.04200000000000159,0.0049999999999954525,100.1128,100.05100000000002,99.4806,100.02556831399215,99.94395925539098,99.80131412831615,0.007000000000005002,0.18592857142857103,0.0,0.007000000000005002,0.2927920187033844,0.27583959414373993,1.0614575460505158,51.49063331835915,100.04741666666666,99.59969230769231,99.90315291714333,99.77467958070329,0.1284733364400381,0.07045603833856262,0.05233234010158028,3.0
99.994,100.248,99.994,100.016,99.993,0.023,0.02,10,100122.0,-0.556999999999988,0.019000000000005457,0.016000000000005343,100.0014,100.0529,99.4814,100.02237887599478,99.95705757259262,99.82176040180985,0.25500000000000966,0.12707142857142933,0.023000000000010346,0.0,0.27352116022457196,0.25613676599061563,1.0678715301441468,51.64109639198466,100.04674999999999,99.6015,99.92051400681359,99.79255516731787,0.12795883949571873,0.09127112722139923,0.06745763998040796,1.5
99.961,99.961,99.961,99.961,100.016,-0.055,-0.05,4,39984.0,-0.03900000000000148,-0.006000000000000227,-0.03300000000000125,99.9936,100.0523,99.47975,100.00191925066318,99.95777437757576,99.8350213159232,0.05500000000000682,0.1267142857142868,0.0,0.05500000000000682,0.2539839344942454,0.2417698541341436,1.050519451251871,51.23186959336153,100.04058333333334,99.59926923076924,99.92674262114996,99.80503256233136,0.12171005881859287,0.10618457590928977,0.07830812374804495,-0.6
99.991,99.993,99.991,99.993,99.961,0.032,0.03,3,30997.0,-0.005000000000009663,-0.008000000000009777,-0.0040000000000048885,99.99260000000001,100.0515,99.47954999999999,99.99894616710878,99.96417903619835,99.8500669048829,0.031999999999996476,0.12371428571428668,0.031999999999996476,0.0,0.2381279391732276,0.22450057883884764,1.0607007803938093,51.472818882084596,100.04025,99.59861538461539,99.93693606404996,99.81895607623274,0.11797998781722185,0.11669427542489391,0.08624249656188034,-0.25
99.906,99.988,99.906,99.988,99.993,-0.005,-0.01,5,49985.0,-0.012000000000000455,-0.0010000000000047748,-0.027000000000001023,99.9902,100.0514,99.4782,99.99529744473921,99.9685101205259,99.86320339013214,0.08699999999998909,0.1289999999999998,0.0,0.0049999999999954525,0.2211188006608542,0.2088219660646439,1.0588866910313623,51.430061481476294,100.04200000000002,99.59815384615383,99.94479205419611,99.83147784836365,0.11331420583246654,0.12356306693670799,0.09165683841599757,0.6666666666666667
99.999,100.036,99.999,100.036,99.988,0.048,0.05,16,156749.0,0.043000000000006366,0.04399999999999693,10.019999999999996,99.9988,100.0558,99.9792,100.00886496315948,99.980781007703,99.87966021011955,0.04800000000000182,0.12935714285714336,0.04800000000000182,0.0,0.2087531720422219,0.19390611134574076,1.0765682968599601,51.843625778543895,100.04491666666667,99.59976923076923,99.95882404585825,99.84662763737374,0.11219640848450751,0.12277673853595496,0.09576475242969956,2.2
99.985,99.985,99.983,99.983,100.036,-0.053,-0.05,15,146675.0,-0.03300000000000125,-0.5899999999999892,0.9650000000000034,99.9922,99.9968,100.02745,100.00024330877301,99.9811844608479,99.88950209487007,0.05299999999999727,0.1307857142857145,0.0,0.05299999999999727,0.1938422311820632,0.1838413891067591,1.0543992956313906,51.32397084994793,100.04441666666668,99.59957692307692,99.96254342341852,99.85672929386457,0.10581412955394853,0.12061082356946112,0.09777462785454936,-0.0625
99.989,99.989,99.989,99.989,99.983,0.006,0.01,1,9999.0,0.028000000000005798,-0.01099999999999568,-0.018999999999991246,99.9978,99.99570000000001,100.0265,99.99649553918202,99.98260546796647,99.89897808583483,0.006000000000000227,0.1287857142857141,0.006000000000000227,0.0,0.180424928954773,0.17070986131341917,1.0569098209477026,51.38338152621299,100.04416666666667,99.59915384615384,99.96661366596952,99.86652712394867,0.10008654202084699,0.11745962724449378,0.0982370106878089,-0.9333333333333333
100.08,100.08,100.08,100.08,99.989,0.091,0.09,3,30024.0,0.0870000000000033,0.08199999999999363,0.08499999999999375,100.01520000000001,100.0039,100.03075,100.0243303594547,100.00031356469984,99.91621826813628,0.09099999999999397,0.13442857142857076,0.09099999999999397,0.0,0.17403743402943164,0.1585162997910321,1.0979150677807938,52.333628021566426,100.00308333333334,99.60246153846153,99.98405771735882,99.8823399295821,0.10171778777672102,0.11436125513778468,0.09893316610559133,2.0
100.0,100.0,99.972,99.997,100.08,-0.083,-0.08,5,49992.0,0.009000000000000341,-0.0030000000000001137,-0.027000000000001023,100.017,100.0036,100.0294,100.01522023963648,99.99971109839078,99.923911766409,0.10800000000000409,0.13914285714285665,0.0,0.08299999999999841,0.16160618874161511,0.15312227837738684,1.0554061136898625,51.34781426699168,100.00283333333334,99.60246153846153,99.98604883776517,99.89083326813157,0.09521556963359501,0.11066594771484656,0.09818964681119208,0.6666666666666667
100.119,100.119,100.001,100.06,99.997,0.063,0.06,10,100663.0,0.02400000000000091,0.06700000000000728,0.025000000000005684,100.0218,100.0103,100.03065000000001,100.03014682642433,100.01067271686517,99.93687255056052,0.12199999999999989,0.10621428571428534,0.06300000000000239,0.0,0.15456288954578565,0.14218497277900208,1.087055027861647,52.08559493399755,100.008,99.60419230769232,99.99742593964746,99.90336413715886,0.09406180248859641,0.10689961026961076,0.09736407794667296,1.0
99.98,99.998,99.98,99.997,100.06,-0.063,-0.06,9,89989.0,0.013999999999995794,-0.019000000000005457,0.0,100.02459999999999,100.00840000000001,100.03065000000001,100.0190978842829,100.00818676834423,99.94259897431667,0.0799999999999983,0.06885714285714276,0.0,0.06300000000000239,0.1435226831496581,0.1365289032947878,1.0512256356426566,51.24865921019478,100.00775,99.98807692307693,99.99736041047093,99.91030012699895,0.08706028347198469,0.10304963523109872,0.09530331905173531,-0.09999999999999998
100.001,100.029,100.001,100.029,99.997,0.032,0.03,5,50003.0,0.03999999999999204,0.06799999999999784,0.06199999999999761,100.0326,100.01520000000001,100.03375000000001,100.02239858952194,100.01197099228165,99.95082764342936,0.031999999999996476,0.06985714285714247,0.031999999999996476,0.0,0.13555677721039655,0.12677683877373155,1.0692550667897252,51.67342991932765,100.01075000000002,100.02696153846153,100.00222803962926,99.91909271018422,0.08313532944504232,0.09917800652307879,0.09286972113039671,-0.4444444444444444
99.986,99.986,99.986,99.986,100.029,-0.043,-0.04,10,100086.0,-0.09399999999999409,-0.006999999999990791,-0.015000000000000568,100.01379999999999,100.01450000000001,100.03299999999999,100.01026572634797,100.00724899368498,99.9541773916742,0.042999999999992156,0.07278571428571366,0.0,0.042999999999992156,0.1258741502667968,0.1207927788613216,1.0420668474835648,51.030006621365104,100.00824999999999,100.0261153846154,99.99973141814783,99.92404880572613,0.07568261242170138,0.0949967183663271,0.08943229938865764,1.0
99.993,100.078,99.98,100.078,99.986,0.092,0.09,14,140026.0,0.08100000000000307,0.09000000000000341,0.08899999999999864,100.03,100.0235,100.03744999999999,100.03284381756532,100.02011281301498,99.96597002103856,0.09799999999999898,0.07928571428571322,0.09199999999999875,0.0,0.12345456810488264,0.11216472322837007,1.1006541499997837,52.39578109513634,100.01799999999999,100.02930769230768,100.01177273843278,99.93545259789457,0.07632014053821479,0.09101046637229457,0.08680986761856908,0.3999999999999999
99.986,99.997,99.986,99.997,100.078,-0.081,-0.08,0,2200.0,-0.06300000000000239,-0.03900000000000148,0.0049999999999954525,100.0174,100.0196,100.0377,100.02089587837688,100.01591048337588,99.96892525713012,0.09199999999999875,0.06764285714285531,0.0,0.08100000000000307,0.1146363846688196,0.109938671569201,1.0427303062022324,51.045911593725634,100.01833333333333,100.02826923076924,100.00950000944313,99.94001166471719,0.06948834472594001,0.0869742680580714,0.08334556304004327,-1.0
100.001,100.001,100.001,100.001,99.997,0.004,0.0,5,50001.0,0.0040000000000048885,0.018000000000000682,-0.5719999999999885,100.01820000000001,100.0214,100.0091,100.01426391891792,100.01319948639843,99.9719799945463,0.0040000000000048885,0.06399999999999803,0.0040000000000048885,0.0,0.10673378576390427,0.10208590931425807,1.0455290693972106,51.1128922604514,100.01941666666666,100.02696153846153,100.00819231568265,99.94452931918258,0.06366299650007079,0.08292720744465182,0.07940904973204878,inf
99.992,100.0,99.992,100.0,100.001,-0.001,0.0,6,60997.0,-0.028999999999996362,0.01099999999999568,0.0,100.0124,100.0225,100.0091,100.00950927927862,100.01079957978054,99.97464856649427,0.009000000000000341,0.06235714285714116,0.0,0.0010000000000047748,0.0991099439236254,0.09486548722038284,1.0447418426617283,51.09407069704912,100.01641666666666,100.02707692307693,100.00693195942378,99.94863825850238,0.05829370092139641,0.07810230890517131,0.07518597996991831,0.19999999999999996
100.0,100.002,100.0,100.001,100.0,0.001,0.0,3,30301.0,0.015000000000000568,-0.07899999999999352,0.0030000000000001137,100.0154,100.0146,100.00925,100.00667285285243,100.00901783800225,99.97715822682814,0.001999999999995339,0.05628571428571304,0.0010000000000047748,0.0,0.09210209078622394,0.08808938099035549,1.04555270738374,51.11345718981747,100.01791666666666,100.02838461538462,100.00601935028166,99.95251690602073,0.05350244426092843,0.07346751719709725,0.07084927282812034,-0.5
99.987,100.0,99.987,99.999,100.001,-0.002,0.0,6,60196.0,-0.07900000000000773,0.001999999999995339,-0.0010000000000047748,99.9996,100.0148,100.00919999999999,100.00411523523496,100.00719641291093,99.97923839570166,0.014000000000010004,0.053857142857142194,0.0,0.0020000000000095497,0.08552337001577938,0.08194013949104506,1.0437298562949837,51.06985412382878,100.01875,100.02830769230769,100.00493945023833,99.95596009816734,0.04897935207098669,0.06845835603958506,0.06647528867669361,1.0
99.999,100.005,99.999,100.005,99.999,0.006,0.01,3,30300.0,0.007999999999995566,-0.05500000000000682,0.012000000000000455,100.0012,100.00930000000001,100.00980000000001,100.00441015682331,100.00679706510894,99.9816918818253,0.006000000000000227,0.050499999999999545,0.006000000000000227,0.0,0.07984312930036659,0.07608727238454184,1.0493624859732493,51.20433760037836,100.0125,100.02892307692308,100.00494876558628,99.95959268348828,0.04535608209799591,0.06382455588691964,0.062251447360954074,-0.5
99.983,100.004,99.983,99.995,100.005,-0.01,-0.01,38,379976.0,-0.006000000000000227,-0.001999999999995339,-0.021000000000000796,100.0,100.00909999999999,100.00874999999999,100.00127343788222,100.00465214418004,99.98295932165146,0.02199999999999136,0.051642857142856054,0.0,0.009999999999990905,0.0741400486360547,0.0713667529285025,1.038859771444703,50.95297803186257,100.01233333333333,100.02903846153846,100.0034181862653,99.96221544767434,0.041202738590968124,0.059165379125355834,0.058041705606956887,11.666666666666666
99.991,99.991,99.991,99.991,99.995,-0.004,0.0,8,79093.0,-0.009000000000000341,-0.0379999999999967,0.030000000000001137,99.9982,100.0053,100.01025,99.99784895858815,100.00216993614731,99.98372510054179,0.0040000000000048885,0.04542857142857112,0.0,0.0040000000000048885,0.0688443308763365,0.06655484200503839,1.0344000346529978,50.845458957605295,100.00658333333332,100.00665384615384,100.00150769607063,99.9643476367355,0.037160059335136,0.054885095449070796,0.05386537635259271,-0.7894736842105263
100.4,100.4,100.001,100.001,99.991,0.01,0.01,25,250601.0,0.0,0.015000000000000568,0.008000000000009777,99.99820000000001,100.0068,100.01065,99.99889930572544,100.00195722048416,99.98537032906162,0.409000000000006,0.06692857142857125,0.010000000000005116,0.0,0.06464116438516998,0.06180092471896422,1.0459578829786378,51.12313853967828,100.00691666666665,100.0066923076923,100.00142958898284,99.96706262660695,0.034366962375898424,0.05022363120881342,0.04996569355725386,2.125
99.983,99.995,99.983,99.992,100.001,-0.009,-0.01,18,179972.0,-0.006999999999990791,-0.08599999999999852,0.0040000000000048885,99.99680000000001,99.9982,100.01085,99.9965995371503,100.00014681675977,99.98600172629385,0.018000000000000682,0.059499999999999886,0.0,0.009000000000000341,0.06002393835765784,0.05802943009618109,1.0343706332833347,50.844748560587085,100.00383333333333,100.00646153846152,99.99997888298549,99.96890983945087,0.031069043534614593,0.04595481996533282,0.046186363552726005,-0.28
99.994,99.996,99.994,99.996,99.992,0.004,0.0,1,10999.0,-0.009000000000000341,-0.0010000000000047748,-0.04000000000000625,99.995,99.9981,100.00885,99.99639969143354,99.99939285007616,99.98695394283729,0.003999999999990678,0.05407142857142792,0.003999999999990678,0.0,0.05602222847496733,0.05388447080359673,1.0396729825771605,50.972532923562895,100.00466666666667,100.00630769230769,99.99936674714156,99.97091651801006,0.028450229131507854,0.042042290257714714,0.04263913666848238,-0.9444444444444444
100.119,100.119,99.978,99.993,99.996,-0.003,0.0,15,149998.0,-0.0020000000000095497,-0.008000000000009777,0.009999999999990905,99.9946,99.99730000000001,100.00935,99.99526646095569,99.99823051369867,99.98752975780516,0.14100000000000534,0.06185714285714283,0.0,0.0030000000000001137,0.05202064072675538,0.05024986574619697,1.035239397245403,50.86573101162197,99.99758333333334,100.00630769230769,99.99838724758132,99.97255233149079,0.025834916090531124,0.038435758609840796,0.039278292552892134,14.0
100.001,100.005,100.001,100.005,99.993,0.012,0.01,53,530106.0,0.013999999999995794,0.0049999999999954525,0.015999999999991132,99.9974,99.9978,100.01015,99.99851097397047,99.99946132938982,99.98919359039515,0.012000000000000455,0.05964285714285771,0.012000000000000455,0.0,0.04916202353198717,0.046660589621468615,1.0536091363356377,51.30524196126473,99.99825,100.00588461538463,99.99940459410726,99.97495586249147,0.02444873161579153,0.035207568315936695,0.03631238036547201,2.533333333333333
99.989,100.079,99.989,100.079,100.005,0.074,0.07,6,60102.0,0.07799999999998875,0.07799999999998875,-0.0010000000000047748,100.01299999999999,100.00559999999999,100.0101,100.02534064931365,100.01392290586439,99.99774658178609,0.0899999999999892,0.05907142857142844,0.07399999999999807,0.0,0.05093616470827367,0.043327690362792284,1.1756030446528294,54.03573264627534,100.00475,100.01042307692309,100.01165004116768,99.98266283564026,0.028987205527428728,0.03298621869998581,0.034847345397863355,-0.8867924528301887
99.995,99.995,99.995,99.995,100.079,-0.084,-0.08,1,10000.0,0.0030000000000001137,-0.003999999999990678,-0.001999999999995339,100.0136,100.0052,100.01,100.01522709954244,100.0104823775254,99.99748500256837,0.08399999999998897,0.05849999999999917,0.0,0.08399999999998897,0.047297867229111265,0.046232855336877765,1.0230358234306154,50.56933800093445,100.00433333333335,100.01050000000001,100.00908849637266,99.98357669966691,0.025511796705742995,0.030781298100846597,0.032980235659439285,-0.8333333333333334
100.002,100.003,100.002,100.003,99.995,0.008,0.01,2,20001.0,0.007000000000005002,-0.001999999999995339,-0.05700000000000216,100.015,100.00500000000001,100.00715,100.01115139969497,100.00912194524805,99.998010240419,0.007999999999995566,0.05878571428571279,0.007999999999995566,0.0,0.04449087671274586,0.042930508527100786,1.036346370895189,50.89244078057337,100.00450000000001,100.01107692307693,100.00815180462301,99.98501546265454,0.023136341968466922,0.028773920698346462,0.031011456921244813,1.0
100.0,100.0,100.0,100.0,100.003,-0.003,0.0,1,10000.0,0.007000000000005002,0.0049999999999954525,0.0030000000000001137,100.0164,100.00550000000001,100.0073,100.00743426646332,100.00746340974841,99.99819974133148,0.0030000000000001137,0.058357142857141345,0.0,0.0030000000000001137,0.04131295694754973,0.0400783293465936,1.0308053659193024,50.758451953010216,100.00458333333334,100.0096923076923,100.00689768083485,99.98612542838383,0.020772252451024542,0.026953053266778524,0.02896361602720076,-0.5
100.001,100.089,100.001,100.08,100.0,0.08,0.08,49,493674.0,0.07500000000000284,0.08899999999999864,0.05100000000000193,100.03139999999999,100.0144,100.00985,100.03162284430888,100.02065188070324,100.00599024215705,0.08899999999999864,0.0645714285714273,0.0799999999999983,0.0,0.044076317165581774,0.037215591536122625,1.1843508418454107,54.219808428065186,100.01083333333332,100.01342307692309,100.01814419147564,99.99307910035539,0.025065091120254124,0.025919512016151378,0.028183911045811433,48.0
99.986,99.986,99.986,99.986,100.08,-0.094,-0.09,2,19997.0,-0.09299999999998931,-0.015000000000000568,0.0,100.0128,100.0129,100.00985,100.01641522953926,100.0143515387572,100.00408640957068,0.09399999999999409,0.07028571428571187,0.0,0.09399999999999409,0.04092800879661165,0.041271620712113447,0.9916743779485028,49.79098937698659,100.01008333333334,100.01330769230769,100.01319893124862,99.99255472255129,0.020644208697333966,0.02476119703423131,0.026675970576115943,-0.9591836734693877
99.995,99.995,99.995,99.995,99.986,0.009,0.01,2,19999.0,0.0,0.0030000000000001137,-0.08299999999999841,100.0128,100.01320000000001,100.0057,100.00927681969284,100.01083307716497,100.00322103723062,0.009000000000000341,0.07049999999999759,0.009000000000000341,0.0,0.03864743673971084,0.03832364780410535,1.0084488026103509,50.210331540424875,100.01041666666667,100.01003846153846,100.01039909567191,99.99273585421416,0.017663241457753998,0.02356264284825866,0.024873424752443557,0.0
100.099,100.1,100.099,100.1,99.995,0.105,0.11,7,70070.0,0.0969999999999942,0.1039999999999992,0.10299999999999443,100.0322,100.0236,100.01085,100.03951787979523,100.02704524495316,100.01243808130388,0.10499999999998977,0.07642857142856892,0.10499999999998977,0.0,0.04338690554401648,0.03558624438952639,1.219204394515594,54.938805885959,100.01866666666668,100.014,100.02418385018393,100.0006813464946,0.023502503689329046,0.023303485914791762,0.02459924053982066,2.5
99.905,99.996,99.905,99.996,100.1,-0.104,-0.1,7,69968.0,-0.0040000000000048885,0.0030000000000001137,-0.005000000000009663,100.03139999999999,100.0239,100.0106,100.02501191986349,100.02140065496167,100.01087254975113,0.19499999999999318,0.09007142857142522,0.0,0.1039999999999992,0.04028784086230102,0.040472941218845884,0.995426565231719,49.88540207773194,100.01899999999999,100.01153846153845,100.01984787323255,100.0003345800876,0.019513293144953536,0.02275510386247643,0.023582051060847233,0.0
99.961,99.961,99.961,99.961,99.996,-0.035,-0.04,1,9996.0,-0.11899999999999977,-0.04399999999999693,-0.03900000000000148,100.0076,100.0195,100.00865,100.00367461324234,100.0104187176959,100.00612278310817,0.03499999999999659,0.06335714285713882,0.0,0.03499999999999659,0.037410137943565236,0.04008201684607094,0.9333397091077862,48.27603264500844,100.01608333333333,100.01015384615386,100.0107943542737,99.99742090748852,0.013373446785180931,0.021020241780004452,0.021540330205713974,-0.8571428571428572
100.078,100.08,100.075,100.075,99.961,0.114,0.11,22,220172.0,0.08899999999999864,-0.003999999999990678,0.07399999999999807,100.0254,100.01910000000001,100.01235,100.02744974216156,100.02216076902391,100.01268251805025,0.11899999999999977,0.07057142857142448,0.11400000000000432,0.0,0.04288084237616803,0.037219015642780164,1.1521218827421127,53.53423019304761,100.02291666666667,100.01192307692307,100.0206721459239,100.00316750693382,0.017504638990075705,0.02013055758937475,0.02073319196258632,21.0
99.991,99.993,99.991,99.993,100.075,-0.082,-0.08,11,109991.0,-0.0020000000000095497,-0.0020000000000095497,-0.006000000000000227,100.025,100.0189,100.01205,100.01596649477437,100.01685881101956,100.01080799252166,0.08400000000000318,0.07628571428571108,0.0,0.08200000000000784,0.0398179250635846,0.04041765738258214,0.9851616259368858,49.6262678597741,100.02191666666666,100.0121923076923,100.01641489270483,100.00241435827205,0.01400053443278182,0.01911546786318752,0.01938666045662542,-0.5
99.987,99.987,99.987,99.987,99.993,-0.006,-0.01,5,49994.0,-0.11299999999999955,-0.016000000000005343,-0.018000000000000682,100.0024,100.0173,100.01115,100.00631099651625,100.01142993628872,100.00854056466245,0.006000000000000227,0.06664285714285358,0.0,0.006000000000000227,0.03697378755904284,0.037959253283826294,0.9740388537831607,49.34243578420237,100.01425,100.00869230769231,100.0118895245964,100.0012725539556,0.010616970640796808,0.01798710321760666,0.0176327224934597,-0.5454545454545454
99.982,99.982,99.982,99.982,99.987,-0.005,-0.01,0,100.0,-0.013999999999995794,-0.018000000000000682,-0.01300000000000523,99.9996,100.0155,100.01050000000001,99.99820733101083,100.00607903878168,100.00601289183746,0.0049999999999954525,0.06614285714285321,0.0,0.0049999999999954525,0.03433280273339692,0.03560502090640981,0.9642685739082418,49.090464853778506,100.01316666666666,100.00811538461538,100.00729113619695,99.99984495736629,0.00744617883066212,0.01602944629654088,0.015595413760900186,-1.0
100.025,100.025,100.017,100.017,99.982,0.035,0.04,5,50010.0,0.055999999999997385,-0.06300000000000239,0.02599999999999625,100.01079999999999,100.0092,100.01180000000001,100.00447155400722,100.0080646680941,100.00705928309102,0.043000000000006366,0.06278571428571159,0.03499999999999659,0.0,0.03438045968101119,0.033061805127380536,1.0398845298540154,50.97761734231274,100.01433333333334,100.00873076923077,100.00878480755127,100.00111570126508,0.007669106286186889,0.014587768250857872,0.014010152265957528,inf
99.982,99.982,99.982,99.982,100.017,-0.035,-0.03,2,19996.0,-0.09300000000000352,-0.0040000000000048885,-0.019000000000005457,99.9922,100.0088,100.01085,99.99698103600483,100.00332563753153,100.0046726847014,0.03499999999999659,0.05928571428571213,0.0,0.03499999999999659,0.03192471256093896,0.033200247618281685,0.9615805559040363,49.020701852383084,100.01283333333333,100.00803846153846,100.00466406792799,99.99969972339359,0.004964344534400311,0.013176779703818574,0.012200990719646084,-0.6
100.001,100.001,100.001,100.001,99.982,0.019,0.02,2,20000.0,0.008000000000009777,0.006000000000000227,0.009000000000000341,99.9938,100.0094,100.01129999999999,99.99832069066989,100.00290279434398,100.00432290520602,0.019000000000005457,0.060071428571427124,0.019000000000005457,0.0,0.03100151880658657,0.030828801359832993,1.005602470389219,50.139670509782825,100.00625000000001,100.00803846153846,100.00410036516985,99.99979604017925,0.004304324990599184,0.011043648737293034,0.010621657573836703,0.0
99.988,99.988,99.988,99.988,100.001,-0.013,-0.01,6,59993.0,0.0010000000000047748,-0.11199999999999477,-0.007999999999995566,99.994,99.9982,100.0109,99.99488046044661,100.00019319537235,100.00276834280545,0.01300000000000523,0.06078571428571321,0.0,0.01300000000000523,0.028787124606116102,0.029555315548416724,0.9740083660740421,49.341653399938444,100.00641666666667,100.00761538461538,100.00162338591295,99.99892225942524,0.0027011264877074836,0.00917563021982125,0.00903755135661086,2.0
100.075,100.075,100.075,100.075,99.988,0.087,0.09,4,40030.0,0.09300000000000352,0.07900000000000773,0.08200000000000784,100.01259999999999,100.00609999999999,100.01500000000001,100.02158697363109,100.01379443257736,100.00964754825256,0.0870000000000033,0.060642857142856395,0.0870000000000033,0.0,0.0329451871342509,0.027444221580672674,1.2004416681088244,54.554578087977546,100.01308333333334,100.01030769230769,100.0129120957725,100.00455764761597,0.008354448156538297,0.008617963705527623,0.008900930716596348,-0.33333333333333337
99.975,99.975,99.975,99.975,100.075,-0.1,-0.1,4,39990.0,-0.04200000000000159,0.013999999999995794,-0.030000000000001137,100.0042,100.00750000000001,100.0135,100.00605798242074,100.00674089938146,100.00634778175231,0.10000000000000853,0.06107142857142885,0.0,0.10000000000000853,0.03059195948180441,0.032626777182053805,0.9376335060954585,48.39065298704974,100.00266666666666,100.00953846153847,100.00707946565366,100.002368192237,0.004711273416660333,0.007196478641814805,0.008062999256609145,0.0
99.977,99.977,99.976,99.976,99.975,0.001,0.0,0,3999.0,-0.006000000000000227,-0.09900000000000375,-0.10299999999999443,100.003,99.9976,100.00835,99.99603865494717,100.00115164494846,100.00345751682353,0.0020000000000095497,0.06057142857142951,0.0010000000000047748,0.0,0.028478248090247297,0.030296293097621392,0.9399911731274863,48.45337371366044,100.00099999999999,100.00896153846155,100.00229800939925,100.00041499281204,0.0018830165872145699,0.005850087770085111,0.00682700272273023,-1.0
100.08,100.08,99.996,99.996,99.976,0.02,0.02,16,160069.0,-0.005000000000009663,0.0030000000000001137,0.000999999999990564,100.002,99.99789999999999,100.0084,99.99602576996479,100.00021498223056,100.00274727712605,0.1039999999999992,0.060500000000001615,0.01999999999999602,0.0,0.027872658940943634,0.028132272162077008,0.9907716938170625,49.76822289035959,100.00391666666667,100.00876923076923,100.00132908487629,100.00008795630744,0.0012411285688500584,0.004808327539868805,0.005709827891954196,inf
99.998,99.998,99.998,99.998,99.996,0.002,0.0,1,10000.0,0.010000000000005116,0.01100000000000989,-0.0049999999999954525,100.00399999999999,99.999,100.00815,99.99668384664321,99.99981225818863,100.002295155495,0.0020000000000095497,0.0467142857142885,0.0020000000000095497,0.0,0.026024611873734057,0.02612282415050008,0.9962403652759672,49.90583211347114,99.9975,100.009,100.00081691797226,99.99993329287726,0.0008836250949997293,0.004079154902572984,0.004744587332563303,-0.9375
99.992,100.0,99.992,100.0,99.998,0.002,0.0,16,159994.0,-0.07500000000000284,0.018000000000000682,0.0,99.989,100.0008,100.00815,99.99778923109548,99.99984639306342,100.00207656925738,0.007999999999995566,0.044785714285716996,0.001999999999995339,0.0,0.024308568168467007,0.024256908139750077,1.0021297037701302,50.053185959084466,99.99808333333334,100.00915384615384,100.00069123828422,99.9999382341456,0.0007530041386161201,0.003310699108398454,0.0039462706937738665,15.0
100.003,100.01,100.003,100.01,100.0,0.01,0.01,7,70304.0,0.0350000000000108,-0.006999999999990791,-0.06999999999999318,99.99600000000001,100.0001,100.00465,100.00185948739698,100.00169250341553,100.00283118170906,0.010000000000005116,0.03700000000000309,0.010000000000005116,0.0,0.023286527585005445,0.022524271844053645,1.033841526431099,50.83196074992339,100.0,100.0098076923077,100.00212335547126,100.00068355013481,0.0014398053364459429,0.00291908364195908,0.0034449776223082823,-0.5625
99.998,99.998,99.998,99.998,100.01,-0.012,-0.01,6,59999.0,0.02200000000000557,0.016000000000005343,0.012000000000000455,100.0004,100.0017,100.00525,100.000572991598,100.00102113915815,100.00237106916533,0.012000000000000455,0.031857142857145755,0.0,0.012000000000000455,0.021623204186076484,0.02177253814090699,0.993141178402626,49.82793939356391,100.00133333333333,100.00953846153847,100.00148899309107,100.00048476864335,0.0010042244477261875,0.00255240580386208,0.0029568269873918632,-0.1428571428571429
99.999,99.999,99.999,99.999,99.998,0.001,0.0,1,10000.0,0.0030000000000001137,-0.0020000000000095497,0.003999999999990678,100.001,100.0015,100.00545000000001,100.00004866106535,100.00065365931121,100.00205001495911,0.000999999999990564,0.03150000000000221,0.000999999999990564,0.0,0.020150118172784632,0.020217356845127918,0.9966742105380858,49.91671677221148,99.99983333333334,100.00646153846152,100.00110607107706,100.00037478578086,0.0007312852961973704,0.0023335345603609564,0.0025117186491529645,-0.8333333333333334
100.049,100.049,100.049,100.049,99.999,0.05,0.05,2,20010.0,0.05100000000000193,0.06100000000000705,-0.05099999999998772,100.0112,100.0076,100.0029,100.01636577404358,100.0094439030728,100.00652144210585,0.05000000000001137,0.03471428571428906,0.05000000000001137,0.0,0.022282252589015113,0.01877325992761878,1.1869144024493041,54.273473215045904,100.00541666666668,100.00853846153845,100.00847436783444,100.0039766535008,0.004497714333638214,0.001905008580038725,0.0029089177860500146,1.0
99.905,100.0,99.905,100.0,100.049,-0.049,-0.05,2,20081.0,0.0,-0.07500000000000284,0.0040000000000048885,100.0112,100.0001,100.0031,100.01091051602906,100.00772682978685,100.00590035238147,0.14400000000000546,0.04192857142857471,0.0,0.049000000000006594,0.02069066311837118,0.020932312789932198,0.9884556630704828,49.709716008661445,100.00533333333334,100.00842307692308,100.00717061893684,100.00368208657481,0.0034885323620272857,0.0017691484628572754,0.003024840701245469,0.0
100.008,100.014,100.008,100.014,100.0,0.014,0.01,11,110015.0,0.003999999999990678,0.03900000000000148,0.05299999999999727,100.01200000000001,100.00399999999999,100.00575,100.01194034401938,100.00886740618924,100.00667174739276,0.013999999999995794,0.04042857142857465,0.013999999999995794,0.0,0.020212758609915796,0.01943714759065133,1.0399035411778996,50.978074217049944,100.0075,100.00896153846155,100.00822129294656,100.00444637645816,0.0037749164883962294,0.0019793595629885707,0.003174855858675621,4.5
99.99,100.014,99.99,100.002,100.014,-0.012,-0.01,2,20000.0,0.003999999999990678,0.02599999999999625,-0.0730000000000075,100.0128,100.0066,100.0021,100.00862689601291,100.00761878688209,100.00622681906964,0.02400000000000091,0.04078571428571719,0.0,0.012000000000000455,0.018768990137778954,0.018905922762747693,0.992757157284142,49.81827081414855,100.00141666666666,100.00596153846153,100.00726417095477,100.00426516338719,0.0029990075675812022,0.0021746794517364756,0.003139686200456737,-0.8181818181818181
99.991,99.991,99.991,99.991,100.002,-0.011,-0.01,12,119989.0,-0.007999999999995566,-0.0049999999999954525,-0.001999999999995339,100.0112,100.0061,100.002,100.00275126400861,100.00459718926716,100.0047766458249,0.01099999999999568,0.04064285714285936,0.0,0.01099999999999568,0.01742834798508046,0.018341213993979692,0.9502287030073978,48.72396255588252,100.00274999999999,100.00615384615384,100.00476199080788,100.00328255869185,0.0014794321160280788,0.0022408802318507367,0.002807635383571006,5.0
100.299,100.299,100.003,100.003,99.991,0.012,0.01,7,68382.0,-0.04600000000000648,0.0049999999999954525,0.016000000000005343,100.002,100.00659999999999,100.00280000000001,100.00283417600575,100.00430679121857,100.00460744146064,0.30800000000000693,0.0564285714285739,0.012000000000000455,0.0,0.01704060884328903,0.017031127280124,1.0005567196468608,50.01391411804008,100.00500000000001,100.00646153846154,100.00449091529897,100.00326162841837,0.0012292868806014212,0.00229380053651577,0.002491965682977089,-0.41666666666666663
99.993,100.0,99.993,100.0,100.003,-0.003,0.0,7,69997.0,0.0,0.0,0.018000000000000682,100.002,100.00659999999999,100.00370000000001,100.0018894506705,100.00352373826973,100.004168637512,0.010000000000005116,0.05000000000000223,0.0,0.0030000000000001137,0.015823422497339815,0.016028903902972295,0.9871805703698568,49.6774467851264,100.00533333333334,100.0026153846154,100.00380000525298,100.00302002631331,0.0007799789396756296,0.0022204864924301798,0.002149568334316797,0.0
99.982,99.998,99.982,99.998,100.0,-0.002,0.0,8,77489.0,-0.015999999999991132,-0.012000000000000455,-0.018999999999991246,99.99879999999999,100.0054,100.00274999999999,100.00059296711368,100.00251942222069,100.00358114822514,0.018000000000000682,0.051142857142858746,0.0,0.001999999999995339,0.014693178033244115,0.01502683933847394,0.9777956430015502,49.43865896668798,100.00533333333333,100.00269230769231,100.00290769675252,100.00264817251232,0.00025952424019237696,0.002137742024926423,0.001771559515491913,0.1428571428571428
100.0,100.0,100.0,100.0,99.998,0.002,0.0,1,10300.0,-0.001999999999995339,0.001999999999995339,0.018000000000000682,99.9984,100.0056,100.00365,100.00039531140912,100.00206134545328,100.0032400864894,0.001999999999995339,0.043857142857144184,0.001999999999995339,0.0,0.01378652245944063,0.013953493671440088,0.9880337343513321,49.69904269123048,100.00533333333333,100.0041923076923,100.00246035879059,100.00245201158548,8.347205110226241e-06,0.002057415570361185,0.0014189170534155758,-0.875
100.0,100.0,99.997,99.997,100.0,-0.003,0.0,7,65598.0,0.006000000000000227,-0.001999999999995339,-0.0040000000000048885,99.9996,100.0054,100.00345,99.99926354093941,100.00114110082541,100.00264579253803,0.0030000000000001137,0.04392857142857208,0.0,0.0030000000000001137,0.012801770855194872,0.013171101266337233,0.9719590333660028,49.289007373897284,100.00425,100.0011923076923,100.00162030359203,100.00204815887544,-0.0004278552834051652,0.001510130057356365,0.0010495625860514276,6.0
100.0,100.0,100.0,100.0,99.997,0.003,0.0,6,55600.0,-0.0030000000000001137,-0.049000000000006594,0.012000000000000455,99.999,100.0005,100.00404999999999,99.99950902729294,100.00093362794806,100.0023938122963,0.0030000000000001137,0.043571428571429545,0.0030000000000001137,0.0,0.012101644365538103,0.012230308318741716,0.9894799092671729,49.73560701257089,100.00441666666666,100.00146153846154,100.00137102611633,100.00189644340318,-0.0005254172868518481,0.0010641356519253502,0.0007345666114707725,-0.1428571428571429
99.998,99.998,99.998,99.998,100.0,-0.002,0.0,1,10000.0,-0.001999999999995339,-0.001999999999995339,-0.07699999999999818,99.9986,100.00030000000001,100.00019999999999,99.9990060181953,100.0004002410484,100.00197535398237,0.001999999999995339,0.043000000000000274,0.0,0.001999999999995339,0.011237241196571096,0.011499572010259832,0.9771877759055131,49.4231143755671,100.00433333333332,100.00188461538461,100.00085240671382,100.00160781796592,-0.0007554112521006573,0.0005607659029812516,0.0004365710387564866,-0.8333333333333334
100.199,100.199,100.002,100.004,99.998,0.006,0.01,30,302268.0,0.006000000000000227,-0.009999999999990905,0.029000000000010573,99.99980000000001,99.9993,100.00165,100.00067067879688,100.00105474267596,100.00216817741261,0.2009999999999934,0.05649999999999977,0.006000000000000227,0.0,0.010863152539673177,0.010678174009526987,1.0173230488640805,50.42935733257583,100.00058333333332,100.00273076923077,100.00133665183478,100.00178501663511,-0.00044836480033438875,0.00017772452876840816,0.00025958387093831157,29.0
99.993,100.049,99.993,100.025,100.004,0.021,0.02,3,30004.0,0.025000000000005684,0.023000000000010346,0.049000000000006594,100.0048,100.0016,100.00410000000001,100.00878045253127,100.00540842582578,100.00434263670665,0.056000000000011596,0.060428571428572705,0.021000000000000796,0.0,0.01158721307255372,0.009915447294560774,1.168602154630988,53.88734637819443,100.00266666666666,100.00303846153847,100.00497716693712,100.0035046450325,0.0014725219046169968,0.00017695672750051017,0.0005021714776740487,-0.9
99.997,100.019,99.997,100.019,100.025,-0.006,-0.01,2,20002.0,0.02200000000000557,0.028000000000005798,0.023000000000010346,100.00919999999999,100.0044,100.00525,100.0121869683542,100.00787962113019,100.00573857606793,0.028000000000005798,0.05885714285714373,0.0,0.006000000000000227,0.01075955499594274,0.00963577248780645,1.1166260940218729,52.75499991120934,100.00308333333334,100.00446153846156,100.00713452586989,100.00465244910417,0.0024820767657161014,0.00031615560362436353,0.0008981525352824594,-0.33333333333333337
99.998,100.0,99.997,100.0,100.019,-0.019,-0.02,14,142996.0,0.0,-0.0030000000000001137,0.001999999999995339,100.00919999999999,100.00410000000001,100.00534999999999,100.00812464556947,100.00644696274288,100.00519204501383,0.02200000000000557,0.05014285714285803,0.0,0.019000000000005457,0.009991015353375403,0.010304645881534952,0.9695641624404048,49.22734587326459,100.00291666666668,100.00442307692309,100.00603690650529,100.0043078232446,0.0017290832606846607,0.00042161163929203366,0.0010643386803628997,6.0
100.088,100.088,100.018,100.018,100.0,0.018,0.02,3,30013.0,0.01999999999999602,0.018000000000000682,0.018000000000000682,100.01320000000001,100.00590000000001,100.00625,100.01141643037965,100.00854751497144,100.0064118502506,0.08799999999999386,0.055428571428572174,0.018000000000000682,0.0,0.010563085685277208,0.009568599747139599,1.103932232972217,52.469952010416996,100.00516666666668,100.00557692307692,100.00787738242755,100.00532205855981,0.0025553238677389345,0.0006767004867972067,0.0013625357178381067,-0.7857142857142857
99.906,100.198,99.906,100.0,100.018,-0.018,-0.02,5,50030.0,-0.0040000000000048885,0.001999999999995339,-0.010000000000005116,100.0124,100.0061,100.00575,100.00761095358644,100.00699342134027,100.00580119784577,0.2919999999999874,0.07457142857142836,0.0,0.018000000000000682,0.009808579564900265,0.010170842622343962,0.9643821981231079,49.09340957398913,100.00491666666666,100.0026923076923,100.0066654774387,100.00492783199982,0.0017376454388795537,0.0008688447349937986,0.0014375576620463961,0.6666666666666667
100.0,100.0,100.0,100.0,100.0,0.0,0.0,2,20000.0,-0.025000000000005684,0.0,0.001999999999995339,100.0074,100.0061,100.00585,100.00507396905763,100.00572189018749,100.00524870281284,0.0,0.07378571428571437,0.0,-0.0,0.009107966738835961,0.009444353863605108,0.9643821981231079,49.09340957398913,100.00491666666666,100.00365384615384,100.00564001937121,100.00456280740724,0.001077211963973923,0.0010360744291470307,0.0013654885224319015,-0.6
100.001,100.001,100.001,100.001,100.0,0.001,0.0,2,20000.0,-0.018000000000000682,0.0040000000000048885,0.0020000000000095497,100.0038,100.0065,100.00595,100.00371597937178,100.00486336469885,100.00484406444971,0.0010000000000047748,0.05185714285714279,0.0010000000000047748,0.0,0.008528826257490877,0.008769757159061886,0.9725270726200151,49.3036108918015,100.00516666666668,100.00461538461538,100.00492617023718,100.00429889574744,0.0006272744897444227,0.001164151293213283,0.001217845715894406,0.0
100.0,100.0,100.0,100.0,100.001,-0.001,0.0,1,10000.0,0.0,0.0,-0.049000000000006594,100.0038,100.0065,100.0035,100.00247731958119,100.00397911657178,100.00438272497831,0.0010000000000047748,0.05121428571428562,0.0,0.0010000000000047748,0.007919624381955814,0.008214774504843522,0.9640708186556205,49.08533895511536,100.00516666666665,100.00476923076923,100.004168297893,100.0039804590254,0.00018783886760331825,0.0012689568620692802,0.0010118443462361884,-0.5
100.004,100.014,100.004,100.014,100.0,0.014,0.01,7,70004.0,-0.0040000000000048885,0.015999999999991132,0.013999999999995794,100.003,100.0081,100.0042,100.00631821305413,100.00580109537691,100.00529865593276,0.013999999999995794,0.05092857142857099,0.013999999999995794,0.0,0.008353936926101528,0.007628004897354699,1.0951666967333193,52.27110083607425,100.00658333333335,100.00538461538463,100.00568086744792,100.00472264724574,0.0009582202021789499,0.0014252440845707623,0.0010011195174247408,6.0
99.999,100.003,99.998,100.001,100.014,-0.013,-0.01,7,72000.0,0.0010000000000047748,-0.0030000000000001137,-0.012999999999991019,100.00319999999999,100.0078,100.00355,100.00454547536944,100.00492816894474,100.00488926012964,0.015999999999991132,0.05192857142857069,0.0,0.012999999999991019,0.0077572271456657045,0.008011718833257294,0.968235070040754,49.19306056368084,100.00666666666667,100.00542307692308,100.0049607339944,100.00444689559791,0.0005138383964862214,0.001318723694778454,0.0009036632932370369,0.0
100.0,100.0,100.0,100.0,100.001,-0.001,0.0,0,2000.0,0.0,-0.025000000000005684,-0.001999999999995339,100.00319999999999,100.0053,100.00345000000002,100.00303031691297,100.00403213822752,100.00442361630778,0.0010000000000047748,0.05178571428571388,0.0,0.0010000000000047748,0.0072031394924038684,0.007510881773739257,0.9590271434691774,48.95425500694531,100.00683333333335,100.00503846153846,100.00419754414911,100.00411749592399,8.004822511509246e-05,0.0010518316347116752,0.0007389402796126481,-1.0
100.006,100.008,100.006,100.008,100.0,0.008,0.01,3,30002.0,0.006999999999990791,-0.01100000000000989,0.016999999999995907,100.00460000000001,100.0042,100.0043,100.00468687794199,100.00475356764068,100.00476422427846,0.007999999999995566,0.052142857142856415,0.007999999999995566,0.0,0.007260058100088991,0.006974390218472168,1.0409595495331205,51.00343854297579,100.00716666666666,100.00542307692308,100.00478253735695,100.00440508881852,0.0003774485384298032,0.0009016499989055799,0.0006666419313760793,inf
100.008,100.008,100.008,100.008,100.008,0.0,0.0,1,10001.0,0.007999999999995566,0.007999999999995566,0.0049999999999954525,100.0062,100.005,100.00455,100.00579125196134,100.00534382806963,100.00507239339478,0.0,0.0519999999999996,0.0,-0.0,0.006741482521511206,0.006476219488581299,1.0409595495331208,51.003438542975786,100.00574999999999,100.00576923076923,100.00527753160972,100.00467137853566,0.0006061530740595344,0.0006850754662745354,0.0006545441599127703,-0.6666666666666667
100.011,100.015,100.011,100.015,100.008,0.007,0.01,24,242536.0,0.0010000000000047748,-0.0030000000000001137,0.015000000000000568,100.0064,100.0047,100.0053,100.0088608346409,100.00709949569332,100.00601787973814,0.007000000000005002,0.038142857142857575,0.007000000000005002,0.0,0.006759948055689334,0.006013632382254063,1.124103973438352,52.921325297402014,100.00541666666668,100.00446153846154,100.00677329597747,100.00543646160709,0.0013368343703774599,0.0006405409031076362,0.0007910022020057082,23.0
100.006,100.006,100.006,100.006,100.015,-0.009,-0.01,0,100.0,0.0049999999999954525,0.006000000000000227,0.007999999999995566,100.00739999999999,100.0053,100.0057,100.00790722309395,100.00689958738545,100.00601617690593,0.009000000000000341,0.03478571428571391,0.0,0.009000000000000341,0.006277094623140096,0.006226944354950226,1.0080537524235305,50.20053627582953,100.00591666666666,100.00469230769232,100.00665432736555,100.00547820519175,0.0011761221738026961,0.0006515309264219442,0.0008680261963651059,-1.0
100.007,100.007,100.007,100.007,100.006,0.001,0.0,1,10001.0,0.007000000000005002,0.007000000000005002,0.007000000000005002,100.00880000000001,100.006,100.00605,100.00760481539598,100.00691784422445,100.00610987434347,0.0010000000000047748,0.03285714285714241,0.0010000000000047748,0.0,0.005900159292916145,0.005782162615310924,1.0204070147201967,50.5050223685504,100.005,100.00442307692309,100.00670750777086,100.0055909307331,0.0011165770377488116,0.0007058978762002096,0.000917736364641847,inf
100.003,100.003,100.003,100.003,100.007,-0.004,0.0,2,20001.0,-0.0049999999999954525,0.001999999999995339,0.006000000000000227,100.0078,100.0062,100.00635,100.00606987693067,100.0062055089109,100.00581369583458,0.0040000000000048885,0.03157142857142808,0.0,0.0040000000000048885,0.005478719343422134,0.0056548652856462074,0.9688505502206771,49.208943264489236,100.00525,100.00446153846154,100.00613712195995,100.00539900993806,0.0007381120218923343,0.0007670393377878781,0.0008818114960919445,1.0
99.999,100.0,99.999,100.0,100.003,-0.003,0.0,4,40000.0,-0.007999999999995566,0.0,0.0,100.0062,100.0062,100.00635,100.00404658462045,100.00507723456346,100.00526001051699,0.0040000000000048885,0.025571428571428863,0.0,0.0030000000000001137,0.0050873822474634105,0.005465232050957201,0.9308629899022106,48.2096862786393,100.00525,100.0048076923077,100.00519294935073,100.00499908327598,0.00019386607475269102,0.0006821111014071827,0.0007442224118240938,1.0
100.386,100.386,100.017,100.017,100.0,0.017,0.02,5,50045.0,0.001999999999995339,0.0030000000000001137,0.018999999999991246,100.0066,100.0065,100.0073,100.00836438974697,100.00724501009736,100.00637810475348,0.3859999999999957,0.032285714285715174,0.016999999999995907,0.0,0.005938283515501446,0.005074858333031686,1.170137790221615,53.91997667125646,100.00658333333332,100.00534615384616,100.00700941868138,100.00588804007035,0.001121378611031787,0.0007496155696900234,0.0008196536516656325,0.25
100.019,100.019,100.019,100.019,100.017,0.002,0.0,1,10002.0,0.01300000000000523,0.018000000000000682,0.015000000000000568,100.00919999999999,100.0083,100.00805,100.01190959316466,100.00938228098875,100.00758019001505,0.0020000000000095497,0.03242857142857299,0.0020000000000095497,0.0,0.005656977550109168,0.004712368452100851,1.2004531495382527,54.55481521113768,100.00816666666667,100.00607692307692,100.00885412349963,100.00685929636144,0.001994827138190658,0.000962368782253975,0.0010546883489706376,-0.8
100.022,100.022,100.02,100.02,100.019,0.001,0.0,2,20004.0,0.012999999999991019,0.01999999999999602,-0.005000000000009663,100.0118,100.0103,100.0078,100.01460639544311,100.01131277535443,100.00876302906124,0.0030000000000001137,0.032571428571429806,0.000999999999990564,0.0,0.005324336296529268,0.004375770705522219,1.2167768045546719,54.889459419398335,100.00866666666666,100.00692307692307,100.01056887373045,100.00783268181614,0.002736191914308961,0.0012244513795738815,0.0013909890620383023,1.0
100.037,100.1,100.035,100.045,100.02,0.025,0.02,133,1325775.0,0.04200000000000159,0.03700000000000614,0.02599999999999625,100.0202,100.014,100.0091,100.02473759696208,100.01743772528998,100.01221416915064,0.0799999999999983,0.038214285714286485,0.025000000000005684,0.0,0.0067297408467775835,0.004063215655127775,1.6562598242317401,62.353080414894045,100.01233333333333,100.00865384615385,100.0158659700796,100.01058581649642,0.00528015358318612,0.0017437847694768355,0.0021688219662678657,65.5
99.999,100.0,99.994,100.0,100.045,-0.045,-0.04,9,87098.0,0.0,-0.007999999999995566,0.0,100.0202,100.01320000000001,100.0091,100.01649173130807,100.0142672297827,100.01105091494581,0.05100000000000193,0.04085714285714407,0.0,0.045000000000001705,0.0062490450720077565,0.006987271679761627,0.8943469437588757,47.21135939250175,100.01233333333333,100.00876923076923,100.01342505160582,100.00980168194113,0.0036233696646945646,0.0019978442466231806,0.0024597315059532057,-0.9323308270676691
99.994,99.999,99.994,99.994,100.0,-0.006,-0.01,14,137296.0,-0.022999999999996135,-0.021000000000000796,-0.02400000000000091,100.01559999999999,100.0111,100.00789999999999,100.00899448753871,100.01058227891312,100.00942701828431,0.006000000000000227,0.040142857142859,0.0,0.006000000000000227,0.005802684709721488,0.006916752274064384,0.8389319842319214,45.620609757479606,100.01116666666667,100.00853846153846,100.01043658212801,100.00863118698253,0.0018053951454817252,0.002067763465698628,0.0023288642338589096,0.5555555555555556
100.008,100.008,99.998,99.998,99.994,0.004,0.0,5,50001.0,-0.021000000000000796,-0.007999999999995566,-0.001999999999995339,100.01140000000001,100.0103,100.0078,100.00532965835916,100.008294591838,100.00833873082867,0.013999999999995794,0.04107142857142979,0.0040000000000048885,0.0,0.005673921516170302,0.006422698540202642,0.8834170684883622,46.905015531020766,100.01033333333334,100.00853846153846,100.00852326180063,100.00784369165049,0.0006795701501403073,0.0020192071448532386,0.0019990054171151895,-0.6428571428571428
99.998,99.998,99.977,99.998,99.998,0.0,0.0,5,50097.0,-0.02199999999999136,-0.009000000000000341,-0.001999999999995339,100.007,100.0094,100.0077,100.00288643890612,100.00642284786744,100.00735408979737,0.021000000000000796,0.04200000000000159,0.0,-0.0,0.0052686414078724235,0.005963934358759596,0.8834170684883623,46.90501553102077,100.00891666666666,100.00830769230771,100.0069042984467,100.00711452930602,-0.00021023085932370122,0.0019138357136070125,0.0015571581618274114,0.0
100.006,100.023,100.0,100.0,99.998,0.002,0.0,2,20503.0,-0.045000000000001705,-0.0030000000000001137,-0.0010000000000047748,99.998,100.0091,100.00765,100.00192429260409,100.00525505734609,100.00665370029286,0.024999999999991473,0.04378571428571527,0.001999999999995339,0.0,0.005035167021595489,0.005537939047419625,0.9092131528499939,47.62240148475609,100.00841666666668,100.00734615384614,100.00584209868568,100.00658752713521,-0.000745428449533847,0.0018094696553529526,0.0010966408395551596,-0.6
100.0,100.0,100.0,100.0,100.0,0.0,0.0,1,5500.0,0.0,0.0,0.0,99.998,100.0091,100.00765,100.00128286173606,100.00429959237407,100.00602001455067,0.0,0.04328571428571491,0.0,-0.0,0.004675512234338669,0.005142371972603938,0.9092131528499938,47.62240148475608,100.00783333333334,100.00661538461537,100.0049433142725,100.00609956216223,-0.0011562478897388928,0.0015564000441562105,0.0006460630936963492,-0.5
99.999,99.999,99.998,99.999,100.0,-0.001,0.0,6,59999.0,0.0049999999999954525,-0.018000000000000682,-0.015000000000000568,99.999,100.00730000000001,100.0069,100.00052190782405,100.00333603012425,100.00535144173631,0.001999999999995339,0.04278571428571455,0.0,0.0010000000000047748,0.00434154707474305,0.004846488260275427,0.8958129766513288,47.252180868265235,100.0075,100.00657692307692,100.00402895823056,100.00557366866873,-0.00154471043816784,0.0011631180912274885,0.0002079083873235113,5.0
100.0,100.0,100.0,100.0,99.999,0.001,0.0,1,10500.0,0.001999999999995339,-0.019000000000005457,-0.0010000000000047748,99.9994,100.00540000000001,100.00685,100.00034793854937,100.00272947919257,100.00484178061856,0.0010000000000047748,0.04278571428571455,0.0010000000000047748,0.0,0.004102865140833173,0.0045003105273986104,0.9116848972652606,47.69012396182348,100.00750000000001,100.00588461538463,100.00340911850279,100.0051608043229,-0.0017516858201105379,0.0006644650096253221,-0.00018401045416329852,-0.8333333333333334
99.995,99.996,99.993,99.996,100.0,-0.004,0.0,3,25999.0,-0.0020000000000095497,-0.02400000000000091,-0.0040000000000048885,99.999,100.003,100.00665,99.99889862569958,100.00150593752119,100.00399970627393,0.007000000000005002,0.043000000000000274,0.0,0.0040000000000048885,0.0038098033450593752,0.004464574061156201,0.8533408322658089,46.04338378616273,100.00574999999999,100.00573076923078,100.00226925411775,100.00448222622491,-0.0022129721071593167,-0.00016810451152417095,-0.0005898027847625021,2.0
100.043,100.043,100.042,100.042,99.996,0.046,0.05,6,60026.0,0.04200000000000159,-0.0030000000000001137,0.034000000000006025,100.00739999999999,100.0027,100.00835000000001,100.01326575046639,100.0088684943355,100.0076187818669,0.047000000000011255,0.046071428571429304,0.04600000000000648,0.0,0.006823388820412739,0.004145675913930759,1.6459050253986407,62.205748490562826,100.00766666666668,100.00734615384616,100.00838167656117,100.00726132057862,0.0011203559825503362,-0.0004462171428735297,-0.00024777103129993447,1.0
99.99,100.0,99.989,100.0,100.042,-0.042,-0.04,10,99995.0,0.0,0.0,-0.007999999999995566,100.00739999999999,100.0027,100.00795000000001,100.00884383364426,100.00725604081995,100.00689318359386,0.05299999999999727,0.02228571428571513,0.0,0.04200000000000159,0.006336003904668972,0.006849556205792961,0.9250240036442571,48.05259580623915,100.00600000000001,100.00730769230769,100.00709218785946,100.0067234449802,0.0003687428792602532,-0.0006058451724536932,-0.00012446824918789694,0.6666666666666667
100.004,100.005,100.004,100.005,100.0,0.005,0.01,7,70103.0,0.006000000000000227,0.01099999999999568,-0.010000000000005116,100.0086,100.0038,100.00744999999999,100.00756255576285,100.00684585157995,100.00671288039445,0.0049999999999954525,0.022499999999999836,0.0049999999999954525,0.0,0.00624057505433515,0.006360302191093464,0.9811758729127726,49.524925390405855,100.00266666666666,100.00750000000001,100.00677031280415,100.00659578238907,0.0001745304150801985,-0.0006619606985714831,-6.466851633427785e-05,-0.30000000000000004
99.905,99.905,99.905,99.905,100.005,-0.1,-0.1,1,9991.0,-0.09499999999999886,-0.09300000000000352,-0.10099999999999909,99.98960000000001,99.9945,100.0024,99.97337503717523,99.98832842401995,99.9970259394045,0.09999999999999432,0.029428571428570853,0.0,0.09999999999999432,0.005794819693311211,0.013048852034586382,0.4440865509051573,30.75207304069155,99.99475,100.00330769230769,99.99111334160351,99.99907016887876,-0.007956827275251044,-0.0015226936336745212,-0.0016431002681176312,-0.8571428571428572
100.149,100.248,100.012,100.247,99.905,0.342,0.34,48,480799.0,0.2510000000000048,0.24899999999999523,0.23999999999999488,100.03979999999999,100.01939999999999,100.0144,100.06458335811683,100.03535961965268,100.02083299279454,0.3430000000000035,0.04821428571428551,0.34199999999999875,0.0,0.029809475429503178,0.012116791174973069,2.4601790192665787,71.09976118484296,100.01583333333333,100.01276923076924,100.03048051981835,100.0174353415544,0.01304517826395113,9.596001157142888e-06,0.001294555438296121,47.0
100.093,100.4,100.093,100.4,100.247,0.153,0.15,6,60209.0,0.3580000000000041,0.4000000000000057,0.39700000000000557,100.1114,100.05940000000001,100.03425,100.17638890541123,100.1016578706249,100.0569441363379,0.30700000000000216,0.06649999999999981,0.1530000000000058,0.0,0.03860879861311051,0.011251306091046421,3.4314948238617973,77.43425097519224,100.04933333333334,100.02815384615384,100.08732967061553,100.04577346440223,0.041556206213300584,0.004755424234828196,0.009346885593297013,-0.875
100.1,100.1,100.008,100.015,100.4,-0.385,-0.38,26,264624.0,0.015000000000000568,0.015000000000000568,0.015000000000000568,100.1144,100.0609,100.035,100.1225926036075,100.08590189414764,100.05294945668668,0.3920000000000101,0.0940714285714291,0.0,0.3850000000000051,0.035851027283602614,0.03794764137025776,0.9447498181455248,48.57950412595588,100.05075,100.02842307692308,100.07620202898238,100.04349394852059,0.03270808046178786,0.00856128989037883,0.014019124566995184,3.333333333333333
99.991,100.009,99.988,100.0,100.015,-0.015,-0.01,21,205392.0,-0.0049999999999954525,0.0010000000000047748,-0.016999999999995907,100.1134,100.061,100.03415,100.081728402405,100.07028336793897,100.04790665128795,0.027000000000001023,0.09500000000000089,0.0,0.015000000000000568,0.033290239620488146,0.0363085241295251,0.9168711871000406,47.831653648419596,100.05075,100.02811538461539,100.06447863990817,100.04027217455611,0.02420646535206572,0.011445528909509525,0.01605659272400929,-0.1923076923076923
100.008,100.088,100.008,100.088,100.0,0.088,0.09,24,240202.0,0.18299999999999272,0.08799999999999386,0.0689999999999884,100.15,100.0698,100.0376,100.08381893493669,100.07350457376823,100.051725065451,0.08799999999999386,0.09978571428571469,0.08799999999999386,0.0,0.0371980796475957,0.03371505812027331,1.103307593743343,52.455836560725814,100.05808333333333,100.03092307692307,100.06809731069153,100.04380756903343,0.0242897416580945,0.014390274883426615,0.017703222510826334,0.1428571428571428
100.004,100.004,100.004,100.004,100.088,-0.084,-0.08,17,171207.0,-0.242999999999995,0.008000000000009777,-0.015999999999991132,100.10140000000001,100.0706,100.0368,100.05721262329114,100.06086737853764,100.04717982112234,0.08399999999998897,0.10400000000000022,0.0,0.08399999999998897,0.03454107395848172,0.037306839683110146,0.9258643790757607,48.075263717172604,100.0585,100.03084615384614,100.05823618596976,100.04085886021615,0.01737732575361406,0.016196604857989252,0.01763804315938388,-0.29166666666666663
100.001,100.001,100.0,100.0,100.004,-0.004,0.0,5,51000.0,-0.4000000000000057,-0.04200000000000159,-0.045000000000001705,100.0214,100.0664,100.03455,100.03814174886077,100.04980058243989,100.04268650482497,0.0040000000000048885,0.10428571428571486,0.0,0.0040000000000048885,0.032073854390018745,0.03492777970574548,0.9182906746500902,47.87025693160881,100.0585,100.03057692307691,100.04927677274364,100.03783227797791,0.011444494765726176,0.017427243956485466,0.01639933348065234,-0.7058823529411764
100.0,100.0,99.993,99.997,100.0,-0.003,0.0,47,474177.0,-0.018000000000000682,-0.0030000000000001137,-0.0030000000000001137,100.0178,100.06609999999999,100.0344,100.02442783257385,100.04020047654171,100.03833540912736,0.007000000000005002,0.1046428571428584,0.0,0.0030000000000001137,0.029782864790731695,0.03264722401247796,0.912263314618986,47.70594654223925,100.05858333333335,100.03034615384617,100.04123419232154,100.03480766479436,0.006426527527182202,0.018121910302274575,0.014404772289958314,8.4
99.995,99.996,99.992,99.996,99.997,-0.001,0.0,28,282984.0,-0.0040000000000048885,-0.009000000000000341,0.001999999999995339,100.01700000000001,100.06519999999999,100.03450000000001,100.01495188838257,100.0321640262614,100.03430346540094,0.0049999999999954525,0.10492857142857202,0.0,0.0010000000000047748,0.02765551730567943,0.030386708011587018,0.9101189011700072,47.64723811761305,100.05475,100.03019230769232,100.03427508581053,100.03193302295773,0.0023420628528043608,0.019266231427614064,0.011992230402527525,-0.4042553191489362
100.195,100.195,100.003,100.008,99.996,0.012,0.01,79,786130.0,-0.0799999999999983,0.10299999999999443,0.009999999999990905,100.001,100.0755,100.035,100.01263459225505,100.02777056694113,100.031798373458,0.19899999999999807,0.11864285714285724,0.012000000000000455,0.0,0.026537266069559504,0.028216228867902232,0.9404965558578717,48.466798511893714,100.05541666666666,100.02984615384615,100.0302327649166,100.03016020644235,7.255847425824413e-05,0.0178248292287593,0.00960829601687367,1.8214285714285716
99.997,100.0,99.997,99.997,100.008,-0.011,-0.01,10,99998.0,-0.007000000000005002,-0.25,-0.0010000000000047748,99.99959999999999,100.0505,100.03495000000001,100.00742306150337,100.02217591840638,100.02848424265248,0.01099999999999568,0.11607142857142756,0.0,0.01099999999999568,0.02464174706459097,0.026986498234480336,0.913113915354401,47.72919730633229,100.05475000000001,100.029,100.02512003185251,100.02770389485403,-0.0025838630015186936,0.01292037709377938,0.007169864213195197,-0.8734177215189873
99.998,100.0,99.998,100.0,99.997,0.003,0.0,15,149998.0,0.0,-0.4000000000000057,0.0,99.99959999999999,100.01050000000001,100.03495000000001,100.00494870766892,100.01814393324157,100.02577145763796,0.0030000000000001137,0.11249999999999918,0.0030000000000001137,0.0,0.023095907988548766,0.025058891217731742,0.9216652001029494,47.961798967560696,100.06266666666669,100.02823076923076,100.02125541156751,100.02565175449446,-0.004396342926952457,0.008797663383919345,0.004856622785165667,0.5
99.997,99.997,99.997,99.997,100.0,-0.003,0.0,4,39999.0,0.0,-0.018000000000000682,-0.0030000000000001137,99.9996,100.0087,100.03479999999999,100.00229913844595,100.0142995817431,100.0230313188153,0.0030000000000001137,0.11235714285714238,0.0,0.0030000000000001137,0.021446200275080998,0.02348325613075091,0.9132549658221194,47.7330508550227,100.04183333333333,100.02638461538461,100.01752380978789,100.02352940230969,-0.006005592521802328,0.005440768064600674,0.0026841797237720684,-0.7333333333333334
99.997,99.997,99.995,99.995,99.997,-0.002,0.0,26,259992.0,-0.000999999999990564,-0.0049999999999954525,-0.003999999999990678,99.9994,100.0082,100.0346,99.99986609229731,100.01079056688071,100.02036166940431,0.001999999999995339,0.10535714285714246,0.0,0.001999999999995339,0.01991432882686093,0.02194873783569694,0.9073108884863851,47.5701624713323,100.00808333333333,100.02619230769231,100.01405860828206,100.02141611324971,-0.007357504967657746,0.0019244073284059799,0.0006758427854861057,5.5
100.004,100.007,100.003,100.007,99.995,0.012,0.01,49,493123.0,-0.000999999999990564,-0.08099999999998886,0.007000000000005002,99.9992,100.0001,100.03495000000001,100.00224406153156,100.0101013729024,100.01908912946105,0.012000000000000455,0.08171428571428509,0.012000000000000455,0.0,0.019349019624942326,0.020380970847432876,0.9493669251472124,48.7012943997456,100.00741666666669,100.0266923076923,100.01297266854635,100.02034825300899,-0.007375584462636198,-0.0008259160289551599,-0.000934442664138355,0.8846153846153846
99.995,100.0,99.982,100.0,100.007,-0.007,-0.01,25,251182.0,0.0030000000000001137,-0.0040000000000048885,0.0040000000000048885,99.99980000000001,99.99969999999999,100.03515000000002,100.00149604102104,100.00826475964742,100.01727111713143,0.025000000000005684,0.0615714285714282,0.0,0.007000000000005002,0.0179669467945893,0.019425187215473743,0.9249304315727349,48.05007061044979,100.00741666666669,100.02676923076923,100.01097687338537,100.01884097500832,-0.007864101622942599,-0.002971315627696135,-0.002320374455899204,-0.4897959183673469
100.0,100.0,100.0,100.0,100.0,0.0,0.0,13,130000.0,0.0,0.0,-0.04200000000000159,99.99980000000001,99.99969999999999,100.03305,100.0009973606807,100.00676207607516,100.01562624883319,0.0,0.033571428571427475,0.0,-0.0,0.016683593452118638,0.018037673842939906,0.9249304315727348,48.05007061044978,100.00008333333335,100.02684615384617,100.00928812363378,100.01744534722992,-0.008157223596143126,-0.004591732419176727,-0.0034877442839479885,-0.48
99.99,99.99,99.99,99.99,100.0,-0.01,-0.01,3,29997.0,-0.007000000000005002,-0.007000000000005002,-0.010000000000005116,99.9984,99.999,100.03254999999999,99.99733157378714,100.00371442587968,100.01318565370622,0.010000000000005116,0.03235714285714205,0.0,0.010000000000005116,0.015491908205538736,0.01746355428273028,0.8870993816452756,47.0086202281437,99.99891666666667,100.02646153846155,100.00632071999782,100.01541235854623,-0.009091638548412107,-0.005862143685978556,-0.004608523136840812,-0.7692307692307692
99.999,99.999,99.999,99.999,99.99,0.009,0.01,2,20000.0,0.003999999999990678,0.0030000000000001137,-0.006000000000000227,99.9992,99.9993,100.03225,99.9978877158581,100.00285725753793,100.01183463906753,0.009000000000000341,0.026714285714285375,0.009000000000000341,0.0,0.015028200476571708,0.016216157548249545,0.9267423822108788,48.09892545922355,99.99883333333332,100.0264230769231,100.00519445538276,100.01419662828354,-0.00900217290077876,-0.006870447172093779,-0.005487253089628401,-0.33333333333333337
100.006,100.01,100.006,100.006,99.999,0.007,0.01,21,210016.0,-0.0010000000000047748,-0.001999999999995339,0.10099999999999909,99.999,99.9991,100.0373,100.00059181057208,100.0034286652583,100.01127895915634,0.01100000000000989,0.021500000000001154,0.007000000000005002,0.0,0.014454757585388372,0.015057860580517436,0.9599476305479022,48.978228580502915,99.99958333333332,100.0266923076923,100.00531838532387,100.01358947063291,-0.00827108530903331,-0.007502360761817626,-0.006044019533509384,9.5
99.994,100.0,99.994,100.0,100.006,-0.006,-0.01,13,129999.0,0.0,0.0030000000000001137,-0.2469999999999999,99.999,99.99940000000001,100.02495,100.0003945403814,100.00280527157497,100.01020477257002,0.012000000000000455,0.022071428571429408,0.0,0.006000000000000227,0.013422274900717774,0.01441087053905192,0.9313993116755052,48.22406770288783,99.99991666666666,100.0266923076923,100.00450017219713,100.01258284317862,-0.008082670981494289,-0.007911952767877829,-0.006451749823106365,-0.38095238095238093
100.002,100.002,100.002,100.002,100.0,0.002,0.0,2,20000.0,0.001999999999995339,0.001999999999995339,-0.39800000000001035,99.99940000000001,99.9996,100.00505,100.00092969358761,100.00265885856133,100.00942336565859,0.001999999999995339,0.02171428571428586,0.001999999999995339,0.0,0.012606398122094744,0.013381522643405355,0.9420750132876242,48.50868307567795,99.99941666666666,100.02692307692307,100.00411553032065,100.0117989288691,-0.007683398548451237,-0.008098375659727708,-0.00669807956817534,-0.8461538461538461
100.005,100.005,100.005,100.005,100.002,0.003,0.0,11,110006.0,0.015000000000000568,0.007999999999995566,-0.010000000000005116,100.0024,100.00039999999998,100.00455000000001,100.00228646239174,100.00308452064108,100.00900209273873,0.0030000000000001137,0.02157142857142905,0.0030000000000001137,0.0,0.011920226827659414,0.01242569959744783,0.959320377430319,48.96189456716025,100.00008333333334,100.0255,100.00425160257902,100.01129530450842,-0.007043701929404733,-0.008063508655477373,-0.006767204040421219,4.5
99.13,99.13,99.13,99.13,100.005,-0.875,-0.87,0,198.0,-0.8689999999999998,-0.8650000000000091,-0.8700000000000045,99.82860000000001,99.91389999999998,99.96105,99.71152430826118,99.84434188052452,99.92528760771599,0.875,0.06985714285714348,0.0,0.875,0.01106878205425517,0.07403814962620156,0.14950106276478323,13.005735062584705,99.92758333333332,99.99203846153847,99.8697513560284,99.94601417084112,-0.07626281481272201,-0.015717645361042462,-0.020666326194881377,-1.0
99.996,99.996,99.996,99.996,99.13,0.866,0.87,0,1700.0,-0.010000000000005116,-0.01100000000000989,-0.09199999999999875,99.8266,99.91279999999999,99.95645,99.80634953884079,99.87191608406552,99.93202212126684,0.8659999999999997,0.13092857142857234,0.8659999999999997,0.0,0.07213529762180834,0.06874971036718716,1.0492451129835894,51.201542769861504,99.92750000000001,99.99169230769229,99.88917422433173,99.94971682485289,-0.060542600521159784,-0.02157081190528882,-0.02864158106013706,-1.0
99.997,100.0,99.997,100.0,99.996,0.004,0.0,6,59999.0,0.0,0.0,-0.0040000000000048885,99.8266,99.91279999999999,99.95625,99.87089969256053,99.89520406878087,99.93849620495571,0.0040000000000048885,0.13100000000000125,0.0040000000000048885,0.0,0.06726849064882238,0.06383901676953094,1.0537206563138715,51.30788615649151,99.92791666666666,99.99534615384616,99.9062243436653,99.95344150449341,-0.04721716082811156,-0.025910804931063087,-0.032356697013731964,inf
100.0,100.0,100.0,100.0,100.0,0.0,0.0,2,20000.0,-0.001999999999995339,0.0,0.0,99.8262,99.91279999999999,99.95625,99.91393312837369,99.91425787445708,99.94435370924563,0.0,0.13078571428571553,0.0,-0.0,0.06246359845962079,0.05927908700027873,1.0537206563138715,51.30788615649151,99.92733333333332,99.98584615384614,99.9206513677168,99.95689028193834,-0.03623891422154202,-0.028927168894744188,-0.033133140455293975,-0.6666666666666667
100.007,100.007,100.007,100.007,100.0,0.007,0.01,1,10201.0,0.0020000000000095497,0.017000000000010118,0.010000000000005116,99.8266,99.9145,99.95674999999999,99.9449554189158,99.93112007910123,99.95032002265081,0.007000000000005002,0.13114285714285906,0.007000000000005002,0.0,0.05850191285536251,0.055044866500258825,1.0628041554989953,51.5223004891563,99.92791666666665,99.97073076923077,99.93393577268344,99.96060211290587,-0.02666634022243386,-0.030889854152705867,-0.03183978040872195,-0.5
99.995,99.996,99.995,99.996,100.007,-0.011,-0.01,2,20099.0,0.8659999999999997,-0.0030000000000001137,0.0,99.9998,99.9142,99.95675,99.9619702792772,99.94291642835555,99.95467049668407,0.012000000000000455,0.13114285714285906,0.0,0.01100000000000989,0.054323204794265195,0.05189880460738391,1.0467139889872599,51.14119484301699,99.92758333333332,99.97,99.94348411534753,99.96322417861654,-0.019740063269011898,-0.032164185037147935,-0.02941983698077994,1.0
99.997,99.999,99.995,99.998,99.996,0.002,0.0,11,104997.0,0.0020000000000095497,-0.007999999999995566,-0.009999999999990905,100.00019999999999,99.9134,99.95625,99.9739801861848,99.95293162319999,99.95879711604749,0.003999999999990678,0.129642857142858,0.0020000000000095497,0.0,0.050585833023246936,0.04819174713542791,1.0496783376848984,51.2118569233895,99.92825,99.96992307692307,99.95187117452483,99.96580016538569,-0.013928990860861745,-0.03281377613485543,-0.026321667756796303,4.5
99.99,99.99,99.99,99.99,99.998,-0.008,-0.01,1,5000.0,-0.010000000000005116,-0.010000000000005116,-0.007000000000005002,99.9982,99.9124,99.9559,99.9793201241232,99.95967132807272,99.96176881928108,0.008000000000009777,0.13021428571428725,0.0,0.008000000000009777,0.04697255923587216,0.04532090805432662,1.0364434706287369,50.894782279850986,99.92750000000001,99.96615384615384,99.95773714767486,99.96759274572749,-0.00985559805262426,-0.0330551316353191,-0.023028453815961896,-0.9090909090909091
100.005,100.006,100.003,100.004,99.99,0.014,0.01,25,250211.0,0.0040000000000048885,0.0020000000000095497,0.0040000000000048885,99.999,99.9126,99.95609999999999,99.98754674941547,99.96773108660494,99.9657908364924,0.016000000000005343,0.1306428571428587,0.014000000000010004,0.0,0.04461737643331058,0.042083700336160434,1.0602056396398463,51.461156073001796,99.92733333333332,99.96615384615386,99.96485450957104,99.97028957937731,-0.005435069806267734,-0.03287639473274832,-0.019509777014023063,24.0
100.005,100.005,99.995,99.995,100.004,-0.009,-0.01,4,40000.0,-0.012000000000000455,-0.009999999999990905,-0.001999999999995339,99.9966,99.91159999999999,99.956,99.99003116627699,99.97268907085859,99.96857266158835,0.009999999999990905,0.13071428571428662,0.0,0.009000000000000341,0.0414304209737884,0.03972057888357757,1.043046756574783,51.05349416101842,99.92691666666667,99.96596153846154,99.96949227732934,99.97211998090492,-0.0026277035755839506,-0.024694715706399646,-0.016133362326335242,-0.84
99.979,100.0,99.975,99.995,99.995,0.0,0.0,21,210160.0,-0.000999999999990564,0.8650000000000091,0.0,99.99640000000001,99.9981,99.95599999999999,99.99168744418466,99.97674560342976,99.9710895509609,0.025000000000005684,0.1317142857142863,0.0,-0.0,0.03847110518994637,0.03688339467760775,1.0430467565747827,51.053494161018406,99.92633333333333,99.96588461538461,99.9734165423556,99.9738147971342,-0.00039825477860233605,-0.018012010623893262,-0.012986340816788662,4.25
99.995,99.995,99.995,99.995,99.995,0.0,0.0,3,29999.0,-0.0030000000000001137,-0.000999999999990564,-0.012000000000000455,99.9958,99.998,99.9554,99.99279162945645,99.98006458462434,99.97336673658367,0.0,0.13085714285714342,0.0,-0.0,0.0357231691049502,0.03424886648635005,1.0430467565747827,51.053494161018406,99.9255,99.96584615384614,99.97673707430089,99.97538407142056,0.0013530028803216965,-0.012615325767400678,-0.01011847207736659,-0.8571428571428572
99.968,99.97,99.968,99.97,99.995,-0.025,-0.03,2,20393.0,-0.01999999999999602,-0.030000000000001137,-0.030000000000001137,99.99180000000001,99.99499999999999,99.9539,99.98519441963765,99.97823466014718,99.97304609500428,0.027000000000001023,0.13264285714285812,0.0,0.025000000000005684,0.03317151416888233,0.03358823316589688,0.987593304031316,49.68789651425369,99.9955,99.96438461538462,99.97570060133151,99.97498525131535,0.0007153500161649617,-0.008509296407655458,-0.00795170765866028,-0.33333333333333337
100.006,100.015,100.0,100.015,99.97,0.045,0.05,29,285928.0,0.01099999999999568,0.015000000000000568,0.015000000000000568,99.994,99.9965,99.95464999999999,99.99512961309176,99.98491926739314,99.97704170500387,0.045000000000001705,0.13564285714285823,0.045000000000001705,0.0,0.03401640601396229,0.031189073654047106,1.0906513733391472,52.16801745367905,99.99708333333332,99.96507692307692,99.98174666266513,99.97794930677347,0.003797355891663301,-0.005124441283866885,-0.005601894948595564,13.5
99.995,99.995,99.995,99.995,100.015,-0.02,-0.02,9,85796.0,0.0,-0.012000000000000455,0.005000000000009663,99.994,99.9953,99.95490000000001,99.99508640872784,99.9867521278671,99.97875201881303,0.01999999999999602,0.07457142857142937,0.0,0.01999999999999602,0.0315866627272507,0.03038985410732917,1.0393818481554635,50.965533948217754,99.99666666666667,99.96488461538462,99.98378563763973,99.97921232108655,0.004573316553177165,-0.002422954636956989,-0.0035668526482410187,-0.6896551724137931
99.995,100.086,99.995,100.035,99.995,0.04,0.04,5,50015.0,0.03999999999999204,0.03900000000000148,0.036000000000001364,100.002,99.9992,99.9567,100.00839093915191,99.9955244682549,99.98410896940226,0.09099999999999397,0.019214285714286104,0.03999999999999204,0.0,0.03218761538958937,0.028219150242519944,1.1406302143389788,53.28478532623172,99.99958333333332,99.96634615384616,99.99166477031054,99.9833447417468,0.008320028563730375,4.9158632442135465e-05,-0.0011894764058467402,-0.4444444444444444
100.0,100.002,100.0,100.001,100.035,-0.034,-0.03,13,131200.0,0.006000000000000227,0.0030000000000001137,-0.0049999999999954525,100.0032,99.9995,99.95644999999999,100.00592729276795,99.99652001948128,99.98571763898299,0.03499999999999659,0.021428571428571224,0.0,0.033999999999991815,0.029888500004618703,0.02863206808233936,1.043881982910425,51.073496006064374,99.99908333333332,99.96657692307691,99.99310095949353,99.98465253865444,0.00844842083908759,0.0020829385092990074,0.0007381030431401258,1.6
100.007,100.008,100.004,100.004,100.001,0.003,0.0,12,117808.0,0.034000000000006025,0.014000000000010004,0.0040000000000048885,100.01000000000002,100.0009,99.95665,100.00528486184531,99.99788001593922,99.9874588162227,0.006999999999990791,0.02192857142857057,0.0030000000000001137,0.0,0.027967892861431663,0.026586920362172264,1.051941799969591,51.265674298617064,99.99975,99.96646153846153,99.99477773495607,99.9860856839393,0.008692051016780056,0.0036526186007487618,0.002328892637868112,-0.07692307692307687
99.998,100.0,99.997,100.0,100.004,-0.004,0.0,10,101599.0,-0.015000000000000568,-0.0040000000000048885,-0.001999999999995339,100.00699999999999,100.00050000000002,99.95655000000001,100.00352324123021,99.99826546758663,99.98865321467767,0.007000000000005002,0.02192857142857057,0.0,0.0040000000000048885,0.02597018622847226,0.02497356890773174,1.0399068841310852,50.978154553071285,99.99991666666666,99.96646153846153,99.99558116034744,99.98711637401786,0.008464786329582807,0.004885117479100624,0.003556071376211051,-0.16666666666666663
100.005,100.005,100.004,100.004,100.0,0.004,0.0,7,70003.0,0.009000000000000341,0.009000000000000341,-0.000999999999990564,100.0088,100.0014,99.95649999999999,100.00368216082015,99.99930810984361,99.9901148132798,0.0049999999999954525,0.02142857142857021,0.0040000000000048885,0.0,0.024400887212153166,0.023189742557179472,1.0522276024404906,51.272461260592685,100.00108333333333,99.96661538461538,99.99687636644784,99.9883670129795,0.008509353468340919,0.005874851728760986,0.004546727794637025,-0.30000000000000004
99.999,100.056,99.965,99.965,100.004,-0.039,-0.04,9,90001.0,-0.06999999999999318,-0.030000000000001137,0.835000000000008,99.99480000000001,99.99839999999999,99.99825000000001,99.99078810721343,99.99307027169021,99.98772292630078,0.09099999999999397,0.02764285714285616,0.0,0.03900000000000148,0.02265796669699937,0.024319046660238187,0.931696337177777,48.23202898127314,99.99783333333335,99.96565384615384,99.99197231007125,99.98663612312916,0.005336186942088261,0.006317427735623937,0.004704619624127273,0.2857142857142858
100.037,100.046,99.993,99.993,99.965,0.028,0.03,26,263107.0,-0.008000000000009777,-0.0020000000000095497,-0.0030000000000001137,99.9932,99.99820000000001,99.9981,99.99152540480895,99.99305749501926,99.98822550474833,0.08100000000000307,0.0328571428571414,0.027999999999991587,0.0,0.023039540504355957,0.022581971898792602,1.0202625619947663,50.501483380822535,99.99766666666666,99.96542307692306,99.99213041621414,99.98710752141588,0.005022894798258903,0.006796043822523264,0.0047682746589535994,1.8888888888888888
100.03,100.03,100.03,100.03,99.993,0.037,0.04,5,50015.0,0.02599999999999625,0.060000000000002274,0.030000000000001137,99.99839999999999,100.0042,99.9996,100.00435026987265,99.99977431410666,99.99220402810563,0.03700000000000614,0.034357142857141455,0.03700000000000614,0.0,0.024036716182616685,0.020968973906021704,1.146299112695925,53.40817157847495,100.00058333333334,99.96634615384616,99.99795650602735,99.99028474205174,0.0076717639756083145,0.007226533609628266,0.0053489725222845425,-0.8076923076923077
99.975,99.975,99.975,99.975,100.03,-0.055,-0.05,5,49988.0,-0.025000000000005684,-0.04000000000000625,-0.025000000000005684,99.9934,100.0002,99.99834999999999,99.99456684658176,99.99526989335999,99.99056554923843,0.05500000000000682,0.037571428571428304,0.0,0.05500000000000682,0.02231980788385835,0.0233997614841635,0.9538476663090759,48.81893725681009,99.99891666666666,99.96538461538461,99.9944247358693,99.98915253893679,0.005272196932509132,0.007304186985109595,0.005333617404329461,0.0
99.999,100.0,99.999,100.0,99.975,0.025,0.03,3,30000.0,-0.0040000000000048885,0.0049999999999954525,-0.007000000000005002,99.99260000000001,100.00070000000001,99.998,99.99637789772117,99.99612991274908,99.99146406835857,0.025000000000005684,0.037571428571428304,0.025000000000005684,0.0,0.022511250177868876,0.02172834994958039,1.0360312784958439,50.88484098639346,100.00141666666666,99.96530769230769,99.99528246881249,99.9899560545711,0.005326414241395128,0.00697156317151679,0.005332176771742595,-0.4
99.996,99.999,99.996,99.999,100.0,-0.001,0.0,22,219995.0,0.033999999999991815,-0.036000000000001364,0.0030000000000001137,99.9994,99.9971,99.99815,99.99725193181412,99.9966517467947,99.99218177613395,0.0040000000000048885,0.037857142857142936,0.0,0.0010000000000047748,0.020903303736592528,0.020247753524610706,1.0323764417215477,50.79651685231411,100.00008333333334,99.96507692307692,99.99585439668749,99.99062597645471,0.005228420232782582,0.0066137853263717895,0.005311425463950593,6.333333333333333
100.0,100.0,99.999,100.0,99.999,0.001,0.0,2,20000.0,0.007000000000005002,-0.0010000000000047748,0.001999999999995339,100.0008,99.997,99.99825,99.99816795454275,99.99726052010475,99.99292636888309,0.0010000000000047748,0.03600000000000035,0.0010000000000047748,0.0,0.01948163918397912,0.018801485415709942,1.0361755336469778,50.888320605203035,100.00049999999999,99.99853846153846,99.9964921818125,99.99132034856918,0.005171833243323931,0.0062226500182099975,0.005283507019825261,-0.9090909090909091
100.043,100.043,100.043,100.043,100.0,0.043,0.04,5,50022.0,0.01300000000000523,0.03900000000000148,0.05300000000001148,100.0034,100.0009,100.0009,100.01311196969517,100.0055767891766,99.99769528613233,0.043000000000006366,0.03585714285714354,0.043000000000006366,0.0,0.02116152209940964,0.01745852217173066,1.212102713577612,54.794142520502135,100.00116666666668,100.00034615384615,100.00364723076443,99.99514847089739,0.008498759867038075,0.006226424855705027,0.0059265575892678245,1.5
100.0,100.045,100.0,100.045,100.043,0.002,0.0,6,60005.0,0.07000000000000739,0.045000000000001705,0.04099999999999682,100.0174,100.0054,100.00295000000001,100.02374131313012,100.01274464568993,100.00220049697687,0.045000000000001705,0.037642857142858234,0.001999999999995339,0.0,0.019792841949451474,0.0162114848737499,1.2209148084578365,54.973509285825244,100.00483333333334,100.00207692307693,100.0100091952622,99.99884117675684,0.011168018505358646,0.00652183208204033,0.006974849772485989,0.19999999999999996
100.056,100.056,100.056,100.056,100.045,0.011,0.01,2,20011.0,0.055999999999997385,0.0519999999999925,0.06099999999999284,100.0286,100.0106,100.006,100.03449420875342,100.0206092555645,100.00732425916955,0.01099999999999568,0.03192857142857264,0.01099999999999568,0.0,0.01916478181020463,0.015053521668482051,1.2731095242869601,56.007399145728144,100.00916666666666,100.00423076923077,100.0170847036834,100.00307516366374,0.014009540019657152,0.007485537979547985,0.008381787821920221,-0.6666666666666667
100.006,100.036,100.001,100.002,100.056,-0.054,-0.05,12,120008.0,0.0030000000000001137,0.03699999999999193,0.006999999999990791,100.0292,100.0143,100.00635,100.02366280583561,100.01722575455275,100.00681718686769,0.05499999999999261,0.033357142857143786,0.0,0.054000000000002046,0.017795868823761444,0.017835412977876337,0.9977828293539407,49.94450921758157,100.00933333333334,100.00403846153846,100.01476398003979,100.00299552191088,0.011768458128912584,0.008235045016287282,0.009059121883318694,5.0
99.996,100.0,99.938,99.995,100.002,-0.007,-0.01,11,110274.0,-0.0049999999999954525,0.0020000000000095497,0.0,100.0282,100.0145,100.00635,100.01410853722375,100.01318470827043,100.00569174049934,0.06399999999999295,0.03742857142857251,0.0,0.006999999999990791,0.016524735336349912,0.01706145490802737,0.9685419810578445,49.20098176099728,100.00858333333333,100.004,100.01172336772596,100.00240326102859,0.009320106697373376,0.008418194207594511,0.009111318846129632,-0.08333333333333337
100.058,100.098,100.01,100.098,99.995,0.103,0.1,43,433741.0,0.05499999999999261,0.06799999999999784,0.1280000000000001,100.03920000000001,100.0213,100.01275,100.04207235814917,100.02860567040307,100.01448300330892,0.10299999999999443,0.04428571428571461,0.10299999999999443,0.0,0.022701539955181663,0.015842779557453987,1.4329265816553414,58.89723892450511,100.01966666666665,100.00784615384616,100.02499669576812,100.0094845009524,0.015512194815727298,0.009555971750174308,0.010391494040049166,2.909090909090909
99.946,100.0,99.946,100.0,100.098,-0.098,-0.1,4,35989.0,-0.045000000000001705,0.025000000000005684,-0.015000000000000568,100.03020000000001,100.0238,100.012,100.02804823876612,100.02340463942069,100.01310366966045,0.15200000000000102,0.054785714285715006,0.0,0.09799999999999898,0.0210800013869544,0.0217111524462072,0.9709296380827054,49.2625215696291,100.02024999999999,100.00823076923078,100.02115105026533,100.00878194532629,0.012369104939040199,0.010338492938801538,0.010787016219847373,-0.9069767441860466
100.001,100.005,100.0,100.0,100.0,0.0,0.0,23,233603.0,-0.055999999999997385,0.0,0.0049999999999954525,100.019,100.0238,100.01225,100.01869882584408,100.0191492504351,100.01185570112136,0.0049999999999954525,0.04864285714285797,0.0,-0.0,0.019574287002171942,0.020160355842906687,0.9709296380827053,49.262521569629094,100.01774999999999,100.00807692307693,100.0178970425322,100.00813143085767,0.009765611674524166,0.01084262532121727,0.010582735310782732,4.75
100.0,100.001,100.0,100.0,100.0,0.0,0.0,13,127200.0,-0.001999999999995339,0.0010000000000047748,-0.03499999999999659,100.0186,100.0239,100.01050000000001,100.01246588389606,100.01566756853781,100.01072658672885,0.0010000000000047748,0.04292857142857238,0.0,-0.0,0.01817612364487395,0.01872033042555621,0.9709296380827054,49.2625215696291,100.01983333333334,100.00826923076923,100.01514365137339,100.00752910264599,0.007614548727403303,0.011114038152781645,0.009989097994106848,-0.4347826086956522
100.0,100.0,99.995,99.995,100.0,-0.005,-0.01,12,119995.0,0.0,-0.0049999999999954525,-0.006000000000000227,100.0186,100.0234,100.01020000000001,100.00664392259738,100.01190982880367,100.00922881656419,0.0049999999999954525,0.04064285714285733,0.0,0.0049999999999954525,0.016877829098811525,0.01774030682373044,0.9513831562504198,48.754297852939416,100.01941666666669,100.00826923076923,100.01204462808518,100.00660102096852,0.005443607116660587,0.010774576736073035,0.009079999818617596,-0.07692307692307687
100.005,100.045,100.005,100.033,99.995,0.038,0.04,8,81015.0,-0.06499999999999773,-0.010000000000005116,0.028999999999996362,100.0056,100.02239999999999,100.01165,100.0154292817316,100.01574440538482,100.01149273879616,0.04999999999999716,0.04028571428571378,0.0379999999999967,0.0,0.018386555591753322,0.016473142050606838,1.116153526465584,52.74444942233432,100.02225,100.00973076923077,100.0152685314567,100.00855650089677,0.006712030559924642,0.010279466964358145,0.008606405966879005,-0.33333333333333337
100.046,100.046,100.001,100.001,100.033,-0.032,-0.03,5,50005.0,0.0010000000000047748,-0.04399999999999693,0.0010000000000047748,100.0058,100.018,100.01169999999999,100.01061952115441,100.01306360440576,100.01049343033938,0.045000000000001705,0.04171428571428493,0.0,0.031999999999996476,0.017073230192342373,0.0175822033327061,0.9710517998949003,49.2656661761339,100.02233333333334,100.01092307692308,100.01307337277106,100.00799676008961,0.005076612681449433,0.009286919482335065,0.007900447309793092,-0.375
99.992,100.005,99.992,100.005,100.001,0.004,0.0,3,26100.0,0.0049999999999954525,-0.05100000000000193,0.000999999999990564,100.0068,100.01289999999999,100.01175,100.00874634743627,100.0115974945138,100.00997024649753,0.012999999999991019,0.04235714285714108,0.003999999999990678,0.0,0.016139428035745824,0.016326331666084236,0.988552013142874,49.71215269247515,100.01916666666666,100.01053846153846,100.01183131542166,100.00777477786076,0.004056537560899187,0.008430039419222466,0.0071316653600143115,-0.4
99.996,100.043,99.945,99.994,100.005,-0.011,-0.01,4,40001.0,-0.006000000000000227,-0.007999999999995566,0.028999999999996362,100.0056,100.0121,100.0132,100.00383089829086,100.00839795005675,100.00844927064063,0.09800000000001319,0.04928571428571311,0.0,0.01099999999999568,0.014986611747478265,0.015945879404220768,0.9398422857450816,48.44941739086247,100.01491666666665,100.01050000000001,100.00908803612603,100.00675442394515,0.0023336121808767984,0.007653762250722846,0.006172054724186809,0.33333333333333326
100.1,100.27,100.041,100.055,99.994,0.061,0.06,47,466914.0,0.060000000000002274,0.060000000000002274,0.06200000000001182,100.01759999999999,100.0181,100.0163,100.02088726552725,100.01687105004643,100.01288267343675,0.27599999999999625,0.06592857142856953,0.06100000000000705,0.0,0.018273282336944606,0.014806888018204999,1.2341068774530943,55.2393840199798,100.01483333333334,100.01126923076922,100.01615141518357,100.0103281703196,0.005823244863975674,0.006577212256083776,0.006102292752144583,10.75
100.0,100.055,100.0,100.055,100.055,0.0,0.0,15,150672.0,0.02200000000000557,-0.042999999999992156,0.025000000000005684,100.022,100.0138,100.01755,100.03225817701818,100.02380358640161,100.01689384739515,0.05500000000000682,0.0666428571428556,0.0,-0.0,0.016968047884305705,0.013749253159761785,1.234106877453094,55.23938401997981,100.01925,100.01334615384616,100.02212812053995,100.01363719474037,0.008490925799577553,0.006146303462810149,0.006580019361631178,-0.6808510638297872
100.001,100.001,100.001,100.001,100.055,-0.054,-0.05,41,408104.0,0.0,0.0010000000000047748,0.02600000000001046,100.022,100.0139,100.01885000000001,100.0218387846788,100.01965747978313,100.01538014764323,0.054000000000002046,0.06971428571428463,0.0,0.054000000000002046,0.015756044463998156,0.016624306505493232,0.9477715331338379,48.65927635819459,100.01975,100.01323076923077,100.01887764045688,100.01270110624108,0.006176534215796892,0.005747517078507119,0.006499322332464321,1.7333333333333334
100.001,100.001,99.998,99.998,100.001,-0.003,0.0,22,220099.0,-0.006999999999990791,-0.001999999999995339,-0.001999999999995339,100.0206,100.0137,100.01875000000001,100.01389252311921,100.01571975618619,100.01372489548673,0.0030000000000001137,0.06599999999999946,0.0,0.0030000000000001137,0.014630612716569716,0.015651141755100868,0.9347952338238487,48.31494400450627,100.01141666666668,100.01315384615386,100.01566569577122,100.01161213540841,0.004053560362805797,0.005351851704662952,0.006010169938532616,-0.46341463414634143
99.995,99.995,99.995,99.995,99.998,-0.003,0.0,9,89996.0,0.0010000000000047748,-0.0049999999999954525,-0.003999999999990678,100.02080000000001,100.01320000000001,100.01855,100.00759501541282,100.0119525277887,100.01194157210705,0.0030000000000001137,0.06164285714285711,0.0,0.0030000000000001137,0.013585568951100451,0.014747488772593671,0.9212123610053191,47.94953331048075,100.01100000000001,100.01280769230769,100.01248635796026,100.01038160685965,0.0021047511006031527,0.004980867702878792,0.005229086170946724,-0.5909090909090908
100.038,100.05,100.008,100.05,99.995,0.055,0.06,29,286473.0,-0.005000000000009663,0.05499999999999261,0.04999999999999716,100.0198,100.01870000000001,100.02105,100.02173001027522,100.01887025000892,100.01556618428732,0.05499999999999261,0.05821428571428555,0.05499999999999261,0.0,0.016543742597449892,0.01369409671740841,1.2080930154684035,54.71205275345389,100.01516666666667,100.01607692307692,100.01825768750483,100.01331630264782,0.00494138485700546,0.004784129291443328,0.005171545908158472,2.2222222222222223
99.995,100.079,99.991,99.996,100.05,-0.054,-0.05,16,161014.0,-0.05900000000001171,-0.03700000000000614,-0.047000000000011255,100.008,100.01500000000001,100.0187,100.01315334018348,100.01471202273457,100.01370273816472,0.08799999999999386,0.05364285714285647,0.0,0.054000000000002046,0.015362046697632043,0.01657308980902224,0.9269271375859608,48.10390177737638,100.01483333333334,100.01619230769232,100.0148334278887,100.01203361356279,0.002799814325911143,0.0045311516963835174,0.0046971995917090064,-0.4482758620689655
100.033,100.033,100.0,100.0,99.996,0.004,0.0,9,90012.0,-0.0010000000000047748,-0.0010000000000047748,-0.045000000000001705,100.0078,100.01490000000001,100.01645,100.00876889345565,100.0120371095101,100.01239771548236,0.03700000000000614,0.055928571428571515,0.0040000000000048885,0.0,0.014550471933515819,0.015389297679806367,0.9454929156779361,48.599144620810144,100.01525,100.01503846153847,100.01255136205967,100.01114223478037,0.0014091272793024245,0.004236994998428322,0.00403958512922769,-0.4375
99.98,100.024,99.98,99.998,100.0,-0.002,0.0,9,85004.0,0.0,-0.006999999999990791,-0.057999999999992724,100.0078,100.01419999999999,100.01355000000001,100.00517926230378,100.00948490778099,100.01102650448405,0.04399999999999693,0.05899999999999953,0.0,0.001999999999995339,0.013511152509693262,0.01443291927410558,0.936134419731282,48.35069353610319,100.01233333333334,100.01592307692309,100.01031269097356,100.01016873590775,0.00014395506580910933,0.0039936997634208,0.003260459116543974,0.0
100.0,100.021,99.972,100.0,99.998,0.002,0.0,29,286002.0,0.0049999999999954525,0.006000000000000227,-0.001999999999995339,100.0088,100.01480000000001,100.01345,100.00345284153586,100.00776037909354,100.00997636119985,0.049000000000006594,0.062142857142857465,0.001999999999995339,0.0,0.012688927330429124,0.013401996468812323,0.9467938123963413,48.63349196856738,100.01225000000001,100.01592307692309,100.00872612313148,100.00941549621088,-0.000689373079396205,0.003270075547490592,0.0024704926773559386,2.2222222222222223
100.004,100.028,100.004,100.022,100.0,0.022,0.02,149,1488479.0,-0.027999999999991587,-0.03300000000000125,0.027000000000001023,100.0032,100.0115,100.01480000000001,100.00963522769058,100.01034940107652,100.01112146965701,0.028000000000005798,0.06057142857142951,0.02200000000000557,0.0,0.013354003949684586,0.012444711006754301,1.073066617813525,51.76228340145163,100.01366666666667,100.0168076923077,100.01076825803433,100.01034768167673,0.00042057635759817913,0.002373370053937328,0.002060509413404387,4.137931034482759
100.0,100.017,99.995,99.998,100.022,-0.024,-0.02,13,132905.0,0.0020000000000095497,-0.05700000000000216,-0.09999999999999432,100.0036,100.0058,100.00980000000001,100.0057568184604,100.00810405542624,100.00987180588015,0.027000000000001023,0.05928571428571518,0.0,0.02400000000000091,0.012400146524707115,0.013270088791986202,0.9344433725413771,48.30554286599514,100.01400000000001,100.01673076923076,100.00880391064445,100.00943303858958,-0.0006291279451318132,0.0016171853693896941,0.001522581941697147,-0.912751677852349
99.998,100.015,99.996,100.0,99.998,0.002,0.0,20,200004.0,0.0,-0.0010000000000047748,0.0,100.0036,100.0057,100.00980000000001,100.0038378789736,100.00663059080328,100.00893163389156,0.019000000000005457,0.05971428571428764,0.001999999999995339,0.0,0.011657278915799131,0.01232222530684433,0.9460368257772517,48.61351096988631,100.00941666666667,100.01507692307693,100.00744946285299,100.00873429499035,-0.001284832137358194,0.0010240306471492506,0.0009610991258860789,0.5384615384615385
99.992,100.0,99.992,99.997,100.0,-0.003,0.0,34,340188.0,-0.0010000000000047748,-0.0010000000000047748,-0.0030000000000001137,100.0034,100.0056,100.00965,100.0015585859824,100.00487957429358,100.00779528780666,0.007999999999995566,0.05328571428571495,0.0,0.0030000000000001137,0.010824616136099193,0.011656352070641172,0.9286452631576846,48.150133199573226,100.00458333333331,100.01323076923077,100.0058418531833,100.00786508795403,-0.002023234770732074,0.0005653655503342255,0.0003642323465624483,0.7
99.997,99.998,99.997,99.998,99.997,0.001,0.0,92,920380.0,-0.001999999999995339,0.0030000000000001137,-0.001999999999995339,100.00300000000001,100.0059,100.00955,100.00037239065495,100.00362874260384,100.00686240325365,0.0010000000000047748,0.03364285714285842,0.0010000000000047748,0.0,0.010122857840663878,0.010823755494166802,0.93524450419444,48.326942779963744,100.00433333333332,100.011,100.00463541423201,100.00713434069819,-0.0024989264661741117,-0.000261335707796838,-0.0002083994159848637,1.7058823529411766
100.004,100.3,99.96,99.979,99.998,-0.019,-0.02,238,2376507.0,-0.043000000000006366,-0.07099999999999795,-0.016000000000005343,99.9944,99.9988,100.00874999999999,99.99324826043664,99.99915078940313,100.00420884103902,0.3400000000000034,0.05400000000000103,0.0,0.019000000000005457,0.009399796566330745,0.011407772958869564,0.8239817359813763,45.17488962344465,100.00274999999999,100.0101153846154,100.00069150435017,100.00505031546128,-0.004358811111103478,-0.0010567385341317959,-0.0010384817550085866,1.5869565217391304
100.0,100.149,100.0,100.02,99.979,0.041,0.04,46,462054.0,0.02199999999999136,0.02400000000000091,-0.01300000000000523,99.9988,100.0012,100.0081,100.00216550695777,100.0029415549662,100.00571276094007,0.1700000000000017,0.06228571428571529,0.04099999999999682,0.0,0.01165695395444975,0.010592932033236024,1.1004464031181627,52.39107274932242,100.00483333333334,100.01107692307693,100.00366204214245,100.00615769950117,-0.0024956573587218145,-0.0014906034939122668,-0.0013299168757512324,-0.8067226890756303
99.998,100.0,99.998,99.999,100.02,-0.021,-0.02,9,86700.0,-0.0010000000000047748,-0.0010000000000047748,-0.0020000000000095497,99.9986,100.0011,100.00800000000001,100.00111033797185,100.0022249086087,100.00507345037434,0.02199999999999136,0.06364285714285753,0.0,0.021000000000000796,0.010824314386274767,0.01133629403086208,0.9548371237378377,48.84484298682116,100.00058333333334,100.00726923076923,100.00294480488976,100.00562749953812,-0.002682694648356687,-0.0018046756843751331,-0.0016004724302723233,-0.8043478260869565
99.966,100.005,99.966,100.0,99.999,0.001,0.0,6,59987.0,0.0030000000000001137,0.001999999999995339,-0.0049999999999954525,99.9992,100.0013,100.00775,100.00074022531457,100.00182037977075,100.0045902646244,0.03900000000000148,0.0662142857142862,0.0010000000000047748,0.0,0.01012257764439834,0.010526558742943361,0.9616226814089802,49.02179662391917,100.00091666666667,100.00726923076923,100.00249175798365,100.00521064772047,-0.0027188897368262133,-0.0020301775352006895,-0.0018241558915831012,-0.33333333333333337
99.996,100.0,99.985,100.0,100.0,0.0,0.0,4,39998.0,0.001999999999995339,0.0,0.006000000000000227,99.9996,100.0013,100.00805,100.00049348354305,100.00148940163061,100.00415309656492,0.015000000000000568,0.0633571428571439,0.0,-0.0,0.009399536384084172,0.009774661689875978,0.9616226814089803,49.02179662391918,100.00091666666667,100.00726923076923,100.00210841060155,100.00482467381525,-0.0027162632136992215,-0.002378715265344845,-0.0020025773560063253,-0.33333333333333337
100.0,100.016,100.0,100.007,100.0,0.007,0.01,55,548553.0,0.028000000000005798,-0.015000000000000568,-0.04800000000000182,100.0052,99.99980000000001,100.00565,100.00266232236204,100.00249132860685,100.00442423022541,0.016000000000005343,0.058214285714287585,0.007000000000005002,0.0,0.009228140928078518,0.009076471569170552,1.016710167354364,50.41429273340466,100.00166666666667,100.00753846153846,100.0028609628167,100.0049858090882,-0.0021248462714993366,-0.0025449061904967924,-0.0020270311391049275,12.75
99.996,99.996,99.996,99.996,100.007,-0.011,-0.01,0,1000.0,-0.02400000000000091,-0.0020000000000095497,-0.05900000000001171,100.00039999999998,99.9996,100.00269999999999,100.00044154824137,100.00131108704197,100.0036219225849,0.01100000000000989,0.05635714285714499,0.0,0.01100000000000989,0.008568988004644338,0.009213866457087647,0.9300100066083284,48.18679713700896,100.00133333333332,100.00757692307693,100.00180543007566,100.00432019360018,-0.0025147635245161837,-0.0026815652335143467,-0.002124577616187179,-1.0
99.994,99.999,99.994,99.999,99.996,0.003,0.0,20,200393.0,0.0,-0.0010000000000047748,-0.0020000000000095497,100.0004,99.9995,100.0026,99.99996103216093,100.00089088939797,100.00318173948156,0.0049999999999954525,0.0535714285714306,0.0030000000000001137,0.0,0.00817120314716975,0.008555733138724243,0.955055868933772,48.8505665802088,99.99941666666666,100.00626923076923,100.00137382544864,100.00392610518534,-0.002552279736704577,-0.0027403480075112916,-0.0022101180402906585,inf
99.996,99.999,99.996,99.999,99.999,0.0,0.0,28,279992.0,-0.0010000000000047748,0.001999999999995339,0.000999999999990564,100.00019999999999,99.99969999999999,100.00264999999999,99.99964068810729,100.00054709132561,100.00278347857855,0.0030000000000001137,0.050285714285715856,0.0,-0.0,0.007587545779514769,0.007944609343101084,0.9550558689337719,48.850566580208806,99.9995,100.00619230769232,100.00100862153346,100.00356120850495,-0.0025525869714897453,-0.002746310285879695,-0.002278611826530476,0.3999999999999999
99.999,99.999,99.995,99.998,99.999,-0.001,0.0,3,29999.0,-0.001999999999995339,0.0,0.0030000000000001137,99.99980000000001,99.9997,100.00280000000001,99.99909379207153,100.00008398381186,100.00232790919011,0.003999999999990678,0.04857142857142906,0.0,0.000999999999990564,0.0070455782238351425,0.00744856581859319,0.9458972902203394,48.60982616987111,99.99933333333333,100.00592307692308,100.00054575668216,100.00314926713422,-0.0026035104520616414,-0.0025512768793194912,-0.0023435915516367093,-0.8928571428571429
100.004,100.023,100.004,100.023,99.998,0.025,0.03,62,620185.0,0.015999999999991132,0.04399999999999693,-0.027000000000001023,100.003,100.0041,100.00145,100.0070625280477,100.00425053220971,100.00429667974343,0.024999999999991473,0.04842857142857123,0.024999999999991473,0.0,0.008328036922132024,0.006916525402979391,1.2040781225996227,54.629557376099726,100.00150000000001,100.00703846153846,100.00400025565413,100.00461969179095,-0.0006194361368159207,-0.002342807854663281,-0.0019987604686725518,19.666666666666668
99.992,99.994,99.992,99.994,100.023,-0.029,-0.03,3,31298.0,-0.001999999999995339,-0.02599999999999625,-0.001999999999995339,100.0026,100.0015,100.00135,100.0027083520318,100.00238679908065,100.0033160435774,0.0309999999999917,0.04928571428571311,0.0,0.028999999999996362,0.007733177141979737,0.00849391644562346,0.9104371571684462,47.65595946206628,100.00116666666668,100.00469230769232,100.00246175478428,100.00383304795459,-0.0013712931703082631,-0.002197096579324567,-0.001873267008999694,-0.9516129032258065
99.969,99.98,99.969,99.98,99.994,-0.014,-0.01,4,36992.0,-0.018999999999991246,-0.018999999999991246,-0.01999999999999602,99.99879999999999,99.9996,100.00035,99.99513890135455,99.99831647197507,100.0010954679986,0.025000000000005684,0.050499999999999545,0.0,0.013999999999995794,0.007180807346124042,0.008887208128078626,0.8079936063876676,44.69006989477255,100.00125000000001,100.0018076923077,99.99900610020208,100.002067636995,-0.003061536792912989,-0.00223516847444532,-0.002110920965782353,0.33333333333333326
100.003,100.016,99.998,100.008,99.98,0.028,0.03,19,190709.0,0.009000000000000341,0.007999999999995566,0.009999999999990905,100.0006,100.0004,100.00084999999999,99.99942593423637,100.00007711343414,100.00175304247492,0.036000000000001364,0.052999999999999305,0.027999999999991587,0.0,0.00866789253568601,0.008252407547501582,1.0503471242534812,51.227770743254325,100.00025,100.00207692307693,100.00038977709407,100.00250707129166,-0.0021172941975891035,-0.0021686163615441956,-0.0021121956121437032,3.75
99.996,100.0,99.996,99.997,100.008,-0.011,-0.01,2,20400.0,-0.0010000000000047748,-0.0030000000000001137,-0.0030000000000001137,100.00039999999998,100.0001,100.0007,99.99861728949091,99.9995176382643,100.00130037176302,0.012000000000000455,0.029571428571427662,0.0,0.01099999999999568,0.00804875735456558,0.00844866415125116,0.9526662689478125,48.78797181564229,100.00008333333334,100.00203846153848,99.99986827292575,100.00209914008487,-0.002230867159113359,-0.002180396460167976,-0.0021359299215376343,-0.8947368421052632
100.0,100.0,99.997,99.997,99.997,0.0,0.0,25,250195.0,-0.02599999999999625,-0.010000000000005116,-0.025000000000005684,99.9952,99.9991,99.99945,99.99807819299394,99.9990598858526,100.0008908125475,0.0030000000000001137,0.01764285714285612,0.0,-0.0,0.007473846114953753,0.007845188140447507,0.9526662689478124,48.78797181564229,99.99983333333334,100.00211538461538,99.99942700016794,100.00172142600451,-0.0022944258365669157,-0.0021559144948402795,-0.0021676291045434905,11.5
100.021,100.022,100.021,100.021,99.997,0.024,0.02,9,90019.0,0.027000000000001023,0.025000000000005684,0.022999999999996135,100.00059999999999,100.0016,100.00059999999999,100.0057187953293,100.00304899751576,100.00280597325727,0.025000000000005684,0.017857142857142856,0.02400000000000091,0.0,0.008654285678171407,0.007284817558986971,1.18798935019244,54.29593841889371,100.00158333333333,100.00099999999999,100.00274592321902,100.0031494685227,-0.00040354530366926156,-0.0019171662245030222,-0.001814812344368645,-0.64
99.999,100.0,99.999,99.999,100.021,-0.022,-0.02,5,50300.0,0.018999999999991246,0.0,-0.0010000000000047748,100.0044,100.00160000000001,100.00055,100.0034791968862,100.00231281614924,100.00244349961372,0.02200000000000557,0.016642857142857435,0.0,0.02200000000000557,0.008036122415444878,0.008335902019059729,0.9640375327193846,49.0844760682648,100.00091666666667,100.00111538461539,100.00216962733917,100.00284210048397,-0.0006724731448031207,-0.0017082646882045083,-0.0015863445044555402,-0.4444444444444444
99.992,100.0,99.992,100.0,99.999,0.001,0.0,13,130091.0,-0.007999999999995566,0.0010000000000047748,0.0030000000000001137,100.00280000000001,100.0017,100.00070000000001,100.00231946459081,100.00189230412211,100.0022107853648,0.007999999999995566,0.016142857142857077,0.0010000000000047748,0.0,0.007533542242913442,0.007740480446269749,0.9732654575135535,49.32258119695325,100.00125000000001,100.00111538461539,100.00183583851776,100.0026315745222,-0.0007957360044343886,-0.0015074008606903691,-0.00142822280445131,1.6
100.008,100.008,100.0,100.0,100.0,0.0,0.0,22,220017.0,0.0030000000000001137,0.001999999999995339,0.001999999999995339,100.0034,100.0019,100.0008,100.00154630972722,100.00154824882718,100.00200023437766,0.007999999999995566,0.015571428571427808,0.0,-0.0,0.006995432082705339,0.007187588985821909,0.9732654575135536,49.32258119695325,100.00133333333333,100.0011923076923,100.00155340182272,100.00243664307611,-0.0008832412533905654,-0.0015367125403097741,-0.001319226494239161,0.6923076923076923
100.0,100.0,100.0,100.0,100.0,0.0,0.0,1,10000.0,0.0030000000000001137,-0.022999999999996135,0.021000000000000796,100.00399999999999,99.99960000000002,100.00185,100.00103087315148,100.00126674904041,100.00180973586549,0.0,0.014785714285712816,0.0,-0.0,0.006495758362512101,0.006674189772548916,0.9732654575135536,49.32258119695325,100.00141666666667,100.0011923076923,100.00131441692692,100.0022561509964,-0.0009417340694852783,-0.0014889837513294424,-0.0012437280092883847,-0.9545454545454546
100.004,100.009,100.004,100.008,100.0,0.008,0.01,12,124510.0,-0.01300000000000523,0.013999999999995794,-0.012000000000000455,100.00139999999999,100.001,100.00125,100.00335391543433,100.00249097648759,100.00239928483069,0.009000000000000341,0.01507142857142745,0.007999999999995566,0.0,0.00660320419376092,0.0061974619316525655,1.065469101155118,51.58484823419784,100.00225,100.00065384615384,100.00234296816893,100.00268162129296,-0.00033865312403236203,-0.0011864411214538172,-0.0010627130322371802,11.0
99.993,100.0,99.993,99.999,100.008,-0.009,-0.01,16,160594.0,0.0,0.018999999999991246,0.0,100.0014,100.0029,100.00125,100.00190261028956,100.00185625348985,100.00207554341824,0.015000000000000568,0.01592857142857034,0.0,0.009000000000000341,0.006131546751349426,0.006397643222248835,0.9584071099848119,48.93809387733712,100.00025000000001,100.0006923076923,100.00182866537371,100.0024089086046,-0.0005802432308854577,-0.0010156576807089676,-0.0009662190719668357,0.33333333333333326
99.996,99.997,99.996,99.996,99.999,-0.003,0.0,27,268090.0,-0.0040000000000048885,-0.012000000000000455,-0.0040000000000048885,100.00059999999999,100.0017,100.00104999999999,99.99993507352637,100.00079148012806,100.00149692023555,0.0030000000000001137,0.01585714285714244,0.0,0.0030000000000001137,0.005693579126253039,0.0061549544206596415,0.9250400144543791,48.05302785960875,100.00041666666665,100.00053846153847,100.00093194762391,100.00193417463387,-0.001002227009962553,-0.0008791421085811003,-0.0009734206595659792,0.6875
99.992,99.999,99.992,99.999,99.996,0.003,0.0,5,50599.0,-0.0010000000000047748,0.001999999999995339,-0.0010000000000047748,100.0004,100.0019,100.001,99.99962338235092,100.0004657564684,100.00125911830835,0.006999999999990791,0.014571428571428109,0.0030000000000001137,0.0,0.005501180617234973,0.005715314819183953,0.9625332621695273,49.04544960962715,100.002,100.00061538461539,100.00063472491254,100.00171682836469,-0.0010821034521484307,-0.0007444396214234909,-0.0009951572180824696,-0.8148148148148149
100.004,100.009,100.004,100.008,99.999,0.009,0.01,29,285718.0,0.007999999999995566,0.01099999999999568,0.000999999999990564,100.002,100.003,100.00104999999999,100.00241558823396,100.00183561892868,100.00190110704088,0.010000000000005116,0.013071428571429067,0.009000000000000341,0.0,0.0057510962874324995,0.0053070780463850995,1.0836652932492374,52.00764713796166,100.00200000000001,100.00099999999999,100.00176784415677,100.00218224848582,-0.0004144043290494892,-0.0007456461797990718,-0.0008790066402758735,4.8
99.996,99.997,99.996,99.997,100.008,-0.011,-0.01,1,10200.0,-0.01099999999999568,-0.02400000000000091,0.0010000000000047748,99.9998,100.00059999999999,100.0011,100.00061039215598,100.0009564154871,100.00143433494175,0.012000000000000455,0.012142857142857264,0.0,0.01099999999999568,0.005340303695473035,0.005713715328785856,0.9346464407438078,48.31096892228365,100.002,100.00169230769231,100.00103432967111,100.00179837822762,-0.0007640485565048039,-0.0007558212255437032,-0.0008560150235216597,-0.9655172413793104
100.004,100.004,100.004,100.004,99.997,0.007,0.01,11,110004.0,0.005000000000009663,0.005000000000009663,0.005000000000009663,100.0008,100.0011,100.00135,100.00174026143732,100.00150979448944,100.00167868399492,0.007000000000005002,0.010071428571428953,0.007000000000005002,0.0,0.005458853431511033,0.005305592805301152,1.0288866167898805,50.71188346728771,100.00258333333333,100.00107692307691,100.00149058664479,100.00196146132187,-0.00047087467707740416,-0.0007197255225040382,-0.0007789869542328086,10.0
100.004,100.004,100.004,100.004,100.004,0.0,0.0,1,10000.0,0.008000000000009777,0.0040000000000048885,0.005000000000009663,100.0024,100.0015,100.0016,100.00249350762489,100.00196255912772,100.0018997617097,0.0,0.009214285714286063,0.0,-0.0,0.005068935329260245,0.004926621890636784,1.0288866167898805,50.71188346728771,100.00116666666666,100.00126923076922,100.0018766502379,100.00211246418692,-0.00023581394901839303,-0.0006477891553515747,-0.0006703523531899256,-0.9090909090909091
99.96,99.993,99.96,99.991,100.004,-0.013,-0.01,14,139985.0,-0.007999999999995566,-0.009000000000000341,-0.007000000000005002,100.0008,100.00059999999999,100.00125,99.9986623384166,99.99996936655904,100.00086168916592,0.04400000000001114,0.012142857142858279,0.0,0.01300000000000523,0.0047068685200273705,0.005503291755591673,0.8552823889892647,46.099849492734755,100.00049999999999,100.00092307692307,100.00020331943207,100.0012893186916,-0.0010859992595300128,-0.0006638186209121008,-0.0007534817344579431,13.0
100.004,100.01,99.994,100.008,99.991,0.017,0.02,119,1187854.0,0.0,0.007999999999995566,-0.015000000000000568,100.0008,100.00139999999999,100.0005,100.00177489227774,100.00142948173011,100.00154152829296,0.019000000000005457,0.011714285714286834,0.016999999999995907,0.0,0.005584949340025123,0.005110199487335125,1.0929024109267351,52.21946351730748,100.00116666666666,100.00123076923077,100.00140280875023,100.00178640619593,-0.00038359744570470866,-0.0006688124344312504,-0.0006795048767072963,7.5
100.01,100.02,100.01,100.018,100.008,0.01,0.01,30,300845.0,0.021000000000000796,0.010000000000005116,0.02400000000000091,100.005,100.0024,100.0017,100.00718326151849,100.00444230323373,100.00310900178887,0.012000000000000455,0.011000000000000756,0.010000000000005116,0.0,0.005900310101452266,0.0047451852382397585,1.2434309316112186,55.42541622701949,100.00266666666666,100.00165384615386,100.00395622278866,100.00298741314438,0.0009688096442772576,-0.0004966954483020598,-0.0003498419725103855,-0.7478991596638656
99.999,99.999,99.997,99.997,100.018,-0.021,-0.02,18,179998.0,-0.007000000000005002,-0.001999999999995339,0.016999999999995907,100.00359999999999,100.00219999999999,100.00255,100.00378884101232,100.00308915719123,100.00252719209469,0.021000000000000796,0.011928571428572557,0.0,0.021000000000000796,0.005478859379919961,0.005906243435508404,0.9276385979929298,48.123055792657055,100.00241666666666,100.00169230769231,100.00288603466733,100.00254390105961,0.0003421336077167325,-0.0003473220463376947,-0.0002114468564649619,-0.4
99.999,100.0,99.999,100.0,99.997,0.003,0.0,18,180000.0,-0.0040000000000048885,0.0040000000000048885,-0.007999999999995566,100.00280000000001,100.0026,100.00215,100.00252589400822,100.00252749224737,100.00228650713329,0.0030000000000001137,0.011571428571430025,0.0030000000000001137,0.0,0.005301797995639972,0.005484368904400661,0.9667106804915705,49.15368030898909,100.00175,100.00173076923078,100.00244202933389,100.00235546394408,8.656538980744699e-05,-0.00021746995278704162,-0.00015184440721048012,0.0
99.997,100.0,99.997,100.0,100.0,0.0,0.0,7,70000.0,0.009000000000000341,0.0010000000000047748,0.0030000000000001137,100.00460000000001,100.0027,100.0023,100.00168392933881,100.0020679482024,100.00206874454916,0.0030000000000001137,0.011785714285715747,0.0,-0.0,0.004923098138808545,0.0050926282683720426,0.9667106804915705,49.15368030898909,100.00183333333332,100.00176923076923,100.0020663325133,100.0021809851334,-0.00011465262011256527,-0.00018416420734960562,-0.00014440604979089715,-0.6111111111111112
99.995,99.995,99.995,99.995,100.0,-0.005,-0.01,1,10000.0,-0.012999999999991019,-0.012999999999991019,-0.001999999999995339,100.002,100.00139999999999,100.00219999999999,99.99945595289255,100.00078286671105,100.00139553078259,0.0049999999999954525,0.011500000000001112,0.0,0.0049999999999954525,0.0045714482717507925,0.005086011963488001,0.8988276678404982,47.33592642784262,100.00175,100.00165384615386,100.00097920443432,100.00164906030872,-0.0006698558744062666,-0.0001736983537831015,-0.000249496014713971,-0.8571428571428572
100.089,100.089,100.004,100.019,99.995,0.024,0.02,31,313482.0,0.0010000000000047748,0.02200000000000557,-0.001999999999995339,100.0022,100.0036,100.0021,100.00597063526172,100.00409507276359,100.00307214689853,0.09399999999999409,0.017142857142857792,0.02400000000000091,0.0,0.005959201966625801,0.0047227253946674295,1.2618142001977322,55.78770352080298,100.00341666666667,100.00150000000001,100.00375163452135,100.00293431510067,0.0008173194206761991,-3.0565676254923346e-05,-3.6132927635937004e-05,30.0
99.993,99.999,99.991,99.999,100.019,-0.02,-0.02,24,239990.0,0.001999999999995339,-0.005000000000009663,0.0,100.0026,100.00309999999999,100.0021,100.00364709017448,100.00316869589747,100.00268432338439,0.028000000000005798,0.018928571428572485,0.0,0.020000000000010232,0.005533544683295387,0.005813959295049059,0.9517687349492691,48.76442161955257,100.00266666666666,100.00169230769231,100.00302061382575,100.00264288435247,0.00037772947328562623,3.7605815112189906e-05,4.6639552548375644e-05,-0.22580645161290325
100.0,100.0,100.0,100.0,99.999,0.001,0.0,1,10000.0,0.0,-0.0040000000000048885,0.0,100.0026,100.00269999999999,100.0021,100.00243139344965,100.00259256937066,100.00242867353825,0.0010000000000047748,0.018500000000002053,0.0010000000000047748,0.0,0.005209720063060343,0.00539867648825984,0.9649994909659044,49.1094015750383,100.00291666666668,100.00246153846153,100.00255590400641,100.00244711514117,0.00010878886524778864,0.0001703600511986123,5.906941508825825e-05,-0.9583333333333334
99.996,99.996,99.996,99.996,100.0,-0.004,0.0,0,700.0,-0.0040000000000048885,0.0049999999999954525,-0.0040000000000048885,100.0018,100.00319999999999,100.0019,100.00028759563311,100.00139392039418,100.00181641891555,0.0040000000000048885,0.018071428571430608,0.0,0.0040000000000048885,0.004837597201413175,0.005298771024813058,0.9129658894033541,47.7251525738446,100.00225,100.00200000000001,100.00154730339004,100.00196955105663,-0.00042224766659160196,0.0001660655822111797,-3.719400124771379e-05,-1.0
99.993,100.099,99.992,100.036,99.996,0.04,0.04,40,400713.0,0.04099999999999682,0.028000000000005798,0.036000000000001364,100.01,100.006,100.0037,100.01219173042207,100.00768593486795,100.00507199806644,0.10699999999999932,0.024857142857144816,0.04000000000000625,0.0,0.00734919740131268,0.004920287380183554,1.4936520640870605,59.898174472624135,100.00491666666666,100.0035,100.00684771825311,100.00449032505244,0.0023573932006684117,0.00032035264403241907,0.00044172343913551136,inf
100.072,100.072,100.006,100.026,100.036,-0.01,-0.01,134,1340478.0,0.006999999999990791,0.007999999999995566,0.018000000000000682,100.01140000000001,100.0068,100.0046,100.01679448694806,100.01101576489195,100.00706514110774,0.0660000000000025,0.02907142857143035,0.0,0.010000000000005116,0.006824254729790346,0.005283123995885094,1.2917082270084148,56.36442771314762,100.00783333333334,100.00461538461538,100.00979422313725,100.00608363430783,0.003710588829420658,0.0006946254464439664,0.0010954965171925408,2.35
99.963,100.423,99.963,99.996,100.026,-0.03,-0.03,173,1731640.0,-0.0030000000000001137,-0.0010000000000047748,-0.0030000000000001137,100.01079999999999,100.0067,100.00444999999999,100.0098629912987,100.00828562582069,100.0060113181451,0.46000000000000796,0.061928571428573775,0.0,0.030000000000001137,0.006336807963376751,0.00704861513903624,0.8990146061859159,47.34111066115208,100.00683333333335,100.00365384615385,100.00767203496228,100.00533669843317,0.002335336529114329,0.0009444889063669532,0.0013434645195768986,0.29104477611940305
99.995,100.007,99.995,100.007,99.996,0.011,0.01,67,665007.0,0.007000000000005002,0.007000000000005002,0.01100000000000989,100.01219999999999,100.0074,100.005,100.00890866086581,100.00805187567147,100.00610547832176,0.012000000000000455,0.059642857142858725,0.01100000000000989,0.0,0.006669893108850546,0.006545142629105081,1.0190600093557507,50.472002052129014,100.00591666666666,100.00396153846154,100.00756864496809,100.00545990595664,0.002108739011447369,0.0011915324209847238,0.0014965194179509928,-0.6127167630057804
100.01,100.01,100.01,100.01,100.007,0.003,0.0,24,240024.0,0.014000000000010004,0.010000000000005116,0.01100000000000989,100.015,100.00840000000001,100.00555,100.0092724405772,100.00840608009483,100.00647638514826,0.0030000000000001137,0.058500000000001204,0.0030000000000001137,0.0,0.006407757886789801,0.006077632441311861,1.0543180997972104,51.322046955692315,100.00699999999999,100.00434615384614,100.00794269958838,100.00579620921911,0.002146490369270282,0.001504459781393229,0.0016265136082148507,-0.6417910447761195
99.99,100.0,99.99,100.0,100.01,-0.01,-0.01,0,200.0,-0.036000000000001364,0.0049999999999954525,-0.007999999999995566,100.0078,100.0089,100.00515,100.00618162705148,100.00687770189577,100.0058595865627,0.020000000000010232,0.059071428571430475,0.0,0.010000000000005116,0.005950060894876244,0.006357801552647093,0.9358676651992882,48.34357647597493,100.00699999999999,100.00434615384614,100.00672074580555,100.00536686038807,0.001353885417486822,0.0015640782254832983,0.0015719879700692452,-1.0
99.996,100.0,99.996,99.997,100.0,-0.003,0.0,4,39999.0,-0.028999999999996362,-0.02200000000000557,0.0,100.00200000000001,100.0067,100.00515,100.00312108470098,100.00508175609653,100.00501581641387,0.0040000000000048885,0.05785714285714505,0.0,0.0030000000000001137,0.005525056545242227,0.0061179585846008805,0.903088255476098,47.45382947309353,100.00675,100.00423076923077,100.00522524645085,100.00474709295192,0.000478153498931988,0.0015752364505551163,0.001353221075841794,inf
99.996,99.996,99.996,99.996,99.997,-0.001,0.0,6,59998.0,0.0,-0.0030000000000001137,-0.008000000000009777,100.002,100.00640000000001,100.00475,100.00074738980065,100.00343052771534,100.0041571672316,0.0010000000000047748,0.05771428571428824,0.0,0.0010000000000047748,0.005130409649153496,0.005752390114272587,0.8918744291045458,47.142369249458284,100.00683333333335,100.00376923076922,100.0038059777661,100.00409916014065,-0.00029318237454845075,0.0015305729794666452,0.001023940385763745,0.5
100.0,100.0,100.0,100.0,99.996,0.004,0.0,2,20000.0,-0.007000000000005002,0.0,-0.0040000000000048885,100.00059999999999,100.00640000000001,100.00455000000001,100.0004982598671,100.00280679540346,100.00376124654287,0.0040000000000048885,0.05778571428571715,0.0040000000000048885,0.0,0.005049666102785739,0.005341505106110259,0.9453639007120521,48.59573575751176,100.00525,100.00380769230767,100.00322044272517,100.00379551864876,-0.0005750759235922942,0.0015135920620221238,0.0007041371238925373,-0.6666666666666667
100.005,100.006,100.005,100.006,100.0,0.006,0.01,6,61203.0,-0.0040000000000048885,0.010000000000005116,0.015000000000000568,99.99980000000001,100.0074,100.0053,100.00233217324475,100.00338737805737,100.00397446115782,0.006000000000000227,0.05785714285714606,0.006000000000000227,0.0,0.005117547095443917,0.0049599690271023835,1.0317699702317678,50.78182989947784,100.00583333333333,100.0041923076923,100.00364806692129,100.00395881356366,-0.0003107466423699634,0.0012171320794623045,0.0005011603706400372,2.0
100.0,100.0,99.996,100.0,100.006,-0.006,-0.01,20,199993.0,0.0,-0.036000000000001364,-0.007999999999995566,99.99980000000001,100.0038,100.00489999999999,100.00155478216317,100.00277149113785,100.00359594104755,0.010000000000005116,0.051857142857146855,0.0,0.006000000000000227,0.004752008017197923,0.005034256953737944,0.9439343404332092,48.557933300507045,100.00583333333333,100.00423076923077,100.00308682585647,100.0036655681145,-0.0005787422580283419,0.0007405397364124156,0.0002851798449063614,2.3333333333333335
100.045,100.045,100.026,100.032,100.0,0.032,0.03,13,130048.0,0.03499999999999659,0.006000000000000227,0.013999999999995794,100.0068,100.0044,100.0056,100.01170318810878,100.00808576547641,100.00630108951921,0.045000000000001705,0.05307142857143227,0.031999999999996476,0.0,0.0066982931588263905,0.004674667171328091,1.4328919928054213,58.89665455937984,100.00883333333333,100.00515384615385,100.00753500649394,100.00576441492083,0.001770591573105662,0.000677790296855897,0.0005822621905462215,-0.35
100.025,100.025,100.025,100.025,100.032,-0.007,-0.01,1,10003.0,0.029000000000010573,0.029000000000010573,0.028000000000005798,100.01259999999999,100.00730000000001,100.00699999999999,100.0161354587392,100.01116108084433,100.00808193813643,0.006999999999990791,0.053500000000002705,0.0,0.006999999999990791,0.006219843647481648,0.004840762373375427,1.2848892731631025,56.23420304233636,100.00791666666667,100.00623076923077,100.0102219285718,100.00718927307484,0.0030326554969519748,0.0007804476841341865,0.0010723408518273723,-0.9230769230769231
99.99,100.005,99.99,99.995,100.025,-0.03,-0.03,14,139998.0,-0.0049999999999954525,-0.012000000000000455,-0.0049999999999954525,100.0116,100.0061,100.00675,100.00909030582613,100.008222702509,100.00683603926629,0.0350000000000108,0.05571428571428884,0.0,0.030000000000001137,0.005775569101232959,0.006637850775277264,0.8700962550625753,46.52681661209257,100.00533333333334,100.0058846153846,100.0078800934069,100.0062863639582,0.0015937294487002873,0.0007190298040708538,0.0011766185712019555,13.0
100.005,100.005,99.995,100.001,99.995,0.006,0.01,7,70999.0,-0.0049999999999954525,-0.009000000000000341,0.0010000000000047748,100.01060000000001,100.0052,100.0068,100.00639353721743,100.006909483871,100.00628022600283,0.009999999999990905,0.04878571428571681,0.006000000000000227,0.0,0.005791599879716335,0.006163718577043174,0.9396275652959241,48.443710643623874,100.00574999999999,100.00576923076923,100.00682161749815,100.00589478144278,0.0009268360553704724,0.0006715798749468149,0.0011266620680356588,-0.5
100.004,100.01,100.004,100.01,100.001,0.009,0.01,5,50004.0,0.010000000000005116,0.010000000000005116,0.015000000000000568,100.01259999999999,100.0062,100.00755000000001,100.00759569147829,100.00747139589446,100.00663449019304,0.009000000000000341,0.044714285714288086,0.009000000000000341,0.0,0.006020771316879479,0.0057234529643972335,1.0519473741344108,51.26580668659507,100.00600000000001,100.00649999999999,100.0073105994215,100.00619887170627,0.001111727715226607,0.0007419770100906615,0.0011236751974738484,-0.2857142857142857
100.008,100.009,100.008,100.009,100.01,-0.001,0.0,2,20002.0,-0.022999999999996135,0.012000000000000455,-0.010000000000005116,100.00800000000001,100.0074,100.00705,100.00806379431886,100.00774932391363,100.00685977684131,0.0020000000000095497,0.012000000000002484,0.0,0.0010000000000047748,0.005590716222816659,0.005386063466940629,1.0379967219347075,50.93220763129189,100.00591666666666,100.00653846153844,100.0075705072028,100.006406362691,0.0011641445118044658,0.0009039022196854299,0.001131769060339972,-0.6
99.997,99.998,99.997,99.998,100.009,-0.011,-0.01,5,49999.0,-0.027000000000001023,0.0020000000000095497,-0.000999999999990564,100.0026,100.0076,100.007,100.00470919621259,100.00597671956568,100.00601598857071,0.012000000000000455,0.012000000000002484,0.0,0.01099999999999568,0.005191379349758327,0.005787058933587419,0.897066957384547,47.28704771819533,100.00574999999999,100.00576923076922,100.00609812147928,100.00578366915833,0.0003144523209499539,0.0010027386913012354,0.0009683057124619686,1.5
100.0,100.0,100.0,100.0,99.998,0.002,0.0,1,10000.0,0.0049999999999954525,0.0,0.0,100.0036,100.0076,100.007,100.00313946414173,100.00489004328101,100.00544303727825,0.001999999999995339,0.011928571428573573,0.001999999999995339,0.0,0.004963423681918114,0.005373697581188317,0.9236514721806364,48.01553116758683,100.00600000000001,100.0058846153846,100.00515994894401,100.00535524922067,-0.00019530027665837224,0.0010155660652691899,0.0007355845146379005,-0.8
100.0,100.046,100.0,100.028,100.0,0.028,0.03,9,90020.0,0.027000000000001023,0.02200000000000557,0.03200000000001069,100.009,100.0098,100.0086,100.01142630942783,100.00909185359355,100.00759131944223,0.04600000000000648,0.013785714285716162,0.028000000000005798,0.0,0.006608893418924377,0.004989862039674866,1.3244641567996147,56.97933233021638,100.00866666666667,100.00696153846154,100.00867380295263,100.00703263816729,0.0016411647853402656,0.0012622224034212575,0.0009167005687783737,8.0
100.003,100.005,100.003,100.005,100.028,-0.023,-0.02,5,50002.0,-0.005000000000009663,0.0049999999999954525,-0.03100000000000591,100.00800000000001,100.0103,100.00705,100.00928420628523,100.0083478802129,100.0073445271144,0.025000000000005684,0.015285714285716219,0.0,0.023000000000010346,0.006136829603286922,0.006276300465413115,0.9777781731619166,49.43821235516628,100.00908333333332,100.00715384615386,100.00810860249837,100.00688207237712,0.0012265301212437407,0.001201771130992155,0.0009786664792714472,-0.4444444444444444
100.005,100.005,100.005,100.005,100.005,0.0,0.0,6,61003.0,-0.0040000000000048885,-0.027000000000001023,-0.021000000000000796,100.0072,100.0076,100.006,100.00785613752349,100.00773917471965,100.00712123881779,0.0,0.015214285714287306,0.0,-0.0,0.0056984846316235705,0.0058279932893121784,0.9777781731619165,49.43821235516627,100.00900000000001,100.00753846153846,100.00763035596015,100.00674265960845,0.0008876963516968317,0.0009634423370749169,0.0009604724537565241,0.19999999999999996
99.999,100.0,99.999,99.999,100.005,-0.006,-0.01,5,50100.0,0.000999999999990564,-0.02600000000001046,0.0030000000000001137,100.00739999999999,100.005,100.00615,100.00490409168233,100.00615023386152,100.0063477875018,0.006000000000000227,0.015357142857144115,0.0,0.006000000000000227,0.00529145001507903,0.005840279482932753,0.9060268486366815,47.534841877213466,100.00891666666668,100.00676923076922,100.00630260888936,100.00616912926708,0.00013347962227783228,0.0008011923563613107,0.0007950738874607857,-0.16666666666666663
99.992,99.999,99.992,99.998,99.999,-0.001,0.0,8,79997.0,-0.001999999999995339,0.0030000000000001137,-0.009000000000000341,100.00699999999999,100.0053,100.0057,100.00260272778823,100.00466837315942,100.00555276012068,0.006999999999990791,0.015428571428572013,0.0,0.000999999999990564,0.004913489299716242,0.005494545234151168,0.8942485847921696,47.20861833930226,100.00608333333332,100.00673076923077,100.00502528444483,100.00556400858063,-0.0005387241358079109,0.0006383523351192682,0.0005283142828070464,0.6000000000000001
99.997,99.997,99.997,99.997,99.998,-0.001,0.0,1,10000.0,-0.03100000000000591,-0.0040000000000048885,-0.01300000000000523,100.0008,100.00489999999999,100.00505,100.00073515185883,100.00327412349407,100.00473821153776,0.0010000000000047748,0.014785714285714846,0.0,0.0010000000000047748,0.004562525778307939,0.005173506288854997,0.8819020454535332,46.862271476037286,100.00375000000001,100.00661538461539,100.00379062529947,100.00492963757466,-0.0011390122751890885,0.0003882701139619687,0.00019484897120781945,-0.875
99.997,100.0,99.997,100.0,99.997,0.003,0.0,2,20000.0,-0.0049999999999954525,-0.010000000000005116,0.0,99.9998,100.0039,100.00505000000001,100.00049010123922,100.00267882831332,100.00428695329606,0.0030000000000001137,0.011785714285714732,0.0030000000000001137,0.0,0.004450916794143095,0.004803970125365355,0.9265080085827118,48.09261131825363,100.00416666666666,100.00676923076922,100.00320745217648,100.0045644792358,-0.0013570270593135092,0.0001081399393933048,-0.00011552623489644625,1.0
99.998,99.998,99.998,99.998,100.0,-0.002,0.0,1,10000.0,-0.006999999999990791,-0.01099999999999568,0.0010000000000047748,99.99839999999999,100.00280000000001,100.0051,99.99966006749283,100.00182813225635,100.00368819583929,0.001999999999995339,0.0114285714285722,0.0,0.001999999999995339,0.004132994165990017,0.004603686544981783,0.897757509249877,47.30622879235671,100.00391666666667,100.0053076923077,100.0024063056878,100.00407822151463,-0.0016719158268330148,-0.0001125676325825806,-0.00042680415328375995,-0.5
99.998,99.998,99.968,99.998,99.998,0.0,0.0,10,100186.0,-0.000999999999990564,0.0,0.0020000000000095497,99.99820000000001,100.0028,100.0052,99.9991067116619,100.00113210820973,100.00314646290222,0.030000000000001137,0.011071428571428652,0.0,-0.0,0.00383778029699073,0.004274851791768799,0.8977575092498769,47.30622879235671,100.00291666666668,100.00423076923077,100.00172841250506,100.00362798288393,-0.0018995703788675655,-0.00030193097727249096,-0.0007213573984005211,9.0
100.013,100.013,100.005,100.005,99.998,0.007,0.01,2,20002.0,0.006999999999990791,0.0049999999999954525,0.0049999999999954525,99.99960000000002,100.0033,100.00545,100.00107114110793,100.00183536126251,100.00332299024487,0.015000000000000568,0.0114285714285722,0.006999999999990791,0.0,0.004063653132919306,0.003969505235213885,1.0237177915449578,50.58599552872565,100.00258333333333,100.00457692307693,100.00223173365814,100.00372961378142,-0.0014978801232814476,-0.0006507137448971258,-0.0008766619433767064,-0.8
99.997,99.999,99.997,99.999,100.005,-0.006,-0.01,11,109998.0,0.001999999999995339,-0.029000000000010573,-0.007000000000005002,100.0,100.0004,100.0051,100.00038076073862,100.00131984103297,100.00291127688823,0.007999999999995566,0.011357142857143288,0.0,0.006000000000000227,0.0037733921948536414,0.004114540575555766,0.9170871268766029,47.837529865987825,100.00266666666666,100.00426923076922,100.00173454386457,100.00337927201983,-0.001644728155255848,-0.0009697424422859689,-0.0010302751857525349,4.5
100.006,100.006,100.006,100.006,99.999,0.007,0.01,18,180111.0,0.006000000000000227,0.0010000000000047748,0.006000000000000227,100.00120000000001,100.0005,100.00540000000001,100.00225384049241,100.00217077902697,100.00320544099411,0.007000000000005002,0.01171428571428582,0.007000000000005002,0.0,0.004003864180935881,0.003820644820158926,1.0479550885783029,51.17080420478345,100.00316666666667,100.00411538461539,100.0023907678854,100.00357340001835,-0.0011826321329522216,-0.0011997789405803082,-0.0010607465751924722,0.6363636363636365
100.002,100.002,100.002,100.002,100.006,-0.004,0.0,1,10000.0,0.003999999999990678,-0.0030000000000001137,-0.030000000000001137,100.002,100.0002,100.0039,100.00216922699494,100.00213972829478,100.00309063708991,0.0040000000000048885,0.011142857142857565,0.0,0.0040000000000048885,0.003717873882297604,0.0038334559044336377,0.9698491322145233,49.23469093920962,100.00099999999999,100.0041923076923,100.00233064974918,100.00345685186885,-0.001126202119664299,-0.0013397435785738783,-0.0010738376840868375,-0.9444444444444444
100.386,100.386,100.386,100.386,100.002,0.384,0.38,1,10039.0,0.387999999999991,0.38700000000000045,0.36099999999999,100.0796,100.0389,100.02195,100.13011281799663,100.07193250496844,100.03955819546229,0.38400000000000034,0.03842857142857221,0.38400000000000034,0.0,0.030880882890704942,0.003559637625545521,8.675288368987388,89.66439074616791,100.03275000000001,100.01915384615383,100.06135670363392,100.03179338136003,0.029563322273887138,0.0020049282447255714,0.005053594307507958,0.0
99.999,99.999,99.999,99.999,100.386,-0.387,-0.39,1,10000.0,-0.006000000000000227,0.000999999999990564,0.003999999999990678,100.07839999999999,100.039,100.02215,100.0864085453311,100.05867204951963,100.03569551018018,0.38700000000000045,0.06278571428571464,0.0,0.38700000000000045,0.028675105541368876,0.030948234938006587,0.9265505964656436,48.09375877101014,100.03224999999999,100.01926923076924,100.05176336461331,100.02936424200003,0.022399122613279587,0.004620276565666536,0.008522699968662284,0.0
100.006,100.006,100.006,100.006,99.999,0.007,0.01,1,10001.0,0.007000000000005002,0.009000000000000341,0.0049999999999954525,100.0798,100.0399,100.02239999999999,100.05960569688742,100.04909531324333,100.03286736635349,0.007000000000005002,0.0615000000000003,0.007000000000005002,0.0,0.027126883716985743,0.028737646728148974,0.9439493767043401,48.55833120020119,100.03283333333331,100.01950000000001,100.04472284698049,100.02763355740743,0.017089289573064548,0.006669867302597431,0.010236017889542738,0.0
99.95,99.999,99.95,99.999,100.006,-0.007,-0.01,48,484102.0,-0.007000000000005002,-0.0010000000000047748,-0.01100000000000989,100.07839999999999,100.0398,100.02185,100.03940379792495,100.03998707447181,100.02964190289126,0.055999999999997385,0.06550000000000011,0.0,0.007000000000005002,0.025189249165772476,0.027184957676138693,0.926587764669653,48.094760158955566,100.03291666666667,100.01923076923077,100.03768856282964,100.02551255315502,0.012176009674618626,0.008208525691647614,0.010624016246557916,47.0
99.996,100.009,99.996,100.009,99.999,0.01,0.01,3,30000.0,0.007000000000005002,0.01099999999999568,0.0,100.0798,100.0409,100.02185,100.02926919861663,100.03435306093147,100.02767600737779,0.01300000000000523,0.06600000000000047,0.010000000000005116,0.0,0.024104302796789094,0.02524317498498593,0.9548839562030446,48.84606849286891,100.03391666666666,100.01957692307693,100.03327493777893,100.02428940106947,0.008985536709460007,0.009417982034795122,0.010296320339138335,-0.9375
99.997,99.997,99.997,99.997,100.009,-0.012,-0.01,1,10000.0,-0.3889999999999958,-0.0010000000000047748,-0.0010000000000047748,100.002,100.0408,100.0218,100.01851279907777,100.02756159530756,100.02475448286562,0.012000000000000455,0.06635714285714402,0.0,0.012000000000000455,0.02238256688273273,0.024297233914629825,0.9211981479610222,47.94914824057554,100.03366666666666,100.01823076923077,100.02769417812064,100.02226796395321,0.005426214167428611,0.010187325844874017,0.00932229910479639,-0.6666666666666667
100.055,100.055,100.005,100.006,99.997,0.009,0.01,18,180016.0,0.007000000000005002,0.0010000000000047748,0.006000000000000227,100.00339999999998,100.0409,100.0221,100.01434186605186,100.02364130525163,100.02296834164032,0.058000000000006935,0.07042857142857274,0.009000000000000341,0.0,0.021426669248251845,0.02256171720644198,0.949691419859387,48.70983224247248,100.03433333333334,100.0175,100.02435661225593,100.02106292958631,0.0032936826696214894,0.010736038158749276,0.00811657581776141,17.0
99.996,99.998,99.996,99.998,100.006,-0.008,-0.01,11,111397.0,-0.007999999999995566,-0.000999999999990564,-0.030000000000001137,100.0018,100.0408,100.02059999999999,100.00889457736793,100.01897924975133,100.02059040434125,0.010000000000005116,0.0709285714285731,0.0,0.007999999999995566,0.019896192873376715,0.021521594548838664,0.9244757784199751,48.03779755435448,100.03433333333332,100.01761538461538,100.02030174883194,100.01935456443177,0.0009471844001751606,0.010972684440207874,0.006682697534244161,-0.38888888888888884
100.079,100.079,100.079,100.079,99.998,0.081,0.08,1,10008.0,0.0799999999999983,0.07299999999999329,0.07399999999999807,100.0178,100.0481,100.02430000000001,100.03226305157861,100.0298921134329,100.02615322297542,0.08099999999998886,0.07657142857142978,0.08099999999998886,0.0,0.024260750525277583,0.01998433779535019,1.213988212855489,54.8326411950382,100.04050000000001,100.02061538461538,100.02933224901165,100.02377274484424,0.005559504167408136,0.011715540694327033,0.0064580588608769566,-0.9090909090909091
100.011,100.011,100.008,100.008,100.079,-0.071,-0.07,4,40004.0,-0.0010000000000047748,0.006000000000000227,0.0030000000000001137,100.0176,100.0487,100.02444999999999,100.02417536771908,100.02591172917235,100.02442434459681,0.07099999999999795,0.07950000000000099,0.0,0.07099999999999795,0.02252783977347204,0.023628313667110743,0.9534256270192274,48.80787954410526,100.04124999999999,100.02053846153845,100.02605036454833,100.0226043933743,0.003445971174031115,0.00881361279434303,0.005855641323507788,3.0
99.995,99.997,99.995,99.997,100.008,-0.011,-0.01,3,30099.0,0.0,-0.3889999999999958,-0.001999999999995339,100.01759999999999,100.0098,100.02435,100.01511691181273,100.020655051141,100.02181250225425,0.012999999999991019,0.07935714285714315,0.0,0.01099999999999568,0.02091870836108118,0.02272629126231681,0.9204629175798322,47.92922108278976,100.0405,100.02007692307694,100.02158107769473,100.02070777164286,0.0008733060518721913,0.006421855398631098,0.004859174269180669,-0.25
99.996,99.997,99.996,99.996,99.997,-0.001,0.0,4,40098.0,-0.010000000000005116,-0.0030000000000001137,-0.0020000000000095497,100.0156,100.00949999999999,100.02425000000001,100.00874460787516,100.01617231456991,100.01935416870623,0.0010000000000047748,0.07885714285714382,0.0,0.0010000000000047748,0.01942451490671824,0.021174413315008807,0.9173578798969505,47.84489580767543,100.04,100.02,100.01764552728015,100.01887756633597,-0.0012320390558215877,0.00438615221764375,0.0036409316041802176,0.33333333333333326
100.008,100.008,100.008,100.008,99.996,0.012,0.01,1,10001.0,0.009999999999990905,0.001999999999995339,0.01099999999999568,100.01759999999999,100.0097,100.0248,100.00849640525011,100.01468643919355,100.01827281930562,0.012000000000000455,0.07921428571428635,0.012000000000000455,0.0,0.018894192413381253,0.019661955221079608,0.9609518585987199,49.00435746981613,100.00849999999998,100.0203076923077,100.01616160000628,100.01807182068146,-0.0019102206751711037,0.0028210155121115577,0.0025307011483099535,-0.75
99.997,99.997,99.997,99.997,100.008,-0.011,-0.01,1,10000.0,-0.08199999999999363,-0.001999999999995339,-0.0030000000000001137,100.00120000000001,100.00949999999999,100.02465,100.00466427016676,100.01147072297654,100.01624683651461,0.01099999999999568,0.0797142857142857,0.0,0.01099999999999568,0.01754460724099688,0.019043244133859327,0.9213034878759004,47.952002049111385,100.00833333333333,100.01911538461538,100.01321366154379,100.01651094507542,-0.003297283531637163,0.0014562577075452054,0.00136510421232053,0.0
100.2,100.9,100.2,100.331,99.997,0.334,0.33,21,212692.0,0.3230000000000075,0.32200000000000273,0.3329999999999984,100.0658,100.04169999999999,100.0413,100.11344284677784,100.06956695516263,100.04622332827513,0.9030000000000058,0.11678571428571465,0.3340000000000032,0.0,0.04014856386664019,0.017683012410012234,2.2704595198897115,69.4232570708069,100.03541666666668,100.03165384615384,100.06210386746014,100.03980643062539,0.02229743683474794,0.0033308380039140197,0.0055515707368060125,20.0
100.002,100.5,100.002,100.26,100.331,-0.071,-0.07,2,20152.0,0.26300000000000523,0.26300000000000523,0.26200000000000045,100.11840000000001,100.068,100.0544,100.16229523118524,100.10419114513306,100.06658301129656,0.49800000000000466,0.12471428571428637,0.0,0.07099999999999795,0.03728080930473732,0.021491368666439786,1.7346875335563807,63.432750991498864,100.05716666666667,100.04146153846153,100.09254942631242,100.05611706539388,0.036432360918539075,0.007012913364904862,0.011727728773152625,-0.9047619047619048
100.001,100.001,100.0,100.0,100.26,-0.26,-0.26,6,60000.0,0.0040000000000048885,-0.006000000000000227,-0.0049999999999954525,100.1192,100.06739999999999,100.05415,100.10819682079017,100.08524730056341,100.06024177212545,0.2600000000000051,0.14278571428571496,0.0,0.2600000000000051,0.03461789435439894,0.03852769947598017,0.8985196319853259,47.32738165292097,100.05641666666668,100.04149999999998,100.07831105303359,100.05196024573507,0.026350807298513246,0.009835538131386871,0.014652344478224751,2.0
100.003,100.007,100.002,100.007,100.0,0.007,0.01,13,130005.0,-0.000999999999990564,0.009000000000000341,0.008000000000009777,100.119,100.0683,100.05454999999999,100.07446454719346,100.07102051864278,100.05517112716113,0.007000000000005002,0.1392857142857155,0.007000000000005002,0.0,0.03264518761479937,0.03577572094198159,0.9124955907315164,47.712297751363344,100.05725,100.04184615384614,100.06734012179766,100.0486298571621,0.01871026463555836,0.01129673373895912,0.015463928509691475,1.1666666666666665
100.005,100.005,100.0,100.005,100.007,-0.002,0.0,4,43002.0,0.007999999999995566,-0.07399999999999807,-0.0010000000000047748,100.1206,100.0609,100.05449999999999,100.05130969812897,100.05901678798045,100.05039292457435,0.007000000000005002,0.13885714285714407,0.0,0.0020000000000095497,0.03031338849945656,0.033363169446126446,0.9085883926107633,47.605256121667104,100.05716666666666,100.04215384615385,100.05774933382878,100.04539801589084,0.01235131793794153,0.012286216712726943,0.014841406395341487,-0.6923076923076923
100.0,100.0,99.999,99.999,100.005,-0.006,-0.01,3,30000.0,-0.33200000000000784,-0.009000000000000341,-0.0030000000000001137,100.05420000000001,100.06,100.05435,100.03387313208599,100.04810464471129,100.04549836032916,0.006000000000000227,0.13842857142857262,0.0,0.006000000000000227,0.028148146463781092,0.031408657342831714,0.8961906953404121,47.26268816436335,100.05725000000001,100.04211538461537,100.0487109747782,100.04196112582484,0.006749848953361948,0.012939165924003583,0.01322309490694558,-0.25
99.943,99.964,99.939,99.964,99.999,-0.035,-0.04,51,514406.0,-0.2960000000000065,-0.03300000000000125,-0.42199999999999704,99.99499999999999,100.0567,100.03325,100.01058208805733,100.0328128911274,100.03773661172637,0.060000000000002274,0.13857142857142943,0.0,0.03499999999999659,0.026137564573511015,0.03166518181834349,0.8254354806315891,45.218551375258336,100.04766666666666,100.0408076923077,100.03567851712002,100.03618622761559,-0.0005077104955688583,0.013019646875142775,0.010476933826442693,16.0
100.096,100.096,99.969,99.97,99.964,0.006,0.01,3,30103.0,-0.030000000000001137,-0.02599999999999625,-0.028999999999996362,99.989,100.0541,100.0318,99.99705472537156,100.02139236546786,100.03128550584768,0.132000000000005,0.14728571428571513,0.006000000000000227,0.0,0.02469916710397453,0.029403383117033242,0.8400110628652939,45.65250067340441,100.04450000000001,100.03973076923077,100.02557412987078,100.03128354408851,-0.005709414217733411,0.01259751425930252,0.007239664217607472,-0.9411764705882353
99.953,99.953,99.85,99.953,99.97,-0.017,-0.02,10,102609.0,-0.054000000000002046,-0.05499999999999261,-0.05299999999999727,99.97819999999999,100.0486,100.02915,99.98236981691439,100.00895738992824,100.023829743386,0.12000000000000455,0.15007142857143055,0.0,0.016999999999995907,0.022934940882262066,0.028517427180102004,0.8042429892926979,44.57509293734201,100.04083333333334,100.03773076923076,100.01440887912142,100.02548476304491,-0.011075883923496121,0.011733225326873745,0.0035765545893867534,2.3333333333333335
99.96,100.049,99.96,100.025,99.953,0.072,0.07,34,341032.0,0.020000000000010232,0.028000000000005798,0.02600000000001046,99.9822,100.0514,100.03045,99.99657987794293,100.0118742281231,100.02394119639686,0.09600000000000364,0.15185714285714522,0.07200000000000273,0.0,0.026439587962100684,0.026480468095809003,0.9984562155940594,49.96137557595972,100.04325,100.03873076923077,100.01603828233351,100.02544885467121,-0.009410572337699818,0.008210113196601773,0.0009791292039694392,2.4
99.99,99.99,99.86,99.987,100.025,-0.038,-0.04,16,160275.0,-0.012000000000000455,-0.3440000000000083,-0.02200000000000557,99.9798,100.01700000000001,100.02935,99.9933865852953,100.00735164119163,100.02042298721621,0.16500000000000625,0.16271428571428917,0.0,0.038000000000010914,0.02455104596480778,0.027303291803252,0.8991972888003047,47.34617588719888,100.04149999999998,100.03800000000001,100.01157085428221,100.02260079136224,-0.011029937080024865,0.0029365245300946676,-0.0014226840528294216,-0.5294117647058824
99.997,99.998,99.971,99.971,99.987,-0.016,-0.02,5,53093.0,0.007000000000005002,-0.2890000000000015,-0.02599999999999625,99.9812,99.9881,100.02805,99.98592439019687,100.00074225188405,100.01571603605277,0.027000000000001023,0.16457142857143175,0.0,0.015999999999991132,0.022797399824464368,0.026495913817304796,0.8604119103669153,46.24846280398316,100.03933333333333,100.0368076923077,100.00532918439264,100.01877851052059,-0.013449326127954464,-0.0014857125172906332,-0.00382801246785443,-0.6875
99.995,99.999,99.995,99.999,99.971,0.028,0.03,2,19999.0,0.028999999999996362,-0.0010000000000047748,-0.007000000000005002,99.987,99.988,100.0277,99.99028292679792,100.00042547881421,100.01412403261918,0.027999999999991587,0.16571428571428828,0.027999999999991587,0.0,0.02316901412271631,0.02460334854464017,0.9417016582388608,48.49878220184412,100.01166666666666,100.02192307692306,100.00435546371685,100.0173134356672,-0.01295797195035675,-0.0050044054712812015,-0.005654004364354894,-0.6
100.008,100.01,100.008,100.01,99.999,0.011,0.01,7,70106.0,0.05700000000000216,0.0030000000000001137,0.012000000000000455,99.9984,99.98830000000001,100.0283,99.99685528453196,100.00216630084799,100.01373126760782,0.01100000000000989,0.16571428571428928,0.01100000000000989,0.0,0.022299798828237283,0.0228459665057373,0.9760934746462637,49.395106414234384,99.99083333333333,100.02234615384616,100.00522385391426,100.01677169969186,-0.011547845777599264,-0.007659868106341289,-0.006832772647003767,2.5
100.001,100.001,100.001,100.001,100.01,-0.009,-0.01,2,20000.0,-0.02400000000000091,-0.003999999999990678,-0.07799999999998875,99.99359999999999,99.9879,100.02439999999999,99.99823685635465,100.00195424614834,100.01251876593089,0.009000000000000341,0.10185714285714605,0.0,0.009000000000000341,0.020706956054791763,0.021856968898184663,0.9473846145478839,48.64907566129838,99.99091666666665,100.02215384615384,100.00457403023515,100.0156034256406,-0.011029395405458331,-0.009635339701765765,-0.007672097198694681,-0.7142857142857143
100.0,100.005,99.998,99.998,100.001,-0.003,0.0,18,180600.0,0.01100000000000989,-0.000999999999990564,-0.009999999999990905,99.9958,99.9878,100.0239,99.99815790423645,100.00123529230318,100.01113602631843,0.006999999999990791,0.06678571428571647,0.0,0.0030000000000001137,0.019227887765163782,0.020510042548314338,0.9374864883809843,48.386736836775206,99.99016666666667,100.02211538461538,100.0035626409682,100.01429946818575,-0.01073682721755631,-0.010771908226431037,-0.008285043202467007,8.0
100.0,100.0,99.995,99.995,99.998,-0.003,0.0,2,20099.0,0.02400000000000091,0.03100000000000591,-0.001999999999995339,100.0006,99.9909,100.02380000000001,99.99710526949097,100.0001016027935,100.00959926190714,0.0049999999999954525,0.04857142857143008,0.0,0.0030000000000001137,0.017854467210509227,0.01925932522343475,0.9270556991676898,48.10736397334505,99.98933333333333,100.0215769230769,100.00224531158847,100.01286987794978,-0.010624566361315146,-0.011318036242384564,-0.008752947834236635,-0.8888888888888888
100.004,100.013,99.964,100.013,99.995,0.018,0.02,27,269995.0,0.014000000000010004,0.043000000000006366,0.017000000000010118,100.0034,99.9952,100.02465,100.002403512994,100.00244676592195,100.00992314172552,0.049000000000006594,0.05157142857143019,0.018000000000000682,0.0,0.017864862409758618,0.017883659136046556,0.9989489440530629,49.97370978508321,99.9905,100.02219230769232,100.0038998790364,100.01287951662016,-0.008979637583763633,-0.011085119982414286,-0.008798285784142035,12.5
99.969,99.983,99.969,99.983,100.013,-0.03,-0.03,2,21194.0,-0.027000000000001023,0.030000000000001137,-0.024999999999991473,99.998,99.99820000000001,100.02340000000001,99.99593567532935,99.99891099029976,100.00735903298975,0.04400000000001114,0.05421428571428777,0.0,0.030000000000001137,0.016588800809061575,0.018749112054900454,0.8847779436427103,46.9433519543793,99.99208333333333,100.0213076923077,100.0006845130308,100.01066621909274,-0.009981706061935824,-0.011148579285107176,-0.009034969839700794,-0.9259259259259259
99.992,99.998,99.992,99.998,99.983,0.015,0.02,6,59998.0,-0.0030000000000001137,-0.027000000000001023,0.0010000000000047748,99.99740000000001,99.9955,100.02345,99.9966237835529,99.9987453556998,100.00646769651455,0.015000000000000568,0.054857142857144936,0.015000000000000568,0.0,0.01647531503698579,0.017409889765264707,0.946319319600545,48.62096933789692,99.99441666666667,100.0213076923077,100.00027151102606,100.00972798064143,-0.009456469615372498,-0.01097374956681247,-0.009119269794835135,2.0
100.07,100.07,99.995,100.004,99.998,0.006,0.01,105,1050263.0,0.006000000000000227,0.017000000000010118,-0.3269999999999982,99.9986,99.99719999999999,100.00710000000001,99.99908252236861,99.99970074557257,100.00623267779889,0.07499999999998863,0.055928571428572535,0.006000000000000227,0.0,0.015727078248629678,0.016166326210602943,0.9728294507823814,49.31138119397895,99.99866666666668,100.01842307692307,100.00084512471436,100.0093036857791,-0.008458561064742298,-0.010419220115344451,-0.008987128048816568,16.5
100.025,100.025,100.025,100.025,100.004,0.021,0.02,1,10003.0,0.030000000000001137,0.054000000000002046,-0.23499999999999943,100.00460000000001,100.0026,99.99535,100.00772168157908,100.00430061001391,100.00802004181804,0.021000000000000796,0.048000000000000806,0.021000000000000796,0.0,0.01610371551658476,0.015011588624131305,1.0727522529293034,51.75496740689792,99.99866666666667,100.01907692307692,100.00456125937369,100.01046637572139,-0.005905116347705075,-0.009635569492827598,-0.008370725708594269,-0.9904761904761905
99.996,100.004,99.996,99.997,100.025,-0.028,-0.03,13,131198.0,-0.016000000000005343,-0.001999999999995339,-0.0030000000000001137,100.00140000000002,100.00240000000001,99.9952,100.0041477877194,100.00297322637502,100.00697051402585,0.029000000000010573,0.04150000000000124,0.0,0.028000000000005798,0.014953450122542991,0.015939332293836626,0.9381478374928633,48.4043486954239,99.99950000000001,100.01907692307691,100.00339798870081,100.0094688664087,-0.006070877707884392,-0.009027017485081501,-0.007910756108452294,12.0
99.996,100.0,99.996,100.0,99.997,0.003,0.0,3,29999.0,0.016999999999995907,-0.010000000000005116,-0.007000000000005002,100.0048,100.00140000000002,99.99485000000001,100.00276519181294,100.00243263976138,100.00630665554719,0.0040000000000048885,0.03492857142857275,0.0030000000000001137,0.0,0.014099632256647072,0.014800808558562582,0.9526258110061248,48.78691071461703,100.00191666666667,100.01923076923077,100.00287522120838,100.00876746889693,-0.005892247688549901,-0.008456223294313898,-0.007507054424471816,-0.7692307692307692
100.009,100.398,99.996,99.998,100.0,-0.002,0.0,6,60078.0,0.0,-0.0030000000000001137,-0.006999999999990791,100.0048,100.0011,99.9945,100.00117679454198,100.0016267052593,100.00551554549509,0.402000000000001,0.05185714285714381,0.0,0.001999999999995339,0.013092515666886568,0.013886465090093492,0.9428256638348285,48.52857780218122,100.00183333333335,100.01884615384614,100.00212518717632,100.00796987860828,-0.005844691431960314,-0.007912652651469898,-0.007174581825969516,1.0
100.098,100.098,100.004,100.004,99.998,0.006,0.01,7,70169.0,0.0,0.006000000000000227,0.005000000000009663,100.0048,100.0017,99.99475,100.00211786302799,100.00205821339395,100.00537120782889,0.09999999999999432,0.05707142857142904,0.006000000000000227,0.0,0.012585907404966115,0.012894574726515387,0.9760622332961045,49.39430635582851,100.00133333333333,100.01911538461539,100.00241361991843,100.00767581352618,-0.0052621936077486,-0.00731683345662917,-0.006792104182325334,0.16666666666666674
100.149,100.149,100.0,100.007,100.004,0.003,0.0,7,70018.0,-0.018000000000000682,0.012000000000000455,0.043000000000006366,100.0012,100.00290000000001,99.99690000000001,100.00374524201867,100.00295672004958,100.0055263308928,0.1490000000000009,0.06571428571428685,0.0030000000000001137,0.0,0.01190119973318283,0.011973533674621431,0.9939588476214071,49.84851361436573,100.00183333333335,100.00665384615384,100.00311921685406,100.00762575326497,-0.004506536410914919,-0.006819822215201536,-0.0063349906280432515,0.0
100.0,100.0,99.999,100.0,100.007,-0.007,-0.01,8,80000.0,0.0030000000000001137,-0.01300000000000523,0.030000000000001137,100.0018,100.00160000000001,99.9984,100.00249682801245,100.00241913458602,100.00500001366491,0.008000000000009777,0.06550000000000113,0.0,0.007000000000005002,0.011051114037955485,0.011618281269291687,0.9511832070346512,48.74904640452654,100.00200000000001,99.99665384615385,100.00263933733805,100.00706088265275,-0.00442154531469896,-0.006202026576619662,-0.005952301565374393,0.1428571428571428
99.993,99.996,99.993,99.996,100.0,-0.004,0.0,15,147990.0,-0.0040000000000048885,0.012999999999991019,0.042999999999992156,100.001,100.0029,100.00055,100.00033121867497,100.00125201920675,100.00414286950634,0.007000000000005002,0.06535714285714432,0.0,0.0040000000000048885,0.010261748749530094,0.011074118321485488,0.9266425056720522,48.096234923916015,100.00208333333332,99.9965,100.0016179008245,100.00624155801181,-0.0046236571873095045,-0.005665047417945996,-0.0056865726897614155,0.875
100.075,100.093,100.003,100.005,99.996,0.009,0.01,93,935223.0,0.006999999999990791,0.006999999999990791,-0.020000000000010232,100.0024,100.0036,99.99955,100.00188747911665,100.00193347026006,100.00422450098192,0.09700000000000841,0.071785714285717,0.009000000000000341,0.0,0.010171623838849397,0.010283109869950811,0.989158335123191,49.72748109877996,100.00141666666667,99.99642307692308,100.00213822377458,100.00614959075168,-0.004011366977096031,-0.005170914741540855,-0.005351531547228339,5.2
99.99,100.149,99.99,99.999,100.005,-0.006,-0.01,229,2286854.0,-0.005000000000009663,-0.005000000000009663,0.012000000000000455,100.0014,100.0031,100.00015,100.00092498607778,100.00140011203095,100.00372692945984,0.15900000000000603,0.08278571428571777,0.0,0.006000000000000227,0.009445079278931583,0.009977173450668626,0.9466688462049956,48.630194501263716,100.00275,99.9961923076923,100.00165542011695,100.00561999143673,-0.003964571319784227,-0.004955298627327427,-0.005074139501739516,1.4623655913978495
99.998,100.058,99.998,99.998,99.999,-0.001,0.0,2,20906.0,-0.009000000000000341,-0.027000000000001023,0.027000000000001023,99.99960000000002,100.0004,100.00150000000001,99.99994999071853,100.0007819098435,100.00318150760653,0.060000000000002274,0.08357142857143174,0.0,0.000999999999990564,0.008770430759007899,0.009335946775620194,0.9394259596585235,48.43835130596731,100.00275,99.99615384615385,100.00109304779127,100.00505554762661,-0.003962499835338917,-0.004721034419266819,-0.004851811568459397,-0.9912663755458515
100.0,100.0,99.999,99.999,99.998,0.001,0.0,7,70000.0,-0.0010000000000047748,0.001999999999995339,0.0,99.99940000000001,100.00059999999999,100.00150000000001,99.9996333271457,100.00045792623558,100.00278326878686,0.001999999999995339,0.08057142857143061,0.000999999999990564,0.0,0.008215399990506663,0.008669093434504466,0.9476654107577124,48.65647895800728,100.00233333333331,99.9975,100.00077104043876,100.00460698854316,-0.00383594810439547,-0.004492556687694105,-0.004648638875646612,2.5
99.993,100.112,99.993,99.999,99.999,0.0,0.0,42,420038.0,0.0030000000000001137,-0.0010000000000047748,-0.01100000000000989,100.0,100.0005,100.00095,99.99942221809714,100.00019284873821,100.00242295747381,0.11899999999999977,0.08800000000000198,0.0,-0.0,0.007628585705470473,0.008049872474897005,0.9476654107577124,48.65647895800728,100.00016666666666,99.99861538461538,100.00049857267895,100.00419165605848,-0.0036930833795310036,-0.00425348912631307,-0.00445752777642349,5.0
100.002,100.068,100.002,100.043,99.999,0.044,0.04,20,201538.0,0.038000000000010914,0.045000000000001705,0.04200000000000159,100.0076,100.00500000000001,100.00305,100.0139481453981,100.00797596714943,100.0062874377144,0.06900000000000261,0.08757142857143155,0.04400000000001114,0.0,0.010226543869366235,0.0074748815838329334,1.3681211875629897,57.772431358164994,100.004,100.00207692307693,100.00703725380527,100.0070663482023,-2.9094397035578368e-05,-0.0036720336584560678,-0.0035718411005459076,-0.5238095238095238
99.997,99.997,99.997,99.997,100.043,-0.046,-0.05,2,20099.0,-0.001999999999995339,-0.007000000000005002,-0.0010000000000047748,100.0072,100.0043,100.00300000000001,100.00829876359873,100.00598033675863,100.00540291983684,0.04600000000000648,0.08935714285714624,0.0,0.04600000000000648,0.00949607645012579,0.010226675756416758,0.9285594533656206,48.14782617902432,100.00375000000001,100.00099999999999,100.00549306091214,100.00632069277991,-0.0008276318677644667,-0.0032632664869949066,-0.00302299925398962,-0.9
99.991,99.999,99.991,99.993,99.997,-0.004,0.0,3,30198.0,-0.005000000000009663,-0.014000000000010004,-0.0020000000000095497,100.0062,100.0029,100.0029,100.0031991757325,100.00362027552977,100.0042216893762,0.007999999999995566,0.08785714285714517,0.0,0.0040000000000048885,0.008817785275116806,0.00978191320238734,0.9014376934938216,47.4082162449122,100.00333333333333,100.00123076923076,100.00357105154104,100.00533397479622,-0.0017629232551712448,-0.0029678640359362715,-0.002770984054225945,0.5
99.998,99.999,99.991,99.998,99.993,0.005,0.01,41,407985.0,-0.000999999999990564,-0.001999999999995339,-0.015000000000000568,100.006,100.00269999999999,100.00215,100.00146611715502,100.00259840725163,100.00362914753084,0.007999999999995566,0.08814285714285879,0.005000000000009663,0.0,0.008545086326894867,0.00908320511650253,0.9407567281916821,48.47370690649316,100.00283333333334,100.00226923076922,100.00271396668859,100.0047907174039,-0.0020767507153180986,-0.0026848744279372263,-0.0026321373864443757,12.666666666666666
100.07,100.07,99.996,99.998,99.998,0.0,0.0,21,210010.0,-0.000999999999990564,0.0020000000000095497,0.015000000000000568,100.0058,100.0029,100.0029,100.00031074477002,100.00176233320586,100.0030930382422,0.07399999999999807,0.06471428571428715,0.0,-0.0,0.007934723017830948,0.008434404751038065,0.940756728191682,48.47370690649316,100.00208333333332,100.00223076923076,100.00198874104419,100.00428770129992,-0.0022989602557288435,-0.0024946070144519833,-0.0025655019603012695,-0.4878048780487805
100.007,100.008,100.004,100.008,99.998,0.01,0.01,8,80205.0,-0.0350000000000108,0.0030000000000001137,0.009999999999990905,99.99879999999999,100.00319999999999,100.0034,100.00287382984669,100.00289645444114,100.0035603679334,0.009999999999990905,0.05828571428571548,0.009999999999990905,0.0,0.008082242802270946,0.00783194726882106,1.0319582761296557,50.78639105204778,100.00274999999999,100.00215384615385,100.00291355011431,100.00456268638881,-0.0016491362744943672,-0.0022373364538642213,-0.002382228823139889,-0.6190476190476191
100.001,100.001,100.001,100.001,100.008,-0.007,-0.01,1,10000.0,0.0040000000000048885,0.0020000000000095497,-0.0030000000000001137,99.99960000000002,100.0034,100.00325,100.0022492198978,100.00255164454275,100.00331652336831,0.006999999999990791,0.04814285714285761,0.0,0.006999999999990791,0.0075049397449658784,0.007772522463904612,0.9655732459852795,49.12425664917251,100.00316666666667,100.00215384615385,100.00261915778904,100.00429878369334,-0.001679625904301929,-0.0019836837948601113,-0.002241708239372297,-0.875
99.995,99.999,99.995,99.999,100.001,-0.002,0.0,9,93598.0,0.006000000000000227,0.000999999999990564,-0.02600000000001046,100.0008,100.0035,100.00195,100.00116614659855,100.00190589098952,100.00290542590466,0.006000000000000227,0.047999999999999786,0.0,0.0020000000000095497,0.006968872620325459,0.0073601994307692506,0.9468320370766241,48.634500513890934,100.00266666666666,100.00219230769231,100.00206236428303,100.00390628119753,-0.0018439169144954803,-0.0017623469959823347,-0.0021621499743969337,8.0
99.993,100.012,99.993,100.012,99.999,0.013,0.01,8,80003.0,0.013999999999995794,0.01300000000000523,0.015000000000000568,100.00359999999999,100.0048,100.0027,100.0047774310657,100.00374118353687,100.0037715758185,0.019000000000005457,0.048857142857142676,0.01300000000000523,0.0,0.007399667433159728,0.0068344709000000186,1.0826979207943819,51.985355628598306,100.00375000000001,100.00284615384615,100.00359123131642,100.00450581592364,-0.0009145846072158292,-0.0014536249101695375,-0.001912636900960713,-0.11111111111111116
99.995,100.0,99.995,100.0,100.012,-0.012,-0.01,6,56000.0,0.001999999999995339,0.0010000000000047748,0.0,100.00399999999999,100.00489999999999,100.0027,100.0031849540438,100.00306096834835,100.0034123781215,0.016999999999995907,0.043142857142856074,0.0,0.012000000000000455,0.006871119759362605,0.007203437264285764,0.953866814864791,48.81943884853786,100.00391666666667,100.00234615384615,100.00303873419082,100.00417205178114,-0.0011333175903160964,-0.0015763163760895951,-0.0017567730388317899,-0.25
100.006,100.006,99.997,99.997,100.0,-0.003,0.0,3,30001.0,-0.01099999999999568,-0.04600000000000648,-0.0010000000000047748,100.0018,100.0003,100.00264999999999,100.00112330269587,100.00195897410319,100.00280167544325,0.009000000000000341,0.032428571428569954,0.0,0.0030000000000001137,0.006380325490836705,0.006903191745408218,0.9242573183746045,48.031898309489755,100.00375000000001,100.00288461538463,100.00210969816148,100.00364078868624,-0.0015310905247645223,-0.0016544784490896013,-0.0017116365360183364,-0.5
100.085,100.085,99.997,99.999,99.997,0.002,0.0,11,114450.0,-0.0020000000000095497,0.001999999999995339,-0.005000000000009663,100.0014,100.0005,100.0024,100.00041553513059,100.0014209788117,100.00243961111534,0.08799999999999386,0.03442857142856935,0.001999999999995339,0.0,0.006067445098633751,0.0064101066207362025,0.946543553426402,48.626887991293565,100.00375000000001,100.00292307692308,100.00163128305971,100.00329702656133,-0.0016657435016185218,-0.0016436806986948544,-0.0017024579291383735,2.6666666666666665
100.001,100.001,99.998,100.0,99.999,0.001,0.0,3,30000.0,0.0010000000000047748,0.007000000000005002,-0.007000000000005002,100.0016,100.0012,100.00205,100.0002770234204,100.00116261902775,100.00220726719958,0.0030000000000001137,0.03449999999999826,0.0010000000000047748,0.0,0.005705484734445967,0.0059522418621121885,0.9585438338389936,48.94165845449201,100.00016666666666,100.00276923076923,100.00138031643515,100.0030528023716,-0.001672485936452972,-0.0015987623899320624,-0.0016964635306012934,-0.7272727272727273
100.0,100.001,99.981,99.981,100.0,-0.019,-0.02,8,79998.0,-0.03100000000000591,-0.017000000000010118,-0.019000000000005457,99.99539999999999,99.9995,100.0011,99.99385134894693,99.99749668829543,100.0001875274663,0.020000000000010232,0.02742857142857044,0.0,0.019000000000005457,0.00529795011055697,0.006884224586247422,0.7695783372815374,43.489362469467125,99.99883333333332,100.00107692307694,99.99824488313743,100.0014192614552,-0.0031743783177660134,-0.001696031063491748,-0.0019920464880342375,1.6666666666666665
100.008,100.05,100.004,100.006,99.981,0.025,0.03,13,130015.0,0.006000000000000227,0.007999999999995566,0.010000000000005116,99.9966,100.0003,100.00160000000001,99.99790089929797,99.99904274496897,100.00074109627903,0.06900000000000261,0.02742857142857044,0.025000000000005684,0.0,0.006705239388374735,0.006392494258658321,1.048923802988609,51.193890249047996,99.99991666666666,100.00142307692309,99.99943797803937,100.00175857542148,-0.002320597382109213,-0.0017706378532267308,-0.002057756666849233,0.625
99.999,99.999,99.999,99.999,100.006,-0.007,-0.01,9,89999.0,0.001999999999995339,-0.009000000000000341,-0.006000000000000227,99.99699999999999,99.9994,100.0013,99.99826726619865,99.99903497315643,100.0005752775858,0.007000000000005002,0.024642857142856047,0.0,0.007000000000005002,0.00622629371777654,0.006435887525897369,0.9674335812617227,49.17236294407986,100.0,100.00138461538462,99.99937059680254,100.00155423650136,-0.002183639698827733,-0.0018266393859518201,-0.002082933273244933,-0.3076923076923077
99.962,99.962,99.962,99.962,99.999,-0.037,-0.04,1,9996.0,-0.03699999999999193,-0.03900000000000148,-0.03699999999999193,99.9896,99.99549999999999,99.99945,99.98617817746577,99.99230134167344,99.99690144162524,0.03699999999999193,0.026714285714284358,0.0,0.03699999999999193,0.005781558452221073,0.008619038416904125,0.6707892658747138,40.14804736751365,99.99700000000001,100.0,99.99362127421753,99.99862429305682,-0.0050030188392895525,-0.002177650710928939,-0.002666950386453857,-0.8888888888888888
100.1,100.1,100.1,100.1,99.962,0.138,0.14,5,50050.0,0.09999999999999432,0.10099999999999909,0.10199999999998965,100.0096,100.00559999999999,100.00455,100.02411878497719,100.01188291591463,100.00672035194664,0.13799999999999102,0.03599999999999832,0.13799999999999102,0.0,0.015225732848490357,0.008003392815696687,1.9024097903365214,65.54587145724676,100.00466666666667,100.00369230769229,100.00998723203023,100.00613360468225,0.003853627347979227,-0.001647849382573933,-0.0013628348395672402,4.0
100.0,100.0,100.0,100.0,100.1,-0.1,-0.1,10,100000.0,0.019000000000005457,-0.012000000000000455,0.0010000000000047748,100.0134,100.0044,100.00460000000001,100.0160791899848,100.00972238574833,100.0060803184279,0.09999999999999432,0.03785714285714091,0.0,0.09999999999999432,0.014138180502169617,0.014574579043146518,0.9700575543427368,49.2400616522279,100.00458333333334,100.00342307692307,100.0084507347948,100.00567926359467,0.0027714712001341013,-0.0012139839614128,-0.0005359736316269719,1.0
100.004,100.019,100.0,100.007,100.0,0.007,0.01,59,589825.0,0.0010000000000047748,0.007000000000005002,0.008000000000009777,100.0136,100.0051,100.00500000000001,100.01305279332321,100.00922740652136,100.00616790714906,0.019000000000005457,0.03849999999999909,0.007000000000005002,0.0,0.013628310466300716,0.013533537682921768,1.0070028092875187,50.174459379307116,100.00525,100.0036923076923,100.00822754482637,100.00577709592099,0.0024504489053782663,-0.0007715906913969346,6.131087577407573e-05,4.9
100.045,100.045,100.045,100.045,100.007,0.038,0.04,5,50023.0,0.04600000000000648,0.04800000000000182,0.001999999999995339,100.0228,100.0099,100.0051,100.02370186221547,100.01573151442656,100.00986620170629,0.0379999999999967,0.040714285714285224,0.0379999999999967,0.0,0.015369145432993286,0.012566856419855927,1.2229904535799165,55.015551308841914,100.00799999999998,100.00557692307692,100.01388484562231,100.00868249622313,0.005202349399183959,-8.469257974436712e-06,0.0010895185804560524,-0.9152542372881356
99.998,100.018,99.996,100.003,100.045,-0.042,-0.04,9,90001.0,0.04099999999999682,0.0040000000000048885,0.006000000000000227,100.031,100.0103,100.0054,100.016801241477,100.01341669362172,100.00921227773426,0.049000000000006594,0.043785714285714254,0.0,0.04200000000000159,0.014271349330636623,0.01466922381843776,0.9728769229561384,49.31260088431617,100.00825000000002,100.0055,100.01221025398812,100.00826157057696,0.003948683411152842,0.0006161051139817649,0.0016613515465954106,0.8
99.961,99.997,99.961,99.997,100.003,-0.006,-0.01,6,54997.0,-0.10299999999999443,-0.0030000000000001137,0.0040000000000048885,100.0104,100.01,100.00559999999999,100.01020082765135,100.01043184023595,100.00804920366433,0.04200000000000159,0.04542857142857112,0.0,0.006000000000000227,0.01325196723559115,0.014049993545692223,0.9432009482776061,48.53851832017839,100.00824999999999,100.00542307692308,100.00987021491302,100.00742738016386,0.0024428347491607383,0.0012402398991958484,0.0018176481871084761,-0.33333333333333337
100.005,100.007,100.005,100.007,99.997,0.01,0.01,11,106006.0,0.007000000000005002,0.02600000000001046,0.009000000000000341,100.01180000000001,100.01259999999999,100.00604999999999,100.00913388510091,100.00980786928395,100.00794927950582,0.010000000000005116,0.044928571428571776,0.010000000000005116,0.0,0.01301968386162072,0.013046422578142779,0.9979504943702456,49.948709799478785,100.00891666666666,100.00576923076923,100.00942864338795,100.00739572237394,0.002032921014006206,0.001723964165430895,0.0018607027524880223,0.8333333333333333
99.99,99.995,99.99,99.995,100.007,-0.012,-0.01,2,15199.0,-0.012000000000000455,-0.01099999999999568,-0.0030000000000001137,100.0094,100.0115,100.00590000000001,100.00442259006728,100.00711552941414,100.00671601479098,0.017000000000010118,0.04550000000000105,0.0,0.012000000000000455,0.012089706442933525,0.01297167810827547,0.932007897669055,48.24037721551302,100.00850000000001,100.00561538461537,100.00720885209749,100.00647752071662,0.0007313313808765542,0.0020478498409535937,0.0016348284781657289,-0.8181818181818181
100.0,100.005,100.0,100.005,99.995,0.01,0.01,11,108504.0,-0.04000000000000625,0.006000000000000227,-0.0030000000000001137,100.0014,100.0121,100.00575,100.00461506004486,100.00673088770247,100.00655258481089,0.009999999999990905,0.039928571428572264,0.009999999999990905,0.0,0.011940441697009054,0.01204512967197008,0.9913086884232851,49.78176885313555,100.0105,100.00584615384615,100.00686902869788,100.00636807473761,0.0005009539602696123,0.0026594023742379453,0.0014080535745865056,4.5
99.85,100.035,99.85,100.005,100.005,0.0,0.0,3,31989.0,0.001999999999995339,0.042999999999992156,0.003999999999990678,100.0018,100.0164,100.00595000000001,100.00474337336324,100.00641618084748,100.0064047195908,0.18500000000000227,0.05292857142857242,0.0,-0.0,0.011087553004365551,0.011184763266829361,0.9913086884232851,49.78176885313555,100.01041666666667,100.00438461538462,100.00658148582127,100.00626673586817,0.00031474995310531995,0.0022661937748075112,0.0011893928502902686,-0.7272727272727273
99.962,99.991,99.962,99.991,100.005,-0.014,-0.01,2,19995.0,-0.006000000000000227,-0.10899999999999466,-0.007999999999995566,100.00059999999999,100.00550000000001,100.00555,100.00016224890884,100.0036132388752,100.00493760343929,0.042999999999992156,0.05457142857142827,0.0,0.013999999999995794,0.010295584932625156,0.011385851604912678,0.9042437307177706,47.48571394150959,100.00975,100.00415384615386,100.00418433415646,100.0051358665446,-0.0009515323881430504,0.0018525267094433831,0.0007612078026036049,-0.33333333333333337
100.003,100.009,100.001,100.001,99.991,0.01,0.01,85,850526.0,-0.006000000000000227,0.0010000000000047748,-0.01099999999999568,99.9994,100.0056,100.00500000000001,100.00044149927257,100.00313810453426,100.00456259358792,0.018000000000000682,0.05092857142857099,0.010000000000005116,0.0,0.010274471723152297,0.010572576490276058,0.9718039621280643,49.285019240921265,100.01299999999999,100.00446153846154,100.00369443659393,100.00482950605982,-0.001135069465888705,0.0014541357793026084,0.0003819523489051429,41.5
99.991,99.997,99.991,99.997,100.001,-0.004,0.0,3,29998.0,0.001999999999995339,-0.010000000000005116,-0.0030000000000001137,99.9998,100.0046,100.00485,99.9992943328484,100.00202208552803,100.00384234657955,0.010000000000005116,0.05114285714285671,0.0,0.0040000000000048885,0.009540580885784276,0.010103106740970974,0.9443214973760996,48.56817654130143,100.00441666666667,100.00442307692309,100.00266452327179,100.00424954264798,-0.001585019376193486,0.0006999836931495591,-1.1441996114582855e-05,-0.9647058823529412
99.996,100.0,99.996,100.0,99.997,0.003,0.0,2,20000.0,-0.0049999999999954525,-0.045000000000001705,0.0030000000000001137,99.99879999999999,100.0001,100.00500000000001,99.99952955523227,100.00165443361384,100.00347640881006,0.0040000000000048885,0.04878571428571478,0.0030000000000001137,0.0,0.009073396536799692,0.009381456259473049,0.9671629100906067,49.165369331107385,100.00441666666667,100.00450000000001,100.00225459661459,100.0039347617111,-0.0016801650965021508,7.455608118789314e-05,-0.00034518661619209646,-0.33333333333333337
100.0,100.001,100.0,100.001,100.0,0.001,0.0,8,80101.0,-0.003999999999990678,-0.001999999999995339,0.0020000000000095497,99.998,99.9999,100.0051,100.00001970348819,100.00153544568404,100.00324056035195,0.0010000000000047748,0.03900000000000148,0.0010000000000047748,0.0,0.008496725355600056,0.00871135224093926,0.9753623915779047,49.37637750604296,100.00391666666667,100.00423076923076,100.00206158175081,100.00371737195472,-0.0016557902039124883,-0.0003808466913757987,-0.0006073073337361748,3.0
100.006,100.006,100.006,100.006,100.001,0.005,0.01,3,29802.0,0.015000000000000568,0.009000000000000341,0.006000000000000227,100.001,100.0008,100.0054,100.00201313565881,100.0023471828324,100.00350336412797,0.0049999999999954525,0.03221428571428727,0.0049999999999954525,0.0,0.008246959258771155,0.008089112795157885,1.019513445740027,50.483122451627864,100.00066666666667,100.00442307692309,100.00266749225068,100.00388645551362,-0.001218963262942907,-0.0007421671665923668,-0.0007296385195775213,-0.625
100.0,100.0,99.996,99.996,100.006,-0.01,-0.01,11,109998.0,-0.005000000000009663,-0.01100000000000989,0.015000000000000568,100.0,99.9997,100.00615,100.00000875710587,100.00119314959014,100.00278875802054,0.010000000000005116,0.0315714285714301,0.0,0.010000000000005116,0.007657890740287502,0.008225604738361258,0.9309820960122065,48.212880789254164,100.00008333333334,100.00430769230768,100.0016417242121,100.00330227362372,-0.0016605494116106456,-0.0010079316990909445,-0.0009158206979841462,2.6666666666666665
100.001,100.001,99.984,99.987,99.996,-0.009,-0.01,16,159991.0,-0.010000000000005116,-0.008000000000009777,-0.019000000000005457,99.998,99.9989,100.00519999999999,99.99567250473726,99.99861257693738,100.00128506678048,0.017000000000010118,0.030071428571431063,0.0,0.009000000000000341,0.007110898544552681,0.008280918685621193,0.8587088962604946,46.199213765432376,99.99925,100.00334615384615,99.9993891512564,100.00209469779973,-0.00270554654333921,-0.0013642095328252582,-0.001273765867055159,0.4545454545454546
99.986,100.0,99.986,100.0,99.987,0.013,0.01,11,109989.0,0.0,-0.0049999999999954525,0.0010000000000047748,99.998,99.9984,100.00525,99.99711500315817,99.99886483567603,100.00116267946805,0.013999999999995794,0.027571428571430294,0.01300000000000523,0.0,0.007531548648513577,0.007689424493791108,0.9794684445623975,49.481387149817856,99.99866666666667,100.00334615384615,99.99948312798618,100.00193953499975,-0.002456407013568196,-0.0016721158624556488,-0.0015102940963577665,-0.3125
99.983,99.986,99.983,99.986,100.0,-0.014,-0.01,6,59990.0,-0.015000000000000568,-0.018999999999991246,0.02400000000000091,99.99499999999999,99.9965,100.00645,99.99341000210545,99.99652577464403,99.9997186147568,0.016999999999995907,0.0257857142857156,0.0,0.013999999999995794,0.0069935808879054645,0.008140179887091443,0.8591432849040308,46.21178431378299,99.99791666666665,100.00292307692308,99.9974088006037,100.00075882870347,-0.0033500280997742493,-0.0019386153859702266,-0.0018782408970410632,-0.4545454545454546
100.004,100.004,99.999,99.999,99.986,0.013,0.01,23,230003.0,-0.007000000000005002,0.007999999999995566,-0.10099999999999909,99.9936,99.9973,100.0014,99.99527333473698,99.99697563379965,99.99965017525616,0.018000000000000682,0.026357142857143856,0.012999999999991019,0.0,0.007422610824483004,0.007558738466584911,0.981990692930614,49.54567629571567,99.99741666666667,100.00292307692308,99.99765360051082,100.0006285450958,-0.0029749445849773792,-0.002143045954757857,-0.0020975816346283267,2.8333333333333335
99.991,99.995,99.991,99.995,99.999,-0.004,0.0,7,70595.0,-0.000999999999990564,-0.006000000000000227,-0.0049999999999954525,99.9934,99.9967,100.00115,99.995182223158,99.99661642765426,99.99920730142225,0.007999999999995566,0.025714285714285672,0.0,0.003999999999990678,0.006892424337019932,0.00730454286182818,0.9435805179593261,48.54856844058327,99.99658333333332,100.00273076923077,99.99724535427838,100.00021161582944,-0.0029662615510659407,-0.002296517307521463,-0.0022713176179158497,-0.6956521739130435
99.994,99.994,99.994,99.994,99.995,-0.001,0.0,3,29998.0,0.007000000000005002,-0.0030000000000001137,-0.01300000000000523,99.9948,99.99640000000001,100.0005,99.994788148772,99.99614071353531,99.99871136795346,0.0010000000000047748,0.02507142857142952,0.0,0.0010000000000047748,0.00640010831294708,0.006854218371697937,0.9337473605121858,48.286936524369295,99.99683333333333,100.00323076923077,99.99674606900479,99.99975149613837,-0.003005427133587091,-0.002443768644975345,-0.002418139521050098,-0.5714285714285714
99.996,99.998,99.996,99.998,99.994,0.004,0.0,1,10200.0,-0.001999999999995339,-0.001999999999995339,-0.046999999999997044,99.9944,99.9962,99.99815000000001,99.99585876584801,99.99647876561978,99.99864361862457,0.0040000000000048885,0.012142857142858279,0.0040000000000048885,0.0,0.006228672004879781,0.0063646313451480845,0.9786383008071711,49.46019191117157,99.99658333333333,100.00292307692308,99.99693898146558,99.99962175568368,-0.002682774218101258,-0.0025578779798852086,-0.0024710664604603305,-0.6666666666666667
99.972,99.972,99.972,99.972,99.998,-0.026,-0.03,1,9997.0,-0.014000000000010004,-0.029000000000010573,-0.03100000000000591,99.9916,99.9933,99.9966,99.98790584389869,99.99202808096165,99.99610613113651,0.02600000000001046,0.010928571428573872,0.0,0.02600000000001046,0.005783766861674082,0.007767157677638255,0.7446439356221156,42.68171404021107,99.9945,100.00188461538461,99.99310221508625,99.99757569970711,-0.0044734846208598356,-0.0029194914640982006,-0.0028715500925402316,0.0
99.941,109.0,99.941,102.436,99.972,2.464,2.46,791,8373672.0,2.437000000000012,2.430000000000007,2.439000000000007,100.479,100.2363,100.11855,100.80393722926581,100.43638661169588,100.22847697579019,9.058999999999997,0.6567142857142879,2.464000000000013,0.0,0.1813706406572697,0.007212360700664094,25.147194959421487,96.17549797769158,100.19749999999999,100.09703846153846,100.36893264353452,100.17819972195103,0.1907329215834892,0.018457560868690673,0.035849344242665664,790.0
107.47,110.899,102.56,107.8,102.436,5.364,5.24,524,5637018.0,7.804999999999993,7.804000000000002,7.792999999999992,102.03999999999999,101.01669999999999,100.5082,103.13595815284387,101.77522540956934,100.94957440666731,8.462999999999994,1.2605000000000015,5.36399999999999,0.0,0.5515584520388925,0.006697192079188087,82.35667209738428,98.80033598410488,100.84741666666666,100.3931923076923,101.51217377529845,100.74277752032503,0.7693962549734152,0.10424664992610783,0.1825587263888156,-0.33754740834386854
100.002,100.004,99.985,99.998,107.8,-7.802,-7.24,398,3975128.0,0.0040000000000048885,0.01100000000000989,0.0030000000000001137,102.0408,101.0178,100.50835,102.08997210189592,101.45209351692036,100.858948272699,7.814999999999998,1.8184285714285724,0.0,7.8019999999999925,0.5121614197504002,0.5635045355021027,0.9088860647661798,47.61342657072147,100.84675,100.39311538461538,101.27922396371406,100.68760881511578,0.5916151485982795,0.17025460054964647,0.2643700108307084,-0.24045801526717558
100.0,100.005,100.0,100.003,99.998,0.005,0.01,57,567414.0,0.0049999999999954525,0.0030000000000001137,-0.001999999999995339,102.04180000000001,101.0181,100.50825,101.39431473459729,101.18862196838937,100.77742938958481,0.006999999999990791,1.8188571428571427,0.0049999999999954525,0.0,0.47593560405394275,0.5232542115376668,0.9095686065389312,47.632151231660266,100.84733333333332,100.39296153846155,101.08288181545036,100.63689705103313,0.4459847644172328,0.2201806886070917,0.3006929615480133,-0.8567839195979899
99.996,109.0,99.996,101.864,100.003,1.861,1.86,1058,11054613.0,1.8920000000000101,1.8780000000000001,1.8590000000000089,102.4202,101.2059,100.60119999999999,101.55087648973154,101.31141797413675,100.88091230486245,9.004000000000005,2.461642857142858,1.8610000000000042,0.0,0.5748687751929471,0.4858789107135478,1.1831523503432395,54.19467634300565,101.00375000000001,100.46292307692308,101.20305384384261,100.7277935657714,0.47526027807120386,0.2733179355688896,0.3356064248526514,17.56140350877193
100.561,108.0,100.561,105.3,101.864,3.436,3.37,1001,10527960.0,2.86399999999999,5.301000000000002,5.3089999999999975,102.99300000000001,101.736,100.86664999999999,102.8005843264877,102.03661470611188,101.30177779963745,7.438999999999993,2.992285714285714,3.435999999999993,0.0,0.7792352912505932,0.45117327423400866,1.727130873550878,63.33142608964917,101.44541666666667,100.66665384615385,101.83335325248221,101.06647552386241,0.7668777286198036,0.35885615669898624,0.42186068560608186,-0.05387523629489599
100.38,101.8,100.009,100.065,105.3,-5.235,-4.97,1046,10484623.0,-7.734999999999999,0.06999999999999318,0.06399999999999295,101.446,101.743,100.86985,101.88872288432515,101.67813930500063,101.18398943776722,5.290999999999997,3.368999999999999,0.0,5.234999999999999,0.7235756275898366,0.7928751832172938,0.912597143794744,47.71507406855576,101.452,100.66926923076925,101.56129890594647,100.99229215172446,0.5690067542220163,0.4224130657384977,0.4512898993292688,0.044955044955044876
100.03,100.382,100.001,100.016,100.065,-0.049,-0.05,467,4676602.0,0.018000000000000682,0.02200000000000557,0.019000000000005457,101.4496,101.7452,100.8708,101.26448192288345,101.37593215863687,101.07275234845606,0.3810000000000002,3.395214285714285,0.0,0.04899999999999238,0.6718916541905626,0.7397412415589152,0.9082792961152636,47.596769401851844,101.45341666666667,100.66961538461538,101.32356061272395,100.91997421455969,0.4035863981642649,0.46755408489209394,0.44174919909626803,-0.5535372848948374
100.003,100.058,100.003,100.007,100.016,-0.009,-0.01,289,2893790.0,0.0040000000000048885,0.009000000000000341,0.007000000000005002,101.45039999999999,101.7461,100.87115,100.84532128192231,101.12703540252107,100.97125212479358,0.05500000000000682,3.3979285714285714,0.0,0.009000000000000341,0.623899393176951,0.6875454385904213,0.9074300521228751,47.5734379414307,101.45441666666669,100.67007692307692,101.12101282615103,100.85234649496267,0.26866633118835637,0.4979029533153402,0.4071326255146857,-0.3811563169164882
100.005,100.005,99.996,99.998,100.007,-0.009,-0.01,329,3292761.0,-1.8659999999999997,0.02600000000001046,-0.0030000000000001137,101.0772,101.74870000000001,100.871,100.56288085461489,100.92175623842633,100.87856144624182,0.01100000000000989,3.397428571428572,0.0,0.009000000000000341,0.5793351508071688,0.6390779072625341,0.9065172559144297,47.54833732043163,101.45474999999999,100.66980769230769,100.9482416221278,100.78906156940988,0.15918005271791458,0.494397078996943,0.3575421109553315,0.1384083044982698
99.999,100.0,99.997,99.999,99.998,0.001,0.0,104,1041985.0,-5.301000000000002,-2.437000000000012,-0.007000000000005002,100.017,101.50500000000001,100.87065,100.37492056974327,100.75398237689427,100.7947936894569,0.0030000000000001137,3.3970714285714294,0.000999999999990564,0.0,0.5380254971780847,0.5934294853152102,0.9066376216414377,47.55164858547724,101.45483333333333,100.66957692307693,100.80220444949275,100.73053849019433,0.07166595929841435,0.41687149058860956,0.30036688062394806,-0.6838905775075987
99.998,99.999,99.997,99.997,99.999,-0.002,0.0,112,1119970.0,-0.06799999999999784,-7.802999999999997,0.0010000000000047748,100.0034,100.7247,100.8707,100.24894704649552,100.61634921745895,100.71881333808005,0.001999999999995339,3.3971428571428572,0.0,0.001999999999995339,0.4995951045225072,0.5511845220784092,0.9064026374300781,47.545183773557525,101.45691666666666,100.66980769230769,100.67832684187849,100.6762023057355,0.002124536142986244,0.35137253364913257,0.2407184117277557,0.07692307692307687
99.996,99.998,99.993,99.994,99.997,-0.003,0.0,279,2793752.0,-0.02200000000000557,-0.0040000000000048885,0.007000000000005002,99.999,100.7243,100.87105,100.16396469766369,100.5031948142846,100.64978349635815,0.005000000000009663,3.3972142857142864,0.0,0.0030000000000001137,0.4639097399137567,0.5120284847870943,0.9060233047515984,47.53474432830586,101.25341666666667,100.66953846153848,100.5730457892818,100.62566880160695,-0.052623012325142327,0.29597166956664644,0.18205012691717612,1.4910714285714284
100.003,100.005,99.998,100.001,99.994,0.007,0.01,215,2152141.0,-0.006000000000000227,-0.001999999999995339,0.0010000000000047748,99.99780000000001,100.72409999999999,100.8711,100.10964313177581,100.41188666623285,100.58799459194309,0.01099999999999568,3.3961428571428565,0.007000000000005002,0.0,0.4312733299199173,0.4754550215880161,0.9070749289374791,47.563675405394434,100.60350000000001,100.6696923076923,100.48503874477692,100.57939703852496,-0.09435829374804428,0.23268071714228553,0.12676844278413205,-0.22939068100358428
99.998,99.998,99.994,99.997,100.001,-0.004,0.0,45,449989.0,-0.0010000000000047748,-1.8670000000000044,0.01099999999999568,99.9976,100.53739999999999,100.87165,100.07209542118389,100.33645272691777,100.53170939271041,0.007000000000005002,2.7495714285714286,0.0,0.0040000000000048885,0.40046809206849465,0.4417796629031582,0.9064882920069606,47.54754045998888,100.60341666666666,100.66957692307693,100.40995586096508,100.53625651715274,-0.1263006561876523,0.13343867438590154,0.07615462298977518,-0.7906976744186046
99.999,100.0,99.998,99.999,99.997,0.002,0.0,27,269997.0,0.0,-5.301000000000002,0.0,99.9976,100.0073,100.87165,100.04773028078927,100.27509768566,100.48097516483324,0.0030000000000001137,2.145285714285715,0.001999999999995339,0.0,0.3720060854921733,0.41022397269578975,0.9068365338269547,47.55711974990143,100.60308333333334,100.6695,100.34673188235507,100.49645973810438,-0.1497278557493047,0.053579273277976985,0.03097812724195921,-0.4
99.996,100.0,99.995,99.995,99.999,-0.004,0.0,59,589983.0,-0.001999999999995339,-0.06999999999999318,0.0,99.99719999999999,100.00030000000001,100.87165000000002,100.03015352052618,100.22417083372181,100.4346918158015,0.0049999999999954525,1.5874285714285716,0.0,0.003999999999990678,0.34543422224273235,0.3812079746460898,0.9061568624408514,47.53842038375106,100.44733333333335,100.66907692307691,100.29261928506968,100.45931457231887,-0.16669528724919758,-0.009785358434629958,-0.008556555656272148,1.1851851851851851
99.994,100.0,99.993,99.998,99.995,0.003,0.0,35,352189.0,0.0040000000000048885,-0.018000000000000682,0.0040000000000048885,99.998,99.9985,100.87185,100.0194356803508,100.1830488639542,100.3931021190585,0.007000000000005002,1.5874285714285727,0.0030000000000001137,0.0,0.32097463493968004,0.35397883359994053,0.9067622255132883,47.5550760016338,100.0055,100.66915384615385,100.24729324121282,100.42514312251748,-0.17784988130466672,-0.05939827093385475,-0.042415220785951065,-0.4067796610169492
100.005,100.88,99.798,100.005,99.998,0.007,0.01,1379,13796462.0,0.003999999999990678,-0.0020000000000095497,0.006999999999990791,99.9988,99.9983,100.87219999999999,100.01462378690053,100.15067634323525,100.35614001248149,1.0819999999999936,1.021571428571429,0.006999999999990791,0.0,0.2985478753011308,0.3286946311999448,0.90828339425941,47.596881940688256,100.0005,100.66984615384617,100.21001735794931,100.39402140973841,-0.18400405178910262,-0.0975298381013011,-0.07073298698658137,38.4
100.006,100.023,99.98,99.98,100.005,-0.025,-0.02,232,2320246.0,-0.016999999999995907,-0.018000000000000682,0.008000000000009777,99.99539999999999,99.9965,100.8726,100.00308252460036,100.11964428082882,100.32031715414992,0.042999999999992156,0.4932857142857147,0.0,0.024999999999991473,0.27722302706533575,0.3070021575428053,0.9030002566893445,47.45139962620378,99.9975,100.66907692307693,100.17463007211096,100.36335315716521,-0.1887230850542494,-0.12646195414048597,-0.09433100660011498,-0.8317621464829587
100.0,100.1,99.98,100.001,99.98,0.021,0.02,542,5421354.0,0.0020000000000095497,0.0020000000000095497,-2.4350000000000023,99.9958,99.9967,100.75085,100.0023883497336,100.09807259340539,100.28990599661184,0.11999999999999034,0.12392857142857139,0.021000000000000796,0.0,0.2589213822749547,0.2850734320040335,0.9082620588483714,47.596296045235206,99.997,100.66965384615384,100.14791775332466,100.33651218256038,-0.1885944292357209,-0.14765295029367564,-0.11318369112723617,1.3362068965517242
100.0,100.005,100.0,100.0,100.001,-0.001,0.0,46,460105.0,0.0049999999999954525,0.0030000000000001137,-7.799999999999997,99.99680000000001,99.997,100.36085,100.00159223315573,100.08024121278623,100.26229590169642,0.0049999999999954525,0.09707142857142818,0.0,0.0010000000000047748,0.24042699782674365,0.2647824725751743,0.9080170431541088,47.58956668715506,99.99716666666667,100.6696923076923,100.1251611758901,100.31158535422257,-0.18642417833247293,-0.1625197465167124,-0.12783178856828353,-0.915129151291513
100.001,100.058,99.999,100.001,100.0,0.001,0.0,351,3510694.0,0.0030000000000001137,0.007000000000005002,0.0030000000000001137,99.9974,99.9977,100.361,100.00139482210383,100.06583371955237,100.23741057772533,0.05900000000001171,0.09735714285714282,0.0010000000000047748,0.0,0.22332506941054803,0.2458694388198047,0.9083075573870765,47.59754547274151,99.99733333333334,100.66992307692308,100.1060594565224,100.28857903168758,-0.18251957516517336,-0.17231544445194893,-0.13876934588766152,6.630434782608695
100.003,100.018,100.003,100.012,100.001,0.011,0.01,165,1650371.0,0.007000000000005002,0.01099999999999568,0.009000000000000341,99.99879999999999,99.9988,100.36145,100.00492988140256,100.05604577054284,100.21594290365626,0.016999999999995907,0.09778571428571325,0.01099999999999568,0.0,0.20815899302408,0.22830733604696152,0.9117490336852903,47.691878882643195,99.99858333333333,100.67061538461539,100.09158877090357,100.26809169600702,-0.17650292510344912,-0.17789347433148192,-0.14631606173081904,-0.5299145299145299
100.007,100.099,100.002,100.002,100.012,-0.01,-0.01,525,5251023.0,0.02199999999999136,0.0049999999999954525,-1.862000000000009,100.0032,99.9993,100.26835000000001,100.00395325426837,100.04621926680777,100.19556738902233,0.09700000000000841,0.10449999999999957,0.0,0.010000000000005116,0.19329049352236,0.21271395490075035,0.9086874136327676,47.607974314834536,99.99925,100.67076923076924,100.07780588307224,100.2483812000065,-0.17057531693426142,-0.18020985890758823,-0.15116791277150754,2.1818181818181817
100.009,100.1,99.999,100.002,100.002,0.0,0.0,476,4761139.0,0.000999999999990564,0.0030000000000001137,-5.298000000000002,100.0034,99.9996,100.00345000000002,100.00330216951224,100.03817940011544,100.17713239959163,0.10099999999999909,0.1115714285714284,0.0,-0.0,0.1794840296993343,0.1975201009792682,0.9086874136327676,47.607974314834536,99.99933333333333,100.6719230769231,100.06614343952266,100.23013074074677,-0.1639873012241111,-0.1799089715714675,-0.15373179046202826,-0.09333333333333338
100.005,100.005,100.0,100.001,100.002,-0.001,0.0,70,698916.0,0.0010000000000047748,0.006000000000000227,-0.06399999999999295,100.00359999999999,100.0002,100.00025000000001,100.00253477967485,100.03141950918535,100.16035788534481,0.0049999999999954525,0.11157142857142739,0.0,0.000999999999990564,0.16666374186366756,0.1834829509093198,0.9083336682656442,47.5982624721581,99.99966666666667,100.57826923076922,100.0561213719038,100.21315809328405,-0.15703672138025127,-0.17759639824653245,-0.15439277664567286,-0.8529411764705882
100.0,100.073,99.97,100.001,100.001,0.0,0.0,991,9909538.0,0.0,0.0030000000000001137,-0.015000000000000568,100.0036,100.0005,99.9995,100.00202318644992,100.02588868933347,100.1451809438834,0.10299999999999443,0.11814285714285587,0.0,-0.0,0.1547591888734056,0.1703770258443684,0.9083336682656441,47.598262472158105,99.99983333333334,100.27830769230769,100.04764116084168,100.19744267896671,-0.14980151812503095,-0.17379611672830228,-0.15347452494154448,13.157142857142857
100.004,100.008,100.001,100.001,100.001,0.0,0.0,47,473319.0,-0.01099999999999568,-0.003999999999990678,-0.006000000000000227,100.0014,100.0001,99.9992,100.00168212429995,100.02136347309101,100.13144942541831,0.006999999999990791,0.11814285714285486,0.0,-0.0,0.14370496109673378,0.15820723828405636,0.9083336682656442,47.5982624721581,100.00033333333333,100.27842307692308,100.04046559763528,100.18289136941362,-0.14242577177834903,-0.1686519708087578,-0.1512647743089054,-0.9525731584258325
99.998,100.016,99.981,99.994,100.001,-0.007,-0.01,1167,11669998.0,-0.007999999999995566,0.013999999999995794,-0.0040000000000048885,99.99980000000001,100.0015,99.999,99.99912141619997,100.01638829616536,100.1183590039499,0.0350000000000108,0.1204285714285699,0.0,0.007000000000005002,0.13344032101839565,0.147406721263767,0.9052526226373347,47.5135219278294,100.0,100.27807692307692,100.03331704415294,100.16889941612372,-0.13558237197078427,-0.16276174222376483,-0.14812829384128118,23.829787234042552
99.995,99.995,99.975,99.985,99.994,-0.009,-0.01,119,1188657.0,-0.016999999999995907,-0.016000000000005343,-0.013999999999995794,99.9964,99.9999,99.9983,99.99441427746666,100.01068133322619,100.10565814643087,0.020000000000010232,0.12149999999999953,0.0,0.009000000000000341,0.12390886951708167,0.13752052688778368,0.901020904451529,47.396685767192345,99.99833333333333,100.2058076923077,100.0258836527448,100.1552772371516,-0.12939358440679882,-0.1564250095653566,-0.1443813519543847,-0.8980291345329906
99.974,100.005,99.974,99.993,99.985,0.008,0.01,81,813043.0,-0.008000000000009777,-0.007000000000005002,-0.0040000000000048885,99.99480000000001,99.9992,99.9981,99.99394285164445,100.00746654536687,100.09492879915175,0.0309999999999917,0.12321428571428429,0.007999999999995566,0.0,0.11562966455157553,0.12769763211008486,0.9054957608915892,47.52021911966385,99.99941666666666,100.00169230769231,100.0208246292456,100.14325670106629,-0.12243207182069682,-0.1497486203048592,-0.13999149592764712,-0.31932773109243695
99.998,100.05,99.794,100.003,99.993,0.01,0.01,529,5290222.0,0.001999999999995339,0.001999999999995339,0.009000000000000341,99.9952,99.99940000000001,99.99855,99.99696190109631,100.00665444620924,100.08617367542301,0.2560000000000002,0.06421428571428477,0.010000000000005116,0.0,0.10808468851217765,0.11857637267365023,0.911519606099369,47.685600670317385,99.99958333333332,99.9993076923077,100.01808237859242,100.13286731580212,-0.1147849372096914,-0.1428910660944417,-0.134950184184056,5.530864197530864
100.006,100.18,100.004,100.005,100.003,0.002,0.0,588,5879514.0,0.003999999999990678,-0.007000000000005002,0.003999999999990678,99.99600000000001,99.9987,99.99875,99.99964126739755,100.00635363780756,100.07844284919224,0.1770000000000067,0.07378571428571437,0.001999999999995339,0.0,0.10050721076130747,0.1101066317683895,0.9128170496825794,47.721084974334374,100.0,99.99888461538461,100.01606970496283,100.12339566277974,-0.10732595781691145,-0.13586335952584724,-0.12942533891062707,0.11153119092627595
100.001,100.205,99.998,100.003,100.005,-0.002,0.0,515,5151490.0,0.009000000000000341,0.0010000000000047748,0.006000000000000227,99.9978,99.9988,99.99905,100.0007608449317,100.0057438854789,100.07125781593584,0.20699999999999363,0.08000000000000032,0.0,0.001999999999995339,0.09332812427835695,0.1023847294992185,0.9115433984622612,47.68625181073845,100.00016666666666,99.99873076923078,100.01405898112239,100.1144774655368,-0.10041848441440493,-0.1288001576581021,-0.12362396801138266,-0.12414965986394555
100.001,100.008,100.001,100.001,100.003,-0.002,0.0,16,160105.0,0.016000000000005343,-0.000999999999990564,0.0020000000000095497,100.001,99.99870000000001,99.99915,100.00084056328782,100.00488136084637,100.06456659537052,0.006999999999990791,0.08014285714285714,0.0,0.001999999999995339,0.08666182968704574,0.09521439167784541,0.9101757429723757,47.64879599800982,99.99925,99.99884615384616,100.01204990710356,100.10607172734889,-0.0940218202453309,-0.12179850197644429,-0.11770353845817232,-0.9689320388349515
100.005,100.012,100.003,100.007,100.001,0.006,0.01,23,229017.0,0.014000000000010004,0.006000000000000227,0.012000000000000455,100.0038,99.99929999999999,99.99974999999999,100.00289370885856,100.00526656796521,100.05908406247809,0.01099999999999568,0.07671428571428456,0.006000000000000227,0.0,0.08090027042368535,0.08841336370085646,0.9150231032653456,47.78130883669867,99.99966666666667,99.99915384615385,100.0112729983184,100.0987330808786,-0.08746008256019877,-0.11487167580257404,-0.11165484727857762,0.4375
100.018,100.018,100.002,100.003,100.007,-0.004,0.0,116,1160155.0,0.0,0.001999999999995339,0.0049999999999954525,100.0038,99.9995,100.0,100.00292913923906,100.0048544646988,100.05374272319447,0.016000000000005343,0.07664285714285667,0.0,0.0040000000000048885,0.0751216796791364,0.08238383772222421,0.9118497238794115,47.6946337617551,99.99974999999999,99.99938461538461,100.01000022934635,100.09164174155426,-0.08164151220790927,-0.10811786918363629,-0.10565218026444397,4.043478260869565
100.01,100.01,100.004,100.006,100.003,0.003,0.0,68,680045.0,0.0010000000000047748,0.0049999999999954525,0.0010000000000047748,100.00399999999999,100.0,100.00005,100.0039527594927,100.00506274384446,100.04919579717595,0.007000000000005002,0.070214285714285,0.0030000000000001137,0.0,0.06997013113062667,0.07649927788492249,0.9146508707687727,47.77115685856195,100.00016666666666,99.99984615384616,100.0093848094469,100.08529790884653,-0.07591309939962798,-0.10148795000906337,-0.09970436409148077,-0.4137931034482759
99.999,100.004,99.999,100.0,100.006,-0.006,-0.01,32,317702.0,-0.0030000000000001137,0.006000000000000227,0.01999999999999602,100.0034,100.00059999999999,100.00104999999999,100.00263517299514,100.00414224496365,100.04451048315919,0.007000000000005002,0.0634999999999997,0.0,0.006000000000000227,0.0649722646212962,0.07146361517885662,0.9091656566587892,47.621098435738176,100.00008333333334,99.99980769230771,100.00794099260892,100.07897954522826,-0.071038552619342,-0.09500405758823484,-0.09397120179705303,-0.5294117647058824
100.003,100.004,100.0,100.002,100.0,0.002,0.0,78,781313.0,0.000999999999990564,0.016999999999995907,0.000999999999990564,100.00359999999999,100.00229999999999,100.0011,100.00242344866342,100.00375274587934,100.04046186571546,0.0040000000000048885,0.0634285714285718,0.001999999999995339,0.0,0.060474245719774715,0.06635907123750973,0.9113184466269535,47.68009476574797,100.00016666666666,100.0,100.00702699374601,100.07327735669284,-0.06625036294683184,-0.08876164549113873,-0.0884270340270088,1.4375
100.001,100.003,100.0,100.001,100.002,-0.001,0.0,117,1165217.0,-0.006000000000000227,0.008000000000009777,0.0010000000000047748,100.0024,100.0031,100.00115,100.00194896577563,100.00325224662855,100.03670359279018,0.0030000000000001137,0.05628571428571506,0.0,0.000999999999990564,0.05615465673979081,0.0616905661491155,0.9102632743563488,47.65119481570185,100.00075,100.00007692307692,100.00609976393893,100.0679234784193,-0.06182371448036861,-0.08287706518788064,-0.08310637011768077,0.5
100.015,100.015,100.01,100.013,100.001,0.012,0.01,133,1331989.0,0.010000000000005116,0.010000000000005116,0.012000000000000455,100.0044,100.0041,100.00175,100.00563264385042,100.00502456542335,100.03444610776253,0.013999999999995794,0.056785714285715425,0.012000000000000455,0.0,0.05300075268694864,0.05728409713846439,0.9252262902710633,48.05805400365666,100.00308333333334,100.00076923076924,100.00716133871755,100.06385507261047,-0.056693733892913656,-0.07725126252965867,-0.07782384287272735,0.1367521367521367
100.0,100.014,99.992,99.997,100.013,-0.016,-0.02,291,2913519.0,-0.009000000000000341,-0.007999999999995566,-0.015000000000000568,100.0026,100.0033,100.001,100.00275509590028,100.00356555352819,100.03087981178516,0.02199999999999136,0.055857142857142605,0.0,0.016000000000005343,0.04921498463788088,0.05433523305714589,0.9057655938665083,47.527649611348465,100.00341666666667,100.00073076923078,100.00559805583794,100.05890284500968,-0.0533047891717473,-0.07201640750269671,-0.07292003213253134,1.18796992481203
99.992,99.999,99.991,99.997,99.997,0.0,0.0,46,464784.0,-0.0030000000000001137,-0.006000000000000227,-0.0049999999999954525,100.002,100.00269999999999,100.00075000000001,100.00083673060018,100.00237181652305,100.02765316304371,0.007999999999995566,0.0549999999999987,0.0,-0.0,0.045699628592317965,0.05045414498163547,0.9057655938665085,47.527649611348465,100.00291666666668,100.00042307692307,100.00427527801672,100.05431744908304,-0.05004217106632325,-0.0671297798161403,-0.06834445991928972,-0.8419243986254296
99.997,100.0,99.992,99.992,99.997,-0.005,-0.01,16,160497.0,-0.009999999999990905,-0.009000000000000341,-0.009999999999990905,100.0,100.0018,100.00025,99.99789115373346,100.00048603170067,100.0242576237062,0.007999999999995566,0.05335714285714183,0.0,0.0049999999999954525,0.042435369407152396,0.047207420340089755,0.8989131179259797,47.33829628328576,100.00183333333332,100.00088461538462,100.00238677370645,100.04970134174356,-0.047314568037108984,-0.06266916709135255,-0.06413848154285358,-0.6521739130434783
99.994,100.004,99.994,100.001,99.992,0.009,0.01,77,770594.0,0.0,-0.006000000000000227,0.0,100.00000000000001,100.00120000000001,100.00025,99.99892743582231,100.00057948048237,100.02204261192466,0.012000000000000455,0.03592857142857042,0.009000000000000341,0.0,0.04004712873521296,0.04383546174436906,0.9135783482503699,47.74188363312515,100.00166666666667,100.00088461538462,100.00217342390546,100.04609383494774,-0.043920411042279284,-0.058477933628504765,-0.060094867442738724,3.8125
100.004,100.008,100.004,100.005,100.001,0.004,0.0,60,595036.0,-0.008000000000009777,0.001999999999995339,0.003999999999990678,99.9984,100.0014,100.00045,100.00095162388155,100.00138321130376,100.02041950602707,0.006999999999990791,0.02378571428571214,0.003999999999990678,0.0,0.037472333825554226,0.04070435733405699,0.9205976037902321,47.932872662834995,100.00200000000001,100.00107692307694,100.00260828176616,100.04304984717383,-0.04044156540767574,-0.05453665207384341,-0.05616420703572613,-0.22077922077922074
99.998,100.005,99.998,100.005,100.005,0.0,0.0,26,260606.0,0.007999999999995566,-0.0010000000000047748,0.003999999999990678,100.0,100.0013,100.00065,100.0023010825877,100.00204080924853,100.01895098164353,0.006999999999990791,0.009499999999997653,0.0,-0.0,0.03479573855230035,0.0377969032387672,0.9205976037902321,47.932872662834995,100.00183333333332,100.00123076923077,100.00297623841752,100.04023133997578,-0.03725510155825873,-0.0507829352892786,-0.05238238594023266,-0.5666666666666667
100.001,100.005,100.0,100.005,100.005,0.0,0.0,6,60202.0,0.007999999999995566,0.0049999999999954525,0.01099999999999568,100.00160000000001,100.0018,100.00120000000001,100.00320072172514,100.0025788439306,100.0176223167251,0.0049999999999954525,0.009357142857140843,0.0,-0.0,0.03231032865570747,0.03509712443599811,0.9205976037902321,47.932872662834995,100.00200000000001,100.00096153846152,100.00328758635328,100.03762161108868,-0.0343340247354007,-0.04723667548800847,-0.04877271369926627,-0.7692307692307692
100.005,100.006,100.0,100.001,100.005,-0.004,0.0,27,271007.0,0.009000000000000341,-0.000999999999990564,0.016000000000005343,100.0034,100.0017,100.002,100.00246714781676,100.00229178139776,100.01603923894176,0.006000000000000227,0.008999999999998311,0.0,0.003999999999990678,0.030002448037442647,0.03287590126199758,0.9125969748584061,47.7150694503199,100.00158333333333,100.00092307692307,100.00293564999124,100.03490889915619,-0.031973249164948925,-0.04391995711962851,-0.0454128207924028,3.5
100.003,100.004,100.0,100.0,100.001,-0.001,0.0,14,140004.0,-0.0010000000000047748,-0.0010000000000047748,0.007000000000005002,100.00319999999999,100.0016,100.00235,100.00164476521118,100.0018750938709,100.01451169237588,0.0040000000000048885,0.008142857142855422,0.0,0.0010000000000047748,0.027859416034768172,0.03059905117185524,0.9104666637635169,47.6567679003593,100.00158333333333,100.00084615384615,100.00248401153105,100.03232305477425,-0.02983904324320008,-0.040936102602993664,-0.04229806528256226,-0.4814814814814815
100.006,100.01,100.005,100.006,100.0,0.006,0.01,90,904572.0,0.0010000000000047748,-0.007000000000005002,0.0030000000000001137,100.0034,100.00089999999999,100.00250000000001,100.00309651014081,100.00262507680345,100.01370105500675,0.010000000000005116,0.008357142857141144,0.006000000000000227,0.0,0.02629802917514189,0.028413404659579866,0.9255500877215447,48.066788478960056,100.00191666666667,100.00103846153846,100.00302493283397,100.03037319886504,-0.0273482660310691,-0.03805204447625164,-0.03930810543226363,5.428571428571429
100.002,100.003,99.998,100.001,100.006,-0.005,-0.01,66,660002.0,-0.003999999999990678,0.0040000000000048885,-0.003999999999990678,100.0026,100.0013,100.0023,100.00239767342723,100.00232960829373,100.01249143072039,0.007999999999995566,0.00842857142856904,0.0,0.0049999999999954525,0.024419598519774613,0.026741018612466694,0.9131887933539737,47.73124307053254,100.00191666666667,100.00103846153846,100.00271340470567,100.02819740635651,-0.025484001650838195,-0.03532335898564219,-0.036543284675978546,-0.2666666666666667
100.0,100.0,100.0,100.0,100.001,-0.001,0.0,15,150000.0,-0.0049999999999954525,0.0030000000000001137,-0.0030000000000001137,100.0016,100.00160000000001,100.00215,100.00159844895148,100.00190604314942,100.01130177065177,0.0010000000000047748,0.008214285714283318,0.0,0.0010000000000047748,0.022675341482647857,0.024902374425862274,0.9105694539352224,47.65958400830243,100.00083333333333,100.00099999999999,100.00229595782788,100.02610870958937,-0.023812751761482787,-0.032712046066128174,-0.033997178093079394,-0.7727272727272727
100.0,100.001,99.998,100.0,100.0,0.0,0.0,21,210001.0,-0.0010000000000047748,0.007999999999995566,-0.0010000000000047748,100.0014,100.0024,100.00210000000001,100.00106563263432,100.00155948984953,100.01022541154207,0.0030000000000001137,0.008214285714283318,0.0,-0.0,0.0210556742338873,0.02312363339544354,0.9105694539352225,47.65958400830244,100.00108333333334,100.00123076923077,100.00194273354667,100.02417473110127,-0.022231997554598593,-0.03030222234527476,-0.031644141985383234,0.3999999999999999
100.0,100.001,99.998,100.001,100.0,0.001,0.0,112,1115492.0,0.0010000000000047748,0.0,-0.006000000000000227,100.00160000000001,100.0024,100.0018,100.00104375508957,100.00145776442234,100.009346800919,0.0030000000000001137,0.007428571428569342,0.0010000000000047748,0.0,0.019623126074324263,0.021471945295769002,0.9138960538517651,47.75055844921806,100.00141666666667,100.00184615384615,100.00179769761642,100.02245808435303,-0.020660386736608416,-0.02810431360404506,-0.029447390935628273,4.333333333333333
100.004,100.007,100.003,100.005,100.001,0.004,0.0,127,1271756.0,-0.0010000000000047748,0.0,0.001999999999995339,100.0014,100.0024,100.0019,100.00236250339304,100.00210180725465,100.00893281987909,0.006000000000000227,0.006285714285712832,0.003999999999990678,0.0,0.01850718849758615,0.019938234917499787,0.9282260227229238,48.13885985275415,100.0025,100.0023076923077,100.0022903595216,100.02116489291947,-0.018874533397877258,-0.026062028252891563,-0.027332819428078074,0.1339285714285714
100.0,103.005,99.997,100.044,100.005,0.039,0.04,790,7927802.0,0.042999999999992156,0.03900000000000148,0.0379999999999967,100.01,100.0063,100.0038,100.0162416689287,100.00971966048107,100.01227255131917,3.0079999999999956,0.22057142857142711,0.03900000000000148,0.0,0.019970960747758674,0.018514075280535516,1.0786906958704456,51.892794729556776,100.00608333333334,100.0038846153846,100.00870722728752,100.02285638233285,-0.014149155045330986,-0.023819264953994928,-0.02469608655152866,5.2204724409448815
100.1,100.343,100.001,100.019,100.044,-0.025,-0.02,239,2389451.0,0.019000000000005457,0.014000000000010004,0.019000000000005457,100.0138,100.0077,100.00475,100.01716111261914,100.01140699493905,100.01291326071734,0.34199999999999875,0.2444285714285702,0.0,0.024999999999991473,0.018544463551490198,0.018977355617639514,0.977189020700706,49.42314621767397,100.00725,100.00442307692309,100.01029073078175,100.02257072438226,-0.012279993600515127,-0.021631125446835615,-0.022212867961325954,-0.6974683544303797
100.025,100.049,100.006,100.019,100.019,0.0,0.0,465,4648714.0,0.019000000000005457,0.018000000000000682,0.017000000000010118,100.0176,100.0095,100.0056,100.01777407507944,100.01278754131377,100.01349295017283,0.043000000000006366,0.24664285714285633,0.0,-0.0,0.017219859012098042,0.017621830216379548,0.9771890207007061,49.423146217673974,100.00841666666668,100.00503846153848,100.01163061835379,100.02230622627988,-0.010675607926089015,-0.019501854856045497,-0.019905415954278565,0.9456066945606694
100.0,100.002,100.0,100.002,100.019,-0.017,-0.02,191,1906628.0,0.000999999999990564,0.001999999999995339,0.000999999999990564,100.0178,100.0097,100.00565,100.01251605005297,100.0108261701658,100.01239838348971,0.019000000000005457,0.24750000000000025,0.0,0.017000000000010118,0.015989869082662467,0.01757741377235316,0.9096826922179143,47.63527972081083,100.00816666666667,100.00507692307693,100.01014898476089,100.02080206137026,-0.010653076609372647,-0.017646833809190337,-0.01805494808529738,-0.589247311827957
100.0,100.004,100.0,100.003,100.002,0.001,0.0,38,380208.0,-0.001999999999995339,-0.0030000000000001137,-0.010000000000005116,100.0174,100.0094,100.00515,100.00934403336865,100.00940323013565,100.01150329934784,0.0040000000000048885,0.24728571428571552,0.0010000000000047748,0.0,0.01491916414818692,0.016321884217185077,0.9140589376610543,47.75500480554783,100.00833333333333,100.00492307692306,100.00904914095152,100.01948339015765,-0.010434249206127788,-0.015974639093111403,-0.016530808309463463,-0.8010471204188482
100.002,100.002,100.0,100.001,100.003,-0.002,0.0,38,380004.0,-0.042999999999992156,0.0,0.0040000000000048885,100.0088,100.0094,100.00535,100.00656268891245,100.00787537011098,100.01050298512423,0.0030000000000001137,0.24714285714285872,0.0,0.001999999999995339,0.013853509566173568,0.01529889248738581,0.9055236892210345,47.5209882901643,100.00841666666668,100.00484615384616,100.00781081157437,100.01811425014597,-0.010303438571597212,-0.014473604294235227,-0.015285334361890213,0.0
100.01,100.01,100.005,100.006,100.001,0.005,0.01,91,909755.0,-0.01300000000000523,0.006000000000000227,0.009000000000000341,100.0062,100.00999999999999,100.0058,100.00637512594164,100.00753439372716,100.01007412939812,0.009000000000000341,0.24735714285714444,0.0049999999999954525,0.0,0.013221116025732274,0.014206114452572539,0.9306637694544341,48.2043421634944,100.00841666666666,100.00484615384615,100.00753222517831,100.0172168982833,-0.009684673104985109,-0.013079457133167062,-0.014165202110509194,1.3947368421052633
100.006,100.006,100.0,100.0,100.006,-0.006,-0.01,43,430007.0,-0.019000000000005457,0.0,0.007999999999995566,100.0024,100.00999999999999,100.0062,100.0042500839611,100.00616450395859,100.00911468850306,0.006000000000000227,0.24750000000000125,0.0,0.006000000000000227,0.012276750595322825,0.013619963420245946,0.9013791165601481,47.40659601809789,100.00833333333333,100.00484615384615,100.00637342130473,100.01594157248454,-0.00956815117980625,-0.011846986515744598,-0.013245791924368606,-0.5274725274725275
100.003,100.005,100.002,100.005,100.0,0.005,0.01,17,170006.0,0.0030000000000001137,0.003999999999990678,0.003999999999990678,100.003,100.0104,100.00640000000001,100.00450005597406,100.00595277596611,100.00872281340753,0.0049999999999954525,0.24714285714285772,0.0049999999999954525,0.0,0.011756982695656584,0.01264710889022838,0.9296182074260829,48.17627672917226,100.00875,100.00496153846153,100.00616212571938,100.01513108563384,-0.0089689599144549,-0.010746367239808782,-0.012390425522385866,-0.6046511627906976
100.005,100.005,100.0,100.003,100.005,-0.002,0.0,18,180003.0,0.0,-0.001999999999995339,-0.001999999999995339,100.003,100.0102,100.0063,100.00400003731605,100.00541590760862,100.0081777835592,0.0049999999999954525,0.246928571428572,0.0,0.001999999999995339,0.0109171982173954,0.011886601112354591,0.9184457452726649,47.87447065083032,100.009,100.00503846153848,100.00567564483949,100.01423248669799,-0.008556841858506914,-0.01012499910793944,-0.011623708789610075,0.05882352941176472
100.009,100.009,100.001,100.003,100.003,0.0,0.0,29,290013.0,0.001999999999995339,-0.04099999999999682,-0.001999999999995339,100.00340000000001,100.0061,100.0062,100.00366669154404,100.00497665167977,100.00768466131548,0.007999999999995566,0.24742857142857133,0.0,-0.0,0.0101373983447243,0.011037558175757835,0.9184457452726649,47.87447065083032,100.00916666666666,100.00465384615384,100.00526400717187,100.01340045064629,-0.008136443474413113,-0.009664604649483662,-0.010926255726570683,0.6111111111111112
100.006,100.011,100.006,100.006,100.003,0.003,0.0,50,500139.0,0.0,-0.01300000000000523,0.0010000000000047748,100.0034,100.0048,100.00625,100.00444446102938,100.00516271501071,100.00752421738068,0.007999999999995566,0.24778571428571386,0.0030000000000001137,0.0,0.009627584177244,0.010249161163203704,0.9393533796510807,48.43642161904937,100.00925000000001,100.00500000000001,100.00537723683773,100.01285226911692,-0.007475032279188554,-0.009308985133161387,-0.010236011037094258,0.7241379310344827
100.0,100.004,100.0,100.001,100.006,-0.005,-0.01,32,320001.0,0.0010000000000047748,-0.018000000000000682,0.0,100.0036,100.003,100.00625,100.00329630735294,100.00440585773603,100.00690286334442,0.006000000000000227,0.24799999999999958,0.0,0.0049999999999954525,0.008939899593155144,0.0098742210801174,0.9053777022631595,47.51696743316429,100.00566666666667,100.00515384615385,100.00470381578577,100.01197432325641,-0.007270507470636289,-0.008933144117746237,-0.009642910323802665,-0.36
99.998,100.003,99.998,100.001,100.001,0.0,0.0,19,190002.0,-0.003999999999990678,-0.000999999999990564,0.0010000000000047748,100.00280000000001,100.0029,100.0063,100.00253087156864,100.00378661087493,100.00634068588305,0.0049999999999954525,0.24792857142857067,0.0,-0.0,0.008301335336501205,0.009168919574394729,0.9053777022631594,47.51696743316429,100.00416666666666,100.0055,100.00413399797259,100.0111614104226,-0.007027412450014481,-0.008554606700400313,-0.009119810749045028,-0.40625
100.001,100.001,100.0,100.0,100.001,-0.001,0.0,58,580005.0,-0.0030000000000001137,-0.0030000000000001137,-0.006000000000000227,100.0022,100.0026,100.006,100.00168724771243,100.0030981361704,100.00573681103704,0.0010000000000047748,0.03314285714285704,0.0,0.0010000000000047748,0.0077083828124654055,0.008585425319081161,0.897845188325554,47.308663206492206,100.00258333333333,100.00546153846155,100.0034979982845,100.01033463928019,-0.006836640995686594,-0.008169406969743578,-0.008663176798373341,2.0526315789473686
100.004,100.004,100.0,100.0,100.0,0.0,0.0,23,230101.0,-0.0030000000000001137,-0.0010000000000047748,-0.0010000000000047748,100.00160000000001,100.00250000000001,100.00595,100.00112483180828,100.00253483868487,100.00519044808112,0.0040000000000048885,0.009000000000000341,0.0,-0.0,0.007157784040146448,0.007972180653432507,0.8978451883255542,47.30866320649221,100.00241666666666,100.00526923076924,100.00295984470227,100.00956911044462,-0.006609265742341108,-0.007827695040560911,-0.008252394587166895,-0.603448275862069
100.005,100.008,100.005,100.005,100.0,0.005,0.01,27,271514.0,-0.0010000000000047748,-0.0010000000000047748,0.0049999999999954525,100.0014,100.0024,100.0062,100.00241655453885,100.00298304983308,100.00517231016863,0.007999999999995566,0.0064999999999995695,0.0049999999999954525,0.0,0.007003656608707092,0.007402739178187328,0.9460898783714872,48.61491182324977,100.00258333333333,100.00526923076922,100.00327371474808,100.00923065781909,-0.005956943071012688,-0.007426449695139404,-0.0077933042839360535,0.17391304347826098
100.0,100.001,99.996,99.998,100.005,-0.007,-0.01,96,960693.0,-0.0030000000000001137,-0.001999999999995339,-0.001999999999995339,100.0008,100.00219999999999,100.0061,100.00094436969258,100.0020770407725,100.00448923300972,0.009000000000000341,0.00578571428571349,0.0,0.006999999999990791,0.006503395422370871,0.007373972094030432,0.881939250575096,46.86332198584981,100.00233333333334,100.00500000000001,100.0024623740176,100.0083987572399,-0.005936383222305608,-0.007089496729345039,-0.007421920071609965,2.5555555555555554
99.998,99.999,99.99,99.996,99.998,-0.002,0.0,63,630367.0,-0.005000000000009663,-0.009000000000000341,-0.005000000000009663,99.99980000000001,100.0013,100.00585,99.99929624646172,100.00097212426842,100.00368073462784,0.009000000000000341,0.006142857142856022,0.0,0.0020000000000095497,0.0060388671779158095,0.006990116944457512,0.8639150426094155,46.34948604738791,100.00150000000001,100.0048076923077,100.00146816263027,100.00748033077768,-0.0060121681474072375,-0.006806755205889519,-0.00713996968676942,-0.34375
99.996,99.999,99.996,99.999,99.996,0.003,0.0,15,150196.0,-0.0010000000000047748,-0.0040000000000048885,-0.006000000000000227,99.9996,100.0009,100.00555,99.99919749764116,100.0006135562196,100.00323495037756,0.0030000000000001137,0.006142857142856022,0.0030000000000001137,0.0,0.005821805236636117,0.0064908228769962615,0.8969286863871806,47.2832053636891,100.00141666666667,100.00476923076923,100.00108844530254,100.00685215812747,-0.005763712824929712,-0.00654311846705803,-0.006864718314401479,-0.7619047619047619
100.0,100.001,99.995,99.995,99.999,-0.004,0.0,33,327103.0,-0.0049999999999954525,-0.007999999999995566,-0.04899999999999238,99.9986,100.0001,100.00309999999999,99.99779833176078,99.99959290963422,100.00245066938922,0.006000000000000227,0.0059285714285703,0.0,0.003999999999990678,0.005405962005447823,0.006312906957210148,0.8563348140706434,46.13040748790564,100.00058333333334,100.00434615384617,100.00015176140984,100.00597422048841,-0.005822459078572706,-0.006359499222545158,-0.006656266467235725,1.2000000000000002
100.008,100.01,100.008,100.008,99.995,0.013,0.01,43,434638.0,0.0030000000000001137,0.001999999999995339,-0.01100000000000989,99.9992,100.00030000000001,100.00255,100.00119888784053,100.0011214715189,100.00297917706644,0.015000000000000568,0.006571428571427467,0.012999999999991019,0.0,0.005948393290772337,0.005861985031695138,1.0147404434862932,50.3658149498599,100.00099999999999,100.00461538461538,100.0013591827314,100.00612427823002,-0.004765095498612482,-0.006081120114542513,-0.006278032273511077,0.303030303030303
99.998,100.005,99.998,100.005,100.008,-0.003,0.0,34,336501.0,0.006999999999990791,0.003999999999990678,-0.014000000000010004,100.00059999999999,100.00070000000001,100.00185,100.00246592522703,100.00182665851545,100.00317163639343,0.009999999999990905,0.0069285714285699995,0.0,0.0030000000000001137,0.00552350805571717,0.005657557529431208,0.9763061227364109,49.40055143808434,100.00116666666668,100.0048076923077,100.00191930846503,100.00604099836113,-0.004121689896095404,-0.005758262052995949,-0.005846763798027942,-0.2093023255813954
99.999,100.002,99.999,100.002,100.005,-0.003,0.0,4,40100.0,0.006000000000000227,0.000999999999990564,0.0,100.00179999999999,100.0008,100.00185,100.00231061681802,100.001858175149,100.00306005197501,0.006000000000000227,0.006999999999998912,0.0,0.0030000000000001137,0.0051289717660230865,0.005467731991614701,0.9380437398703637,48.40157735207306,100.00083333333333,100.00488461538461,100.00193172254733,100.0057416651492,-0.0038099426018760596,-0.005421962231461445,-0.0054393995587975665,-0.8823529411764706
100.0,100.0,100.0,100.0,100.002,-0.002,0.0,21,210100.0,0.0010000000000047748,0.0,-0.0030000000000001137,100.002,100.0008,100.0017,100.00154041121202,100.0015203251219,100.00276861845357,0.001999999999995339,0.006571428571427467,0.0,0.001999999999995339,0.004762616639878581,0.005220036849356176,0.9123722259673297,47.70892473643969,100.00075,100.00484615384616,100.00163453446312,100.00531635661963,-0.003681822156508474,-0.0050966907219244855,-0.005087884078339748,4.25
100.005,100.015,100.005,100.009,100.0,0.009,0.01,44,435036.0,0.013999999999995794,0.009000000000000341,0.007999999999995566,100.0048,100.0017,100.0021,100.00402694080802,100.00288026600882,100.00336208336275,0.015000000000000568,0.007071428571427825,0.009000000000000341,0.0,0.005065286879887278,0.0048471770744021635,1.0449972844270425,51.10017956428852,100.00141666666667,100.00500000000001,100.00276768300725,100.00558921909226,-0.002821536085008347,-0.004748312167924003,-0.004634614479673468,1.0952380952380953
99.998,100.0,99.998,99.999,100.009,-0.01,-0.01,14,139999.0,-0.009000000000000341,-0.006000000000000227,-0.007000000000005002,100.003,100.0011,100.00175,100.00235129387202,100.00217476309811,100.002946646852,0.01099999999999568,0.007428571428570356,0.0,0.010000000000005116,0.004703480674181044,0.005215235854802374,0.9018730514076199,47.42025503437903,100.00133333333333,100.00326923076923,100.00218803946767,100.00510112878912,-0.002913089321452844,-0.004412390623384808,-0.004290309448029344,-0.6818181818181819
99.999,100.0,99.999,100.0,99.999,0.001,0.0,10,100199.0,-0.0049999999999954525,0.001999999999995339,0.0,100.002,100.0013,100.00175,100.00156752924802,100.00177935162573,100.00266601381847,0.0010000000000047748,0.007142857142856737,0.0010000000000047748,0.0,0.00443894634031131,0.004842719008030776,0.9166227346559068,47.82489104828807,100.00133333333333,100.00253846153845,100.0018514180111,100.00472326739734,-0.002871849386238523,-0.004063466316588283,-0.00400661743567118,-0.2857142857142857
99.998,100.0,99.998,99.998,100.0,-0.002,0.0,7,69999.0,-0.003999999999990678,0.0020000000000095497,-0.006999999999990791,100.0012,100.0015,100.0014,100.00037835283203,100.00109219678468,100.00222163155004,0.001999999999995339,0.007214285714284634,0.0,0.001999999999995339,0.004121878744574789,0.00463966765031396,0.8883995698045025,47.04510549620993,100.00075,100.00173076923076,100.00125889216324,100.00422524759013,-0.0029663554268921644,-0.003752648827917445,-0.0037985650339153773,-0.30000000000000004
100.0,100.0,99.995,99.995,99.998,-0.003,0.0,14,144896.0,-0.0049999999999954525,-0.003999999999990678,-0.007999999999995566,100.00019999999999,100.0011,100.001,99.99858556855469,99.99998452464202,100.0015338571167,0.0049999999999954525,0.007285714285712531,0.0,0.0030000000000001137,0.0038274588342480185,0.0045225485324344,0.8463057514581876,45.83778991046237,100.00049999999999,100.00146153846154,100.00029598567657,100.0035418959168,-0.003245910240224248,-0.0034663656236565052,-0.0036880340751771516,1.0
100.006,100.008,100.005,100.006,99.995,0.011,0.01,37,365223.0,-0.0030000000000001137,0.01099999999999568,0.0030000000000001137,99.9996,100.00219999999999,100.00115000000001,100.00105704570313,100.00107824743438,100.00195920405797,0.012999999999991019,0.007642857142855064,0.01099999999999568,0.0,0.004339783203229994,0.0041995093515462285,1.0334024382234364,50.82134351753359,100.00133333333333,100.00157692307693,100.00117352634172,100.00372397770073,-0.0025504513590135502,-0.003220294052589957,-0.0034605175319444314,1.6428571428571428
100.001,100.001,99.999,99.999,100.006,-0.007,-0.01,24,239999.0,0.0,-0.009000000000000341,-0.007000000000005002,99.99960000000002,100.00129999999999,100.0008,100.0003713638021,100.00070038426449,100.00167737510006,0.007000000000005002,0.007499999999998254,0.0,0.007000000000005002,0.0040297986887135664,0.0043995443978647126,0.9159581820948097,47.80679404460427,100.00133333333333,100.0015,100.00083913767375,100.0033740534266,-0.0025349157528467003,-0.003043985814451212,-0.0032753971761248857,-0.3513513513513513
99.999,99.999,99.995,99.996,99.999,-0.003,0.0,85,847762.0,-0.0040000000000048885,-0.009000000000000341,-0.005000000000009663,99.9988,100.00039999999998,100.00055,99.99891424253474,99.99984576894367,100.00113667270958,0.003999999999990678,0.007142857142854707,0.0,0.0030000000000001137,0.003741955925234026,0.004299576940874384,0.8703079341738778,46.53286864006681,100.00141666666667,100.00111538461539,100.00009465495471,100.00282782724685,-0.0027331722921388746,-0.0029243446689248584,-0.0031669521993276835,2.5416666666666665
99.996,99.999,99.996,99.999,99.996,0.003,0.0,35,348194.0,0.000999999999990564,-0.0030000000000001137,-0.0020000000000095497,99.999,100.0001,100.00045,99.9989428283565,99.99969199277209,100.00093318007058,0.0030000000000001137,0.007142857142854707,0.0030000000000001137,0.0,0.003688959073431604,0.003992464302240499,0.9239804777619243,48.02442064468072,100.00066666666667,100.00107692307694,99.99992624650014,100.00254428448781,-0.0026180379876734605,-0.0028061464279431902,-0.003057169356996839,-0.5882352941176471
99.999,100.001,99.998,100.0,99.999,0.001,0.0,47,469998.0,0.0049999999999954525,0.0,0.0,100.0,100.0001,100.00045,99.99929521890434,99.99974799408625,100.00084430577813,0.0030000000000001137,0.006928571428568985,0.0010000000000047748,0.0,0.003496890568186831,0.0037072882806518923,0.9432475446910579,48.5397522959957,100.00025,100.00088461538462,99.99993759319243,100.00235581897019,-0.0024182257777596305,-0.002761334171582222,-0.002929380641149397,0.34285714285714275
100.006,100.006,100.006,100.006,100.0,0.006,0.01,8,80005.0,0.0,-0.0030000000000001137,0.006000000000000227,100.0,99.9998,100.00075000000001,100.00153014593624,100.0008847224342,100.00133532427544,0.006000000000000227,0.0062857142857118175,0.006000000000000227,0.0,0.003675684099030645,0.003442481974891043,1.0677424386941003,51.63807729208487,100.00058333333334,100.00099999999999,100.00087027116282,100.00262575830573,-0.001755487142901302,-0.0026327117072987172,-0.0026946019414997783,-0.8297872340425532
99.997,100.0,99.997,99.998,100.006,-0.008,-0.01,34,337796.0,-0.000999999999990564,-0.000999999999990564,-0.006999999999990791,99.9998,99.99969999999999,100.00039999999998,100.00035343062417,100.00036022744615,100.00101767434445,0.009000000000000341,0.006214285714283919,0.0,0.007999999999995566,0.0034131352348141706,0.0037680189766842232,0.9058168910331914,47.529061962617256,100.00041666666668,100.0008076923077,100.00042869098394,100.00228310954235,-0.0018544185584090656,-0.0025196638375398882,-0.002526565264881636,3.25
99.998,99.998,99.993,99.998,99.998,0.0,0.0,53,529985.0,0.0020000000000095497,-0.001999999999995339,0.0,100.00019999999999,99.9995,100.00039999999998,99.99956895374946,99.9999310951832,100.00073027678785,0.005000000000009663,0.006142857142856022,0.0,-0.0,0.0031693398608988728,0.003498874764063922,0.9058168910331914,47.529061962617256,99.9995,100.00050000000002,100.00005504621717,100.00196584216884,-0.0019107959516730944,-0.002402379451404436,-0.0024034114022399274,0.5588235294117647
99.998,100.0,99.995,99.995,99.998,-0.003,0.0,68,680090.0,-0.003999999999990678,-0.0030000000000001137,-0.000999999999990564,99.99940000000001,99.9992,100.00035,99.99804596916631,99.99903453242261,100.00018453614138,0.0049999999999954525,0.006357142857141744,0.0,0.0030000000000001137,0.002942958442263239,0.0034632408523450784,0.8497700759883511,45.939227097416975,99.99916666666667,100.00026923076923,99.99927734679913,100.00144985386005,-0.0021725070609193153,-0.002283112431481666,-0.002357230533975805,0.28301886792452824
99.991,99.998,99.991,99.995,99.995,0.0,0.0,23,229991.0,-0.0049999999999954525,0.0,-0.003999999999990678,99.9984,99.9992,100.00014999999999,99.99703064611089,99.99830098107304,99.99969077079459,0.007000000000005002,0.00578571428571349,0.0,-0.0,0.002732747124958722,0.0032158665057490017,0.849770075988351,45.93922709741697,99.99874999999999,100.00003846153845,99.99861929344542,100.00097208690747,-0.00235279346205175,-0.0022611504429303547,-0.002356343119590994,-0.6617647058823529
100.005,100.005,100.0,100.0,99.995,0.005,0.01,108,1081222.0,-0.006000000000000227,-0.006000000000000227,0.0049999999999954525,99.99719999999999,99.99860000000001,100.00039999999998,99.9980204307406,99.99860989360522,99.99972022119509,0.009999999999990905,0.005714285714284577,0.0049999999999954525,0.0,0.002894693758889917,0.002986161755338359,0.9693693764964592,49.22232406299438,99.99891666666666,100.00003846153845,99.99883170983843,100.00090008046988,-0.0020683706314486017,-0.0022093120961083437,-0.002298748621962516,3.695652173913044
99.999,100.0,99.996,100.0,100.0,0.0,0.0,80,800089.0,0.001999999999995339,0.0010000000000047748,-0.007999999999995566,99.9976,99.99870000000001,100.0,99.9986802871604,99.99886264022246,99.99974686679555,0.0040000000000048885,0.0059285714285703,0.0,-0.0,0.002687929918969209,0.002772864487099905,0.9693693764964592,49.22232406299438,99.99933333333333,100.00003846153845,99.99901144678637,100.00083340784248,-0.0018219610561089894,-0.0021080664032161345,-0.0022033911087918105,-0.2592592592592593
100.0,100.0,99.998,100.0,100.0,0.0,0.0,58,580400.0,0.001999999999995339,0.0040000000000048885,-0.0049999999999954525,99.998,99.99910000000001,99.99974999999999,99.99912019144027,99.99906943290928,99.99977097471978,0.001999999999995339,0.0059285714285703,0.0,-0.0,0.0024959349247571224,0.0025748027380213404,0.969369376496459,49.22232406299438,99.99883333333332,99.99984615384616,99.99916353189616,100.00077167392821,-0.0016081420320546158,-0.001995855741480707,-0.0020843412934443716,-0.275
100.0,100.001,99.999,100.0,100.0,0.0,0.0,12,120200.0,0.0049999999999954525,0.0010000000000047748,-0.001999999999995339,99.999,99.9992,99.99965,99.99941346096018,99.99923862692577,99.99979278665123,0.0020000000000095497,0.005714285714285593,0.0,-0.0,0.0023176538587030425,0.0023908882567341017,0.9693693764964593,49.22232406299439,99.99891666666666,99.99992307692308,99.99929221929675,100.0007145128965,-0.0014222935997452169,-0.0018851966105902168,-0.0019519317547045407,-0.7931034482758621
100.0,100.0,99.999,99.999,100.0,-0.001,0.0,8,75000.0,0.003999999999990678,-0.0010000000000047748,-0.0010000000000047748,99.99980000000001,99.9991,99.9996,99.99927564064014,99.999195240212,99.99971728316063,0.0010000000000047748,0.004857142857143718,0.0,0.0010000000000047748,0.002152107154509968,0.00229153909553915,0.9391535840254227,48.431108900403125,99.99916666666667,100.00003846153847,99.99924726248186,100.00058751194119,-0.001340249459332199,-0.0018390590901936497,-0.0018295952956300726,-0.33333333333333337
100.005,100.007,100.005,100.007,99.999,0.008,0.01,13,130007.0,0.007000000000005002,0.0010000000000047748,-0.001999999999995339,100.00120000000001,99.9992,99.9995,100.00185042709343,100.00061428744618,100.00041087524058,0.008000000000009777,0.00492857142857263,0.008000000000009777,0.0,0.002569813786331383,0.002127857731572068,1.2077000018383732,54.703990616148474,99.99983333333334,100.00034615384615,100.00043999133081,100.00106251105666,-0.0006225197258515891,-0.0017021814421317079,-0.001588180181674376,0.625
99.998,100.0,99.996,99.996,100.007,-0.011,-0.01,13,130098.0,-0.0040000000000048885,-0.0020000000000095497,-0.0030000000000001137,100.0004,99.999,99.99935,99.99990028472895,99.99977532609233,99.99999079188433,0.01100000000000989,0.005428571428574003,0.0,0.01100000000000989,0.002386255658736284,0.002761582179317627,0.864090041066935,46.35452269099417,99.99950000000001,100.0003846153846,99.99975691574146,100.00068751023764,-0.0009305944961823798,-0.0015932701692994062,-0.001456663044575977,0.0
99.999,99.999,99.998,99.998,99.996,0.002,0.0,14,140098.0,-0.001999999999995339,0.0,-0.001999999999995339,100.0,99.999,99.99924999999999,99.99926685648597,99.99945253953008,99.99980119265726,0.0030000000000001137,0.005428571428574003,0.0020000000000095497,0.0,0.002358665968827232,0.002564326309366368,0.9197994655407354,47.91122625308485,99.99883333333332,100.0,99.99948662101201,100.00048843540523,-0.0010018143932200019,-0.0014631932062217049,-0.001365693314304782,0.07692307692307687
99.99,100.001,99.99,100.001,99.998,0.003,0.0,29,290196.0,0.0010000000000047748,0.006000000000000227,0.0030000000000001137,100.0002,99.9996,99.9994,99.99984457099066,99.99973389597915,99.99991536478514,0.01100000000000989,0.006000000000003273,0.0030000000000001137,0.0,0.0024044755424824375,0.0023811601444116274,1.0097916127672175,50.24359771194726,99.99908333333332,99.99984615384616,99.99971944854863,100.00052632907892,-0.0008068805302912097,-0.001291425102692756,-0.0012539307575020677,1.0714285714285716
100.005,100.008,100.002,100.004,100.001,0.003,0.0,48,480022.0,0.005000000000009663,0.009000000000000341,0.009000000000000341,100.0012,100.0005,99.99985000000001,100.00122971399378,100.00050955125565,100.00030437766276,0.006999999999990791,0.00607142857143117,0.0030000000000001137,0.0,0.0024470130037337,0.002211077276953654,1.106706232857275,52.53253707595843,99.99958333333335,99.99992307692308,100.00037799492577,100.00078363803604,-0.00040564311026969335,-0.0011066776003395438,-0.0010842732280555928,0.6551724137931034
99.999,99.999,99.989,99.998,100.004,-0.006,-0.01,39,389986.0,-0.009000000000000341,-0.001999999999995339,-0.007999999999995566,99.99940000000001,100.0003,99.99945,100.00015314266253,100.00005326920916,100.00008491312344,0.015000000000000568,0.006500000000002615,0.0,0.006000000000000227,0.0022722263606098645,0.0024817146143141238,0.9155872909415268,47.796688528430785,99.99983333333334,99.99984615384616,100.00001214955259,100.00057744262597,-0.0005652930733788253,-0.0009670478244806367,-0.0009804771971202394,-0.1875
99.996,100.0,99.996,99.998,99.998,0.0,0.0,131,1305771.0,0.0020000000000095497,-0.001999999999995339,-0.000999999999990564,99.99980000000001,100.0001,99.9994,99.9994354284417,99.99967994753476,99.99988634996883,0.0040000000000048885,0.006428571428573703,0.0,-0.0,0.00210992447770916,0.002304449284720258,0.9155872909415268,47.796688528430785,100.00008333333335,99.99942307692308,99.99970258808295,100.00038652094997,-0.000683932867019621,-0.0008643579172545262,-0.0009211683311001158,2.358974358974359
99.996,100.001,99.996,100.001,99.998,0.003,0.0,5,50000.0,0.0030000000000001137,0.0010000000000047748,0.005000000000009663,100.00040000000001,100.00019999999999,99.99965,99.99995695229447,99.99991995707389,99.99999241187656,0.005000000000009663,0.0064285714285747175,0.0030000000000001137,0.0,0.0021735013007299427,0.0021398457643830968,1.0157280197045175,50.390132486892334,100.00016666666669,99.9995,99.99990218991636,100.00043196384257,-0.0005297739262175583,-0.0007651890646403419,-0.0008428894501236043,-0.9618320610687023
99.999,100.001,99.999,100.001,100.001,0.0,0.0,32,317799.0,0.0,0.0010000000000047748,0.0020000000000095497,100.0004,100.0003,99.99975,100.000304634863,100.00011632851499,100.00008837265023,0.0020000000000095497,0.006071428571432185,0.0,-0.0,0.0020182512078206613,0.001986999638355733,1.0157280197045175,50.390132486892334,100.00025000000001,99.99953846153848,100.00007108377538,100.00047404059498,-0.0004029568195988986,-0.0006610454380033085,-0.0007549029240186631,5.4
