ts_code,trade_date,open,high,low,close,pre_close,change,pct_chg,vol,amount,mtm_5,mtm_10,mtm_20,ma_5,ma_10,ma_20,ema_5,ema_10,ema_20,tr,atr,u,d,au,ad,rs,rsi,ma_12,ma_26,ema_12,ema_26,dif,dif_ma_9,dea,macd,volume_change_rate
000006.SZ,20250205,6.7,6.94,6.5,6.75,6.77,-0.02,-0.2954,366680.02,243782.449,,,,,,,,,,,,,,,,,,,,,,,,,,
000006.SZ,20250206,6.76,6.88,6.65,6.83,6.75,0.08,1.1852,256377.99,173875.713,,,,,,,,,,0.22999999999999954,,0.08000000000000007,0.0,,,,,,,,,,,,,-0.30081276312791744
000006.SZ,20250207,6.8,7.12,6.8,6.97,6.83,0.14,2.0498,331227.99,231726.933,,,,,,,,,,0.3200000000000003,,0.13999999999999968,0.0,,,,,,,,,,,,,0.2919517389148733
000006.SZ,20250210,6.91,7.29,6.91,7.28,6.97,0.31,4.4476,407276.7,289987.123,,,,,,,,,,0.3799999999999999,,0.3100000000000005,0.0,,,,,,,,,,,,,0.22959626690968968
000006.SZ,20250211,7.28,7.35,7.02,7.04,7.28,-0.24,-3.2967,303697.31,215991.561,,,,6.974000000000001,,,6.974000000000001,,,0.33000000000000007,,0.0,0.2400000000000002,,,,,,,,,,,,,-0.25432191431525547
000006.SZ,20250212,7.06,7.2,6.91,7.2,7.04,0.16,2.2727,343298.87,243148.62,0.4500000000000002,,,7.064,,,7.049333333333335,,,0.29000000000000004,,0.16000000000000014,0.0,,,,,,,,,,,,,0.13039812568639478
000006.SZ,20250213,7.19,7.27,7.07,7.14,7.2,-0.06,-0.8333,449288.46,321716.972,0.3099999999999996,,,7.1259999999999994,,,7.079555555555557,,,0.1999999999999993,,0.0,0.0600000000000005,,,,,,,,,,,,,0.3087385344437633
000006.SZ,20250214,7.11,7.15,6.97,7.04,7.14,-0.1,-1.4006,256836.04,180913.081,0.07000000000000028,,,7.140000000000001,,,7.066370370370372,,,0.1800000000000006,,0.0,0.09999999999999964,,,,,,,,,,,,,-0.428349350437356
000006.SZ,20250217,7.04,7.17,7.0,7.08,7.04,0.04,0.5682,313918.31,222159.407,-0.20000000000000018,,,7.1,,,7.0709135802469145,,,0.16999999999999993,,0.040000000000000036,0.0,,,,,,,,,,,,,0.22225179145418994
000006.SZ,20250218,7.08,7.09,6.66,6.66,7.08,-0.42,-5.9322,337017.25,230353.342,-0.3799999999999999,,,7.024000000000001,6.999,,6.933942386831276,6.999,,0.4299999999999997,,0.0,0.41999999999999993,,,,,,,,,,,,,0.07358264638975663
000006.SZ,20250219,6.67,6.76,6.63,6.68,6.66,0.02,0.3003,283191.47,189496.81,-0.5200000000000005,-0.07000000000000028,,6.919999999999999,6.991999999999999,,6.849294924554185,6.941,,0.1299999999999999,,0.019999999999999574,0.0,,,,,,,,,,,,,-0.15971224024883007
000006.SZ,20250220,6.64,6.8,6.5,6.78,6.68,0.1,1.497,355609.45,236693.681,-0.35999999999999943,-0.04999999999999982,,6.848000000000001,6.987,,6.826196616369457,6.911727272727273,,0.2999999999999998,,0.10000000000000053,0.0,,,,,6.954166666666666,,6.954166666666666,,,,,,0.25572090854290225
000006.SZ,20250221,6.87,6.9,6.53,6.65,6.78,-0.13,-1.9174,375325.27,249495.027,-0.3899999999999997,-0.3199999999999994,,6.7700000000000005,6.955000000000001,,6.7674644109129725,6.864140495867768,,0.3700000000000001,,0.0,0.1299999999999999,,,,,6.945833333333333,,6.907371794871794,,,,,,0.05544233990407175
000006.SZ,20250224,6.58,6.73,6.51,6.52,6.65,-0.13,-1.9549,318681.96,209844.651,-0.5600000000000005,-0.7600000000000007,,6.658000000000001,6.8790000000000004,,6.684976273941982,6.8015694966190825,,0.22000000000000064,,0.0,0.13000000000000078,,,,,6.920000000000001,,6.847776134122286,,,,,,-0.15091792247295258
000006.SZ,20250225,6.44,6.57,6.38,6.41,6.52,-0.11,-1.6871,266472.04,171975.706,-0.25,-0.6299999999999999,,6.608,6.816,,6.5933175159613215,6.73037504268834,,0.1900000000000004,0.2671428571428572,0.0,0.10999999999999943,0.060714285714285755,0.08500000000000003,0.7142857142857145,41.66666666666668,6.873333333333334,,6.780425959641935,,,,,,-0.1638307985805034
000006.SZ,20250226,6.4,6.94,6.4,6.61,6.41,0.2,3.1201,475058.83,318403.984,-0.0699999999999994,-0.5899999999999999,,6.593999999999999,6.757000000000001,,6.5988783439742145,6.708488671290461,,0.54,0.2892857142857143,0.20000000000000018,0.0,0.0706632653061225,0.07892857142857146,0.8952811893988368,47.23738062755799,6.8175,,6.754206581235484,,,,,,0.7827717684752219
000006.SZ,20250227,6.57,7.0,6.57,6.73,6.61,0.12,1.8154,486923.69,330809.044,-0.04999999999999982,-0.40999999999999925,,6.5840000000000005,6.715999999999999,,6.642585562649477,6.7123998219649215,,0.4299999999999997,0.29714285714285715,0.1200000000000001,0.0,0.07418731778425662,0.07329081632653064,1.0122321117796236,50.303943856874575,6.791666666666667,,6.75048249181464,,,,,,0.024975559342829152
000006.SZ,20250228,6.71,6.79,6.37,6.38,6.73,-0.35,-5.2006,411843.27,268068.448,-0.27000000000000046,-0.6600000000000001,,6.529999999999999,6.65,,6.555057041766318,6.651963490698572,,0.41999999999999993,0.3,0.0,0.35000000000000053,0.06888822365680972,0.09305575801749279,0.7402897480439629,42.538304260886896,6.723333333333334,,6.693485185381618,,,,,,-0.15419340143421648
000006.SZ,20250303,6.4,6.59,6.33,6.44,6.38,0.06,0.9404,339497.05,219107.711,-0.07999999999999918,-0.6399999999999997,,6.514,6.586,,6.516704694510879,6.613424674207922,,0.2599999999999998,0.295,0.0600000000000005,0.0,0.06825335053846619,0.08640891815910044,0.7898878031639592,44.13057632817464,6.664999999999999,,6.654487464553677,,,,,,-0.17566444633173203
000006.SZ,20250304,6.4,6.7,6.4,6.54,6.44,0.1,1.5528,402756.6,265201.116,0.1299999999999999,-0.1200000000000001,,6.540000000000001,6.574000000000001,6.786499999999999,6.524469796340586,6.600074733442845,6.786499999999999,0.2999999999999998,0.2957142857142857,0.09999999999999964,0.0,0.07052096835714715,0.08023685257630755,0.8789099533793362,46.777651680356584,6.623333333333334,,6.636874008468496,,,,,,0.18633313603166798
000006.SZ,20250305,6.47,6.53,6.33,6.52,6.54,-0.02,-0.3058,331349.72,212839.032,-0.09000000000000075,-0.16000000000000014,-0.23000000000000043,6.522,6.558,6.775,6.522979864227057,6.585515690998691,6.761119047619046,0.20999999999999996,0.29642857142857143,0.0,0.020000000000000462,0.06548375633163664,0.07593422024942849,0.8623747780188669,46.30511474904277,6.576666666666667,,6.618893391781034,,,,,,-0.17729536896477924
000006.SZ,20250306,6.54,6.7,6.54,6.7,6.52,0.18,2.7607,475708.63,315909.264,-0.03000000000000025,-0.08000000000000007,-0.1299999999999999,6.516,6.55,6.7685,6.5819865761513725,6.606331019908019,6.755298185941042,0.1800000000000006,0.29642857142857143,0.1800000000000006,0.0,0.07366348802223406,0.0705103473744693,1.0447188358187902,51.09352041550698,6.580000000000001,,6.631371331507029,,,,,,0.4356693284666124
000006.SZ,20250307,6.66,6.68,6.4,6.44,6.7,-0.26,-3.8806,392389.22,253635.812,0.0600000000000005,-0.20999999999999996,-0.5299999999999994,6.5280000000000005,6.529000000000001,6.742,6.534657717434249,6.576089016288379,6.7252697872799905,0.2999999999999998,0.3057142857142857,0.0,0.2599999999999998,0.0684018103063602,0.08404532256200718,0.8138681394897916,44.86920089564604,6.56,,6.601929588198255,,,,,,-0.17514798922188995
000006.SZ,20250310,6.39,6.45,6.33,6.44,6.44,0.0,0.0,241211.78,153629.132,0.0,-0.07999999999999918,-0.8399999999999999,6.5280000000000005,6.520999999999999,6.7,6.503105144956167,6.551345558781401,6.6981012361104675,0.1200000000000001,0.28357142857142864,0.0,-0.0,0.06351596671304875,0.07804208523614953,0.8138681394897916,44.86920089564604,6.531666666666666,,6.577017343860062,,,,,,-0.3852741928027482
000006.SZ,20250311,6.48,7.0,6.35,6.75,6.44,0.31,4.8137,580681.84,385517.582,0.20999999999999996,0.33999999999999986,-0.29000000000000004,6.57,6.555,6.6855,6.585403429970778,6.587464548093873,6.703043975528518,0.6500000000000004,0.3207142857142858,0.3099999999999996,0.0,0.08112196909068811,0.07246765057642457,1.1194231970462003,52.81735137212422,6.54,,6.603630060189283,,,,,,1.4073527420592806
000006.SZ,20250312,6.71,6.86,6.65,6.66,6.75,-0.09,-1.3333,379950.39,256074.976,0.14000000000000057,0.04999999999999982,-0.54,6.598000000000001,6.56,6.658499999999999,6.610268953313852,6.600652812076805,6.698944549287707,0.20999999999999996,0.3142857142857144,0.0,0.08999999999999986,0.07532754272706753,0.07371996124953709,1.0218065968874954,50.539284937566876,6.551666666666666,6.739999999999999,6.612302358621701,6.739999999999999,-0.12769764137829842,,,,-0.34568232752035083
000006.SZ,20250313,6.66,6.69,6.43,6.51,6.66,-0.15,-2.2523,279961.64,182227.092,-0.1900000000000004,-0.22000000000000064,-0.6299999999999999,6.5600000000000005,6.538000000000001,6.627,6.576845968875902,6.584170482608295,6.6809498303079256,0.2600000000000007,0.30642857142857155,0.0,0.15000000000000036,0.06994700396084842,0.07916853544599875,0.8835202466080684,46.90792404271486,6.56,6.730769230769231,6.596563534218363,6.722962962962963,-0.12639942874459997,,,,-0.2631626460496593
000006.SZ,20250314,6.49,6.6,6.46,6.59,6.51,0.08,1.2289,237564.05,155348.162,0.14999999999999947,0.20999999999999996,-0.4500000000000002,6.590000000000001,6.558999999999999,6.6045,6.581230645917268,6.585230394861332,6.672287941707171,0.13999999999999968,0.30071428571428577,0.08000000000000007,0.0,0.07066507510650212,0.07351364005699883,0.9612512052418017,49.01214095739916,6.558333333333334,6.7215384615384615,6.59555375972323,6.713113854595336,-0.11756009487210584,,,,-0.15144071166321224
000006.SZ,20250317,6.55,6.7,6.55,6.61,6.59,0.02,0.3035,245800.04,162646.873,0.16999999999999993,0.16999999999999993,-0.46999999999999975,6.6240000000000006,6.5760000000000005,6.581,6.590820430611513,6.589733959431999,6.6663557567826786,0.15000000000000036,0.29785714285714293,0.020000000000000462,0.0,0.06704614117032344,0.0682626657672132,0.9821787710278075,49.550463630408274,6.548333333333335,6.707692307692308,6.5977762582273485,6.705475791291978,-0.1076995330646291,,,,0.03466850308369478
000006.SZ,20250318,6.59,6.67,6.54,6.57,6.61,-0.04,-0.6051,206442.94,136214.721,-0.17999999999999972,0.03000000000000025,-0.08999999999999986,6.587999999999999,6.578999999999999,6.5765,6.583880287074342,6.586145966807998,6.657179018041471,0.1299999999999999,0.2685714285714286,0.0,0.040000000000000036,0.06225713108672891,0.06624390392669798,0.939816758921989,48.448739016167266,6.564166666666665,6.680384615384615,6.593502987730834,6.695440547492572,-0.1019375597617378,,,,-0.1601183628774023
000006.SZ,20250319,6.53,6.7,6.45,6.51,6.57,-0.06,-0.9132,269877.0,177331.952,-0.15000000000000036,-0.009999999999999787,-0.16999999999999993,6.558,6.578,6.568,6.559253524716229,6.57230124557018,6.643161968704188,0.25,0.2557142857142858,0.0,0.0600000000000005,0.057810193151962556,0.06579791078907672,0.8786022604468434,46.76893448631641,6.570000000000001,6.659999999999998,6.580656374233783,6.6817042106412705,-0.1010478364074876,,,,0.307271636414401
000006.SZ,20250320,6.5,6.56,6.46,6.48,6.51,-0.03,-0.4608,161662.33,105078.046,-0.02999999999999936,-0.21999999999999975,-0.2999999999999998,6.552000000000001,6.556,6.553,6.532835683144153,6.555519200921056,6.6276227335895035,0.09999999999999964,0.2328571428571429,0.0,0.02999999999999936,0.053680893641108084,0.06324091716128548,0.8488316749771965,45.9117877774171,6.565,6.632307692307692,6.565170778197816,6.666763158001176,-0.10159237980336044,,,,-0.40097774171196515
000006.SZ,20250321,6.45,6.94,6.39,6.76,6.48,0.28,4.321,505532.33,334417.287,0.16999999999999993,0.3199999999999994,0.10999999999999943,6.586,6.588000000000001,6.5584999999999996,6.608557122096102,6.592697528026319,6.6402300922952655,0.5500000000000007,0.25357142857142867,0.27999999999999936,0.0,0.0698465440953146,0.05872370879262223,1.1894096188980794,54.32558661620863,6.585000000000001,6.617692307692307,6.595144504628921,6.673669590741829,-0.07852508611290787,,,,2.127087986422069
000006.SZ,20250324,6.57,6.62,6.44,6.48,6.76,-0.28,-4.142,311536.58,202284.845,-0.1299999999999999,0.040000000000000036,-0.03999999999999915,6.56,6.5920000000000005,6.5565000000000015,6.565704748064069,6.57220706838517,6.62497008350524,0.3199999999999994,0.25500000000000006,0.0,0.27999999999999936,0.06485750523136356,0.07452915816457774,0.8702299452805181,46.53063905197985,6.566666666666667,6.596153846153846,6.5774299654552415,6.659323695131324,-0.08189372967608222,-0.1049281433134677,-0.1049281433134677,0.04606882727477096,-0.3837454866635335
000006.SZ,20250325,6.45,6.55,6.42,6.52,6.48,0.04,0.6173,191873.87,124460.449,-0.05000000000000071,-0.23000000000000043,0.10999999999999943,6.55,6.569,6.562,6.550469832042713,6.562714874133321,6.614972932695217,0.1299999999999999,0.24928571428571436,0.03999999999999915,0.0,0.06308196914340895,0.06920564686710791,0.911514767928433,47.68546825909535,6.573333333333334,6.5746153846153845,6.568594586154434,6.649003421417893,-0.08040883526345866,-0.09967383152292994,-0.1000242817034659,0.039230892880014495,-0.38410484572951276
000006.SZ,20250326,6.56,6.84,6.48,6.76,6.52,0.24,3.681,481270.41,322035.353,0.25,0.09999999999999964,0.14999999999999947,6.6,6.579000000000001,6.5695,6.620313221361808,6.598584897018171,6.6287850343432915,0.35999999999999943,0.2621428571428571,0.2400000000000002,0.0,0.07571897134745119,0.0642623863766002,1.178278237345737,54.09218240097214,6.6000000000000005,6.578461538461539,6.598041572899906,6.657225390201752,-0.05918381730184663,-0.0922054302515129,-0.09185618882314206,0.06534474304259086,1.5082644656096216
000006.SZ,20250327,6.72,7.44,6.66,7.44,6.76,0.68,10.0592,1063876.62,770545.145,0.96,0.9300000000000006,0.71,6.791999999999999,6.672,6.605000000000001,6.893542147574539,6.751569461196684,6.706043602501073,0.7800000000000002,0.29642857142857143,0.6800000000000006,0.0,0.11888190196549044,0.05967221592112876,1.992248823516485,66.58031938584566,6.6575,6.607692307692307,6.727573638607613,6.715208694631252,0.012364943976360898,-0.07776931482390549,-0.07101196226324147,0.16675381247920473,1.2105589662161034
000006.SZ,20250328,7.58,8.16,7.38,7.76,7.44,0.32,4.3011,1526110.31,1177737.816,1.0,1.17,1.38,6.992,6.789,6.6739999999999995,7.182361431716361,6.934920468251833,6.806420402262876,0.7800000000000002,0.3435714285714286,0.3199999999999994,0.0,0.13324748039652679,0.05540991478390527,2.404758803838311,70.62934387972908,6.749166666666667,6.645384615384615,6.88640846343721,6.792600643177085,0.09380782026012469,-0.05537960889893285,-0.038048005758568246,0.2637116520373859,0.43448054155001536
000006.SZ,20250331,7.8,8.22,7.26,7.29,7.76,-0.47,-6.0567,1263994.28,985171.96,0.8099999999999996,0.6799999999999997,0.8499999999999996,7.153999999999999,6.856999999999999,6.716500000000001,7.218240954477574,6.999480383115135,6.852475602047363,0.9600000000000009,0.36571428571428577,0.0,0.46999999999999975,0.12372980322534631,0.0850234922993406,1.4552425439046086,59.270826318866035,6.814166666666668,6.67,6.948499469062255,6.829445039978783,0.11905442908347208,-0.030824943471687308,-0.006627518790160179,0.25136389574726453,-0.17175431440470382
000006.SZ,20250401,7.39,7.5,7.2,7.23,7.29,-0.06,-0.823,753957.97,551379.613,0.7100000000000009,0.6600000000000001,0.6900000000000004,7.296000000000001,6.922999999999999,6.751,7.2221606363183835,7.041393040730565,6.888430306614281,0.2999999999999998,0.3721428571428572,0.0,0.05999999999999961,0.11489196013782157,0.08323609999224481,1.380314072241806,57.98873721490926,6.867500000000001,6.697307692307692,6.991807243052677,6.859115777758133,0.13269146529454456,-0.004853909949239288,0.02123627802678077,0.2229103745355276,-0.4035115649415756
000006.SZ,20250402,7.23,7.33,6.99,7.06,7.23,-0.17,-2.3513,557025.69,396509.602,0.2999999999999998,0.5499999999999998,0.54,7.356,6.978,6.7780000000000005,7.168107090878923,7.044776124234097,6.904770277412921,0.33999999999999986,0.37785714285714284,0.0,0.17000000000000082,0.10668539155654862,0.08943352142137025,1.192901608490796,54.3983188243351,6.905,6.722307692307691,7.0022984364291885,6.873996090516789,0.12830234591239975,0.020689948463622956,0.04264949160390457,0.17130570861699035,-0.2611979551061713
000006.SZ,20250403,7.05,7.15,6.88,6.97,7.06,-0.09,-1.2748,396931.04,277495.32,-0.47000000000000064,0.4899999999999993,0.2699999999999996,7.2620000000000005,7.026999999999999,6.791500000000001,7.1020713939192825,7.031180465282443,6.910982631945023,0.27000000000000046,0.3871428571428572,0.0,0.08999999999999986,0.09906500644536657,0.08947398417698664,1.1071934189206118,52.543511619724036,6.938333333333333,6.736153846153846,6.997329446209314,6.881107491219249,0.11622195499006427,0.042328508586175415,0.05736398428113652,0.1177159414178555,-0.28740981407877253
000006.SZ,20250407,6.48,6.5,6.27,6.27,6.97,-0.7,-10.043,322745.0,203606.158,-1.4900000000000002,-0.4900000000000002,-0.17000000000000082,6.963999999999999,6.978,6.783000000000001,6.824714262612855,6.89278401704927,6.849936666997878,0.7000000000000002,0.4264285714285715,0.0,0.7000000000000002,0.09198893455641181,0.1330829853072019,0.6912148412065547,40.87090678044339,6.918333333333333,6.718461538461539,6.885432608330957,6.835840269647453,0.04959233868350399,0.05693807173724055,0.05580965516161002,-0.012434632956212055,-0.18689906438156104
000006.SZ,20250408,6.0,6.14,5.64,5.71,6.27,-0.56,-8.9314,759990.08,438643.481,-1.58,-0.7700000000000005,-0.7300000000000004,6.647999999999999,6.900999999999999,6.7465,6.453142841741904,6.677732377585766,6.741371270140936,0.6299999999999999,0.4621428571428572,0.0,0.5599999999999996,0.08541829637381096,0.16357705778525888,0.5221899545714205,34.30517676215025,6.854166666666665,6.692692307692308,6.704596822433886,6.752444694118012,-0.04784787168412574,0.06055595657938865,0.03507814979246287,-0.16585204295317724,1.3547694929433451
000006.SZ,20250409,5.6,5.99,5.15,5.92,5.71,0.21,3.6778,685967.13,386042.322,-1.3100000000000005,-0.5999999999999996,-0.8300000000000001,6.386,6.840999999999999,6.705,6.27542856116127,6.539962854388353,6.663145434889419,0.8399999999999999,0.5042857142857143,0.20999999999999996,0.0,0.09431698948996732,0.15189298222916897,0.6209436940784157,38.307542473364684,6.784166666666667,6.672692307692307,6.583889618982519,6.690782124183344,-0.10689250520082538,0.0552549912572799,0.006684018793805219,-0.2271530479892612,-0.09739988974592927
000006.SZ,20250410,6.0,6.25,5.92,6.1,5.92,0.18,3.0405,520532.1,317838.404,-0.96,-0.6600000000000001,-0.5600000000000005,6.194,6.775,6.677,6.216952374107514,6.459969608135925,6.609512536328522,0.33000000000000007,0.5207142857142858,0.17999999999999972,0.0,0.10043720452639822,0.14104348349851406,0.7121009920848725,41.59223056215438,6.752499999999999,6.65576923076923,6.509445062215978,6.647020485354948,-0.1375754231389701,0.038594950466687566,-0.022167869592749846,-0.2308151070924405,-0.24117049165314966
000006.SZ,20250411,6.01,6.33,5.96,6.29,6.1,0.19,3.1148,455136.01,281949.333,-0.6799999999999997,-1.1500000000000004,-0.21999999999999975,6.058,6.659999999999999,6.6659999999999995,6.241301582738343,6.429066043020302,6.5790827709639,0.3700000000000001,0.5078571428571429,0.1900000000000004,0.0,0.10683454706022695,0.13096894896290592,0.8157242453742641,44.92555780165418,6.733333333333333,6.646923076923077,6.4756842834135195,6.620574523476803,-0.14489024006328322,0.012072943764086692,-0.04671234368685652,-0.1963557927528534,-0.125633154996589
000006.SZ,20250414,6.23,6.4,6.23,6.34,6.29,0.05,0.7949,352279.01,222888.392,0.07000000000000028,-1.42,-0.25,6.071999999999999,6.517999999999999,6.653499999999999,6.274201055158896,6.412872217016611,6.5563129832530525,0.16999999999999993,0.4971428571428572,0.04999999999999982,0.0,0.10277493655592503,0.12161402403698407,0.8450911592619459,45.802135846772494,6.698333333333334,6.633076923076922,6.454809778272978,6.599791225441484,-0.14498144716850625,-0.017264375819466455,-0.06636616438318646,-0.15723056557063958,-0.225991786499161
000006.SZ,20250415,6.33,6.56,6.2,6.28,6.34,-0.06,-0.9464,338276.01,214563.937,0.5700000000000003,-1.0099999999999998,-0.33000000000000007,6.186,6.417,6.636999999999999,6.276134036772598,6.3887136321044995,6.529997461038477,0.35999999999999943,0.5135714285714286,0.0,0.05999999999999961,0.09543386965907323,0.1172130223200566,0.8141916979026937,44.8790333923336,6.601666666666667,6.626923076923077,6.427915966230981,6.576102986519893,-0.14818702028891195,-0.04847309643985051,-0.08273033556433157,-0.13091336944916077,-0.03974974268265373
000006.SZ,20250416,6.23,6.35,6.02,6.17,6.28,-0.11,-1.7516,249181.55,154350.03,0.25,-1.0600000000000005,-0.40000000000000036,6.236,6.311,6.617,6.240756024515066,6.348947517176408,6.495711988558622,0.33000000000000007,0.5114285714285715,0.0,0.11000000000000032,0.08861716468342515,0.11669780644005258,0.759373011256622,43.161569854606576,6.469166666666666,6.61653846153846,6.38823658681083,6.546021283814716,-0.1577846970038861,-0.08026054565277116,-0.09774120785224247,-0.12008697830328724,-0.2633780030691506
000006.SZ,20250417,6.13,6.42,6.13,6.24,6.17,0.07,1.1345,275256.0,173728.993,0.14000000000000057,-0.8199999999999994,-0.2699999999999996,6.264,6.229,6.6034999999999995,6.240504016343378,6.329138877689789,6.471358465838753,0.29000000000000004,0.4764285714285715,0.07000000000000028,0.0,0.08728736720603766,0.10836224883719169,0.8055145416664629,44.614126503959646,6.381666666666667,6.596923076923077,6.365430958070703,6.523353040569182,-0.15792208249847928,-0.11072099426260934,-0.10977738278148984,-0.09628939943397888,0.10464037164870357
000006.SZ,20250418,6.24,6.46,6.21,6.43,6.24,0.19,3.0449,345309.91,218748.83,0.13999999999999968,-0.54,-0.05000000000000071,6.292,6.175,6.601000000000001,6.3036693442289184,6.347477263564372,6.4674195643303,0.25,0.4385714285714286,0.1899999999999995,0.0,0.09462398383417779,0.10062208820596372,0.9403897844029198,48.46396285745694,6.315,6.588076923076924,6.375364656829055,6.51643800052702,-0.14107334369796476,-0.13190607008277253,-0.11603657496478482,-0.05007353746635987,0.2545045702909291
000006.SZ,20250421,6.32,6.45,6.2,6.39,6.43,-0.04,-0.6221,315105.01,199334.867,0.04999999999999982,0.1200000000000001,-0.3700000000000001,6.302,6.186999999999999,6.582499999999999,6.332446229485946,6.355208670189032,6.460046272489319,0.25,0.38785714285714284,0.0,0.040000000000000036,0.08786512784602223,0.09629193904839488,0.9124868469193723,47.71205869411354,6.259166666666666,6.583461538461539,6.377616248086124,6.507072222710204,-0.1294559746240802,-0.1409736370761008,-0.1187204548966439,-0.02147103945487261,-0.08747185969843717
000006.SZ,20250422,6.35,6.52,6.35,6.42,6.39,0.03,0.4695,283268.91,182860.562,0.13999999999999968,0.71,-0.0600000000000005,6.33,6.258,6.579499999999999,6.3616308196572975,6.366988911972843,6.456232341776051,0.16999999999999993,0.37857142857142856,0.03000000000000025,0.0,0.08373190442844923,0.08941394340208096,0.9364524283636562,48.35917550295715,6.213333333333334,6.576923076923076,6.384136825303644,6.500622428435374,-0.11648560313173029,-0.14203953684620135,-0.11827348454366118,0.0035757628238617944,-0.1010333031518605
000006.SZ,20250423,6.39,6.47,6.34,6.43,6.42,0.01,0.1558,248260.05,158839.06,0.2599999999999998,0.5099999999999998,-0.08999999999999986,6.382,6.309,6.575,6.384420546438198,6.3784454734323255,6.453734023511665,0.1299999999999999,0.36357142857142855,0.009999999999999787,0.0,0.07846533982641712,0.08302723315907519,0.9450554576000654,48.5875841692522,6.226666666666667,6.569999999999999,6.391192698333852,6.495391137440161,-0.10419843910630888,-0.13833098306479455,-0.11545847545619073,0.022520072699763694,-0.12358878353434546
000006.SZ,20250424,6.46,6.48,6.28,6.34,6.43,-0.09,-1.3997,228161.0,145248.211,0.09999999999999964,0.2400000000000002,-0.41999999999999993,6.402000000000001,6.333,6.554,6.369613697625466,6.37145538735372,6.44290221174865,0.20000000000000018,0.35857142857142854,0.0,0.08999999999999986,0.07286067269595876,0.08352528793342695,0.8723187252467981,46.590290076376505,6.279166666666666,6.561153846153847,6.3833168985901825,6.483880682814964,-0.1005637842247813,-0.133405821304961,-0.11247953720990886,0.02383150597025513,-0.08095966306298573
000006.SZ,20250425,6.31,6.55,6.25,6.25,6.34,-0.09,-1.4196,387485.97,248623.236,-0.17999999999999972,-0.040000000000000036,-1.1900000000000004,6.366,6.329000000000001,6.4944999999999995,6.329742465083644,6.3493725896530435,6.424530572534493,0.2999999999999998,0.32999999999999996,0.0,0.08999999999999986,0.06765633893196171,0.08398776736675359,0.8055499158171855,44.61521161837259,6.3066666666666675,6.551153846153847,6.362806606499385,6.466556187791633,-0.10374958129224776,-0.1288245028742656,-0.11073354602637664,0.013967929468257756,0.6983006298184176
000006.SZ,20250428,6.31,6.36,6.15,6.18,6.25,-0.07,-1.12,254331.3,158121.12,-0.20999999999999996,-0.16000000000000014,-1.58,6.324,6.313,6.4155,6.279828310055763,6.31857757335249,6.401241946578827,0.20999999999999996,0.29999999999999993,0.0,0.07000000000000028,0.06282374329396445,0.08298864112627122,0.7570161704223485,43.08532745264253,6.313333333333333,6.539615384615386,6.334682513191787,6.445329803510771,-0.11064729031898413,-0.12465342176649585,-0.11071629488489815,0.00013800913182804297,-0.34363739672948673
000006.SZ,20250429,6.18,6.4,6.14,6.26,6.18,0.08,1.2945,208150.37,129925.636,-0.16000000000000014,-0.020000000000000462,-1.0300000000000002,6.292,6.311,6.364000000000001,6.273218873370508,6.307927105470219,6.3877903326189385,0.2600000000000007,0.25857142857142856,0.08000000000000007,0.0,0.064050618772967,0.07706088104582327,0.8311690432773551,45.39007724757956,6.310833333333334,6.520384615384614,6.323192895777666,6.431601669917381,-0.10840877413971484,-0.11916720811492126,-0.1102547907358615,0.0036920331922933314,-0.18157784747689332
000006.SZ,20250430,6.3,6.49,6.3,6.35,6.26,0.09,1.4377,231581.53,147949.921,-0.08000000000000007,0.17999999999999972,-0.8800000000000008,6.276000000000001,6.328999999999999,6.319999999999999,6.298812582247006,6.315576722657451,6.384191253321896,0.23000000000000043,0.25142857142857145,0.08999999999999986,0.0,0.06590414600346935,0.07155653239969305,0.9210081007747666,47.94399879955282,6.3116666666666665,6.515384615384615,6.327317065658025,6.425557101775352,-0.09824003611732746,-0.11253586962812662,-0.1078518398121547,0.01922360738965448,0.1125684282953713
000006.SZ,20250506,6.32,6.46,6.32,6.46,6.35,0.11,1.7323,239431.89,153531.506,0.1200000000000001,0.21999999999999975,-0.5999999999999996,6.3,6.351000000000001,6.289999999999999,6.352541721498005,6.341835500356097,6.391411133957907,0.13999999999999968,0.23500000000000001,0.11000000000000032,0.0,0.06905384986036442,0.06644535151400069,1.0392578003867448,50.96255118845935,6.326666666666665,6.513076923076923,6.347729824787559,6.42810842756977,-0.08037860278221043,-0.10579200952637614,-0.10235719240616585,0.043957179247910844,0.0338989037683619
000006.SZ,20250507,6.55,6.66,6.49,6.56,6.46,0.1,1.548,318051.41,209069.577,0.3099999999999996,0.1299999999999999,-0.41000000000000014,6.362,6.364,6.269499999999999,6.421694480998671,6.381501773018623,6.407467216438106,0.20000000000000018,0.23714285714285716,0.09999999999999964,0.0,0.07126428915605265,0.06169925497728635,1.1550267370697997,53.596863426404404,6.359166666666666,6.5053846153846155,6.380386774820242,6.437878173675713,-0.057491398855471054,-0.09779594555208623,-0.09338403369602691,0.07178526968111171,0.32835859918242283
000006.SZ,20250508,6.52,6.83,6.52,6.66,6.56,0.1,1.5244,367832.6,246137.58,0.4800000000000004,0.27000000000000046,0.39000000000000057,6.458,6.391,6.289,6.501129653999114,6.432137814287964,6.4315179577297155,0.3100000000000005,0.23357142857142868,0.10000000000000053,0.0,0.07331683993062035,0.057292165336051616,1.2797009765746288,56.134597902284845,6.394166666666667,6.475384615384614,6.423404194078667,6.454331642292327,-0.030927448213660114,-0.08828948389452289,-0.08089271659955355,0.09993053677178687,0.15651931868498872
000006.SZ,20250509,6.66,6.7,6.4,6.44,6.66,-0.22,-3.3033,251217.0,162768.216,0.1800000000000006,0.020000000000000462,0.7300000000000004,6.494,6.392999999999999,6.3255,6.4807531026660765,6.433567302599243,6.432325771279267,0.2999999999999998,0.2314285714285715,0.0,0.21999999999999975,0.06807992279271889,0.06891415352633364,0.9878946386057551,49.695523063467405,6.395,6.424615384615384,6.4259573949896405,6.453270039159562,-0.027312644169921185,-0.07974661779047981,-0.07017670211362707,0.08572811588741178,-0.317034433598327
000006.SZ,20250512,6.5,6.58,6.43,6.47,6.44,0.03,0.4658,232336.0,150982.873,0.1200000000000001,0.040000000000000036,0.5499999999999998,6.518000000000001,6.397,6.353,6.477168735110718,6.4401914293993805,6.435913793062194,0.15000000000000036,0.22142857142857153,0.02999999999999936,0.0,0.06535992830752464,0.06399171398873837,1.0213811169212792,50.528873964990936,6.401666666666666,6.393076923076923,6.43273318037585,6.454509295518113,-0.021776115142262853,-0.07099243233686664,-0.060496584719354235,0.07744093915418276,-0.07515813022207891
000006.SZ,20250513,6.52,6.59,6.47,6.49,6.47,0.02,0.3091,199201.07,129825.621,0.03000000000000025,0.15000000000000036,0.39000000000000057,6.523999999999999,6.411999999999999,6.3725,6.481445823407146,6.449247533144947,6.441064860389604,0.1200000000000001,0.21214285714285724,0.020000000000000462,0.0,0.06211993342841577,0.059420877275257064,1.045422691096528,51.110349740771134,6.407499999999999,6.364615384615385,6.441543460318027,6.457138236590845,-0.015594776272818578,-0.06119745400137452,-0.05151622303004711,0.07184289351445707,-0.14261642621031606
000006.SZ,20250514,6.58,6.66,6.43,6.6,6.49,0.11,1.6949,364452.98,239173.783,0.040000000000000036,0.34999999999999964,0.3099999999999996,6.532000000000001,6.447,6.388,6.520963882271431,6.476657072573138,6.456201540352498,0.23000000000000043,0.21071428571428585,0.10999999999999943,0.0,0.06553993818352889,0.05517652889845299,1.1878227842883837,54.29245882338398,6.421666666666666,6.346923076923077,6.465921389499869,6.4677205894359675,-0.0017991999360988942,-0.04910322173660949,-0.04157281841125747,0.07954723695031715,0.8295734054038966
000006.SZ,20250515,6.59,6.6,6.43,6.52,6.6,-0.08,-1.2121,230538.0,149792.788,-0.14000000000000057,0.33999999999999986,0.17999999999999972,6.504,6.481,6.397,6.520642588180954,6.484537604832568,6.46227758412845,0.16999999999999993,0.21071428571428585,0.0,0.08000000000000007,0.060858514027562545,0.05694963397713492,1.0686374920688169,51.65900241903123,6.436666666666665,6.329615384615384,6.474241175730658,6.471593138366637,0.002648037364020972,-0.03676357601397218,-0.03272864725620178,0.07075336924044551,-0.367441034506015
000006.SZ,20250516,6.5,6.68,6.48,6.52,6.52,0.0,0.0,230452.91,151018.333,0.07999999999999918,0.2599999999999998,0.23999999999999932,6.5200000000000005,6.507,6.409000000000001,6.520428392120636,6.490985313044828,6.467774957068597,0.1999999999999993,0.2157142857142858,0.0,-0.0,0.056511477311308074,0.05288180297876814,1.0686374920688169,51.65900241903123,6.459166666666666,6.33923076923077,6.481280994849017,6.47517883182096,0.006102163028057106,-0.02516999833115167,-0.024962485199350005,0.06212929645481422,-0.0003690931646843319
000006.SZ,20250519,6.73,7.17,6.73,6.96,6.52,0.44,6.7485,1016331.71,714231.719,0.4900000000000002,0.6100000000000003,0.79,6.617999999999999,6.568,6.4485,6.666952261413758,6.576260710673041,6.514653532585873,0.6500000000000004,0.24785714285714297,0.4400000000000004,0.0,0.08390351464621466,0.04910453133742756,1.708671529103125,63.08153317020641,6.524166666666666,6.387307692307693,6.554930072564553,6.511091510945334,0.04383856161921962,-0.01136809117543722,-0.011202275835636082,0.11008167490971141,3.41014917103889
000006.SZ,20250520,6.82,7.02,6.8,6.92,6.96,-0.04,-0.5747,660698.63,455014.263,0.4299999999999997,0.45999999999999996,0.6799999999999997,6.704000000000001,6.614,6.482499999999999,6.751301507609173,6.6387587632779415,6.553257958053885,0.21999999999999975,0.24214285714285724,0.0,0.040000000000000036,0.07791040645719934,0.048454207670468444,1.6079182841469444,61.655240270417366,6.579166666666666,6.42576923076923,6.611094676785391,6.5413810286530865,0.0697136481323044,0.0027658029343156088,0.0049809089579520155,0.12946547834870478,-0.34991831554680114
000006.SZ,20250521,6.87,6.91,6.72,6.75,6.92,-0.17,-2.4566,317861.0,215462.398,0.15000000000000036,0.1900000000000004,0.3200000000000003,6.734,6.633000000000001,6.498499999999998,6.750867671739449,6.658984442681952,6.571995295382086,0.20000000000000018,0.24142857142857155,0.0,0.16999999999999993,0.07234537742454225,0.057136049979720695,1.2661949408511755,55.8731695153991,6.6125,6.450769230769231,6.632464726510715,6.556834285789895,0.07563044072082015,0.014605568371480082,0.019110815310525643,0.11303925082058901,-0.5189016813914084
000006.SZ,20250522,6.74,6.96,6.68,6.85,6.75,0.1,1.4815,451632.65,308052.976,0.33000000000000007,0.1899999999999995,0.45999999999999996,6.8,6.651999999999999,6.5215000000000005,6.783911781159634,6.693714544012505,6.598471933917125,0.28000000000000025,0.24285714285714294,0.09999999999999964,0.0,0.0743207076085035,0.05305490355259779,1.4008263634825597,58.34767498348222,6.645,6.472307692307693,6.665931691662912,6.578550264620273,0.08738142704263918,0.02734935406176457,0.03276493765694835,0.10923297877138166,0.4208495222754601
000006.SZ,20250523,6.82,7.02,6.75,6.76,6.85,-0.09,-1.3139,441885.77,304118.342,0.2400000000000002,0.3199999999999994,0.33999999999999986,6.847999999999999,6.684,6.538500000000001,6.775941187439756,6.7057664451011405,6.613855559258351,0.2699999999999996,0.24571428571428575,0.0,0.08999999999999986,0.06901208563646753,0.05569383901312651,1.2391332122068661,55.3398612218158,6.661666666666668,6.488461538461538,6.680403739099387,6.591990985759512,0.08841275333987486,0.03959256167089098,0.04389450079353366,0.0890365050926824,-0.021581433494677598
000006.SZ,20250526,6.76,7.1,6.75,6.89,6.76,0.13,1.9231,482177.39,335633.551,-0.07000000000000028,0.41999999999999993,0.45999999999999996,6.8340000000000005,6.725999999999999,6.5615,6.813960791626505,6.739263455082751,6.640155029805174,0.34999999999999964,0.26071428571428573,0.1299999999999999,0.0,0.0733683652338627,0.05171570765504604,1.4186862862487382,58.65524166216074,6.680833333333333,6.511923076923076,6.712649317699482,6.614065727555104,0.09858359014437745,0.052279046828357205,0.054832318663702424,0.08750254296135006,0.0911810760504915
000006.SZ,20250527,6.89,7.36,6.81,7.24,6.89,0.35,5.0798,614176.64,436443.624,0.3200000000000003,0.75,0.9000000000000004,6.898000000000001,6.801,6.6065,6.9559738610843365,6.830306463249523,6.697283122204682,0.5500000000000007,0.28571428571428575,0.35000000000000053,0.0,0.09312776771715825,0.04802172853682846,1.9392839565476574,65.97810845146951,6.7475,6.553076923076923,6.793780191899562,6.660431229217689,0.13334896268187268,0.06729550934146517,0.07053564746733648,0.1256266304290724,0.27375661475955976
000006.SZ,20250528,7.18,7.28,7.06,7.07,7.24,-0.17,-2.3481,392410.28,280960.544,0.3200000000000003,0.47000000000000064,0.8200000000000003,6.962000000000001,6.848000000000001,6.647500000000001,6.993982574056225,6.873887106295065,6.732779967708998,0.22000000000000064,0.27928571428571436,0.0,0.16999999999999993,0.0864757843087898,0.05673446221276928,1.5242196882819241,60.38379683661225,6.797499999999999,6.585,6.836275546991937,6.690769656683045,0.1455058903088915,0.08316860411311744,0.08552969603564749,0.11995238854648801,-0.3610791188671715
000006.SZ,20250529,7.04,7.1,6.96,6.99,7.07,-0.08,-1.1315,365030.93,255938.857,0.14000000000000057,0.47000000000000064,0.8100000000000005,6.99,6.8950000000000005,6.688,6.992655049370817,6.894998541514143,6.757277113641474,0.13999999999999968,0.2678571428571429,0.0,0.08000000000000007,0.08029894257244767,0.05839628634042863,1.3750693341068763,57.8959659981446,6.839166666666667,6.606538461538461,6.859925462839332,6.712934867299116,0.14699059554021598,0.0988228743922462,0.09782187593656119,0.09833743920730958,-0.06977225469220641
000006.SZ,20250530,6.99,7.15,6.91,6.93,6.99,-0.06,-0.8584,329410.18,230894.551,0.16999999999999993,0.41000000000000014,0.6699999999999999,7.023999999999999,6.936,6.721499999999999,6.971770032913878,6.9013624430570255,6.773726912342286,0.2400000000000002,0.27428571428571435,0.0,0.0600000000000005,0.07456330381727283,0.058510837316112334,1.2743503124803184,56.031399625968845,6.866666666666667,6.627307692307694,6.87070616086405,6.7290137660177,0.1416923948463502,0.10969552252859405,0.106595979718519,0.07019283025566242,-0.09758282674840732
000006.SZ,20250603,6.8,6.84,6.69,6.74,6.93,-0.19,-2.7417,274245.01,184774.063,-0.14999999999999947,-0.21999999999999975,0.39000000000000057,6.994,6.914,6.741,6.894513355275919,6.8720238170466565,6.770514825452544,0.23999999999999932,0.28285714285714286,0.0,0.1899999999999995,0.06923735354461048,0.06790292036496141,1.0196520734671914,50.486521260898535,6.884999999999999,6.639615384615384,6.850597520731119,6.729827561127499,0.1207699596036198,0.11536844602540687,0.10943077569553916,0.022678367816161282,-0.16746650027634236
000006.SZ,20250604,6.72,6.8,6.69,6.74,6.74,0.0,0.0,194982.0,131465.172,-0.5,-0.17999999999999972,0.28000000000000025,6.894000000000001,6.896000000000001,6.755000000000001,6.84300890351728,6.848019486674537,6.767608651599921,0.10999999999999943,0.2742857142857142,0.0,-0.0,0.06429182829142402,0.06305271176746417,1.0196520734671914,50.486521260898535,6.903333333333332,6.651538461538461,6.833582517541716,6.730581075118055,0.10300144242366116,0.11840966843683365,0.10814490904116357,-0.01028693323500482,-0.28902261521549655
000006.SZ,20250605,6.74,6.84,6.69,6.8,6.74,0.06,0.8902,215671.71,146041.531,-0.27000000000000046,0.04999999999999982,0.2400000000000002,6.839999999999999,6.901000000000001,6.767,6.828672602344854,6.83928867091553,6.7706935419237375,0.14999999999999947,0.27285714285714274,0.05999999999999961,0.0,0.06398526912775085,0.05854894664121673,1.092850901654089,52.21828754214417,6.89,6.66923076923077,6.828415976381452,6.735723217701903,0.09269275867954896,0.1189998163964903,0.10505447896884065,-0.02472344057858339,0.10611087177277899
000006.SZ,20250606,6.8,6.82,6.73,6.8,6.8,0.0,0.0,167370.0,113331.949,-0.1900000000000004,-0.04999999999999982,0.13999999999999968,6.802,6.895999999999999,6.774000000000001,6.8191150682299035,6.832145276203615,6.773484633169096,0.08999999999999986,0.26499999999999996,0.0,-0.0,0.05941489276148293,0.054366879023986965,1.0928509016540888,52.21828754214417,6.88,6.690384615384616,6.824044287707382,6.740484460835096,0.08355982687228636,0.11846060234453601,0.10075554854952981,-0.034391443354486906,-0.22395941498307773
000006.SZ,20250609,6.73,6.83,6.64,6.8,6.8,0.0,0.0,205141.71,138469.347,-0.1299999999999999,0.040000000000000036,0.35999999999999943,6.776000000000001,6.9,6.792,6.8127433788199365,6.82630068053023,6.77600990620061,0.1900000000000004,0.23214285714285707,0.0,-0.0,0.05517097184994844,0.05048353052227361,1.092850901654089,52.21828754214417,6.884166666666666,6.71423076923077,6.820345166521631,6.744893019291756,0.07545214722987481,0.11589044202070238,0.09569486828559882,-0.04048544211144803,0.22567789926510123
000006.SZ,20250610,6.8,6.89,6.65,6.81,6.8,0.01,0.1471,246618.32,167415.669,0.0699999999999994,-0.08000000000000007,0.33999999999999986,6.790000000000001,6.892,6.809,6.8118289192132915,6.823336920433825,6.779247057991028,0.23999999999999932,0.23357142857142849,0.009999999999999787,0.0,0.0519444738606664,0.046877564056396925,1.1080881634159494,52.56365377150078,6.8808333333333325,6.735384615384616,6.8187536024413795,6.749715758603478,0.06903784383790157,0.10874476214915003,0.09036346339605937,-0.042651239116315603,0.2021851626370864
000006.SZ,20250611,6.92,7.19,6.85,6.98,6.81,0.17,2.4963,520693.36,365020.024,0.2400000000000002,-0.2599999999999998,0.4900000000000002,6.837999999999999,6.866000000000001,6.833499999999999,6.867885946142195,6.851821116718583,6.7983663858014065,0.3800000000000008,0.24642857142857139,0.17000000000000082,0.0,0.06037701144204743,0.04352916662379715,1.3870472633638629,58.107239209382676,6.899166666666667,6.759615384615383,6.843560740527321,6.766773850558776,0.07678688996854532,0.10110931766688935,0.08764814871055657,-0.021722517484022486,1.1113328482652869
000006.SZ,20250612,6.98,7.07,6.92,7.01,6.98,0.03,0.4298,269537.05,187900.458,0.20999999999999996,-0.0600000000000005,0.41000000000000014,6.88,6.860000000000001,6.853999999999999,6.915257297428131,6.88058091367884,6.818521968106034,0.15000000000000036,0.2371428571428571,0.02999999999999936,0.0,0.05820722491047257,0.04041994043638307,1.4400621149376729,59.017436733345484,6.909166666666668,6.78076923076923,6.869166780446195,6.784790602369237,0.08437617807695741,0.09415216017097174,0.08699375458383674,-0.005235153013758653,-0.48234974611544884
000006.SZ,20250613,6.95,7.01,6.74,6.87,7.01,-0.14,-1.9971,302552.0,207810.659,0.07000000000000028,-0.1200000000000001,0.35000000000000053,6.894,6.848000000000001,6.8715,6.900171531618755,6.878657111191778,6.823424637810221,0.2699999999999996,0.2371428571428571,0.0,0.13999999999999968,0.05404956598829596,0.047532801833784256,1.1371003581337356,53.20762564125583,6.878333333333335,6.792692307692307,6.869294968069857,6.791102409601145,0.07819255846871176,0.08709662279567858,0.08523351536081174,-0.014081913784199956,0.12248761348393482
000006.SZ,20250616,6.91,6.91,6.75,6.79,6.87,-0.08,-1.1645,231795.94,157604.2,-0.009999999999999787,-0.13999999999999968,0.27000000000000046,6.892,6.8340000000000005,6.885,6.863447687745836,6.862537636429636,6.820241338971152,0.16000000000000014,0.22357142857142856,0.0,0.08000000000000007,0.05018888270341768,0.04985188741708539,1.0067599303415098,50.16842897447029,6.855000000000001,6.797692307692308,6.857095742212955,6.7910207496306905,0.06607499258226479,0.08101940423775024,0.08140181080510235,-0.03065363644567512,-0.23386412914143684
000006.SZ,20250617,6.78,6.92,6.75,6.82,6.79,0.03,0.4418,197343.32,134946.85,0.010000000000000675,0.08000000000000007,-0.13999999999999968,6.894,6.8420000000000005,6.878,6.848965125163891,6.854803520715157,6.820218354307232,0.16999999999999993,0.19642857142857137,0.03000000000000025,0.0,0.04874681965317358,0.04629103831586501,1.0530509020029244,51.29200162429408,6.840833333333333,6.812307692307692,6.851388704949424,6.793167360769158,0.058221344180266144,0.0760438377662619,0.07676571748013511,-0.03708874659973793,-0.14863340574472528
000006.SZ,20250618,6.84,6.84,6.66,6.69,6.82,-0.13,-1.9062,191231.64,128269.619,-0.29000000000000004,-0.04999999999999982,-0.22999999999999954,6.836,6.837000000000001,6.8665,6.795976750109261,6.824839244221492,6.807816606277972,0.17999999999999972,0.19357142857142845,0.0,0.1299999999999999,0.04526490396366118,0.052270249864731784,0.8659783353016396,46.40880973366994,6.820833333333333,6.82076923076923,6.826559673418744,6.785525334045517,0.04103433937322709,0.0703040133988928,0.06961944185875352,-0.05717020497105285,-0.03096978402917308
000006.SZ,20250619,6.66,6.74,6.51,6.55,6.69,-0.14,-2.0927,173791.0,114958.359,-0.45999999999999996,-0.25,-0.20000000000000018,6.744,6.811999999999999,6.856500000000001,6.713984500072842,6.774868472544856,6.783262643775307,0.23000000000000043,0.19999999999999993,0.0,0.14000000000000057,0.04203169653768538,0.058536660588679554,0.718040559796025,41.794156470978464,6.805,6.823076923076922,6.784012031354322,6.768079013005108,0.015933018349214123,0.0627899235629959,0.05888215715684564,-0.08589827761526303,-0.09120164424673664
000006.SZ,20250620,6.53,6.78,6.51,6.78,6.55,0.23,3.5115,207266.28,137453.827,-0.08999999999999986,-0.019999999999999574,-0.0699999999999994,6.726000000000001,6.81,6.853,6.735989666715228,6.7758014775366995,6.782951915796707,0.27000000000000046,0.2021428571428571,0.23000000000000043,0.0,0.05545800392785074,0.054355470546631014,1.0202837611399918,50.502002776296784,6.808333333333334,6.83,6.78339479576135,6.768962049078804,0.01443274668254535,0.056009990168848174,0.049992275061985586,-0.07111905675888047,0.19261802970234362
000006.SZ,20250623,6.61,6.65,6.26,6.64,6.78,-0.14,-2.0649,246024.42,160648.05,-0.15000000000000036,-0.16000000000000014,-0.1200000000000001,6.696000000000001,6.794,6.846999999999999,6.703993111143485,6.751110299802754,6.769337447625592,0.5200000000000005,0.22214285714285717,0.0,0.14000000000000057,0.051496717933004255,0.06047293693615741,0.8515663459072684,45.99167336291158,6.794999999999999,6.834615384615383,6.761334057951911,6.759409304702596,0.0019247532493142927,0.048552980103449585,0.04037877069945133,-0.07690803490027408,0.1869968429017977
000006.SZ,20250624,6.62,6.9,6.62,6.8,6.64,0.16,2.4096,289806.28,196865.468,-0.020000000000000462,-0.009999999999999787,-0.08999999999999986,6.692,6.793000000000001,6.842499999999999,6.735995407428991,6.759999336202252,6.772257690708869,0.28000000000000025,0.23428571428571437,0.16000000000000014,0.0,0.05924695236636111,0.0561534414407176,1.055090317641696,51.340338114796694,6.794999999999999,6.845384615384615,6.767282664420847,6.762416022872775,0.004866641548072259,0.04056184139006369,0.03327634486917552,-0.05681940664220653,0.1779573751256075
000006.SZ,20250625,6.77,6.85,6.72,6.84,6.8,0.04,0.5882,201693.6,137117.008,0.14999999999999947,-0.14000000000000057,-0.40000000000000036,6.7219999999999995,6.778999999999999,6.822500000000001,6.770663604952661,6.7745449114382055,6.778709339212787,0.1299999999999999,0.23285714285714296,0.040000000000000036,0.0,0.05787217005447818,0.0521424813378092,1.1098852331086573,52.60405711610093,6.798333333333333,6.84076923076923,6.778469946817641,6.768162984141458,0.010306962676182252,0.03233192856775534,0.028682468430576872,-0.03675101150878924,-0.3040399262569466
000006.SZ,20250626,6.77,6.82,6.69,6.76,6.84,-0.08,-1.1696,189958.18,128371.792,0.20999999999999996,-0.25,-0.3100000000000005,6.764,6.7540000000000004,6.8069999999999995,6.767109069968441,6.7719003820858035,6.776927497382998,0.14999999999999947,0.23714285714285724,0.0,0.08000000000000007,0.05373844362201546,0.05413230409939427,0.9927241139291683,49.817438700621594,6.794166666666668,6.834615384615384,6.775628416538003,6.767558318649499,0.008070097888504435,0.024540544058843414,0.02455999432216239,-0.03297979286731591,-0.05818439454697627
000006.SZ,20250627,6.6,6.73,6.6,6.69,6.76,-0.07,-1.0355,230124.32,153348.546,-0.08999999999999986,-0.17999999999999972,-0.2999999999999998,6.7459999999999996,6.736,6.792,6.741406046645627,6.757009403524748,6.768648688108426,0.16000000000000014,0.23500000000000007,0.0,0.0699999999999994,0.04989998336330007,0.055265710949437497,0.902910367134397,47.44891733887049,6.77,6.832307692307692,6.7624548139936955,6.761813258008796,0.0006415559848997887,0.01727016221469175,0.01977630665470987,-0.03826950133962016,0.21144727750076367
000006.SZ,20250630,6.4,6.48,6.3,6.45,6.69,-0.24,-3.5874,409853.09,262475.068,-0.1899999999999995,-0.33999999999999986,-0.47999999999999954,6.708,6.702,6.768000000000001,6.644270697763751,6.7011895119747935,6.738301194002862,0.39000000000000057,0.24571428571428586,0.0,0.2400000000000002,0.046335698837350066,0.06846101731019197,0.6768187306859075,40.36326159173168,6.723333333333334,6.816923076923075,6.71438484261005,6.738715979637774,-0.024331137027723493,0.0080976643026929,0.010954817918223198,-0.07057190989189338,0.7810072833675294
000006.SZ,20250701,6.4,6.43,6.31,6.39,6.45,-0.06,-0.9302,298443.22,189793.705,-0.41000000000000014,-0.4300000000000006,-0.35000000000000053,6.6259999999999994,6.659000000000001,6.7505,6.559513798509168,6.644609600706649,6.705129651716875,0.14000000000000057,0.2285714285714287,0.0,0.0600000000000005,0.04302600606325363,0.06785665893089257,0.6340719796869562,38.80318539018258,6.683333333333334,6.802692307692306,6.664479482208503,6.712885166331272,-0.04840568412276891,-0.0018401160857511004,-0.0009172824899752238,-0.09497680326558737,-0.27182879114074765
000006.SZ,20250702,6.36,6.41,6.3,6.33,6.39,-0.06,-0.939,197455.69,124978.303,-0.5099999999999998,-0.3600000000000003,-0.41000000000000014,6.523999999999999,6.623,6.7299999999999995,6.483009199006112,6.587407855123621,6.66940301822003,0.11000000000000032,0.22571428571428584,0.0,0.05999999999999961,0.03995271991587838,0.06729546900725736,0.5936910835939007,37.25258236715988,6.645,6.781153846153845,6.613021100330272,6.684523302158585,-0.0715022018283129,-0.01155514054992077,-0.01503426635764276,-0.11293587094134029,-0.33838104950080616
000006.SZ,20250703,6.32,6.37,6.31,6.33,6.33,0.0,0.0,145788.2,92368.334,-0.4299999999999997,-0.21999999999999975,-0.46999999999999975,6.438,6.601000000000001,6.7065,6.432006132670741,6.540606426919325,6.637078921246694,0.0600000000000005,0.2107142857142859,0.0,-0.0,0.03709895420760135,0.06248864979245326,0.5936910835939005,37.252582367159874,6.604166666666667,6.746153846153847,6.569479392587152,6.658262316813504,-0.08878292422635159,-0.023023548428687098,-0.029783997931384525,-0.11799785258993413,-0.26166625028633
000006.SZ,20250704,6.32,6.35,6.28,6.28,6.33,-0.05,-0.7899,166488.49,105109.457,-0.41000000000000014,-0.5,-0.5199999999999996,6.356,6.550999999999999,6.680499999999999,6.381337421780495,6.49322344020672,6.603071404937485,0.0699999999999994,0.20428571428571443,0.0,0.04999999999999982,0.0344490289070584,0.06159660337870659,0.5592683202880491,35.86735605484074,6.57,6.715769230769231,6.524944101419898,6.63024288593843,-0.10529878451853225,-0.03493727484733671,-0.04488695524881407,-0.12082365853943636,0.14198878921613667
000006.SZ,20250707,6.31,6.44,6.28,6.35,6.28,0.07,1.1146,261208.95,166481.665,-0.10000000000000053,-0.29000000000000004,-0.4500000000000002,6.336,6.522,6.6579999999999995,6.37089161452033,6.4671828147145884,6.57896936637201,0.16000000000000014,0.20357142857142874,0.0699999999999994,0.0,0.03698838398512561,0.05719684599451326,0.64668572789265,39.27195802688153,6.553333333333334,6.6911538461538465,6.4980296242783755,6.609484153646694,-0.11145452936831823,-0.04786184939360232,-0.05820047007271491,-0.10650811859120665,0.5689309813549275
000006.SZ,20250708,6.31,6.44,6.29,6.42,6.35,0.07,1.1024,288870.77,183958.002,0.03000000000000025,-0.3799999999999999,-0.3899999999999997,6.3420000000000005,6.484,6.638499999999999,6.387261076346887,6.458604121130117,6.5638294267175326,0.15000000000000036,0.20142857142857165,0.07000000000000028,0.0,0.03934635655761666,0.05311135699490517,0.740827551466837,42.556056218354826,6.5233333333333325,6.671538461538461,6.486025066697088,6.595448290413605,-0.1094232237165178,-0.061165203437235666,-0.06844502080147549,-0.08195640583008462,0.10589920444915844
000006.SZ,20250709,6.42,6.45,6.33,6.37,6.42,-0.05,-0.7788,227419.74,145409.114,0.040000000000000036,-0.46999999999999975,-0.6100000000000003,6.3500000000000005,6.437,6.608,6.381507384231258,6.442494280924641,6.545369481315863,0.1200000000000001,0.19357142857142876,0.0,0.04999999999999982,0.0365359025177869,0.05288911720955479,0.6908018973549143,40.85646570633749,6.5008333333333335,6.657307692307692,6.468175056435998,6.578748417049635,-0.1105733606136372,-0.07434780993747363,-0.07687068876390785,-0.06740534369945872,-0.21272844601065044
000006.SZ,20250710,6.33,6.57,6.33,6.51,6.37,0.14,2.1978,404666.8,261216.307,0.17999999999999972,-0.25,-0.5,6.386,6.411999999999999,6.583,6.424338256154173,6.454768048029251,6.54200095928578,0.2400000000000002,0.1914285714285716,0.13999999999999968,0.0,0.043926195195087815,0.04911132312315802,0.8944209278363914,47.21342098231067,6.4766666666666675,6.648461538461539,6.474609663138152,6.573655941712625,-0.09904627857447323,-0.08542423599962617,-0.08130580672602092,-0.03548094369690463,0.7793829154848212
000006.SZ,20250711,6.5,6.54,6.4,6.49,6.51,-0.02,-0.3072,296723.0,192122.803,0.20999999999999996,-0.20000000000000018,-0.3799999999999999,6.428,6.392,6.564,6.446225504102783,6.461173857478478,6.537048486972849,0.13999999999999968,0.1642857142857144,0.0,0.019999999999999574,0.040788609824010114,0.04703194290007527,0.8672533454692732,46.44540322145292,6.447500000000001,6.636538461538462,6.476977407270743,6.567459205289468,-0.09048179801872447,-0.09277430944307073,-0.08314100498456163,-0.014681586068325675,-0.2667473585675919
000006.SZ,20250714,6.5,6.5,6.33,6.36,6.49,-0.13,-2.0031,254909.0,162789.705,0.010000000000000675,-0.08999999999999986,-0.4299999999999997,6.43,6.383,6.542500000000001,6.4174836694018556,6.442778610664209,6.5201867263087685,0.16999999999999993,0.15642857142857153,0.0,0.1299999999999999,0.03787513769372368,0.05295823269292703,0.7151888529464124,41.69738228637829,6.414166666666666,6.619615384615385,6.458980883075244,6.552091856749507,-0.09311097367426235,-0.09774156383768112,-0.08513499872250177,-0.015951949903521168,-0.14091930858073018
000006.SZ,20250715,6.34,6.35,6.15,6.29,6.36,-0.07,-1.1006,281671.0,175876.337,-0.1299999999999999,-0.09999999999999964,-0.5300000000000002,6.403999999999999,6.372999999999999,6.516,6.374989112934571,6.4150006814525335,6.498264180946029,0.20999999999999996,0.16214285714285723,0.0,0.07000000000000028,0.03516977071560056,0.0541755017862894,0.6491821867075209,39.36388544212745,6.380833333333334,6.6000000000000005,6.4329838241405914,6.532677645138432,-0.09969382099784063,-0.10087396596762864,-0.08804676317756954,-0.02329411564054218,0.10498648537321162
000006.SZ,20250716,6.26,6.31,6.25,6.26,6.29,-0.03,-0.4769,131711.2,82587.869,-0.11000000000000032,-0.07000000000000028,-0.4300000000000006,6.382,6.366,6.4944999999999995,6.336659408623047,6.386818739370254,6.475572354189264,0.05999999999999961,0.15571428571428583,0.0,0.03000000000000025,0.03265764423591481,0.05244868023012589,0.6226590276938303,38.37275835939305,6.365000000000001,6.578846153846153,6.406370928118962,6.512479301054104,-0.10610837293514219,-0.10279901582416093,-0.09165908512908408,-0.02889857561211623,-0.5323934661360239
000006.SZ,20250717,6.24,6.32,6.21,6.29,6.26,0.03,0.4792,129477.32,80994.187,-0.21999999999999975,-0.040000000000000036,-0.2599999999999998,6.337999999999999,6.361999999999999,6.4815,6.321106272415365,6.3692153322120255,6.45789879664743,0.11000000000000032,0.15214285714285727,0.03000000000000025,0.0,0.03246781250477805,0.04870234592797403,0.6666580815797815,39.99969093528012,6.3566666666666665,6.552307692307692,6.388467708408353,6.495999352827874,-0.10753164441952112,-0.10304711136871525,-0.0948335969871715,-0.025396094864699237,-0.016960440721821717
000006.SZ,20250718,6.26,6.32,6.23,6.26,6.29,-0.03,-0.4769,128856.05,80599.774,-0.23000000000000043,-0.020000000000000462,-0.5200000000000005,6.292,6.359999999999999,6.455500000000001,6.300737514943577,6.3493579990825655,6.439051292204818,0.08999999999999986,0.13071428571428578,0.0,0.03000000000000025,0.030148683040151048,0.0473664640759759,0.6364984937822781,38.893924815732746,6.350833333333334,6.523461538461538,6.3687034455762985,6.478517919285069,-0.10981447370877007,-0.10286488296209878,-0.09782977233149122,-0.023969402754557695,-0.00479829208698484
000006.SZ,20250721,6.19,6.29,6.18,6.26,6.26,0.0,0.0,186790.77,116476.02,-0.10000000000000053,-0.08999999999999986,-0.3799999999999999,6.272,6.351,6.4365000000000006,6.287158343295719,6.333111090158463,6.421998788185311,0.11000000000000032,0.12857142857142861,0.0,-0.0,0.027995205680140262,0.0439831452134062,0.6364984937822782,38.89392481573275,6.345,6.5,6.351979838564561,6.4623314067454345,-0.11035156818087355,-0.1029680323470272,-0.10033413150136769,-0.020034873359011718,0.44960807040104045
000006.SZ,20250722,6.25,6.27,6.16,6.24,6.26,-0.02,-0.3195,197610.0,122815.813,-0.04999999999999982,-0.17999999999999972,-0.5599999999999996,6.2620000000000005,6.333,6.408500000000001,6.27143889553048,6.316181801038742,6.4046655702629005,0.10999999999999943,0.12857142857142856,0.0,0.019999999999999574,0.025995548131558816,0.042270063412448586,0.6149872044881555,38.08000476902019,6.341666666666666,6.4788461538461535,6.33475217109309,6.44586241365318,-0.11111024256009028,-0.1030276858966331,-0.10248935371311221,-0.01724177769395613,0.05792165212445995
000006.SZ,20250723,6.25,6.31,6.2,6.21,6.24,-0.03,-0.4808,221485.19,138518.629,-0.04999999999999982,-0.16000000000000014,-0.6299999999999999,6.252000000000001,6.317,6.377,6.250959263686987,6.296876019031697,6.386125992142625,0.10999999999999943,0.13214285714285706,0.0,0.03000000000000025,0.0241387232650189,0.04139363031155942,0.5831506703648077,36.83481814339449,6.329999999999999,6.455384615384616,6.315559529386461,6.428391123752944,-0.11283159436648305,-0.10455938765130085,-0.10455780184378638,-0.01654758504539333,0.12081974596427307
000006.SZ,20250724,6.18,6.29,6.17,6.27,6.21,0.06,0.9662,284057.65,177216.302,-0.020000000000000462,-0.2400000000000002,-0.4900000000000002,6.247999999999999,6.293000000000001,6.3525,6.257306175791325,6.291989470116842,6.375066373843327,0.1200000000000001,0.13571428571428568,0.05999999999999961,0.0,0.026700243031803236,0.03843694243216232,0.6946505456027549,40.99078405310287,6.317499999999999,6.43923076923077,6.308550371019313,6.416658447919393,-0.10810807690007973,-0.10651786308256256,-0.10526785685504506,-0.00568044009006935,0.2825130655462788
000006.SZ,20250725,6.29,6.35,6.24,6.27,6.27,0.0,0.0,249946.84,157341.319,0.009999999999999787,-0.22000000000000064,-0.4200000000000008,6.25,6.270999999999999,6.331499999999999,6.261537450527551,6.287991384641052,6.365060052524915,0.10999999999999943,0.13214285714285706,0.0,-0.0,0.02479308281524586,0.035691446544150726,0.6946505456027549,40.99078405310287,6.309166666666666,6.42846153846154,6.30261954470865,6.405794859184623,-0.1031753144759735,-0.10763612317164156,-0.10484934837923075,0.003348067806514504,-0.12008410968688935
000006.SZ,20250728,6.26,6.45,6.19,6.4,6.27,0.13,2.0734,384673.97,242907.113,0.14000000000000057,0.040000000000000036,-0.04999999999999982,6.2780000000000005,6.2749999999999995,6.329,6.307691633685035,6.308356587433588,6.368387666570161,0.2599999999999998,0.13999999999999987,0.13000000000000078,0.0,0.032307862614156926,0.03314205750528282,0.9748297192776,49.36272275840554,6.300000000000001,6.413846153846153,6.317601153215011,6.4053656103561325,-0.08776445714112135,-0.10631063829867277,-0.10143237013160888,0.02733582598097506,0.5390231378800387
000006.SZ,20250729,6.35,6.4,6.3,6.34,6.4,-0.06,-0.9375,249789.94,158688.42,0.09999999999999964,0.04999999999999982,-0.04999999999999982,6.298,6.279999999999999,6.3265,6.318461089123358,6.314109935172935,6.365684079277765,0.10000000000000053,0.13857142857142848,0.0,0.0600000000000005,0.030000158141717144,0.035060481969191225,0.8556687317669862,46.111071287611225,6.2875000000000005,6.402307692307693,6.321047129643471,6.400523713292715,-0.07947658364924415,-0.10335155060023965,-0.09704121283513593,0.03512925837178357,-0.35064506704209797
000006.SZ,20250730,6.3,6.35,6.21,6.24,6.34,-0.1,-1.5773,190513.0,119600.448,0.03000000000000025,-0.019999999999999574,-0.08999999999999986,6.303999999999999,6.2780000000000005,6.322,6.2923073927489055,6.3006354015051285,6.353714166965597,0.13999999999999968,0.13142857142857128,0.0,0.09999999999999964,0.027857289703023064,0.03969901897139183,0.7017122947823413,41.23565992523397,6.277499999999999,6.380769230769231,6.308578340467553,6.388633067863625,-0.08005472739607278,-0.1002985598198565,-0.09364391574732331,0.02717837670250106,-0.23730715496388685
000006.SZ,20250731,6.2,6.32,6.15,6.16,6.24,-0.08,-1.2821,263844.43,163733.461,-0.10999999999999943,-0.1299999999999999,-0.16999999999999993,6.282,6.265000000000001,6.3134999999999994,6.248204928499272,6.275065328504196,6.335265198683159,0.16999999999999993,0.13357142857142845,0.0,0.08000000000000007,0.02586748329566427,0.04257766047343527,0.607536511119565,37.79301477242639,6.266666666666666,6.354615384615386,6.2857201342417754,6.371697285058912,-0.0859771508171363,-0.09764996838745274,-0.0921105627612859,0.012266823888299194,0.38491562255594103
000006.SZ,20250801,6.15,6.19,6.1,6.15,6.16,-0.01,-0.1623,175856.04,107874.904,-0.11999999999999922,-0.10999999999999943,-0.1299999999999999,6.258,6.254,6.307,6.215469952332848,6.252326177867069,6.317620894046668,0.09000000000000075,0.1278571428571428,0.0,0.009999999999999787,0.024019805917402538,0.04025068472533273,0.5967552125215176,37.372992919757,6.257500000000001,6.331153846153847,6.2648401135891945,6.355275263943437,-0.09043515035424221,-0.0954370330733826,-0.09177548027987717,0.0026806598512699176,-0.33348587271673685
000006.SZ,20250804,6.1,6.2,6.09,6.16,6.15,0.01,0.1626,145122.07,89064.375,-0.2400000000000002,-0.09999999999999964,-0.1899999999999995,6.21,6.244,6.297499999999999,6.1969799682219,6.235539600073056,6.3026093803279375,0.11000000000000032,0.12071428571428568,0.009999999999999787,0.0,0.02301839120901663,0.03737563581638039,0.6158662108680035,38.11368829460054,6.246666666666667,6.310769230769231,6.248710865344703,6.340810429577256,-0.09209956423255239,-0.09332473548143394,-0.09184029707041222,-0.0005185343242803397,-0.17476778164685158
000006.SZ,20250805,6.15,6.28,6.12,6.24,6.16,0.08,1.2987,243160.95,151270.765,-0.09999999999999964,0.0,-0.17999999999999972,6.19,6.244000000000001,6.288499999999999,6.2113199788146005,6.2363505818779545,6.2966465822014674,0.16000000000000014,0.12785714285714286,0.08000000000000007,0.0,0.027088506122658305,0.03470594754378179,0.7805148120069613,43.83646834856601,6.245,6.302692307692308,6.247370732214749,6.333342990349311,-0.08597225813456166,-0.09034036478899823,-0.09066668928324212,0.009388862297360911,0.6755614773135471
000006.SZ,20250806,6.25,6.33,6.17,6.27,6.24,0.03,0.4808,209057.58,130811.392,0.02999999999999936,0.05999999999999961,-0.10000000000000053,6.196,6.25,6.283499999999999,6.230879985876401,6.242468657900144,6.294108812467994,0.16000000000000014,0.13142857142857142,0.02999999999999936,0.0,0.02729646997103981,0.03222695129065452,0.8470075163130775,45.85836867647621,6.245833333333333,6.298076923076924,6.250852158027865,6.328650916990102,-0.07779875896223754,-0.08697266279590465,-0.08809310321904121,0.020588688513607345,-0.14025019231089542
000006.SZ,20250807,6.24,6.38,6.21,6.35,6.27,0.08,1.2759,316692.0,199749.349,0.1899999999999995,0.08000000000000007,-0.16000000000000014,6.234,6.258000000000001,6.275499999999999,6.270586657250934,6.262019811009208,6.299431782709137,0.16999999999999993,0.13714285714285715,0.08000000000000007,0.0,0.031061007830251258,0.029925026198464908,1.0379609235511589,50.93134571699765,6.255,6.298846153846153,6.2661056721774235,6.330232330546391,-0.06412665836896725,-0.08263392322845951,-0.08329981424902641,0.03834631176011832,0.5148553809912083
000006.SZ,20250808,6.34,6.52,6.27,6.51,6.35,0.16,2.5197,427945.28,273840.992,0.35999999999999943,0.2400000000000002,0.019999999999999574,6.306,6.282,6.2764999999999995,6.350391104833957,6.307107118098442,6.3194858986416005,0.25,0.1471428571428571,0.16000000000000014,0.0,0.040270935842376177,0.027787524327145985,1.4492451852947184,59.17109458848768,6.28,6.305769230769229,6.30362787645782,6.343548454209621,-0.03992057775180147,-0.0773179366296462,-0.07462396694958143,0.06940677839555992,0.35129804352493915
000006.SZ,20250811,6.63,7.09,6.5,6.78,6.51,0.27,4.1475,928654.13,629911.745,0.6200000000000001,0.3799999999999999,0.41999999999999993,6.43,6.319999999999999,6.297499999999999,6.493594069889305,6.393087642080543,6.3633443844852575,0.5899999999999999,0.18142857142857144,0.27000000000000046,0.0,0.05668015471077791,0.02580270116092127,2.1966752378863803,68.7174978506358,6.322500000000001,6.324999999999999,6.376915895464309,6.375878198342242,0.0010376971220669162,-0.06837190543283385,-0.059491634135251756,0.12105866251463734,1.1700300795466185
000006.SZ,20250812,7.04,7.46,6.98,7.46,6.78,0.68,10.0295,1143789.79,825668.426,1.2199999999999998,1.12,1.17,6.6739999999999995,6.4319999999999995,6.356,6.8157293799262035,6.587071707156808,6.467787776439042,0.6799999999999997,0.22214285714285717,0.6799999999999997,0.0,0.10120300080286518,0.02395965107799832,4.223892930385698,80.8571880525475,6.421666666666666,6.367692307692308,6.543544219239031,6.4561835169835575,0.08736070225547365,-0.049770191027106475,-0.03012116685710668,0.23496373822516067,0.23166392422117374
000006.SZ,20250813,7.5,7.8,7.33,7.43,7.46,-0.03,-0.4021,1501467.16,1132937.637,1.1600000000000001,1.1899999999999995,1.17,6.906000000000001,6.550999999999999,6.414499999999999,7.020486253284136,6.7403313967646605,6.5594270358258004,0.46999999999999975,0.24714285714285714,0.0,0.03000000000000025,0.09397421503123195,0.02439110457242703,3.8528068604758996,79.39336905936675,6.5075,6.406538461538461,6.6799220316637955,6.528318071281071,0.15160396038272417,-0.02337228978267753,0.006223858590859492,0.29076020358372934,0.3127125046290192
000006.SZ,20250814,7.37,7.67,7.11,7.14,7.43,-0.29,-3.9031,1009398.07,741095.27,0.79,0.9799999999999995,0.8499999999999996,7.064,6.648999999999999,6.456999999999999,7.060324168856091,6.812998415534722,6.614719699080486,0.5599999999999996,0.2792857142857143,0.0,0.29000000000000004,0.08726177110042967,0.04336316853153938,2.0123476686663584,66.80330061494114,6.574166666666667,6.436153846153845,6.750703257561673,6.57362784377877,0.17707541378290337,0.006351106232560867,0.04039416962926827,0.27336248830727017,-0.3277255094943269
000006.SZ,20250815,7.18,7.42,7.13,7.33,7.14,0.19,2.6611,809281.7,589803.357,0.8200000000000003,1.1799999999999997,1.0700000000000003,7.228,6.767,6.510499999999999,7.150216112570728,6.906998703619317,6.682841632501392,0.29000000000000004,0.2814285714285715,0.1900000000000004,0.0,0.09460021602182757,0.040265799350715135,2.349393717429018,70.14385036920663,6.664999999999999,6.467692307692308,6.839825833321416,6.629655410906268,0.21017042241514794,0.03993666030452757,0.0743494201864442,0.2716420044574075,-0.19825317280426344
000006.SZ,20250818,7.6,7.84,7.47,7.7,7.33,0.37,5.0477,1048525.79,803042.403,0.9199999999999999,1.54,1.4400000000000004,7.412000000000001,6.920999999999999,6.5825000000000005,7.333477408380486,7.051180757506714,6.77971385797745,0.5099999999999998,0.31071428571428567,0.3700000000000001,0.0,0.11427162916312561,0.03738967082566406,3.05623522859929,75.34659743228643,6.793333333333333,6.514230769230768,6.972160320502737,6.708940195283581,0.2632201252191555,0.07873581401049615,0.11212356119298647,0.30219312805233806,0.2956252316097103
000006.SZ,20250819,7.71,8.07,7.59,7.86,7.7,0.16,2.0779,990845.7,774424.741,0.40000000000000036,1.62,1.62,7.492,7.083,6.663500000000001,7.5089849389203245,7.198238801596402,6.882598252455788,0.4800000000000004,0.335,0.16000000000000014,0.0,0.1175379413657595,0.034718980052402336,3.3854088221588357,77.19710885454637,6.935833333333334,6.571923076923077,7.108751040425393,6.794203884521835,0.31454715590355775,0.12232980455114006,0.15260828013510075,0.323877751536914,-0.05501065453049093
000006.SZ,20250820,7.77,7.85,7.5,7.68,7.86,-0.18,-2.2901,687451.32,527588.492,0.25,1.4100000000000001,1.4699999999999998,7.541999999999999,7.224000000000001,6.737,7.565989959280216,7.285831746760692,6.9585412760314265,0.3600000000000003,0.34857142857142864,0.0,0.1800000000000006,0.10914237412534811,0.04509619576294507,2.4202124431752825,70.76205011781045,7.0625,6.6253846153846165,7.196635495744562,6.859818411594292,0.3368170841502707,0.16687910927549984,0.18945004093813472,0.2947340864242719,-0.3061974028852323
000006.SZ,20250821,7.58,7.63,7.3,7.36,7.68,-0.32,-4.1667,553413.55,409718.993,0.22000000000000064,1.0100000000000007,1.0900000000000007,7.586,7.325,6.791500000000001,7.4973266395201446,7.299316883713294,6.99677544021891,0.3799999999999999,0.3692857142857143,0.0,0.3199999999999994,0.10134649025925181,0.06473218177987752,1.5656275977825316,61.02318197448848,7.155833333333333,6.667692307692308,7.221768496399244,6.896868899624344,0.3248995967749,0.2074146842229111,0.21653995210548777,0.21671928933882445,-0.1949778349396433
000006.SZ,20250822,7.3,7.38,7.24,7.3,7.36,-0.06,-0.8152,404734.2,295032.457,-0.03000000000000025,0.79,1.0300000000000002,7.58,7.404000000000001,6.843000000000001,7.4315510930134305,7.299441086674513,7.025653969721871,0.13999999999999968,0.3714285714285714,0.0,0.0600000000000005,0.09410745524073383,0.06439416879560059,1.4614282162636325,59.37318044082686,7.241666666666667,6.706538461538462,7.233804112337822,6.926730462615133,0.3070736497226889,0.24141867895631355,0.234646691628928,0.1448539161875218,-0.2686586730664618
000006.SZ,20250825,7.29,7.45,7.15,7.33,7.3,0.03,0.411,622575.07,454451.487,-0.3700000000000001,0.5499999999999998,0.9299999999999997,7.506,7.4590000000000005,6.889500000000001,7.397700728675621,7.304997252733692,7.054639305938836,0.2999999999999998,0.38142857142857134,0.03000000000000025,0.0,0.08952835129496714,0.05979458531020054,1.4972651926677754,59.95619516356926,7.323333333333333,6.747692307692309,7.248603479670464,6.956602280199197,0.292001199471267,0.2641565119802906,0.24611759319739585,0.09176721254774234,0.5382319309808756
000006.SZ,20250826,7.23,7.42,7.16,7.31,7.33,-0.02,-0.2729,474261.99,344994.051,-0.5500000000000007,-0.15000000000000036,0.9699999999999998,7.396000000000001,7.444,6.938000000000001,7.368467152450414,7.305906843145747,7.078959372039899,0.2599999999999998,0.38857142857142846,0.0,0.020000000000000462,0.08313346905961234,0.056952114930900535,1.4597081980270161,59.3447710260054,7.390000000000001,6.788076923076924,7.2580490981827,6.982779889073331,0.2752692091093687,0.27789709517214,0.2519479163797904,0.04664258545915656,-0.2382252151535717
000006.SZ,20250827,7.22,7.54,7.04,7.04,7.31,-0.27,-3.6936,695064.96,508076.429,-0.6399999999999997,-0.3899999999999997,0.7999999999999998,7.268000000000001,7.405000000000001,6.978,7.25897810163361,7.257560144391975,7.075248955655146,0.5,0.41214285714285703,0.0,0.2699999999999996,0.07719536412678289,0.07216982100726475,1.0696349672117416,51.682300703141756,7.411666666666668,6.818846153846153,7.2245030830776695,6.98701841580864,0.23748466726902961,0.2846092344483762,0.24905526655763827,-0.023141198577217303,0.46557171912511897
000006.SZ,20250828,7.1,7.32,7.06,7.27,7.04,0.23,3.267,455984.38,328233.144,-0.09000000000000075,0.1299999999999999,1.1099999999999994,7.25,7.418000000000001,7.033500000000001,7.26265206775574,7.259821936320707,7.09379667416418,0.28000000000000025,0.4142857142857142,0.22999999999999954,0.0,0.08810998097486979,0.06701483379246012,1.3147832500449042,56.79941091760531,7.395833333333333,6.859615384615385,7.231502608758028,7.00798001463763,0.2235225941203982,0.28609280908229295,0.24394873207019027,-0.04085227589958412,-0.3439686845960412
000006.SZ,20250829,7.32,7.5,7.19,7.34,7.27,0.07,0.9629,406501.99,299296.539,0.040000000000000036,0.009999999999999787,1.1899999999999995,7.258,7.419,7.093000000000001,7.28843471183716,7.2743997660805775,7.1172446099580675,0.3099999999999996,0.3942857142857142,0.07000000000000028,0.0,0.08681641090523626,0.06222805995014154,1.3951328544517607,58.248662568285916,7.3883333333333345,6.900769230769232,7.248194515102947,7.032574087627435,0.21562042747551136,0.2808039537774436,0.2382830711512545,-0.045325287351486276,-0.10851773036611477
000006.SZ,20250901,7.28,7.38,7.19,7.21,7.34,-0.13,-1.7711,371467.37,269645.391,-0.1200000000000001,-0.4900000000000002,1.0499999999999998,7.233999999999999,7.369999999999999,7.145500000000001,7.262289807891441,7.26269071770229,7.126078456628727,0.1899999999999995,0.35928571428571415,0.0,0.1299999999999999,0.08061523869771937,0.0670689128108457,1.2019762259316524,54.58624901470489,7.394166666666667,6.936923076923078,7.2423184358563395,7.045716747803182,0.1966016880531578,0.2676989017940658,0.22994679453163516,-0.06669021295695471,-0.08618560514304001
000006.SZ,20250902,7.24,7.29,7.05,7.25,7.21,0.04,0.5548,382426.37,274033.225,-0.05999999999999961,-0.6100000000000003,1.0099999999999998,7.2219999999999995,7.308999999999999,7.196,7.258193205260961,7.260383314483692,7.137880508378372,0.2400000000000002,0.3428571428571428,0.040000000000000036,0.0,0.07771415021931084,0.06227827618149958,1.247853264159496,55.51311039985013,7.387499999999999,6.969615384615385,7.243500214955365,7.060848840558502,0.18265137439686274,0.2505693784881316,0.2204877105046807,-0.0756726722156359,0.029501918297695974
000006.SZ,20250903,7.21,7.49,7.16,7.27,7.25,0.02,0.2759,461939.37,338977.996,0.22999999999999954,-0.41000000000000014,1.0,7.268000000000001,7.267999999999999,7.246,7.2621288035073075,7.262131802759384,7.150463317104242,0.33000000000000007,0.3264285714285714,0.019999999999999574,0.0,0.07359171091793147,0.05782982788282104,1.272556284743719,55.996689423568135,7.351666666666666,7.0053846153846155,7.2475771049622315,7.07634151903565,0.17123558592658128,0.23349559950498508,0.2106372855890608,-0.07880339932495906,0.20791714755444296
000006.SZ,20250904,7.29,7.64,7.17,7.37,7.27,0.1,1.3755,582740.53,431939.44,0.10000000000000053,0.009999999999999787,1.0200000000000005,7.287999999999999,7.269,7.297,7.298085869004872,7.281744202257678,7.171371572618124,0.46999999999999975,0.33928571428571425,0.10000000000000053,0.0,0.0754780172809364,0.05369912589119097,1.4055725494279996,58.42985487019374,7.310833333333332,7.048846153846155,7.266411396506504,7.098093999107084,0.1683173973994201,0.218078238135733,0.20217330795113267,-0.06771182110342516,0.2615086910648037
000006.SZ,20250905,7.37,7.65,7.21,7.64,7.37,0.27,3.6635,545300.38,407407.224,0.2999999999999998,0.33999999999999986,1.13,7.348000000000001,7.303,7.3534999999999995,7.412057246003249,7.346881620029009,7.216002851416397,0.4400000000000004,0.33428571428571424,0.2699999999999996,0.0,0.08937244461801233,0.049863474041820184,1.7923429190484446,64.18777961767056,7.3075,7.105769230769231,7.323886566274734,7.138235184358411,0.18565138191632258,0.20626159174073916,0.19886892274417067,-0.02643508165569619,-0.06424840571840786
000006.SZ,20250908,7.8,7.88,7.5,7.62,7.64,-0.02,-0.2618,619590.95,478079.697,0.41000000000000014,0.29000000000000004,0.8399999999999999,7.43,7.332000000000001,7.3955,7.4813714973355,7.3965395072964615,7.254478770329122,0.3799999999999999,0.32714285714285707,0.0,0.019999999999999574,0.08298869857386859,0.04773036875311871,1.7386980394624774,63.48629949009387,7.329166666666667,7.162307692307691,7.369442479155545,7.173921466998529,0.19552101215701612,0.19740068096825553,0.19819934062673977,-0.005356656939447313,0.13623788415478447
000006.SZ,20250909,7.61,7.7,7.42,7.45,7.62,-0.17,-2.231,462226.39,348616.078,0.20000000000000018,0.14000000000000057,-0.009999999999999787,7.470000000000001,7.346000000000001,7.394999999999999,7.470914331557001,7.406259596878923,7.273099839821587,0.28000000000000025,0.32142857142857134,0.0,0.16999999999999993,0.07706093439002083,0.05646391384218165,1.3647820199890586,57.712804328382596,7.341666666666668,7.211923076923076,7.381835943900846,7.194371728702341,0.18746421519850465,0.19184285296041942,0.19605231554109276,-0.017176200685176224,-0.2539813727104954
000006.SZ,20250910,7.41,7.59,7.4,7.53,7.45,0.08,1.0738,324475.24,244318.565,0.2600000000000007,0.4900000000000002,0.10000000000000053,7.522,7.3950000000000005,7.399999999999999,7.490609554371335,7.428757851991845,7.297566521743341,0.1899999999999995,0.3078571428571428,0.08000000000000007,0.0,0.0772708676478765,0.052430777139168674,1.47376926042454,59.57585794285505,7.358333333333334,7.261538461538461,7.404630414069946,7.219233082131797,0.185397331938149,0.1876067127179473,0.193921318820504,-0.01704797376471001,-0.29801662773949367
000006.SZ,20250911,7.5,7.64,7.37,7.58,7.53,0.05,0.664,418633.95,313916.777,0.20999999999999996,0.3100000000000005,0.4400000000000004,7.564,7.425999999999999,7.422,7.52040636958089,7.456256424356964,7.324464948243975,0.2699999999999996,0.31714285714285706,0.04999999999999982,0.0,0.07532294853017103,0.04868572162922806,1.5471260568714984,60.74006634645136,7.380833333333334,7.311923076923078,7.431610350366878,7.245956557529443,0.1856537928374351,0.18427708664704992,0.19226781362389023,-0.013228041572910243,0.29018765807831753
000006.SZ,20250912,7.57,7.7,7.5,7.65,7.58,0.07,0.9235,421506.71,320216.138,0.010000000000000675,0.3100000000000005,0.3200000000000003,7.566,7.457000000000001,7.438000000000001,7.563604246387261,7.491482529019333,7.355468286506453,0.20000000000000018,0.30999999999999994,0.07000000000000028,0.0,0.07494273792087312,0.0452081700842832,1.6577255345915287,62.373842333057475,7.4316666666666675,7.361923076923077,7.465208758002743,7.275885701416151,0.1893230565865922,0.18346834981743154,0.19167886221643063,-0.00471161125967684,0.006862224145939452
000006.SZ,20250915,7.55,7.57,7.23,7.48,7.65,-0.17,-2.2222,575588.72,424002.152,-0.13999999999999968,0.27000000000000046,-0.21999999999999975,7.537999999999999,7.484,7.427,7.535736164258174,7.489394796470363,7.3673284496963145,0.41999999999999993,0.32142857142857134,0.0,0.16999999999999993,0.06958968521223932,0.0541218722211201,1.285795970396663,56.25156344000091,7.449166666666667,7.399230769230769,7.467484333694628,7.2910052790890285,0.17647905460559965,0.18278253650729118,0.18863890069426445,-0.0243196921773296,0.36555055078482607
000006.SZ,20250916,7.45,7.63,7.41,7.6,7.48,0.12,1.6043,421317.71,317031.878,0.14999999999999947,0.34999999999999964,-0.2600000000000007,7.568,7.519,7.413999999999999,7.5571574428387835,7.509504833475751,7.389487644963332,0.21999999999999975,0.3014285714285713,0.11999999999999922,0.0,0.07319042198279359,0.05025602420532581,1.4563512163987962,59.2892094044239,7.470833333333334,7.43076923076923,7.48787135928007,7.313893776934286,0.17397758234578387,0.18308720277609147,0.18570663702456833,-0.023458109357568924,-0.26802299044359307
000006.SZ,20250917,7.56,8.31,7.51,8.05,7.6,0.45,5.9211,815406.57,644945.621,0.5200000000000005,0.7800000000000011,0.370000000000001,7.672,7.5969999999999995,7.4325,7.721438295225856,7.6077766819347055,7.452393583538253,0.8000000000000007,0.3385714285714285,0.45000000000000107,0.0,0.10010539184116556,0.04666630819065968,2.1451320175612643,68.20483227996897,7.540833333333333,7.453461538461538,7.574352688621597,7.368420163828043,0.20593252479355417,0.1872666613754397,0.1897518145783655,0.03236142043037732,0.9353721684284287
000006.SZ,20250918,7.88,8.27,7.69,7.77,8.05,-0.28,-3.4783,815379.08,649362.102,0.1899999999999995,0.39999999999999947,0.40999999999999925,7.709999999999999,7.6370000000000005,7.453000000000001,7.737625530150571,7.63727183067385,7.482641813677468,0.5799999999999992,0.35785714285714276,0.0,0.28000000000000114,0.09295500670965373,0.0633330004627555,1.467718346366965,59.4767368215978,7.584166666666666,7.466538461538462,7.604452274987505,7.398166818359299,0.20628545662820574,0.18955933634342673,0.19305854298833358,0.026453827279744324,-3.371324319840921e-05
000006.SZ,20250919,7.82,8.1,7.6,7.99,7.77,0.22,2.8314,648807.28,508080.094,0.33999999999999986,0.35000000000000053,0.6900000000000004,7.7780000000000005,7.672,7.487500000000002,7.821750353433714,7.701404225096786,7.5309616409462805,0.5,0.37999999999999995,0.22000000000000064,0.0,0.10202964908753565,0.05880921471541582,1.734926228504635,63.4359424551365,7.644166666666666,7.49923076923077,7.663767309604812,7.442006313295648,0.2217609963091638,0.1924748901381098,0.19879903365249962,0.04592392531332834,-0.2042875566540166
000006.SZ,20250922,7.85,7.99,7.68,7.92,7.99,-0.07,-0.8761,498043.83,390549.712,0.4399999999999995,0.2999999999999998,0.5899999999999999,7.866000000000001,7.702,7.517,7.854500235622476,7.741148911442824,7.568012913237111,0.3100000000000005,0.38499999999999995,0.0,0.07000000000000028,0.09474181700985453,0.05960855652145757,1.5893996187569124,61.38100922096883,7.69,7.521923076923077,7.703187723511764,7.477413253051527,0.22577447046023735,0.19673158516719122,0.2041941210140472,0.043160698892380334,-0.23237015774545564
000006.SZ,20250923,7.96,8.58,7.69,8.43,7.92,0.51,6.4394,815002.44,651128.137,0.8300000000000001,0.9799999999999995,1.12,8.032,7.8,7.572999999999999,8.046333490414984,7.866394563907765,7.650106921500243,0.8899999999999997,0.42499999999999993,0.5099999999999998,0.0,0.12440311579486489,0.0553508024842106,2.247539515445186,69.20745705343893,7.7558333333333325,7.549999999999999,7.815004996817647,7.5479752343069695,0.26702976251067767,0.20580185523080552,0.2167612493133733,0.10053702639460876,0.6364070608002511
000006.SZ,20250924,8.29,9.27,8.18,9.27,8.43,0.84,9.9644,695478.12,634710.329,1.2199999999999989,1.7399999999999993,2.2299999999999995,8.276,7.973999999999999,7.6845,8.454222326943324,8.12159555228817,7.8043824527859345,1.0899999999999999,0.46928571428571425,0.8399999999999999,0.0,0.17551717895237454,0.05139717373533841,3.41491887970674,77.3495271997744,7.893333333333332,7.604230769230769,8.038850381922625,7.675532624358305,0.36331775756432005,0.22554229575601495,0.24607255096356268,0.23449041320151476,-0.14665516829618322
000006.SZ,20250925,9.5,9.66,9.05,9.28,9.27,0.01,0.1079,1160769.67,1087703.065,1.5099999999999998,1.6999999999999993,2.01,8.578,8.144,7.785000000000001,8.72948155129555,8.332214542781228,7.9449174572825125,0.6099999999999994,0.4814285714285713,0.009999999999999787,0.0,0.1636945233129192,0.0477259470399571,3.4298852818126573,77.42605199945919,8.045833333333333,7.6657692307692304,8.229796477011451,7.794382059591023,0.43541441742042775,0.25288578029310776,0.28394092425493567,0.30294698633098416,0.669023994601009
000006.SZ,20250926,9.27,10.1,9.27,9.51,9.28,0.23,2.4784,1005604.27,983640.702,1.5199999999999996,1.8599999999999994,2.17,8.882,8.33,7.8935,8.989654367530367,8.546357353184641,8.09397293754132,0.8300000000000001,0.5135714285714285,0.23000000000000043,0.0,0.16843062879056786,0.0443169508228173,3.800591549359227,79.16923383882809,8.210833333333333,7.748461538461539,8.426750865163536,7.921464869991689,0.5052859951718469,0.2894198848004686,0.3282099384383179,0.354152113467058,-0.13367458162479376
000006.SZ,20250929,9.52,9.6,9.22,9.35,9.51,-0.16,-1.6824,662285.1,618824.494,1.4299999999999997,1.8699999999999992,2.1399999999999997,9.168,8.517,8.000499999999999,9.109769578353578,8.692474198060161,8.213594562537384,0.379999999999999,0.5207142857142856,0.0,0.16000000000000014,0.15639986959124158,0.05258002576404464,2.974511087025583,74.83967265145125,8.358333333333333,7.827307692307692,8.568789193599914,8.027282287029342,0.5415069065705715,0.33025647638100053,0.3708693320647687,0.3412751490116057,-0.34140583949588843
000006.SZ,20250930,9.48,10.29,9.44,10.29,9.35,0.94,10.0535,498766.79,502879.555,1.8599999999999994,2.6899999999999995,3.039999999999999,9.54,8.785999999999998,8.1525,9.503179718902386,8.982933434776495,8.411347461343349,0.9399999999999995,0.5742857142857141,0.9399999999999995,0.0,0.21237130747758143,0.048824309638041456,4.349704256998082,81.30737790426686,8.578333333333333,7.9411538461538465,8.833590856123005,8.19489100650865,0.6386998496143548,0.37834173469442284,0.42443543557468594,0.4285288280793377,-0.24690017939404044
000006.SZ,20251009,10.42,11.1,10.32,10.85,10.29,0.56,5.4422,1034286.08,1119062.237,1.58,2.799999999999999,3.58,9.856,9.065999999999999,8.331499999999998,9.952119812601591,9.32240008299895,8.643600084072553,0.8100000000000005,0.6128571428571428,0.5600000000000005,0.0,0.23720192837203993,0.045336858949609926,5.2319885820868235,83.95375750728441,8.859166666666667,8.077307692307691,9.143807647488696,8.391565746767268,0.7522419007214278,0.43900356181589195,0.48999672860403437,0.5244903442347869,1.0736867424553267
000006.SZ,20251010,10.74,11.94,10.68,11.94,10.85,1.09,10.0461,1134482.6,1283165.582,2.66,4.17,4.569999999999999,10.388,9.482999999999999,8.559999999999999,10.614746541734394,9.798327340635504,8.9575429332085,1.2599999999999998,0.6885714285714285,1.0899999999999999,0.0,0.29811607634546566,0.04209851188178065,7.081392263522836,87.62589455639069,9.220833333333331,8.26576923076923,9.573991086336589,8.65441272848821,0.919578357848378,0.516538824209138,0.5759130544529031,0.6873306067909499,0.0968750541436274
000006.SZ,20251013,12.2,13.13,12.19,13.13,11.94,1.19,9.9665,585087.73,756544.527,3.620000000000001,5.140000000000001,5.490000000000001,11.112,9.997,8.834499999999998,11.453164361156265,10.404086005974502,9.354919796712453,1.1900000000000013,0.7435714285714285,1.1900000000000013,0.0,0.36182207089221824,0.039091475318796316,9.255779372395384,90.24940022899072,9.644166666666665,8.491153846153846,10.121069380746343,8.985937711563158,1.1351316691831848,0.6175785129561322,0.6877567773989595,0.8947497835684506,-0.4842691020558624
000006.SZ,20251014,14.43,14.44,13.17,13.79,13.13,0.66,5.0267,2261318.1,3142191.096,4.4399999999999995,5.869999999999999,6.169999999999999,12.0,10.583999999999998,9.142999999999997,12.232109574104177,11.019706732160957,9.777308387501742,1.3099999999999987,0.8214285714285713,0.6599999999999984,0.0,0.38312049439991686,0.03629922708173944,10.554508324301157,91.34536951350128,10.14583333333333,8.739230769230769,10.685520245246906,9.341794177373295,1.343726067873611,0.7372114357742359,0.8189506354938898,1.0495508647594423,2.8649214195621573
000006.SZ,20251015,13.05,13.21,12.41,12.41,13.79,-1.38,-10.0073,886386.07,1114119.702,2.120000000000001,3.9800000000000004,4.96,12.424000000000001,10.982,9.391,12.291406382736119,11.27248732631351,10.028040922025387,1.379999999999999,0.8628571428571427,0.0,1.379999999999999,0.3557547447999228,0.13227785371875797,2.689450537625968,72.89569300897946,10.514166666666666,8.939230769230768,10.950824822901227,9.569068682753052,1.381756140148175,0.8503712560613308,0.9315117364247469,0.9004888074468562,-0.6080223874739251
000006.SZ,20251016,11.17,11.87,11.17,11.45,12.41,-0.96,-7.7357,1426090.11,1642459.095,0.5999999999999996,2.1799999999999997,3.919999999999999,12.544,11.2,9.586999999999998,12.010937588490746,11.304762357892871,10.163465596118206,1.2400000000000002,0.9099999999999998,0.0,0.9600000000000009,0.3303436915999283,0.19140086416741817,1.7259258104027002,63.31521583662359,10.80833333333333,9.10076923076923,11.027621003993346,9.708396928475048,1.3192240755182976,0.9485723291833162,1.0090542042434572,0.6203397425496808,0.6088814550075231
000006.SZ,20251017,11.72,12.6,11.72,12.24,11.45,0.79,6.8996,1623856.95,2017193.667,0.3000000000000007,2.960000000000001,4.66,12.604000000000001,11.495999999999999,9.819999999999999,12.0872917256605,11.474805565548714,10.361230777440282,1.1500000000000004,0.9564285714285712,0.7900000000000009,0.0,0.3631762850570764,0.17772937386974544,2.043422970269628,67.14226021920948,11.125833333333333,9.291923076923077,11.214140849532832,9.89592308192134,1.3182177676114915,1.0388980816766102,1.070886916917064,0.4946617013888548,0.13867766041796603
000006.SZ,20251020,12.67,12.94,11.81,12.02,12.24,-0.22,-1.7974,1278647.34,1569125.029,-1.1100000000000012,2.51,4.369999999999999,12.382,11.747,10.038499999999999,12.064861150440333,11.573931826358038,10.519208798636447,1.129999999999999,1.015,0.0,0.22000000000000064,0.3372351218387138,0.1807487043076208,1.865767852281612,65.10533820093491,11.354999999999999,9.470769230769232,11.338119180373933,10.05326211289013,1.284857067483804,1.1214925440003027,1.113680947030412,0.34235224090678384,-0.2125862194942725
000006.SZ,20251021,11.97,13.22,11.73,13.22,12.02,1.2,9.9834,956926.85,1207541.059,-0.5699999999999985,3.870000000000001,5.74,12.268,12.133999999999999,10.3255,12.449907433626889,11.873216948838394,10.776427008290119,1.4900000000000002,1.0578571428571426,1.200000000000001,0.0,0.3988611845645201,0.16783808257136215,2.3764641400436073,70.38321870087788,11.683333333333332,9.685384615384615,11.627639306470252,10.287835289713083,1.339804016757169,1.199393007016171,1.1589055609757635,0.361796911562811,-0.2516100256385002
000006.SZ,20251022,13.75,13.98,13.1,13.13,13.22,-0.09,-0.6808,1313793.21,1760163.03,0.7200000000000006,2.8400000000000016,5.530000000000001,12.411999999999999,12.418,10.602,12.67660495575126,12.101722958140503,11.000576817024394,0.8800000000000008,1.0428571428571427,0.0,0.08999999999999986,0.3703710999527687,0.16227821953055055,2.282321688173578,69.53376009417157,11.985,9.897307692307692,11.858771720859444,10.498366008993596,1.3604057118658481,1.2669667638099955,1.1992055911537804,0.32240024142413537,0.3729296131674015
000006.SZ,20251023,14.44,14.44,13.53,14.15,13.13,1.02,7.7685,1682880.5,2359131.476,2.700000000000001,3.3000000000000007,6.1,12.952000000000002,12.748,10.907,13.167736637167508,12.474136965751319,11.30052188206969,1.3099999999999987,1.0928571428571427,1.0199999999999996,0.0,0.4167731642418566,0.15068691813551124,2.765821807219235,73.44537125779667,12.385,10.155,12.211268379188759,10.76885741573481,1.4424109634539484,1.3250592755439476,1.247846665613814,0.3891285956802686,0.28093256015533835
000006.SZ,20251024,14.35,15.5,13.53,14.04,14.15,-0.11,-0.7774,1473254.02,2108061.717,1.799999999999999,2.0999999999999996,6.27,13.312000000000001,12.958000000000002,11.2205,13.458491091445007,12.758839335614715,11.561424559967813,1.9700000000000006,1.1742857142857142,0.0,0.11000000000000121,0.38700365251029545,0.14778070969726054,2.618769752176048,72.36629936462032,12.697499999999998,10.405384615384616,12.49261170546741,11.011164273828527,1.481447431638884,1.363538804705692,1.2945668188188282,0.3737612256401115,-0.12456409115204554
000006.SZ,20251027,13.83,14.04,13.24,13.3,14.04,-0.74,-5.2707,1108572.07,1495877.585,1.2800000000000011,0.16999999999999993,5.3100000000000005,13.568000000000001,12.975,11.486,13.405660727630005,12.857232183684765,11.727003173304212,0.7999999999999989,1.2042857142857142,0.0,0.7399999999999984,0.35936053447384575,0.19008208757602754,1.8905544391715055,65.40456092269201,12.901666666666666,10.625384615384617,12.616825289241655,11.18070766095234,1.436117628289315,1.3738045336407703,1.3228769807129257,0.22648129515277882,-0.2475350109684411
000006.SZ,20251028,13.2,13.26,12.58,12.81,13.3,-0.49,-3.6842,999026.48,1284892.832,-0.41000000000000014,-0.9799999999999986,4.890000000000001,13.486,12.876999999999999,11.730500000000001,13.207107151753338,12.848644513923897,11.83014572822762,0.7200000000000006,1.1885714285714286,0.0,0.4900000000000002,0.333691924868571,0.21150479560631133,1.577703824218223,61.2057835890714,12.974166666666669,10.823846153846155,12.646544475512169,11.301395982363278,1.3451484931488906,1.3697370173075165,1.3273312832001187,0.03563441989754379,-0.09881684101963716
000006.SZ,20251029,12.76,13.68,12.71,13.03,12.81,0.22,1.7174,947899.05,1244615.015,-0.10000000000000142,0.6199999999999992,4.6,13.466,12.939000000000002,11.9605,13.148071434502224,12.881618238665006,11.944417563634513,0.9699999999999989,1.1999999999999997,0.21999999999999886,0.0,0.3255710730922444,0.19639731020586051,1.6577165580882245,62.373715249780815,12.965833333333334,11.03730769230769,12.705537633125681,11.429440724410442,1.276096908715239,1.3649451098849543,1.3170844083031428,-0.08197499917580764,-0.05117725207844334
000006.SZ,20251030,13.04,13.09,12.65,12.65,13.03,-0.38,-2.9163,554281.05,709524.457,-1.5,1.200000000000001,3.380000000000001,13.166,13.059000000000001,12.129500000000002,12.982047623001485,12.839505831635005,12.011615890907416,0.4399999999999995,1.1414285714285712,0.0,0.379999999999999,0.30231599644279844,0.20951178804829898,1.4429545910471882,59.065960388099406,12.870833333333332,11.231538461538461,12.696993381875577,11.51985252260226,1.177140859273317,1.3492698978473794,1.2890956984971775,-0.22390967844772103,-0.41525307995614086
000006.SZ,20251031,12.89,13.19,12.57,12.68,12.65,0.03,0.2372,740091.39,953752.554,-1.3599999999999994,0.4399999999999995,3.4000000000000004,12.894,13.103,12.2995,12.881365082000992,12.81050477133773,12.075271520344804,0.6199999999999992,1.1007142857142853,0.02999999999999936,0.0,0.28286485383974136,0.19454666033056336,1.453969209027348,59.249692444333526,12.893333333333336,11.409615384615384,12.69437901543318,11.60578937277987,1.088589642653309,1.3274624061995466,1.248994487328404,-0.32080968935018994,0.3352276611296741
000006.SZ,20251103,12.64,12.64,11.91,12.37,12.68,-0.31,-2.4448,576470.89,710438.711,-0.9300000000000015,0.34999999999999964,2.8599999999999994,12.708,13.138,12.4425,12.710910054667329,12.73041299473087,12.103340899359585,0.7699999999999996,1.0621428571428568,0.0,0.3100000000000005,0.26266022142261697,0.20279332744980888,1.295211359888678,56.43102777042277,12.97,11.586538461538462,12.644474551520384,11.66239756738877,0.9820769841316146,1.2877149581300407,1.1956109866890463,-0.4270680051148634,-0.22108148022097648
000006.SZ,20251104,12.35,12.4,11.78,11.93,12.37,-0.44,-3.557,532427.01,640172.918,-0.8800000000000008,-1.290000000000001,2.58,12.532,13.009,12.5715,12.450606703111553,12.584883359325257,12.08683224227772,0.620000000000001,1.0078571428571428,0.0,0.4399999999999995,0.24389877703528717,0.21973666120339394,1.1099594200602154,52.605723574936746,12.944166666666668,11.738076923076923,12.534555389748018,11.682219969804416,0.8523354199436017,1.2312627034720132,1.1269558733399574,-0.5492409067927113,-0.07640260898516489
000006.SZ,20251105,11.61,12.16,11.61,12.1,11.93,0.17,1.425,381435.52,457918.654,-0.9299999999999997,-1.0300000000000011,1.8100000000000005,12.346,12.906,12.662,12.33373780207437,12.496722748538847,12.088086314441746,0.5500000000000007,0.9585714285714284,0.16999999999999993,0.0,0.2386202929613381,0.2040411854031515,1.1694712147935429,53.90581846944834,12.950833333333334,11.898846153846154,12.46770071440217,11.713166638707792,0.7545340756943784,1.1548319381653944,1.0524715138108416,-0.5958748762329265,-0.28359096583022714
000006.SZ,20251106,12.06,12.28,11.8,12.14,12.1,0.04,0.3306,464306.69,562028.301,-0.5099999999999998,-2.01,1.290000000000001,12.244,12.705,12.726500000000001,12.269158534716249,12.431864066986329,12.093030474971103,0.47999999999999865,0.9107142857142855,0.040000000000000924,0.0,0.22443312917838545,0.1894668150172121,1.184551126581174,54.22400566266437,12.860833333333332,12.041538461538464,12.41728521987876,11.744783924729436,0.6725012951493241,1.0649490341109988,0.9764774700785381,-0.607952349858428,0.2172612818019674
000006.SZ,20251107,12.03,12.35,12.01,12.17,12.14,0.03,0.2471,388961.94,474523.624,-0.5099999999999998,-1.8699999999999992,0.23000000000000043,12.142,12.518,12.738000000000001,12.236105689810834,12.384252418443358,12.100360905926237,0.33999999999999986,0.8542857142857141,0.02999999999999936,0.0,0.21054504852278644,0.17593347108741123,1.1967310553327213,54.47781386017061,12.780833333333332,12.153076923076922,12.379241339897414,11.776281411786515,0.6029599281108986,0.972375956313397,0.9017739616850103,-0.5976280671482235,-0.16227366872529878
000006.SZ,20251110,12.07,12.21,11.82,11.9,12.17,-0.27,-2.2186,372610.69,446253.538,-0.46999999999999886,-1.4000000000000004,-1.2300000000000004,12.048,12.378000000000002,12.676499999999999,12.124070459873892,12.29620652418093,12.081278914885642,0.39000000000000057,0.7757142857142856,0.0,0.2699999999999996,0.19550611648544455,0.1826525088668818,1.0703719193254035,51.69949946356337,12.593333333333334,12.253846153846155,12.30551190299012,11.78544575165418,0.5200661513359393,0.8807001405564024,0.8254323996151962,-0.6107324965585139,-0.042038174737610574
000006.SZ,20251111,11.92,12.2,11.78,11.86,11.9,-0.04,-0.3361,371621.1,444548.693,-0.07000000000000028,-0.9500000000000011,-1.9299999999999997,12.034,12.283,12.580000000000002,12.036046973249261,12.216896247057123,12.06020473251558,0.41999999999999993,0.7428571428571427,0.0,0.040000000000000924,0.18154139387934137,0.1724630439478189,1.0526393929024542,51.28223674076578,12.411666666666667,12.34423076923077,12.236971610222408,11.790968288568685,0.44600332165372336,0.7884675197717895,0.7495465840229018,-0.6070865247383568,-0.002655828258711594
000006.SZ,20251112,11.75,11.85,11.26,11.54,11.86,-0.32,-2.6981,444079.36,510298.056,-0.5600000000000005,-1.4900000000000002,-0.870000000000001,11.922,12.134,12.5365,11.870697982166174,12.093824202137645,12.010661424656952,0.5999999999999996,0.692142857142857,0.0,0.3200000000000003,0.16857415145938842,0.18300139795154613,0.9211631897152083,47.948201102674716,12.265,12.42846153846154,12.12974520864973,11.772378044971004,0.3573671636787257,0.6973815535946127,0.6711106999540666,-0.6274870725506818,0.19497886422487856
000006.SZ,20251113,11.43,11.58,11.33,11.56,11.54,0.02,0.1733,260543.88,299445.204,-0.5800000000000001,-1.0899999999999999,0.11000000000000121,11.806000000000001,12.025,12.542,11.767131988110783,11.996765256294436,11.967741288975336,0.25,0.5692857142857141,0.02000000000000135,0.0,0.1579617120694322,0.1699298695264357,0.9295700191475657,48.17498250507777,12.160833333333334,12.477307692307694,12.042092099626695,11.756646337936115,0.2854457616905801,0.608143344598754,0.5939777123013693,-0.6170639012215784,-0.4132943264915532
000006.SZ,20251114,11.4,11.81,11.4,11.58,11.56,0.02,0.173,299967.0,348682.841,-0.5899999999999999,-1.0999999999999996,-0.6600000000000001,11.687999999999999,11.915,12.509,11.704754658740523,11.920989755149993,11.930813547168162,0.41000000000000014,0.5414285714285713,0.019999999999999574,0.0,0.1481073040644727,0.15779202170311887,0.9386235277670268,48.41700899236304,12.040000000000001,12.505384615384616,11.971001007376435,11.74356142401492,0.22743958336151415,0.5242947445131872,0.5206700865133983,-0.5864610063037683,0.15131086556322104
000006.SZ,20251117,11.46,11.66,11.26,11.58,11.58,0.0,0.0,282605.56,322888.079,-0.3200000000000003,-0.7899999999999991,-0.4399999999999995,11.623999999999999,11.836,12.487000000000002,11.663169772493683,11.858991617849993,11.897402733152147,0.40000000000000036,0.5185714285714285,0.0,-0.0,0.13752821091701037,0.14652116301003895,0.9386235277670268,48.41700899236304,11.950833333333335,12.491538461538461,11.9108470062416,11.73144576297678,0.1794012432648202,0.4495242804377671,0.4524163178636827,-0.546030149197725,-0.05787783322832179
000006.SZ,20251118,11.64,11.86,11.33,11.47,11.58,-0.11,-0.9499,421721.81,486430.385,-0.3899999999999988,-0.4599999999999991,-1.75,11.546,11.79,12.3995,11.598779848329123,11.788265869149994,11.85669771094718,0.5299999999999994,0.48714285714285704,0.0,0.10999999999999943,0.12770476728008104,0.14391250850932183,0.8873778144990715,47.01643770961619,11.85,12.427692307692308,11.843024389896737,11.712079410163685,0.13094497973305153,0.38023660310873075,0.38812205023755647,-0.5143541410090099,0.4922629618468936
000006.SZ,20251119,11.41,11.45,10.73,10.95,11.47,-0.52,-4.5336,534211.72,589743.931,-0.5899999999999999,-1.1500000000000004,-2.1800000000000015,11.428,11.675,12.290500000000002,11.382519898886082,11.635853892940903,11.77034554799983,0.7400000000000002,0.5085714285714286,0.0,0.5200000000000014,0.11858299818864668,0.17077590075865606,0.6943778229940685,40.981286084532236,11.731666666666667,12.31846153846154,11.705636022220315,11.655629083484895,0.05000693873541984,0.31107056350718587,0.3204990279371292,-0.5409841784034187,0.266739607325502
000006.SZ,20251120,10.91,11.05,10.83,10.97,10.95,0.02,0.1826,276204.63,302108.523,-0.5899999999999999,-1.17,-3.1799999999999997,11.309999999999999,11.558,12.131499999999999,11.245013265924056,11.514789548769828,11.694122162476035,0.22000000000000064,0.48000000000000004,0.02000000000000135,0.0,0.1115413554608863,0.15857762213303778,0.7033864801384733,41.29341686927637,11.651666666666666,12.263076923076921,11.592461249571034,11.604841743967494,-0.012380494396460051,0.24269940545081267,0.25392312347041135,-0.5326072357337428,-0.48296785776246165
000006.SZ,20251121,10.78,11.1,10.46,10.5,10.97,-0.47,-4.2844,375899.5,404461.276,-1.08,-1.67,-3.539999999999999,11.094,11.391,11.9545,10.996675510616038,11.330282358084403,11.580396242240221,0.6399999999999988,0.4707142857142857,0.0,0.47000000000000064,0.1035741157851087,0.1808220776949637,0.5727957399086642,36.418952911325135,11.518333333333336,12.22653846153846,11.424390288098566,11.523001614784718,-0.09861132668615191,0.1739574634483581,0.18341623343909869,-0.5640551202505012,0.3609456872609268
000006.SZ,20251124,10.51,10.61,10.3,10.42,10.5,-0.08,-0.7619,351104.3,366435.602,-1.1600000000000001,-1.4800000000000004,-2.880000000000001,10.862,11.242999999999999,11.810499999999998,10.804450340410693,11.16477647479633,11.469882314407819,0.3099999999999987,0.4485714285714284,0.0,0.08000000000000007,0.09617596465760093,0.173620500716752,0.5539435968711112,35.64759995063431,11.375,12.156538461538462,11.26986870531417,11.441297791467331,-0.17142908615316088,0.10535386258092652,0.11244716952064679,-0.5677525113476154,-0.06596231173491854
000006.SZ,20251125,10.57,10.79,10.47,10.65,10.42,0.23,2.2073,292361.6,311485.438,-0.8200000000000003,-1.209999999999999,-2.16,10.698,11.122000000000002,11.702499999999999,10.75296689360713,11.071180752106088,11.391798284464217,0.3699999999999992,0.43571428571428544,0.23000000000000043,0.0,0.10573482432491518,0.16121903637984114,0.6558457778881519,39.607902296590126,11.248333333333333,12.103846153846153,11.17450428911199,11.38268314024753,-0.20817885113553913,0.04251541649045265,0.0483219653894096,-0.5130016330498974,-0.16730840379909906
000006.SZ,20251126,10.6,11.05,10.55,10.86,10.65,0.21,1.9718,399060.61,434251.639,-0.08999999999999986,-0.6799999999999997,-2.17,10.68,11.054,11.594,10.788644595738088,11.032784251723163,11.341150828800957,0.5,0.43714285714285694,0.20999999999999908,0.0,0.11318233687313546,0.14970339092413823,0.7560439090554087,43.05381574781301,11.161666666666667,12.013076923076925,11.126119013863992,11.343965870599563,-0.21784685673557114,-0.013405985556897489,-0.004911799035586542,-0.4258701153999692,0.36495562344712856
000006.SZ,20251127,11.0,11.08,10.69,10.71,10.86,-0.15,-1.3812,288297.84,312933.081,-0.2599999999999998,-0.8499999999999996,-1.9399999999999995,10.628,10.969,11.497000000000002,10.762429730492059,10.974096205955314,11.281041226058008,0.39000000000000057,0.44071428571428556,0.0,0.14999999999999858,0.10509788423934008,0.1497245772866997,0.7019414323547809,41.24357154779322,11.065833333333336,11.92,11.062100704038762,11.297005435740337,-0.23490473170157422,-0.06477757611946286,-0.050910385568784085,-0.3679886922655803,-0.2775587648202111
000006.SZ,20251128,10.64,11.09,10.61,11.01,10.71,0.3,2.8011,308501.06,335930.023,0.5099999999999998,-0.5700000000000003,-1.67,10.73,10.912000000000003,11.4135,10.844953153661374,10.980624168508893,11.255227775957245,0.4800000000000004,0.447142857142857,0.29999999999999893,0.0,0.11901946393653,0.139029964623364,0.8560705906741543,46.122738810446634,11.021666666666667,11.799230769230766,11.054085211109722,11.275745773833645,-0.22166056272392254,-0.10933999900710095,-0.08506042099981179,-0.2732002834482215,0.07007759752899977
000006.SZ,20251201,10.88,10.91,10.35,10.43,11.01,-0.58,-5.2679,421976.64,444839.931,0.009999999999999787,-1.1500000000000004,-1.9399999999999995,10.732,10.797,11.316500000000001,10.706635435774249,10.880510683325458,11.176634654437509,0.6600000000000001,0.46428571428571414,0.0,0.5800000000000001,0.11051807365534928,0.17052782429312371,0.6480940814994364,39.323852246942124,10.9275,11.660384615384617,10.958072101708225,11.213097938734856,-0.25502583702663095,-0.15222564531373234,-0.11905350420517563,-0.27194466564291064,0.36782881718461524
000006.SZ,20251202,10.46,10.5,10.1,10.14,10.43,-0.29,-2.7804,331722.23,339322.049,-0.5099999999999998,-1.33,-1.7899999999999991,10.629999999999999,10.664,11.227,10.517756957182833,10.745872377266283,11.07790754449108,0.40000000000000036,0.4499999999999999,0.0,0.28999999999999915,0.10262392553711006,0.17906155112932912,0.5731209457857809,36.43209680229033,10.8075,11.538846153846153,10.832214855291575,11.133609202532275,-0.30139434724070036,-0.19127023264441234,-0.15552167281228058,-0.29174534885683956,-0.21388484917079778
000006.SZ,20251203,10.25,10.25,9.86,9.88,10.14,-0.26,-2.5641,322771.41,322597.627,-0.9799999999999986,-1.0699999999999985,-2.219999999999999,10.434000000000001,10.556999999999999,11.116,10.305171304788557,10.58844103594514,10.963821111682407,0.39000000000000057,0.45999999999999996,0.0,0.2599999999999998,0.0952936451416022,0.18484286890580562,0.5155386610568301,34.01685976769011,10.665833333333333,11.426153846153843,10.685720262169793,11.040749261603958,-0.35502899943416466,-0.22934228875971285,-0.1954231381366574,-0.3192117225950145,-0.026982876607335022
000006.SZ,20251204,9.82,9.95,9.58,9.87,9.88,-0.01,-0.1012,325255.64,317733.947,-0.8400000000000016,-1.1000000000000014,-2.2700000000000014,10.266,10.447,11.002500000000001,10.160114203192371,10.457815393046022,10.859647672474559,0.3699999999999992,0.457142857142857,0.0,0.010000000000001563,0.08848695620291633,0.17235409255539105,0.5134021182263394,33.92370818325739,10.5325,11.304615384615383,10.560224837220595,10.95402709407774,-0.39380225685714443,-0.26214128100093426,-0.23509896188075483,-0.3174065899527792,0.00769656147674306
000006.SZ,20251205,9.84,10.28,9.73,10.09,9.87,0.22,2.229,320332.57,320913.515,-0.9199999999999999,-0.41000000000000014,-2.08,10.081999999999999,10.406,10.8985,10.136742802128248,10.390939867037654,10.786347894143649,0.5499999999999989,0.46785714285714264,0.22000000000000064,0.0,0.09788074504556521,0.16004308594429167,0.6115899632155047,37.94947704906511,10.460833333333333,11.206153846153844,10.487882554571273,10.890025087109018,-0.402142532537745,-0.2877761083769992,-0.26850767601215286,-0.2672697130511843,-0.015136001946038528
000006.SZ,20251208,9.98,10.32,9.94,10.21,10.09,0.12,1.1893,265392.84,269617.653,-0.21999999999999886,-0.20999999999999908,-1.6899999999999995,10.038,10.385,10.814,10.1611618680855,10.358041709394444,10.73145761851092,0.3800000000000008,0.457142857142857,0.120000000000001,0.0,0.0994606918280249,0.14861143694827086,0.6692667392930565,40.09345681784174,10.3975,11.111153846153844,10.44513139232954,10.839652858434278,-0.39452146610473804,-0.30848084337357684,-0.2937104340306699,-0.20162206414813633,-0.17150841077446474
000006.SZ,20251209,10.16,10.4,10.08,10.22,10.21,0.01,0.0979,212673.05,216771.115,0.08000000000000007,-0.4299999999999997,-1.6399999999999988,10.053999999999998,10.342000000000002,10.732000000000001,10.180774578723668,10.33294321677727,10.682747369128927,0.3200000000000003,0.42714285714285705,0.009999999999999787,0.0,0.09307064241173739,0.13799633430910865,0.6744428602230931,40.278642899360214,10.374166666666667,11.028461538461537,10.410495793509611,10.793752646698405,-0.38325685318879366,-0.3268597318683793,-0.31161971786229464,-0.14327427065299803,-0.19864812479492677
000006.SZ,20251210,10.23,10.65,10.02,10.37,10.22,0.15,1.4677,484503.42,498019.29,0.48999999999999844,-0.4900000000000002,-1.17,10.152,10.293000000000001,10.6735,10.243849719149111,10.339680813726856,10.652961905402362,0.6300000000000008,0.45642857142857135,0.14999999999999858,0.0,0.09713702509661318,0.12813945328702947,0.7580571214006075,43.11902680367287,10.37,10.968461538461538,10.40426567143121,10.762363561757782,-0.35809789032657235,-0.3405478606044902,-0.32091535235515023,-0.07436507594284425,1.2781608671150388
000006.SZ,20251211,10.33,10.4,9.99,10.0,10.37,-0.37,-3.568,333614.82,337515.823,0.13000000000000078,-0.7100000000000009,-1.5600000000000005,10.178,10.222,10.595500000000001,10.16256647943274,10.277920665776518,10.590775057268804,0.41000000000000014,0.44,0.0,0.3699999999999992,0.0901986661611408,0.14541520662367016,0.6202835883221761,38.28240888155187,10.315833333333336,10.887692307692307,10.342070952749484,10.705892186812761,-0.36382123406327693,-0.3563434907533074,-0.3294965286967756,-0.06864941073300268,-0.3114293806223287
000006.SZ,20251212,10.1,10.27,9.93,10.01,10.0,0.01,0.1,259931.77,261685.943,-0.08000000000000007,-1.0,-1.5700000000000003,10.161999999999999,10.122000000000002,10.517,10.111710986288495,10.229207817453515,10.535463147052727,0.33999999999999986,0.4421428571428572,0.009999999999999787,0.0,0.0844701900067736,0.13502840615055087,0.6255734805355917,38.483248405939705,10.245000000000001,10.805769230769231,10.290983113864947,10.654344617419223,-0.36336150355427677,-0.3683807870341569,-0.33626952366827584,-0.054183959772001855,-0.22086264033474298
000006.SZ,20251215,9.85,9.97,9.78,9.82,10.01,-0.19,-1.8981,220117.99,217031.999,-0.39000000000000057,-0.6099999999999994,-1.7599999999999998,10.084,10.061000000000002,10.428999999999998,10.014473990858997,10.15480639609833,10.467323799714372,0.23000000000000043,0.43214285714285733,0.0,0.1899999999999995,0.07843660500628977,0.13895494856836862,0.564475074939108,36.08079693830074,10.170833333333334,10.715384615384615,10.218524173270339,10.592541312425206,-0.37401713915486745,-0.37644998613573105,-0.34381904676559416,-0.06039618477854658,-0.15317011845069958
000006.SZ,20251216,9.8,9.86,9.33,9.36,9.82,-0.46,-4.6843,293074.58,278724.842,-0.8600000000000012,-0.7800000000000011,-2.110000000000001,9.911999999999999,9.983,10.3235,9.796315993906,10.010296142262268,10.361864390217765,0.5299999999999994,0.43428571428571444,0.0,0.46000000000000085,0.07283399036298335,0.16188673795634237,0.4499070849313502,31.030063209371257,10.033333333333335,10.617692307692307,10.086443531228747,10.501241955949265,-0.41479842472051764,-0.38309103338977024,-0.3580149223565789,-0.11356700472787751,0.3314431046730893
000006.SZ,20251217,9.38,9.58,9.29,9.53,9.36,0.17,1.8162,287554.95,271139.858,-0.8399999999999999,-0.3500000000000014,-1.42,9.744,9.948,10.2525,9.707543995937334,9.922969570941854,10.282639210197024,0.2900000000000009,0.4271428571428573,0.16999999999999993,0.0,0.07977441962277025,0.15032339953088933,0.5306853082868029,34.669785187966866,9.958333333333334,10.528076923076922,10.000836834116631,10.429298107360431,-0.42846127324379957,-0.38694203521050974,-0.37210419253402305,-0.11271416141955304,-0.01883353377150623
000006.SZ,20251218,9.5,9.86,9.5,9.55,9.53,0.02,0.2099,241883.83,233937.214,-0.4499999999999993,-0.3199999999999985,-1.42,9.654,9.916,10.181500000000002,9.65502933062489,9.855156921679699,10.212864047321117,0.35999999999999943,0.41857142857142865,0.02000000000000135,0.0,0.0755048182211439,0.13958601385011152,0.5409196533273134,35.103689680334966,9.909166666666666,10.451538461538462,9.931477321175612,10.364164914222622,-0.4326875930470102,-0.3903359308226503,-0.3842208726366205,-0.09693344082077937,-0.15882571313761082
000006.SZ,20251219,9.57,9.82,9.47,9.78,9.55,0.23,2.4084,231190.68,223700.48,-0.23000000000000043,-0.3100000000000005,-0.7200000000000006,9.608,9.885,10.145500000000002,9.696686220416595,9.841492026828844,10.1716388999572,0.34999999999999964,0.39642857142857146,0.22999999999999865,0.0,0.08654018834820495,0.12961558428938927,0.6676680803674733,40.03602924512122,9.900833333333333,10.383076923076922,9.908173117917825,10.32089343909502,-0.41272032117719526,-0.3923580258307011,-0.3899207623447355,-0.04559911766491953,-0.04420779181477321
000006.SZ,20251222,9.72,9.8,9.55,9.78,9.78,0.0,0.0,207885.52,201986.082,-0.040000000000000924,-0.4300000000000015,-0.6400000000000006,9.6,9.841999999999999,10.1135,9.724457480277731,9.830311658314507,10.134339957104133,0.25,0.38571428571428573,0.0,-0.0,0.08035874632333317,0.1203573282687186,0.6676680803674733,40.03602924512122,9.893333333333333,10.313846153846153,9.888454176699698,10.280827258421315,-0.3923730817216171,-0.3933709401121259,-0.3904112262201118,-0.003923711003010588,-0.10080492864158713
000006.SZ,20251223,9.78,9.98,9.66,9.82,9.78,0.04,0.409,264023.0,258698.894,0.46000000000000085,-0.40000000000000036,-0.8300000000000001,9.692,9.801999999999998,10.072,9.756304986851822,9.828436811348231,10.10440281833231,0.3200000000000003,0.3807142857142857,0.040000000000000924,0.0,0.07747597872880944,0.11176037624952441,0.6932329804959756,40.94138187013794,9.870833333333332,10.246153846153845,9.877922764899745,10.246691905945662,-0.3687691410459166,-0.3945566346364975,-0.3860828091852728,0.034627336278712395,0.2700403568271615
000006.SZ,20251224,9.7,10.2,9.69,9.93,9.82,0.11,1.1202,312742.09,311074.796,0.40000000000000036,-0.4399999999999995,-0.9299999999999997,9.772,9.758000000000001,10.0255,9.814203324567881,9.846902845648552,10.087793026110186,0.5099999999999998,0.39071428571428574,0.10999999999999943,0.0,0.07979912310532301,0.10377749223170123,0.7689444154919224,43.46911122575256,9.847499999999998,10.186923076923076,9.88593464722286,10.223233246245982,-0.3372985990231214,-0.3916096751875913,-0.37632596715284256,0.07805473625944226,0.1845259314529417
000006.SZ,20251225,9.95,10.19,9.91,10.08,9.93,0.15,1.5106,254595.92,255388.739,0.5299999999999994,0.08000000000000007,-0.6300000000000008,9.878,9.766000000000002,9.994,9.902802216378587,9.889284146439723,10.087050833147313,0.27999999999999936,0.3714285714285715,0.15000000000000036,0.0,0.08481347145494282,0.09636481421515113,0.8801290403111458,46.81216136981171,9.835833333333332,10.153461538461539,9.91579085534242,10.212623376153687,-0.2968325208112663,-0.38421756599392354,-0.36042727788452733,0.12718951414652202,-0.18592371113207054
000006.SZ,20251226,10.01,10.35,10.0,10.19,10.08,0.11,1.0913,365186.17,372067.391,0.41000000000000014,0.17999999999999972,-0.8200000000000003,9.959999999999999,9.783999999999999,9.953,9.998534810919057,9.943959756177955,10.096855515704712,0.34999999999999964,0.3692857142857143,0.10999999999999943,0.0,0.08661250920816115,0.08948161319978319,0.9679363850401728,49.185349302864466,9.820833333333335,10.12346153846154,9.957976877597433,10.210947570512673,-0.2529706929152393,-0.3707679608561871,-0.3389359608906698,0.17193053595086094,0.43437557836747726
000006.SZ,20251229,10.09,10.1,9.74,9.8,10.19,-0.39,-3.8273,359448.81,354508.53,0.02000000000000135,-0.019999999999999574,-0.629999999999999,9.963999999999999,9.782,9.921500000000002,9.932356540612705,9.917785255054689,10.068583561828074,0.4499999999999993,0.3785714285714285,0.0,0.3899999999999988,0.0804259014075782,0.11094721225694146,0.7249024087357934,42.025705632070235,9.804166666666667,10.096538461538461,9.933672742582443,10.180507009733956,-0.24683426715151313,-0.3521052766818532,-0.32051562214283846,0.14736270998265066,-0.01571078116129093
000006.SZ,20251230,9.8,9.99,9.61,9.86,9.8,0.06,0.6122,305371.85,298560.079,0.03999999999999915,0.5,-0.28000000000000114,9.972,9.831999999999999,9.907500000000002,9.908237693741803,9.907278845044745,10.048718460701592,0.3800000000000008,0.36071428571428565,0.05999999999999872,0.0,0.07896690844989396,0.10302241138144563,0.7665022337471312,43.39095751502194,9.791666666666666,10.075,9.922338474492836,10.156765749753662,-0.23442727526082585,-0.3305459435726339,-0.30329795276643595,0.1377413550112202,-0.15044412026291037
000006.SZ,20251231,9.95,10.03,9.69,9.95,9.86,0.09,0.9128,270369.08,267758.676,0.019999999999999574,0.41999999999999993,0.06999999999999851,9.975999999999999,9.874,9.911000000000001,9.922158462494536,9.915046327763882,10.039316702539535,0.33999999999999986,0.3557142857142856,0.08999999999999986,0.0,0.07975498641775866,0.09566366771134237,0.8337019510731398,45.465510389255535,9.8025,10.048076923076923,9.926594093801631,10.141449768290428,-0.21485567448879728,-0.30634239706616584,-0.2856094971109082,0.14150764524422188,-0.11462343369239818
000006.SZ,20260105,9.83,9.83,9.55,9.73,9.95,-0.22,-2.2111,322187.85,312383.569,-0.34999999999999964,0.17999999999999972,-0.1399999999999988,9.906,9.892000000000001,9.904,9.858105641663025,9.881401540897722,10.00985796896434,0.3999999999999986,0.3599999999999998,0.0,0.21999999999999886,0.07405820167363304,0.10454483430338926,0.7083870013004758,41.46525352635148,9.833333333333334,10.004615384615384,9.896348848601379,10.110972007676322,-0.214623159074943,-0.28433160127702667,-0.2714122295037152,0.11357814085754436,0.19165937909763925
000006.SZ,20260106,9.74,10.02,9.71,9.86,9.73,0.13,1.3361,338023.55,333900.259,-0.33000000000000007,0.08000000000000007,-0.23000000000000043,9.84,9.9,9.892499999999998,9.858737094442017,9.87751035164359,9.995585781443927,0.3099999999999987,0.3657142857142854,0.129999999999999,0.0,0.07805404441123061,0.09707734613886146,0.8040397426973382,44.56884866046053,9.860833333333334,9.971923076923076,9.890756718047319,10.092381488589186,-0.20162477054186745,-0.2631373444792767,-0.25745473771134564,0.11165993433895638,0.049150518866555686
000006.SZ,20260107,9.86,10.08,9.75,9.78,9.86,-0.08,-0.8114,375044.75,371286.74,-0.02000000000000135,0.0,-0.4300000000000015,9.836,9.9,9.870999999999999,9.832491396294678,9.859781196799299,9.97505380225879,0.33000000000000007,0.35142857142857115,0.0,0.08000000000000007,0.07247875552471414,0.09585753570037137,0.7561091049874897,43.05592988727634,9.88,9.924615384615382,9.873717222963116,10.06924211906406,-0.19552489610094526,-0.24388798392983546,-0.24506876938926556,0.0990877465766406,0.10952254657996466
000006.SZ,20260108,9.79,9.95,9.64,9.92,9.78,0.14,1.4315,331266.87,326849.977,0.0600000000000005,0.09999999999999964,-0.3000000000000007,9.848,9.91,9.855999999999998,9.86166093086312,9.870730070108518,9.969810582996047,0.3099999999999987,0.3528571428571424,0.14000000000000057,0.0,0.07730170155866316,0.08901056886463055,0.8684553142922329,46.479854650481805,9.891666666666667,9.905,9.88083765019956,10.058187147281538,-0.17734949708197867,-0.2261158614919307,-0.2315249149278082,0.10835083569165904,-0.11672708390132112
000006.SZ,20260109,9.89,10.43,9.81,10.15,9.92,0.23,2.3185,636636.91,642804.587,0.20000000000000107,0.22000000000000064,-0.21999999999999886,9.888,9.932,9.845,9.957773953908747,9.921506420997877,9.986971479853567,0.6199999999999992,0.371428571428571,0.23000000000000043,0.0,0.08820872287590154,0.08265267108858551,1.0672216846006242,51.62589443361056,9.922500000000001,9.905384615384614,9.92224724247655,10.064988099334757,-0.14274085685820737,-0.20899456549714637,-0.21376810331388804,0.14205449291136135,0.9218248718925621
000006.SZ,20260112,9.99,10.15,9.69,9.87,10.15,-0.28,-2.7586,645665.7,635706.457,0.1399999999999988,-0.21000000000000085,-0.13000000000000078,9.916,9.911000000000001,9.8385,9.928515969272498,9.912141617180081,9.975831338915132,0.46000000000000085,0.37928571428571395,0.0,0.28000000000000114,0.08190809981333715,0.09674890886797234,0.8466048947912416,45.8465639931573,9.926666666666668,9.905,9.914209205172465,10.050544536421071,-0.1363353312486062,-0.19603508086752047,-0.1982815489008317,0.12389243530445099,0.014182008391564856
000006.SZ,20260113,9.86,10.05,9.54,9.56,9.87,-0.31,-3.1408,485984.04,475617.996,-0.29999999999999893,-0.629999999999999,-0.4499999999999993,9.856,9.848000000000003,9.815999999999999,9.805677312848331,9.848115868601884,9.936228354256547,0.5100000000000016,0.39785714285714263,0.0,0.3099999999999987,0.07605752125524164,0.11198112966311709,0.6791994462285952,40.44781266180417,9.895833333333334,9.893076923076922,9.859715481299778,10.014207904093585,-0.15449242279380648,-0.1857748759388864,-0.18952372367942666,0.07006260177124035,-0.24731321487265
000006.SZ,20260114,9.53,9.75,9.29,9.46,9.56,-0.1,-1.046,427127.12,406688.688,-0.3199999999999985,-0.33999999999999986,-0.35999999999999943,9.792,9.814000000000002,9.798000000000002,9.690451541898888,9.777549347037905,9.890873272898782,0.46000000000000085,0.40785714285714264,0.0,0.09999999999999964,0.07062484116558151,0.11112533468718012,0.6355422133430847,38.85819688163366,9.844166666666668,9.868846153846153,9.798220791869042,9.97315546675332,-0.1749346748842786,-0.17916458700815893,-0.18660591392039708,0.02334247807223694,-0.12110875081412135
000006.SZ,20260115,9.41,9.5,9.19,9.31,9.46,-0.15,-1.5856,316069.5,294572.439,-0.6099999999999994,-0.5499999999999989,-0.049999999999998934,9.67,9.759,9.7955,9.563634361265926,9.692540374849195,9.835552008813183,0.3100000000000005,0.3935714285714284,0.0,0.15000000000000036,0.06558020965375426,0.11390209649523872,0.5757594607268323,36.53853745299796,9.770833333333336,9.83423076923077,9.723109900812267,9.924032839586408,-0.20092293877414136,-0.17761650526208606,-0.18946931889114593,-0.02290723976599085,-0.2600106965813831
000006.SZ,20260116,9.35,9.58,9.16,9.21,9.31,-0.1,-1.0741,304919.66,283574.88,-0.9399999999999995,-0.7399999999999984,-0.3199999999999985,9.482000000000001,9.685000000000002,9.779500000000002,9.445756240843952,9.60480576124025,9.77597562702145,0.41999999999999993,0.40357142857142847,0.0,0.09999999999999964,0.060895908964200385,0.11290908960272164,0.5393357539102194,35.03691462633795,9.72166666666667,9.795384615384615,9.644169916071917,9.871141518135563,-0.22697160206364586,-0.17898855448305304,-0.19696977552564593,-0.06000365307599986,-0.03527654519021932
000006.SZ,20260119,9.19,9.2,9.0,9.15,9.21,-0.06,-0.6515,221728.94,202431.659,-0.7199999999999989,-0.5800000000000001,-0.40000000000000036,9.338000000000001,9.627,9.759500000000001,9.347170827229302,9.522113804651113,9.716358900638456,0.21000000000000085,0.39357142857142857,0.0,0.0600000000000005,0.05654620118104321,0.10912986891681299,0.5181551278518165,34.13057851242146,9.662500000000001,9.748461538461537,9.568143775137775,9.817723627903298,-0.24957985276552286,-0.18431689695234807,-0.20749179097362133,-0.08417612358380305,-0.27282832468067153
000006.SZ,20260120,9.15,9.38,9.07,9.34,9.15,0.19,2.0765,383671.44,354803.451,-0.22000000000000064,-0.5199999999999996,-0.4399999999999995,9.294,9.575000000000001,9.7375,9.344780551486203,9.489002203805455,9.680515195815747,0.3100000000000005,0.3835714285714286,0.1899999999999995,0.0,0.06607861538239723,0.10133487827989777,0.6520816574119823,39.470304296791284,9.61166666666667,9.723076923076924,9.533044732808886,9.782336692503053,-0.24929195969416718,-0.19029101512937274,-0.2158518247177305,-0.06688026995287333,0.7303624867371846
000006.SZ,20260121,9.25,10.04,9.15,9.65,9.34,0.31,3.3191,833403.16,811281.168,0.1899999999999995,-0.129999999999999,-0.129999999999999,9.332,9.562000000000001,9.731000000000002,9.44652036765747,9.51827453038628,9.677608986690439,0.8899999999999988,0.41999999999999993,0.3100000000000005,0.0,0.08350157142651174,0.0940966726884765,0.8874019563152705,47.01711542398335,9.605000000000002,9.70923076923077,9.551037850838288,9.772533974539865,-0.22149612370157712,-0.19519619586488368,-0.21698068451449984,-0.00903087837415456,1.172179300080298
000006.SZ,20260122,9.58,9.78,9.3,9.65,9.65,0.0,0.0,501899.22,476040.543,0.33999999999999986,-0.2699999999999996,-0.16999999999999993,9.4,9.535000000000002,9.7225,9.514346911771646,9.542224615770593,9.674979559386587,0.47999999999999865,0.4299999999999998,0.0,-0.0,0.0775371734674752,0.08737548178215675,0.8874019563152707,47.017115423983356,9.587500000000002,9.702692307692306,9.566262796863166,9.76345738383321,-0.19719458697004377,-0.2012466103217544,-0.21302346500560865,0.03165775607112975,-0.39777139793902394
000006.SZ,20260123,9.64,9.78,9.59,9.74,9.65,0.09,0.9326,396711.76,384193.87,0.5299999999999994,-0.41000000000000014,-0.1899999999999995,9.506,9.494000000000002,9.713000000000001,9.589564607847764,9.578183776539575,9.681171982302152,0.1899999999999995,0.4149999999999999,0.08999999999999986,0.0,0.07842737536265554,0.08113437594057413,0.9666355900746523,49.1517388861024,9.584166666666667,9.717307692307692,9.592991597345756,9.761719799845563,-0.1687282024998069,-0.20484581823855447,-0.20416441250444833,0.07087242000928284,-0.2095788473231737
000006.SZ,20260126,9.73,9.78,9.3,9.31,9.74,-0.43,-4.4148,367292.42,346491.181,0.16000000000000014,-0.5599999999999987,-0.7699999999999996,9.538,9.438,9.6745,9.496376405231842,9.529423089896015,9.645822269701947,0.47999999999999865,0.42714285714285705,0.0,0.4299999999999997,0.07282541997960872,0.10605334908767595,0.6866866591775693,40.71216520514834,9.533333333333335,9.708846153846155,9.549454428523331,9.728259073931078,-0.17880464540774632,-0.20754717630677,-0.19909245908510795,0.040575627354723254,-0.0741579730331161
000006.SZ,20260127,9.3,9.33,8.74,8.96,9.31,-0.35,-3.7594,414147.93,370076.706,-0.379999999999999,-0.5999999999999996,-1.2299999999999986,9.462,9.378,9.613000000000003,9.317584270154562,9.42589161900583,9.580505863063667,0.5899999999999999,0.4457142857142856,0.0,0.34999999999999964,0.06762360426677952,0.12347810986712764,0.5476566197810118,35.38618403987464,9.434166666666668,9.686153846153847,9.458769131827435,9.671350994380628,-0.21258186255319345,-0.21173019715887165,-0.20179033977872507,-0.021583045548936752,0.12757004350920179
000006.SZ,20260128,9.03,9.14,8.92,8.94,8.96,-0.02,-0.2232,223594.96,201146.93,-0.7100000000000009,-0.5200000000000014,-0.8600000000000012,9.32,9.326000000000002,9.57,9.191722846769707,9.337547688277496,9.51950530467665,0.22000000000000064,0.43928571428571433,0.0,0.02000000000000135,0.06279334681915241,0.11608681630519004,0.54091712407781,35.10358316003086,9.356666666666667,9.653846153846153,9.378958496161674,9.61717684664873,-0.23821835048705609,-0.21587413179363996,-0.20907594192039128,-0.058284817133329614,-0.4601084689714615
