ts_code,trade_date,open,high,low,close,pre_close,change,pct_chg,vol,amount,mtm_5,mtm_10,mtm_20,ma_5,ma_10,ma_20,ema_5,ema_10,ema_20,tr,atr,u,d,au,ad,rs,rsi,ma_12,ma_26,ema_12,ema_26,dif,dif_ma_9,dea,macd,volume_change_rate
000007.SZ,20250205,7.0,7.03,6.9,7.0,6.95,0.05,0.7194,38044.0,26474.93,,,,,,,,,,,,,,,,,,,,,,,,,,
000007.SZ,20250206,7.02,7.12,6.94,7.0,7.0,0.0,0.0,55139.0,38602.576,,,,,,,,,,0.17999999999999972,,0.0,-0.0,,,,,,,,,,,,,0.44934812322573864
000007.SZ,20250207,7.01,7.1,6.86,6.95,7.0,-0.05,-0.7143,83418.72,58293.735,,,,,,,,,,0.23999999999999932,,0.0,0.04999999999999982,,,,,,,,,,,,,0.5128805382759934
000007.SZ,20250210,7.0,7.02,6.86,6.91,6.95,-0.04,-0.5755,67229.0,46460.423,,,,,,,,,,0.15999999999999925,,0.0,0.040000000000000036,,,,,,,,,,,,,-0.19407778014335392
000007.SZ,20250211,6.9,6.9,6.69,6.73,6.91,-0.18,-2.6049,66523.0,44914.83,,,,6.918000000000001,,,6.918000000000001,,,0.21999999999999975,,0.0,0.17999999999999972,,,,,,,,,,,,,-0.010501420517931249
000007.SZ,20250212,6.73,6.76,6.59,6.72,6.73,-0.01,-0.1486,57191.8,38186.853,-0.28000000000000025,,,6.862,,,6.852,,,0.16999999999999993,,0.0,0.010000000000000675,,,,,,,,,,,,,-0.14027028245869846
000007.SZ,20250213,6.7,6.79,6.68,6.71,6.72,-0.01,-0.1488,40714.0,27374.224,-0.29000000000000004,,,6.803999999999999,,,6.804666666666667,,,0.11000000000000032,,0.0,0.009999999999999787,,,,,,,,,,,,,-0.2881147297339829
000007.SZ,20250214,6.71,6.71,6.6,6.67,6.71,-0.04,-0.5961,45372.0,30120.355,-0.28000000000000025,,,6.748,,,6.759777777777778,,,0.11000000000000032,,0.0,0.040000000000000036,,,,,,,,,,,,,0.11440782040575723
000007.SZ,20250217,6.69,6.69,6.55,6.66,6.67,-0.01,-0.1499,40847.0,27039.631,-0.25,,,6.697999999999999,,,6.726518518518519,,,0.14000000000000057,,0.0,0.009999999999999787,,,,,,,,,,,,,-0.0997311116988451
000007.SZ,20250218,6.64,6.69,6.52,6.55,6.66,-0.11,-1.6517,45332.0,29936.632,-0.1800000000000006,,,6.662000000000001,6.789999999999999,,6.66767901234568,6.789999999999999,,0.17000000000000082,,0.0,0.11000000000000032,,,,,,,,,,,,,0.10979998531103875
000007.SZ,20250219,6.57,6.59,6.48,6.57,6.55,0.02,0.3053,34260.0,22407.098,-0.14999999999999947,-0.4299999999999997,,6.632,6.747,,6.635119341563787,6.749999999999999,,0.10999999999999943,,0.020000000000000462,0.0,,,,,,,,,,,,,-0.24424247771993293
000007.SZ,20250220,6.58,6.66,6.55,6.59,6.57,0.02,0.3044,38783.0,25642.858,-0.1200000000000001,-0.41000000000000014,,6.608,6.706,,6.620079561042525,6.72090909090909,,0.11000000000000032,,0.019999999999999574,0.0,,,,,6.755,,6.755,,,,,,0.13201984821949797
000007.SZ,20250221,6.64,6.64,6.46,6.49,6.59,-0.1,-1.5175,41951.02,27251.838,-0.17999999999999972,-0.45999999999999996,,6.572,6.659999999999999,,6.576719707361684,6.678925619834709,,0.17999999999999972,,0.0,0.09999999999999964,,,,,6.7124999999999995,,6.714230769230769,,,,,,0.0816857901657942
000007.SZ,20250224,6.48,6.75,6.44,6.61,6.49,0.12,1.849,74180.5,49316.403,-0.04999999999999982,-0.2999999999999998,,6.562,6.630000000000001,,6.587813138241123,6.666393688955671,,0.3099999999999996,,0.1200000000000001,0.0,,,,,6.68,,6.698195266272188,,,,,,0.768264514188213
000007.SZ,20250225,6.61,6.61,6.43,6.45,6.61,-0.16,-2.4206,51840.16,33590.6,-0.09999999999999964,-0.28000000000000025,,6.542,6.601999999999999,,6.541875425494082,6.627049381872822,,0.1800000000000006,0.17071428571428568,0.0,0.16000000000000014,0.011428571428571439,0.05071428571428571,0.22535211267605657,18.390804597701166,6.638333333333333,,6.66001137915339,,,,,,-0.3011618956464299
000007.SZ,20250226,6.45,6.56,6.44,6.52,6.45,0.07,1.0853,38121.01,24856.288,-0.05000000000000071,-0.20000000000000018,,6.531999999999999,6.582000000000001,,6.534583616996055,6.607585857895945,,0.11999999999999922,0.16642857142857137,0.0699999999999994,0.0,0.01561224489795915,0.04709183673469387,0.33152762730227453,24.898291293734705,6.605833333333334,,6.638471166975945,,,,,,-0.264643280421974
000007.SZ,20250227,6.51,6.56,6.42,6.49,6.52,-0.03,-0.4601,38845.5,25196.114,-0.09999999999999964,-0.21999999999999975,,6.5120000000000005,6.56,,6.5197224113307035,6.586206611005773,,0.13999999999999968,0.15928571428571425,0.0,0.02999999999999936,0.014497084548104926,0.045870991253644265,0.3160403591006591,24.014488379112567,6.5858333333333325,,6.615629448979646,,,,,,0.019005005376300312
000007.SZ,20250228,6.48,6.48,6.24,6.24,6.49,-0.25,-3.8521,58378.66,37094.171,-0.25,-0.4299999999999997,,6.462000000000001,6.517,,6.426481607553803,6.523259954459268,,0.25,0.16571428571428573,0.0,0.25,0.013461578508954575,0.06045163473552682,0.22268344880743715,18.212682033492385,6.545833333333333,,6.557840302982777,,,,,,0.5028422854642108
000007.SZ,20250303,6.28,6.48,6.28,6.33,6.24,0.09,1.4423,57861.0,36825.115,-0.28000000000000025,-0.33000000000000007,,6.406000000000001,6.484,,6.394321071702535,6.488121780921219,,0.2400000000000002,0.1671428571428572,0.08999999999999986,0.0,0.01892860861545781,0.05613366082584633,0.33720602463793475,25.21720800123059,6.514166666666665,,6.522787948677734,,,,,,-0.008867281297652317
000007.SZ,20250304,6.35,6.47,6.32,6.46,6.33,0.13,2.0537,40361.5,25860.966,0.009999999999999787,-0.08999999999999986,,6.4079999999999995,6.475,6.6325,6.416214047801691,6.4830087298446335,6.6325,0.14999999999999947,0.16571428571428573,0.1299999999999999,0.0,0.026862279428639387,0.052124113624000164,0.5153522537075979,34.00874301316347,6.496666666666666,,6.513128264265775,,,,,,-0.30244033113841795
000007.SZ,20250305,6.46,6.46,6.3,6.41,6.46,-0.05,-0.774,42018.5,26726.448,-0.10999999999999943,-0.16000000000000014,-0.5899999999999999,6.386000000000001,6.4590000000000005,6.603,6.414142698534461,6.4697344153274265,6.611309523809524,0.16000000000000014,0.1692857142857143,0.0,0.04999999999999982,0.024943545183736572,0.051972391222285856,0.4799383787644686,32.429619074082446,6.475833333333333,,6.497262377455655,,,,,,0.04105397470361607
000007.SZ,20250306,6.41,6.45,6.36,6.43,6.41,0.02,0.312,34301.58,22022.316,-0.0600000000000005,-0.16000000000000014,-0.5700000000000003,6.3740000000000006,6.4430000000000005,6.574499999999999,6.419428465689641,6.462509976176984,6.594041950113379,0.08999999999999986,0.16785714285714284,0.019999999999999574,0.0,0.024590434813469644,0.048260077563551156,0.5095398941513882,33.75464909046568,6.465833333333333,,6.486914319385554,,,,,,-0.1836552946916239
000007.SZ,20250307,6.43,6.46,6.34,6.37,6.43,-0.06,-0.9331,33996.6,21741.314,0.1299999999999999,-0.1200000000000001,-0.5800000000000001,6.4,6.431,6.5455,6.402952310459761,6.445689980508441,6.572704621531152,0.1200000000000001,0.16642857142857137,0.0,0.05999999999999961,0.0228339751839361,0.04909864345186891,0.46506325997214365,31.74356170674748,6.449166666666668,,6.4689275010185465,,,,,,-0.008891135626988704
000007.SZ,20250310,6.37,6.44,6.32,6.39,6.37,0.02,0.314,30057.6,19174.614,0.05999999999999961,-0.22000000000000064,-0.5200000000000005,6.412000000000001,6.408999999999999,6.519499999999999,6.398634873639841,6.435564529506906,6.555304181385328,0.1200000000000001,0.16285714285714276,0.019999999999999574,0.0,0.02263154838508349,0.04559159749102113,0.496397354568253,33.172830268166024,6.432500000000001,,6.456784808554154,,,,,,-0.11586452762923352
000007.SZ,20250311,6.34,6.37,6.27,6.35,6.39,-0.04,-0.626,32009.0,20200.684,-0.11000000000000032,-0.10000000000000053,-0.3800000000000008,6.390000000000001,6.399,6.500500000000001,6.382423249093227,6.4200073423238315,6.535751402205772,0.1200000000000001,0.1635714285714285,0.0,0.040000000000000036,0.021015009214720385,0.04519219767023391,0.46501410194888654,31.74127138641773,6.420833333333333,,6.4403563764689,,,,,,0.06492201639518795
000007.SZ,20250312,6.35,6.38,6.24,6.26,6.35,-0.09,-1.4173,47425.94,29780.688,-0.15000000000000036,-0.2599999999999998,-0.45999999999999996,6.359999999999999,6.373,6.477500000000001,6.341615499395486,6.390915098264953,6.50948936390046,0.13999999999999968,0.16571428571428562,0.0,0.08999999999999986,0.019513937127954645,0.048392754979502905,0.40324088050411494,28.736397728040135,6.391666666666666,6.571538461538461,6.412609241627531,6.571538461538461,-0.15892921991093,,,,0.4816439126495674
000007.SZ,20250313,6.29,6.31,6.15,6.2,6.26,-0.06,-0.9585,60442.0,37563.424,-0.22999999999999954,-0.29000000000000004,-0.5099999999999998,6.313999999999999,6.344,6.452,6.294410332930324,6.356203262216779,6.48001418638613,0.15999999999999925,0.16428571428571415,0.0,0.05999999999999961,0.018120084475957886,0.04922184390953838,0.36813095643591914,26.90758181475018,6.370833333333334,6.5407692307692304,6.379900127530988,6.544017094017093,-0.1641169664861053,,,,0.2744502270276561
000007.SZ,20250314,6.21,6.37,6.17,6.35,6.2,0.15,2.4194,66058.01,41408.419,-0.020000000000000462,0.10999999999999943,-0.3200000000000003,6.31,6.355,6.436,6.31294022195355,6.355075396359182,6.467631882920784,0.20000000000000018,0.15642857142857133,0.14999999999999947,0.0,0.027540078441960856,0.04570599791599993,0.6025484552940944,37.59939072691045,6.3566666666666665,6.515769230769231,6.375300107910836,6.529645457423234,-0.15434534951239787,,,,0.0929156877667846
000007.SZ,20250317,6.37,6.53,6.32,6.37,6.35,0.02,0.315,53347.77,34143.171,-0.019999999999999574,0.040000000000000036,-0.29000000000000004,6.305999999999999,6.359,6.4215,6.331960147969034,6.357788960657512,6.4583336083569,0.20999999999999996,0.15857142857142842,0.020000000000000462,0.0,0.027001501410392256,0.04244128377914279,0.6362084038480897,38.883091075185376,6.346666666666668,6.4934615384615375,6.374484706693785,6.5178198679844765,-0.14333516129069146,,,,-0.1924102769671687
000007.SZ,20250318,6.44,6.45,6.33,6.44,6.37,0.07,1.0989,40907.12,26193.725,0.09000000000000075,-0.019999999999999574,-0.10999999999999943,6.324000000000001,6.357,6.416000000000001,6.367973431979356,6.372736422356145,6.456587550418147,0.1200000000000001,0.1585714285714285,0.07000000000000028,0.0,0.0300728227382214,0.03940976350920401,0.7630805176285312,43.281092950589056,6.363333333333333,6.475384615384616,6.384563982587049,6.5120554333189595,-0.12749145073191048,,,,-0.2331990634285181
000007.SZ,20250319,6.41,6.45,6.31,6.32,6.44,-0.12,-1.8634,34098.62,21704.065,0.0600000000000005,-0.08999999999999986,-0.25,6.336,6.348,6.403499999999999,6.351982287986238,6.363147981927755,6.443579212283086,0.14000000000000057,0.15857142857142856,0.0,0.1200000000000001,0.027924763971205586,0.04516620897283231,0.6182667220975413,38.205489469385206,6.3625,6.459615384615384,6.374631062189042,6.497829104924962,-0.12319804273592005,,,,-0.16643801861387456
000007.SZ,20250320,6.34,6.39,6.28,6.3,6.32,-0.02,-0.3165,33162.01,21001.249,0.09999999999999964,-0.1299999999999999,-0.29000000000000004,6.356,6.334999999999999,6.388999999999999,6.334654858657492,6.351666530668163,6.429905001589458,0.10999999999999943,0.14857142857142852,0.0,0.020000000000000462,0.02593013797326233,0.04336862261763003,0.5979008879733552,37.4178957201584,6.349166666666666,6.443461538461539,6.363149360313805,6.483175097152743,-0.12002573683893747,,,,-0.027467680510237673
000007.SZ,20250321,6.28,6.33,6.14,6.26,6.3,-0.04,-0.6349,52226.88,32611.931,-0.08999999999999986,-0.11000000000000032,-0.23000000000000043,6.338000000000001,6.324,6.3775,6.309769905771661,6.334999888728497,6.413723572866653,0.1900000000000004,0.14499999999999996,0.0,0.040000000000000036,0.02407798526088645,0.043128006716370744,0.5582911684102203,35.827140635070975,6.336666666666667,6.426153846153846,6.347280227957835,6.4666436084747625,-0.11936338051692719,,,,0.5749009182495269
000007.SZ,20250324,6.26,6.3,5.95,6.0,6.26,-0.26,-4.1534,71750.01,43798.373,-0.3700000000000001,-0.3899999999999997,-0.6100000000000003,6.264,6.285,6.3469999999999995,6.206513270514441,6.274090818050587,6.374321327831733,0.34999999999999964,0.15928571428571425,0.0,0.2599999999999998,0.022358129170823134,0.05861886337948711,0.3814152626276794,27.610471155658487,6.300833333333333,6.400384615384614,6.293852500579707,6.43207741525441,-0.13822491467470321,-0.13878113585539145,-0.13878113585539145,0.0011124423613764756,0.3738138292005955
000007.SZ,20250325,6.0,6.08,5.83,6.06,6.0,0.06,1.0,54645.0,32450.649,-0.3800000000000008,-0.29000000000000004,-0.39000000000000057,6.188000000000001,6.256,6.327500000000001,6.157675513676295,6.235165214768662,6.344385963276331,0.25,0.16571428571428568,0.05999999999999961,0.0,0.025046834230050025,0.05443180170952374,0.46015074723620014,31.513920607662044,6.2749999999999995,6.377307692307692,6.257875192798213,6.404516125235565,-0.14664093243735188,-0.13741577058054943,-0.14035309517178354,-0.012575674531136671,-0.23839731869026912
000007.SZ,20250326,6.09,6.48,5.99,6.36,6.06,0.3,4.9505,116137.0,73152.462,0.040000000000000036,0.10000000000000053,-0.15999999999999925,6.196,6.266,6.319500000000001,6.225117009117531,6.257862448447087,6.345873014392871,0.4900000000000002,0.19428571428571426,0.3000000000000007,0.0,0.04468634607076079,0.050543815873129186,0.8841110489743924,46.92457217188203,6.2725,6.37,6.2735867015984885,6.401218634477375,-0.1276319328788862,-0.13336187795752508,-0.13780886271320408,0.020353859668635788,1.125299661451185
000007.SZ,20250327,6.3,6.39,6.21,6.35,6.36,-0.01,-0.1572,47427.0,29881.719,0.04999999999999982,0.14999999999999947,-0.14000000000000057,6.206,6.281,6.3125,6.266744672745021,6.274614730547616,6.3462660606411685,0.17999999999999972,0.19857142857142854,0.0,0.010000000000000675,0.041494464208563585,0.047647829025048584,0.8708573938751719,46.54857161888404,6.2725,6.361538461538462,6.28534259366026,6.397424661553124,-0.11208206789286468,-0.12866595777757694,-0.1326635037491362,0.04116287171254307,-0.5916288521315343
000007.SZ,20250328,6.32,6.32,6.16,6.2,6.35,-0.15,-2.3622,33940.0,21155.514,-0.05999999999999961,-0.14999999999999947,-0.040000000000000036,6.193999999999999,6.266,6.3105,6.2444964484966805,6.261048415902595,6.3323359596277236,0.1899999999999995,0.2035714285714285,0.0,0.14999999999999947,0.0385305739079519,0.054958698380402224,0.7010823589972712,41.21389862690334,6.267500000000001,6.34653846153846,6.272212963866374,6.38280061254919,-0.11058764868281568,-0.12502734526559076,-0.1282483327358721,0.03532136810611286,-0.28437387985746515
000007.SZ,20250331,6.2,6.2,5.97,6.09,6.2,-0.11,-1.7742,32645.0,19811.278,0.08999999999999986,-0.28000000000000025,-0.2400000000000002,6.212,6.238000000000001,6.2985,6.192997632331121,6.2299487039203045,6.3092563444250835,0.23000000000000043,0.21142857142857135,0.0,0.11000000000000032,0.03577839005738391,0.058890219924659225,0.6075438350061646,37.79329818423488,6.258333333333333,6.331153846153845,6.2441802001946245,6.361111678286287,-0.11693147809166238,-0.12385401497222986,-0.12598496180703017,0.018106967430735588,-0.03815556865055981
000007.SZ,20250401,6.08,6.24,6.08,6.13,6.09,0.04,0.6568,35371.0,21768.439,0.07000000000000028,-0.3100000000000005,-0.33000000000000007,6.226,6.207,6.282,6.171998421554081,6.21177621229843,6.2921843116226945,0.16000000000000014,0.21285714285714283,0.040000000000000036,0.0,0.036079933624713637,0.05468377564432642,0.6597922912160331,39.751497504102865,6.239999999999999,6.312692307692308,6.2266140155492975,6.343992294709525,-0.1173782791602278,-0.12320737457493072,-0.12426362527766971,0.013770692234883808,0.08350436514014398
000007.SZ,20250402,6.13,6.21,6.08,6.14,6.13,0.01,0.1631,24773.0,15210.813,-0.22000000000000064,-0.1800000000000006,-0.27000000000000046,6.182,6.189,6.2685,6.161332281036055,6.198725991880533,6.277690567658628,0.1299999999999999,0.21071428571428572,0.009999999999999787,0.0,0.03421708122294836,0.050777791669731676,0.6738591832725358,40.257817981742306,6.220833333333334,6.30076923076923,6.213288782387867,6.328881754360672,-0.11559297197280483,-0.12271484514536042,-0.12252949461669674,0.013873045287783825,-0.299623985751039
000007.SZ,20250403,6.12,6.22,6.1,6.2,6.14,0.06,0.9772,31089.99,19206.392,-0.14999999999999947,-0.09999999999999964,-0.22999999999999954,6.151999999999999,6.179,6.257,6.174221520690703,6.198957629720436,6.270291465976854,0.1200000000000001,0.20500000000000002,0.0600000000000005,0.0,0.036058718278452084,0.04715080655046512,0.7647529473299409,43.33484460173346,6.200833333333333,6.288461538461538,6.211244354328195,6.319334957741363,-0.10809060341316812,-0.12146231435605387,-0.11964171637599101,0.023102225925645786,0.2549949541839907
000007.SZ,20250407,6.08,6.08,5.58,5.58,6.2,-0.62,-10.0,69638.0,39393.128,-0.6200000000000001,-0.6799999999999997,-0.79,6.0280000000000005,6.111,6.217499999999999,5.976147680460469,6.086419878862174,6.204549421598106,0.6200000000000001,0.2342857142857143,0.0,0.6200000000000001,0.03348309554427693,0.08806860608257476,0.3801933178422577,27.546381577664615,6.139166666666667,6.253461538461538,6.114129838277703,6.2645694053160765,-0.15043956703837313,-0.12281949795201719,-0.12580128650846745,-0.049276561059811375,1.23988492759245
000007.SZ,20250408,5.44,5.58,5.18,5.37,5.58,-0.21,-3.7634,65714.65,35143.987,-0.7199999999999998,-0.6299999999999999,-1.0199999999999996,5.8839999999999995,6.048,6.1665,5.774098453640313,5.956161719069051,6.125068524303049,0.40000000000000036,0.25428571428571434,0.0,0.20999999999999996,0.031091445862542866,0.09677799136239085,0.32126566613806984,24.314993901044737,6.061666666666667,6.220000000000001,5.999648324696518,6.198305004922293,-0.19865668022577498,-0.1285990254840642,-0.14037236525192898,-0.11656862994769202,-0.05633921135012501
000007.SZ,20250409,5.35,5.54,4.87,5.5,5.37,0.13,2.4209,61500.0,32136.135,-0.6299999999999999,-0.5599999999999996,-0.8499999999999996,5.758000000000001,5.991999999999999,6.1240000000000006,5.682732302426876,5.87322322469286,6.06553818865514,0.6699999999999999,0.29214285714285715,0.1299999999999999,0.0,0.03815634258664694,0.08986527769364863,0.424594944409143,29.804608395914645,5.998333333333334,6.188076923076924,5.922779351666284,6.146578708261383,-0.22379935659509886,-0.1392842947858656,-0.15705776352056294,-0.13348318614907184,-0.06413562272643915
000007.SZ,20250410,5.6,5.91,5.6,5.82,5.5,0.32,5.8182,68383.64,39698.167,-0.3199999999999994,-0.54,-0.4399999999999995,5.694000000000001,5.938000000000001,6.101999999999999,5.7284882016179175,5.863546274748704,6.042153599259412,0.41000000000000014,0.3135714285714286,0.3200000000000003,0.0,0.058288032401886465,0.08344632928695946,0.6985092442046508,41.124842068889464,5.983333333333332,6.163461538461538,5.906967143717624,6.1223876928346135,-0.21542054911698916,-0.15076634825521276,-0.1687303206398482,-0.09338045695428193,0.11192910569105691
000007.SZ,20250411,5.8,6.05,5.78,5.92,5.82,0.1,1.7182,50447.0,30037.149,-0.28000000000000025,-0.4299999999999997,-0.28000000000000025,5.638,5.8950000000000005,6.088,5.792325467745279,5.873810588430757,6.030519923139468,0.2699999999999996,0.3192857142857143,0.09999999999999964,0.0,0.06126745865889455,0.07748587719503378,0.7906919412512156,44.155665362448275,5.971666666666667,6.144615384615383,5.908972198530297,6.107396011883901,-0.19842381335360315,-0.16052592210752248,-0.1746690191825992,-0.047509588342007913,-0.2622943148390463
000007.SZ,20250414,5.98,6.51,5.81,6.23,5.92,0.31,5.2365,205842.46,131135.408,0.6500000000000004,0.03000000000000025,-0.11999999999999922,5.768,5.898000000000001,6.082000000000001,5.938216978496853,5.938572299625164,6.049518025697615,0.7000000000000002,0.3442857142857143,0.3100000000000005,0.0,0.07903406875468784,0.0719511716811028,1.0984403298528256,52.34555942459727,5.960833333333333,6.136923076923076,5.958361091064098,6.116477788781389,-0.15811669771729164,-0.1651020576214813,-0.1713585548895377,0.026483714344492093,3.0803706860665647
000007.SZ,20250415,6.21,6.24,5.96,6.03,6.23,-0.2,-3.2103,138051.67,83700.231,0.6600000000000001,-0.05999999999999961,-0.33999999999999986,5.9,5.892,6.065,5.968811318997902,5.955195517875135,6.0476591661073655,0.28000000000000025,0.3464285714285715,0.0,0.20000000000000018,0.07338877812935299,0.08109751656102403,0.9049448274304381,47.50504132191112,5.934166666666667,6.123846153846154,5.969382461669621,6.110072026649434,-0.14068956497981322,-0.16769220049032413,-0.1652247569075928,0.049070383855559174,-0.3293333649432677
000007.SZ,20250416,6.02,6.08,5.81,5.98,6.03,-0.05,-0.8292,71698.97,42663.831,0.4800000000000004,-0.14999999999999947,-0.45999999999999996,5.996,5.877,6.042,5.972540879331936,5.959705423716018,6.041215436001902,0.27000000000000046,0.3307142857142858,0.0,0.04999999999999982,0.06814672254868491,0.07887626537809374,0.8639699435821826,46.35106625817168,5.915833333333334,6.108076923076922,5.9710159291050635,6.10043706171244,-0.12942113260737642,-0.1692286627830543,-0.15806403204754954,0.05728579888034624,-0.4806367065316921
000007.SZ,20250417,5.95,6.14,5.91,6.08,5.98,0.1,1.6722,77919.0,47196.442,0.2599999999999998,-0.05999999999999961,-0.2400000000000002,6.048,5.871,6.03,6.008360586221291,5.98157716485856,6.044909204001721,0.22999999999999954,0.33428571428571435,0.09999999999999964,0.0,0.07042195665235025,0.07324224642251562,0.9614936746492476,49.018443805136464,5.915,6.0976923076923075,5.987782709242746,6.098923205289296,-0.1111404960465503,-0.16956753974231897,-0.14867932484734972,0.07507765760159885,0.08675201331344089
000007.SZ,20250418,6.1,6.22,5.96,6.16,6.08,0.08,1.3158,75625.0,46198.461,0.2400000000000002,-0.040000000000000036,-0.13999999999999968,6.096,5.867,6.023,6.058907057480861,6.014017680338822,6.055870232192033,0.2599999999999998,0.33928571428571436,0.08000000000000007,0.0,0.07110610260575381,0.06801065739233593,1.0455141198762579,51.11253497186837,5.9174999999999995,6.093846153846154,6.014277677051554,6.103447412304903,-0.08916973525334893,-0.16275978065509408,-0.13677740692854956,0.09521534335040127,-0.029440829579435054
000007.SZ,20250421,6.16,6.46,6.1,6.46,6.16,0.3,4.8701,123104.0,77976.412,0.22999999999999954,0.8799999999999999,0.20000000000000018,6.142000000000001,5.955,6.0329999999999995,6.192604704987241,6.095105374822672,6.094358781507077,0.3600000000000003,0.34857142857142864,0.2999999999999998,0.0,0.0874556667053428,0.06315275329288336,1.3848274563699523,58.06824525904517,5.944166666666667,6.103846153846154,6.082850342120546,6.129858715097132,-0.04700837297658644,-0.14590996873851758,-0.11882360013815695,0.143630454323141,0.6278214876033058
000007.SZ,20250422,6.46,6.73,6.44,6.69,6.46,0.23,3.5604,142243.67,93898.495,0.6600000000000001,1.3200000000000003,0.6900000000000004,6.274,6.087,6.067499999999999,6.358403136658161,6.203268033945823,6.151086516601642,0.29000000000000004,0.35785714285714293,0.23000000000000043,0.0,0.09763740479781835,0.0586418423433917,1.6649784675262855,62.47624466068461,5.984999999999999,6.116923076923077,6.176257981794308,6.171350662126975,0.004907319667332821,-0.1204981158204696,-0.09407741617705899,0.19796947168878362,0.15547561411489483
000007.SZ,20250423,6.77,6.79,6.59,6.62,6.69,-0.07,-1.0463,105103.37,70216.283,0.6399999999999997,1.12,0.5600000000000005,6.401999999999999,6.199,6.0954999999999995,6.445602091105441,6.279037482319309,6.195744943591961,0.20000000000000018,0.36285714285714293,0.0,0.07000000000000028,0.09066330445511704,0.05945313931886374,1.5249540309194523,60.39531857790481,6.071666666666668,6.126538461538461,6.2445259845951835,6.204583946413866,0.039942038181317585,-0.09212449500954663,-0.06727352530538368,0.21443112697340252,-0.2611033587645764
000007.SZ,20250424,6.63,6.68,6.32,6.51,6.62,-0.11,-1.6616,89563.86,58018.444,0.4299999999999997,0.6899999999999995,0.14999999999999947,6.488000000000001,6.268,6.103,6.467068060736961,6.3210306673521615,6.225673996583203,0.35999999999999943,0.38,0.0,0.11000000000000032,0.08418735413689439,0.06306362936751635,1.3349589134217945,57.17269394969621,6.166666666666667,6.129230769230769,6.285368140811309,6.227207357790617,0.05816078302069272,-0.06361509541240265,-0.042186663640168404,0.20069489332172225,-0.1478497787463903
000007.SZ,20250425,6.7,7.16,6.45,7.16,6.51,0.65,9.9846,417310.73,287576.574,1.0,1.2400000000000002,0.8100000000000005,6.688,6.392,6.1435,6.698045373824641,6.473570546015404,6.314657425480041,0.71,0.38642857142857145,0.6500000000000004,0.0,0.12460254312711624,0.05855908441269375,2.127808936509027,68.02873767871166,6.305,6.161538461538462,6.4199268883788,6.296303109065386,0.12362377931341406,-0.03231059796454646,-0.009024575049451908,0.26529670872573197,3.659365172514896
000007.SZ,20250428,7.06,7.06,6.56,6.69,7.16,-0.47,-6.5642,294613.11,199384.159,0.23000000000000043,0.45999999999999996,0.4900000000000002,6.734,6.438,6.168,6.695363582549762,6.512921355830785,6.350404337339085,0.6000000000000005,0.40071428571428575,0.0,0.46999999999999975,0.11570236147517936,0.08794772124035846,1.3155811184575017,56.81429633239804,6.3775,6.1765384615384615,6.461476597858985,6.325465841727209,0.1360107561317756,-0.0015661178410365888,0.019982491186793596,0.232056529889964,-0.29401980629637775
000007.SZ,20250429,6.75,6.92,6.66,6.82,6.69,0.13,1.9432,132308.26,90030.97,0.1299999999999999,0.79,0.7300000000000004,6.76,6.516999999999999,6.2045,6.736909055033175,6.568753836588824,6.3951277337829815,0.2599999999999998,0.37142857142857144,0.1299999999999999,0.0,0.11672362136980939,0.08166574115176142,1.4292850309519516,58.83562499835045,6.452500000000001,6.198076923076922,6.516634044342218,6.362098001599268,0.15453604274294985,0.029984679420110776,0.04689320149802485,0.21528568248985,-0.5509084439589262
000007.SZ,20250430,6.8,6.89,6.68,6.72,6.82,-0.1,-1.4663,99360.43,67176.319,0.09999999999999964,0.7399999999999993,0.5899999999999999,6.779999999999999,6.591000000000001,6.234,6.731272703355451,6.596253139027219,6.426067949613174,0.20999999999999996,0.35714285714285715,0.0,0.10000000000000053,0.10838621984339444,0.0829753310694928,1.3062463077444033,56.639496976450964,6.493333333333332,6.22576923076923,6.547921114443415,6.388609260740062,0.1593118537033531,0.06003494050343337,0.0693769319390905,0.1798698435285252,-0.24902322802824264
000007.SZ,20250506,6.75,6.94,6.69,6.82,6.72,0.1,1.4881,106041.66,72322.522,0.3100000000000005,0.7400000000000002,0.6800000000000006,6.8420000000000005,6.665000000000001,6.267999999999999,6.760848468903634,6.636934386476815,6.463585287745252,0.25,0.35571428571428576,0.10000000000000053,0.0,0.10778720414029487,0.07704852170738617,1.3989522673731192,58.315135586461174,6.559166666666665,6.255,6.589779404529044,6.420564130314872,0.1692152742141717,0.08874438599982455,0.08934460039410674,0.15974134764012993,0.06724236197448029
000007.SZ,20250507,6.94,7.04,6.73,6.78,6.82,-0.04,-0.5865,89759.76,61497.633,-0.3799999999999999,0.6200000000000001,0.5800000000000001,6.766,6.726999999999999,6.297,6.767232312602423,6.662946316208304,6.4937200222457045,0.3099999999999996,0.32785714285714285,0.0,0.040000000000000036,0.10008811813027381,0.07440219872828716,1.3452306496450495,57.360270720009986,6.625833333333335,6.271153846153846,6.619044111524576,6.447189009550808,0.17185510197376797,0.11306254988319726,0.10584670071003899,0.13201680252745795,-0.15354248509500895
000007.SZ,20250508,6.71,7.02,6.71,6.96,6.78,0.18,2.6549,101319.9,69865.338,0.2699999999999996,0.5,1.38,6.82,6.776999999999999,6.3660000000000005,6.831488208401616,6.716956076897703,6.538127639174685,0.3099999999999996,0.32999999999999996,0.17999999999999972,0.0,0.10579610969239708,0.06908775596198093,1.5313293682692026,60.49506585214747,6.699166666666667,6.294615384615384,6.671498863597718,6.48517500884334,0.18632385475437818,0.13321994267064674,0.12194213151890684,0.12876344647094268,0.12878978286038198
000007.SZ,20250509,6.97,7.15,6.88,7.1,6.96,0.14,2.0115,98993.0,69539.895,0.27999999999999936,0.40999999999999925,1.7299999999999995,6.876,6.8180000000000005,6.452500000000001,6.920992138934411,6.786600426552666,6.59163929258662,0.27000000000000046,0.32999999999999996,0.13999999999999968,0.0,0.1082392447143687,0.06415291625041086,1.6872069274586639,62.78663954823469,6.777499999999999,6.32923076923077,6.737422115351915,6.5307176007808705,0.20670451457104466,0.15174910671394976,0.1388946081293344,0.1356198128834205,-0.02296587343651143
000007.SZ,20250512,7.16,7.24,6.98,7.11,7.1,0.01,0.1408,145875.5,103498.359,0.39000000000000057,0.4900000000000002,1.6100000000000003,6.954000000000001,6.867,6.5329999999999995,6.983994759289608,6.845400348997636,6.641006979006941,0.2599999999999998,0.33214285714285713,0.010000000000000675,0.0,0.10122215580619956,0.05957056508966723,1.6991975089347773,62.951951582281794,6.831666666666666,6.368461538461539,6.794741789913159,6.573627408130435,0.2211143817827237,0.1698550621319532,0.15533856286001227,0.13155163784542284,0.47359409251159174
000007.SZ,20250513,7.15,7.42,7.12,7.29,7.11,0.18,2.5316,114091.57,83329.657,0.46999999999999975,0.7800000000000002,1.4699999999999998,7.048,6.945,6.6065,7.085996506193072,6.9262366491798835,6.702815838149137,0.3099999999999996,0.3357142857142857,0.17999999999999972,0.0,0.10684914467718529,0.05531552472611957,1.9316303190871102,65.88928714888604,6.881666666666668,6.4130769230769245,6.87093536069575,6.6266920445652175,0.2442433161305324,0.1832572328894108,0.1731195135141163,0.1422476052328322,-0.21788394898389374
000007.SZ,20250514,7.29,7.33,7.19,7.28,7.29,-0.01,-0.1372,70791.0,51321.033,0.5,0.1200000000000001,1.3600000000000003,7.147999999999999,6.956999999999999,6.6745,7.150664337462048,6.990557258419905,6.75778575832541,0.13999999999999968,0.3199999999999999,0.0,0.009999999999999787,0.09921706291452918,0.05207870153139673,1.9051370329330142,65.57821580655683,6.936666666666667,6.4569230769230765,6.933868382127173,6.6750852264492755,0.25878315567789745,0.19689861061675767,0.19025224194687254,0.1370618274620498,-0.37952470984490794
000007.SZ,20250515,7.23,7.31,7.14,7.3,7.28,0.02,0.2747,60113.0,43547.753,0.33999999999999986,0.6099999999999994,1.0699999999999994,7.215999999999999,7.018000000000001,6.728,7.200442891641366,7.046819575070831,6.809425209913466,0.16999999999999993,0.31142857142857133,0.019999999999999574,0.0,0.09355870127777707,0.048358794279154106,1.9346781215781297,65.9247127428664,7.0025,6.499230769230771,6.9901963233383775,6.721375209675255,0.26882111366312245,0.20959695183011018,0.20596601629012254,0.12571019474599981,-0.15083838341032052
000007.SZ,20250516,7.34,7.37,7.2,7.32,7.3,0.02,0.274,51830.0,37692.774,0.22000000000000064,0.5,1.29,7.26,7.0680000000000005,6.7924999999999995,7.240295261094245,7.096488743239771,6.858051380397899,0.16999999999999993,0.30928571428571416,0.020000000000000462,0.0,0.08830450832936446,0.04490459468778596,1.9664916016574863,66.2901455901219,7.015833333333333,6.566153846153847,7.040935350517088,6.765717786736348,0.2752175637807408,0.22247536406093105,0.2198163257882462,0.11080247598498921,-0.13779049456856254
000007.SZ,20250519,7.32,7.57,7.32,7.44,7.32,0.12,1.6393,77739.33,57987.789,0.33000000000000007,0.7200000000000006,1.46,7.3260000000000005,7.140000000000001,6.8655,7.306863507396164,7.158945335377994,6.913475058455242,0.25,0.3014285714285713,0.1200000000000001,0.0,0.09056847202012415,0.04169712363865839,2.172055626785632,68.47470165542656,7.078333333333333,6.645769230769232,7.102329911975998,6.81566461734847,0.2866652946275279,0.23552536632908172,0.23318611955610255,0.10695835014285066,0.4998906038973568
000007.SZ,20250520,7.45,7.55,7.38,7.53,7.44,0.09,1.2097,52027.0,38960.29,0.2400000000000002,0.71,1.4500000000000002,7.374,7.211,6.938,7.3812423382641095,7.226409819854722,6.9721917195547425,0.16999999999999993,0.2628571428571428,0.08999999999999986,0.0,0.09052786687582956,0.03871875766446851,2.3380881086199032,70.04273202322872,7.1375,6.7238461538461545,7.1681253101335365,6.868578349396731,0.2995469607368051,0.24971335063608585,0.24645828779224307,0.10617734588912403,-0.33075059947133584
000007.SZ,20250521,7.53,7.76,7.5,7.66,7.53,0.13,1.7264,67971.0,51741.969,0.3799999999999999,0.8799999999999999,1.5,7.45,7.2989999999999995,7.013,7.47416155884274,7.305244398062954,7.0376972700733385,0.2599999999999998,0.23857142857142843,0.1299999999999999,0.0,0.09334730495612743,0.03595313211700647,2.5963608581398807,72.19411401009344,7.215833333333333,6.794615384615385,7.243798339343762,6.927202175367344,0.3165961639764179,0.26418805166075693,0.26048586302907806,0.11222060189467964,0.30645626309416263
000007.SZ,20250522,7.63,8.0,7.63,8.0,7.66,0.34,4.4386,125561.84,98368.169,0.7000000000000002,1.04,1.54,7.590000000000001,7.4030000000000005,7.090000000000001,7.649441039228494,7.431563598415144,7.1293451491139725,0.3700000000000001,0.2464285714285713,0.33999999999999986,0.0,0.11096535460211832,0.03338505125150601,3.3238036319357946,76.87221518077376,7.314166666666666,6.8746153846153835,7.360137056367798,7.006668680895689,0.35346837547210974,0.2804951473164308,0.2790823655176844,0.1487720199088507,0.8472854599755778
000007.SZ,20250523,7.9,8.05,7.71,7.87,8.0,-0.13,-1.625,109130.0,86303.917,0.5499999999999998,0.7700000000000005,1.1799999999999997,7.7,7.480000000000001,7.149000000000001,7.722960692818996,7.511279307794208,7.199883706341214,0.34000000000000075,0.25571428571428567,0.0,0.1299999999999999,0.10303925784482415,0.04028611901925557,2.5576863781684813,71.89184504467742,7.405,6.937692307692307,7.438577509234291,7.07061914897749,0.36795836025680106,0.29681114492466165,0.2968575644655077,0.14220159158258672,-0.13086651167265467
000007.SZ,20250526,7.8,8.03,7.59,7.61,7.87,-0.26,-3.3037,115207.06,89289.979,0.16999999999999993,0.5,0.9900000000000002,7.734,7.530000000000001,7.198500000000001,7.685307128545999,7.5292285245588975,7.238942400975383,0.4399999999999995,0.2692857142857142,0.0,0.2599999999999998,0.09567931085590813,0.055979967660737304,1.7091705274959414,63.088333131828,7.459166666666667,6.99846153846154,7.464950200121322,7.110573286090268,0.35437691403105376,0.3090482113580529,0.30836143437861696,0.0920309593048736,0.05568642902959771
000007.SZ,20250527,7.56,7.78,7.56,7.74,7.61,0.13,1.7083,60092.0,46129.061,0.20999999999999996,0.4500000000000002,1.2300000000000004,7.776000000000001,7.575,7.260000000000001,7.703538085697333,7.5675506110027335,7.286662172311061,0.22000000000000064,0.26285714285714284,0.1299999999999999,0.0,0.09813078865191469,0.05198139854211321,1.8878058575590868,65.37163336716657,7.5125,7.066153846153847,7.507265553948811,7.1571974871206185,0.35006806682819214,0.3191909792636412,0.316702760868532,0.06673061191932028,-0.4784000216653389
000007.SZ,20250528,7.8,7.84,7.61,7.71,7.74,-0.03,-0.3876,49261.0,37863.278,0.04999999999999982,0.4299999999999997,0.5499999999999998,7.786,7.617999999999999,7.287500000000001,7.7056920571315555,7.593450499911327,7.326980060662389,0.22999999999999954,0.2571428571428571,0.0,0.03000000000000025,0.09112144660534935,0.05041129864624799,1.8075599925480461,64.38188310653217,7.5625,7.128846153846154,7.538455468725916,7.19814582140798,0.34030964731793567,0.32713414966973153,0.32142413815841275,0.037771018319045835,-0.18024029820941223
000007.SZ,20250529,7.67,7.85,7.63,7.83,7.71,0.12,1.5564,53225.07,41364.395,-0.16999999999999993,0.5300000000000002,1.1399999999999997,7.752,7.670999999999999,7.344500000000001,7.747128038087704,7.636459499927449,7.374886721551685,0.21999999999999975,0.2535714285714285,0.1200000000000001,0.0,0.09318420041925297,0.04681049160008742,1.9906691263861658,66.56266682338176,7.607499999999999,7.193076923076925,7.583308473537313,7.244949834637019,0.33835863890029394,0.33414982468301524,0.32481103830678903,0.02709520118700981,0.08047075780028826
000007.SZ,20250530,7.8,8.03,7.8,7.86,7.83,0.03,0.3831,62736.0,49764.075,-0.009999999999999787,0.54,1.04,7.75,7.725,7.396500000000001,7.784752025391803,7.677103227213367,7.42108798616581,0.22999999999999954,0.25142857142857133,0.03000000000000025,0.0,0.08867104324644921,0.04346688505722403,2.0399677393425835,67.1049140733231,7.655833333333333,7.246923076923078,7.625876400685419,7.290509106145388,0.3353672945400312,0.33956115800662673,0.3269222895534375,0.01689000997318746,0.17869267245679527
000007.SZ,20250603,7.83,8.1,7.77,8.07,7.86,0.21,2.6718,93911.5,74836.269,0.45999999999999996,0.6299999999999999,1.3500000000000005,7.8420000000000005,7.787999999999999,7.464,7.879834683594536,7.748539004083664,7.482889130340495,0.33000000000000007,0.2528571428571428,0.20999999999999996,0.0,0.09733739730027427,0.04036210755313659,2.411603437014033,70.68826965201916,7.719999999999999,7.300000000000001,7.694203108272278,7.348249172356841,0.3459539359154373,0.34471748858203033,0.3307286188258375,0.030450634179199687,0.4969315863300178
000007.SZ,20250604,8.07,8.45,8.06,8.35,8.07,0.28,3.4696,101107.01,83913.428,0.6099999999999994,0.8199999999999994,1.5299999999999994,7.964,7.869999999999999,7.5405,8.036556455729691,7.8578955487957245,7.565471117927115,0.3899999999999988,0.2707142857142856,0.27999999999999936,0.0,0.11038472606454035,0.037479099870769694,2.945234182388421,74.65296218754229,7.805833333333332,7.366538461538462,7.795094937768851,7.422452937367446,0.37264200040140505,0.3509448037403622,0.339111295140951,0.06706141052090808,0.07662011574727265
000007.SZ,20250605,8.36,8.41,8.16,8.24,8.35,-0.11,-1.3174,75749.0,62859.093,0.5300000000000002,0.5800000000000001,1.46,8.07,7.927999999999999,7.6135,8.104370970486462,7.927369085378319,7.629711963838818,0.25,0.2764285714285713,0.0,0.10999999999999943,0.10250010277421603,0.04265916416571468,2.4027686612902683,70.61216616410185,7.872499999999999,7.433076923076924,7.863541870419796,7.483011979043932,0.3805298913758648,0.35395163884077946,0.3473950143879338,0.06626975397586199,-0.2508036782019367
000007.SZ,20250606,8.3,8.3,8.15,8.28,8.24,0.04,0.4854,54827.0,45046.49,0.4499999999999993,0.27999999999999936,1.3199999999999994,8.16,7.956,7.6795,8.162913980324308,7.9914837971277155,7.6916441577589305,0.15000000000000036,0.2749999999999999,0.03999999999999915,0.0,0.09803580971891482,0.03961208101102077,2.474896728895398,71.22216635433996,7.934999999999999,7.4761538461538475,7.927612351893673,7.542048128744381,0.3855642231492924,0.35590784582883406,0.3550288561402055,0.061070734018173756,-0.2762016660285944
000007.SZ,20250609,8.24,8.38,8.16,8.38,8.28,0.1,1.2077,71689.0,59330.371,0.5200000000000005,0.5100000000000007,1.2800000000000011,8.264000000000001,8.007,7.7435,8.235275986882874,8.062123106740858,7.757201857019984,0.22000000000000064,0.2728571428571428,0.10000000000000142,0.0,0.09817610902470672,0.036782646653090716,2.669087680139986,72.74526838339696,7.994999999999998,7.541153846153846,7.9972104516023395,7.604118637726279,0.39309181387606085,0.3602095013671682,0.3626414476873766,0.06090073237736848,0.3075492002115746
000007.SZ,20250610,8.29,8.3,7.92,8.09,8.38,-0.29,-3.4606,109699.0,88936.039,0.019999999999999574,0.47999999999999954,0.9799999999999995,8.268,8.055,7.7924999999999995,8.186850657921916,8.067191632787974,7.788896918256176,0.46000000000000085,0.2935714285714286,0.0,0.2900000000000009,0.09116352980865625,0.0548696004635843,1.6614578753705231,62.42660801607533,8.0025,7.59,8.01148576674044,7.640109849746555,0.3713759169938857,0.36257704027446747,0.36438834154867844,0.013975150890414567,0.530206865767412
000007.SZ,20250611,8.08,8.32,8.08,8.25,8.09,0.16,1.9778,60318.87,49579.562,-0.09999999999999964,0.5099999999999998,0.96,8.248,8.106,7.8405000000000005,8.207900438614612,8.100429517735614,7.832811497469874,0.2400000000000002,0.2921428571428572,0.16000000000000014,0.0,0.09608042053660938,0.05095034328761399,1.8857659112174519,65.34715459376544,8.034166666666666,7.648846153846155,8.048180264164989,7.6852868979134765,0.36289336625151236,0.3650863423781982,0.36408934648924524,-0.0023919604754657486,-0.45014202499566996
000007.SZ,20250612,8.24,8.3,8.1,8.18,8.25,-0.07,-0.8485,48622.0,39630.552,-0.0600000000000005,0.46999999999999975,0.8999999999999995,8.236,8.153,7.8855,8.198600292409742,8.11489687814732,7.865877069139409,0.20000000000000107,0.28000000000000014,0.0,0.07000000000000028,0.089217533355423,0.05231103305278444,1.7055203873606941,63.03853392967679,8.081666666666665,7.701153846153847,8.068460223524221,7.721932312882849,0.3465279106413721,0.36599403923831797,0.3605770593196706,-0.02809829735659697,-0.19391726005477228
000007.SZ,20250613,8.13,8.17,7.87,7.94,8.18,-0.24,-2.934,72581.0,57929.396,-0.33999999999999897,0.11000000000000032,0.6400000000000006,8.168,8.163999999999998,7.9174999999999995,8.112400194939827,8.083097445756898,7.872936395888037,0.3099999999999996,0.2778571428571429,0.0,0.23999999999999932,0.08284485240146422,0.06571738783472837,1.2606230273456613,55.76440707258642,8.098333333333334,7.7457692307692305,8.048697112212803,7.738085474891527,0.3106116373212764,0.36324341065845633,0.35058397491999177,-0.07994467519743076,0.4927604787956069
000007.SZ,20250616,7.93,8.06,7.84,7.86,7.94,-0.08,-1.0076,44909.51,35655.636,-0.5200000000000005,0.0,0.54,8.064,8.164,7.944500000000001,8.028266796626552,8.042534273801099,7.871704358184414,0.22000000000000064,0.2621428571428573,0.0,0.08000000000000007,0.07692736294421677,0.06673757441796206,1.1526844302497183,53.54637280095918,8.110833333333334,7.780384615384616,8.019666787256988,7.747116180455118,0.27255060680186993,0.35508748520139327,0.3349773012963674,-0.1248533889889949,-0.3812497761122056
000007.SZ,20250617,7.89,7.99,7.84,7.93,7.86,0.07,0.8906,37560.0,29713.008,-0.16000000000000014,-0.14000000000000057,0.4899999999999993,8.032,8.15,7.969000000000001,7.995511197751036,8.022073496746353,7.877256324071612,0.15000000000000036,0.25714285714285723,0.0699999999999994,0.0,0.0764325513053441,0.061970604816679056,1.233367844826531,55.22457250754985,8.119166666666665,7.812307692307693,8.005871896909758,7.760663130051035,0.24520876685872306,0.3409282370299842,0.31702359440883854,-0.14362965510023096,-0.16365152948673903
000007.SZ,20250618,7.86,7.95,7.77,7.86,7.93,-0.07,-0.8827,40675.0,31857.288,-0.3899999999999997,-0.4899999999999993,0.33000000000000007,7.954000000000001,8.101,7.985500000000002,7.950340798500691,7.992605588247017,7.875612864636221,0.1800000000000006,0.2535714285714287,0.0,0.0699999999999994,0.07097308335496237,0.06254413304405908,1.1347680413919166,53.156503160503675,8.119166666666667,7.841153846153848,7.9834300666159494,7.768021416713921,0.21540864990202824,0.3225814324217801,0.2967006055074765,-0.16258391121089655,0.08293397231096912
000007.SZ,20250619,7.84,7.93,7.48,7.55,7.86,-0.31,-3.944,67383.0,51584.56,-0.6299999999999999,-0.6900000000000004,-0.11000000000000032,7.828,8.032,7.980000000000001,7.816893865667128,7.912131844929377,7.844602115623247,0.4499999999999993,0.27000000000000013,0.0,0.3100000000000005,0.06590357740103649,0.08021955211234062,0.8215400817589228,45.10140018251061,8.075833333333334,7.851153846153848,7.916748517905804,7.75187168214252,0.16487683576328394,0.2980606116011125,0.27033585155863804,-0.2109180315907082,0.6566195451751691
000007.SZ,20250620,7.55,7.62,7.36,7.56,7.55,0.01,0.1325,65984.5,49498.028,-0.3800000000000008,-0.7199999999999998,-0.4400000000000004,7.752,7.959999999999999,7.958000000000001,7.731262577111418,7.848107873124034,7.8174971522305565,0.2599999999999998,0.2721428571428573,0.009999999999999787,0.0,0.06191046472953387,0.07448958410431629,0.8311291501216272,45.388887510551726,8.01,7.861923076923078,7.861864130535681,7.737658964946777,0.12420516558890338,0.2681843173469839,0.24110971436469114,-0.23380909755157553,-0.02075449297300506
000007.SZ,20250623,7.56,7.77,7.5,7.75,7.56,0.19,2.5132,47299.71,36262.399,-0.11000000000000032,-0.6300000000000008,-0.1200000000000001,7.7299999999999995,7.897,7.952000000000001,7.737508384740946,7.830270078010573,7.811068852018122,0.2699999999999996,0.26785714285714296,0.1900000000000004,0.0,0.0710597172488529,0.06916889952543656,1.027336241235427,50.67419110553581,7.969166666666666,7.8792307692307695,7.844654264299423,7.738573115691461,0.10608114860796203,0.23870712085965906,0.21410400121334533,-0.2160457052107666,-0.2831693806878888
000007.SZ,20250624,7.79,7.95,7.77,7.81,7.75,0.06,0.7742,49398.52,38761.417,-0.1200000000000001,-0.28000000000000025,0.1999999999999993,7.706,7.869,7.962000000000001,7.761672256493965,7.826584609281377,7.810967056587825,0.20000000000000018,0.2542857142857145,0.05999999999999961,0.0,0.07026973744536338,0.06422826384504823,1.0940625394279737,52.2459343419053,7.93,7.898076923076923,7.8393228390225875,7.743863996010612,0.0954588430119756,0.20899217383304386,0.1903749695730714,-0.1898322531221916,0.044372576491483726
000007.SZ,20250625,7.84,7.9,7.66,7.78,7.81,-0.03,-0.3841,54229.02,42199.141,-0.08000000000000007,-0.46999999999999975,0.040000000000000036,7.6899999999999995,7.822,7.964,7.76778150432931,7.818114680321125,7.80801781310327,0.2400000000000002,0.25357142857142884,0.0,0.02999999999999936,0.06525047048498028,0.061783387856116166,1.0561167451182576,51.36462934926952,7.88,7.911153846153847,7.830196248403728,7.746540737046863,0.08365551135686466,0.17978412946809857,0.16903107792983005,-0.17075113314593077,0.09778633044066908
000007.SZ,20250626,7.79,7.86,7.67,7.69,7.78,-0.09,-1.1568,55389.61,42798.138,0.14000000000000057,-0.4899999999999993,-0.019999999999999574,7.717999999999999,7.772999999999999,7.963000000000001,7.741854336219541,7.79482110208092,7.796778021379149,0.1900000000000004,0.25642857142857167,0.0,0.08999999999999986,0.060589722593195984,0.06379886015210785,0.9496991395886899,48.71003532314423,7.846666666666667,7.917307692307692,7.808627594803154,7.7423525343026505,0.06627506050050336,0.15263562093245714,0.1484798744439647,-0.1644096278869227,0.021401640671360165
000007.SZ,20250627,7.7,7.75,7.62,7.67,7.69,-0.02,-0.2601,38918.0,29861.239,0.11000000000000032,-0.27000000000000046,-0.16000000000000014,7.74,7.7459999999999996,7.955,7.717902890813028,7.772126356248025,7.784703924104945,0.1299999999999999,0.25000000000000017,0.0,0.020000000000000462,0.056261885265110556,0.06067037014124304,0.9273371026768198,48.114940629164956,7.798333333333333,7.917692307692307,7.787300272525746,7.736993087317269,0.0503071852084771,0.12794190742208014,0.1288453365968672,-0.1570763027767802,-0.29737725179866764
000007.SZ,20250630,7.74,7.8,7.55,7.61,7.67,-0.06,-0.7823,74530.16,56892.65,-0.13999999999999968,-0.25,-0.25,7.712000000000001,7.720999999999999,7.9425,7.681935260542019,7.742648836930202,7.768065455142569,0.25,0.23500000000000013,0.0,0.05999999999999961,0.05224317917474552,0.06062248655972565,0.861778889971384,46.28792895941739,7.750833333333333,7.902692307692307,7.760023307521784,7.727586191960434,0.03243711556135054,0.1043006128334832,0.10956369238976386,-0.15425315365682665,0.9150562721619817
000007.SZ,20250701,7.63,7.68,7.49,7.55,7.61,-0.06,-0.7884,57649.93,43531.86,-0.2599999999999998,-0.3799999999999999,-0.5200000000000005,7.659999999999999,7.683,7.916500000000001,7.637956840361347,7.707621775670165,7.747297316557563,0.1899999999999995,0.2314285714285715,0.0,0.0600000000000005,0.04851152351940655,0.060578023234031,0.8008106063809981,44.46945189812872,7.718333333333333,7.890384615384617,7.72771202944151,7.714431659222624,0.013280370218885729,0.08184191509091182,0.09030702795558825,-0.15405331547340503,-0.22648857858348892
000007.SZ,20250702,7.56,7.62,7.5,7.55,7.55,0.0,0.0,33275.0,25156.946,-0.23000000000000043,-0.3100000000000005,-0.7999999999999998,7.614,7.651999999999999,7.876500000000002,7.608637893574231,7.678963271002862,7.7285070959330335,0.1200000000000001,0.22571428571428573,0.0,-0.0,0.045046414696591805,0.05625102157445735,0.8008106063809983,44.46945189812873,7.692499999999999,7.888076923076924,7.700371717219739,7.702251536317245,-0.001879819097506008,0.06331339788415738,0.0718696585449694,-0.14749895528495083,-0.42280935987259655
000007.SZ,20250703,7.55,7.57,7.41,7.48,7.55,-0.07,-0.9272,64795.66,48476.63,-0.20999999999999996,-0.0699999999999994,-0.7599999999999998,7.572,7.6450000000000005,7.838500000000001,7.565758595716154,7.642788130820524,7.7048397534632205,0.16000000000000014,0.21500000000000005,0.0,0.0699999999999994,0.04182881364683525,0.057233091461996066,0.7308501529156508,42.22492349696012,7.655,7.878076923076923,7.66646837610901,7.685788459553005,-0.019320083443995273,0.04736614799161308,0.05363171014717647,-0.14590358718234347,0.9472775356874531
000007.SZ,20250704,7.47,7.47,7.32,7.35,7.48,-0.13,-1.738,63893.62,47089.369,-0.3200000000000003,-0.20999999999999996,-0.9299999999999997,7.508,7.624,7.792,7.4938390638107695,7.5895539252167925,7.671045491228628,0.16000000000000014,0.21071428571428572,0.0,0.13000000000000078,0.038841041243489874,0.06243072778613926,0.6221462190308357,38.35327615549614,7.6125,7.864230769230769,7.6177809336307,7.660915240326856,-0.0431343066961567,0.03078665295782211,0.03427850677850984,-0.15482562694933308,-0.013921302753919024
000007.SZ,20250707,7.39,7.46,7.16,7.23,7.35,-0.12,-1.6327,88705.5,64840.23,-0.3799999999999999,-0.5199999999999996,-1.1500000000000004,7.4319999999999995,7.572,7.734499999999999,7.405892709207181,7.5241804842682845,7.629041158730663,0.2999999999999998,0.2214285714285714,0.0,0.11999999999999922,0.03606668115466917,0.06654281865855784,0.54200711484335,35.14945616177728,7.585833333333333,7.841153846153846,7.558122328456746,7.6289955928952375,-0.07087326443849129,0.012305307685548014,0.013248152535109615,-0.1682428339472018,0.38833110410710797
000007.SZ,20250708,7.25,7.32,7.18,7.28,7.23,0.05,0.6916,69677.5,50574.664,-0.2699999999999996,-0.5299999999999994,-0.8099999999999996,7.378,7.519,7.694,7.363928472804788,7.479784032583142,7.5957991436134575,0.14000000000000057,0.21857142857142856,0.04999999999999982,0.0,0.03706191821504993,0.06178976018294657,0.5998067981703981,37.4924521421187,7.5625,7.818846153846153,7.515334277924939,7.60314406749559,-0.08780978957065066,-0.006746392417509245,-0.0069634358860424395,-0.16169270736921645,-0.2145075559012688
000007.SZ,20250709,7.26,7.33,7.17,7.2,7.28,-0.08,-1.0989,53974.0,39064.819,-0.34999999999999964,-0.5800000000000001,-1.0499999999999998,7.308000000000002,7.461,7.641499999999999,7.309285648536525,7.428914208477115,7.558103987078843,0.16000000000000014,0.1978571428571429,0.0,0.08000000000000007,0.034414638342546364,0.06309049159845039,0.5454805862281734,35.29520791713388,7.516666666666667,7.785384615384615,7.4668213120903335,7.573281543977398,-0.10646023188706444,-0.025939202682794555,-0.026862795086246838,-0.1591948736016352,-0.22537404470596678
000007.SZ,20250710,7.2,7.24,7.08,7.14,7.2,-0.06,-0.8333,58468.34,41732.664,-0.34000000000000075,-0.5500000000000007,-1.04,7.239999999999999,7.406000000000001,7.589499999999998,7.25285709902435,7.3763843523903665,7.518284559738,0.16000000000000014,0.19071428571428578,0.0,0.0600000000000005,0.03195644988950734,0.0628697421985611,0.5082961814696089,33.70002441923246,7.460833333333333,7.738846153846153,7.416541110230282,7.5411866147938875,-0.12464550456360524,-0.04537839043524815,-0.04641933698171852,-0.15645233516377344,0.08326861081261341
000007.SZ,20250711,7.14,7.18,7.04,7.13,7.14,-0.01,-0.1401,55990.84,39857.827,-0.21999999999999975,-0.54,-0.8100000000000005,7.196000000000001,7.351999999999999,7.548999999999998,7.2119047326829,7.331587197410299,7.481305077858191,0.13999999999999968,0.1814285714285715,0.0,0.009999999999999787,0.029673846325971105,0.05909333204152101,0.5021521938400976,33.428849346909196,7.406666666666666,7.696153846153845,7.3724578625025465,7.510728347031377,-0.13827048452883073,-0.0643459015563794,-0.06478956649114095,-0.14696183607537955,-0.04237335966781339
000007.SZ,20250714,7.14,7.29,7.08,7.13,7.13,0.0,0.0,62494.0,44676.397,-0.10000000000000053,-0.4800000000000004,-0.7300000000000004,7.176,7.303999999999999,7.512499999999998,7.184603155121934,7.294934979699335,7.447847451395506,0.20999999999999996,0.1821428571428572,0.0,-0.0,0.027554285874116024,0.054872379752840934,0.5021521938400976,33.428849346909196,7.359999999999999,7.651923076923077,7.33515665288677,7.482526247251275,-0.14736959436450459,-0.08219589762120055,-0.08130557206581368,-0.1321280445973818,0.11614685544992724
000007.SZ,20250715,7.14,7.18,6.81,6.98,7.13,-0.15,-2.1038,88370.0,61463.082,-0.2999999999999998,-0.5699999999999994,-0.9499999999999993,7.116,7.247,7.464999999999999,7.116402103414623,7.237674074299456,7.403290551262601,0.3700000000000001,0.19142857142857148,0.0,0.14999999999999947,0.02558612259739345,0.06166720977049511,0.41490644205594035,29.323948900328524,7.302499999999999,7.598076923076922,7.280517167827267,7.445302080788217,-0.16478491296094955,-0.1002964636060276,-0.09800144024484087,-0.13356694543221737,0.4140557493519378
000007.SZ,20250716,7.0,7.13,6.98,7.11,6.98,0.13,1.8625,59192.0,41813.601,-0.08999999999999986,-0.4399999999999995,-0.75,7.098000000000001,7.203,7.4275,7.114268068943083,7.214460606245009,7.37535811780902,0.14999999999999947,0.18857142857142856,0.1299999999999999,0.0,0.03304425669757962,0.057262409072602605,0.5770671760540679,36.59116014943195,7.260833333333333,7.560384615384615,7.254283757392303,7.420464889618719,-0.1661811322264164,-0.11661435791518551,-0.11163737864115597,-0.10908750717052085,-0.3301799253140206
000007.SZ,20250717,7.13,7.13,7.05,7.11,7.11,0.0,0.0,45162.05,32026.217,-0.02999999999999936,-0.3700000000000001,-0.4399999999999995,7.0920000000000005,7.1659999999999995,7.405500000000001,7.11284537929539,7.195467768745916,7.350085916112922,0.08000000000000007,0.185,0.0,-0.0,0.030683952647752505,0.05317223699598813,0.5770671760540679,36.59116014943195,7.224166666666666,7.516538461538463,7.232086256255025,7.397467490387703,-0.1653812341326777,-0.13019734985257672,-0.12238614973946033,-0.08599016878643473,-0.23702442897688872
000007.SZ,20250718,7.13,7.16,7.05,7.1,7.11,-0.01,-0.1406,43091.5,30530.897,-0.03000000000000025,-0.25,-0.45999999999999996,7.086,7.141,7.382500000000002,7.108563586196927,7.1781099926102945,7.326268209816454,0.11000000000000032,0.17500000000000002,0.0,0.010000000000000675,0.02849224174434161,0.05008850578198903,0.568837925977559,36.2585526878508,7.1866666666666665,7.475,7.211765293754253,7.375432861470095,-0.16366756771584257,-0.14050782799450465,-0.1306424333347368,-0.06605026876221154,-0.04584712164306099
000007.SZ,20250721,7.19,7.22,7.13,7.22,7.1,0.12,1.6901,55736.13,40064.846,0.08999999999999986,-0.010000000000000675,-0.5300000000000002,7.103999999999999,7.139999999999999,7.356,7.145709057464618,7.18572635759024,7.316147427929172,0.1200000000000001,0.17000000000000007,0.1200000000000001,0.0,0.03502851019117436,0.04651075536898981,0.7531270974482812,42.95907002660993,7.164999999999999,7.447307692307692,7.213032171638214,7.363919316176014,-0.1508871445378004,-0.14751642299085463,-0.13469137557534952,-0.03239153792490174,0.2934367566689486
000007.SZ,20250722,7.26,7.37,7.08,7.13,7.22,-0.09,-1.2465,72490.0,52160.13,0.14999999999999947,-0.15000000000000036,-0.6799999999999997,7.134,7.125,7.322,7.140472704976412,7.175594292573832,7.298419101459727,0.29000000000000004,0.1821428571428572,0.0,0.08999999999999986,0.03252647374894762,0.049617129985490525,0.6555492782121678,39.597086407485094,7.146666666666666,7.4192307692307695,7.200257991386181,7.346591959422235,-0.14633396803605425,-0.15194683811852017,-0.1370198940674905,-0.018628147937127526,0.30059263174533296
000007.SZ,20250723,7.1,7.17,7.03,7.06,7.13,-0.07,-0.9818,48076.09,34057.749,-0.05000000000000071,-0.14000000000000057,-0.7200000000000006,7.124,7.111,7.286,7.113648469984275,7.154577148469498,7.275712520368324,0.13999999999999968,0.18071428571428574,0.0,0.07000000000000028,0.03020315419545136,0.05107304927224122,0.5913716652094849,37.161128235347704,7.132499999999999,7.385769230769231,7.1786798388652295,7.325362925390959,-0.14668308652572914,-0.15439545833653393,-0.13895253255913823,-0.015461107933181839,-0.33679004000551804
000007.SZ,20250724,7.11,7.52,7.07,7.44,7.06,0.38,5.3824,145649.52,106544.26,0.33000000000000007,0.3000000000000007,-0.25,7.1899999999999995,7.141000000000001,7.2735,7.22243231332285,7.206472212384134,7.291358946999912,0.45999999999999996,0.20214285714285715,0.3800000000000008,0.0,0.0551886431814906,0.04742497432422399,1.1637042290036843,53.78296226464984,7.145833333333333,7.369615384615385,7.218882940578271,7.333854560547184,-0.11497161996891325,-0.1518066956076542,-0.13415635004109322,0.038369460144359935,2.0295625122592122
000007.SZ,20250725,7.45,7.47,7.25,7.28,7.44,-0.16,-2.1505,83881.41,61308.338,0.1800000000000006,0.15000000000000036,-0.3899999999999997,7.226000000000001,7.156000000000001,7.254,7.241621542215234,7.2198409010415645,7.29027714252373,0.21999999999999975,0.19642857142857142,0.0,0.16000000000000014,0.05124659723995556,0.05546604758677943,0.9239273297737265,48.02298483292453,7.1525,7.359230769230769,7.228285565104691,7.329865333839985,-0.10157976873529417,-0.1467189372044086,-0.1276410337799334,0.052122530089278474,-0.4240872884442049
000007.SZ,20250728,7.29,7.42,7.25,7.28,7.28,0.0,0.0,71378.01,52297.515,0.0600000000000005,0.15000000000000036,-0.33000000000000007,7.2379999999999995,7.171000000000001,7.2375,7.254414361476823,7.230778919034007,7.28929836704528,0.16999999999999993,0.19857142857142854,0.0,-0.0,0.04758612600853017,0.05150418704486661,0.9239273297737266,48.02298483292453,7.1641666666666675,7.348461538461539,7.236241632011661,7.326171605407393,-0.08992997339573172,-0.13840172169716217,-0.12009882170309308,0.06033769661472271,-0.1490604414017362
000007.SZ,20250729,7.3,7.38,7.15,7.19,7.28,-0.09,-1.2363,53736.04,38767.01,0.0600000000000005,0.20999999999999996,-0.35999999999999943,7.25,7.192,7.219499999999999,7.232942907651216,7.223364570118733,7.2798413797076345,0.22999999999999954,0.2035714285714285,0.0,0.08999999999999986,0.04418711700792087,0.05425388797023327,0.8144506994994424,44.88690156883994,7.1691666666666665,7.326923076923076,7.229127534779098,7.31608481982166,-0.08695728504256195,-0.12959907201006723,-0.11347051437098685,0.053026458656849795,-0.24716253647306777
000007.SZ,20250730,7.22,7.24,7.12,7.16,7.19,-0.03,-0.4172,48636.76,34910.306,0.10000000000000053,0.04999999999999982,-0.3899999999999997,7.2700000000000005,7.197,7.2,7.208628605100811,7.211843739188054,7.268427914973574,0.1200000000000001,0.20071428571428562,0.0,0.03000000000000025,0.04103089436449795,0.05252146740093091,0.7812214013611262,43.85874775388132,7.171666666666667,7.301923076923076,7.218492529428468,7.304522981316352,-0.0860304518878845,-0.12078231842731244,-0.1079825018743664,0.043904099972963795,-0.09489497179174347
000007.SZ,20250731,7.13,7.23,7.02,7.09,7.16,-0.07,-0.9777,55341.0,39294.692,-0.35000000000000053,-0.020000000000000462,-0.39000000000000057,7.2,7.195,7.1805,7.169085736733875,7.189690332062953,7.251434780214186,0.21000000000000085,0.2057142857142857,0.0,0.07000000000000028,0.03810011619560524,0.05376993401515014,0.7085765845438865,41.47174852762276,7.180833333333333,7.275384615384615,7.198724447977934,7.2886323901077334,-0.08990794212979925,-0.11258680447330763,-0.10436758992545297,0.02891929559130746,0.13784306355933243
000007.SZ,20250801,7.09,7.18,7.06,7.11,7.09,0.02,0.2821,53632.0,38188.813,-0.16999999999999993,0.010000000000000675,-0.23999999999999932,7.166000000000001,7.196000000000001,7.1685,7.149390491155917,7.175201180778779,7.237964801146169,0.1200000000000001,0.1992857142857143,0.020000000000000462,0.0,0.036807250753062036,0.04992922444263942,0.737188513619866,42.43572346007226,7.180833333333333,7.253076923076923,7.185074532904405,7.275400361210864,-0.09032582830645897,-0.10585776933649191,-0.10155923760165418,0.02246681859039043,-0.030881263439402975
000007.SZ,20250804,7.14,7.23,7.08,7.19,7.11,0.08,1.1252,56221.23,40292.401,-0.08999999999999986,-0.02999999999999936,-0.040000000000000036,7.148000000000001,7.193,7.166500000000001,7.1629269941039455,7.177891875182637,7.233396724846534,0.15000000000000036,0.18357142857142858,0.08000000000000007,0.0,0.03989244712784333,0.04636285126816518,0.8604399004086981,46.24927148787113,7.1875,7.234615384615385,7.185832297072959,7.269074408528579,-0.0832421114556201,-0.098847563049777,-0.09789581237244738,0.029307401833654545,0.04827770733890221
000007.SZ,20250805,7.21,7.35,7.15,7.25,7.19,0.06,0.8345,73065.29,52963.728,0.05999999999999961,0.1200000000000001,-0.03000000000000025,7.159999999999999,7.205,7.165000000000001,7.191951329402631,7.191002443331248,7.234977989146865,0.1999999999999993,0.18714285714285714,0.05999999999999961,0.0,0.04132870090442592,0.04305121903472481,0.9599890974304464,48.97930803232507,7.2,7.220769230769231,7.195704251369426,7.267661489378314,-0.07195723800888842,-0.09054469099235025,-0.09270809749973559,0.04150171898169433,0.2996031926017981
000007.SZ,20250806,7.24,7.29,7.09,7.15,7.25,-0.1,-1.3793,78763.0,56263.846,-0.009999999999999787,0.09000000000000075,-0.04999999999999982,7.1579999999999995,7.214000000000001,7.162500000000001,7.177967552935089,7.183547453634657,7.226884847323354,0.20000000000000018,0.19571428571428573,0.0,0.09999999999999964,0.03837665083982406,0.04711898910367301,0.8144625249787572,44.88726075994832,7.194166666666667,7.205384615384616,7.188672828081822,7.25894582349844,-0.07027299541661769,-0.08557817715320631,-0.08822107708311201,0.035896163332988645,0.07798107692448777
000007.SZ,20250807,7.14,7.2,7.07,7.12,7.15,-0.03,-0.4196,63423.0,45127.643,0.03000000000000025,-0.3200000000000003,-0.019999999999999574,7.164,7.182,7.161499999999999,7.15864503529006,7.1719933711556285,7.216705338054464,0.1299999999999999,0.19714285714285712,0.0,0.03000000000000025,0.03563546149412235,0.04589620416769639,0.776435919709544,43.70751070134267,7.193333333333334,7.188846153846155,7.178107777607695,7.248653540276333,-0.07054576266863766,-0.08212995425691114,-0.08468601420021715,0.02828050306315899,-0.19476149968894024
000007.SZ,20250808,7.13,7.7,7.08,7.52,7.12,0.4,5.618,228676.47,169125.1,0.40999999999999925,0.23999999999999932,0.3899999999999997,7.246,7.206,7.181000000000002,7.279096690193374,7.235267303672787,7.245590543954039,0.6200000000000001,0.23285714285714285,0.39999999999999947,0.0,0.06166149995882786,0.04261790387000379,1.4468449726413628,59.13104380615898,7.231666666666668,7.190384615384616,7.230706581052665,7.268753278033642,-0.03804669698097651,-0.07636514576638279,-0.07535815075636904,0.07462290755078504,2.6055763681945034
000007.SZ,20250811,7.52,7.68,7.29,7.58,7.52,0.06,0.7979,170160.0,127504.716,0.3899999999999997,0.2999999999999998,0.4500000000000002,7.324,7.236,7.203500000000001,7.37939779346225,7.297945975732279,7.2774390635774635,0.3899999999999997,0.23999999999999996,0.0600000000000005,0.0,0.06154282139034019,0.039573767879289234,1.5551418196534266,60.86322910500373,7.243333333333333,7.199230769230771,7.2844440301214854,7.29180859077189,-0.0073645606504042505,-0.06752150972280971,-0.06175943273517608,0.10878974416954366,-0.2558919595006867
000007.SZ,20250812,7.67,7.67,7.44,7.48,7.58,-0.1,-1.3193,75005.5,56488.804,0.23000000000000043,0.29000000000000004,0.5,7.369999999999999,7.265000000000001,7.228500000000001,7.412931862308167,7.331046707417319,7.296730581331991,0.22999999999999954,0.24642857142857139,0.0,0.09999999999999964,0.05714690557674446,0.043889927316482835,1.3020505858819906,56.56046803954713,7.260000000000001,7.208846153846154,7.314529563948949,7.305748695159157,0.008780868789791896,-0.05698691853640122,-0.04765137243018249,0.11286448243994877,-0.5592060413728256
000007.SZ,20250813,7.51,7.6,7.42,7.48,7.48,0.0,0.0,57731.53,43214.169,0.33000000000000007,0.3200000000000003,0.3700000000000001,7.436,7.297,7.246999999999998,7.435287908205445,7.358129124250533,7.314184811681325,0.17999999999999972,0.22642857142857137,0.0,-0.0,0.05306498374983414,0.04075493250816263,1.3020505858819906,56.56046803954713,7.276666666666667,7.216538461538462,7.3399865541106495,7.318656199221442,0.021330354889207648,-0.04462710775651156,-0.03385502696630447,0.11037076371102424,-0.2303027111345168
000007.SZ,20250814,7.47,7.48,7.28,7.28,7.48,-0.2,-2.6738,71931.9,52953.618,0.16000000000000014,0.1900000000000004,0.16999999999999993,7.467999999999999,7.316000000000001,7.2555,7.383525272136964,7.343923828932255,7.3109291153307225,0.20000000000000018,0.22499999999999995,0.0,0.20000000000000018,0.04927462776770313,0.05212958018615103,0.945233542870419,48.59229095317865,7.284166666666668,7.219615384615384,7.330757853478242,7.31579277705689,0.01496507642135203,-0.03292811834231034,-0.02409100628877317,0.0781121654202504,0.2459725214280653
000007.SZ,20250815,7.3,7.34,7.2,7.33,7.28,0.05,0.6868,60705.48,44133.625,-0.1899999999999995,0.21999999999999975,0.23000000000000043,7.43,7.337999999999999,7.267,7.3656835147579764,7.3413922236718445,7.31274539006113,0.13999999999999968,0.2228571428571428,0.04999999999999982,0.0,0.04932644007001004,0.0484060387442831,1.0190141839655418,50.47087791944572,7.298333333333333,7.226923076923077,7.330641260635436,7.316845163941565,0.01379609669387083,-0.022146095214589125,-0.016513585692244374,0.06061936477223041,-0.156070116318351
000007.SZ,20250818,7.36,7.8,7.31,7.52,7.33,0.19,2.5921,163553.68,123366.135,-0.0600000000000005,0.3299999999999992,0.2999999999999998,7.418000000000001,7.3709999999999996,7.282000000000001,7.417122343171984,7.373866364822418,7.332483924341022,0.4900000000000002,0.2414285714285714,0.1899999999999995,0.0,0.059374551493580716,0.04494846454826288,1.320947269062506,56.91414392176487,7.334166666666667,7.241923076923078,7.35977337438383,7.331893670316264,0.027879704067566458,-0.011053101650538584,-0.007634927740282208,0.07102926361569734,1.6942160740677774
000007.SZ,20250819,7.53,7.71,7.44,7.61,7.52,0.09,1.1968,132861.5,100902.426,0.1299999999999999,0.3600000000000003,0.4800000000000004,7.444000000000001,7.406999999999999,7.306000000000002,7.48141489544799,7.416799753036524,7.358914026784734,0.2699999999999996,0.2521428571428571,0.09000000000000075,0.0,0.06156208352975357,0.04173785993767267,1.4749698144965866,59.59546681568714,7.375833333333333,7.260384615384615,7.39826977832478,7.352494139181726,0.04577563914305394,0.0018411910783138197,0.003047185636385022,0.08545690701333783,-0.18765814379719242
000007.SZ,20250820,7.6,7.65,7.48,7.64,7.61,0.03,0.3942,90648.84,68520.847,0.15999999999999925,0.4899999999999993,0.5800000000000001,7.475999999999999,7.456,7.335000000000001,7.534276596965327,7.4573816161207915,7.385684119471902,0.16999999999999993,0.24928571428571417,0.02999999999999936,0.0,0.059307648991913986,0.038756584227838904,1.5302599590113832,60.478369171572496,7.413333333333333,7.285769230769231,7.43545904319789,7.3737908696127095,0.06166817358518095,0.01653162843984922,0.014771383226144208,0.09379358071807349,-0.3177192790989113
000007.SZ,20250821,7.65,7.87,7.62,7.8,7.64,0.16,2.0942,115537.0,89544.294,0.5199999999999996,0.6799999999999997,0.35999999999999943,7.58,7.523999999999999,7.353,7.622851064643552,7.5196758677351925,7.4251427747602925,0.25,0.25857142857142845,0.16000000000000014,0.0,0.06649995977820586,0.03598825678299327,1.8478238659681705,64.8854687977681,7.459166666666666,7.312307692307693,7.491542267321292,7.405361916308064,0.08618035101322796,0.030334633772538606,0.02905317678356096,0.11425434845933401,0.2745557472108855
000007.SZ,20250822,7.8,7.89,7.45,7.78,7.8,-0.02,-0.2564,120144.0,93179.581,0.4500000000000002,0.2600000000000007,0.5,7.67,7.55,7.378,7.675234043095701,7.567007528146975,7.458938700973598,0.4399999999999995,0.2792857142857141,0.0,0.019999999999999574,0.061749962651191155,0.03484623844135086,1.7720696813551775,63.9258707410583,7.511666666666667,7.3380769230769225,7.535920380041093,7.43311288547043,0.10280749457066296,0.04257597324154608,0.043804040340981364,0.1180069084593632,0.03987467218293707
000007.SZ,20250825,7.78,7.81,7.56,7.61,7.78,-0.17,-2.1851,113639.18,86804.291,0.09000000000000075,0.03000000000000025,0.33000000000000007,7.688000000000001,7.553,7.394500000000001,7.653489362063802,7.574824341211161,7.473325491357064,0.25,0.28285714285714275,0.0,0.16999999999999993,0.05733925103324893,0.04450007855268294,1.288520220596148,56.303641497233315,7.552499999999999,7.357692307692308,7.547317244650156,7.446215634694842,0.1011016099553137,0.052833833371048494,0.05526355426384784,0.09167611138293172,-0.054141863097616254
000007.SZ,20250826,7.61,8.0,7.53,7.73,7.61,0.12,1.5769,108813.64,84353.655,0.1200000000000001,0.25,0.54,7.712000000000001,7.578,7.4215,7.6789929080425345,7.6030380973545855,7.497770682656392,0.46999999999999975,0.302142857142857,0.1200000000000001,0.0,0.0618150188165883,0.041321501513205586,1.4959528708518341,59.93514093642667,7.57,7.377307692307692,7.575422283934747,7.46723669879152,0.10818558514322696,0.06248441451038397,0.06584796043972367,0.08467524940700658,-0.04246369957966956
000007.SZ,20250827,7.71,7.75,7.51,7.53,7.73,-0.2,-2.5873,77674.0,59247.089,-0.10999999999999943,0.04999999999999982,0.3700000000000001,7.69,7.583,7.44,7.62932860536169,7.589758443290115,7.500840141451021,0.2400000000000002,0.3099999999999999,0.0,0.20000000000000018,0.057399660329689135,0.05265567997654806,1.0900943707355781,52.15527040302661,7.565833333333334,7.392692307692307,7.568434240252478,7.471885832214371,0.0965484080381076,0.07154922913446793,0.07198804995940046,0.049120716157414285,-0.2861740495033527
000007.SZ,20250828,7.49,7.64,7.25,7.54,7.53,0.01,0.1328,76691.42,57304.85,-0.2599999999999998,0.2599999999999998,0.4500000000000002,7.638000000000001,7.609,7.4625,7.59955240357446,7.580711453601003,7.504569651789018,0.3899999999999997,0.2935714285714284,0.009999999999999787,0.0,0.0540139703061399,0.048894559978223194,1.1047030657438537,52.48735955793482,7.570833333333334,7.411153846153846,7.564059741752097,7.476931326124417,0.08712841562768059,0.0796972645715579,0.07501612309305648,0.02422458506924821,-0.012650050209851453
000007.SZ,20250829,7.53,7.63,7.46,7.56,7.54,0.02,0.2653,61150.59,46200.059,-0.22000000000000064,0.22999999999999954,0.4499999999999993,7.593999999999999,7.632000000000001,7.484999999999999,7.586368269049641,7.576945734764456,7.509848732571016,0.16999999999999993,0.2778571428571427,0.019999999999999574,0.0,0.05158440099855845,0.04540209140835011,1.1361679473001396,53.18720134978712,7.577500000000001,7.41576923076923,7.563435166097928,7.4830845612263115,0.08035060487161694,0.08552736466089685,0.07608301944876858,0.008535170845696716,-0.20264105163263377
000007.SZ,20250901,7.58,7.71,7.48,7.63,7.56,0.07,0.9259,80520.65,61438.257,0.019999999999999574,0.11000000000000032,0.4399999999999995,7.598000000000001,7.642999999999999,7.507,7.600912179366428,7.5865919648072815,7.521291710421395,0.22999999999999954,0.2778571428571427,0.07000000000000028,0.0,0.052899800927232864,0.04215908487918225,1.2547663470122967,55.649506596323775,7.6066666666666665,7.429230769230769,7.5736759097751705,7.493967186320659,0.07970872345451152,0.08929770736216991,0.07680816024991717,0.0058011264091887005,0.31675998547193085
000007.SZ,20250902,7.64,7.64,7.33,7.51,7.63,-0.12,-1.5727,106842.65,79884.723,-0.22000000000000064,-0.10000000000000053,0.2599999999999998,7.553999999999999,7.633,7.519999999999999,7.570608119577619,7.572666153024139,7.520216309428881,0.3099999999999996,0.287142857142857,0.0,0.1200000000000001,0.0491212437181448,0.04771915024495495,1.0293821970004189,50.72391974867643,7.621666666666667,7.438076923076922,7.5638796159636055,7.495154802148758,0.06872481381484707,0.09008177849879948,0.07519149096290315,-0.012933354296112143,0.32689751014180835
000007.SZ,20250903,7.51,7.54,7.25,7.31,7.51,-0.2,-2.6631,64003.14,47303.158,-0.22000000000000064,-0.33000000000000007,0.15999999999999925,7.510000000000001,7.6,7.527999999999999,7.48373874638508,7.524908670656114,7.500195708530892,0.29000000000000004,0.2935714285714284,0.0,0.20000000000000018,0.04561258345256303,0.058596353798886745,0.7784201660245558,43.77031822376488,7.604166666666667,7.442692307692307,7.524821213507666,7.481439631619221,0.0433815818884451,0.08532635970715693,0.06882950914801154,-0.050895854519132894,-0.40095888673671043
000007.SZ,20250904,7.3,7.5,7.27,7.42,7.31,0.11,1.5048,92250.5,68459.07,-0.1200000000000001,-0.3799999999999999,0.2999999999999998,7.486,7.562,7.542999999999999,7.462492497590054,7.505834366900457,7.4925580220041414,0.23000000000000043,0.2999999999999999,0.11000000000000032,0.0,0.05021168463452284,0.054410899956109114,0.9228240053927871,47.993160206270474,7.588333333333334,7.452692307692308,7.508694872968025,7.476888547795575,0.0318063251724503,0.07743734088513331,0.0614248723528993,-0.059237094360897996,0.4413433465920578
000007.SZ,20250905,7.46,7.5,7.29,7.5,7.42,0.08,1.0782,67325.35,49871.678,-0.05999999999999961,-0.28000000000000025,-0.019999999999999574,7.473999999999999,7.534000000000001,7.541999999999999,7.4749949983933694,7.504773572918555,7.493266781813271,0.20999999999999996,0.27999999999999986,0.08000000000000007,0.0,0.05233942144634264,0.05052440710210132,1.035923515946926,50.88224129407478,7.576666666666667,7.468461538461538,7.507357200203714,7.4786005072181245,0.02875669298558936,0.06939901677738616,0.05489123647943731,-0.052269086987695904,-0.27018986346957463
000007.SZ,20250908,7.48,7.72,7.44,7.62,7.5,0.12,1.6,68843.0,52434.068,-0.009999999999999787,0.009999999999999787,0.040000000000000036,7.4719999999999995,7.535000000000001,7.544,7.523329998928913,7.525723832387909,7.5053366121167695,0.27999999999999936,0.2807142857142856,0.1200000000000001,0.0,0.057172319914461034,0.04691552088052266,1.218622725303612,54.926991930854186,7.561666666666667,7.488076923076923,7.524686861710835,7.489074543720486,0.03561231799034914,0.0613353204270664,0.05103545278161968,-0.03084626958254108,0.022542029116818466
000007.SZ,20250909,7.66,7.66,7.53,7.6,7.62,-0.02,-0.2625,44226.5,33604.129,0.08999999999999986,-0.13000000000000078,0.11999999999999922,7.49,7.522,7.549999999999999,7.548886665952609,7.539228590135561,7.514352172867554,0.1299999999999999,0.2778571428571427,0.0,0.020000000000000462,0.05308858277771382,0.04499298367477107,1.179930256714275,54.12697278181452,7.546666666666667,7.503846153846154,7.536273498370707,7.497291244185636,0.038982254185071064,0.05493908111006234,0.04862481306230996,-0.01928511775447779,-0.35757448106561307
000007.SZ,20250910,7.63,7.69,7.55,7.63,7.6,0.03,0.3947,50722.18,38654.848,0.3200000000000003,0.09999999999999964,0.14999999999999947,7.554,7.531999999999999,7.5575,7.575924443968407,7.555732482838186,7.5253662516420725,0.14000000000000057,0.2699999999999999,0.03000000000000025,0.0,0.05143939829359142,0.04177919912657314,1.2312203050554416,55.181476354700344,7.548333333333333,7.518461538461538,7.550692960159829,7.507121522394107,0.04357143776572148,0.050099416903178,0.047614138002992266,-0.00808540047454158,0.14687302861406623
000007.SZ,20250911,7.61,7.66,7.46,7.63,7.63,0.0,0.0,57570.11,43437.42,0.20999999999999996,0.08999999999999986,0.34999999999999964,7.595999999999999,7.5409999999999995,7.574999999999998,7.593949629312271,7.569235667776697,7.535331370533304,0.20000000000000018,0.2528571428571428,0.0,-0.0,0.04776515555833489,0.0387949706175322,1.2312203050554418,55.18147635470035,7.539999999999999,7.536923076923076,7.562894043212163,7.516223631846396,0.046670411365766995,0.04635717318030578,0.04742539267554721,-0.0015099626195604343,0.13500858993048012
000007.SZ,20250912,7.63,7.76,7.56,7.57,7.63,-0.06,-0.7864,50944.0,38912.497,0.07000000000000028,0.010000000000000675,0.2400000000000002,7.609999999999999,7.541999999999999,7.586999999999999,7.585966419541514,7.569374637271842,7.5386331447682275,0.20000000000000018,0.24928571428571425,0.0,0.05999999999999961,0.04435335873273954,0.040309615573422726,1.1003170856827265,52.38814144698818,7.543333333333332,7.554230769230768,7.563987267333369,7.52020706652444,0.04378020080892853,0.04236511510857434,0.04669635430222348,-0.005832306986589902,-0.11509635816224774
000007.SZ,20250915,7.57,7.62,7.47,7.54,7.57,-0.03,-0.3963,48132.01,36118.436,-0.08000000000000007,-0.08999999999999986,0.020000000000000462,7.593999999999999,7.5329999999999995,7.587999999999998,7.570644279694344,7.564033794131507,7.538763321456967,0.15000000000000036,0.22642857142857142,0.0,0.03000000000000025,0.041185261680401,0.03957321446103541,1.0407358169236631,50.99806688807645,7.543333333333333,7.554999999999999,7.560296918512851,7.5216732097448515,0.038623708767999254,0.039020547881146804,0.045081825195378636,-0.012916232854758763,-0.055197668027638154
000007.SZ,20250916,7.56,7.58,7.46,7.53,7.54,-0.01,-0.1326,64947.5,48904.63,-0.0699999999999994,0.020000000000000462,-0.08000000000000007,7.58,7.535000000000001,7.583999999999999,7.557096186462896,7.557845831562141,7.537928719413446,0.1200000000000001,0.21785714285714283,0.0,0.009999999999999787,0.03824345727465807,0.03746084199953286,1.0208915559115026,50.51688958396582,7.540833333333333,7.553076923076923,7.555635854126258,7.522290009023011,0.03334584510324756,0.03790546601612485,0.04273462917695242,-0.018777568147409718,0.34936189035114046
000007.SZ,20250917,7.53,7.57,7.42,7.45,7.53,-0.08,-1.0624,64738.01,48337.454,-0.17999999999999972,0.14000000000000057,-0.1899999999999995,7.544,7.5489999999999995,7.574499999999999,7.521397457641932,7.538237498550842,7.529554555659785,0.15000000000000036,0.20071428571428576,0.0,0.08000000000000007,0.035511781755039634,0.04049935328528052,0.8768481191512354,46.71918362513912,7.525833333333334,7.551923076923076,7.539384184260681,7.516935193539824,0.022448990720856266,0.03686576218816996,0.03867750148573319,-0.032457021529753854,-0.0032255283113283495
000007.SZ,20250918,7.45,7.45,7.21,7.23,7.45,-0.22,-2.953,90627.0,66259.987,-0.39999999999999947,-0.1899999999999995,-0.5699999999999994,7.464,7.530000000000001,7.545999999999999,7.424264971761288,7.482194316996143,7.501025550358853,0.2400000000000002,0.20571428571428577,0.0,0.21999999999999975,0.032975225915393945,0.05332082805061761,0.618430491816265,38.21174248405555,7.502500000000001,7.542307692307691,7.491786617451345,7.495680734759097,-0.0038941173077517988,0.03323789437779872,0.030163177727036198,-0.06811459006957599,0.39990401311377965
000007.SZ,20250919,7.23,7.26,7.04,7.14,7.23,-0.09,-1.2448,100165.31,71429.654,-0.4300000000000006,-0.3600000000000003,-0.6400000000000006,7.378,7.494,7.513999999999998,7.329509981174192,7.419977168451389,7.46664216461039,0.21999999999999975,0.20500000000000007,0.0,0.09000000000000075,0.03061985263572295,0.055940768904144976,0.5473620265783323,35.37388259350716,7.488333333333333,7.536923076923076,7.437665599381907,7.469334013665831,-0.03166841428392431,0.025762257458435005,0.017796859324844098,-0.0989305472175368,0.1052479945270173
000007.SZ,20250922,7.11,7.18,6.98,7.05,7.14,-0.09,-1.2605,76575.0,54116.343,-0.4900000000000002,-0.5700000000000003,-0.5600000000000005,7.279999999999999,7.436999999999999,7.485999999999999,7.236339987449462,7.352708592369318,7.42696195845702,0.1999999999999993,0.1971428571428572,0.0,0.08999999999999986,0.028432720304599885,0.05837357112527747,0.4870820776679822,32.7542161244937,7.4575000000000005,7.526153846153846,7.378024737938537,7.438272234875769,-0.06024749693723219,0.014736729555956864,0.002187988072428839,-0.12487097001932207,-0.23551377218320393
000007.SZ,20250923,7.04,7.04,6.75,6.92,7.05,-0.13,-1.844,81422.98,55863.328,-0.6100000000000003,-0.6799999999999997,-0.8100000000000005,7.1579999999999995,7.369,7.4455,7.1308933249663085,7.274034302847623,7.378679867175399,0.2999999999999998,0.1978571428571429,0.0,0.1299999999999999,0.02640181171141418,0.06348974461632907,0.4158437220209551,29.37073601791204,7.409166666666667,7.503076923076923,7.3075593936403,7.399881698959045,-0.09232230531874475,-0.0003625752312060489,-0.01671407060580588,-0.15121646942587774,0.06331021873979753
000007.SZ,20250924,6.92,7.04,6.82,6.97,6.92,0.05,0.7225,62717.0,43696.789,-0.4800000000000004,-0.6600000000000001,-0.5600000000000005,7.062,7.303,7.4174999999999995,7.077262216644206,7.2187553386935095,7.339757975063456,0.21999999999999975,0.19714285714285712,0.04999999999999982,0.0,0.028087396589170293,0.05895476285801986,0.47642285758680564,32.26872674983593,7.3549999999999995,7.478461538461539,7.2556271792341,7.368038610147264,-0.11241143091316363,-0.018038335484420562,-0.03585354266727743,-0.1531157764917724,-0.22973833676930022
000007.SZ,20250925,7.0,7.03,6.89,6.91,6.97,-0.06,-0.8608,44336.0,30784.366,-0.3200000000000003,-0.7199999999999998,-0.6299999999999999,6.997999999999999,7.231,7.385999999999998,7.021508144429472,7.162618004385598,7.298828644105032,0.14000000000000057,0.19214285714285717,0.0,0.05999999999999961,0.02608115397565813,0.059029422653875556,0.4418331198762924,30.643845933723675,7.297499999999999,7.450384615384616,7.202453767044238,7.3341098242104295,-0.13165605716619133,-0.03753125303721166,-0.055014045567060216,-0.15328402319826223,-0.29307843168518904
000007.SZ,20250926,6.92,7.07,6.82,6.94,6.91,0.03,0.4342,46970.75,32740.007,-0.1999999999999993,-0.6299999999999999,-0.6199999999999992,6.958,7.167999999999999,7.3549999999999995,6.994338762952982,7.122142003588216,7.2646544875236,0.25,0.19000000000000009,0.03000000000000025,0.0,0.026361071548825422,0.05481303532145587,0.48092705310385747,32.474729399796445,7.239999999999999,7.417307692307692,7.162076264422048,7.3049165038985455,-0.14284023947649782,-0.05769391395326689,-0.07257928434894774,-0.14052191025510016,0.0594268765788524
000007.SZ,20250929,6.97,7.26,6.88,7.2,6.94,0.26,3.7464,105744.81,75412.314,0.15000000000000036,-0.33999999999999986,-0.4299999999999997,6.988000000000001,7.134,7.333499999999999,7.062892508635322,7.136298002935813,7.258496917283257,0.3799999999999999,0.20785714285714293,0.2599999999999998,0.0,0.04304956643819502,0.050897818512780454,0.8458037632277946,45.82305985489597,7.204166666666667,7.395,7.167910685280194,7.297144911017171,-0.12923422573697696,-0.0757583662688474,-0.0839102726265536,-0.09064790622084673,1.2512906436452473
000007.SZ,20250930,7.2,7.54,7.12,7.29,7.2,0.09,1.25,93593.14,68313.081,0.3700000000000001,-0.2400000000000002,-0.21999999999999975,7.062,7.110000000000001,7.322499999999998,7.138595005756882,7.164243820583847,7.261497210875328,0.41999999999999993,0.2278571428571429,0.08999999999999986,0.0,0.046403168835466795,0.04726226004758185,0.9818228918538776,49.5414043247548,7.180833333333333,7.382692307692306,7.1866936567755495,7.296615658349233,-0.10992200157368348,-0.09046625430157403,-0.08911261841597957,-0.04161876631540781,-0.11491504878584584
000007.SZ,20251009,7.37,7.45,7.0,7.38,7.29,0.09,1.2346,110011.71,79611.617,0.41000000000000014,-0.07000000000000028,0.07000000000000028,7.144,7.103,7.325999999999999,7.219063337171255,7.2034722168413285,7.272783190791964,0.4500000000000002,0.24571428571428575,0.08999999999999986,0.0,0.04951722820436201,0.04388638432989743,1.1283050303742745,53.014253796874954,7.1675,7.369230769230769,7.216433094194696,7.30279227624929,-0.08635918205459436,-0.09962903927344542,-0.08856193114370253,0.004405498178216338,0.17542492964762169
000007.SZ,20251010,7.37,7.45,7.26,7.33,7.38,-0.05,-0.6775,82398.5,60802.32,0.41999999999999993,0.09999999999999964,-0.08999999999999986,7.228,7.113000000000001,7.3215,7.256042224780837,7.226477268324723,7.278232410716539,0.1900000000000004,0.24500000000000005,0.0,0.04999999999999982,0.04598028333262187,0.04432307116347617,1.0373893804207166,50.91758062499069,7.150833333333334,7.361538461538462,7.2339049258570505,7.304807663193787,-0.0709027373367368,-0.1039884085015357,-0.08503009238230938,0.028254710091145163,-0.25100246146523864
000007.SZ,20251013,7.22,7.39,7.1,7.24,7.33,-0.09,-1.2278,90574.88,65772.065,0.2999999999999998,0.10000000000000053,-0.2599999999999998,7.288000000000001,7.122999999999999,7.308500000000002,7.250694816520559,7.228935946811137,7.274591228743535,0.29000000000000004,0.255,0.0,0.08999999999999986,0.04269597738029174,0.04758570893751357,0.8972436963449949,47.29195822727035,7.133333333333333,7.3500000000000005,7.234842629571351,7.300007095549803,-0.0651644659784516,-0.10453473839500453,-0.08105696710153784,0.03178500224617248,0.09922971898760298
000007.SZ,20251014,7.3,7.4,7.25,7.28,7.24,0.04,0.5525,76619.57,56096.513,0.08000000000000007,0.23000000000000043,-0.33999999999999986,7.304,7.146000000000001,7.291500000000001,7.260463211013707,7.238220320118202,7.275106349815579,0.16000000000000014,0.2578571428571429,0.040000000000000036,0.0,0.04250340756741376,0.04418672972769117,0.9619043506805959,49.0291155298629,7.1375,7.339230769230769,7.241789917329605,7.298525088472039,-0.056735171142434204,-0.10058061237541446,-0.07619260790971712,0.038914873534565825,-0.1540748384099432
000007.SZ,20251015,7.29,7.34,7.21,7.24,7.28,-0.04,-0.5495,43705.5,31745.598,-0.04999999999999982,0.3200000000000003,-0.35999999999999943,7.294000000000001,7.178,7.2735,7.2536421406758045,7.238543898278529,7.271762887928381,0.1299999999999999,0.2564285714285714,0.0,0.040000000000000036,0.03946744988402706,0.04388767760428466,0.899283171005019,47.3485567994138,7.145833333333332,7.32423076923077,7.241514545432743,7.29418989673337,-0.052675351300626616,-0.09394327019624368,-0.07148915658789902,0.037627610574544806,-0.42957784806153315
000007.SZ,20251016,7.24,7.32,7.17,7.19,7.24,-0.05,-0.6906,47470.0,34389.554,-0.1899999999999995,0.22000000000000064,-0.4399999999999995,7.256,7.2,7.2515,7.23242809378387,7.22971773495516,7.263975946220916,0.15000000000000036,0.25,0.0,0.04999999999999982,0.03664834632088227,0.04432427206112145,0.8268234223981303,45.26017196083092,7.1575,7.311923076923078,7.233589230750783,7.286472126604973,-0.05288289585418937,-0.08519069671713236,-0.0677679044411571,0.02977001717393546,0.08613332418116713
000007.SZ,20251017,7.19,7.29,7.02,7.04,7.19,-0.15,-2.0862,50553.0,36050.873,-0.29000000000000004,0.1299999999999999,-0.5899999999999999,7.198,7.213000000000001,7.2219999999999995,7.168285395855914,7.195223601326949,7.2426449037236855,0.27000000000000046,0.2535714285714286,0.0,0.15000000000000036,0.03403060729796211,0.05187253834246995,0.6560428385687848,39.615088649262354,7.1675,7.3015384615384615,7.20380627217374,7.268214932041641,-0.06440865986790101,-0.0764760767606216,-0.06709605552650588,0.005374791317209748,0.06494628186222878
000007.SZ,20251020,7.08,7.25,7.05,7.19,7.04,0.15,2.1307,50701.65,36353.188,-0.04999999999999982,0.25,-0.3799999999999999,7.188,7.238000000000001,7.203,7.175523597237277,7.19427385563114,7.237631103369049,0.20999999999999996,0.2542857142857144,0.15000000000000036,0.0,0.0423141353481077,0.04816735703229352,0.8784815683313999,46.76551439957589,7.185833333333334,7.292692307692307,7.2016822303008565,7.26242123337189,-0.06073900307103308,-0.06886549646440561,-0.06582464503541133,0.010171283928756492,0.0029404783098926166
000007.SZ,20251021,7.23,7.42,7.15,7.38,7.19,0.19,2.6426,54405.0,39792.523,0.09999999999999964,0.17999999999999972,-0.16000000000000014,7.208,7.256,7.1949999999999985,7.243682398158185,7.228042245516387,7.25119004590533,0.2699999999999996,0.2521428571428572,0.1899999999999995,0.0,0.05286312568038569,0.04472683152998685,1.181910809956299,54.16861241821206,7.2250000000000005,7.288076923076924,7.229115733331494,7.271130771640639,-0.04201503830914444,-0.06132027832390127,-0.06106272369015795,0.03809537076202703,0.07304200159166414
000007.SZ,20251022,7.4,7.44,7.3,7.37,7.38,-0.01,-0.1355,41703.51,30779.209,0.1299999999999999,0.08000000000000007,-0.16000000000000014,7.234,7.264,7.187,7.285788265438791,7.253852746331589,7.262505279628632,0.14000000000000057,0.24642857142857158,0.0,0.009999999999999787,0.04908718813178671,0.042246343563559205,1.161927494575608,53.7449797687918,7.260833333333334,7.2784615384615385,7.25079023589588,7.278454418185777,-0.027664182289896644,-0.05479861168337931,-0.05438301541010569,0.0534376662404181,-0.23346181417149156
000007.SZ,20251023,7.42,7.44,7.28,7.39,7.37,0.02,0.2714,60313.51,44470.877,0.1999999999999993,0.009999999999999787,-0.0600000000000005,7.273999999999999,7.265000000000001,7.183999999999999,7.320525510292527,7.278606792453118,7.274647633949715,0.16000000000000014,0.24785714285714297,0.019999999999999574,0.0,0.04700953183665906,0.03922874759473355,1.1983439370103695,54.511212592150315,7.276666666666667,7.270384615384615,7.272207122681129,7.286717053875718,-0.01450993119458932,-0.04853274433425181,-0.04640839856700242,0.0637969347448262,0.4462454119569312
000007.SZ,20251024,7.39,7.49,7.34,7.38,7.39,-0.01,-0.1353,52612.0,38951.969,0.33999999999999986,0.04999999999999982,0.14999999999999947,7.3420000000000005,7.269999999999999,7.1915,7.340350340195019,7.297041921098005,7.2846811926211705,0.15000000000000036,0.24071428571428585,0.0,0.009999999999999787,0.04365170813404056,0.03714097990939542,1.175297696520876,54.029280608379324,7.284166666666667,7.260769230769229,7.288790642268648,7.2936269017367765,-0.004836259468128823,-0.04182961027754928,-0.0380939707472277,0.06651542255819776,-0.12769129171888688
000007.SZ,20251027,7.38,7.41,7.27,7.31,7.38,-0.07,-0.9485,52831.0,38695.003,0.11999999999999922,0.0699999999999994,0.16999999999999993,7.366,7.276999999999999,7.2,7.330233560130013,7.299397935443822,7.28709250760963,0.14000000000000057,0.22357142857142875,0.0,0.07000000000000028,0.0405337289816091,0.039488052773010054,1.0264808248360566,50.65336973613355,7.278333333333333,7.248461538461537,7.2920536203811634,7.294839723830349,-0.0027861034491856174,-0.03583526942274388,-0.031032397287619286,0.05649258767686734,0.004162548468030107
000007.SZ,20251028,7.3,7.42,7.27,7.4,7.31,0.09,1.2312,49557.5,36600.736,0.020000000000000462,0.1200000000000001,0.35000000000000053,7.37,7.289,7.217500000000001,7.353489040086676,7.317689219908582,7.297845602122999,0.15000000000000036,0.2042857142857145,0.09000000000000075,0.0,0.04406703405435136,0.036667477574937914,1.2018016228220458,54.58264769928266,7.284166666666667,7.241923076923077,7.308660755707138,7.30262937391699,0.00603138179014806,-0.02931229907932447,-0.023619641472065817,0.059302046524427755,-0.06196172701633511
000007.SZ,20251029,7.4,8.07,7.35,7.99,7.4,0.59,7.973,213070.45,166549.605,0.6200000000000001,0.75,1.0700000000000003,7.494,7.364,7.271000000000001,7.565659360057785,7.439927543561566,7.363765068587476,0.7200000000000006,0.2235714285714288,0.5899999999999999,0.0,0.08306224590761198,0.03404837203387092,2.4395364872359426,70.92631510928923,7.346666666666667,7.25923076923077,7.41348217790604,7.353545716589807,0.05993646131623365,-0.01677681494927747,-0.006908420914405924,0.13368976446127914,3.299459214044292
000007.SZ,20251030,8.23,8.49,8.04,8.21,7.99,0.22,2.7534,271839.79,223793.722,0.8200000000000012,1.0200000000000005,1.240000000000001,7.6579999999999995,7.465999999999999,7.333000000000001,7.780439573371858,7.579940717459463,7.444358871579145,0.5,0.24571428571428594,0.22000000000000064,0.0,0.09284351405706832,0.031616345460022996,2.936566915188331,74.59715479135559,7.424166666666667,7.285384615384617,7.536023381305111,7.416986774620191,0.11903660668492044,0.0036059924454804695,0.01828058460545935,0.20151204415892218,0.27582116619174535
000007.SZ,20251031,8.12,8.36,8.05,8.3,8.21,0.09,1.0962,161351.66,131980.209,0.9200000000000008,1.2600000000000007,1.3900000000000006,7.842000000000001,7.5920000000000005,7.402500000000002,7.953626382247906,7.710860587012288,7.525848502857322,0.3099999999999987,0.24714285714285728,0.08999999999999986,0.0,0.09264040591013487,0.029358035070021354,3.1555383624680533,75.93572931411752,7.512499999999999,7.318076923076924,7.653558245719709,7.4823951616853615,0.17116308403434743,0.02937289101274497,0.04885708449123697,0.24461199908622094,-0.4064457598352323
000007.SZ,20251103,8.16,8.66,7.94,8.6,8.3,0.3,3.6145,188912.3,157032.854,1.29,1.4099999999999993,1.6599999999999993,8.1,7.733,7.4855,8.169084254831937,7.872522298464599,7.628148645442339,0.7199999999999998,0.28714285714285726,0.29999999999999893,0.0,0.10745180548798229,0.027261032565019827,3.9415897116773113,79.76359717527879,7.629999999999999,7.370769230769231,7.799164669455138,7.565180705264224,0.23398396419091405,0.0600394468460848,0.0858824604311724,0.2962030075194833,0.17081100993940804
000007.SZ,20251104,8.59,8.83,8.49,8.58,8.6,-0.02,-0.2326,144131.68,124433.911,1.1799999999999997,1.2000000000000002,1.38,8.336,7.853,7.554500000000002,8.306056169887958,8.001154607834671,7.718801155400211,0.33999999999999986,0.3021428571428572,0.0,0.019999999999999574,0.09977667652455499,0.026742387381804095,3.7310310070687436,78.86295823244708,7.758333333333333,7.426153846153847,7.919293181846656,7.640352504874281,0.27894067697237457,0.0941066534307816,0.12449410373941283,0.3088931464659235,-0.237044491015143
000007.SZ,20251105,8.5,8.92,8.5,8.87,8.58,0.29,3.38,132682.5,116510.839,0.879999999999999,1.4999999999999991,1.5799999999999992,8.511999999999999,8.003,7.633500000000001,8.494037446591971,8.159126497319276,7.8284391406001905,0.41999999999999993,0.3214285714285715,0.28999999999999915,0.0,0.11336405677280101,0.024832216854532376,4.565200821049926,82.03119649846991,7.898333333333333,7.496153846153846,8.065555769254862,7.731437504513224,0.3341182647416385,0.13284311964591802,0.16641893593985796,0.33539865760356113,-0.07943555504244447
000007.SZ,20251106,8.89,9.2,8.8,8.96,8.87,0.09,1.0147,195554.5,176642.08,0.75,1.5700000000000012,1.580000000000001,8.661999999999999,8.16,7.712500000000001,8.649358297727982,8.304739861443045,7.936206841495411,0.3999999999999986,0.3307142857142856,0.09000000000000163,0.0,0.11169519557474392,0.023058487079208635,4.843994976385818,82.88841787098107,8.030000000000001,7.574615384615385,8.203162573984883,7.82244213380854,0.38072044017634354,0.1756827529397483,0.2092792367871551,0.3428824067783769,0.47385299493150945
000007.SZ,20251107,8.97,9.67,8.85,9.67,8.96,0.71,7.9241,253751.96,237458.092,1.3699999999999992,2.29,2.34,8.936,8.389,7.8295,8.989572198485321,8.552968977544309,8.101329999448229,0.8200000000000003,0.3742857142857142,0.7099999999999991,0.0,0.1544312530336907,0.02141145228783659,7.212553868726595,87.82351974812612,8.221666666666668,7.678461538461538,8.428829870294901,7.9592982720449434,0.46953159824995794,0.22816249757298646,0.2613297090797157,0.4164037783404845,0.29760225410307606
000007.SZ,20251110,9.7,10.16,9.31,9.79,9.67,0.12,1.241,317113.0,310909.863,1.1899999999999995,2.4799999999999995,2.549999999999999,9.174,8.637,7.956999999999999,9.256381465656881,8.777883708899887,8.262155713786493,0.8499999999999996,0.41571428571428565,0.11999999999999922,0.0,0.15197187781699847,0.019882062838705406,7.64366751326966,88.4308368124432,8.421666666666667,7.789230769230769,8.638240659480301,8.094905807449022,0.5433348520312791,0.28786288315533437,0.3177307376700284,0.4512082287225013,0.2496967511108092
000007.SZ,20251111,9.79,9.94,9.08,9.16,9.79,-0.63,-6.4351,319139.99,297629.386,0.5800000000000001,1.7599999999999998,1.88,9.290000000000001,8.812999999999999,8.050999999999998,9.22425431043792,8.847359398190816,8.347664693425875,0.8599999999999994,0.467142857142857,0.0,0.629999999999999,0.14111674368721286,0.06346191549308353,2.223644568411942,68.97921036956541,8.57,7.8746153846153835,8.718511327252562,8.17380167356391,0.5447096536886527,0.34172657119671423,0.3631265208737533,0.3631662656297987,0.006392011680378889
000007.SZ,20251112,9.08,9.66,8.83,9.6,9.16,0.44,4.8035,251004.22,234919.385,0.7300000000000004,1.6099999999999994,2.3599999999999994,9.436,8.973999999999998,8.168999999999999,9.349502873625282,8.984203143974304,8.46693472262341,0.8300000000000001,0.5149999999999999,0.4399999999999995,0.0,0.16246554770955474,0.05892892152929185,2.7569747331757606,73.38283935823272,8.760833333333332,7.966923076923076,8.854124969213707,8.279445994040657,0.5746789751730503,0.3923535010287287,0.4054370117336127,0.3384839268788753,-0.21349806396873044
000007.SZ,20251113,9.6,9.69,9.44,9.59,9.6,-0.01,-0.1042,117520.11,112558.329,0.629999999999999,1.379999999999999,2.3999999999999995,9.562000000000001,9.111999999999998,8.289,9.429668582416856,9.094348026888065,8.5738933204688,0.25,0.522142857142857,0.0,0.009999999999999787,0.15086086573030083,0.055433998562913846,2.721450186550839,73.12875492425086,8.943333333333333,8.055384615384614,8.967336512411599,8.376524068556163,0.5908124438554356,0.43898120767551624,0.4425120981579773,0.2966006913949166,-0.531800262162923
000007.SZ,20251114,9.6,9.87,9.46,9.79,9.59,0.2,2.0855,131230.21,127772.378,0.11999999999999922,1.4899999999999984,2.749999999999999,9.586,9.261,8.426499999999999,9.54977905494457,9.220830203817506,8.689713004233676,0.40999999999999837,0.5414285714285711,0.1999999999999993,0.0,0.15437080389242214,0.05147442723699143,2.9989805069940743,74.99362654428958,9.093333333333332,8.148076923076925,9.093900125886737,8.481225989403855,0.612674136482882,0.4810578934857349,0.47654450582295826,0.27225926131984757,0.11666173559572052
000007.SZ,20251117,9.8,10.02,9.78,9.9,9.79,0.11,1.1236,124883.48,123677.113,0.11000000000000121,1.3000000000000007,2.71,9.608,9.391,8.562000000000001,9.666519369963048,9.344315621305233,8.804978432401898,0.2400000000000002,0.5478571428571425,0.11000000000000121,0.0,0.15120146075724922,0.04779768243434918,3.163363850641224,75.98096068769047,9.234166666666667,8.246923076923077,9.217915491134931,8.586320360559125,0.631595130575807,0.520241721663894,0.507554630773528,0.24808099960455787,-0.0483633303642507
000007.SZ,20251118,9.88,9.96,9.6,9.67,9.9,-0.23,-2.3232,111915.31,108615.86,0.5099999999999998,1.0899999999999999,2.29,9.709999999999999,9.500000000000002,8.676499999999999,9.667679579975365,9.4035309628861,8.887361438839813,0.3600000000000012,0.5221428571428569,0.0,0.23000000000000043,0.1404013564174457,0.06081213368903855,2.308772080509209,69.77730784508725,9.348333333333333,8.340384615384615,9.28746695403725,8.666592926443634,0.6208740275936151,0.5521034730918915,0.5302185101375455,0.18131103491213918,-0.10384215750554035
000007.SZ,20251119,9.68,9.89,9.49,9.73,9.67,0.06,0.6205,96999.99,94049.767,0.13000000000000078,0.8600000000000012,2.3600000000000003,9.736,9.586,8.7945,9.68845305331691,9.462888969634081,8.967612730378878,0.40000000000000036,0.5149999999999998,0.0600000000000005,0.0,0.1346584023876282,0.05646840985410723,2.38466786536993,70.45500356973122,9.4425,8.434615384615384,9.355548961108441,8.745363820781144,0.6101851403272978,0.577599550886442,0.546211836175496,0.1279466083036036,-0.13327327601558708
000007.SZ,20251120,9.78,10.37,9.7,10.0,9.73,0.27,2.7749,180206.71,181132.294,0.41000000000000014,1.0399999999999991,2.6100000000000003,9.818000000000001,9.690000000000001,8.924999999999999,9.792302035544608,9.560545520609702,9.065935327485652,0.6699999999999999,0.5407142857142856,0.2699999999999996,0.0,0.14432565935994043,0.05243495200738529,2.752470515079572,73.35088987424609,9.560833333333335,8.54076923076923,9.454695274784067,8.838299834056615,0.6163954407274517,0.5939177556061634,0.5602485570858872,0.11229376728312901,0.8578013255465282
000007.SZ,20251121,9.98,10.12,9.42,9.5,10.0,-0.5,-5.0,176096.55,170018.366,-0.28999999999999915,-0.16999999999999993,2.12,9.76,9.672999999999998,9.030999999999999,9.694868023696406,9.54953724413521,9.107274820106067,0.6999999999999993,0.539285714285714,0.0,0.5,0.13401668369137326,0.08440388400685776,1.5878023300501727,61.35717213066224,9.613333333333333,8.629615384615384,9.461665232509596,8.887314661163533,0.5743505713460628,0.5973639466411395,0.5630689599379224,0.02256322281628087,-0.02280802973429793
000007.SZ,20251124,9.6,9.79,9.25,9.39,9.5,-0.11,-1.1579,120264.51,113333.049,-0.5099999999999998,-0.3999999999999986,2.080000000000001,9.658,9.633,9.135,9.593245349130939,9.520530472474263,9.134201027715013,0.5399999999999991,0.5535714285714283,0.0,0.10999999999999943,0.12444406342770374,0.08623217800636787,1.4431279170347997,59.06886442468022,9.649166666666668,8.719999999999999,9.450639812123505,8.924550612188456,0.5260891999350488,0.5952950073351835,0.5556730079373476,-0.059167616004597745,-0.317053570896193
000007.SZ,20251125,9.41,9.59,9.4,9.47,9.39,0.08,0.852,85257.61,80914.262,-0.1999999999999993,0.3100000000000005,2.0700000000000003,9.618,9.664,9.2385,9.552163566087293,9.511343113842578,9.166181882218345,0.1999999999999993,0.5378571428571426,0.08000000000000007,0.0,0.12126948746858204,0.08007273672019874,1.5144916039567713,60.230529367192446,9.632499999999999,8.807692307692307,9.453618302566042,8.964954270544867,0.48866403202117503,0.5857377914294195,0.5422712127541132,-0.10721436146587626,-0.29108254796032507
000007.SZ,20251126,9.36,9.9,9.36,9.68,9.47,0.21,2.2175,101755.0,98714.151,-0.05000000000000071,0.08000000000000007,1.6899999999999995,9.608,9.672,9.323,9.594775710724862,9.542008002234835,9.215116941054692,0.5400000000000009,0.5478571428571427,0.20999999999999908,0.0,0.12760738122082613,0.07435325552589882,1.7162312573708056,63.184283470474575,9.623333333333333,8.896153846153846,9.48844625601742,9.017920620874877,0.4705256351425433,0.5723725904613204,0.5279220972317993,-0.11479292417851195,0.19350049807870523
000007.SZ,20251127,9.71,9.83,9.65,9.79,9.68,0.11,1.1364,80442.11,78420.819,-0.21000000000000085,0.1999999999999993,1.5799999999999983,9.565999999999999,9.691999999999998,9.401999999999997,9.659850473816576,9.587097456373955,9.269867708573294,0.17999999999999972,0.502142857142857,0.10999999999999943,0.0,0.12634971113362423,0.06904230870262033,1.8300331131428247,64.66472440354332,9.675833333333332,8.989230769230769,9.53483913970705,9.075111685995255,0.45972745371179435,0.5553785145978662,0.5142831685277983,-0.10911142963200793,-0.20945299985258709
000007.SZ,20251128,9.79,10.17,9.62,9.88,9.79,0.09,0.9193,171541.4,170003.975,0.3800000000000008,0.09000000000000163,1.58,9.642,9.700999999999999,9.481,9.733233649211051,9.640352464305963,9.327975545852027,0.5500000000000007,0.4807142857142856,0.09000000000000163,0.0,0.12375330319550833,0.06411071522386173,1.930306076969921,65.87387208936042,9.699166666666665,9.084999999999997,9.58794081052135,9.134733042588199,0.45320776793315076,0.5355576965264599,0.5020680884088689,-0.09772064095143618,1.132482601463338
000007.SZ,20251201,9.91,10.87,9.88,10.87,9.88,0.99,10.0202,167432.47,175964.693,1.4799999999999986,0.9699999999999989,2.2699999999999996,9.937999999999999,9.797999999999998,9.5945,10.112155766140702,9.863924743523059,9.474835017675643,0.9899999999999984,0.4899999999999998,0.9899999999999984,0.0,0.18562806725297193,0.059531378422157326,3.1181550330754972,75.71728135613228,9.805833333333332,9.21923076923077,9.785180685825758,9.263271335729813,0.5219093500959442,0.524561621248941,0.5060363407462839,0.03174601869932059,-0.023952993271595037
000007.SZ,20251202,10.77,11.09,10.43,10.79,10.87,-0.08,-0.736,231737.82,248304.619,1.3199999999999985,1.1199999999999992,2.209999999999999,10.202,9.91,9.705,10.338103844093801,10.0323020628825,9.600088825516059,0.6600000000000001,0.4778571428571427,0.0,0.08000000000000007,0.17236891959204534,0.06099342282057467,2.826024702681562,73.86321109481793,9.889166666666666,9.353076923076923,9.939768272621794,9.376362347897976,0.5634059247238188,0.5193639306263322,0.5175102575417909,0.09179133436405573,0.3840673795232192
000007.SZ,20251203,10.83,11.08,10.44,10.5,10.79,-0.29,-2.6877,169771.86,181938.689,0.8200000000000003,0.7699999999999996,1.6300000000000008,10.366,9.987,9.7865,10.392069229395869,10.11733805144932,9.685794651657387,0.6400000000000006,0.5057142857142856,0.0,0.28999999999999915,0.16005685390689922,0.07735103547624786,2.0692270364764256,67.41850674077102,9.939166666666665,9.472307692307693,10.025957769141518,9.459594766572199,0.5663630025693198,0.5138047708309842,0.5272808065472967,0.07816439204404624,-0.267396836649279
000007.SZ,20251204,10.39,10.5,10.08,10.15,10.5,-0.35,-3.3333,112303.0,114627.5,0.3600000000000012,0.15000000000000036,1.1899999999999995,10.437999999999999,10.002,9.846,10.311379486263913,10.123276587549443,9.730004684832874,0.41999999999999993,0.5064285714285715,0.0,0.34999999999999964,0.14862422148497784,0.0968259615136587,1.5349625158538935,60.55168493632919,9.979166666666666,9.555384615384614,10.045041189273592,9.510735894974259,0.5343052942993332,0.5093552956035698,0.528685704097704,0.011239180403258331,-0.3385063932267691
000007.SZ,20251205,10.15,10.15,9.91,9.95,10.15,-0.2,-1.9704,90357.44,90135.329,0.06999999999999851,0.4499999999999993,0.27999999999999936,10.451999999999998,10.047,9.86,10.190919657509276,10.091771753449542,9.750956619610696,0.2400000000000002,0.5064285714285715,0.0,0.20000000000000107,0.13800820566462227,0.10419553569125459,1.3245116957175516,56.98021215198443,9.9975,9.622307692307691,10.030419467846885,9.543273976828017,0.48714549101886817,0.5050282168351052,0.5203776614819369,-0.0664643409261374,-0.19541383578354984
000007.SZ,20251208,9.5,9.95,9.31,9.89,9.95,-0.06,-0.603,187016.52,181994.138,-0.9799999999999986,0.5,0.10000000000000142,10.256,10.097,9.865,10.090613105006184,10.05508598009508,9.76419884631444,0.6399999999999988,0.5264285714285712,0.0,0.05999999999999872,0.12815047668857782,0.10103871171330774,1.2683304697332083,55.91471289817767,9.988333333333335,9.683461538461538,10.00881647279352,9.568957385951867,0.4398590868416523,0.49960544514849164,0.50427394655388,-0.12882971942445542,1.0697412410090412
000007.SZ,20251209,9.91,10.26,9.81,10.16,9.89,0.27,2.73,129337.73,130017.031,-0.629999999999999,0.6899999999999995,1.0,10.129999999999999,10.166,9.915,10.113742070004124,10.07416125644143,9.801894194284493,0.4499999999999993,0.5299999999999997,0.2699999999999996,0.0,0.13828258549653652,0.0938216608766429,1.4738876311127238,59.57779215904756,10.043333333333335,9.743461538461538,10.032075476979132,9.612738320325802,0.4193371566533308,0.49391783642746806,0.4872865885737702,-0.1358988638408788,-0.30841548115642403
000007.SZ,20251210,10.24,10.4,10.04,10.25,10.16,0.09,0.8858,107343.57,110076.936,-0.25,0.5700000000000003,0.6500000000000004,10.080000000000002,10.222999999999999,9.947499999999998,10.15916138000275,10.106131937088442,9.84457093768597,0.3600000000000012,0.5078571428571427,0.08999999999999986,0.0,0.13483382938964103,0.08712011367116841,1.5476773813515239,60.748562305423945,10.115,9.807692307692308,10.06560232667465,9.659942889190557,0.4056594374840934,0.4879102790688346,0.47096115835583485,-0.13060344174348293,-0.1700521572475409
000007.SZ,20251211,10.28,10.36,10.05,10.09,10.25,-0.16,-1.561,91261.15,92688.946,-0.0600000000000005,0.3000000000000007,0.5,10.068000000000001,10.253,9.9725,10.136107586668501,10.103198857617816,9.867945134096832,0.3099999999999987,0.4799999999999998,0.0,0.16000000000000014,0.12520284157609524,0.09232581983751353,1.3560978044542986,57.55694020386337,10.166666666666666,9.854615384615384,10.06935581487855,9.691798971472739,0.3775568434058112,0.4795046207880191,0.45228029536583014,-0.1494469039200379,-0.14982192226325258
000007.SZ,20251212,9.97,10.79,9.78,10.55,10.09,0.46,4.559,195684.13,202162.165,0.6000000000000014,0.6699999999999999,0.7600000000000016,10.187999999999999,10.32,10.0105,10.274071724445669,10.18443542896003,9.932902740373324,1.0099999999999998,0.5135714285714285,0.46000000000000085,0.0,0.14911692432065995,0.08573111842054829,1.7393558729652496,63.49506795122834,10.239166666666666,9.91576923076923,10.143301074128004,9.755369418030314,0.38793165609769,0.4646182103437686,0.43941056751220214,-0.10295782282902433,1.1442216101813314
000007.SZ,20251215,10.62,11.61,10.62,11.61,10.55,1.06,10.0474,345108.91,393914.741,1.7199999999999989,0.7400000000000002,1.709999999999999,10.532,10.394,10.096,10.719381149630447,10.443628987330934,10.092626288909198,1.0599999999999987,0.5749999999999998,1.0599999999999987,0.0,0.21418000115489844,0.07960746710479484,2.690451146661318,72.90304192470666,10.390833333333333,9.990384615384615,10.368947062723695,9.892749461139179,0.4761976015845164,0.45492839666162393,0.44676797432666504,0.05885925451570273,0.7636019333811074
000007.SZ,20251216,11.79,12.3,11.58,12.0,11.61,0.39,3.3592,390486.79,465198.778,1.8399999999999999,1.2100000000000009,2.33,10.9,10.514999999999999,10.2125,11.146254099753632,10.726605535088945,10.274280928060703,0.7200000000000006,0.5878571428571426,0.39000000000000057,0.0,0.22673857250097715,0.07392121945445236,3.0673002173710815,75.41366639892753,10.5675,10.075384615384618,10.619878283843127,10.048842093647387,0.5710361901957395,0.4554476397312261,0.47162161750047993,0.1988291453905191,0.13148857848961362
000007.SZ,20251217,12.0,12.0,11.31,11.52,12.0,-0.48,-4.0,233900.5,270498.893,1.2699999999999996,1.0199999999999996,1.7899999999999991,11.154,10.617,10.302000000000003,11.270836066502422,10.870859074163683,10.39292083967397,0.6899999999999995,0.624285714285714,0.0,0.4800000000000004,0.2105429601794788,0.10292684663627723,2.045559220554918,67.16530766333959,10.621666666666666,10.166153846153845,10.75835854786726,10.15781675337721,0.6005417944900504,0.46280725086352803,0.49740565289839406,0.2062722831833127,-0.401002784242714
000007.SZ,20251218,11.5,11.7,11.41,11.5,11.52,-0.02,-0.1736,112034.82,129326.274,1.4100000000000001,1.3499999999999996,1.5,11.435999999999998,10.751999999999999,10.376999999999999,11.347224044334949,10.985248333406648,10.49835695018121,0.28999999999999915,0.6057142857142853,0.0,0.019999999999999574,0.19550417730951603,0.09700350044797168,2.0154342514100887,66.83728058297487,10.680833333333332,10.23923076923077,10.87245723281076,10.257237734608527,0.615219498202233,0.4770376961061241,0.5209684219591619,0.1885021524861421,-0.5210150469964793
000007.SZ,20251219,11.53,11.8,11.06,11.75,11.5,0.25,2.1739,133816.06,154938.953,1.1999999999999993,1.8000000000000007,2.25,11.675999999999998,10.931999999999999,10.4895,11.4814826962233,11.124294090969075,10.617561050163951,0.7400000000000002,0.5878571428571426,0.25,0.0,0.199396736073122,0.09007467898740228,2.2136824501035344,68.88304879133956,10.785000000000002,10.322307692307692,11.007463812378337,10.367812717230118,0.6396510951482188,0.49923680814018706,0.5447049565969734,0.1898922771024909,0.19441491493448187
000007.SZ,20251222,11.9,12.0,11.51,11.77,11.75,0.02,0.1702,114086.5,134647.657,0.16000000000000014,1.879999999999999,2.379999999999999,11.707999999999998,11.12,10.608500000000001,11.577655130815533,11.241695165338333,10.727317140624528,0.4900000000000002,0.5757142857142855,0.019999999999999574,0.0,0.1865826834964704,0.08364077334544497,2.230762294914046,69.04755259852367,10.92,10.39846153846154,11.124777072012439,10.471678441879739,0.6530986301326998,0.5252103051934502,0.5663836913041187,0.1734298776571621,-0.1474379084244447
000007.SZ,20251223,11.82,12.13,11.5,11.82,11.77,0.05,0.4248,91180.82,107040.722,-0.17999999999999972,1.6600000000000001,2.3499999999999996,11.671999999999999,11.285999999999998,10.726,11.658436753877023,11.346841498913182,10.831382174850765,0.6300000000000008,0.5749999999999998,0.05000000000000071,0.0,0.17682677753243684,0.0776664323921989,2.27674649248081,69.48192353925724,11.075833333333334,10.472307692307691,11.231734445548987,10.57155411285161,0.6601803326973776,0.5534904046615929,0.5851430195827705,0.1500746262292143,-0.20077467535597984
000007.SZ,20251224,11.95,12.2,11.68,11.8,11.82,-0.02,-0.1692,95883.12,114526.435,0.28000000000000114,1.5500000000000007,2.120000000000001,11.728,11.440999999999999,10.832,11.705624502584683,11.42923395365624,10.923631491531644,0.5199999999999996,0.582142857142857,0.0,0.019999999999999574,0.16419629342297706,0.07354740150704182,2.2325233802754543,69.06441555529332,11.235,10.55423076923077,11.319159915464528,10.662550104492231,0.6566098109722969,0.5844962899467581,0.5994363778606758,0.11434686622324208,0.0515711527928789
000007.SZ,20251225,11.95,12.06,11.51,11.56,11.8,-0.24,-2.0339,108755.57,127801.019,0.0600000000000005,1.4700000000000006,1.7700000000000014,11.74,11.588000000000001,10.9205,11.657083001723123,11.453009598446014,10.984238016147678,0.5500000000000007,0.6042857142857141,0.0,0.2400000000000002,0.15246798674990727,0.08543687282796743,1.7845689068806538,64.08779838311756,11.351666666666665,10.624615384615385,11.356212236162293,10.729027874529844,0.6271843616324482,0.6110799238950645,0.6049859746150303,0.04439677403483566,0.13425147200049406
000007.SZ,20251226,11.56,11.73,11.28,11.39,11.56,-0.17,-1.4706,97961.23,112254.811,-0.35999999999999943,0.8399999999999999,1.5099999999999998,11.668000000000001,11.672,10.996,11.568055334482082,11.441553307819465,11.022882014609804,0.45000000000000107,0.5907142857142856,0.0,0.16999999999999993,0.14157741626777104,0.09147709619739831,1.54768157443762,60.748626907161984,11.446666666666665,10.678076923076922,11.361410353675785,10.777988772712819,0.5834215809629661,0.6229936993815589,0.6006730958846176,-0.03450302984330289,-0.09925321526060697
000007.SZ,20251229,11.36,11.59,11.15,11.36,11.39,-0.03,-0.2634,73953.0,83980.988,-0.41000000000000014,-0.25,0.4900000000000002,11.586,11.647,11.020500000000002,11.498703556321388,11.42672543367047,11.05498848940887,0.4399999999999995,0.59,0.0,0.030000000000001137,0.13146474367721597,0.08708587504044138,1.509598928829339,60.15299542439343,11.5525,10.749615384615385,11.361193376187202,10.821100715474833,0.5400926607123697,0.6195555294389623,0.588557008850168,-0.09692869627559664,-0.24507889498733323
000007.SZ,20251230,11.36,11.76,11.29,11.62,11.36,0.26,2.2887,103222.0,119654.518,-0.20000000000000107,-0.3800000000000008,0.8300000000000001,11.546,11.609000000000002,11.062000000000001,11.53913570421426,11.461866263912203,11.108799109465167,0.47000000000000064,0.5978571428571428,0.2599999999999998,0.0,0.14064583341455766,0.08086545539469557,1.7392572975454168,63.493754277990746,11.641666666666666,10.835384615384616,11.401009779850709,10.880278440254475,0.5207313395962334,0.6106877011174271,0.5749918749993812,-0.10852107080629558,0.39577839979446405
000007.SZ,20251231,11.72,11.75,11.28,11.44,11.62,-0.18,-1.5491,80556.0,92109.366,-0.3600000000000012,-0.08000000000000007,0.9399999999999995,11.474,11.601,11.109,11.506090469476174,11.457890579564529,11.140342051420866,0.47000000000000064,0.6092857142857143,0.0,0.17999999999999972,0.13059970245637498,0.08794649429507444,1.4849904308657518,59.758396347159874,11.6275,10.911153846153846,11.407008275258292,10.921739296531921,0.48526897872637065,0.596248754508998,0.5570472957447792,-0.14355663403681707,-0.21958497219584971
000007.SZ,20260105,11.44,11.7,11.32,11.52,11.44,0.08,0.6993,82737.03,95501.954,-0.040000000000000924,0.019999999999999574,1.3699999999999992,11.466,11.602999999999998,11.177500000000002,11.510726979650784,11.469183201461888,11.176499951285546,0.379999999999999,0.5642857142857143,0.08000000000000007,0.0,0.12698543799520534,0.08166460184542626,1.5549630455011805,60.860490653247766,11.5875,10.981923076923078,11.424391617526247,10.966054904196223,0.45833671333002357,0.5761027120847539,0.5373051792618281,-0.15793693186360902,0.027074705794726636
000007.SZ,20260106,11.53,12.09,11.52,11.61,11.52,0.09,0.7813,116114.23,136789.038,0.21999999999999886,-0.14000000000000057,1.6600000000000001,11.51,11.589,11.260499999999999,11.543817986433856,11.494786255741545,11.217785670210732,0.5700000000000003,0.5292857142857145,0.08999999999999986,0.0,0.12434362099554781,0.07583141599932439,1.639737559386411,62.11744624217707,11.594999999999999,11.051923076923078,11.452946753291439,11.01375454092243,0.43919221236900974,0.5523353323332328,0.5176825858832644,-0.1569807470285094,0.40341307876291904
000007.SZ,20260107,11.7,11.85,11.4,11.5,11.61,-0.11,-0.9475,85345.5,98828.359,0.14000000000000057,-0.2699999999999996,1.6099999999999994,11.538,11.562000000000001,11.341,11.529211990955904,11.495734209243082,11.244663225428758,0.4499999999999993,0.51,0.0,0.10999999999999943,0.11546193378158011,0.07827202914222975,1.4751365851493616,59.5981892070148,11.594999999999999,11.11423076923077,11.460185714323526,11.049772723076323,0.41041299124720254,0.5245834055054357,0.4962286669560521,-0.17163135141769914,-0.2649867290167622
000007.SZ,20260108,11.5,12.36,11.43,12.16,11.5,0.66,5.7391,167014.49,201730.027,0.5400000000000009,0.33999999999999986,2.0,11.646,11.596,11.440999999999999,11.73947466063727,11.61650980756252,11.331838156340304,0.9299999999999997,0.5271428571428572,0.6600000000000001,0.0,0.1543575099400387,0.07268116991778475,2.123762043382685,67.98731830043265,11.629166666666668,11.163846153846155,11.567849450581445,11.132011780626225,0.43583766995521955,0.5000531676146492,0.48415046755588564,-0.09662559520133218,0.9569220404122067
000007.SZ,20260109,12.39,12.88,12.11,12.18,12.16,0.02,0.1645,152935.99,189716.154,0.7400000000000002,0.379999999999999,1.9299999999999997,11.793999999999999,11.634,11.537500000000001,11.886316440424848,11.71896256982388,11.412615474784085,0.7700000000000014,0.5614285714285716,0.019999999999999574,0.0,0.1447605449443216,0.06748965778080013,2.1449293077539355,68.20278288817289,11.663333333333334,11.217307692307694,11.6620264581843,11.209640537616876,0.45238592056742455,0.4806311186074244,0.47779755815819347,-0.05082327518153784,-0.08429508122319207
000007.SZ,20260112,12.2,12.4,11.66,11.87,12.18,-0.31,-2.5452,165867.73,197532.682,0.34999999999999964,0.3099999999999987,1.7799999999999994,11.863999999999999,11.665000000000001,11.6265,11.8808776269499,11.746423920764991,11.45617590575703,0.7400000000000002,0.5614285714285716,0.0,0.3100000000000005,0.13442050601972722,0.08481182508217158,1.584926463845004,61.31417995881675,11.667499999999999,11.270000000000001,11.694022387694407,11.258556053348958,0.435466334345449,0.46419164676103364,0.4693313133956446,-0.06772995810039117,0.08455655205815205
000007.SZ,20260113,11.87,12.05,11.63,11.68,11.87,-0.19,-1.6007,113510.53,133997.148,0.07000000000000028,0.28999999999999915,1.129999999999999,11.878,11.693999999999999,11.683000000000002,11.813918417966601,11.734346844262264,11.477492486161124,0.41999999999999993,0.5564285714285716,0.0,0.1899999999999995,0.12481904130403242,0.09232526614773072,1.3519488923466305,57.48206930626536,11.6575,11.328846153846154,11.691865097279884,11.289774123471258,0.402090973808626,0.44885812599395103,0.4558832454782409,-0.10758454333922973,-0.315656336527907
000007.SZ,20260114,11.68,11.81,11.4,11.52,11.68,-0.16,-1.3699,89481.0,103719.635,0.019999999999999574,0.16000000000000014,-0.08999999999999986,11.882,11.709999999999997,11.678500000000001,11.715945611977734,11.695374690760033,11.481540820812445,0.41000000000000014,0.5407142857142858,0.0,0.16000000000000014,0.11590339549660153,0.0971591757086071,1.192922795518673,54.39875940714644,11.654166666666669,11.38923076923077,11.665424313082978,11.306827892103017,0.3585964209799606,0.43084313503658733,0.43642588057858483,-0.1556589191972485,-0.211694280698011
000007.SZ,20260115,11.51,11.62,11.19,11.27,11.52,-0.25,-2.1701,86061.26,97794.49,-0.8900000000000006,-0.34999999999999964,-0.7300000000000004,11.703999999999999,11.675,11.642000000000001,11.567297074651822,11.618033837894572,11.461394075973164,0.4299999999999997,0.5342857142857145,0.0,0.25,0.10762458153255856,0.1080763774437066,0.9958196608561999,49.89527262342914,11.644166666666669,11.44230769230769,11.604589803377904,11.304099900095386,0.3004899032825179,0.41031212665393707,0.40923868511937145,-0.2174975636737071,-0.03821749868687213
000007.SZ,20260116,11.28,11.56,11.12,11.3,11.27,0.03,0.2662,79829.21,90202.014,-0.879999999999999,-0.1399999999999988,-0.21999999999999886,11.527999999999997,11.660999999999998,11.631000000000002,11.478198049767883,11.560209503731922,11.446023211594767,0.4400000000000013,0.5264285714285716,0.030000000000001137,0.0,0.10207996856594732,0.10035663619772757,1.017172081822515,50.42564741940608,11.639166666666666,11.486153846153845,11.557729833627457,11.303796203792023,0.25393362983543355,0.3876006729323159,0.3781776740625839,-0.2484880884543007,-0.07241411524767344
000007.SZ,20260119,11.26,11.36,11.1,11.35,11.3,0.05,0.4425,68350.73,76776.573,-0.5199999999999996,-0.16999999999999993,-0.15000000000000036,11.424,11.643999999999998,11.623500000000002,11.435465366511924,11.52198959396248,11.436878143823836,0.2599999999999998,0.512857142857143,0.049999999999998934,0.0,0.09835997081123672,0.09318830504074703,1.055496939967181,51.349964061928176,11.616666666666667,11.52846153846154,11.525771397684771,11.307218707214837,0.21855269046993442,0.36308517049908534,0.346252677344054,-0.2553999737482392,-0.1437879693410471
000007.SZ,20260120,11.35,11.38,10.92,10.98,11.35,-0.37,-3.2599,69241.0,76566.226,-0.6999999999999993,-0.629999999999999,-0.7699999999999996,11.284,11.581,11.585,11.283643577674617,11.423446031423847,11.393365939650138,0.46000000000000085,0.5142857142857145,0.0,0.3699999999999992,0.0913342586104341,0.11296056896640791,0.8085499165429574,44.707083235418814,11.578333333333331,11.56269230769231,11.44180656727173,11.282980284458182,0.15882628281354805,0.33513109178423484,0.30876739843795287,-0.29988223124880964,0.01302502548253697
000007.SZ,20260121,10.9,11.3,10.9,11.28,10.98,0.3,2.7322,71461.0,79719.442,-0.2400000000000002,-0.22000000000000064,-0.4900000000000002,11.236,11.559000000000001,11.560500000000001,11.28242905178308,11.39736493480133,11.382569183492983,0.40000000000000036,0.5092857142857145,0.29999999999999893,0.0,0.10623895442397445,0.10489195689737876,1.0128417618131915,50.31899581121626,11.558333333333332,11.59076923076923,11.416913249229925,11.282759522646463,0.13415372658346136,0.30161065363181727,0.27384466406705454,-0.27938187496718636,0.032061928626103034
000007.SZ,20260122,11.28,11.37,11.11,11.34,11.28,0.06,0.5319,51703.5,58237.816,0.07000000000000028,-0.8200000000000003,-0.4800000000000004,11.25,11.477,11.5365,11.301619367855388,11.386934946655632,11.37851497554127,0.2599999999999998,0.4942857142857144,0.0600000000000005,0.0,0.10293617196511917,0.09739967426185171,1.0568430823329347,51.38180405742136,11.535833333333331,11.580384615384613,11.40508044165609,11.286999558005984,0.11808088365010505,0.2644656495298929,0.24269190798366466,-0.24922204866711922,-0.27647947831684416
000007.SZ,20260123,11.37,11.9,11.31,11.54,11.34,0.2,1.7637,108604.5,126487.494,0.23999999999999844,-0.6400000000000006,-0.26000000000000156,11.298,11.413,11.523499999999999,11.381079578570258,11.414764956354608,11.393894501680197,0.5899999999999999,0.5092857142857145,0.1999999999999993,0.0,0.10986930253903918,0.09044255467171945,1.214796540608934,54.84912579260842,11.539166666666667,11.562692307692307,11.425837296785922,11.305740331487021,0.12009696529890057,0.22942460852472082,0.21817291944671185,-0.19615190829562257,1.1005251095186979
000007.SZ,20260126,11.5,11.84,11.45,11.72,11.54,0.18,1.5598,83949.0,97857.512,0.370000000000001,-0.14999999999999858,0.16000000000000014,11.371999999999998,11.398,11.5315,11.494053052380172,11.470262237017407,11.424952168186845,0.39000000000000057,0.4964285714285716,0.1800000000000015,0.0,0.11487863807196506,0.08398237219516806,1.367889892476443,57.76830657636044,11.5025,11.570384615384617,11.471093097280395,11.336426232858352,0.13466686442204256,0.19971081859287823,0.20147170844177803,-0.13360968803947093,-0.22702097979365496
000007.SZ,20260127,11.72,11.75,10.98,11.47,11.72,-0.25,-2.1331,97465.0,110221.517,0.4900000000000002,-0.20999999999999908,0.08000000000000007,11.469999999999999,11.376999999999999,11.5355,11.48603536825345,11.470214557559697,11.429242437883337,0.7699999999999996,0.5192857142857145,0.0,0.25,0.1066730210668247,0.09584077418122748,1.113023365870504,52.67444666481342,11.443333333333333,11.569230769230773,11.470924928468026,11.346320585979957,0.12460434248806962,0.1737116987604459,0.18609823525103636,-0.12298778552593348,0.16100251343077346
000007.SZ,20260128,11.4,11.73,11.1,11.17,11.47,-0.3,-2.6155,82245.5,93136.702,-0.10999999999999943,-0.34999999999999964,-0.1899999999999995,11.448,11.342,11.526,11.3806902455023,11.415630092548842,11.404552681894447,0.6300000000000008,0.49785714285714316,0.0,0.3000000000000007,0.09905351956205152,0.11042357602542556,0.8970323469622463,47.28608599630265,11.384999999999998,11.546923076923077,11.42462878562679,11.333259801833293,0.09136898379349745,0.15047604103944362,0.16715238495952858,-0.15156680233206227,-0.15615349099676806
