ts_code,trade_date,open,high,low,close,pre_close,change,pct_chg,vol,amount,mtm_5,mtm_10,mtm_20,ma_5,ma_10,ma_20,ema_5,ema_10,ema_20,tr,atr,u,d,au,ad,rs,rsi,ma_12,ma_26,ema_12,ema_26,dif,dif_ma_9,dea,macd,volume_change_rate
000001.SZ,20250205,11.5,11.52,11.33,11.37,11.47,-0.1,-0.8718,843433.7,961193.579,,,,,,,,,,,,,,,,,,,,,,,,,,
000001.SZ,20250206,11.35,11.45,11.3,11.36,11.37,-0.01,-0.088,955603.25,1084793.176,,,,,,,,,,0.14999999999999858,,0.0,0.009999999999999787,,,,,,,,,,,,,0.13299154397079468
000001.SZ,20250207,11.36,11.45,11.31,11.38,11.36,0.02,0.1761,1407492.62,1601621.98,,,,,,,,,,0.1399999999999988,,0.02000000000000135,0.0,,,,,,,,,,,,,0.47288387727856734
000001.SZ,20250210,11.38,11.5,11.36,11.43,11.38,0.05,0.4394,1026590.93,1174044.624,,,,,,,,,,0.14000000000000057,,0.049999999999998934,0.0,,,,,,,,,,,,,-0.27062428931243704
000001.SZ,20250211,11.4,11.47,11.37,11.42,11.43,-0.01,-0.0875,844520.03,963865.615,,,,11.392,,,11.392,,,0.10000000000000142,,0.0,0.009999999999999787,,,,,,,,,,,,,-0.17735486909084616
000001.SZ,20250212,11.41,11.43,11.34,11.42,11.42,0.0,0.0,988806.83,1125323.633,0.05000000000000071,,,11.402000000000001,,,11.401333333333334,,,0.08999999999999986,,0.0,-0.0,,,,,,,,,,,,,0.17085065466120433
000001.SZ,20250213,11.42,11.55,11.4,11.5,11.42,0.08,0.7005,1358639.27,1560709.511,0.14000000000000057,,,11.430000000000001,,,11.434222222222223,,,0.15000000000000036,,0.08000000000000007,0.0,,,,,,,,,,,,,0.3740188970984354
000001.SZ,20250214,11.49,11.55,11.43,11.55,11.5,0.05,0.4348,973057.74,1118355.997,0.16999999999999993,,,11.464000000000002,,,11.472814814814816,,,0.120000000000001,,0.05000000000000071,0.0,,,,,,,,,,,,,-0.28379978299905906
000001.SZ,20250217,11.6,11.8,11.55,11.78,11.55,0.23,1.9913,2061965.42,2413146.067,0.34999999999999964,,,11.534,,,11.57520987654321,,,0.25,,0.22999999999999865,0.0,,,,,,,,,,,,,1.119057621390484
000001.SZ,20250218,11.76,11.96,11.76,11.81,11.78,0.03,0.2547,1996610.49,2371071.467,0.39000000000000057,,,11.612,11.502,,11.653473251028807,11.502,,0.20000000000000107,,0.030000000000001137,0.0,,,,,,,,,,,,,-0.03169545394219072
000001.SZ,20250219,11.8,11.81,11.68,11.71,11.81,-0.1,-0.8467,1177748.95,1382467.174,0.2900000000000009,0.34000000000000163,,11.67,11.536000000000001,,11.672315500685873,11.539818181818182,,0.13000000000000078,,0.0,0.09999999999999964,,,,,,,,,,,,,-0.4101258328057768
000001.SZ,20250220,11.71,11.76,11.65,11.66,11.71,-0.05,-0.427,784396.27,917231.443,0.16000000000000014,0.3000000000000007,,11.702000000000002,11.565999999999999,,11.668210333790583,11.561669421487604,,0.10999999999999943,,0.0,0.05000000000000071,,,,,11.5325,,11.5325,,,,,,-0.33398686536719047
000001.SZ,20250221,11.69,11.71,11.55,11.64,11.66,-0.02,-0.1715,973968.97,1131033.824,0.08999999999999986,0.2599999999999998,,11.719999999999999,11.592,,11.658806889193723,11.575911344853495,,0.16000000000000014,,0.0,0.019999999999999574,,,,,11.555000000000001,,11.549038461538462,,,,,,0.24167975709522427
000001.SZ,20250224,11.63,11.69,11.56,11.59,11.64,-0.05,-0.4296,949956.17,1103548.964,-0.1899999999999995,0.16000000000000014,,11.682000000000002,11.608,,11.635871259462483,11.578472918516495,,0.129999999999999,,0.0,0.05000000000000071,,,,,11.574166666666665,,11.55534023668639,,,,,,-0.02465458422150752
000001.SZ,20250225,11.56,11.58,11.46,11.47,11.59,-0.12,-1.0354,917156.02,1055685.157,-0.33999999999999986,0.05000000000000071,,11.614,11.613000000000001,,11.580580839641655,11.558750569695313,,0.129999999999999,0.14285714285714285,0.0,0.11999999999999922,0.03285714285714292,0.025714285714285672,1.2777777777777823,56.09756097560985,11.581666666666669,,11.54221096950387,,,,,,-0.0345280667001721
000001.SZ,20250226,11.47,11.6,11.47,11.52,11.47,0.05,0.4359,841645.52,970641.211,-0.19000000000000128,0.09999999999999964,,11.575999999999999,11.623000000000001,,11.560387226427771,11.551705011568892,,0.129999999999999,0.14142857142857146,0.049999999999998934,0.0,0.0340816326530612,0.023877551020408123,1.4273504273504287,58.802816901408484,11.589166666666666,,11.538793897272505,,,,,,-0.0823311392537117
000001.SZ,20250227,11.53,11.63,11.46,11.62,11.52,0.1,0.8681,977309.75,1130386.662,-0.040000000000000924,0.11999999999999922,,11.568,11.635000000000002,,11.580258150951849,11.564122282192729,,0.16999999999999993,0.14357142857142868,0.09999999999999964,0.0,0.0387900874635568,0.022172011661807545,1.7495069033530577,63.629842180774766,11.605833333333335,,11.551287143845965,,,,,,0.16118927360297716
000001.SZ,20250228,11.58,11.68,11.5,11.53,11.62,-0.09,-0.7745,949088.06,1100335.054,-0.11000000000000121,-0.02000000000000135,,11.546,11.633000000000001,,11.5635054339679,11.557918230884958,,0.17999999999999972,0.1464285714285715,0.0,0.08999999999999986,0.0360193669304456,0.027016867971678425,1.3332177130304084,57.14073339940535,11.615,,11.548012198638894,,,,,,-0.02887691440712624
000001.SZ,20250303,11.52,11.56,11.45,11.51,11.53,-0.02,-0.1735,830456.95,955266.366,-0.08000000000000007,-0.2699999999999996,,11.53,11.606000000000002,,11.545670289311934,11.54920582526951,,0.11000000000000121,0.1471428571428572,0.0,0.019999999999999574,0.03344655500684234,0.026515663116558508,1.2613885935952938,55.779382507181616,11.615833333333335,,11.542164168079063,,,,,,-0.12499483978336014
000001.SZ,20250304,11.47,11.55,11.44,11.51,11.51,0.0,0.0,683178.73,785447.989,0.03999999999999915,-0.3000000000000007,,11.538,11.576000000000002,11.539,11.533780192874623,11.542077493402324,11.539,0.11000000000000121,0.14857142857142872,0.0,-0.0,0.03105751536349646,0.024621687179661473,1.2613885935952938,55.779382507181616,11.612500000000002,,11.537215834528437,,,,,,-0.17734600210161403
000001.SZ,20250305,11.52,11.67,11.48,11.66,11.51,0.15,1.3032,1080645.44,1254892.074,0.14000000000000057,-0.05000000000000071,0.2900000000000009,11.565999999999999,11.571,11.5535,11.575853461916417,11.563517949147357,11.550523809523808,0.1899999999999995,0.1514285714285715,0.15000000000000036,0.0,0.03955340712324674,0.02286299523825708,1.7300186047828623,63.370212999719215,11.602500000000001,,11.556105706139446,,,,,,0.5817902293298856
000001.SZ,20250306,11.69,11.7,11.6,11.63,11.66,-0.03,-0.2573,877407.71,1021780.609,0.010000000000001563,-0.02999999999999936,0.27000000000000135,11.568,11.568,11.566999999999998,11.59390230794428,11.57560559475693,11.55809297052154,0.09999999999999964,0.14999999999999997,0.0,0.02999999999999936,0.03672816375730054,0.023372781292667243,1.5714074973534833,61.110792395635094,11.5875,,11.56747405904107,,,,,,-0.18807068671848556
000001.SZ,20250307,11.63,11.69,11.6,11.67,11.63,0.04,0.3439,835536.69,973236.69,0.14000000000000057,0.02999999999999936,0.28999999999999915,11.596,11.571,11.581499999999998,11.619268205296187,11.592768213892032,11.568750782852824,0.08999999999999986,0.13857142857142854,0.03999999999999915,0.0,0.036961866346064735,0.021703296914619582,1.7030530656919138,63.004795847615924,11.584166666666667,,11.583247280727058,,,,,,-0.04772128113622345
000001.SZ,20250310,11.66,11.67,11.55,11.59,11.67,-0.08,-0.6855,663833.93,769261.385,0.08000000000000007,0.0,0.16000000000000014,11.612,11.571000000000002,11.5895,11.609512136864126,11.592264902275298,11.570774517819222,0.11999999999999922,0.1328571428571427,0.0,0.08000000000000007,0.03432173303563154,0.025867347135003903,1.3268362177421391,57.02318915379628,11.578333333333333,,11.584286160615202,,,,,,-0.20549996434028517
000001.SZ,20250311,11.54,11.61,11.52,11.61,11.59,0.02,0.1726,608975.27,704240.464,0.09999999999999964,0.1399999999999988,0.1899999999999995,11.632,11.585,11.598999999999998,11.609674757909417,11.595489465497971,11.574510278026915,0.08999999999999986,0.12999999999999975,0.019999999999999574,0.0,0.033298752104514974,0.024019679482503626,1.3863112590145257,58.09431832404924,11.575833333333334,,11.58824213590517,,,,,,-0.08263913235046606
000001.SZ,20250312,11.6,11.87,11.56,11.85,11.61,0.24,2.0672,1877318.4,2210904.482,0.1899999999999995,0.33000000000000007,0.4299999999999997,11.67,11.617999999999999,11.6205,11.689783171939611,11.641764108134703,11.600747394405303,0.3099999999999987,0.144285714285714,0.2400000000000002,0.0,0.048063126954192494,0.022303988090896225,2.1549117923807684,68.3033927473016,11.597500000000002,11.568846153846156,11.628512576535146,11.568846153846156,0.059666422688989584,,,,2.082749813469437
000001.SZ,20250313,11.81,11.91,11.78,11.84,11.85,-0.01,-0.0844,1312371.21,1555123.174,0.20999999999999908,0.22000000000000064,0.33999999999999986,11.712,11.64,11.6375,11.73985544795974,11.677806997564756,11.623533356842893,0.13000000000000078,0.1421428571428569,0.0,0.009999999999999787,0.044630046457464455,0.021425131798689333,2.0830698675186055,67.56479603218186,11.628333333333332,11.586923076923076,11.661049103222046,11.588931623931625,0.07211747929042112,,,,-0.30093307027726357
000001.SZ,20250314,11.82,12.0,11.82,11.97,11.84,0.13,1.098,1722417.65,2057970.454,0.3000000000000007,0.4400000000000013,0.41999999999999993,11.772,11.684000000000001,11.6585,11.816570298639828,11.730932998007528,11.656530180000713,0.17999999999999972,0.14571428571428552,0.13000000000000078,0.0,0.05072790028193134,0.019894765241640095,2.5498114537062717,71.82948973371742,11.665833333333332,11.610384615384616,11.708580010418656,11.6171589110478,0.09142109937085507,,,,0.31244699432258954
000001.SZ,20250317,11.63,11.67,11.46,11.5,11.97,-0.47,-3.9265,4603612.1,5315522.817,-0.08999999999999986,-0.009999999999999787,-0.27999999999999936,11.754,11.683,11.644499999999999,11.711046865759887,11.688945180187979,11.641622543810168,0.5099999999999998,0.17285714285714274,0.0,0.47000000000000064,0.047104478833221955,0.052045139152951565,0.9050697067941375,47.50848242278725,11.655833333333334,11.615,11.676490778046556,11.608480473192408,0.06801030485414827,,,,1.672761800832684
000001.SZ,20250318,11.52,11.54,11.48,11.49,11.5,-0.01,-0.087,1605290.0,1846500.421,-0.11999999999999922,-0.019999999999999574,-0.3200000000000003,11.73,11.681,11.628499999999999,11.637364577173258,11.65277332924471,11.627182301542533,0.05999999999999872,0.1678571428571427,0.0,0.009999999999999787,0.04373987320227753,0.049041914927740723,0.8918875469427463,47.14273575001957,11.652500000000002,11.61730769230769,11.647799889116316,11.599704141844823,0.048095747271492684,,,,-0.6512977277125499
000001.SZ,20250319,11.48,11.53,11.46,11.52,11.49,0.03,0.2611,1362454.91,1566452.161,-0.33000000000000007,-0.14000000000000057,-0.19000000000000128,11.664000000000001,11.666999999999998,11.619,11.59824305144884,11.628632723927488,11.616974463300387,0.06999999999999851,0.16071428571428545,0.02999999999999936,0.0,0.04275845368782909,0.04553892100433067,0.9389430567264172,48.425509633669506,11.653333333333334,11.621153846153845,11.628138367713804,11.5938001313378,0.03433823637600497,,,,-0.15127178889795617
000001.SZ,20250320,11.51,11.61,11.49,11.49,11.52,-0.03,-0.2604,1101157.24,1268849.14,-0.34999999999999964,-0.14000000000000057,-0.16999999999999993,11.594000000000001,11.653,11.6105,11.562162034299227,11.603426774122491,11.604881657271779,0.11999999999999922,0.15642857142857114,0.0,0.02999999999999936,0.03970427842441272,0.044428998075449866,0.8936568490017811,47.1921219239305,11.651666666666666,11.623846153846152,11.60688631114245,11.586111232720185,0.02077507842226467,,,,-0.19178445325577778
000001.SZ,20250321,11.49,11.52,11.39,11.42,11.49,-0.07,-0.6092,1376388.97,1576151.833,-0.5500000000000007,-0.25,-0.22000000000000064,11.484000000000002,11.628,11.5995,11.51477468953282,11.570076451554765,11.587273880388754,0.129999999999999,0.15785714285714242,0.0,0.07000000000000028,0.036868258536954676,0.04625549821291775,0.7970567816013382,44.35345559259899,11.631666666666666,11.620769230769232,11.578134570966688,11.573806696963134,0.004327874003553944,,,,0.24994770955690215
000001.SZ,20250324,11.41,11.44,11.34,11.38,11.42,-0.04,-0.3503,1164577.34,1325564.002,-0.11999999999999922,-0.20999999999999908,-0.20999999999999908,11.46,11.607000000000001,11.589,11.469849793021881,11.535517096726625,11.56753351082792,0.09999999999999964,0.15714285714285658,0.0,0.03999999999999915,0.03423481149860077,0.04580867691199499,0.7473433813504531,42.77026423809502,11.610833333333334,11.614230769230769,11.547652329279506,11.559450645336234,-0.011798316056728098,0.04299488069122247,0.04299488069122247,-0.10958639349590113,-0.1538893689332601
000001.SZ,20250325,11.38,11.43,11.36,11.43,11.38,0.05,0.4394,735608.88,839142.044,-0.0600000000000005,-0.17999999999999972,-0.040000000000000924,11.448,11.588999999999999,11.587,11.456566528681254,11.516332170049056,11.554435081225261,0.07000000000000028,0.14857142857142808,0.049999999999998934,0.0,0.03536089639155778,0.042536628561138205,0.8313046329173294,45.39412056163661,11.590833333333334,11.600769230769231,11.529551970928813,11.549861708644661,-0.02030973771584854,0.03410864064624045,0.030333957009808267,-0.10128738945131362,-0.36834690601141185
000001.SZ,20250326,11.42,11.43,11.37,11.38,11.43,-0.05,-0.4374,740863.07,843536.936,-0.1399999999999988,-0.46999999999999886,-0.1399999999999988,11.42,11.542000000000002,11.58,11.43104435245417,11.491544502767407,11.537822216346665,0.0600000000000005,0.14571428571428527,0.0,0.049999999999998934,0.032835118077875085,0.04306972652105683,0.7623711764647951,43.25826401644082,11.573333333333332,11.58423076923077,11.506543975401303,11.537279359856168,-0.030735384454864345,0.022680544674542072,0.018120088716873744,-0.09771094634347618,0.007142640801182204
000001.SZ,20250327,11.37,11.41,11.35,11.39,11.38,0.01,0.0879,553349.4,629863.383,-0.09999999999999964,-0.4499999999999993,-0.22999999999999865,11.400000000000002,11.496999999999998,11.5685,11.417362901636114,11.473081865900607,11.523743910027935,0.0600000000000005,0.14357142857142818,0.009999999999999787,0.0,0.031204038215169705,0.03999331748383849,0.7802313030865574,43.827524082617565,11.554999999999998,11.571923076923078,11.488614133031872,11.526369777644598,-0.03775564461272651,0.008327573120810783,0.0069449420509536935,-0.08940117332736042,-0.25310165615354524
000001.SZ,20250328,11.39,11.4,11.34,11.35,11.39,-0.04,-0.3512,644945.55,732420.874,-0.07000000000000028,-0.620000000000001,-0.17999999999999972,11.386000000000001,11.434999999999999,11.559499999999998,11.394908601090744,11.450703344827769,11.507196870977655,0.0600000000000005,0.13928571428571399,0.0,0.040000000000000924,0.028975178342657584,0.03999379480642152,0.7244918488706464,42.01190335257945,11.513333333333335,11.56,11.4672888817962,11.513305349670924,-0.04601646787472369,-0.004342068293508324,-0.0036473399341817817,-0.08473825588108382,0.16553040447861697
000001.SZ,20250331,11.36,11.38,11.26,11.26,11.35,-0.09,-0.793,1116125.64,1262598.263,-0.120000000000001,-0.2400000000000002,-0.25,11.362,11.411,11.546999999999999,11.34993906739383,11.416030009404537,11.483654311836926,0.120000000000001,0.1414285714285712,0.0,0.08999999999999986,0.026905522746753473,0.04356566660596283,0.6175854713783012,38.179464535625016,11.464999999999998,11.545384615384616,11.435398284596785,11.49454199043604,-0.0591437058392561,-0.016257563083591522,-0.014746613115196646,-0.0887941854481189,0.7305734414323811
000001.SZ,20250401,11.27,11.3,11.22,11.27,11.26,0.01,0.0888,681470.42,767424.131,-0.16000000000000014,-0.22000000000000064,-0.2400000000000002,11.330000000000002,11.389000000000001,11.535,11.323292711595887,11.389479098603712,11.46330628213817,0.08000000000000007,0.12499999999999988,0.009999999999999787,0.0,0.025697985407699638,0.04045383327696549,0.6352422830182606,38.84698246951867,11.406666666666666,11.533076923076921,11.409952394658816,11.47790925040374,-0.06795685574492438,-0.02762368443036145,-0.025388661641142195,-0.08513638820756438,-0.38943216106029055
000001.SZ,20250402,11.25,11.41,11.25,11.37,11.27,0.1,0.8873,932641.76,1058747.241,-0.010000000000001563,-0.15000000000000036,-0.2900000000000009,11.328,11.373999999999999,11.520500000000002,11.338861807730591,11.385937444312127,11.454419969553584,0.16000000000000014,0.12714285714285697,0.09999999999999964,0.0,0.031005272164292497,0.037564273757182236,0.8253925622178263,45.217263360325404,11.395833333333334,11.529230769230768,11.403805872403613,11.469915972596057,-0.06611010019244468,-0.03727759316532916,-0.03353294935140269,-0.06515430168208397,0.36857262271192925
000001.SZ,20250403,11.31,11.39,11.3,11.34,11.37,-0.03,-0.2639,643913.91,730375.808,-0.05000000000000071,-0.15000000000000036,-0.2900000000000009,11.317999999999998,11.359,11.506,11.339241205153728,11.377585181709922,11.4435228295961,0.08999999999999986,0.12071428571428555,0.0,0.02999999999999936,0.028790609866843033,0.03702396848881203,0.7776208505455873,43.74503428596261,11.383333333333335,11.522307692307692,11.393989584341519,11.460292567218572,-0.06630298287705294,-0.045125466152063254,-0.040086956056532744,-0.052432053641040394,-0.3095806582797665
000001.SZ,20250407,11.0,11.05,10.48,10.7,11.34,-0.64,-5.6437,2545560.48,2751055.412,-0.6500000000000004,-0.7200000000000006,-0.9700000000000006,11.187999999999999,11.287000000000003,11.457500000000001,11.12616080343582,11.25438787594448,11.37271113153933,0.8599999999999994,0.14571428571428552,0.0,0.6400000000000006,0.026734137733497105,0.0800936850253255,0.333785837485737,25.02544472319053,11.315,11.486923076923075,11.287221955981284,11.403974599276456,-0.11675264329517177,-0.056787058067445884,-0.055420093504260554,-0.12266509958182242,2.953262137169858
000001.SZ,20250408,10.68,10.85,10.66,10.82,10.7,0.12,1.1215,1463987.71,1576590.04,-0.4399999999999995,-0.5600000000000005,-0.7699999999999996,11.100000000000001,11.231,11.419,11.024107202290548,11.175408262136392,11.320071976154633,0.1899999999999995,0.15499999999999986,0.120000000000001,0.0,0.03339598503824738,0.07437270752351655,0.4490354882896742,30.988577706932478,11.259166666666667,11.459615384615383,11.215341655061087,11.360717221552274,-0.14537556649118777,-0.0706832612647058,-0.073411188101646,-0.14392875677908354,-0.4248859056768512
000001.SZ,20250409,10.73,10.83,10.66,10.8,10.82,-0.02,-0.1848,1064394.05,1145238.958,-0.46999999999999886,-0.629999999999999,-0.8099999999999987,11.006,11.168,11.3785,10.949404801527033,11.107152214475228,11.270541311758954,0.16999999999999993,0.16214285714285712,0.0,0.019999999999999574,0.031010557535515425,0.07048894270040819,0.43993506424569834,30.55242386754126,11.207500000000003,11.432307692307692,11.151442938897842,11.319182612548403,-0.1677396736505603,-0.08590596006422757,-0.09227688521142886,-0.15092557687826288,-0.2729487804238465
000001.SZ,20250410,10.86,10.93,10.82,10.9,10.8,0.1,0.9259,866548.05,943352.302,-0.46999999999999886,-0.4800000000000004,-0.9499999999999993,10.911999999999999,11.120000000000001,11.331,10.932936534351356,11.069488175479732,11.235251663020007,0.129999999999999,0.1628571428571428,0.09999999999999964,0.0,0.03593837485440716,0.0654540182218076,0.5490629273915747,35.44484331027965,11.167499999999999,11.408846153846154,11.112759409836634,11.288132048655928,-0.17537263881929377,-0.1011967371982906,-0.10889603593300184,-0.13295320577258385,-0.1858766497238499
000001.SZ,20250411,10.87,10.9,10.83,10.89,10.9,-0.01,-0.0917,583879.02,634311.78,-0.4499999999999993,-0.5,-0.9499999999999993,10.822,11.07,11.2835,10.918624356234238,11.036853961756144,11.202370552256196,0.07000000000000028,0.1585714285714286,0.0,0.009999999999999787,0.03337134807909236,0.0614930169202499,0.5426851657379497,35.17795968941946,11.1225,11.379230769230766,11.07848873140023,11.258640785792526,-0.18015205439229653,-0.1161006912557987,-0.1231472396248608,-0.11400962953487148,-0.3262012187321869
000001.SZ,20250414,10.95,11.04,10.92,10.93,10.89,0.04,0.3673,785993.45,862557.144,0.23000000000000043,-0.41999999999999993,-1.040000000000001,10.868,11.028,11.231500000000002,10.922416237489493,11.01742596870957,11.176430499660368,0.14999999999999858,0.16214285714285712,0.03999999999999915,0.0,0.03384482321629999,0.05710065856880348,0.5927221167776663,37.214408623698816,11.085,11.352307692307692,11.05564431118481,11.234297023881968,-0.17865271269715777,-0.12937946979556555,-0.1342483342393202,-0.08880875691567514,0.3461580619903074
000001.SZ,20250415,10.92,10.97,10.9,10.95,10.93,0.02,0.183,722754.1,790139.077,0.129999999999999,-0.3100000000000005,-0.5500000000000007,10.894,10.997000000000002,11.203999999999999,10.931610824992996,11.005166701671465,11.154865690168904,0.07000000000000028,0.16214285714285712,0.019999999999999574,0.0,0.03285590727227853,0.05302204009960323,0.6196650904144368,38.25884092222289,11.048333333333332,11.324615384615383,11.0393913402333,11.213237985075898,-0.17384664484259815,-0.1411450019175293,-0.1421679963599758,-0.06335729696524472,-0.08045785877732185
000001.SZ,20250416,10.93,11.01,10.91,11.0,10.95,0.05,0.4566,842822.17,923316.063,0.1999999999999993,-0.2699999999999996,-0.4900000000000002,10.934000000000001,10.97,11.179499999999999,10.954407216661998,11.004227301367562,11.140116576819485,0.09999999999999964,0.1649999999999999,0.05000000000000071,0.0,0.03408048532425868,0.04923475152106014,0.69220386559036,40.90546533226778,11.019166666666669,11.301923076923078,11.03333113404356,11.197442578773979,-0.16411144473041794,-0.15203404019952632,-0.14655668603406424,-0.0351095173927074,0.1661257542503046
000001.SZ,20250417,10.95,11.08,10.93,11.06,11.0,0.06,0.5455,823919.31,907597.513,0.16000000000000014,-0.3099999999999987,-0.4599999999999991,10.966,10.939,11.1565,10.989604811107998,11.014367792028006,11.132486426646201,0.15000000000000036,0.17142857142857132,0.0600000000000005,0.0,0.03593187922966882,0.04571798355527013,0.7859462827407833,44.00727448166242,11.0025,11.280769230769229,11.037434036498398,11.187261647012944,-0.14982761051454574,-0.16131455438146997,-0.14721087093016055,-0.005233479168770372,-0.022428052646028502
000001.SZ,20250418,11.04,11.19,11.03,11.18,11.06,0.12,1.085,727098.15,810031.605,0.28999999999999915,-0.16000000000000014,-0.3100000000000005,11.024,10.922999999999998,11.141,11.053069874072,11.044482738932004,11.137011528870373,0.16000000000000014,0.17857142857142844,0.11999999999999922,0.0,0.041936744998978134,0.04245241330132227,0.9878530273724611,49.69447005235607,10.995,11.254999999999999,11.059367261652492,11.186723747234208,-0.12735648558171597,-0.16249275907997487,-0.14323999386047165,0.03176701655751135,-0.11751291519068782
000001.SZ,20250421,11.0,11.13,10.97,11.02,11.18,-0.16,-1.4311,1114184.18,1230804.536,0.08999999999999986,0.3200000000000003,-0.40000000000000036,11.041999999999998,10.955,11.120999999999999,11.042046582714667,11.040031331853458,11.12586757373986,0.20999999999999908,0.18499999999999975,0.0,0.16000000000000014,0.03894126321333684,0.050848669494084967,0.7658265909566567,43.36929769200958,10.965833333333334,11.223461538461537,11.0533107598598,11.174373840031674,-0.12106308017187395,-0.15979137171116223,-0.1388046111227521,0.03548306190175632,0.532371083601299
000001.SZ,20250422,11.02,11.06,10.98,11.04,11.02,0.02,0.1815,831128.87,915967.678,0.08999999999999986,0.21999999999999886,-0.34000000000000163,11.06,10.977,11.104,11.041364388476445,11.040025635152828,11.11768970957416,0.08000000000000007,0.18499999999999975,0.019999999999999574,0.0,0.03758831584095561,0.0472166216730789,0.7960822801176184,44.32326341226896,10.940833333333332,11.187692307692307,11.0512629506506,11.16442022225155,-0.11315727160095079,-0.15372666037231675,-0.13367514321839186,0.04103574323488213,-0.25404714505998455
000001.SZ,20250423,11.04,11.05,10.97,11.01,11.04,-0.03,-0.2717,586382.93,645842.4,0.009999999999999787,0.20999999999999908,-0.41999999999999993,11.062000000000001,10.998000000000001,11.082999999999998,11.03090959231763,11.034566428761405,11.107433546757573,0.08000000000000007,0.17928571428571402,0.0,0.02999999999999936,0.03490343613803021,0.04598686298214465,0.7589871079395477,43.14910009935288,10.966666666666667,11.168846153846154,11.044914804396662,11.152981687269953,-0.1080668828732918,-0.14624824304498318,-0.12855349114937184,0.040973216552160074,-0.2944741168719118
000001.SZ,20250424,11.0,11.06,10.99,11.03,11.01,0.02,0.1817,689256.13,760348.555,-0.030000000000001137,0.129999999999999,-0.3500000000000014,11.056,11.011,11.065499999999998,11.03060639487842,11.033736168986604,11.100058923256853,0.07000000000000028,0.17785714285714263,0.019999999999999574,0.0,0.033838904985313736,0.042702087054848605,0.7924414781378115,44.21017298489925,10.984166666666667,11.151153846153845,11.042620219104869,11.143871932657365,-0.10125171355249662,-0.13748153850722764,-0.12309313562999681,0.04368284415500037,0.17543689411286228
000001.SZ,20250425,11.04,11.05,10.99,11.01,11.03,-0.02,-0.1813,637546.86,702315.255,-0.16999999999999993,0.11999999999999922,-0.3800000000000008,11.022,11.023,11.046499999999998,11.023737596585615,11.02942050189813,11.091481882946676,0.0600000000000005,0.12071428571428555,0.0,0.019999999999999574,0.03142184034350561,0.04108050940807367,0.7648843891242056,43.33906480433921,11.001666666666667,11.13153846153846,11.037601723857966,11.133955493201263,-0.0963537693432972,-0.1283372114679098,-0.1177452623726569,0.042782986058719386,-0.07502185000516429
000001.SZ,20250428,11.0,11.04,10.96,11.0,11.01,-0.01,-0.0908,642018.37,706520.176,-0.019999999999999574,0.07000000000000028,-0.34999999999999964,11.017999999999999,11.03,11.028999999999998,11.01582506439041,11.024071319734833,11.08276932266604,0.0799999999999983,0.11285714285714261,0.0,0.009999999999999787,0.029177423176112355,0.038860473021782686,0.7508252192338823,42.88407609084046,11.01,11.112692307692306,11.031816843264433,11.124032864075243,-0.0922160208108096,-0.1192671421310444,-0.11263941406028743,0.04084678649895568,0.007013617791169122
000001.SZ,20250429,11.0,11.02,10.95,10.98,11.0,-0.02,-0.1818,649044.94,712792.543,-0.05999999999999872,0.030000000000001137,-0.27999999999999936,11.006,11.033,11.014999999999997,11.003883376260275,11.016058352510317,11.072981768126418,0.07000000000000028,0.1057142857142855,0.0,0.019999999999999574,0.02709332152067576,0.03751329637736961,0.722232491864409,41.93583010866051,11.0175,11.095769230769232,11.023845021223751,11.113363763032632,-0.08951874180888097,-0.1109790640286514,-0.10801527961000615,0.03699307560225035,0.01094449992139625
000001.SZ,20250430,10.96,10.97,10.89,10.91,10.98,-0.07,-0.6375,869834.92,949911.03,-0.09999999999999964,-0.08999999999999986,-0.35999999999999943,10.985999999999999,11.024,10.996999999999998,10.972588917506851,10.99677501569026,11.05745969497152,0.08999999999999986,0.10285714285714269,0.0,0.07000000000000028,0.025158084269198917,0.03983377520755752,0.6315766993740971,38.70959297324983,11.015833333333333,11.07769230769231,11.006330402573944,11.09829978058577,-0.09196937801182514,-0.10455037152834912,-0.10480609929036996,0.025673442557089643,0.34017672181528774
000001.SZ,20250506,10.92,11.0,10.89,10.96,10.91,0.05,0.4583,854671.27,935212.114,-0.06999999999999851,-0.09999999999999964,-0.40999999999999837,10.971999999999998,11.014,10.976499999999998,10.968392611671234,10.99008864920112,11.048177819259946,0.10999999999999943,0.1057142857142855,0.05000000000000071,0.0,0.026932506821399048,0.03698850554987484,0.7281317917828173,42.13404297317187,11.016666666666666,11.059615384615382,10.9992026483318,11.088055352394232,-0.08885270406243251,-0.10027217358176206,-0.10161542024478248,0.02552543236469995,-0.017432790580539148
000001.SZ,20250507,11.01,11.04,10.97,11.03,10.96,0.07,0.6387,1126270.01,1240098.147,0.019999999999999574,-0.15000000000000036,-0.3100000000000005,10.976,10.999,10.960999999999999,10.988928407780824,10.99734525843728,11.046446598378047,0.0799999999999983,0.10071428571428546,0.06999999999999851,0.0,0.03000875633415615,0.03434646943916949,0.8737071618759594,46.62986723075777,11.019166666666665,11.046153846153844,11.0039407024346,11.083754955920586,-0.0798142534859867,-0.09568897061666348,-0.09725518689302333,0.034881866814073265,0.3177815255215025
000001.SZ,20250508,11.0,11.08,10.99,11.08,11.03,0.05,0.4533,1056613.66,1167913.498,0.08000000000000007,0.0600000000000005,0.3800000000000008,10.992,11.004999999999999,10.98,11.019285605187218,11.012373393266866,11.049642160437282,0.08999999999999986,0.10214285714285687,0.05000000000000071,0.0,0.0314367023102879,0.031893150193514526,0.985688215793765,49.639626601688974,11.020833333333334,11.034230769230767,11.015642132829276,11.08347681103758,-0.06783467820830325,-0.09065312690636931,-0.0913710851560793,0.047072813895552124,-0.06184693668616826
000001.SZ,20250509,11.07,11.17,11.06,11.15,11.08,0.07,0.6318,999897.47,1113688.153,0.16999999999999993,0.11000000000000121,0.33000000000000007,11.026,11.016000000000002,10.996500000000001,11.062857070124814,11.03739641267289,11.059200049919445,0.10999999999999943,0.10285714285714256,0.07000000000000028,0.0,0.03419122357383879,0.02961506803683492,1.1545211893929164,53.58597516129456,11.018333333333333,11.02653846153846,11.036312573932463,11.088404454664426,-0.0520918807319628,-0.08443368222399943,-0.083515244271256,0.0628467270785864,-0.053677320431386386
000001.SZ,20250512,11.16,11.22,11.13,11.16,11.15,0.01,0.0897,895604.6,1000478.411,0.25,0.15000000000000036,0.35999999999999943,11.075999999999999,11.031,11.014500000000002,11.095238046749877,11.059687974005092,11.068800045165212,0.08999999999999986,0.09857142857142824,0.009999999999999787,0.0,0.03246327903285029,0.02749970603420385,1.1804954930235545,54.13886416186242,11.030000000000001,11.022692307692306,11.055341408712085,11.093707828392986,-0.03836641968090149,-0.07744642734937773,-0.07448547935318511,0.07223811934456725,-0.10430356424444198
000001.SZ,20250513,11.19,11.33,11.15,11.29,11.16,0.13,1.1649,1261030.62,1420501.315,0.3299999999999983,0.2599999999999998,0.3899999999999988,11.142,11.056999999999999,11.034,11.160158697833252,11.101562887822347,11.08986670753043,0.17999999999999972,0.09999999999999964,0.129999999999999,0.0,0.039430187673360914,0.025535441317475004,1.5441357438524916,60.69392121012629,11.050833333333335,11.02346153846154,11.091442730448687,11.108247989252765,-0.01680525880407835,-0.0686077039561312,-0.06294943524336376,0.09228835287857082,0.4080215979239054
000001.SZ,20250514,11.29,11.47,11.25,11.43,11.29,0.14,1.24,1683513.58,1912995.433,0.40000000000000036,0.41999999999999993,0.5399999999999991,11.222,11.099,11.061,11.250105798555502,11.1612787264001,11.122260354432294,0.22000000000000064,0.10071428571428546,0.14000000000000057,0.0,0.04661374569669231,0.023711481223369645,1.9658723661156425,66.28310741133865,11.085833333333333,11.025769230769232,11.143528464225813,11.132081471530338,0.011446992695475444,-0.057089591344321754,-0.048070149655595924,0.11903428470214274,0.3350298980051729
000001.SZ,20250515,11.43,11.5,11.38,11.39,11.43,-0.04,-0.35,1035460.26,1183732.832,0.3100000000000005,0.39000000000000057,0.46000000000000085,11.284,11.138000000000002,11.084,11.296737199037002,11.202864412509172,11.147759368295885,0.11999999999999922,0.10357142857142827,0.0,0.03999999999999915,0.043284192432642865,0.02487494685027175,1.7400717554566352,63.50460538091458,11.115833333333333,11.027692307692307,11.181447162037227,11.151186547713275,0.030260614323951884,-0.04378077399622921,-0.03240399685968636,0.1253292223672765,-0.3849409518870647
000001.SZ,20250516,11.37,11.43,11.31,11.38,11.39,-0.01,-0.0878,914744.45,1039223.623,0.23000000000000043,0.40000000000000036,0.4300000000000015,11.33,11.178,11.105500000000001,11.32449146602467,11.235070882962049,11.169877523696277,0.11999999999999922,0.10642857142857107,0.0,0.009999999999999787,0.0401924644017398,0.023812450646680895,1.687876019066607,62.79590305109159,11.146666666666668,11.053846153846154,11.211993752493038,11.168135692327105,0.043858060165932855,-0.028688836420922768,-0.017151585454562517,0.12201929124099074,-0.11658178943535705
000001.SZ,20250519,11.4,11.47,11.36,11.37,11.38,-0.01,-0.0879,831390.6,949883.545,0.20999999999999908,0.4599999999999991,0.3699999999999992,11.372,11.224,11.123999999999999,11.33966097734978,11.259603449696222,11.188936807153773,0.11000000000000121,0.10928571428571399,0.0,0.010000000000001563,0.03732157408732981,0.02282584702906094,1.6350575748542213,62.050165068771875,11.1775,11.075000000000001,11.236302405955646,11.18308860400658,0.053213801949066664,-0.012903669086311749,-0.003078507973836681,0.11258461984580669,-0.09112255340822235
000001.SZ,20250520,11.4,11.47,11.37,11.39,11.37,0.02,0.1759,643634.8,734455.266,0.10000000000000142,0.4299999999999997,0.33000000000000007,11.392,11.267,11.1405,11.35644065156652,11.283311913387816,11.208085682662938,0.10000000000000142,0.1121428571428569,0.02000000000000135,0.0,0.03608431879537778,0.021195429384128016,1.7024575507019055,62.99664356465946,11.211666666666668,11.097692307692306,11.259948189654777,11.198415374080165,0.06153281557461199,0.0028015608093103278,0.009843756735853052,0.10337811767751787,-0.2258334409842978
000001.SZ,20250521,11.4,11.59,11.39,11.48,11.39,0.09,0.7902,1328278.1,1528350.368,0.05000000000000071,0.45000000000000107,0.3000000000000007,11.402000000000001,11.312000000000001,11.1555,11.397627101044348,11.31907338368094,11.233982284314088,0.1999999999999993,0.12071428571428555,0.08999999999999986,0.0,0.03993543888142221,0.019681470142404588,2.029088202886814,66.98676522370761,11.259166666666665,11.120000000000001,11.293802314323273,11.21927349451867,0.07452881980460191,0.01861972725518868,0.022780769349602825,0.10349610090999817,1.0637139259716846
000001.SZ,20250522,11.45,11.56,11.44,11.55,11.48,0.07,0.6098,1002968.06,1155265.064,0.16000000000000014,0.47000000000000064,0.5300000000000011,11.434000000000001,11.359,11.182,11.4484180673629,11.361060041193497,11.264079209617508,0.120000000000001,0.12428571428571418,0.07000000000000028,0.0,0.042082907532749216,0.018275650846518547,2.3026762705288757,69.72152526956981,11.308333333333335,11.145384615384616,11.333217342888924,11.243771754183955,0.08944558870496877,0.03434611274818108,0.036113733220676014,0.10666371096858551,-0.24491109203712688
000001.SZ,20250523,11.55,11.6,11.43,11.46,11.55,-0.09,-0.7792,962643.11,1108636.101,0.08000000000000007,0.3100000000000005,0.4200000000000017,11.45,11.39,11.203,11.452278711575268,11.37904912461286,11.282738332511078,0.16999999999999993,0.1299999999999999,0.0,0.08999999999999986,0.039076985566124274,0.023398818643195787,1.670040960699851,62.54739104309892,11.344166666666666,11.16576923076923,11.352722367059858,11.259788661281439,0.0929337057784192,0.048935015576994485,0.04747772773222465,0.09091195609238908,-0.04020561731547071
000001.SZ,20250526,11.44,11.5,11.4,11.42,11.46,-0.04,-0.349,699158.58,800495.685,0.05000000000000071,0.2599999999999998,0.41000000000000014,11.46,11.416,11.2235,11.441519141050179,11.386494738319612,11.295810872271929,0.09999999999999964,0.1292857142857142,0.0,0.040000000000000924,0.036285772311401114,0.024584617311539013,1.475954327520488,59.61153285886995,11.3725,11.183846153846153,11.363072772127571,11.271656167853184,0.09141660427438758,0.060959667030157365,0.05626550304065725,0.07030220246746066,-0.27370946435174714
000001.SZ,20250527,11.45,11.54,11.42,11.49,11.42,0.07,0.613,801915.14,921912.281,0.09999999999999964,0.20000000000000107,0.46000000000000085,11.48,11.436,11.246500000000001,11.457679427366788,11.405313876806956,11.314305074912697,0.11999999999999922,0.13214285714285712,0.07000000000000028,0.0,0.038693931432015334,0.022828573217857657,1.694978090078227,62.89394694221899,11.400833333333333,11.20269230769231,11.382600037954099,11.287829785049244,0.09477025290485486,0.07021780705342175,0.06396645301349677,0.06160759978271618,0.14697174995692688
000001.SZ,20250528,11.5,11.55,11.44,11.53,11.49,0.04,0.3481,658179.47,757571.319,0.049999999999998934,0.09999999999999964,0.5199999999999996,11.49,11.446,11.2725,11.481786284911191,11.42798408102387,11.334847448730537,0.11000000000000121,0.13357142857142865,0.03999999999999915,0.0,0.03878722204401418,0.02119796084515354,1.829761943959909,64.66133831029542,11.431666666666667,11.220769230769228,11.40527695519193,11.30576831949004,0.0995086357018895,0.07791203165097037,0.07107488955117532,0.056867492301428374,-0.17924049918798146
000001.SZ,20250529,11.52,11.55,11.45,11.46,11.53,-0.07,-0.6071,919806.76,1056726.384,-0.08999999999999986,0.07000000000000028,0.46000000000000085,11.472000000000001,11.453,11.2955,11.474524189940794,11.433805157201348,11.346766739327629,0.10000000000000142,0.13285714285714306,0.0,0.06999999999999851,0.036016706183727445,0.024683820784785322,1.459122009422768,59.33507991192633,11.445833333333333,11.23153846153846,11.413695885162403,11.317192888416704,0.09650299674569851,0.08376146904872211,0.07616051099007996,0.040684971511237095,0.3975014444008715
000001.SZ,20250530,11.47,11.58,11.44,11.56,11.46,0.1,0.8726,1130849.31,1303433.716,0.09999999999999964,0.17999999999999972,0.5800000000000001,11.492,11.471,11.3245,11.503016126627198,11.45674967407383,11.367074668915473,0.14000000000000057,0.1364285714285717,0.09999999999999964,0.0,0.04058694145631831,0.02292069072872923,1.7707555996750948,63.90876192338067,11.456666666666665,11.252307692307692,11.436204210522034,11.335178600385838,0.10102561013619571,0.08907389218062534,0.08113353081930312,0.03978415863378518,0.22944226893918462
000001.SZ,20250603,11.54,11.91,11.53,11.81,11.56,0.25,2.1626,2192479.66,2580962.601,0.39000000000000057,0.4400000000000013,0.9000000000000004,11.570000000000002,11.515,11.3695,11.605344084418132,11.520977006060406,11.409258033780667,0.3800000000000008,0.15071428571428605,0.25,0.0,0.055545017066581284,0.02128349853382,2.609769111892901,72.29739717409191,11.491666666666667,11.281923076923078,11.493711255057105,11.370350555912813,0.1233606991442926,0.09594365702170096,0.08957896448430101,0.06756346931998317,0.9387902885133299
000001.SZ,20250604,11.82,11.88,11.78,11.84,11.81,0.03,0.254,1167959.5,1383019.682,0.34999999999999964,0.4499999999999993,0.879999999999999,11.64,11.560000000000002,11.413500000000003,11.683562722945421,11.578981186776694,11.450281078182508,0.10000000000000142,0.14214285714285754,0.02999999999999936,0.0,0.05372037299039686,0.019763248638547143,2.7181954734718152,73.10523324729176,11.530000000000001,11.313846153846153,11.54698644658678,11.405139403622973,0.141847042963807,0.10342345959494598,0.10003258018020222,0.08362892556720958,-0.4672883305106694
000001.SZ,20250605,11.88,11.91,11.66,11.67,11.84,-0.17,-1.4358,1166803.49,1369212.336,0.14000000000000057,0.1899999999999995,0.6400000000000006,11.668000000000001,11.579,11.4455,11.679041815296948,11.595530061908203,11.471206689784175,0.25,0.15142857142857188,0.0,0.16999999999999993,0.04988320349108279,0.0304944451643652,1.6358127922056656,62.06103851695804,11.555,11.338461538461537,11.565911608650353,11.42475870705831,0.14115290159204363,0.10916871658239874,0.10825664446257052,0.06579251425894622,-0.0009897689089390595
000001.SZ,20250606,11.7,11.79,11.68,11.7,11.67,0.03,0.2571,682352.51,799900.024,0.23999999999999844,0.14999999999999858,0.6199999999999992,11.716,11.594000000000001,11.476499999999998,11.686027876864632,11.61452459610671,11.492996528852348,0.11999999999999922,0.15142857142857188,0.02999999999999936,0.0,0.04846297467029111,0.028316270509767684,1.7114886175979225,63.11988943970236,11.580833333333336,11.365,11.586540591934915,11.445146950979916,0.1413936409549983,0.11455315382424086,0.11488404376105608,0.05301919438788441,-0.41519500425902905
000001.SZ,20250609,11.73,11.75,11.65,11.71,11.7,0.01,0.0855,773254.68,905092.605,0.15000000000000036,0.25,0.5600000000000005,11.745999999999999,11.619,11.504499999999998,11.694018584576423,11.631883760450943,11.513663526104505,0.09999999999999964,0.15071428571428605,0.010000000000001563,0.0,0.045715619336699,0.02629367975906999,1.7386542985079683,63.485716304361425,11.600000000000001,11.392307692307693,11.60553434702185,11.464765695351774,0.14076865167007568,0.12003671464598398,0.12006096534286001,0.04141537265443135,0.13321878159428188
000001.SZ,20250610,11.72,11.89,11.71,11.81,11.71,0.1,0.854,1428131.8,1689018.78,0.0,0.39000000000000057,0.6500000000000004,11.745999999999999,11.658000000000001,11.537,11.732679056384281,11.664268531278044,11.541886047427887,0.17999999999999972,0.15642857142857164,0.09999999999999964,0.0,0.04959307509836334,0.024415559776279277,2.0312077852314925,67.00984984031274,11.621666666666668,11.424230769230768,11.63699060132618,11.4903386068072,0.14665199451898125,0.12580135260310912,0.12537917117808428,0.04254564668179395,0.8469099986565874
000001.SZ,20250611,11.82,11.93,11.79,11.85,11.81,0.04,0.3387,1094666.64,1298656.315,0.009999999999999787,0.35999999999999943,0.5600000000000005,11.748000000000001,11.693999999999999,11.565000000000001,11.771786037589521,11.69803788922749,11.571230233387135,0.14000000000000057,0.15214285714285744,0.03999999999999915,0.0,0.048907855448480184,0.022671591220830758,2.1572308256662387,68.32667437962886,11.654166666666667,11.460384615384616,11.66976127804523,11.516980191488148,0.15278108655708245,0.13172051380924168,0.13085955425388393,0.04384306460639703,-0.23349746851095965
000001.SZ,20250612,11.56,11.7,11.52,11.68,11.49,0.19,1.6536,1290220.47,1500287.176,0.009999999999999787,0.15000000000000036,0.25,11.75,11.709,11.5775,11.741190691726349,11.694758273004307,11.581589258778838,0.33000000000000007,0.1671428571428574,0.0,0.16999999999999993,0.045414437202160166,0.033195048990771414,1.368108756663859,57.772209693241514,11.675833333333335,11.488076923076923,11.671336466038273,11.529055732859396,0.14228073317887713,0.13680692896848376,0.13314379003888258,0.018273886279989104,0.17864235818860807
000001.SZ,20250613,11.68,11.74,11.56,11.58,11.68,-0.1,-0.8562,1095494.19,1272773.101,-0.11999999999999922,0.11999999999999922,0.1899999999999995,11.726,11.721,11.587,11.6874604611509,11.673893132458069,11.581437900799902,0.17999999999999972,0.1678571428571431,0.0,0.09999999999999964,0.0421705488305773,0.03796683120571629,1.110720792106245,52.62281947760032,11.683333333333335,11.50923076923077,11.657284702032385,11.532829382277217,0.12445531975516744,0.1394102300372584,0.13140609598213956,-0.013901552453944255,-0.15092481054807635
000001.SZ,20250616,11.57,11.79,11.53,11.79,11.58,0.21,1.8135,1174438.27,1371041.708,0.0799999999999983,0.22999999999999865,0.40999999999999837,11.742,11.744,11.6075,11.721640307433933,11.695003472011148,11.601300957866577,0.2599999999999998,0.17928571428571452,0.20999999999999908,0.0,0.054158366771250285,0.03525491469102227,1.5361933859690153,60.57083006633876,11.705,11.536538461538463,11.677702440181248,11.55187905766409,0.12582338251715797,0.1396838615231323,0.13028955328914324,-0.008932341543970546,0.07206252732385562
000001.SZ,20250617,11.79,11.88,11.71,11.76,11.79,-0.03,-0.2545,890027.34,1048960.749,-0.05000000000000071,-0.05000000000000071,0.39000000000000057,11.732,11.739,11.627,11.734426871622624,11.706821022554575,11.616415152355474,0.16999999999999993,0.18285714285714313,0.0,0.02999999999999936,0.05028991200187526,0.034879563641663495,1.4418159733456117,59.04687286364716,11.729999999999999,11.56,11.690363603230287,11.567295423763046,0.12306817946724102,0.13759732113462497,0.1288452785247628,-0.011554198115043546,-0.24216762793330981
000001.SZ,20250618,11.78,11.81,11.66,11.77,11.76,0.01,0.085,683521.11,802908.098,-0.08000000000000007,-0.07000000000000028,0.379999999999999,11.716,11.732,11.646,11.746284581081749,11.718308109362834,11.631042280702573,0.15000000000000036,0.18571428571428594,0.009999999999999787,0.0,0.04741206114459844,0.03238816623868753,1.4638698836850148,59.413441163362926,11.7475,11.583461538461536,11.702615356579475,11.582310577558376,0.12030477902109915,0.1352808630711867,0.12713717862403007,-0.013664799205861833,-0.23202234439225203
000001.SZ,20250619,11.76,11.78,11.65,11.7,11.77,-0.07,-0.5947,832247.16,974127.331,0.019999999999999574,0.02999999999999936,0.21999999999999886,11.719999999999999,11.735,11.657,11.730856387387833,11.714979362205954,11.637609682540424,0.129999999999999,0.18785714285714292,0.0,0.07000000000000028,0.0440254853485557,0.035074725793067016,1.2551911484154188,55.65786072268698,11.738333333333332,11.599230769230768,11.702212994028788,11.591028312554052,0.11118468147473592,0.13192431201782423,0.12394667919417125,-0.025523995438870656,0.21758808590417938
000001.SZ,20250620,11.7,11.86,11.67,11.84,11.7,0.14,1.1966,1309197.82,1544541.881,0.2599999999999998,0.14000000000000057,0.28999999999999915,11.772,11.749,11.6715,11.76723759159189,11.737710387259416,11.656884950869907,0.1899999999999995,0.19142857142857142,0.14000000000000057,0.0,0.050880807823658905,0.032569388236419375,1.562227925631208,60.97146588730396,11.738333333333332,11.614999999999998,11.723410994947436,11.609470659772269,0.1139403351751671,0.1289433879628344,0.12194541039037043,-0.016010150430406656,0.5730877591700043
000001.SZ,20250623,11.81,11.97,11.67,11.93,11.84,0.09,0.7601,1389170.48,1646476.917,0.14000000000000057,0.21999999999999886,0.46999999999999886,11.8,11.771,11.695,11.821491727727928,11.77267213503043,11.682895907929916,0.3000000000000007,0.1857142857142857,0.08999999999999986,0.0,0.05367503583625469,0.030243003362389418,1.774791848319061,63.961260712013804,11.76,11.63576923076923,11.755193918801677,11.633213573863213,0.12198034493846421,0.12620209356499915,0.12195239729998919,5.589527695004648e-05,0.06108523767630465
000001.SZ,20250624,11.9,12.01,11.84,11.93,11.93,0.0,0.0,1308525.31,1560621.893,0.16999999999999993,0.11999999999999922,0.5099999999999998,11.834,11.783000000000001,11.7205,11.857661151818618,11.801277201388533,11.70642963098421,0.16999999999999993,0.1907142857142856,0.0,-0.0,0.04984110470509364,0.028082788836504457,1.774791848319061,63.961260712013804,11.779166666666669,11.656923076923078,11.782087162062957,11.655197753577049,0.12688940848590846,0.12332524044597983,0.12293979953717304,0.007899217897470834,-0.05805275245987082
000001.SZ,20250625,11.93,12.08,11.83,12.06,11.93,0.13,1.0897,1675116.47,2007989.727,0.2900000000000009,0.21000000000000085,0.5700000000000003,11.892,11.803999999999998,11.749,11.925107434545746,11.848317710226981,11.740102999461904,0.25,0.1907142857142856,0.13000000000000078,0.0,0.05556674008330129,0.026076875348182708,2.1308818384628174,68.06011687458079,11.808333333333335,11.683461538461538,11.824842983284041,11.685183105163933,0.13965987812010816,0.12303403432833883,0.12628381525376006,0.026752125732696197,0.2801559566318208
000001.SZ,20250626,12.05,12.48,12.01,12.41,12.06,0.35,2.9022,2174577.66,2672207.529,0.7100000000000009,0.7300000000000004,0.8800000000000008,12.034,11.876999999999999,11.793000000000001,12.086738289697164,11.950441762912984,11.803902713798866,0.47000000000000064,0.2157142857142857,0.34999999999999964,0.0,0.07659768722020832,0.024214241394741088,3.1633321057435237,75.98077754545571,11.858333333333334,11.72269230769231,11.914867139701881,11.73887324552216,0.17599389417972056,0.12876054259773362,0.13622583103895217,0.07953612628153678,0.2981650523679707
000001.SZ,20250627,12.37,12.58,12.13,12.2,12.41,-0.21,-1.6922,2377600.15,2937865.058,0.35999999999999943,0.6199999999999992,0.7399999999999984,12.106,11.939,11.83,12.124492193131443,11.995815987837895,11.84162626486564,0.4499999999999993,0.24071428571428566,0.0,0.21000000000000085,0.07112642384733629,0.03748465272368822,1.897481200416413,65.48726528902812,11.887499999999998,11.750384615384617,11.958733733593899,11.77303078289089,0.1857029507030088,0.13541382795171705,0.1461212549717635,0.07916339146249057,0.09336180249363904
000001.SZ,20250630,12.14,12.17,11.96,12.07,12.2,-0.13,-1.0656,1504819.65,1812492.377,0.14000000000000057,0.28000000000000114,0.5099999999999998,12.134000000000002,11.967000000000002,11.8555,12.106328128754297,12.009303990049187,11.863376144402247,0.23999999999999844,0.24499999999999986,0.0,0.129999999999999,0.06604596500109798,0.04409289181485327,1.497882363407372,59.9660890901245,11.92,11.770384615384614,11.9758516207333,11.79502850267675,0.1808231180565496,0.1418310433505291,0.15306162758872074,0.05552298093565772,-0.3670846420496735
000001.SZ,20250701,12.06,12.33,12.06,12.3,12.07,0.23,1.9056,1354341.08,1653806.75,0.370000000000001,0.5400000000000009,0.4900000000000002,12.208000000000002,12.020999999999999,11.879999999999999,12.170885419169533,12.062157810040242,11.90495936874489,0.2699999999999996,0.25428571428571406,0.23000000000000043,0.0,0.07775696750101958,0.04094339954236375,1.899133153820439,65.50693097065192,11.980000000000002,11.802692307692308,12.025720602158946,11.832433798774769,0.19328680338417747,0.14994015716864892,0.1611066627478121,0.06436028127273075,-0.09999774391569105
000001.SZ,20250702,12.31,12.41,12.23,12.32,12.3,0.02,0.1626,1200411.84,1481842.213,0.2599999999999998,0.5500000000000007,0.4800000000000004,12.260000000000002,12.075999999999999,11.904,12.220590279446355,12.109038208214743,11.944487047912045,0.17999999999999972,0.24357142857142833,0.019999999999999574,0.0,0.0736314698223753,0.038018871003623486,1.9367084786751732,65.94827143172459,12.024166666666668,11.837307692307691,12.070994355672955,11.86854981368034,0.2024445419926142,0.1600801416706354,0.16937423859677253,0.06614060679168332,-0.11365618474778892
000001.SZ,20250703,12.33,12.42,12.28,12.35,12.32,0.03,0.2435,794085.97,980546.007,-0.0600000000000005,0.6500000000000004,0.6799999999999997,12.248000000000001,12.141,11.937999999999999,12.263726852964236,12.15284944308479,11.983107329063278,0.14000000000000057,0.24071428571428552,0.02999999999999936,0.0,0.07051493626363416,0.03530323736050752,1.9974070803635906,66.6378315260836,12.073333333333332,11.870384615384618,12.113918300954039,11.90421279044476,0.20970551050927888,0.17072071670775893,0.1774404929792738,0.06453003506001015,-0.3384887223371606
000001.SZ,20250704,12.35,12.72,12.3,12.6,12.35,0.25,2.0243,1775332.67,2224874.056,0.40000000000000036,0.7599999999999998,0.9000000000000004,12.328,12.216999999999999,11.983,12.375817901976157,12.2341495443421,12.041859012009633,0.41999999999999993,0.25214285714285695,0.25,0.0,0.08333529795908887,0.0327815775490427,2.5421381211570906,71.76846396736964,12.142499999999998,11.911538461538463,12.188700100807264,11.955752583745149,0.23294751706211514,0.1830504024992757,0.18854189779584207,0.08881123853254613,1.2356932839400248
000001.SZ,20250707,12.6,12.82,12.6,12.78,12.6,0.18,1.4286,1495406.53,1901755.851,0.7099999999999991,0.8499999999999996,1.0699999999999985,12.47,12.302000000000001,12.0365,12.510545267984106,12.333395081734446,12.112158153723001,0.22000000000000064,0.2557142857142856,0.17999999999999972,0.0,0.09023991953343964,0.03044003629553965,2.964514189710819,74.77622850750996,12.2325,11.962307692307691,12.279669316067684,12.016807947912175,0.26286136815550876,0.19815839801812019,0.20340579186777544,0.11891115257546664,-0.15767531614229793
000001.SZ,20250708,12.75,12.84,12.65,12.69,12.78,-0.09,-0.7042,1090985.97,1387093.602,0.3899999999999988,0.7599999999999998,0.879999999999999,12.548,12.378,12.080499999999999,12.570363511989406,12.39823233960091,12.167190710511287,0.1899999999999995,0.2585714285714284,0.0,0.08999999999999986,0.08379421099533681,0.034694319417286804,2.4152141446413697,70.71925924267306,12.303333333333333,12.00576923076923,12.342797113595733,12.066674025844607,0.2761230877511256,0.213320976866011,0.21794925104444549,0.11634767341336022,-0.270441884455326
000001.SZ,20250709,12.66,12.9,12.66,12.84,12.69,0.15,1.182,1205963.3,1542699.035,0.5199999999999996,0.7799999999999994,0.9900000000000002,12.651999999999997,12.456,12.129999999999999,12.66024234132627,12.478553732400743,12.231267785700688,0.2400000000000002,0.26642857142857135,0.15000000000000036,0.0,0.08852319592424134,0.03221615374462346,2.74778909443884,73.31760206347121,12.379166666666668,12.045384615384613,12.419289865350237,12.1239574313376,0.29533243401263753,0.226580814625224,0.23342588763808392,0.12381309274910723,0.10538845884516744
000001.SZ,20250710,12.82,13.33,12.79,13.18,12.84,0.34,2.648,2481415.53,3249454.029,0.8300000000000001,0.7699999999999996,1.5,12.818000000000001,12.533000000000001,12.205000000000002,12.833494894217514,12.606089417418788,12.321623234681574,0.5400000000000009,0.2914285714285714,0.33999999999999986,0.0,0.10648582478679551,0.02991499990572178,3.5596130744572787,78.06831448918442,12.483333333333334,12.096923076923076,12.536322193757892,12.202182806794072,0.3341393869638196,0.2430737519875363,0.2535685875032311,0.16114159892117708,1.0576210984198273
000001.SZ,20250711,13.19,13.3,12.89,12.91,13.18,-0.27,-2.0486,2443743.5,3200219.566,0.3100000000000005,0.7100000000000009,1.33,12.88,12.604,12.2715,12.85899659614501,12.661345886979008,12.377659117092854,0.41000000000000014,0.29928571428571427,0.0,0.2699999999999996,0.09887969444488154,0.04706392848388448,2.10096559361252,67.75198015547687,12.554166666666667,12.144615384615385,12.593811087025909,12.25461370999451,0.3391973770313985,0.26067089187363063,0.27069434540886456,0.13700606324506792,-0.015181669311145079
000001.SZ,20250714,12.87,13.17,12.86,12.98,12.91,0.07,0.5422,1872895.85,2440924.105,0.20000000000000107,0.9100000000000001,1.1900000000000013,12.920000000000002,12.695,12.331,12.899331064096675,12.719282998437372,12.435024915464963,0.3100000000000005,0.3092857142857143,0.07000000000000028,0.0,0.09681685912739002,0.04370221930646416,2.2153762592342643,68.89944070688175,12.601666666666667,12.193846153846154,12.653224765945,12.308346027772695,0.3448787381723051,0.2775144401834226,0.28553122396155267,0.11869502842150481,-0.23359556761992406
000001.SZ,20250715,12.99,13.04,12.71,12.73,12.98,-0.25,-1.926,1810531.31,2322277.285,0.040000000000000924,0.4299999999999997,0.9700000000000006,12.928,12.738000000000001,12.3795,12.84288737606445,12.72123154417603,12.463117780658775,0.3299999999999983,0.3149999999999999,0.0,0.25,0.08990136918971932,0.05843777507028815,1.538411910473785,60.60529042296552,12.64583333333333,12.233076923076926,12.665036340415,12.339579655345087,0.32545668506991277,0.2911824560809002,0.2935163161832247,0.0638807377733761,-0.03329845597127039
000001.SZ,20250716,12.73,12.76,12.5,12.64,12.73,-0.09,-0.707,1927863.79,2424983.973,-0.1999999999999993,0.3200000000000003,0.870000000000001,12.888,12.77,12.422999999999998,12.775258250709634,12.70646217250766,12.47996370631032,0.2599999999999998,0.2999999999999998,0.0,0.08999999999999986,0.08347984281902508,0.0606922197081247,1.3754620150735706,57.902926097977236,12.693333333333333,12.264999999999999,12.66118459573577,12.361833014208415,0.29935158152735575,0.3011431306384643,0.29468336925205096,0.009336424550609568,0.06480555147096571
000001.SZ,20250717,12.61,12.7,12.54,12.59,12.64,-0.05,-0.3956,944641.4,1189666.227,-0.5899999999999999,0.2400000000000002,0.8900000000000006,12.770000000000001,12.794,12.4675,12.71350550047309,12.68528723205172,12.490443353328384,0.16000000000000014,0.2792857142857142,0.0,0.05000000000000071,0.07751699690338043,0.05992848972897299,1.2934915806146892,56.3983574889782,12.717500000000001,12.293461538461536,12.65023311946873,12.3787342724152,0.27149884705353067,0.30542661174862157,0.2900464648123469,-0.0370952355176325,-0.5100061503826471
000001.SZ,20250718,12.62,12.75,12.6,12.7,12.59,0.11,0.8737,1241206.11,1574176.824,-0.21000000000000085,0.09999999999999964,0.8599999999999994,12.728,12.803999999999998,12.5105,12.70900366698206,12.687962280769588,12.51040112920187,0.16000000000000014,0.2735714285714286,0.10999999999999943,0.0,0.07983721141028179,0.05564788331976063,1.4346855018999707,58.92693330536434,12.749166666666666,12.332692307692307,12.657889562627387,12.402531733717776,0.25535782890961123,0.30459288516574407,0.2831087376317998,-0.0555018174443771,0.3139442226436403
000001.SZ,20250721,12.64,12.71,12.55,12.61,12.7,-0.09,-0.7087,1079026.62,1360155.719,-0.370000000000001,-0.16999999999999993,0.6799999999999997,12.654,12.787,12.5445,12.676002444654708,12.673787320629662,12.51988673594455,0.16000000000000014,0.26571428571428574,0.0,0.08999999999999986,0.07413455345240451,0.058101605939777715,1.2759467187403553,56.062240307916355,12.770833333333334,12.372307692307693,12.650521937607788,12.417899753442384,0.23262218416540392,0.29975945143399724,0.2730114269385206,-0.08077848554623335,-0.1306628195699101
000001.SZ,20250722,12.6,12.6,12.32,12.49,12.61,-0.12,-0.9516,1935229.16,2408337.286,-0.2400000000000002,-0.1999999999999993,0.5600000000000005,12.606,12.767,12.5725,12.614001629769806,12.640371444151542,12.517040380140307,0.28999999999999915,0.2735714285714286,0.0,0.11999999999999922,0.0688392282058042,0.06252291980122211,1.1010238873146583,52.404158465893936,12.761666666666665,12.399230769230769,12.625826254898897,12.423240512446652,0.2025857424522446,0.2894542634828425,0.2589262900412654,-0.11268109517804159,0.7934952893006474
000001.SZ,20250723,12.46,12.63,12.45,12.53,12.49,0.04,0.3203,1370520.0,1719158.803,-0.11000000000000121,-0.3100000000000005,0.46999999999999886,12.584,12.736,12.596,12.586001086513205,12.620303908851263,12.518274629650753,0.1800000000000015,0.2764285714285715,0.03999999999999915,0.0,0.06677928333396098,0.05805699695827767,1.1502366094124974,53.49349017579852,12.740833333333335,12.428846153846154,12.61108375414522,12.431148622635789,0.1799351315094313,0.27232045732124377,0.2431280583348986,-0.12638585365093458,-0.29180480103968665
000001.SZ,20250724,12.53,12.53,12.33,12.35,12.53,-0.18,-1.4366,1959350.57,2426175.236,-0.2400000000000002,-0.8300000000000001,-0.0600000000000005,12.536,12.653,12.593,12.507334057675472,12.571157743605578,12.502248474445919,0.1999999999999993,0.26071428571428573,0.0,0.17999999999999972,0.062009334524392334,0.06676721146125782,0.928739319304562,48.15266168988735,12.712499999999999,12.451153846153847,12.570917022738263,12.425137613551655,0.14577940918660737,0.2508295720051559,0.22365832850524037,-0.155757838637266,0.4296402606310014
000001.SZ,20250725,12.33,12.46,12.32,12.35,12.35,0.0,0.0,1108266.66,1372103.731,-0.34999999999999964,-0.5600000000000005,0.15000000000000036,12.466000000000001,12.596999999999998,12.6005,12.454889371783647,12.5309472447682,12.487748619736783,0.14000000000000057,0.255,0.0,-0.0,0.0575800963440786,0.061998124928310826,0.9287393193045622,48.15266168988737,12.671666666666667,12.476153846153847,12.536929788470838,12.41957186439968,0.11735792407115753,0.2255494815494728,0.20239824761842382,-0.17008064709453258,-0.4343704097832784
000001.SZ,20250728,12.35,12.53,12.32,12.46,12.35,0.11,0.8907,1238242.78,1541317.047,-0.14999999999999858,-0.5199999999999996,0.39000000000000057,12.436,12.544999999999998,12.620000000000001,12.456592914522432,12.518047745719436,12.485105894047566,0.20999999999999908,0.2564285714285714,0.11000000000000121,0.0,0.061324375176644505,0.05756968743343148,1.0652198736975012,51.57900557049972,12.611666666666666,12.5,12.525094436398401,12.422566541110815,0.10252789528758655,0.2007796160181032,0.1824241771522564,-0.1597925637293397,0.1172787422839194
000001.SZ,20250729,12.46,12.51,12.34,12.34,12.46,-0.12,-0.9631,1012818.01,1255113.972,-0.15000000000000036,-0.39000000000000057,0.03999999999999915,12.406,12.506,12.622,12.417728609681623,12.485675428315902,12.471286285090654,0.16999999999999993,0.2514285714285714,0.0,0.120000000000001,0.05694406266402704,0.06202899547390073,0.9180232926387915,47.862989785477886,12.564166666666665,12.51576923076923,12.496618369260187,12.416450501028532,0.08016786823165489,0.17642587009635868,0.1619729153681361,-0.16361009427296241,-0.18205215781674092
000001.SZ,20250730,12.35,12.64,12.34,12.49,12.34,0.15,1.2156,1715163.6,2149934.405,-0.03999999999999915,-0.15000000000000036,0.16999999999999993,12.398,12.491,12.630500000000001,12.441819073121081,12.486461714076647,12.473068543653449,0.3000000000000007,0.23428571428571424,0.15000000000000036,0.0,0.06359091533088228,0.057598352940050675,1.1040405165242966,52.47239812416167,12.523333333333333,12.53730769230769,12.495600158604773,12.421898612063455,0.07370154654131866,0.15444839226166845,0.1443186416027726,-0.1412341901229079,0.6934568531221124
000001.SZ,20250731,12.51,12.55,12.22,12.23,12.49,-0.26,-2.0817,1690081.25,2079630.602,-0.11999999999999922,-0.35999999999999943,-0.11999999999999922,12.374,12.455,12.624500000000001,12.371212715414055,12.439832311517257,12.449919158543597,0.33000000000000007,0.2285714285714285,0.0,0.2599999999999998,0.059048707092962116,0.07205561344433276,0.8194879520189049,45.039482185611654,12.481666666666667,12.543846153846156,12.4547385957425,12.407683900058755,0.04705469568374454,0.1313035996810166,0.124865852418967,-0.15562231347044492,-0.014623881943390177
000001.SZ,20250801,12.24,12.33,12.15,12.28,12.23,0.05,0.4088,1012186.98,1240239.18,-0.07000000000000028,-0.41999999999999993,-0.3200000000000003,12.36,12.413,12.6085,12.340808476942705,12.41077189124139,12.433736381539445,0.17999999999999972,0.21928571428571417,0.049999999999998934,0.0,0.05840237087203618,0.06690878391259471,0.8728655261217907,46.60588354836476,12.451666666666666,12.538846153846153,12.427855734859039,12.398225833387736,0.029629901471302844,0.10874890160389425,0.10581866222943417,-0.15237752151626266,-0.4011015860923846
000001.SZ,20250804,12.24,12.38,12.21,12.3,12.28,0.02,0.1629,1032689.69,1271376.407,-0.16000000000000014,-0.3099999999999987,-0.47999999999999865,12.328,12.382,12.5845,12.327205651295138,12.390631547379318,12.420999583297593,0.16999999999999993,0.20785714285714288,0.02000000000000135,0.0,0.05565934438117655,0.06212958506169509,0.8958589426584204,47.25345976437597,12.4275,12.542692307692306,12.408185621803803,12.390949845729386,0.01723577607441662,0.0881544608952467,0.08810208499843067,-0.1417326178480281,0.020255852332737932
000001.SZ,20250805,12.3,12.5,12.28,12.47,12.3,0.17,1.3821,1132078.2,1405152.349,0.13000000000000078,-0.019999999999999574,-0.21999999999999886,12.354,12.379999999999999,12.5735,12.374803767530093,12.405062175128533,12.425666289650204,0.22000000000000064,0.20500000000000007,0.16999999999999993,0.0,0.06382653406823537,0.057691757557288295,1.106337140186017,52.52421937013906,12.408333333333333,12.558076923076925,12.41769552614168,12.396805412712395,0.02089011342928515,0.0704827922196749,0.07465969068460157,-0.10753915451063284,0.09624237654585281
000001.SZ,20250806,12.47,12.52,12.4,12.46,12.47,-0.01,-0.0802,690447.65,859684.675,-0.02999999999999936,-0.06999999999999851,-0.379999999999999,12.348,12.373,12.5545,12.403202511686729,12.415050870559709,12.428936166826375,0.11999999999999922,0.20214285714285715,0.0,0.009999999999999787,0.05926749592050427,0.05428520344605341,1.0917799355657216,52.193823881882196,12.395833333333334,12.56423076923077,12.424203906735267,12.401486493252216,0.022717413483050564,0.05680923714150193,0.06427123524429137,-0.08310764352248162,-0.3901060456777632
000001.SZ,20250807,12.44,12.53,12.39,12.47,12.46,0.01,0.0803,722053.05,900760.013,0.2400000000000002,0.120000000000001,-0.7099999999999991,12.395999999999999,12.385,12.519,12.425468341124487,12.425041621367034,12.432847008081007,0.1399999999999988,0.20071428571428562,0.009999999999999787,0.0,0.055748389069039665,0.05040768891419245,1.1059501093957815,52.51549428742592,12.394166666666665,12.57,12.431249459545226,12.406561567826126,0.024687891719100463,0.046512566880162254,0.0563545665392532,-0.06333334964030547,0.04577523002649082
000001.SZ,20250808,12.48,12.53,12.39,12.4,12.47,-0.07,-0.5613,829795.91,1032586.759,0.120000000000001,0.05000000000000071,-0.5099999999999998,12.42,12.39,12.493500000000001,12.416978894082993,12.420488599300299,12.429718721597101,0.1399999999999988,0.1992857142857141,0.0,0.07000000000000028,0.05176636127839397,0.051807139706035864,0.9992128801575753,49.98031425641969,12.383333333333333,12.571923076923078,12.426441850384423,12.40607552576493,0.02036632461949317,0.03738350347259632,0.049156918155301196,-0.05758118707161605,0.14921737398657894
000001.SZ,20250811,12.4,12.42,12.27,12.3,12.4,-0.1,-0.8065,934353.15,1150305.113,0.0,-0.16000000000000014,-0.6799999999999997,12.419999999999998,12.373999999999999,12.459500000000002,12.377985929388663,12.398581581245699,12.417364557635473,0.15000000000000036,0.1892857142857142,0.0,0.09999999999999964,0.04806876404422298,0.05524948686989042,0.8700309589738334,46.524949482721766,12.379166666666668,12.560384615384615,12.406989258017589,12.398218079411972,0.008771178605616825,0.029450537958592093,0.04107977024536432,-0.06461718327949499,0.1260035615263517
000001.SZ,20250812,12.3,12.4,12.3,12.33,12.3,0.03,0.2439,680056.19,839635.63,-0.14000000000000057,-0.009999999999999787,-0.40000000000000036,12.392,12.373,12.4395,12.361990619592442,12.38611220283739,12.409044123574953,0.09999999999999964,0.18357142857142833,0.02999999999999936,0.0,0.046778138041064156,0.05130309495061253,0.9117995334608103,47.69326059046771,12.377500000000003,12.543076923076923,12.395144756784113,12.393164888344419,0.001979868439693888,0.02148146261396712,0.033259789884230236,-0.0625598428890727,-0.27216364604753573
000001.SZ,20250813,12.37,12.4,12.23,12.26,12.33,-0.07,-0.5677,1119813.05,1376777.909,-0.20000000000000107,-0.23000000000000043,-0.3800000000000008,12.352,12.35,12.4205,12.327993746394961,12.363182711412408,12.394849445139243,0.16999999999999993,0.18142857142857124,0.0,0.07000000000000028,0.04343684246670243,0.05263858816842594,0.8251901120090647,45.2111868555294,12.360833333333332,12.526538461538461,12.374353255740402,12.383300822541129,-0.008947566800726392,0.015258989004581459,0.024818318547238913,-0.06753177069593061,0.6466478306741097
000001.SZ,20250814,12.27,12.34,12.19,12.2,12.26,-0.06,-0.4894,1241041.29,1523447.932,-0.27000000000000135,-0.030000000000001137,-0.39000000000000057,12.297999999999998,12.347,12.401,12.285329164263308,12.333513127519243,12.376292355125981,0.15000000000000036,0.18214285714285694,0.0,0.0600000000000005,0.04033421086193797,0.0531644032992527,0.7586694923462993,43.138832830615215,12.349166666666664,12.501923076923077,12.347529677934187,12.369722983834379,-0.022193305900191973,0.009500854852193145,0.015415993657752737,-0.07521859911588942,0.10825757031497354
000001.SZ,20250815,12.23,12.23,11.94,12.08,12.2,-0.12,-0.9836,1948502.95,2344073.499,-0.3200000000000003,-0.1999999999999993,-0.6199999999999992,12.234,12.327000000000002,12.370000000000001,12.216886109508874,12.287419831606652,12.348074035590173,0.2900000000000009,0.18785714285714278,0.0,0.11999999999999922,0.03745319580037097,0.057938374492163165,0.6464315944078989,39.26258440396202,12.315,12.459615384615383,12.306371265944312,12.34826202206887,-0.04189075612455717,0.0029312401634182805,0.003954643701290755,-0.09169079965169585,0.5700548931776476
000001.SZ,20250818,12.06,12.15,12.03,12.08,12.08,0.0,0.0,1239058.37,1496527.039,-0.22000000000000064,-0.22000000000000064,-0.5299999999999994,12.19,12.305,12.3435,12.171257406339251,12.249707134950896,12.322543175057776,0.120000000000001,0.1842857142857143,0.0,-0.0,0.034777967528915904,0.05379991917129436,0.646431594407899,39.26258440396202,12.302500000000002,12.427692307692308,12.271544917337495,12.32839076117488,-0.05684584383738489,-0.00570608842176728,-0.008205453806444375,-0.09728078006188104,-0.3640972573328667
000001.SZ,20250819,12.1,12.12,12.02,12.06,12.08,-0.02,-0.1656,892859.89,1077380.173,-0.2699999999999996,-0.41000000000000014,-0.4299999999999997,12.136,12.264,12.322,12.134171604226168,12.215214928596188,12.29753906314751,0.09999999999999964,0.16999999999999993,0.0,0.019999999999999574,0.0322938269911362,0.05138563923048759,0.628460158805925,38.59229563631118,12.28416666666667,12.392307692307693,12.23899954543942,12.308509964050815,-0.06951041861139551,-0.015953625321150175,-0.0204664467674346,-0.09808794368792181,-0.2794044964968035
000001.SZ,20250820,12.06,12.12,11.98,12.07,12.06,0.01,0.0829,1048738.53,1265435.773,-0.1899999999999995,-0.39000000000000057,-0.4599999999999991,12.098,12.225,12.299000000000001,12.112781069484113,12.188812214305973,12.275868676181082,0.1399999999999988,0.15642857142857128,0.009999999999999787,0.0,0.030701410777483597,0.0477152364283099,0.6434299204115053,39.15164939009959,12.264999999999999,12.366923076923076,12.212999615371817,12.290842559306311,-0.07784294393449365,-0.027345940393771744,-0.03194174620084641,-0.09180239546729448,0.17458353964136525
000001.SZ,20250821,12.05,12.19,12.03,12.15,12.07,0.08,0.6628,1217418.25,1477053.292,-0.049999999999998934,-0.3200000000000003,-0.1999999999999993,12.088,12.193000000000001,12.289000000000001,12.125187379656076,12.181755448068522,12.263881183211454,0.16000000000000014,0.15499999999999986,0.08000000000000007,0.0,0.034222738579091916,0.04430700525485919,0.7724001742441998,43.579333012285026,12.238333333333335,12.34807692307692,12.203307366853076,12.280409777135473,-0.0771024102823965,-0.03817579982731504,-0.04097387901715643,-0.07225706253048016,0.16084058626128667
000001.SZ,20250822,12.15,12.17,11.98,12.06,12.15,-0.09,-0.7407,1644259.77,1979461.311,-0.019999999999999574,-0.33999999999999986,-0.28999999999999915,12.084,12.159000000000002,12.2745,12.103458253104051,12.159618093874245,12.244463927667507,0.1899999999999995,0.15642857142857128,0.0,0.08999999999999986,0.03177825725201392,0.04757079059379781,0.6680203724879256,40.048693859268866,12.205,12.327692307692306,12.181260079644911,12.264083126977289,-0.08282304733237744,-0.04835293604264774,-0.04934371268020063,-0.06695866930435362,0.350612059577717
000001.SZ,20250825,12.12,12.53,12.1,12.45,12.06,0.39,3.2338,3045087.53,3761289.076,0.3699999999999992,0.14999999999999858,-0.010000000000001563,12.158000000000001,12.174000000000001,12.274,12.218972168736034,12.212414804078927,12.264038791699173,0.46999999999999886,0.174285714285714,0.3899999999999988,0.0,0.057365524591155695,0.04417287697995511,1.298659460582275,56.49638334219852,12.203333333333333,12.318076923076923,12.222604682776463,12.277854747201193,-0.05525006442472957,-0.05471181747202812,-0.05052498302910642,-0.009450162791246303,0.8519503946751673
000001.SZ,20250826,12.45,12.5,12.3,12.36,12.45,-0.09,-0.7229,1383598.61,1709560.923,0.29999999999999893,0.02999999999999936,0.019999999999999574,12.218,12.177000000000001,12.275,12.265981445824023,12.239248476064574,12.273177954394491,0.1999999999999993,0.17999999999999972,0.0,0.08999999999999986,0.05326798712035886,0.0474462429099583,1.1227019012116268,52.890229220164855,12.200000000000003,12.30846153846154,12.243742423887776,12.283939580741844,-0.04019715685406844,-0.058183994144621685,-0.04845941779409883,0.01652452188006079,-0.5456292811392518
000001.SZ,20250827,12.32,12.36,12.05,12.06,12.36,-0.3,-2.4272,1860049.5,2268070.721,-0.009999999999999787,-0.1999999999999993,-0.4299999999999997,12.216,12.157,12.253499999999999,12.197320963882683,12.206657844052833,12.252875292071206,0.3099999999999987,0.19214285714285687,0.0,0.29999999999999893,0.04946313089747608,0.06548579698781834,0.7553260885971534,43.030528259327916,12.180000000000001,12.291923076923078,12.215474358674271,12.267351463649854,-0.051877104975583066,-0.06148219404188736,-0.04914295523039568,-0.005468299490374778,0.3443562942000931
000001.SZ,20250828,12.09,12.14,11.97,12.08,12.06,0.02,0.1658,1653587.93,1991723.374,-0.07000000000000028,-0.11999999999999922,-0.15000000000000036,12.202,12.145,12.245999999999999,12.15821397592179,12.183629145134134,12.236410978540615,0.16999999999999993,0.1942857142857141,0.019999999999999574,0.0,0.047358621547656334,0.06080824006011703,0.7788191452480131,43.78293022809948,12.15916666666667,12.274615384615384,12.194632149647461,12.253473577453569,-0.058841427806108015,-0.06336560200650412,-0.05108264974553815,-0.015517556121139725,-0.11099789010991377
000001.SZ,20250829,12.05,12.22,12.03,12.05,12.08,-0.03,-0.2483,1805125.68,2186232.853,-0.009999999999999787,-0.02999999999999936,-0.22999999999999865,12.2,12.142,12.2345,12.122142650614528,12.159332936927928,12.218657552012937,0.19000000000000128,0.197142857142857,0.0,0.02999999999999936,0.043975862865680886,0.05860765148439434,0.7503433724415742,42.868352818962116,12.141666666666667,12.263076923076921,12.172381049701698,12.238401460605157,-0.06602041090345878,-0.06438499834717899,-0.054070201977122284,-0.023900417852672995,0.09164178526629667
000001.SZ,20250901,12.05,12.05,11.85,11.89,12.05,-0.16,-1.3278,1858459.02,2214306.332,-0.5599999999999987,-0.1899999999999995,-0.41000000000000014,12.088,12.123000000000001,12.214000000000002,12.044761767076352,12.110363312031941,12.18735683277361,0.20000000000000107,0.20428571428571424,0.0,0.16000000000000014,0.04083472980384654,0.0658499620926519,0.6201177420025156,38.27609104731061,12.115833333333333,12.245384615384616,12.128937811286052,12.212593945004775,-0.08365613371872271,-0.06595674447021535,-0.05998738832544237,-0.04733749078656069,0.029545499568761378
000001.SZ,20250902,11.85,11.99,11.84,11.98,11.89,0.09,0.7569,1492715.66,1780010.209,-0.379999999999999,-0.08000000000000007,-0.4900000000000002,12.012,12.115,12.189500000000002,12.023174511384237,12.086660891662497,12.167608562985647,0.15000000000000036,0.20285714285714285,0.08999999999999986,0.0,0.04434653481785749,0.061146393371748195,0.7252518484327674,42.037447987178915,12.1075,12.226923076923075,12.10602430185743,12.19536476389331,-0.08934046203587975,-0.06723424648148048,-0.06585800306752986,-0.046964917936699796,-0.19679926006654702
000001.SZ,20250903,11.98,12.01,11.74,11.75,11.98,-0.23,-1.9199,1367232.49,1619322.977,-0.3100000000000005,-0.3200000000000003,-0.7100000000000009,11.95,12.083,12.154,11.932116340922825,12.025449820451133,12.127836318891775,0.2699999999999996,0.21142857142857135,0.0,0.23000000000000043,0.04117892518801053,0.07320736527376621,0.562497025183434,35.99987815128147,12.08,12.204230769230769,12.051251332340902,12.162374781382693,-0.11112344904179139,-0.07101436189919103,-0.07491109226238217,-0.07242471355881844,-0.08406367894606259
000001.SZ,20250904,11.76,11.77,11.6,11.74,11.75,-0.01,-0.0851,1295300.02,1513956.779,-0.33999999999999986,-0.41000000000000014,-0.7300000000000004,11.882000000000001,12.042,12.1175,11.868077560615216,11.973549853096381,12.090899526616369,0.16999999999999993,0.2028571428571427,0.0,0.009999999999999787,0.03823757338886692,0.06869255346849719,0.5566480128941909,35.759401501386655,12.053333333333335,12.175384615384615,12.003366511980763,12.13108776053953,-0.12772124855876754,-0.07600305092434548,-0.08547312352165926,-0.08449625007421657,-0.05261173247865107
000001.SZ,20250905,11.73,11.74,11.63,11.72,11.74,-0.02,-0.1704,819661.56,957547.463,-0.33000000000000007,-0.33999999999999986,-0.6799999999999997,11.816,12.008,12.0835,11.818718373743478,11.92744987980613,12.055575762176716,0.10999999999999943,0.2021428571428569,0.0,0.019999999999999574,0.035506318146805,0.06521451393503307,0.5444542327215154,35.25220891538632,12.024166666666666,12.15576923076923,11.959771663983723,12.10063681531438,-0.14086515133065625,-0.08551583835833733,-0.09655152908345865,-0.08862724449439519,-0.3672033140244991
000001.SZ,20250908,11.71,11.78,11.67,11.7,11.72,-0.02,-0.1706,924431.04,1083054.608,-0.19000000000000128,-0.75,-0.6000000000000014,11.778,11.933,12.053500000000001,11.779145582495651,11.886095356205015,12.021711403874171,0.10999999999999943,0.2028571428571426,0.0,0.02000000000000135,0.03297015256489036,0.061984905796816515,0.5319061494255538,34.721849613634106,11.986666666666666,12.133461538461537,11.919806792601612,12.070960014179981,-0.15115322157836886,-0.09784428999437071,-0.1074718675824407,-0.0873627079918563,0.1278204140743162
000001.SZ,20250909,11.71,11.78,11.68,11.75,11.7,0.05,0.4274,860539.17,1009279.729,-0.23000000000000043,-0.6099999999999994,-0.5800000000000001,11.732,11.872,12.0245,11.769430388330434,11.861350745985922,11.995834127314726,0.09999999999999964,0.1999999999999998,0.05000000000000071,0.0,0.03418657023882681,0.05755741252561534,0.5939559952180343,37.26301083592889,11.960833333333333,12.112307692307693,11.893682670662903,12.047185198314796,-0.15350252765189332,-0.10913600362507185,-0.11667799959633122,-0.07364905611112418,-0.06911480384734808
000001.SZ,20250910,11.74,11.79,11.71,11.77,11.75,0.02,0.1702,792668.39,932170.201,0.019999999999999574,-0.2900000000000009,-0.4900000000000002,11.735999999999999,11.843,12.0,11.769620258886956,11.844741519443026,11.974326115189514,0.0799999999999983,0.19428571428571395,0.019999999999999574,0.0,0.03317324379319629,0.05344616877378567,0.6206851595594096,38.297701185105296,11.904166666666667,12.085384615384616,11.874654567483994,12.02665296140259,-0.15199839391859626,-0.11948677763757054,-0.12374207846078424,-0.05651263091562406,-0.07887006468281975
000001.SZ,20250911,11.77,11.85,11.71,11.85,11.77,0.08,0.6797,963931.63,1134234.367,0.10999999999999943,-0.23000000000000043,-0.34999999999999964,11.758,11.819999999999999,11.9825,11.796413505924638,11.845697606817021,11.962485532790513,0.1399999999999988,0.19071428571428534,0.08000000000000007,0.0,0.03651801209368228,0.049628585289943836,0.7358261751837981,42.39054495798723,11.861666666666666,12.061923076923078,11.870861557101842,12.01356755685425,-0.14270599975240827,-0.12800739862078714,-0.12753486271910905,-0.03034227406659845,0.21605912656615459
000001.SZ,20250912,11.83,11.88,11.7,11.72,11.85,-0.13,-1.097,940385.1,1107449.057,0.0,-0.33000000000000007,-0.35999999999999943,11.758,11.786999999999999,11.9645,11.770942337283094,11.822843496486653,11.939391672524751,0.1800000000000015,0.1699999999999998,0.0,0.129999999999999,0.033909582658419264,0.055369400626376346,0.6124245932737394,37.98159590398711,11.833333333333334,12.033076923076923,11.847652086778481,11.991821811902083,-0.14416972512360182,-0.13473113099910705,-0.1308618352000076,-0.026615779847188437,-0.0244275934798405
000001.SZ,20250915,11.7,11.72,11.63,11.65,11.72,-0.07,-0.5973,840386.56,980347.617,-0.049999999999998934,-0.2400000000000002,-0.4299999999999997,11.748,11.763,11.943000000000001,11.730628224855396,11.79141740621635,11.911830560855726,0.08999999999999986,0.16214285714285698,0.0,0.07000000000000028,0.03148746961138932,0.05641444343877806,0.558145533165812,35.8211425881241,11.7975,12.00423076923077,11.817244073427947,11.966501677687113,-0.1492576042591658,-0.14138859124613884,-0.13454098901183925,-0.029433230494653073,-0.10633786094654192
000001.SZ,20250916,11.66,11.71,11.61,11.64,11.65,-0.01,-0.0858,708048.49,825169.464,-0.10999999999999943,-0.33999999999999986,-0.41999999999999993,11.725999999999999,11.729000000000001,11.922,11.700418816570265,11.763886968722469,11.885941936012324,0.10000000000000142,0.1471428571428572,0.0,0.009999999999999787,0.029238364639147224,0.05309912605029389,0.5506373986542363,35.5103907033406,11.76333333333333,11.97884615384615,11.789975754439032,11.942316368228807,-0.15234061378977515,-0.14596827621813702,-0.13810091396742644,-0.028479399644697423,-0.15747285392093854
000001.SZ,20250917,11.64,11.67,11.58,11.64,11.64,0.0,0.0,771128.93,896750.27,-0.129999999999999,-0.10999999999999943,-0.4299999999999997,11.7,11.718,11.9005,11.680279211046845,11.741362065318384,11.86251889448734,0.08999999999999986,0.14142857142857146,0.0,-0.0,0.027149910022065276,0.049306331332415756,0.5506373986542363,35.5103907033406,11.742499999999998,11.952307692307691,11.766902561448411,11.919922563174822,-0.15302000172641073,-0.1487792487923196,-0.1410847315192233,-0.023870540414374863,0.08909056496963938
000001.SZ,20250918,11.65,11.66,11.38,11.41,11.64,-0.23,-1.9759,1386160.4,1594827.2,-0.4399999999999995,-0.33000000000000007,-0.7400000000000002,11.612,11.684999999999999,11.8635,11.590186140697897,11.681114417078676,11.819421856917117,0.27999999999999936,0.14785714285714274,0.0,0.23000000000000043,0.0252106307347749,0.062213021951528946,0.4052307691212438,28.837311139625378,11.695,11.919615384615385,11.711994475071732,11.882150521458168,-0.17015604638643644,-0.1520337926874063,-0.14689899449266594,-0.046514103787541006,0.7975728131481201
000001.SZ,20250919,11.41,11.51,11.37,11.45,11.41,0.04,0.3506,834651.23,955004.097,-0.27000000000000135,-0.27000000000000135,-0.6100000000000012,11.558000000000002,11.658,11.832999999999997,11.543457427131932,11.639093613973461,11.78423882292501,0.14000000000000057,0.14357142857142843,0.03999999999999915,0.0,0.026267014253719488,0.05776923466927687,0.4546886314851761,31.25676668146901,11.67,11.890769230769232,11.671687632753002,11.850139371720527,-0.17845173896752442,-0.15506696128620134,-0.15320954338763765,-0.050484391159773545,-0.3978682192912162
000001.SZ,20250922,11.44,11.47,11.37,11.38,11.45,-0.07,-0.6114,596402.32,680158.439,-0.2699999999999996,-0.3199999999999985,-1.0699999999999985,11.504000000000001,11.626000000000001,11.779499999999997,11.488971618087955,11.591985684160104,11.745739887408343,0.10000000000000142,0.13999999999999993,0.0,0.06999999999999851,0.024390798949882383,0.05864286076432842,0.4159210282715086,29.374592224203766,11.639999999999999,11.863846153846152,11.626812612329465,11.815314233074561,-0.1885016207450967,-0.1589557494076684,-0.16026795885912945,-0.056467323771934474,-0.2854472640027141
000001.SZ,20250923,11.37,11.58,11.32,11.52,11.38,0.14,1.2302,1341430.22,1543271.185,-0.120000000000001,-0.23000000000000043,-0.8399999999999999,11.48,11.602999999999998,11.7375,11.499314412058638,11.578897377949176,11.72424085051231,0.2599999999999998,0.13928571428571423,0.1399999999999988,0.0,0.032648599024890694,0.054454084995447814,0.5995619801089305,37.48288516260559,11.623333333333333,11.842307692307692,11.610379902740316,11.793439104698669,-0.18305920195835235,-0.16240695030097463,-0.16482620747897406,-0.03646598895875658,1.249203557759467
000001.SZ,20250924,11.51,11.62,11.43,11.46,11.52,-0.06,-0.5208,1139583.47,1310214.181,-0.17999999999999972,-0.3099999999999987,-0.5999999999999996,11.444,11.572,11.7075,11.486209608039093,11.557279672867507,11.699075055225423,0.1899999999999995,0.14071428571428563,0.0,0.05999999999999872,0.0303165562373985,0.054850221781487164,0.5527152899795718,35.59669268065516,11.603333333333333,11.819230769230767,11.58724453308796,11.768739911758026,-0.18149537867006593,-0.1667168812918255,-0.16816004171719245,-0.026670673905746956,-0.1504713006987423
000001.SZ,20250925,11.43,11.47,11.36,11.4,11.46,-0.06,-0.5236,773275.94,881943.148,-0.009999999999999787,-0.4499999999999993,-0.6799999999999997,11.441999999999998,11.527000000000001,11.6735,11.457473072026062,11.528683368709777,11.670591716632526,0.11000000000000121,0.14071428571428576,0.0,0.0600000000000005,0.02815108793472718,0.05521806308280954,0.5098166498978695,33.766792142102524,11.574166666666665,11.793461538461539,11.558437681843658,11.741425844220394,-0.18298816237673599,-0.17103004098661817,-0.17112566584910116,-0.02372499305526965,-0.32143984152385086
000001.SZ,20250926,11.39,11.44,11.32,11.4,11.4,0.0,0.0,753238.75,856917.688,-0.049999999999998934,-0.3200000000000003,-0.6500000000000004,11.431999999999999,11.495000000000001,11.641000000000002,11.438315381350709,11.505286392580725,11.644821076953237,0.11999999999999922,0.14142857142857146,0.0,-0.0,0.026140295939389522,0.05127391571975171,0.5098166498978695,33.766792142102524,11.543333333333335,11.764615384615384,11.534062653867712,11.71613504094481,-0.18207238707709728,-0.17467612796638832,-0.17331501009470038,-0.017514753964793794,-0.025912082561368642
000001.SZ,20250929,11.4,11.48,11.27,11.37,11.4,-0.03,-0.2632,1176012.43,1334456.974,-0.010000000000001563,-0.28000000000000114,-0.5200000000000014,11.43,11.467000000000002,11.615000000000002,11.41554358756714,11.480688866656955,11.618647641052927,0.21000000000000085,0.1492857142857144,0.0,0.030000000000001137,0.02427313194371884,0.049754350311198105,0.48785948950992003,32.789352284241176,11.503333333333336,11.738076923076923,11.50882224558037,11.690495408282231,-0.18167316270186085,-0.17793530006773117,-0.17498664061613248,-0.013373044171456738,0.5612744697481375
000001.SZ,20250930,11.37,11.37,11.29,11.34,11.37,-0.03,-0.2639,832479.47,942224.081,-0.17999999999999972,-0.3000000000000007,-0.6400000000000006,11.394,11.437000000000001,11.583,11.390362391711427,11.455109072719326,11.592109770476458,0.08000000000000007,0.14928571428571452,0.0,0.02999999999999936,0.022539336804881776,0.048343325288969625,0.4662347215495439,31.798095809436187,11.47166666666667,11.695384615384615,11.48284959241416,11.66453278544651,-0.1816831930323506,-0.1811200991017245,-0.17632595109937613,-0.01071448386594892,-0.29211677635073974
000001.SZ,20251009,11.33,11.41,11.27,11.4,11.34,0.06,0.5291,1047469.06,1187061.683,-0.0600000000000005,-0.2400000000000002,-0.34999999999999964,11.382000000000001,11.413,11.565500000000002,11.39357492780762,11.445089241315811,11.573813601859653,0.14000000000000057,0.14928571428571466,0.0600000000000005,0.0,0.02521509846167597,0.044890230625471796,0.5617057010032004,35.967448965728614,11.450833333333335,11.658461538461536,11.47010350127352,11.644937764302325,-0.17483426302880467,-0.18163990095087654,-0.17602761348526183,0.002386700912914319,0.2582521224217098
000001.SZ,20251010,11.37,11.49,11.36,11.43,11.4,0.03,0.2632,1087947.75,1244213.513,0.02999999999999936,0.019999999999999574,-0.3100000000000005,11.388,11.415000000000001,11.55,11.405716618538413,11.442345742894753,11.56011706834921,0.13000000000000078,0.14571428571428605,0.02999999999999936,0.0,0.025556877142984786,0.04168378558079524,0.6131131514782447,38.00806849267781,11.433333333333335,11.63423076923077,11.463933731846826,11.629016448428079,-0.16508271658125295,-0.1801544540190686,-0.17383863410446007,0.017511835046414237,0.03864428224734384
000001.SZ,20251013,11.32,11.46,11.28,11.4,11.43,-0.03,-0.2625,1168801.73,1328180.364,0.0,-0.049999999999998934,-0.3200000000000003,11.388,11.410000000000002,11.534000000000002,11.403811079025608,11.434646516913888,11.544867823744523,0.1800000000000015,0.15214285714285758,0.0,0.02999999999999936,0.02373138591848587,0.04084922946788124,0.5809506379341937,36.7469182145569,11.413333333333334,11.608076923076924,11.45409777310116,11.612052267063037,-0.157954493961876,-0.17676032882093295,-0.17066180607594325,0.025414624228134508,0.07431788888758672
000001.SZ,20251014,11.39,11.6,11.36,11.57,11.4,0.17,1.4912,1843428.36,2124120.304,0.20000000000000107,0.1899999999999995,-0.129999999999999,11.428,11.428999999999998,11.5275,11.459207386017074,11.459256241111362,11.547261364340283,0.2400000000000002,0.1621428571428575,0.16999999999999993,0.0,0.03417914406716545,0.03793142736303258,0.9010771922723886,47.39824326624614,11.426666666666668,11.589615384615383,11.471928884931753,11.608937284317626,-0.1370083993858735,-0.1716435729795464,-0.1639311247379293,0.05384545070411162,0.5771950987786442
000001.SZ,20251015,11.34,11.42,11.26,11.4,11.33,0.07,0.6178,1271061.03,1443458.105,0.0600000000000005,-0.11999999999999922,-0.34999999999999964,11.44,11.416999999999998,11.510000000000002,11.43947159067805,11.448482379091113,11.53323647249835,0.3100000000000005,0.17785714285714324,0.0,0.16999999999999993,0.03173777663379649,0.04736489683710167,0.6700695821833985,40.12225534383841,11.422500000000001,11.57076923076923,11.460862902634561,11.593460448442247,-0.1325975458076858,-0.16621048043928197,-0.15766440895188064,0.05013372628838969,-0.3104906826973195
000001.SZ,20251016,11.38,11.55,11.36,11.54,11.4,0.14,1.2281,1261936.87,1447841.585,0.1399999999999988,0.0799999999999983,-0.23000000000000043,11.468,11.425,11.4985,11.472981060452033,11.465121946529091,11.533880617974697,0.19000000000000128,0.17142857142857196,0.1399999999999988,0.0,0.039470792588525226,0.04398168992016584,0.8974369256881978,47.29732585775934,11.435833333333333,11.553846153846154,11.473037840690782,11.589500415224302,-0.11646257453351971,-0.15881874845670238,-0.14942404206820847,0.06592293506937752,-0.007178380726533576
000001.SZ,20251017,11.5,11.58,11.38,11.4,11.54,-0.14,-1.2132,1039666.32,1193518.555,-0.02999999999999936,0.0,-0.4499999999999993,11.462,11.425,11.476,11.448654040301356,11.45328159261471,11.521130082929488,0.1999999999999993,0.17571428571428616,0.0,0.1399999999999988,0.036651450260773426,0.05084014064015391,0.7209155954188263,41.89139765703466,11.425833333333332,11.540384615384616,11.461801249815279,11.57546334742991,-0.11366209761463075,-0.151217605183095,-0.14227165317749293,0.057219111125724365,-0.17613444482369403
000001.SZ,20251020,11.41,11.45,11.27,11.42,11.4,0.02,0.1754,952641.1,1081829.7,0.019999999999999574,0.019999999999999574,-0.3000000000000007,11.466,11.427,11.461,11.439102693534238,11.447230393957488,11.511498646460012,0.17999999999999972,0.18142857142857174,0.019999999999999574,0.0,0.03546206095643244,0.04720870202300006,0.7511763602217942,42.89552881622125,11.4225,11.528076923076924,11.455370288305236,11.563947543916584,-0.10857725561134757,-0.1430958377285935,-0.13553277366426386,0.05391103610583259,-0.08370495256593478
000001.SZ,20251021,11.4,11.47,11.39,11.43,11.42,0.01,0.0876,761164.62,869658.08,-0.14000000000000057,0.0600000000000005,-0.22000000000000064,11.437999999999999,11.432999999999998,11.45,11.43606846235616,11.444097595056126,11.503736870606678,0.08000000000000007,0.1685714285714289,0.009999999999999787,0.0,0.033643342316687246,0.043836651878500055,0.767470618192623,43.42197320244122,11.424999999999999,11.51692307692308,11.451467167027507,11.554025503626466,-0.10255833659895863,-0.13430418701377217,-0.1289378862512028,0.052759099304488355,-0.2009954011012122
000001.SZ,20251022,11.4,11.54,11.4,11.52,11.43,0.09,0.7874,833703.19,957661.636,0.11999999999999922,0.17999999999999972,-0.120000000000001,11.462,11.451,11.444,11.464045641570774,11.45789803231865,11.505285740072708,0.1399999999999988,0.16500000000000029,0.08999999999999986,0.0,0.03766881786549529,0.04070546245860719,0.9253995800637365,48.06272888213173,11.435,11.51,11.462010679792506,11.551505095950432,-0.08949441615792608,-0.12482198180589678,-0.12104919223254747,0.06310955214924277,0.09529945046578747
000001.SZ,20251023,11.52,11.71,11.5,11.63,11.52,0.11,0.9549,1373111.58,1593155.218,0.09000000000000163,0.23000000000000043,-0.009999999999999787,11.48,11.474,11.4435,11.519363761047185,11.489189299169803,11.517163288637212,0.21000000000000085,0.1721428571428574,0.11000000000000121,0.0,0.04283533087510285,0.03779792942584954,1.1332718888513584,53.12364986263232,11.456666666666665,11.505384615384616,11.48785519059366,11.557319533287437,-0.06946434269377733,-0.1141977180406217,-0.11073222232479343,0.08253575926203222,0.647002909992464
000001.SZ,20251024,11.6,11.68,11.55,11.56,11.63,-0.07,-0.6019,980475.3,1138026.681,0.16000000000000014,0.13000000000000078,0.15000000000000036,11.512000000000002,11.486999999999998,11.451,11.532909174031458,11.50206397204802,11.521242975433667,0.129999999999999,0.1728571428571431,0.0,0.07000000000000028,0.03977566438402407,0.04009807732400317,0.9919593915345638,49.79817338396537,11.475,11.497307692307693,11.498954392040789,11.557518086377257,-0.058563694336468686,-0.1031542958600209,-0.10029851672712849,0.0834696447813196,-0.2859463758946669
000001.SZ,20251027,11.54,11.61,11.44,11.52,11.56,-0.04,-0.346,1239485.26,1428199.707,0.09999999999999964,0.11999999999999922,0.07000000000000028,11.532,11.498999999999999,11.4545,11.528606116020972,11.50532506803929,11.521124596820936,0.16999999999999993,0.17000000000000018,0.0,0.040000000000000924,0.036934545499450924,0.04009107180086015,0.9212661034085524,47.95098928639389,11.485,11.484615384615383,11.502192177880666,11.55473896886783,-0.05254679098716508,-0.09376967270460884,-0.09074817157913581,0.07640276118394146,0.2641677561892686
000001.SZ,20251028,11.53,11.58,11.42,11.47,11.52,-0.05,-0.434,821568.18,943626.835,0.040000000000000924,-0.09999999999999964,0.08999999999999986,11.540000000000001,11.489,11.459,11.509070744013982,11.498902328395783,11.516255587599895,0.16000000000000014,0.1757142857142859,0.0,0.049999999999998934,0.03429636367806157,0.04079885238651292,0.8406207937701474,45.6705040286056,11.488333333333332,11.475000000000001,11.497239535129793,11.548462008210956,-0.05122247308116279,-0.0847279979572174,-0.08284303187954122,0.06324111759675685,-0.3371698667880891
000001.SZ,20251029,11.46,11.46,11.36,11.39,11.47,-0.08,-0.6975,966213.64,1100783.363,-0.129999999999999,-0.009999999999999787,-0.129999999999999,11.514,11.488,11.4525,11.469380496009322,11.479101905051095,11.504231245923714,0.11000000000000121,0.1735714285714288,0.0,0.08000000000000007,0.03184662341534288,0.04359893435890486,0.7304449955859614,42.211396343090286,11.487499999999999,11.465000000000002,11.480741145109825,11.53672408167681,-0.05598293656698594,-0.0780080381831581,-0.07747101281703017,0.04297615250008846,0.17606020233159464
000001.SZ,20251030,11.38,11.47,11.36,11.38,11.39,-0.01,-0.0878,943770.15,1077182.643,-0.25,-0.15999999999999837,-0.08000000000000007,11.464,11.472,11.4485,11.439586997339548,11.461083376859985,11.492399698692886,0.11000000000000121,0.1721428571428574,0.0,0.009999999999999787,0.029571864599961247,0.04119901047612593,0.7177809432364304,41.78535953973714,11.471666666666666,11.455,11.465242507400621,11.525114890441492,-0.0598723830408705,-0.07203140323051807,-0.07395128686179825,0.028157807641855492,-0.023228289346029093
000001.SZ,20251031,11.38,11.4,11.3,11.32,11.38,-0.06,-0.5272,970192.93,1099179.193,-0.2400000000000002,-0.08000000000000007,-0.08000000000000007,11.416,11.463999999999999,11.4445,11.399724664893032,11.435431853794533,11.475980679769755,0.09999999999999964,0.16642857142857156,0.0,0.0600000000000005,0.02745958855710687,0.042541938299259834,0.6454710258837602,39.22712802172171,11.464999999999998,11.442692307692305,11.442897506262064,11.509921194853234,-0.06702368859117058,-0.06741434022827618,-0.07256576720767272,0.011084157233004266,0.02799704991729186
000001.SZ,20251103,11.34,11.44,11.3,11.43,11.32,0.11,0.9717,952326.43,1084422.504,-0.08999999999999986,0.009999999999999787,0.02999999999999936,11.398,11.465,11.446000000000002,11.409816443262022,11.434444244013708,11.471601567410731,0.1399999999999988,0.1592857142857143,0.10999999999999943,0.0,0.03335533223159919,0.039503228420741276,0.8443697784985564,45.78093765914617,11.455833333333333,11.443461538461538,11.44091327452944,11.504001106345587,-0.06308783181614785,-0.06302872858574166,-0.07067018012936775,0.015164696626439794,-0.01841540939697427
000001.SZ,20251104,11.42,11.64,11.4,11.59,11.43,0.16,1.3998,1503007.48,1737289.514,0.11999999999999922,0.16000000000000014,0.22000000000000064,11.422,11.481,11.456999999999999,11.469877628841349,11.462727108738488,11.482877608609709,0.2400000000000002,0.1542857142857143,0.16000000000000014,0.0,0.04240137992934212,0.03668156924783118,1.1559314609161417,53.616336227355774,11.471666666666666,11.448846153846151,11.463849693832602,11.510371394764434,-0.046521700931831944,-0.05825398244950897,-0.06584048428986058,0.03863756671605728,0.5782482063424407
000001.SZ,20251105,11.59,11.6,11.5,11.52,11.59,-0.07,-0.604,794926.05,918112.474,0.129999999999999,0.0,0.17999999999999972,11.447999999999999,11.481000000000002,11.466000000000001,11.486585085894234,11.473140361695126,11.486413074456404,0.09999999999999964,0.14785714285714274,0.0,0.07000000000000028,0.039372709934389113,0.0390614571587004,1.0079682837848096,50.198416574832294,11.480000000000002,11.454230769230767,11.47248820247374,11.511084624781883,-0.038596422308144085,-0.05482421351777194,-0.06039167189351729,0.04359049917074641,-0.4711097179636125
000001.SZ,20251106,11.5,11.58,11.47,11.51,11.52,-0.01,-0.0868,766585.46,882799.462,0.129999999999999,-0.120000000000001,0.10999999999999943,11.474,11.469,11.4715,11.494390057262823,11.479842114114195,11.488659448317698,0.10999999999999943,0.14142857142857132,0.0,0.009999999999999787,0.036560373510504174,0.036985638790221785,0.9885018809022155,49.71088488252856,11.486666666666666,11.453846153846152,11.47825924824701,11.511004282205448,-0.032745033958438086,-0.05195547347576854,-0.05486234430650146,0.04423462069612674,-0.03565185717589716
000001.SZ,20251107,11.52,11.58,11.5,11.55,11.51,0.04,0.3475,734850.55,848177.984,0.23000000000000043,-0.009999999999999787,0.120000000000001,11.52,11.468,11.477500000000001,11.512926704841883,11.492598093366158,11.494501405620774,0.08000000000000007,0.1342857142857142,0.040000000000000924,0.0,0.036806061116896806,0.034343807448063084,1.0716942544171115,51.73032903538374,11.48916666666667,11.457307692307692,11.48929628697824,11.513892853893934,-0.024596566915693785,-0.04884989302338284,-0.04880918882833993,0.048425243825292286,-0.04139774579079535
000001.SZ,20251110,11.52,11.64,11.45,11.63,11.55,0.08,0.6926,827208.33,957555.601,0.20000000000000107,0.11000000000000121,0.23000000000000043,11.56,11.479,11.489,11.551951136561257,11.517580258208675,11.507406033656892,0.19000000000000128,0.14214285714285715,0.08000000000000007,0.0,0.03989134246568989,0.031890678344630004,1.2508778281414983,55.57288860827783,11.489166666666668,11.466153846153846,11.510943012058512,11.522493383235124,-0.011550371176612728,-0.04444188170065506,-0.04135742529799449,0.05961410824276353,0.12568239895853642
000001.SZ,20251111,11.62,11.69,11.57,11.67,11.63,0.04,0.3439,886508.87,1033284.776,0.08000000000000007,0.1999999999999993,0.09999999999999964,11.576,11.498999999999999,11.494,11.591300757707504,11.54529293853437,11.522891173308617,0.11999999999999922,0.14071428571428576,0.03999999999999915,0.0,0.03989910371814055,0.029612772748585005,1.3473612909161659,57.39897373830749,11.498333333333333,11.476538461538464,11.535413317895664,11.533419799291782,0.001993518603882194,-0.03800005334833637,-0.03268723651761916,0.0693615102430027,0.07168755179242457
000001.SZ,20251112,11.7,11.79,11.65,11.68,11.67,0.01,0.0857,1141325.38,1337963.805,0.16000000000000014,0.28999999999999915,0.27999999999999936,11.608,11.528,11.508,11.620867171805003,11.56978513152812,11.537853918707796,0.1399999999999988,0.13571428571428562,0.009999999999999787,0.0,0.03776345345255907,0.02749757469511465,1.3733376078170378,57.8652444259801,11.511666666666665,11.48846153846154,11.557657422834792,11.544277591936835,0.013379830897957135,-0.029860918466244415,-0.0234738230345039,0.07370730786492208,0.2874381956268524
000001.SZ,20251113,11.68,11.72,11.57,11.7,11.68,0.02,0.1712,978991.03,1139765.204,0.1899999999999995,0.3199999999999985,0.16000000000000014,11.646,11.56,11.515999999999998,11.647244781203336,11.59346056215937,11.553296402640386,0.15000000000000036,0.13714285714285715,0.019999999999999574,0.0,0.036494635348804816,0.025533462216892174,1.42928659806507,58.83565155315551,11.530833333333332,11.502307692307692,11.57955628086021,11.555812585126699,0.023743695733511316,-0.01977565354127976,-0.014030319280900858,0.07554803002882435,-0.1422331903282479
000001.SZ,20251114,11.67,11.84,11.66,11.75,11.7,0.05,0.4274,1316994.98,1551867.288,0.1999999999999993,0.4299999999999997,0.34999999999999964,11.686000000000002,11.603,11.5335,11.681496520802224,11.621922278130393,11.572030078579397,0.17999999999999972,0.13785714285714284,0.05000000000000071,0.0,0.03745930425246167,0.02370964348711416,1.5799184948867007,61.23908557646447,11.560833333333335,11.515769230769232,11.6057783914971,11.570196838080276,0.03558155341682401,-0.008812388515393997,-0.004107944741355884,0.07937899631635978,0.34525745348249
000001.SZ,20251117,11.75,11.75,11.62,11.67,11.75,-0.08,-0.6809,995232.87,1161416.222,0.03999999999999915,0.2400000000000002,0.25,11.693999999999999,11.626999999999999,11.546,11.677664347201482,11.630663682106686,11.581360547286122,0.13000000000000078,0.13571428571428573,0.0,0.08000000000000007,0.03478363966300012,0.027730383238034582,1.2543512061993933,55.641339412863786,11.585,11.525000000000002,11.615658638959086,11.577589664889144,0.03806897406994203,0.0005865753736919999,0.004327439020903699,0.06748307009807666,-0.24431536557565314
000001.SZ,20251118,11.65,11.69,11.57,11.59,11.67,-0.08,-0.6855,670077.35,778887.578,-0.08000000000000007,0.0,0.16000000000000014,11.678,11.626999999999999,11.553999999999998,11.648442898134322,11.623270285360014,11.582183352306492,0.11999999999999922,0.13642857142857132,0.0,0.08000000000000007,0.032299093972785825,0.03146392729246069,1.0265436247853668,50.654898923978955,11.6075,11.532307692307693,11.611711156042304,11.57850894897143,0.03320220707087351,0.008564200860249511,0.010102392630897662,0.0461996288799517,-0.32671300335970616
000001.SZ,20251119,11.58,11.83,11.57,11.8,11.59,0.21,1.8119,1334996.19,1565428.547,0.120000000000001,0.28000000000000114,0.28000000000000114,11.701999999999998,11.655,11.568000000000001,11.69896193208955,11.655402960749104,11.60292779494397,0.2599999999999998,0.14714285714285694,0.21000000000000085,0.0,0.044992015831872616,0.029216503914427785,1.5399520751575797,60.62917840928319,11.638333333333334,11.541153846153845,11.640678670497335,11.594915693492064,0.04576297700527121,0.017287313189550544,0.017234509505772374,0.05705693499899767,0.9923016201040074
000001.SZ,20251120,11.79,11.99,11.74,11.85,11.8,0.05,0.4237,1637039.85,1948415.94,0.15000000000000036,0.33999999999999986,0.21999999999999886,11.732000000000001,11.688999999999998,11.579,11.749307954726367,11.690784240612903,11.626458481139782,0.25,0.15785714285714267,0.049999999999998934,0.0,0.04534972898673878,0.027129610777682944,1.6715952675607078,62.5691805887556,11.659999999999998,11.55846153846154,11.672881951959285,11.613810827307468,0.059071124651817186,0.02658372336371843,0.025601832534981335,0.0669385842336717,0.22625057828816736
000001.SZ,20251121,11.8,11.88,11.66,11.69,11.85,-0.16,-1.3502,1465358.88,1721871.193,-0.0600000000000005,0.1399999999999988,0.129999999999999,11.72,11.703,11.5855,11.729538636484246,11.690641651410555,11.632510054364564,0.22000000000000064,0.1635714285714285,0.0,0.16000000000000014,0.042110462630543154,0.03662035286499132,1.1499196303703652,53.48663336648865,11.674166666666666,11.56423076923077,11.675515497811702,11.619454469729137,0.0560610280825653,0.034096101059182655,0.03169367164449813,0.048734712876134345,-0.10487281051832684
000001.SZ,20251124,11.7,11.73,11.6,11.6,11.69,-0.09,-0.7699,1117118.8,1302444.63,-0.07000000000000028,-0.030000000000001137,0.08000000000000007,11.706,11.7,11.5895,11.686359090989498,11.67416135115409,11.629413858710796,0.13000000000000078,0.1557142857142857,0.0,0.08999999999999986,0.03910257244264721,0.040433184803206214,0.9670910820645153,49.16351311244455,11.681666666666665,11.57192307692308,11.663897728917595,11.618013397897348,0.045884331020246805,0.03897285799433428,0.034531803519647866,0.022705055001197877,-0.23764832270986058
000001.SZ,20251125,11.61,11.8,11.58,11.8,11.6,0.2,1.7241,1028080.52,1203879.797,0.21000000000000085,0.13000000000000078,0.33000000000000007,11.748,11.712999999999997,11.606,11.724239393992999,11.69704110548971,11.645660157881196,0.22000000000000064,0.16428571428571434,0.20000000000000107,0.0,0.05059524583960106,0.03754510017440577,1.347585852869597,57.403048805323174,11.7025,11.586538461538463,11.68483653985335,11.631493886941989,0.0533426529113612,0.04341317155137917,0.03829397339799054,0.03009735902674132,-0.0797035015434348
000001.SZ,20251126,11.81,11.85,11.65,11.69,11.8,-0.11,-0.9322,821301.09,962935.43,-0.11000000000000121,0.009999999999999787,0.29999999999999893,11.725999999999999,11.713999999999999,11.620999999999999,11.712826262662,11.69576090449158,11.649882999987748,0.1999999999999993,0.17071428571428576,0.0,0.11000000000000121,0.04698129970820098,0.0427204501619483,1.0997379365175295,52.37500915668903,11.707499999999998,11.596538461538463,11.68563091833745,11.635827673094434,0.04980324524301594,0.04630867705243524,0.04059582776699562,0.018414834952040632,-0.2011315514469626
000001.SZ,20251127,11.66,11.71,11.58,11.71,11.69,0.02,0.1711,1011847.1,1178308.953,-0.1399999999999988,0.010000000000001563,0.33000000000000007,11.698,11.715,11.6375,11.711884175108,11.698349830947656,11.655608428560342,0.13000000000000078,0.17428571428571438,0.02000000000000135,0.0,0.04505406401475815,0.039668989436094856,1.1357502335001106,53.178045620007744,11.710833333333333,11.603846153846156,11.689380007823996,11.641321919531883,0.048058088292112444,0.047694958705245066,0.04208827987201899,0.011939616840186906,0.2320050616272773
000001.SZ,20251128,11.67,11.68,11.58,11.61,11.71,-0.1,-0.854,884358.45,1027933.464,-0.08000000000000007,-0.14000000000000057,0.28999999999999915,11.681999999999999,11.701,11.652000000000001,11.677922783405334,11.682286225320809,11.651264768697452,0.13000000000000078,0.17000000000000007,0.0,0.10000000000000142,0.04183591658513257,0.04397834733351675,0.9512844188496508,48.75170475713969,11.704999999999998,11.603076923076923,11.677167698927995,11.639001777344335,0.03816592158366028,0.047705730651213765,0.04130380821434725,-0.006275773261373949,-0.12599596322408793
000001.SZ,20251201,11.6,11.7,11.53,11.69,11.61,0.08,0.6891,1037322.71,1205480.323,0.08999999999999986,0.019999999999999574,0.2599999999999998,11.7,11.703,11.665000000000001,11.681948522270224,11.683688729807933,11.654953838345314,0.16999999999999993,0.17357142857142868,0.08000000000000007,0.0,0.04456192254333739,0.040837036809694124,1.091213418618048,52.18087302343166,11.704166666666666,11.608076923076924,11.679141899092919,11.642779423466976,0.036362475625942636,0.048056871601777,0.04031554169666633,-0.007906132141447392,0.17296635770258093
000001.SZ,20251202,11.68,11.73,11.59,11.64,11.69,-0.05,-0.4277,768059.93,894720.592,-0.16000000000000014,0.05000000000000071,0.05000000000000071,11.668,11.708,11.667499999999999,11.667965681513483,11.67574532438831,11.653529663264807,0.14000000000000057,0.1735714285714288,0.0,0.049999999999998934,0.04137892807595615,0.04149153418043018,0.9972860462574281,49.93205896201856,11.695000000000002,11.612692307692308,11.673120068463238,11.6425735402472,0.030546528216037316,0.0463661550696399,0.03836173900054053,-0.01563042156900643,-0.2595747469945972
000001.SZ,20251203,11.64,11.7,11.54,11.55,11.64,-0.09,-0.7732,944601.09,1099167.227,-0.1399999999999988,-0.25,0.030000000000001137,11.64,11.682999999999998,11.669,11.628643787675657,11.652882538135888,11.643669695334825,0.16000000000000014,0.17428571428571452,0.0,0.08999999999999986,0.038423290356245,0.04495642459611373,0.8546785181748308,46.082299967323216,11.685,11.615769230769233,11.654178519468894,11.63571624096963,0.018462278499264073,0.04185406105268955,0.03438184690028524,-0.03183913680204234,0.2298533657393114
000001.SZ,20251204,11.55,11.58,11.46,11.49,11.55,-0.06,-0.5195,886089.88,1019178.99,-0.22000000000000064,-0.35999999999999943,-0.019999999999999574,11.596,11.647,11.668000000000001,11.582429191783772,11.62326753120209,11.629034486255318,0.11999999999999922,0.17000000000000018,0.0,0.0600000000000005,0.035678769616513215,0.046030965696391354,0.7751036520033359,43.665261525915625,11.676666666666668,11.619615384615384,11.62892028570445,11.62492244534225,0.003997840362199412,0.036069262417093344,0.028305045592668075,-0.04861441046093733,-0.06194277205418
000001.SZ,20251205,11.49,11.54,11.4,11.53,11.49,0.04,0.3481,890766.09,1022334.912,-0.08000000000000007,-0.16000000000000014,-0.02000000000000135,11.58,11.630999999999998,11.667,11.564952794522515,11.606309798256255,11.619602630421479,0.1399999999999988,0.17071428571428576,0.03999999999999915,0.0,0.035987428929619356,0.04274303957522054,0.8419482864873835,45.70965931367099,11.654166666666667,11.625384615384615,11.613701780211457,11.617891153094675,-0.004189372883217857,0.030505517538930604,0.021806161897490888,-0.05199106956141749,0.005277354030947699
000001.SZ,20251208,11.49,11.6,11.48,11.52,11.53,-0.01,-0.0867,855898.93,988510.035,-0.16999999999999993,-0.08000000000000007,-0.11000000000000121,11.546000000000001,11.623000000000001,11.6615,11.549968529681678,11.590617107664208,11.610116665619433,0.11999999999999922,0.17071428571428576,0.0,0.009999999999999787,0.033416898291789406,0.040404251034133344,0.8270639211591609,45.267377434416154,11.626666666666667,11.63307692307692,11.599286121717386,11.610639956569143,-0.011353834851757227,0.023317018898584112,0.015174162547641267,-0.05305599479879699,-0.039142891036635576
000001.SZ,20251209,11.52,11.54,11.43,11.43,11.52,-0.09,-0.7813,733957.45,842732.358,-0.21000000000000085,-0.370000000000001,-0.2400000000000002,11.504000000000001,11.585999999999999,11.6495,11.509979019787785,11.561413997179805,11.592962697465202,0.10999999999999943,0.16,0.0,0.08999999999999986,0.03102997698523302,0.04394680453169524,0.7060803923264463,41.38611495110266,11.604999999999999,11.633076923076922,11.573242102991635,11.597259219045501,-0.024017116053865806,0.015114756532263919,0.007335906827339853,-0.06270604576241132,-0.14247182199421618
000001.SZ,20251210,11.44,11.46,11.29,11.33,11.43,-0.1,-0.8749,1044064.72,1184087.688,-0.22000000000000064,-0.35999999999999943,-0.34999999999999964,11.459999999999999,11.549999999999999,11.632000000000001,11.449986013191857,11.519338724965294,11.567918631039944,0.1700000000000017,0.15428571428571441,0.0,0.09999999999999964,0.028813550057716377,0.0479506042080027,0.6009006671266834,37.53516251605963,11.582500000000001,11.623076923076923,11.535820240992923,11.577462239856946,-0.04164199886402287,0.005148080181582217,-0.0024596743109326913,-0.07836464910618035,0.422513961810729
000001.SZ,20251211,11.35,11.39,11.3,11.37,11.33,0.04,0.353,925261.29,1049906.216,-0.120000000000001,-0.34000000000000163,-0.33000000000000007,11.435999999999998,11.516,11.6155,11.423324008794571,11.49218622951706,11.549069237607569,0.08999999999999986,0.14500000000000007,0.03999999999999915,0.0,0.02961258219645086,0.044525561050288216,0.665069265786583,39.942438398945676,11.546666666666665,11.617307692307692,11.510309434686318,11.56209466653421,-0.051785231847890856,-0.004846492421923464,-0.012324785818324325,-0.07892089205913307,-0.11378933482207879
000001.SZ,20251212,11.37,11.43,11.3,11.35,11.37,-0.02,-0.1759,1191894.72,1357465.371,-0.17999999999999972,-0.2599999999999998,-0.40000000000000036,11.4,11.489999999999998,11.595500000000001,11.398882672529716,11.466334187786686,11.530110262597324,0.129999999999999,0.14499999999999996,0.0,0.019999999999999574,0.02749739775384723,0.04277373526098188,0.6428570613736019,39.13043176355863,11.518333333333333,11.611153846153845,11.485646444734577,11.546383950494638,-0.060737505760060984,-0.015635379242590532,-0.02200732980667166,-0.07746035190677865,0.28817095547139976
000001.SZ,20251215,11.34,11.54,11.33,11.51,11.35,0.16,1.4097,940832.53,1080642.231,-0.009999999999999787,-0.17999999999999972,-0.16000000000000014,11.398,11.472,11.5875,11.435921781686478,11.474273426370925,11.528194999492817,0.20999999999999908,0.14428571428571413,0.16000000000000014,0.0,0.03696186934285815,0.03971846845662603,0.9305965405796505,48.20253849104299,11.501666666666665,11.609615384615385,11.489393145544643,11.543688843050592,-0.05429569750594965,-0.025062293211700195,-0.028465003346527257,-0.05166138831884478,-0.21064124690476013
000001.SZ,20251216,11.49,11.55,11.44,11.48,11.51,-0.03,-0.2606,647351.36,743389.002,0.05000000000000071,-0.16000000000000014,-0.10999999999999943,11.407999999999998,11.456,11.581999999999999,11.450614521124319,11.47531462157621,11.52360499954112,0.11000000000000121,0.13785714285714284,0.0,0.02999999999999936,0.03432173581836829,0.03902429213829555,0.8794966913618268,46.79426653976017,11.490833333333333,11.603846153846156,11.487948046230082,11.53897115097277,-0.05102310474268812,-0.032782891349694886,-0.03297662362575943,-0.036092962233857384,-0.31193773667668573
000001.SZ,20251217,11.47,11.58,11.42,11.53,11.48,0.05,0.4355,701495.33,807135.164,0.1999999999999993,-0.02000000000000135,-0.27000000000000135,11.447999999999999,11.454,11.568499999999998,11.477076347416212,11.485257417653262,11.524214047203872,0.16000000000000014,0.13999999999999993,0.049999999999998934,0.0,0.03544161183134191,0.036236842699845874,0.9780546314398593,49.44527900768427,11.4775,11.598461538461539,11.4944175775793,11.538306621271083,-0.0438890436917827,-0.038103656244581785,-0.035159107638964085,-0.017459872105637236,0.08363923109700422
000001.SZ,20251218,11.51,11.65,11.48,11.64,11.53,0.11,0.954,790466.54,916247.611,0.27000000000000135,0.15000000000000036,-0.20999999999999908,11.502,11.469,11.557999999999998,11.531384231610808,11.513392432625396,11.535241280803502,0.16999999999999993,0.14285714285714274,0.11000000000000121,0.0,0.040767210986246145,0.033648496792714026,1.2115611356247435,54.78307228809616,11.477500000000001,11.596923076923074,11.516814873336331,11.545839464139892,-0.029024590803560457,-0.04086312490239763,-0.03393220427188336,0.009815226936645799,0.126830794440214
000001.SZ,20251219,11.63,11.65,11.58,11.62,11.64,-0.02,-0.1718,649886.19,755106.127,0.2699999999999996,0.08999999999999986,-0.07000000000000028,11.556000000000001,11.478,11.5545,11.560922821073873,11.532775626693507,11.543313539774598,0.07000000000000028,0.13571428571428562,0.0,0.02000000000000135,0.037855267344371425,0.03267360416466312,1.1585886623830846,53.6734340624212,11.483333333333334,11.593846153846155,11.532689508207664,11.551332837166566,-0.01864332895890186,-0.041673068692080366,-0.03087442920928706,0.024462200500770394,-0.17784478265202736
000001.SZ,20251222,11.61,11.61,11.51,11.52,11.62,-0.1,-0.8606,742369.16,857197.057,0.009999999999999787,0.0,-0.08000000000000007,11.557999999999998,11.478,11.550500000000001,11.547281880715916,11.530452785476506,11.541093202653208,0.10999999999999943,0.1335714285714284,0.0,0.09999999999999964,0.03515131967691632,0.03748263243861573,0.9378028540146605,48.39516321651395,11.485833333333334,11.585,11.530737276175715,11.549011886265339,-0.018274610089623167,-0.041035012473831185,-0.02835446538535428,0.020159710591462224,0.1423064090652551
000001.SZ,20251223,11.52,11.6,11.5,11.56,11.52,0.04,0.3472,666265.74,770081.94,0.08000000000000007,0.13000000000000078,-0.2400000000000002,11.574000000000002,11.491,11.5385,11.551521253810613,11.535825006298959,11.542893850019569,0.09999999999999964,0.12928571428571406,0.040000000000000924,0.0,0.03549765398570808,0.03480530155014318,1.0198921544916784,50.49240635069163,11.488333333333332,11.580769230769231,11.535239233687143,11.549825820616054,-0.01458658692891035,-0.038028855592152015,-0.025600889694065494,0.02202860553031029,-0.10251425315135672
000001.SZ,20251224,11.55,11.58,11.49,11.54,11.56,-0.02,-0.173,505243.56,582458.735,0.009999999999999787,0.20999999999999908,-0.15000000000000036,11.576,11.512,11.531,11.547680835873742,11.536584096062784,11.5426182452558,0.08999999999999986,0.12714285714285697,0.0,0.02000000000000135,0.03296210727244322,0.033747780010847335,0.9767192764042084,49.41112721786826,11.49,11.578846153846154,11.535971659273736,11.5490979820519,-0.013126322778164834,-0.033733421251071344,-0.023105976310885366,0.019959307065441065,-0.2416786131011329
000001.SZ,20251225,11.54,11.62,11.52,11.56,11.54,0.02,0.1733,547455.23,633772.625,-0.08000000000000007,0.19000000000000128,-0.15000000000000036,11.56,11.531,11.523500000000002,11.551787223915829,11.540841533142277,11.544273650469533,0.09999999999999964,0.12428571428571418,0.02000000000000135,0.0,0.0320362424672688,0.031337224295786816,1.0223063205880671,50.551506969072335,11.500833333333333,11.569615384615387,11.539668327077777,11.549905538936946,-0.010237211859168482,-0.028122277484305513,-0.02053222342054199,0.020590023122747013,0.08354717079422048
000001.SZ,20251226,11.56,11.59,11.53,11.54,11.56,-0.02,-0.173,436339.84,504079.28,-0.08000000000000007,0.1899999999999995,-0.07000000000000028,11.544,11.55,11.52,11.54785814927722,11.540688527116407,11.543866636139102,0.0600000000000005,0.11999999999999998,0.0,0.02000000000000135,0.029747939433892454,0.03052742256037357,0.974466133688832,49.35339822052394,11.518333333333333,11.557692307692308,11.539719353681196,11.549171795311986,-0.009452441630790176,-0.023139693498176683,-0.018316267062591627,0.017727650863602902,-0.20296708097938887
000001.SZ,20251229,11.54,11.62,11.5,11.56,11.54,0.02,0.1733,648295.42,749082.978,0.040000000000000924,0.05000000000000071,-0.129999999999999,11.552000000000001,11.554999999999998,11.513499999999999,11.55190543285148,11.544199704004331,11.545403146982997,0.11999999999999922,0.12071428571428568,0.02000000000000135,0.0,0.029051658045757375,0.028346892377489743,1.024862184499183,50.61392288051773,11.534166666666666,11.552692307692308,11.542839453114858,11.549973884548136,-0.0071344314332772996,-0.018263174241575482,-0.016079899936728762,0.017890937006902925,0.48575802750443325
000001.SZ,20251230,11.53,11.56,11.45,11.48,11.56,-0.08,-0.692,582584.33,669409.275,-0.08000000000000007,0.0,-0.16000000000000014,11.536000000000001,11.555000000000001,11.5055,11.52793695523432,11.532527030548998,11.53917427584176,0.11000000000000121,0.11642857142857135,0.0,0.08000000000000007,0.02697653961391756,0.03203640006481191,0.84205901909522,45.7129228958593,11.545,11.548076923076925,11.533171844943341,11.544790633840867,-0.011618788897525434,-0.014677590375546896,-0.015187677728888098,0.007137777662725327,-0.10135979365703382
000001.SZ,20251231,11.48,11.49,11.4,11.41,11.48,-0.07,-0.6098,590620.37,675457.357,-0.129999999999999,-0.11999999999999922,-0.14000000000000057,11.51,11.543,11.4985,11.48862463682288,11.510249388630998,11.526871963856829,0.08999999999999986,0.11642857142857135,0.0,0.07000000000000028,0.02504964392720916,0.034748085774468224,0.7208927734837939,41.89062703915077,11.536666666666667,11.533076923076926,11.514222330336674,11.534806142445246,-0.02058381210857263,-0.013739726076103805,-0.016266904604825005,-0.00863381500749525,0.013793779863595092
000001.SZ,20260105,11.42,11.51,11.41,11.5,11.41,0.09,0.7888,875491.18,1003479.224,-0.0600000000000005,-0.14000000000000057,0.009999999999999787,11.498,11.529,11.498999999999999,11.492416424548587,11.50838586342536,11.524312729203798,0.09999999999999964,0.11428571428571425,0.08999999999999986,0.0,0.02968895507526564,0.03226607964772049,0.9201289837317773,47.92016533928379,11.538333333333334,11.525769230769232,11.512034279515648,11.532227909671525,-0.02019363015587672,-0.013911981764656566,-0.01705224971503535,-0.006282760881682739,0.4823247291657077
000001.SZ,20260106,11.5,11.68,11.48,11.67,11.5,0.17,1.4783,1304648.42,1512911.584,0.13000000000000078,0.05000000000000071,0.14000000000000057,11.524000000000001,11.534,11.505999999999998,11.551610949699057,11.537770251893477,11.538187707374865,0.1999999999999993,0.11357142857142856,0.16999999999999993,0.0,0.03971117256988952,0.029961359672883315,1.3254128985951972,56.99688426927927,11.549999999999999,11.524230769230769,11.536336698051702,11.542433249695856,-0.0060965516441537915,-0.012558864159604412,-0.014861110100859038,0.017529116913410494,0.4901902495465458
000001.SZ,20260107,11.66,11.82,11.62,11.64,11.67,-0.03,-0.2571,966236.24,1131165.699,0.08000000000000007,0.120000000000001,0.120000000000001,11.540000000000001,11.546000000000001,11.512,11.58107396646604,11.556357478821935,11.547884116196306,0.20000000000000107,0.11999999999999998,0.0,0.02999999999999936,0.036874660243468846,0.029964119696248747,1.2306271840212024,55.16955916419537,11.549999999999999,11.525384615384617,11.55228489835144,11.549660416385052,0.0026244819663876484,-0.010646523171237968,-0.011363991687409702,0.0279769473075947,-0.2593895602924196
000001.SZ,20260108,11.64,11.65,11.49,11.51,11.64,-0.13,-1.1168,1100085.11,1268647.295,0.02999999999999936,-0.05000000000000071,0.08000000000000007,11.546,11.541,11.516,11.557382644310694,11.547928846308857,11.54427610512999,0.16000000000000014,0.11999999999999998,0.0,0.13000000000000078,0.03424075594036393,0.03710953971794532,0.9226941697637357,47.98964829009276,11.540833333333333,11.518461538461539,11.545779529374295,11.546722607763938,-0.0009430783896426931,-0.009292829350291064,-0.009279809027856302,0.01667346127642722,0.1385260296177673
000001.SZ,20260109,11.53,11.53,11.44,11.46,11.51,-0.05,-0.4344,983390.04,1128076.547,0.05000000000000071,-0.0799999999999983,0.13000000000000078,11.556000000000001,11.533000000000001,11.522499999999997,11.524921762873797,11.53194178334361,11.536249809403325,0.08999999999999986,0.11428571428571425,0.0,0.049999999999998934,0.03179498765890936,0.03803028688094915,0.8360438552157414,45.53507002791627,11.535833333333334,11.51153846153846,11.532582678701326,11.540298710892534,-0.0077160321912082,-0.009012698276073254,-0.008967053660526681,0.0025020429386369628,-0.106078219711564
000001.SZ,20260112,11.45,11.49,11.42,11.48,11.46,0.02,0.1745,855212.98,979700.148,-0.019999999999999574,-0.08000000000000007,0.11000000000000121,11.552000000000001,11.525000000000002,11.528,11.509947841915865,11.522497822735682,11.530892684698246,0.07000000000000028,0.11428571428571425,0.019999999999999574,0.0,0.030952488540415803,0.03531383781802421,0.8764974427281769,46.709226603254336,11.529166666666667,11.508846153846152,11.524493035824198,11.53583213971531,-0.011339103891112146,-0.00922232741610903,-0.009441463706643774,-0.003795280368936744,-0.13034203600435088
000001.SZ,20260113,11.48,11.54,11.44,11.47,11.48,-0.01,-0.0871,1061541.22,1219755.569,-0.1999999999999993,-0.06999999999999851,0.120000000000001,11.512,11.518,11.533999999999999,11.496631894610577,11.512952764056466,11.525093381393653,0.09999999999999964,0.11357142857142856,0.0,0.009999999999999787,0.028741596501814674,0.03350570654530818,0.8578119808620892,46.17323979491373,11.523333333333335,11.508076923076924,11.516109491851246,11.530955684921585,-0.014846193070338742,-0.010079189820226967,-0.010522409579382767,-0.00864756698191195,0.24125948135165112
000001.SZ,20260114,11.47,11.47,11.35,11.36,11.47,-0.11,-0.959,1274757.14,1454416.591,-0.28000000000000114,-0.20000000000000107,-0.15000000000000036,11.456,11.498000000000001,11.526499999999999,11.451087929740385,11.485143170591655,11.509370202213304,0.120000000000001,0.11500000000000009,0.0,0.11000000000000121,0.026688625323113623,0.038969584649214815,0.6848578337016318,40.64781134661074,11.506666666666668,11.501538461538464,11.492092646951054,11.51829230085332,-0.02619965390226575,-0.01169928593186478,-0.013657858443959364,-0.025083590916612775,0.20085505487954575
000001.SZ,20260115,11.33,11.37,11.3,11.31,11.36,-0.05,-0.4401,884959.77,1002514.947,-0.1999999999999993,-0.16999999999999993,-0.16999999999999993,11.416,11.481,11.517999999999997,11.404058619826925,11.45329895775681,11.490382563907275,0.06999999999999851,0.11357142857142856,0.0,0.049999999999998934,0.02478229494289122,0.03975747145998511,0.6233367976591262,38.39848875217924,11.487499999999999,11.493461538461538,11.464078393573969,11.502863241530852,-0.038784847956883084,-0.01372162324834372,-0.018683256346544108,-0.04020318322067795,-0.3057816722642557
000001.SZ,20260116,11.34,11.34,11.16,11.19,11.31,-0.12,-1.061,1119472.54,1257713.579,-0.27000000000000135,-0.22000000000000064,-0.33999999999999986,11.362,11.459,11.501,11.332705746551284,11.405426419982843,11.461774700678012,0.17999999999999972,0.11928571428571429,0.0,0.120000000000001,0.02301213101839899,0.04548908064141482,0.5058825259582836,33.59375762969028,11.456666666666669,11.48423076923077,11.421912486870282,11.47968818660264,-0.05777569973235863,-0.01789740875684171,-0.026501745023707016,-0.06254790941730323,0.2649982269815497
000001.SZ,20260119,11.15,11.21,11.11,11.12,11.19,-0.07,-0.6256,804741.31,896712.443,-0.3600000000000012,-0.3800000000000008,-0.5200000000000014,11.29,11.421000000000001,11.475,11.26180383103419,11.35353070725869,11.429224729184867,0.10000000000000142,0.1221428571428572,0.0,0.07000000000000028,0.02136840737422763,0.047239860595599495,0.45233849348442295,31.145528092365094,11.426666666666668,11.476153846153846,11.375464411967162,11.453044617224666,-0.07758020525750453,-0.025840036936102904,-0.03671743707046652,-0.08172553637407602,-0.28114242980895265
000001.SZ,20260120,11.12,11.2,11.11,11.16,11.12,0.04,0.3597,772276.09,861694.178,-0.3100000000000005,-0.5099999999999998,-0.4599999999999991,11.228,11.370000000000001,11.452,11.22786922068946,11.318343305938928,11.403584278786308,0.08999999999999986,0.1200000000000001,0.040000000000000924,0.0,0.022699235418925722,0.04386558483877096,0.5174725357557028,34.10094901638539,11.405833333333334,11.468076923076925,11.342316040895291,11.431337608541357,-0.08902156764606595,-0.03602293133748664,-0.047178263185586405,-0.08368660892095908,-0.040342430041276356
000001.SZ,20260121,11.15,11.18,11.06,11.07,11.16,-0.09,-0.8065,900124.91,1001045.288,-0.28999999999999915,-0.5700000000000003,-0.4499999999999993,11.17,11.312999999999999,11.429499999999999,11.175246147126307,11.273189977586394,11.371814347473325,0.11999999999999922,0.12071428571428568,0.0,0.08999999999999986,0.021077861460431026,0.04716090020743017,0.44693509597406333,30.88839970898562,11.37,11.457307692307692,11.300421265372938,11.404571859760516,-0.10415059438757801,-0.04749043311503501,-0.05857272942598473,-0.09115572992318656,0.16554807491191403
000001.SZ,20260122,11.07,11.15,11.05,11.07,11.07,0.0,0.0,788634.62,873985.785,-0.2400000000000002,-0.4399999999999995,-0.4900000000000002,11.122,11.269,11.405,11.140164098084206,11.236246345297957,11.343070123904436,0.09999999999999964,0.12142857142857137,0.0,-0.0,0.019572299927543096,0.043792264478328013,0.44693509597406333,30.88839970898562,11.32,11.440384615384618,11.264971839930947,11.379788759037515,-0.114816919106568,-0.059390531661186095,-0.06982156736210139,-0.0899907034889332,-0.12386090948199627
000001.SZ,20260123,11.07,11.09,10.98,10.99,11.07,-0.08,-0.7227,1109994.29,1224886.436,-0.1999999999999993,-0.47000000000000064,-0.5499999999999989,11.082,11.221999999999998,11.3775,11.090109398722806,11.19147428251651,11.3094443978183,0.10999999999999943,0.12214285714285708,0.0,0.08000000000000007,0.01817427850414716,0.046378531301304586,0.3918683493031599,28.15412459801598,11.265833333333333,11.42153846153846,11.22266847994157,11.35091551762733,-0.1282470376857603,-0.07238030208281367,-0.08150666142683317,-0.09348075251785423,0.40748866693171554
000001.SZ,20260126,10.98,11.06,10.92,10.96,10.99,-0.03,-0.273,1106246.65,1214803.431,-0.15999999999999837,-0.5199999999999996,-0.5999999999999996,11.05,11.169999999999998,11.3475,11.046739599148538,11.149388049331689,11.276163978978461,0.14000000000000057,0.11785714285714288,0.0,0.02999999999999936,0.016876115753850934,0.04520863620835421,0.37329406877202714,27.182384112808368,11.219999999999999,11.399615384615386,11.182257944565944,11.321958812617899,-0.13970086805195514,-0.08625304374743771,-0.09314550275185757,-0.09311073060019515,-0.003376269620269966
000001.SZ,20260127,10.96,11.03,10.93,10.94,10.96,-0.02,-0.1825,894091.21,981119.838,-0.22000000000000064,-0.5300000000000011,-0.5999999999999996,11.006,11.117,11.317499999999999,11.011159732765693,11.111317494907745,11.244148361932893,0.09999999999999964,0.11071428571428564,0.0,0.02000000000000135,0.015670678914290154,0.043408019336329005,0.3610088447683459,26.525091747643444,11.176666666666664,11.372692307692308,11.1449874915558,11.293665567238795,-0.14867807568299618,-0.09986175727862998,-0.1042520173380853,-0.08885211668982176,-0.19177950956958828
000001.SZ,20260128,10.94,10.99,10.82,10.84,10.94,-0.1,-0.9141,1438766.03,1570012.85,-0.23000000000000043,-0.5199999999999996,-0.7200000000000006,10.959999999999999,11.065000000000001,11.2815,10.954106488510462,11.061987041288154,11.205658041748809,0.16999999999999993,0.11142857142857134,0.0,0.09999999999999964,0.014551344706126571,0.047450303669448336,0.3066649437587413,23.469286845378395,11.123333333333333,11.342692307692307,11.098066339008753,11.260060710406293,-0.16199437139754025,-0.11355170432759189,-0.11580048814997629,-0.09238776649512792,0.6091937980242531
