ts_code,trade_date,open,high,low,close,pre_close,change,pct_chg,vol,amount,mtm_5,mtm_10,mtm_20,ma_5,ma_10,ma_20,ema_5,ema_10,ema_20,tr,atr,u,d,au,ad,rs,rsi,ma_12,ma_26,ema_12,ema_26,dif,dif_ma_9,dea,macd,volume_change_rate
000004.SZ,20250205,10.65,11.45,10.62,11.45,10.41,1.04,9.9904,100505.47,112119.188,,,,,,,,,,,,,,,,,,,,,,,,,,
000004.SZ,20250206,11.62,12.17,11.56,11.88,11.45,0.43,3.7555,217442.47,257024.218,,,,,,,,,,0.7200000000000006,,0.4300000000000015,0.0,,,,,,,,,,,,,1.1634889125935135
000004.SZ,20250207,11.88,13.07,11.8,12.7,11.88,0.82,6.9024,220911.46,277873.724,,,,,,,,,,1.2699999999999996,,0.8199999999999985,0.0,,,,,,,,,,,,,0.015953599129001756
000004.SZ,20250210,12.95,13.97,12.6,13.97,12.7,1.27,10.0,194050.0,259610.794,,,,,,,,,,1.370000000000001,,1.2700000000000014,0.0,,,,,,,,,,,,,-0.1215937824140042
000004.SZ,20250211,14.25,14.59,13.67,13.7,13.97,-0.27,-1.9327,270321.95,379106.75,,,,12.74,,,12.74,,,0.9199999999999999,,0.0,0.27000000000000135,,,,,,,,,,,,,0.39305307910332393
000004.SZ,20250212,13.67,14.18,13.45,14.0,13.7,0.3,2.1898,183709.53,256068.396,2.5500000000000007,,,13.25,,,13.16,,,0.7300000000000004,,0.3000000000000007,0.0,,,,,,,,,,,,,-0.320404687817619
000004.SZ,20250213,14.01,14.12,13.54,13.57,14.0,-0.43,-3.0714,141273.16,193597.087,1.6899999999999995,,,13.588,,,13.296666666666669,,,0.5800000000000001,,0.0,0.4299999999999997,,,,,,,,,,,,,-0.230997107226827
000004.SZ,20250214,13.57,13.83,13.24,13.66,13.57,0.09,0.6632,117495.0,159563.595,0.9600000000000009,,,13.780000000000001,,,13.41777777777778,,,0.5899999999999999,,0.08999999999999986,0.0,,,,,,,,,,,,,-0.168313358319443
000004.SZ,20250217,13.74,13.94,13.55,13.77,13.66,0.11,0.8053,107696.1,148199.356,-0.20000000000000107,,,13.739999999999998,,,13.535185185185187,,,0.3899999999999988,,0.10999999999999943,0.0,,,,,,,,,,,,,-0.08339844248691429
000004.SZ,20250218,13.77,13.8,13.0,13.15,13.77,-0.62,-4.5025,109073.0,145144.533,-0.5499999999999989,,,13.63,13.184999999999999,,13.406790123456792,13.184999999999999,,0.8000000000000007,,0.0,0.6199999999999992,,,,,,,,,,,,,0.012785049783603994
000004.SZ,20250219,13.23,13.39,13.02,13.23,13.15,0.08,0.6084,79310.3,104546.175,-0.7699999999999996,1.7800000000000011,,13.475999999999999,13.363,,13.34786008230453,13.193181818181817,,0.370000000000001,,0.08000000000000007,0.0,,,,,,,,,,,,,-0.2728695460838154
000004.SZ,20250220,13.15,13.28,12.94,13.12,13.23,-0.11,-0.8314,70310.0,91963.589,-0.45000000000000107,1.2399999999999984,,13.386000000000001,13.487,,13.271906721536354,13.179876033057848,,0.33999999999999986,,0.0,0.11000000000000121,,,,,13.183333333333332,,13.183333333333332,,,,,,-0.11348210762032174
000004.SZ,20250221,13.12,13.42,12.75,13.39,13.12,0.27,2.0579,107097.0,140586.57,-0.2699999999999996,0.6900000000000013,,13.331999999999999,13.556000000000001,,13.311271147690903,13.218080390683692,,0.6699999999999999,,0.27000000000000135,0.0,,,,,13.344999999999999,,13.215128205128204,,,,,,0.5232114919641587
000004.SZ,20250224,12.05,12.94,12.05,12.78,13.39,-0.61,-4.5556,152866.0,192167.648,-0.9900000000000002,-1.1900000000000013,,13.134,13.437000000000001,,13.134180765127269,13.138429410559384,,1.3399999999999999,,0.0,0.6100000000000012,,,,,13.42,,13.14818540433925,,,,,,0.42736024351755886
000004.SZ,20250225,12.8,13.48,12.8,13.2,12.78,0.42,3.2864,175625.37,232086.429,0.049999999999998934,-0.5,,13.144,13.387,,13.156120510084847,13.14962406318495,,0.7000000000000011,0.7707142857142859,0.41999999999999993,0.0,0.2707142857142859,0.1457142857142859,1.857843137254901,65.00857632933104,13.461666666666666,,13.15615688059475,,,,,,0.14888444781704235
000004.SZ,20250226,13.36,13.48,12.72,12.82,13.2,-0.38,-2.8788,123843.37,159198.427,-0.41000000000000014,-1.1799999999999997,,13.062000000000001,13.269000000000002,,13.044080340056565,13.08969241533314,,0.7599999999999998,0.7735714285714287,0.0,0.379999999999999,0.2513775510204083,0.16244897959183685,1.5474246231155777,60.74466773517445,13.365833333333333,,13.104440437426327,,,,,,-0.29484350694891065
000004.SZ,20250227,12.82,13.15,12.35,12.56,12.82,-0.26,-2.0281,98934.0,125385.664,-0.5599999999999987,-1.0099999999999998,,12.95,13.168000000000001,,12.882720226704379,12.993384703454385,,0.8000000000000007,0.7400000000000002,0.0,0.2599999999999998,0.23342201166180773,0.16941690962099135,1.3777964205816555,57.94425496883453,13.270833333333334,,13.020680370129968,,,,,,-0.20113608019549206
000004.SZ,20250228,12.51,12.61,12.05,12.08,12.56,-0.48,-3.8217,78714.0,96886.805,-1.3100000000000005,-1.58,,12.687999999999999,13.010000000000002,,12.61514681780292,12.82731475737177,,0.5599999999999987,0.6821428571428572,0.0,0.4800000000000004,0.21674901082882148,0.19160141607663486,1.1312495244927017,53.07916841703326,13.110833333333337,,12.875960313186896,,,,,,-0.20437867669355328
000004.SZ,20250303,12.3,12.45,12.06,12.18,12.08,0.1,0.8278,70195.0,85954.527,-0.5999999999999996,-1.5899999999999999,,12.568,12.850999999999999,,12.470097878535281,12.709621165122357,,0.3899999999999988,0.6442857142857142,0.09999999999999964,0.0,0.2084097957696199,0.17791560064258952,1.1713969714678898,53.9466982251528,12.995000000000003,,12.768889495773527,,,,,,-0.10822725309347765
000004.SZ,20250304,12.12,12.3,11.92,12.28,12.18,0.1,0.821,60933.17,74074.887,-0.9199999999999999,-0.870000000000001,,12.384,12.764000000000001,12.9745,12.406731919023521,12.6315082260092,12.9745,0.3800000000000008,0.6192857142857143,0.09999999999999964,0.0,0.20066623892893273,0.16520734345383312,1.2146326835950154,54.84578515401033,12.880000000000003,,12.693675727192984,,,,,,-0.13194429802692503
000004.SZ,20250305,12.25,12.3,11.88,12.18,12.28,-0.1,-0.8143,69633.0,83859.082,-0.6400000000000006,-1.0500000000000007,0.7300000000000004,12.256,12.659,13.011000000000001,12.331154612682347,12.549415821280254,12.898833333333334,0.41999999999999993,0.6078571428571429,0.0,0.09999999999999964,0.18633293614829466,0.16054967606427356,1.1605936599566802,53.71642440068764,12.7475,,12.614648692240218,,,,,,0.14277658621732633
000004.SZ,20250306,12.25,12.76,12.18,12.65,12.18,0.47,3.8588,110615.0,138683.653,0.08999999999999986,-0.46999999999999886,0.7699999999999996,12.274,12.612,13.0495,12.4374364084549,12.567703853774754,12.87513492063492,0.5800000000000001,0.6071428571428571,0.47000000000000064,0.0,0.2065948692805594,0.1490818420596826,1.385781570889447,58.08501447904183,12.705833333333336,,12.620087354972492,,,,,,0.588542788620338
000004.SZ,20250307,12.54,12.61,12.17,12.24,12.65,-0.41,-3.2411,86632.0,106966.78,0.16000000000000014,-1.1500000000000004,-0.4599999999999991,12.306000000000001,12.497,13.026500000000002,12.371624272303269,12.508121334906615,12.814645880574451,0.4800000000000004,0.6135714285714287,0.0,0.41000000000000014,0.19183809290337658,0.16771885334113387,1.1438075629648212,53.35402219511577,12.623333333333335,,12.561612377284415,,,,,,-0.2168150793292049
000004.SZ,20250310,12.25,12.25,12.06,12.15,12.24,-0.09,-0.7353,49154.0,59655.045,-0.02999999999999936,-0.629999999999999,-1.8200000000000003,12.3,12.434,12.935500000000001,12.297749514868848,12.443008364923594,12.751346272900694,0.1899999999999995,0.5700000000000001,0.0,0.08999999999999986,0.17813537198170684,0.16216750667391003,1.098465257530939,52.34612551190849,12.542500000000002,,12.498287396163736,,,,,,-0.4326115061409179
000004.SZ,20250311,12.15,12.25,11.96,12.23,12.15,0.08,0.6584,48417.0,58634.649,-0.049999999999998934,-0.9699999999999989,-1.4699999999999989,12.290000000000001,12.337000000000002,12.862,12.2751663432459,12.404279571301121,12.701694246910153,0.28999999999999915,0.5642857142857142,0.08000000000000007,0.0,0.1711257025544421,0.15058411334005933,1.1364127248137679,53.19256488293148,12.445833333333333,,12.457012412138546,,,,,,-0.014993693290474834
000004.SZ,20250312,12.31,12.35,12.17,12.25,12.23,0.02,0.1635,50222.0,61486.916,0.07000000000000028,-0.5700000000000003,-1.75,12.303999999999998,12.28,12.7745,12.266777562163934,12.376228740155462,12.658675747204423,0.17999999999999972,0.5528571428571427,0.019999999999999574,0.0,0.16033100951483906,0.1398281052443408,1.1466293506206833,53.415339275461925,12.401666666666666,12.815,12.425164348732617,12.815,-0.38983565126738284,,,,0.03728029411157238
000004.SZ,20250313,12.24,12.24,11.85,12.02,12.25,-0.23,-1.8776,54916.33,65883.726,-0.6300000000000008,-0.5400000000000009,-1.5500000000000007,12.178,12.226,12.697000000000001,12.184518374775957,12.311459878309014,12.597849485565908,0.40000000000000036,0.5335714285714285,0.0,0.23000000000000043,0.1488787945494934,0.14626895486974506,1.0178427451134278,50.44212427248449,12.303333333333335,12.836923076923076,12.362831372004521,12.75611111111111,-0.393279739106589,,,,0.09347158615746091
000004.SZ,20250314,12.03,12.27,11.9,12.26,12.02,0.24,1.9967,63650.0,77099.556,0.019999999999999574,0.17999999999999972,-1.4000000000000004,12.182,12.244,12.626999999999999,12.209678916517305,12.302103536798283,12.56567334408344,0.3699999999999992,0.46428571428571414,0.2400000000000002,0.0,0.15538745208167246,0.13582117237904898,1.1440591283369135,53.35949523110065,12.256666666666666,12.85153846153846,12.347011160926902,12.719362139917695,-0.3723509789907933,,,,0.15903593703366553
000004.SZ,20250317,12.35,12.67,12.35,12.43,12.26,0.17,1.3866,95848.0,119880.263,0.27999999999999936,0.25,-1.3399999999999999,12.238,12.269,12.56,12.283119277678203,12.325357439198594,12.55275207321835,0.41000000000000014,0.4435714285714284,0.16999999999999993,0.0,0.15643120550441014,0.12611966006625977,1.2403395745138033,55.36390949943295,12.245833333333335,12.841153846153844,12.359778674630455,12.697927907331199,-0.3381492327007436,,,,0.50586017282011
000004.SZ,20250318,12.43,12.43,12.17,12.22,12.43,-0.21,-1.6895,60471.0,74071.756,-0.009999999999999787,-0.05999999999999872,-0.9299999999999997,12.236,12.263,12.5135,12.262079518452136,12.306201541162487,12.521061399578508,0.2599999999999998,0.40785714285714264,0.0,0.20999999999999908,0.14525754796838086,0.13211111291866973,1.099510440562289,52.36984867137975,12.2575,12.773846153846154,12.338274263148847,12.66252584012148,-0.3242515769726335,,,,-0.369094816793256
000004.SZ,20250319,12.21,12.21,11.96,12.0,12.22,-0.22,-1.8003,51281.0,61839.999,-0.25,-0.17999999999999972,-1.2300000000000004,12.186,12.245,12.452,12.174719678968092,12.250528533678397,12.471436504380556,0.2599999999999998,0.36928571428571405,0.0,0.22000000000000064,0.13488200882778223,0.13838889056733622,0.9746592249914191,49.3583506792497,12.2425,12.708461538461538,12.286232068818256,12.613449851964335,-0.32721778314607874,,,,-0.15197367333101816
000004.SZ,20250320,11.99,12.09,11.88,11.96,12.0,-0.04,-0.3333,40394.0,48422.349,-0.05999999999999872,-0.6899999999999995,-1.1599999999999984,12.174,12.176000000000002,12.394,12.103146452645396,12.197705163918688,12.422728265868123,0.20999999999999908,0.34428571428571403,0.0,0.03999999999999915,0.12524757962579777,0.1313611126696693,0.9534601000278897,48.80878293927155,12.215833333333334,12.629999999999999,12.236042519769294,12.565046159226236,-0.32900363945694266,,,,-0.21230085216746944
000004.SZ,20250321,11.95,11.96,11.6,11.65,11.96,-0.31,-2.592,48749.32,57100.365,-0.6099999999999994,-0.5899999999999999,-1.7400000000000002,12.052,12.117,12.307,11.952097635096932,12.098122406842563,12.349135097690207,0.3600000000000012,0.3421428571428571,0.0,0.3100000000000005,0.11630132393824079,0.14412103319326436,0.806969818085347,44.65873253712708,12.171666666666667,12.556153846153846,12.14588213211248,12.497264962246515,-0.3513828301340354,,,,0.20684557112442442
000004.SZ,20250324,11.13,11.21,10.49,10.5,11.65,-1.15,-9.8712,151889.0,162378.169,-1.9299999999999997,-1.6500000000000004,-2.2799999999999994,11.666,11.952000000000002,12.193000000000001,11.468065090064622,11.807554696507552,12.173026993148282,1.1600000000000001,0.39785714285714274,0.0,1.1500000000000004,0.10799408651408073,0.21596953082231693,0.5000431593423701,33.33525147113718,11.992500000000001,12.434615384615382,11.892669496402867,12.349319409487514,-0.45664991308464664,-0.3646801494288717,-0.3646801494288717,-0.18393952731154983,2.115715255105097
000004.SZ,20250325,10.4,10.43,10.04,10.25,10.5,-0.25,-2.381,92505.0,94362.495,-1.9700000000000006,-1.9800000000000004,-2.9499999999999993,11.272,11.754,12.0455,11.062043393376415,11.524362933506177,11.989881565229398,0.46000000000000085,0.4007142857142857,0.0,0.25,0.1002802231916464,0.21840027862072287,0.4591579453330025,31.467323109302985,11.826666666666668,12.299230769230768,11.639951112340887,12.193814268043994,-0.5538631557031071,-0.38290542769950775,-0.4025167506837188,-0.30269281003877657,-0.3909697213096406
000004.SZ,20250326,10.24,10.37,10.14,10.36,10.25,0.11,1.0732,48157.0,49640.79,-1.6400000000000006,-1.8900000000000006,-2.460000000000001,10.943999999999999,11.565,11.9225,10.828028928917611,11.312660581959598,11.834654749493264,0.22999999999999865,0.37571428571428556,0.10999999999999943,0.0,0.1009744929636716,0.20280025871924265,0.4979012038809133,33.239922806050274,11.6775,12.191923076923077,11.443035556596136,12.05797617411481,-0.6149406175186733,-0.40753441418973935,-0.4450015240507097,-0.3398781869359273,-0.47941192367980107
000004.SZ,20250327,10.36,10.4,10.01,10.17,10.36,-0.19,-1.834,48390.0,49153.422,-1.790000000000001,-1.8499999999999996,-2.3900000000000006,10.586,11.379999999999999,11.802999999999999,10.60868595261174,11.104904112512399,11.676116201922477,0.39000000000000057,0.36928571428571416,0.0,0.1899999999999995,0.0937620291805522,0.20188595452501099,0.46443067028190077,31.714076992972196,11.505833333333333,12.07423076923077,11.247183932504424,11.918126087143342,-0.6709421546389187,-0.4407112114839755,-0.4901896501683515,-0.36150500894113446,0.004838341258799343
000004.SZ,20250328,10.2,10.25,9.96,10.0,10.17,-0.17,-1.6716,43988.0,44256.887,-1.6500000000000004,-2.26,-2.08,10.256,11.154,11.699,10.405790635074494,10.904012455691962,11.51648608745367,0.28999999999999915,0.3764285714285713,0.0,0.16999999999999993,0.08706474138194133,0.19960838634465303,0.43617777276958364,30.37073689898714,11.318333333333333,11.954230769230769,11.055309481349896,11.776042673280873,-0.720733191930977,-0.4832205402873348,-0.5362983585208766,-0.3688696668202007,-0.09096920851415581
000004.SZ,20250331,9.88,9.97,9.57,9.74,10.0,-0.26,-2.6,54235.0,52540.211,-0.7599999999999998,-2.6899999999999995,-2.4399999999999995,10.104000000000001,10.885,11.577,10.183860423382997,10.692373827384333,11.347296936267606,0.4299999999999997,0.3864285714285713,0.0,0.2599999999999998,0.08084583128323122,0.20392207303432067,0.3964545381491127,28.390078396292157,11.128333333333332,11.813846153846155,10.852954176526836,11.62522469748229,-0.7722705209554537,-0.5330004229520926,-0.583492791007792,-0.37755545989532324,0.2329498954260253
000004.SZ,20250401,9.89,10.3,9.85,10.1,9.74,0.36,3.6961,67041.0,67550.741,-0.15000000000000036,-2.120000000000001,-2.1799999999999997,10.074000000000002,10.672999999999998,11.468,10.155906948921999,10.584669495132635,11.228506751861167,0.5600000000000005,0.41357142857142853,0.35999999999999943,0.0,0.10078541476300039,0.18935621067472636,0.532253018815043,34.736627194029424,10.948333333333332,11.710769230769232,10.737115072445784,11.51224509026138,-0.7751300178155969,-0.5827684490264835,-0.621820236369353,-0.3066195628924877,0.2361205863372361
000004.SZ,20250402,10.03,10.17,9.91,9.95,10.1,-0.15,-1.4851,39220.0,39304.87,-0.41000000000000014,-2.0500000000000007,-2.2300000000000004,9.992,10.468,11.356499999999999,10.087271299281333,10.469275041472155,11.106744204064865,0.2599999999999998,0.40357142857142847,0.0,0.15000000000000036,0.09358645656564323,0.1865450527693888,0.5016828652182854,33.408043524913,10.741666666666665,11.585769230769234,10.616020445915662,11.396523231723501,-0.7805027858078386,-0.6329350208432497,-0.6535567462570502,-0.25389207910157685,-0.414984860011038
000004.SZ,20250403,9.91,9.96,9.75,9.82,9.95,-0.13,-1.3065,34749.0,34174.047,-0.34999999999999964,-2.1400000000000006,-2.83,9.922,10.254000000000001,11.215,9.998180866187557,10.351225033931762,10.98419713701107,0.21000000000000085,0.3921428571428572,0.0,0.129999999999999,0.08690170966809728,0.1825061204287181,0.47615778289495064,32.25656419743552,10.541666666666666,11.470384615384615,10.493555761928638,11.279743733077316,-0.7861879711486779,-0.68124670317821,-0.6800829912353757,-0.2122099598266043,-0.11399796022437532
000004.SZ,20250407,9.32,9.32,8.84,8.84,9.82,-0.98,-9.9796,24554.0,21882.659,-1.1600000000000001,-2.8100000000000005,-3.4000000000000004,9.690000000000001,9.972999999999999,11.044999999999998,9.612120577458372,10.076456845944168,10.779987885867158,0.9800000000000004,0.4328571428571429,0.0,0.9800000000000004,0.08069444469180462,0.23946996896952397,0.3369710408325737,25.204064302150574,10.278333333333334,11.327307692307691,10.23916256778577,11.099021975071588,-0.8598594072858177,-0.7260477580894512,-0.7160382744454642,-0.28764226568070694,-0.29338973783418226
000004.SZ,20250408,8.49,9.0,8.35,8.66,8.84,-0.18,-2.0362,69768.0,60315.63,-1.08,-1.8399999999999999,-3.49,9.473999999999998,9.789,10.8705,9.294747051638915,9.818919237590682,10.578084277689333,0.6500000000000004,0.4607142857142858,0.0,0.17999999999999972,0.07493055578524714,0.23522211404312937,0.3185523439837301,24.159249000406827,10.003333333333336,11.195769230769232,9.996214480434114,10.918353680621841,-0.9221392001877273,-0.7669673185877424,-0.7572584595939169,-0.32976148118762083,1.8414107681029568
000004.SZ,20250409,8.59,8.93,7.8,8.88,8.66,0.22,2.5404,73354.0,61248.52,-1.2199999999999989,-1.3699999999999992,-3.3499999999999996,9.23,9.651999999999997,10.703,9.156498034425944,9.648206648937832,10.416361965528443,1.13,0.5228571428571429,0.22000000000000064,0.0,0.08529265894344383,0.21842053446862011,0.39049743720729513,28.0832906813247,9.772499999999999,11.068846153846154,9.824489175751943,10.767364519094297,-0.9428753433423545,-0.8034045103459291,-0.7943818363436044,-0.29698701399750016,0.051398922141956196
000004.SZ,20250410,8.91,9.3,8.91,9.12,8.88,0.24,2.7027,65456.0,59950.988,-0.8300000000000001,-1.2400000000000002,-3.130000000000001,9.064,9.528,10.5465,9.14433202295063,9.552169076403679,10.292898921192402,0.41999999999999993,0.537857142857143,0.23999999999999844,0.0,0.09634318330462631,0.20281906772086153,0.4750203439314826,32.204324902080685,9.6575,10.947307692307692,9.71610622563626,10.645337517679906,-0.9292312920436459,-0.8321033033908988,-0.8213517274836127,-0.21575912912006623,-0.10766965673310248
000004.SZ,20250411,9.2,9.23,9.04,9.15,9.12,0.03,0.3289,41459.0,37856.123,-0.6699999999999999,-1.0199999999999996,-2.869999999999999,8.93,9.426000000000002,10.403,9.146221348633754,9.479047426148464,10.184051404888363,0.19000000000000128,0.5257142857142859,0.030000000000001137,0.0,0.0916043844971531,0.1883319914550857,0.48639842752897,32.72328727752843,9.565833333333332,10.83076923076923,9.629012960153759,10.534571775629543,-0.9055588154757839,-0.8526394837847663,-0.838193145082047,-0.13473134078747373,-0.36661268638474703
000004.SZ,20250414,9.2,9.36,9.2,9.33,9.15,0.18,1.9672,40607.0,37750.579,0.4900000000000002,-0.6699999999999999,-2.9299999999999997,9.027999999999999,9.359,10.2565,9.20748089908917,9.45194789412147,10.102713175851376,0.20999999999999908,0.4578571428571429,0.17999999999999972,0.0,0.09791835703307071,0.174879706351151,0.559918352312731,35.89408070509572,9.48,10.703076923076923,9.583010966283949,10.445344236694021,-0.8623332704100726,-0.8626464559463906,-0.8430211701476522,-0.038624200524840724,-0.020550423309775922
000004.SZ,20250415,9.35,10.26,9.35,10.26,9.33,0.93,9.9678,144207.0,146717.117,1.5999999999999996,0.5199999999999996,-2.17,9.347999999999999,9.411,10.148,9.55832059939278,9.598866458826658,10.11769287338934,0.9299999999999997,0.49142857142857144,0.9299999999999997,0.0,0.15735276010213708,0.1623882987546402,0.9689907543146841,49.212559896044084,9.487500000000002,10.626923076923077,9.687163125317188,10.431615033975945,-0.7444519086587569,-0.8592377771511861,-0.8233073178498732,0.15771081838223266,2.551284261334253
000004.SZ,20250416,10.15,10.15,9.58,9.74,10.26,-0.52,-5.0682,155314.0,152055.575,0.8599999999999994,-0.35999999999999943,-2.4800000000000004,9.52,9.375,10.024000000000001,9.618880399595186,9.624527102676355,10.081722123542736,0.6799999999999997,0.5235714285714287,0.0,0.5199999999999996,0.14611327723769874,0.1879319917007373,0.7774795335025735,43.74056178135161,9.465833333333334,10.53423076923077,9.69529187526839,10.380384290718467,-0.685092415450077,-0.8486366248892127,-0.795664337369914,0.221143843839674,0.07702122643144924
000004.SZ,20250417,9.69,10.31,9.61,10.28,9.74,0.54,5.5441,144502.7,145911.881,1.1600000000000001,0.33000000000000007,-1.7200000000000006,9.752,9.408,9.937999999999999,9.839253599730124,9.743703993098835,10.10060573082438,0.7000000000000011,0.5457142857142858,0.5399999999999991,0.0,0.17424804314929163,0.1745082780078275,0.9985087535015147,49.962691019094294,9.510833333333332,10.459230769230768,9.785246971380944,10.372948417331916,-0.5877014459509713,-0.8265825665339119,-0.7540717590861254,0.3327406262703083,-0.06960930759622434
000004.SZ,20250418,10.18,10.27,9.73,9.95,10.28,-0.33,-3.2101,103924.5,103113.957,0.7999999999999989,0.129999999999999,-2.0100000000000016,9.912,9.421000000000001,9.8375,9.87616906648675,9.781212357989956,10.086262327888726,0.5499999999999989,0.5642857142857144,0.0,0.33000000000000007,0.16180175435291363,0.185614829578697,0.8717070436676123,46.57283556295761,9.498333333333333,10.37076923076923,9.810593591168491,10.34161890493696,-0.5310253137684686,-0.7900454450319843,-0.7094624700225942,0.3568743125082512,-0.28081274605941625
000004.SZ,20250421,9.01,9.55,9.01,9.47,9.95,-0.48,-4.8241,106909.03,99685.783,0.14000000000000057,0.6300000000000008,-2.1799999999999997,9.940000000000001,9.484,9.7285,9.740779377657834,9.724628292900872,10.027570677613609,0.9399999999999995,0.6007142857142858,0.0,0.47999999999999865,0.15024448618484837,0.2066423417516471,0.7270750268859204,42.09863587668832,9.458333333333334,10.272692307692308,9.75819457714257,10.277054541608296,-0.5188599644657259,-0.7452366410628729,-0.6713419689112206,0.3049640088909893,0.028718252192697573
000004.SZ,20250422,9.23,9.4,9.06,9.1,9.47,-0.37,-3.9071,82497.33,75520.845,-1.1600000000000001,0.4399999999999995,-1.4000000000000004,9.708,9.528,9.6585,9.52718625177189,9.61105951237344,9.93923061307898,0.41000000000000014,0.5900000000000001,0.0,0.370000000000001,0.13951273717164492,0.2183107459122438,0.6390557486699533,38.989262518284,9.398333333333333,10.151153846153846,9.65693387296679,10.189865316303978,-0.532931443337187,-0.6996873188400765,-0.6436598637964139,0.22145684091845386,-0.2283408613846744
000004.SZ,20250423,9.16,9.24,9.05,9.05,9.1,-0.05,-0.5495,58196.72,52976.249,-0.6899999999999995,0.16999999999999993,-1.1999999999999993,9.569999999999999,9.544999999999998,9.598499999999998,9.368124167847927,9.509048691941906,9.854541983261935,0.1899999999999995,0.585,0.0,0.049999999999998934,0.12954754165938456,0.2062885497756549,0.6279919161789226,38.574633567769126,9.415833333333333,10.021153846153844,9.5635594309719,10.10543084842961,-0.5418714174577097,-0.6566473327749726,-0.6233021745286732,0.16286151414192696,-0.2945623815946528
000004.SZ,20250424,9.0,9.04,8.6,8.71,9.05,-0.34,-3.7569,64735.5,56638.521,-1.5699999999999985,-0.40999999999999837,-1.6499999999999986,9.256000000000002,9.504,9.516000000000002,9.148749445231953,9.363767111588832,9.745537984856037,0.45000000000000107,0.6021428571428571,0.0,0.33999999999999986,0.12029414582657139,0.2158393676488224,0.5573318117865034,35.78760849604405,9.42,9.886153846153848,9.432242595437762,10.002065600397787,-0.5698230049600248,-0.6193433538287771,-0.6126063406149436,0.08556667130983753,0.11235650394042823
000004.SZ,20250425,8.71,8.85,8.68,8.74,8.71,0.03,0.3444,38666.51,33878.812,-1.209999999999999,-0.41000000000000014,-1.4299999999999997,9.014,9.463000000000001,9.444500000000001,9.012499630154636,9.250354909481771,9.649772462488794,0.16999999999999993,0.5442857142857143,0.02999999999999936,0.0,0.11384456398181624,0.20042226995962079,0.5680235235573002,36.22544655890444,9.408333333333333,9.760769230769231,9.325743734601183,9.90857925962758,-0.5828355250263968,-0.5882880487861465,-0.6066521774972342,0.04763330494167484,-0.4027000641070201
000004.SZ,20250428,8.68,8.68,8.26,8.39,8.74,-0.35,-4.0046,65960.0,55221.177,-1.08,-0.9399999999999995,-1.6099999999999994,8.798,9.369,9.364,8.804999753436425,9.093926744121449,9.529794132727956,0.4800000000000004,0.5321428571428571,0.0,0.34999999999999964,0.1057128094116865,0.21110639353393354,0.500756076791649,33.36691981698831,9.347499999999998,9.623461538461537,9.181783160047155,9.796091907062573,-0.6143087470154178,-0.5738276974924421,-0.6081834914008709,-0.012250511229093819,0.7058689806760423
000004.SZ,20250430,7.97,7.97,7.97,7.97,8.39,-0.42,-5.006,1441.0,1148.477,-1.13,-2.29,-1.7700000000000005,8.572,9.139999999999999,9.275500000000001,8.52666650229095,8.889576427008457,9.381242310563389,0.4200000000000008,0.4814285714285715,0.0,0.4200000000000008,0.09816189445370889,0.2260273654243669,0.4342920790560457,30.279193854425202,9.249166666666667,9.481923076923078,8.995354981578362,9.660825839872754,-0.6654708582943911,-0.5716475244751437,-0.619640964779575,-0.09165978702963229,-0.9781534263189812
000004.SZ,20250506,7.57,7.57,7.57,7.57,7.97,-0.4,-5.0188,9181.0,6950.017,-1.4800000000000004,-2.17,-2.5299999999999994,8.276,8.922999999999998,9.149,8.207777668193968,8.649653440279646,9.208743042890685,0.39999999999999947,0.48000000000000004,0.0,0.39999999999999947,0.09115033056415825,0.23845398217976924,0.38225543449067034,27.654471449520674,9.1025,9.36923076923077,8.776069599797076,9.505949851734032,-0.7298802519369563,-0.5874451695846976,-0.6416888222110513,-0.17638285945180998,5.371269951422623
000004.SZ,20250507,7.19,7.9,7.19,7.73,7.57,0.16,2.1136,291124.98,212008.744,-0.9800000000000004,-2.549999999999999,-2.219999999999999,8.080000000000002,8.668,9.038,8.048518445462646,8.482443723865165,9.067910372139192,0.71,0.5171428571428571,0.16000000000000014,0.0,0.09606816409528982,0.22142155488121432,0.4338699732590504,30.258669290138297,8.891666666666667,9.272307692307692,8.615135815212911,9.374398010864844,-0.7592621956519334,-0.6128048231273048,-0.6652034968992278,-0.18811739750541134,30.709506589696108
000004.SZ,20250508,7.5,7.82,7.37,7.49,7.73,-0.24,-3.1048,164066.32,124146.14,-1.25,-2.459999999999999,-2.33,7.83,8.422,8.9215,7.862345630308431,8.301999410435135,8.91763319384022,0.4500000000000002,0.5342857142857144,0.0,0.2400000000000002,0.08920615237419768,0.2227485866754133,0.40047909486486605,28.59586382497975,8.704166666666666,9.161923076923078,8.442037997487848,9.234812973023004,-0.7927749755351563,-0.6432398243572415,-0.6907177926264135,-0.20411436581748554,-0.4364402532548048
000004.SZ,20250509,7.57,7.86,7.56,7.73,7.49,0.24,3.2043,158549.2,122842.337,-0.6600000000000001,-1.7400000000000002,-1.1099999999999994,7.697999999999999,8.248000000000001,8.866,7.818230420205621,8.197999517628746,8.804525270617342,0.3700000000000001,0.49428571428571433,0.2400000000000002,0.0,0.09997714149032644,0.2068379733414552,0.4833597036134209,32.58546813938459,8.491666666666665,9.068076923076923,8.332493690182025,9.12334534539167,-0.7908516552096447,-0.6718976256764034,-0.7107445651430597,-0.16021418013317001,-0.0336273770265585
000004.SZ,20250512,7.8,8.12,7.8,8.12,7.73,0.39,5.0453,84868.01,67758.207,0.14999999999999947,-0.9800000000000004,-0.5400000000000009,7.728,8.150000000000002,8.839,7.918820280137081,8.183817787150792,8.739332387701404,0.3899999999999988,0.4735714285714286,0.3899999999999988,0.0,0.12069305995530304,0.19206383238849414,0.6284007689233911,38.59005601789632,8.339166666666667,8.99576923076923,8.299802353230945,9.04902346795525,-0.7492211147243051,-0.6949364809282473,-0.7184398750593088,-0.06156247932999248,-0.464721297868422
000004.SZ,20250513,8.46,8.53,8.19,8.53,8.12,0.41,5.0493,146448.32,123571.286,0.9599999999999991,-0.5200000000000014,-0.3500000000000014,7.92,8.098000000000003,8.8215,8.122546853424721,8.24676000766883,8.719395969825081,0.41000000000000014,0.4528571428571428,0.41000000000000014,0.0,0.1413578413870671,0.17834498721788744,0.7926089967102219,44.21538652125533,8.260833333333334,8.94923076923077,8.3352173758108,9.01057728514375,-0.6753599093329505,-0.7066628036363503,-0.7098238819140372,0.06892794516217338,0.7256009655463822
000004.SZ,20250514,8.76,8.95,8.32,8.48,8.53,-0.05,-0.5862,147589.51,127007.992,0.75,-0.23000000000000043,-0.6399999999999988,8.069999999999999,8.075,8.7895,8.241697902283148,8.28916727900177,8.696596353651264,0.629999999999999,0.4585714285714285,0.0,0.049999999999998934,0.13126085271656232,0.1691774881308954,0.7758765907140296,43.689780853638695,8.209166666666668,8.886923076923077,8.35749162568606,8.97127526402199,-0.6137836383359296,-0.710101482892965,-0.6906158331984157,0.1536643897249721,0.00779244172961494
000004.SZ,20250515,8.65,8.9,8.5,8.7,8.48,0.22,2.5943,138926.01,121867.836,1.209999999999999,-0.040000000000000924,-0.45000000000000107,8.312000000000001,8.071000000000002,8.767,8.394465268188766,8.363864137365084,8.696920510446382,0.41999999999999993,0.4214285714285714,0.21999999999999886,0.0,0.1375993632368078,0.1570933818358314,0.8759080849160431,46.69248413390386,8.180000000000001,8.838846153846152,8.41018522173436,8.951180800020362,-0.5409955782860028,-0.7019555752563633,-0.660691782215933,0.2393924078598606,-0.058699971291997645
000004.SZ,20250516,8.6,8.74,8.27,8.27,8.7,-0.43,-4.9425,164922.51,138152.481,0.5399999999999991,-0.120000000000001,-1.0600000000000005,8.419999999999998,8.059,8.714,8.352976845459178,8.346797930571432,8.656261414213393,0.47000000000000064,0.4257142857142857,0.0,0.4299999999999997,0.12777083729132152,0.17658671170470058,0.7235586192067949,41.980505399914186,8.143333333333333,8.77923076923077,8.388618264544457,8.900722962981817,-0.5121046984373603,-0.6849148908278043,-0.6309743654602185,0.23773933404571634,0.18712478678398667
000004.SZ,20250519,8.45,8.66,8.3,8.59,8.27,0.32,3.8694,104740.0,89232.454,0.47000000000000064,0.6200000000000001,-1.67,8.514,8.120999999999999,8.6305,8.431984563639453,8.391016488649353,8.649950803335926,0.39000000000000057,0.44000000000000006,0.3200000000000003,0.0,0.14150149177051285,0.16397337515436483,0.8629540718869945,46.32181141282267,8.130833333333333,8.769615384615385,8.419600069999156,8.877706447205385,-0.4581063772062297,-0.6547177936355014,-0.5964007678094208,0.2765887812063821,-0.36491386166751894
000004.SZ,20250520,8.7,9.02,8.66,9.02,8.59,0.43,5.0058,122338.6,109401.689,0.4900000000000002,1.4499999999999993,-0.7200000000000006,8.612,8.266,8.5945,8.627989709092969,8.505377127076743,8.6851935839706,0.4299999999999997,0.43857142857142856,0.4299999999999997,0.0,0.16210852807261908,0.15226099121476735,1.0646753760059369,51.566235950637676,8.183333333333332,8.78346153846154,8.511969289999286,8.888246710375357,-0.3762774203760717,-0.6121639297159612,-0.5523760983227509,0.35219735589335843,0.16802176818789388
000004.SZ,20250521,9.0,9.47,8.88,9.47,9.02,0.45,4.9889,125099.64,115551.466,0.9900000000000002,1.7400000000000002,-0.8099999999999987,8.809999999999999,8.44,8.554,8.90865980606198,8.68076310397188,8.759937052163876,0.5899999999999999,0.4685714285714285,0.45000000000000107,0.0,0.18267220463886066,0.14138520612799826,1.2920178117750496,56.37032160646468,8.308333333333332,8.806153846153846,8.659358629999396,8.93133954664385,-0.2719809166444538,-0.5542979231725498,-0.49629706198709156,0.44863229068527555,0.022568837635872845
000004.SZ,20250522,9.59,9.9,9.14,9.4,9.47,-0.07,-0.7392,132944.19,127525.676,0.7000000000000011,1.9100000000000001,-0.5499999999999989,8.95,8.631,8.526500000000002,9.072439870707987,8.811533448704266,8.820895428148269,0.7599999999999998,0.4885714285714285,0.0,0.07000000000000028,0.16962419002179918,0.13628626283314127,1.2446169298036618,55.44896829734458,8.460833333333333,8.816923076923077,8.773303456153336,8.966055135781342,-0.19275167962800666,-0.48784237033014555,-0.43558798551527456,0.4856726117745358,0.06270641546210687
000004.SZ,20250523,9.51,9.53,8.96,9.09,9.4,-0.31,-3.2979,101038.0,93137.14,0.8200000000000003,1.3599999999999994,-0.3800000000000008,9.113999999999999,8.767000000000001,8.5075,9.078293247138658,8.862163730758034,8.846524434991291,0.5699999999999985,0.49928571428571406,0.0,0.3100000000000005,0.1575081764488135,0.14869438691648834,1.0592745275400024,51.439208972560145,8.574166666666667,8.814615384615385,8.822026001360515,8.975236236834577,-0.15321023547406298,-0.4216189393023409,-0.3791124355070323,0.4518044000659386,-0.23999687387617316
000004.SZ,20250526,9.08,9.54,9.08,9.54,9.09,0.45,4.9505,75104.68,70462.516,0.9499999999999993,1.42,0.4399999999999995,9.304,8.909,8.5295,9.23219549809244,8.985406688802026,8.912569726896884,0.4599999999999991,0.5035714285714283,0.4499999999999993,0.0,0.1784004495596125,0.13807335927959632,1.2920700306737267,56.371315596056995,8.745,8.822692307692307,8.932483539612743,9.017070589661646,-0.08458705004890277,-0.35597751049300225,-0.3202073584154064,0.4712406167330072,-0.2566689760288209
000004.SZ,20250527,9.84,10.02,9.68,10.02,9.54,0.48,5.0314,84360.0,83525.284,1.0,1.4900000000000002,0.9699999999999989,9.504,9.058,8.578,9.494796998728294,9.173514563565293,9.018039276716227,0.4800000000000004,0.48714285714285693,0.4800000000000004,0.0,0.19994327459106878,0.12821097647391086,1.559486403504262,60.929661566833374,8.935833333333333,8.813461538461537,9.099793764287705,9.091361657094117,0.008432107193588223,-0.2868424276563892,-0.25447946529360743,0.5258231449743913,0.12323226728347698
000004.SZ,20250528,10.15,10.52,9.73,9.94,10.02,-0.08,-0.7984,135686.0,137804.449,0.46999999999999886,1.459999999999999,1.2299999999999986,9.597999999999999,9.203999999999999,8.6395,9.643197999152196,9.312875552007966,9.10584505988611,0.7899999999999991,0.5114285714285711,0.0,0.08000000000000007,0.18566161212027815,0.12476733529720295,1.4880626542036948,59.808086090177234,9.0875,8.821153846153846,9.229056262089596,9.154223756568626,0.07483250552096976,-0.21841708501117,-0.188617071130692,0.5268991533033236,0.60841631104789
000004.SZ,20250529,10.1,10.36,9.81,9.89,9.94,-0.05,-0.503,95801.0,96535.213,0.4900000000000002,1.1900000000000013,1.1500000000000004,9.696,9.323,8.697,9.725465332768131,9.4178072698247,9.1805264827541,0.5499999999999989,0.5242857142857139,0.0,0.049999999999998934,0.17240006839740116,0.11942681134740266,1.4435625170959618,59.07614423598033,9.200833333333334,8.806153846153846,9.330739914075812,9.208725700526506,0.1220142135493063,-0.1479594281237626,-0.12649081419469235,0.4970100554879973,-0.29395073920669784
000004.SZ,20250530,9.59,10.38,9.59,10.38,9.89,0.49,4.9545,121612.16,122877.439,1.290000000000001,2.110000000000001,1.9900000000000002,9.954,9.534,8.7965,9.943643555178754,9.592751402583843,9.294762055825139,0.7900000000000009,0.5528571428571426,0.4900000000000002,0.0,0.1950857777975868,0.11089632482258818,1.7591726155910468,63.757251200980456,9.359166666666665,8.822692307692307,9.492164542679532,9.295486759746764,0.1966777829327686,-0.07520563255276277,-0.06185709476920017,0.5170697554039375,0.26942474504441505
000004.SZ,20250603,10.25,10.7,10.13,10.26,10.38,-0.12,-1.1561,92582.16,96437.714,0.7200000000000006,1.67,2.29,10.098,9.701,8.910999999999998,10.049095703452505,9.714069329386781,9.386689479079887,0.5699999999999985,0.564285714285714,0.0,0.120000000000001,0.18115107938347344,0.11154658733526053,1.6239948142833995,61.89016858735312,9.489166666666668,8.853076923076923,9.61029307457499,9.366932184950707,0.2433608896242827,-0.006356931441612288,-0.0008134978905035978,0.48834877502957263,-0.2387096816634126
000004.SZ,20250604,10.18,10.4,10.0,10.12,10.26,-0.14,-1.3645,70462.16,71547.921,0.09999999999999964,1.0999999999999996,2.549999999999999,10.117999999999999,9.811000000000002,9.038499999999999,10.072730468968338,9.787874905861912,9.456528576310374,0.40000000000000036,0.5478571428571426,0.0,0.14000000000000057,0.1682117165703682,0.11357897395417053,1.4810110596547752,59.69385158084919,9.643333333333334,8.892307692307693,9.688709524640377,9.422714986065468,0.2659945385749083,0.05341811913831683,0.052548109402578785,0.426892858344659,-0.23892291992323358
000004.SZ,20250605,10.1,10.25,9.74,9.86,10.12,-0.26,-2.5692,72174.0,72090.766,-0.08000000000000007,0.3899999999999988,2.129999999999999,10.102,9.85,9.145,10.00182031264556,9.800988559341564,9.494954426185577,0.5099999999999998,0.554285714285714,0.0,0.2599999999999998,0.15619659395819904,0.12403761867172977,1.2592679191268514,55.737874577244725,9.749166666666667,8.923461538461538,9.715061905464934,9.455106468579137,0.2599554368857966,0.10371890986207274,0.09402957489922235,0.33185172397314844,0.02429445818862204
000004.SZ,20250606,9.86,10.02,9.75,9.89,9.86,0.03,0.3043,55555.3,54878.219,0.0,0.4900000000000002,2.4000000000000004,10.102,9.899000000000001,9.265,9.96454687509704,9.817172457643098,9.532577814167905,0.2699999999999996,0.5399999999999997,0.030000000000001137,0.0,0.14718255153261348,0.11517778876660621,1.2778726967129141,56.09939038985582,9.821666666666667,8.968846153846155,9.741975458470328,9.48732080423994,0.2546546542303876,0.14903723094034504,0.1261545907654554,0.25700012692986435,-0.2302588189652783
000004.SZ,20250609,9.9,10.15,9.74,9.96,9.89,0.07,0.7078,66381.0,65923.079,-0.41999999999999993,0.870000000000001,2.2300000000000004,10.017999999999999,9.985999999999999,9.3765,9.963031250064695,9.843141101707989,9.573284689009057,0.41000000000000014,0.541428571428571,0.07000000000000028,0.0,0.14166951213742682,0.10695080385470578,1.3246231634676342,56.98227498910823,9.862499999999999,9.01576923076923,9.775517695628741,9.522334077999945,0.25318361762879604,0.186567305126756,0.15156039613812355,0.20324644298134498,0.19486349637208325
000004.SZ,20250610,9.9,10.05,9.67,9.82,9.96,-0.14,-1.4056,95514.98,94073.959,-0.4399999999999995,0.28000000000000114,1.700000000000001,9.93,10.014,9.4615,9.915354166709797,9.838933628670171,9.596781385293909,0.3800000000000008,0.5378571428571426,0.0,0.14000000000000057,0.13155026127046776,0.10931146072222683,1.203444363484926,54.616507837828095,9.8975,9.070769230769232,9.782361127070473,9.544383405555504,0.23797772151496943,0.21207237338468726,0.16884386121349274,0.1382677206029534,0.4388903451288772
000004.SZ,20250611,9.83,10.11,9.81,10.1,9.82,0.28,2.8513,63842.0,63828.953,-0.019999999999999574,0.08000000000000007,1.5700000000000003,9.926,10.022,9.539999999999997,9.976902777806531,9.88640024163923,9.64470696764687,0.29999999999999893,0.5171428571428568,0.27999999999999936,0.0,0.14215381403686286,0.10150349924206778,1.400481905533634,58.341698069259266,9.981666666666664,9.152692307692307,9.831228645982709,9.585540190329171,0.24568845565353747,0.23105636784386144,0.18421278010150172,0.12295135110407152,-0.33160222616389595
000004.SZ,20250612,10.1,10.19,9.72,9.8,10.1,-0.3,-2.9703,76712.0,76138.733,-0.05999999999999872,-0.1399999999999988,1.3200000000000003,9.914000000000001,10.008,9.606,9.917935185204355,9.870691106795732,9.659496780251931,0.46999999999999886,0.496428571428571,0.0,0.29999999999999893,0.13199997017708695,0.11568182072477715,1.141060620848395,53.29417624785653,10.003333333333332,9.23846153846154,9.826424238908446,9.60142610215664,0.2249981367518057,0.2424990259774725,0.19236985143156252,0.06525657064048634,0.20159142883994863
000004.SZ,20250613,9.75,9.8,9.31,9.31,9.8,-0.49,-5.0,81257.51,76674.764,-0.5800000000000001,-0.5800000000000001,0.6100000000000012,9.798000000000002,9.95,9.6365,9.715290123469572,9.768747269196508,9.626211372608891,0.4900000000000002,0.4907142857142854,0.0,0.4900000000000002,0.1225714008787236,0.14241883353015022,0.8606403931315384,46.25506338078812,9.944166666666666,9.299230769230771,9.746974355999454,9.579838983478371,0.16713537252108246,0.2392165359317296,0.18732295564946652,-0.040375166256768125,0.0592542235895296
000004.SZ,20250616,9.2,9.55,9.2,9.5,9.31,0.19,2.0408,45318.0,42746.989,-0.46000000000000085,-0.8800000000000008,1.2300000000000004,9.706,9.862,9.698,9.643526748979715,9.719884129342597,9.614191241884235,0.3500000000000014,0.4828571428571427,0.1899999999999995,0.0,0.12738772938738616,0.13224605970656805,0.9632629484011719,49.064387894939244,9.9075,9.376538461538463,9.708978301230307,9.573924984702197,0.1350533165281096,0.2271823611432659,0.17686902782519515,-0.08363142259417111,-0.4422915494210935
000004.SZ,20250617,9.44,9.62,9.33,9.42,9.5,-0.08,-0.8421,35213.0,33354.311,-0.40000000000000036,-0.8399999999999999,0.8300000000000001,9.626000000000001,9.778,9.7395,9.569017832653143,9.665359742189397,9.595696837895261,0.28999999999999915,0.46928571428571403,0.0,0.08000000000000007,0.1182886058597157,0.12851419829895605,0.9204321967954617,47.92838811655758,9.868333333333334,9.44153846153846,9.66452010104103,9.562523133983516,0.10199696705751293,0.2089604087524442,0.16189461567165872,-0.11979529722829158,-0.22297983141356637
000004.SZ,20250618,9.4,9.41,9.08,9.2,9.42,-0.22,-2.3355,47911.01,44159.042,-0.9000000000000004,-0.9199999999999999,0.17999999999999972,9.446000000000002,9.686000000000002,9.748499999999998,9.446011888435429,9.580748879973141,9.558011424762379,0.33999999999999986,0.43714285714285694,0.0,0.22000000000000064,0.10983941972687887,0.13504889842045922,0.8133307343604275,44.85286213644275,9.770000000000001,9.483076923076922,9.59305547011164,9.535669568503257,0.05738590160838264,0.18645268261050932,0.1409928728590035,-0.16721394250124172,0.3606057421974839
000004.SZ,20250619,9.18,9.3,8.85,8.9,9.2,-0.3,-3.2609,47222.0,42736.638,-0.9000000000000004,-0.9599999999999991,-0.5700000000000003,9.266000000000002,9.590000000000002,9.719999999999999,9.26400792562362,9.456976356341661,9.495343670023106,0.45000000000000107,0.43,0.0,0.29999999999999893,0.10199374688924466,0.1468311199618549,0.6946330377085015,40.99017440659547,9.656666666666668,9.497307692307691,9.486431551632926,9.488582933799313,-0.0021513821663869948,0.15791867856642325,0.11236402185392541,-0.2290308080406248,-0.014381036843097276
000004.SZ,20250620,8.92,8.97,8.52,8.57,8.9,-0.33,-3.7079,41510.0,35937.122,-0.7400000000000002,-1.3200000000000003,-0.8300000000000001,9.118,9.458000000000002,9.678499999999998,9.032671950415747,9.295707927915904,9.407215701449477,0.45000000000000107,0.4057142857142857,0.0,0.33000000000000007,0.09470847925429861,0.15991461139315102,0.5922440634361875,37.19555795724422,9.527500000000002,9.500769230769231,9.345442082150939,9.420539753517883,-0.07509767136694379,0.12144297978911883,0.07487168320975157,-0.2999387091533907,-0.12096056922620813
000004.SZ,20250623,8.55,8.84,8.4,8.75,8.57,0.18,2.1004,38950.07,33507.716,-0.75,-1.2100000000000009,-0.33999999999999986,8.968,9.337,9.6615,8.938447966943832,9.196488304658468,9.34462372988286,0.4399999999999995,0.39642857142857146,0.17999999999999972,0.0,0.1008007307361344,0.1484921391507831,0.6788287333767782,40.434662564500506,9.435000000000002,9.502692307692307,9.25383560797387,9.370870142146188,-0.11703453417231735,0.08199717360164252,0.03649043973333779,-0.3070499478113103,-0.06167019995181885
000004.SZ,20250624,8.8,9.15,8.75,8.97,8.75,0.22,2.5143,36141.0,32442.681,-0.4499999999999993,-0.8499999999999996,-0.5699999999999985,8.878,9.251999999999999,9.633,8.94896531129589,9.155308612902383,9.308945279417825,0.40000000000000036,0.39642857142857146,0.22000000000000064,0.0,0.10931496425498198,0.13788555778287,0.7927948801361889,44.22117047076599,9.358333333333334,9.529615384615385,9.210168591362507,9.341176057542768,-0.13100746618026093,0.040142071175664915,0.0029908585506180467,-0.26799664946175794,-0.0721197676923302
000004.SZ,20250625,9.05,9.05,8.72,8.8,8.97,-0.17,-1.8952,33948.0,29956.963,-0.3999999999999986,-1.299999999999999,-1.2199999999999989,8.797999999999998,9.122,9.572,8.899310207530593,9.09070704692013,9.260474300425653,0.33000000000000007,0.3835714285714286,0.0,0.16999999999999993,0.10150675252248327,0.140179446512665,0.7241200835624093,41.99939960482444,9.261666666666667,9.537692307692309,9.14706573115289,9.30108894216923,-0.1540232110163391,-0.0019714119096845037,-0.028411955362773383,-0.2512225113071314,-0.06067900722171495
000004.SZ,20250626,8.78,8.87,8.72,8.75,8.8,-0.05,-0.5682,26803.0,23581.187,-0.15000000000000036,-1.0500000000000007,-1.1899999999999995,8.768,9.017,9.512500000000001,8.84954013835373,9.02876031111647,9.211857700385115,0.14999999999999858,0.375,0.0,0.05000000000000071,0.09425627019944875,0.1337380574760461,0.7047827071686834,41.34149790498474,9.1725,9.527307692307692,9.085978695590908,9.260267539045584,-0.17428884345467566,-0.03990743590699096,-0.057587332981153844,-0.23340302094704363,-0.21046895251561212
000004.SZ,20250627,8.76,8.81,8.65,8.67,8.75,-0.08,-0.9143,35567.0,31000.105,0.09999999999999964,-0.6400000000000006,-1.2200000000000006,8.788,8.953000000000001,9.4515,8.789693425569153,8.963531163640747,9.160252205110343,0.16000000000000014,0.35714285714285715,0.0,0.08000000000000007,0.08752367947091669,0.12989962479918568,0.6737793092645281,40.25496703986573,9.053333333333333,9.496538461538462,9.021981973192307,9.2165440176348,-0.1945620444424918,-0.07653136490372445,-0.08498227527342145,-0.21915953833814072,0.3269783233220162
000004.SZ,20250630,8.63,8.92,8.63,8.85,8.67,0.18,2.0761,46367.01,40792.775,0.09999999999999964,-0.6500000000000004,-1.5300000000000011,8.808000000000002,8.887999999999998,9.375,8.809795617046102,8.942889133887883,9.130704376052215,0.28999999999999915,0.3507142857142856,0.17999999999999972,0.0,0.09412913093727977,0.12062108017067241,0.7803704858561378,43.83191543870579,8.974166666666667,9.475384615384614,8.995523208085798,9.18939260892111,-0.1938694008353128,-0.10940540578070508,-0.10675970038579971,-0.17421940089902616,0.3036525430876937
000004.SZ,20250701,8.85,9.03,8.8,9.01,8.85,0.16,1.8079,39310.0,34957.731,0.03999999999999915,-0.41000000000000014,-1.25,8.815999999999999,8.847000000000001,9.312499999999998,8.876530411364069,8.95509110954463,9.1192087211901,0.22999999999999865,0.3457142857142856,0.16000000000000014,0.0,0.09883419301318838,0.1120052887299101,0.8824064839609267,46.87651107661839,8.949166666666668,9.472307692307693,8.99775040684183,9.176104267519548,-0.17835386067771886,-0.13559871270138302,-0.12107853244418355,-0.1145506564670706,-0.1521989448963822
000004.SZ,20250702,9.03,9.05,8.82,8.9,9.01,-0.11,-1.2209,37198.0,33221.282,0.09999999999999964,-0.29999999999999893,-1.2199999999999989,8.836,8.817,9.2515,8.884353607576045,8.94507454417288,9.098331700124376,0.23000000000000043,0.32857142857142857,0.0,0.10999999999999943,0.09177460779796064,0.11186205382063076,0.8204266296157939,45.06782180993184,8.899166666666666,9.447692307692307,8.982711882712318,9.155652099555137,-0.1729402168428198,-0.15457524988765334,-0.1314508693239108,-0.08297869503781796,-0.053726787077079625
000004.SZ,20250703,8.91,9.07,8.86,8.95,8.9,0.05,0.5618,30669.0,27579.23,0.1999999999999993,0.049999999999998934,-0.9100000000000001,8.876,8.822000000000001,9.206,8.90623573838403,8.945970081595991,9.084204871541102,0.21000000000000085,0.3085714285714286,0.049999999999998934,0.0,0.08879070724096337,0.10387190711915714,0.8548096372112115,46.08611148346499,8.860000000000001,9.406538461538462,8.977679285371961,9.140418610699202,-0.1627393253272409,-0.16431321143879746,-0.13770856052457683,-0.050061529605328114,-0.17552018925748697
000004.SZ,20250704,8.89,8.99,8.75,8.77,8.95,-0.18,-2.0112,33794.0,29876.315,0.09999999999999964,0.1999999999999993,-1.120000000000001,8.895999999999997,8.841999999999999,9.15,8.860823825589353,8.91397552130581,9.054280598060997,0.2400000000000002,0.30071428571428566,0.0,0.17999999999999972,0.08244851386660886,0.10930962803921732,0.7542657984073331,42.99609552281745,8.824166666666667,9.361538461538462,8.945728626083966,9.112980195091854,-0.16725156900788818,-0.1698928819760831,-0.1436171622212391,-0.04726881357329815,0.10189442107665721
000004.SZ,20250707,8.8,9.21,8.8,9.21,8.77,0.44,5.0171,84229.0,76954.004,0.3600000000000012,0.46000000000000085,-0.75,8.968,8.888,9.1125,8.977215883726236,8.967798153795663,9.069111017293283,0.4400000000000013,0.3114285714285715,0.4400000000000013,0.0,0.10798790573327975,0.10150179746498751,1.0639014128841373,51.548073286960935,8.850000000000001,9.335384615384616,8.986385760532587,9.120166847307273,-0.13378108677468603,-0.17020106204213034,-0.1416499471319285,0.015737720714484926,1.4924246907735101
000004.SZ,20250708,9.22,9.44,9.1,9.35,9.21,0.14,1.5201,81834.0,75575.135,0.33999999999999986,0.379999999999999,-0.47000000000000064,9.036,8.925999999999998,9.089,9.10147725581749,9.037289398560088,9.095862348979637,0.33999999999999986,0.3114285714285715,0.1399999999999988,0.0,0.11027448389518825,0.09425166907463126,1.1700003297328312,53.917057693575586,8.915,9.295769230769231,9.042326412758342,9.137191525284512,-0.09486511252617014,-0.16362793998766711,-0.13229298021077684,0.07485573536921342,-0.028434387206306616
000004.SZ,20250709,9.4,9.4,9.16,9.19,9.35,-0.16,-1.7112,38031.65,35076.916,0.28999999999999915,0.3899999999999988,-0.9100000000000001,9.094,8.965,9.0435,9.130984837211662,9.065054962458252,9.104827839553003,0.2400000000000002,0.29642857142857143,0.0,0.16000000000000014,0.10239773504553194,0.09894797842644332,1.0348643466390082,50.856674959600966,8.951666666666666,9.254615384615384,9.065045426180136,9.141103264152326,-0.0760578379721899,-0.1527133838229465,-0.12104595176305946,0.08997622758173912,-0.5352585722315908
000004.SZ,20250710,9.24,9.3,9.11,9.2,9.19,0.01,0.1088,34114.0,31379.49,0.25,0.4499999999999993,-0.6000000000000014,9.144,9.010000000000002,9.013499999999999,9.153989891474442,9.089590423829478,9.11389185483367,0.19000000000000128,0.2778571428571429,0.009999999999999787,0.0,0.09579789682799393,0.09188026568169737,1.0426384394649935,51.043709905805976,8.970833333333333,9.21923076923077,9.085807668306268,9.14546598532623,-0.05965831701996116,-0.13772408077599863,-0.10876842481443981,0.0982202155889573,-0.10301025593157281
000004.SZ,20250711,9.17,9.19,9.03,9.11,9.2,-0.09,-0.9783,35795.0,32616.071,0.33999999999999986,0.4399999999999995,-0.20000000000000107,9.212,9.053999999999998,9.003499999999999,9.139326594316294,9.093301255860482,9.113521201992368,0.16999999999999993,0.2585714285714286,0.0,0.08999999999999986,0.08895518991170866,0.09174596099014755,0.9695815374505851,49.22779377316898,8.996666666666666,9.190384615384614,9.089529565489919,9.142838875302063,-0.053309309812144434,-0.12210629288453549,-0.09767660181398075,0.08873458400367262,0.04927595708506771
000004.SZ,20250714,9.04,9.1,8.78,8.86,9.11,-0.25,-2.7442,48202.0,42845.164,-0.3500000000000014,0.009999999999999787,-0.6400000000000006,9.142,9.055,8.9715,9.046217729544196,9.05088284570403,9.089376325612143,0.33000000000000007,0.2535714285714286,0.0,0.25,0.08260124777515805,0.10304982091942272,0.8015661457553243,44.49274025513284,9.005833333333333,9.150769230769232,9.054217324645316,9.121887847501911,-0.06767052285659503,-0.10980814423774395,-0.09167538602250361,0.04800972633181716,0.3466126553987987
000004.SZ,20250715,8.8,8.93,8.56,8.72,8.86,-0.14,-1.5801,41622.0,36326.164,-0.629999999999999,-0.28999999999999915,-0.6999999999999993,9.016,9.026,8.936499999999999,8.937478486362798,8.990722328303296,9.054197627934796,0.3699999999999992,0.2564285714285714,0.0,0.1399999999999988,0.07670115864836105,0.10568911942517814,0.7257242662775811,42.0533152635665,9.01,9.103076923076925,9.002799274699884,9.092118377316584,-0.08931910261670062,-0.10051690932373071,-0.09120412934134302,0.0037700534492847992,-0.136508858553587
000004.SZ,20250716,8.78,8.94,8.7,8.83,8.72,0.11,1.2615,38114.0,33529.226,-0.35999999999999943,-0.07000000000000028,-0.3699999999999992,8.943999999999999,9.019,8.918000000000001,8.901652324241866,8.961500086793606,9.032845472893387,0.2400000000000002,0.26285714285714296,0.10999999999999943,0.0,0.07907964731633522,0.09813989660909399,0.8057849055142313,44.62241893005351,9.008333333333333,9.065,8.976214770899901,9.07270220121906,-0.09648743031915963,-0.09315558765616612,-0.09226078953690635,-0.00845328156450656,-0.08428235067992888
000004.SZ,20250717,8.86,8.86,8.65,8.86,8.83,0.03,0.3398,28223.0,24819.811,-0.33999999999999986,-0.08999999999999986,-0.040000000000000924,8.876,9.01,8.916000000000002,8.887768216161245,8.943045525558404,9.016383999284493,0.20999999999999908,0.26642857142857146,0.02999999999999936,0.0,0.07557395822231124,0.0911299039941587,0.8292992191361841,45.33425753758254,8.995833333333332,9.017307692307693,8.95833557537684,9.056946482610241,-0.09861090723340205,-0.085528847459001,-0.09353081307620549,-0.01016018831439311,-0.2595109408616256
000004.SZ,20250718,8.83,8.97,8.81,8.83,8.86,-0.03,-0.3386,25612.0,22719.384,-0.27999999999999936,0.0600000000000005,0.2599999999999998,8.819999999999999,9.016,8.929,8.868512144107498,8.922491793638693,8.998633142209778,0.16000000000000014,0.25714285714285723,0.0,0.02999999999999936,0.070175818349289,0.08676348228029017,0.8088174483659545,44.71526129387032,8.99,8.980000000000002,8.938591640703478,9.040135632046521,-0.1015439913430427,-0.08194694796659618,-0.09513344872957294,-0.012821085226939533,-0.09251319845516068
000004.SZ,20250721,8.78,8.87,8.76,8.81,8.83,-0.02,-0.2265,32878.0,28971.665,-0.049999999999998934,-0.40000000000000036,0.0600000000000005,8.81,8.975999999999999,8.932,8.849008096071666,8.90203874024984,8.980668081046943,0.10999999999999943,0.24857142857142872,0.0,0.019999999999999574,0.06516325989576836,0.08199466211741227,0.7947256347304392,44.28117698613047,8.978333333333333,8.960769230769232,8.918808311364481,9.023088548191224,-0.10428023682674237,-0.08299307288888198,-0.09696280634900684,-0.014634860955471063,0.2836951429017648
000004.SZ,20250722,8.81,8.81,8.63,8.64,8.81,-0.17,-1.9296,35166.01,30526.138,-0.08000000000000007,-0.7099999999999991,-0.33000000000000007,8.794,8.905,8.915500000000003,8.779338730714445,8.854395332931686,8.948223501899614,0.17999999999999972,0.2450000000000001,0.0,0.16999999999999993,0.06050874133178491,0.08828075768045425,0.6854125737208281,40.667346643063546,8.9675,8.927692307692308,8.875914725000715,8.994711618695577,-0.1187968936948618,-0.08774185685806775,-0.10132962381817784,-0.03493453975336791,0.06959091185595237
000004.SZ,20250723,8.64,8.64,8.56,8.57,8.64,-0.07,-0.8102,25799.72,22158.314,-0.2599999999999998,-0.6199999999999992,-0.23000000000000043,8.742,8.843,8.904,8.70955915380963,8.80268709058047,8.912202216004413,0.08000000000000007,0.23571428571428577,0.0,0.07000000000000028,0.05618668837951456,0.08697498927470755,0.6460097189785308,39.24701728853867,8.914166666666667,8.895,8.828850921154451,8.963251498792202,-0.13440057763775037,-0.09604655248226655,-0.10794381458209235,-0.052913526111316056,-0.26634497345590247
000004.SZ,20250724,8.55,8.65,8.52,8.61,8.57,0.04,0.4667,20144.0,17323.216,-0.25,-0.5899999999999999,-0.14000000000000057,8.692,8.783999999999999,8.897,8.67637276920642,8.767653074111294,8.883421052575422,0.13000000000000078,0.22785714285714295,0.03999999999999915,0.0,0.05503049635240631,0.08076249004079987,0.6813868210923886,40.52528618308635,8.852500000000001,8.872307692307693,8.795181548669152,8.937084721103892,-0.1419031724347395,-0.10589031499588823,-0.11473568615262178,-0.05433497256423542,-0.2192163325803536
000004.SZ,20250725,8.7,8.89,8.69,8.73,8.61,0.12,1.3937,43133.0,37894.638,-0.09999999999999964,-0.379999999999999,0.0600000000000005,8.672,8.746,8.899999999999999,8.69424851280428,8.760807060636512,8.868809523758715,0.28000000000000114,0.2164285714285715,0.120000000000001,0.0,0.05967117518437736,0.07499374075217131,0.7956820740756245,44.31085466424914,8.814166666666667,8.86576923076923,8.785153618104667,8.921745112133234,-0.13659149402856663,-0.11354820068166285,-0.11910684772781074,-0.03496929260151177,1.1412331215250198
000004.SZ,20250728,8.74,8.85,8.69,8.83,8.73,0.1,1.1455,31864.29,27928.526,0.019999999999999574,-0.02999999999999936,-0.019999999999999574,8.675999999999998,8.743,8.899000000000001,8.739499008536189,8.773387595066236,8.865113378638837,0.16000000000000014,0.20357142857142868,0.09999999999999964,0.0,0.06255180552835038,0.06963704498415908,0.8982547370092967,47.32003136862961,8.783333333333333,8.87576923076923,8.79205306147318,8.914949177901143,-0.12289611642796316,-0.11727897999402535,-0.11986470146784123,-0.006062829920243873,-0.26125495560243894
000004.SZ,20250729,8.81,8.83,8.73,8.8,8.83,-0.03,-0.3398,19814.0,17375.522,0.16000000000000014,0.08000000000000007,-0.20999999999999908,8.708000000000002,8.751,8.888499999999999,8.759666005690793,8.778226214145102,8.858912104482759,0.09999999999999964,0.19357142857142864,0.0,0.02999999999999936,0.058083819419182496,0.06680582748529053,0.8694424065321478,46.50811405016646,8.7575,8.877692307692309,8.793275667400383,8.906434423982539,-0.11315875658215546,-0.11913134957880267,-0.11852351249070409,0.010729511817097248,-0.37817538065338974
000004.SZ,20250730,8.78,9.07,8.75,8.82,8.8,0.02,0.2273,34411.38,30589.657,0.25,-0.009999999999999787,-0.08000000000000007,8.758,8.75,8.884500000000001,8.779777337127197,8.7858214479369,8.855206189770115,0.3200000000000003,0.20285714285714285,0.019999999999999574,0.0,0.05536354660352657,0.06203398266491263,0.8924712588998583,47.159038992152226,8.754166666666668,8.871923076923077,8.79738710318494,8.900031874057905,-0.1026447708729652,-0.11957955664986525,-0.11534776416715631,0.025405986588382223,0.7367205006561016
000004.SZ,20250731,8.82,8.89,8.63,8.78,8.82,-0.04,-0.4535,32358.51,28344.937,0.16999999999999993,-0.08000000000000007,-0.16999999999999993,8.792000000000002,8.741999999999999,8.876000000000001,8.779851558084799,8.784763002857463,8.848043695506295,0.2599999999999998,0.20928571428571427,0.0,0.040000000000000924,0.05140900756041753,0.06046012676027608,0.8502960598189586,45.95459495828767,8.759166666666665,8.871153846153845,8.794712164233411,8.89114062412769,-0.09642845989427862,-0.11901116426666923,-0.11156390331258077,0.03027088683660431,-0.059656718213567696
000004.SZ,20250801,8.71,8.89,8.65,8.87,8.78,0.09,1.0251,28744.0,25242.233,0.1399999999999988,0.03999999999999915,0.09999999999999964,8.82,8.746,8.881,8.809901038723199,8.80026063870156,8.850134772124743,0.2400000000000002,0.20285714285714285,0.08999999999999986,0.0,0.0541655070203877,0.056141546277399215,0.9648025501961102,49.104300587344596,8.762500000000001,8.875769230769231,8.8062949081975,8.889574651970083,-0.0832797437725823,-0.11667777614954034,-0.10590707140458108,0.04525465526399758,-0.11170199122271077
000004.SZ,20250804,8.87,8.94,8.79,8.93,8.87,0.06,0.6764,27852.0,24774.669,0.09999999999999964,0.11999999999999922,-0.28000000000000114,8.84,8.758000000000001,8.867,8.849934025815466,8.823849613483095,8.857740984303339,0.15000000000000036,0.18714285714285722,0.0600000000000005,0.0,0.05458225651893147,0.05213143582901356,1.047012338159194,51.148315945214826,8.768333333333333,8.885769230769231,8.8253264607825,8.892569122194521,-0.06724266141202051,-0.11094952811811352,-0.09817418940606897,0.06186305598809691,-0.031032563317561927
000004.SZ,20250805,8.94,9.26,8.89,9.15,8.93,0.22,2.4636,51832.1,47251.329,0.34999999999999964,0.5099999999999998,-0.1999999999999993,8.91,8.809000000000001,8.857000000000003,8.949956017210312,8.883149683758894,8.88557517627445,0.3699999999999992,0.19642857142857142,0.22000000000000064,0.0,0.06639780962472212,0.04840776184122688,1.3716356034493185,57.83500641727611,8.795000000000002,8.897307692307693,8.875276236046732,8.911638076106037,-0.036361840059305095,-0.10005633505384183,-0.0858117195367162,0.0988997589548222,0.8609830532816314
000004.SZ,20250806,9.12,9.16,8.97,9.08,9.15,-0.07,-0.765,32916.09,29811.629,0.2599999999999998,0.5099999999999998,-0.10999999999999943,8.962,8.860000000000001,8.851500000000001,8.99330401147354,8.918940650348185,8.904091826153074,0.1899999999999995,0.19500000000000003,0.0,0.07000000000000028,0.06165510893724197,0.049950064566853546,1.2343349197221218,55.243952409589184,8.8175,8.9,8.90677219973185,8.924109329727811,-0.017337129995960154,-0.08621566367175523,-0.07211680162856499,0.10955934326520966,-0.3649477833234618
000004.SZ,20250807,9.09,9.17,9.0,9.02,9.08,-0.06,-0.6608,30273.0,27483.518,0.2400000000000002,0.41000000000000014,-0.17999999999999972,9.01,8.901,8.842500000000001,9.002202674315694,8.937315077557606,8.915130699852782,0.16999999999999993,0.19571428571428573,0.0,0.0600000000000005,0.05725117258458183,0.050667917097792614,1.1299294674790572,53.05008849971073,8.849166666666667,8.904615384615386,8.924191861311566,8.931212342340565,-0.00702048102899866,-0.07181888444958101,-0.059097537508651724,0.10415411295930613,-0.08029781179963953
000004.SZ,20250808,9.06,9.11,8.87,8.94,9.02,-0.08,-0.8869,38863.57,34829.091,0.07000000000000028,0.20999999999999908,-0.16999999999999993,9.023999999999997,8.922,8.834000000000001,8.981468449543796,8.937803245274404,8.917499204628706,0.2400000000000002,0.20500000000000007,0.0,0.08000000000000007,0.05316180311425456,0.05276306587652172,1.007557127909625,50.188217007739496,8.88,8.90423076923077,8.926623882648249,8.931863279944968,-0.005239397296719517,-0.058745915657220614,-0.048325909466265284,0.08617302433909153,0.283770026095861
000004.SZ,20250811,8.97,9.01,8.9,8.94,8.94,0.0,0.0,28406.0,25412.816,0.009999999999999787,0.10999999999999943,0.08000000000000007,9.026,8.932999999999998,8.838,8.967645633029196,8.938202655224512,8.91964213752121,0.10999999999999943,0.20000000000000004,0.0,-0.0,0.049364531463236376,0.04899427545677017,1.007557127909625,50.188217007739496,8.907499999999999,8.910769230769231,8.92868174685621,8.932465999949045,-0.0037842530928351437,-0.04659319304729613,-0.039417578191579254,0.07126665019748822,-0.2690841320033131
000004.SZ,20250812,8.96,9.14,8.91,9.14,8.94,0.2,2.2371,43509.01,39423.248,-0.009999999999999787,0.33999999999999986,0.41999999999999993,9.024,8.967,8.859,9.025097088686131,8.974893081547327,8.94062860061443,0.23000000000000043,0.2107142857142858,0.20000000000000107,0.0,0.060124207787290995,0.045494684352715156,1.3215655552449774,56.925618673969446,8.941666666666666,8.908076923076923,8.96119224733987,8.947838888841709,0.013353358498161327,-0.03370451200605985,-0.028863390853631137,0.08443349870358494,0.5316837991973528
000004.SZ,20250813,9.15,9.21,9.03,9.04,9.14,-0.1,-1.0941,32551.01,29561.448,-0.040000000000000924,0.21999999999999886,0.20999999999999908,9.016,8.989,8.869499999999999,9.030064725790755,8.986730703084177,8.950092543413055,0.1800000000000015,0.2142857142857144,0.0,0.10000000000000142,0.05582962151677021,0.049387921184664174,1.130430683810727,53.06113418291142,8.959166666666667,8.896153846153846,8.97331651697989,8.954665637816396,0.01865087916349495,-0.020917918777418346,-0.019360536850205924,0.07602283202740175,-0.2518558799660117
000004.SZ,20250814,9.04,9.06,8.78,8.78,9.04,-0.26,-2.8761,37607.01,33481.207,-0.2400000000000002,0.0,-0.08000000000000007,8.968,8.988999999999999,8.8655,8.946709817193836,8.949143302523417,8.933893253564191,0.28000000000000114,0.2142857142857144,0.0,0.2599999999999998,0.05184179140842948,0.06443164110004529,0.8046014430694525,44.58610216452577,8.957500000000001,8.880384615384616,8.9435755143676,8.941727442422588,0.0018480719450124639,-0.011459272586574483,-0.015118815091162247,0.03393377407234942,0.15532544151471808
000004.SZ,20250815,8.78,9.22,8.78,9.22,8.78,0.44,5.0114,49367.73,44816.176,0.28000000000000114,0.3500000000000014,0.39000000000000057,9.024,9.024000000000001,8.884999999999998,9.037806544795892,8.998389974791886,8.961141515129507,0.4400000000000013,0.23428571428571449,0.4400000000000013,0.0,0.0795673777363989,0.059829381021470625,1.3299047454267496,57.07979040933546,8.990833333333335,8.881153846153847,8.986102358311046,8.96234022446536,0.02376213384568615,-0.00134762866905152,-0.007342625303792568,0.062209518298957434,0.31272680279554266
000004.SZ,20250818,9.32,9.63,9.25,9.41,9.22,0.19,2.0607,90541.01,85645.456,0.47000000000000064,0.4800000000000004,0.5999999999999996,9.118,9.072,8.915000000000001,9.161871029863928,9.07322816119336,9.00388994226003,0.41000000000000014,0.25642857142857167,0.1899999999999995,0.0,0.08745542218379894,0.0555558538056513,1.5741891482712256,61.15281580331499,9.043333333333331,8.892692307692307,9.051317380109346,8.995500207838296,0.0558171722710501,0.008894483812099056,0.005289334211175965,0.10105567611974826,0.8340120155413261
000004.SZ,20250819,9.57,9.65,9.41,9.6,9.41,0.19,2.0191,47863.0,45568.071,0.4599999999999991,0.4499999999999993,0.9599999999999991,9.21,9.116999999999999,8.963,9.307914019909285,9.169004859158203,9.060662328711455,0.2400000000000002,0.25071428571428594,0.1899999999999995,0.0,0.09478003488495612,0.05158757853381906,1.8372646590268151,64.75478602891415,9.104166666666666,8.921153846153846,9.135730090861754,9.040277970220643,0.0954521206411112,0.02142662277177365,0.023321891497163013,0.14426045828789635,-0.47136662160053217
000004.SZ,20250820,9.55,9.68,9.43,9.68,9.6,0.08,0.8333,41660.91,39967.648,0.6400000000000006,0.5999999999999996,1.1099999999999994,9.338,9.177000000000001,9.0185,9.431942679939525,9.261913066583984,9.119646868834174,0.25,0.2500000000000003,0.08000000000000007,0.0,0.09372431810745926,0.04790275149568913,1.9565539594504027,66.17683919471264,9.166666666666666,8.958076923076923,9.21946392303687,9.087664787241337,0.13179913579553215,0.036851024641165964,0.04501734035683684,0.17356359087739062,-0.12958005139669465
000004.SZ,20250821,9.75,10.16,9.75,10.16,9.68,0.48,4.9587,56683.09,57241.364,1.3800000000000008,1.1400000000000006,1.5500000000000007,9.614,9.291,9.096,9.674628453293018,9.42520159993235,9.218728119421396,0.4800000000000004,0.2671428571428574,0.4800000000000004,0.0,0.12131543824264078,0.044481126388854195,2.72734636218743,73.17126172805845,9.250833333333333,9.00923076923077,9.364161781031198,9.167097025223459,0.1970647558077392,0.05932926387499471,0.07542682344701732,0.24327586472144375,0.3605821380281898
000004.SZ,20250822,10.28,10.35,9.89,10.19,10.16,0.03,0.2953,87665.1,88293.654,0.9699999999999989,1.25,1.459999999999999,9.807999999999998,9.416,9.169,9.846418968862011,9.564255854490105,9.311230203286025,0.4599999999999991,0.2892857142857145,0.02999999999999936,0.0,0.11479290693959497,0.04130390307536461,2.7792266200639593,73.53955979535633,9.343333333333334,9.060384615384615,9.491213814718707,9.242867615947647,0.2483461987710598,0.08734375852653858,0.11001069851182582,0.27667100051846794,0.5465829403442898
000004.SZ,20250825,10.64,10.69,10.13,10.24,10.19,0.05,0.4907,114128.76,119788.217,0.8300000000000001,1.3000000000000007,1.4100000000000001,9.974,9.546,9.2395,9.977612645908007,9.687118426400994,9.399684469639737,0.5599999999999987,0.302857142857143,0.05000000000000071,0.0,0.11016484215819537,0.03835362428426714,2.8723450316372205,74.17585489335382,9.444999999999999,9.114615384615385,9.606411689377367,9.3167292740256,0.2896824153517681,0.11804698706582822,0.14594504187981427,0.2874747469439076,0.30187223878145336
000004.SZ,20250826,10.14,10.75,10.14,10.75,10.24,0.51,4.9805,87842.02,93534.874,1.1500000000000004,1.6099999999999994,1.9499999999999993,10.204,9.707,9.337,10.235075097272006,9.880369621600813,9.528285948721667,0.6099999999999994,0.332857142857143,0.5099999999999998,0.0,0.13872449628975284,0.03561407969253377,3.8952149679958006,79.57188792447619,9.595833333333333,9.18923076923077,9.782348352550079,9.422897475949629,0.35945087660044983,0.1559136534477121,0.1886462088239414,0.34160933555301687,-0.23032529224009787
000004.SZ,20250827,11.29,11.29,11.29,11.29,10.75,0.54,5.0233,25234.7,28489.976,1.6099999999999994,2.25,2.469999999999999,10.526,9.931999999999999,9.4605,10.58671673151467,10.136666054037029,9.696068239319603,0.5399999999999991,0.3592857142857144,0.5399999999999991,0.0,0.16738703226905613,0.03307021685735279,5.061564397689745,83.50260866021432,9.791666666666666,9.291153846153845,10.014294759850067,9.561201366620027,0.4530933932300396,0.20605202247938179,0.24153564570516106,0.4231154950497571,-0.7127263239165038
000004.SZ,20250828,11.85,11.85,11.2,11.82,11.29,0.53,4.6944,173811.17,201965.001,1.6600000000000001,3.040000000000001,3.040000000000001,10.858,10.235999999999999,9.612499999999999,10.997811154343115,10.442726771484843,9.898347454622499,0.6500000000000004,0.3885714285714287,0.5300000000000011,0.0,0.1932879585355522,0.03070805851039902,6.294372484346312,86.29080154398483,10.015,9.416153846153845,10.29209556602698,9.728519783907434,0.5635757821195462,0.2660313167320329,0.3059436729880381,0.5152642182630162,5.887784281168391
000004.SZ,20250829,11.8,11.85,11.23,11.31,11.82,-0.51,-4.3147,122062.07,139305.665,1.120000000000001,2.09,2.4400000000000013,11.082,10.444999999999999,9.734499999999999,11.10187410289541,10.600412813033053,10.032790554182261,0.6199999999999992,0.4250000000000001,0.0,0.5099999999999998,0.17948167578301275,0.06494319718822765,2.763671693939141,73.43020110892355,10.204166666666666,9.52,10.448696248176676,9.845666466580957,0.6030297815957191,0.32683271776810724,0.36536089470957434,0.4753377737722895,-0.29773172805867426
000004.SZ,20250901,11.39,11.88,11.02,11.08,11.31,-0.23,-2.0336,95293.0,109831.218,0.8399999999999999,1.67,2.1500000000000004,11.25,10.612,9.842,11.094582735263607,10.687610483390678,10.132524787117285,0.8600000000000012,0.47000000000000014,0.0,0.23000000000000043,0.16666155608422611,0.07673296881764,2.171968042580318,68.47383118064063,10.395833333333332,9.610384615384616,10.545819902303341,9.937098580167552,0.6087213221357892,0.38386262904529367,0.4140329801948173,0.3893766838819438,-0.21930702961206544
000004.SZ,20250902,10.86,10.99,10.53,10.53,11.08,-0.55,-4.9639,60690.0,64719.545,-0.22000000000000064,0.9299999999999997,1.379999999999999,11.206,10.705,9.911000000000001,10.90638849017574,10.658954031865099,10.170379569296593,0.5500000000000007,0.4964285714285715,0.0,0.5500000000000007,0.1547571592210671,0.11053775675923719,1.4000388985470764,58.33400864438594,10.504999999999999,9.675769230769232,10.54338607117975,9.981017203858844,0.562368867320906,0.4317037103258908,0.44370015762003506,0.2373374194017418,-0.3631221600747169
000004.SZ,20250903,10.73,10.88,10.26,10.45,10.53,-0.08,-0.7597,85669.75,90590.078,-0.8399999999999999,0.7699999999999996,1.3699999999999992,11.038,10.782,9.979499999999998,10.754258993450494,10.620962389707808,10.197010086506442,0.620000000000001,0.5207142857142858,0.0,0.08000000000000007,0.14370307641956231,0.10835648841929169,1.3262064737968895,57.01155459481736,10.591666666666667,9.739230769230769,10.529018983305942,10.01575667023967,0.5132623130662726,0.4668367722435056,0.45761258870928256,0.11129944871398001,0.41159581479650686
000004.SZ,20250904,10.39,10.65,10.08,10.3,10.45,-0.15,-1.4354,63996.07,65950.263,-1.5199999999999996,0.14000000000000057,1.2800000000000011,10.734,10.796000000000001,10.0435,10.602839328966997,10.562605591579116,10.206818649696304,0.5700000000000003,0.53,0.0,0.14999999999999858,0.13343857096102216,0.11133102496077076,1.1985748896863326,54.51599103168743,10.65,9.796153846153846,10.493785293566566,10.036811731703397,0.45697356186316895,0.49001759036485104,0.4574847833400599,-0.0010224429537818436,-0.2529910499330277
000004.SZ,20250905,10.3,10.5,9.95,10.37,10.3,0.07,0.6796,59572.0,60892.078,-0.9400000000000013,0.17999999999999972,1.4299999999999997,10.546,10.814,10.115,10.525226219311332,10.527586393110184,10.222359730677608,0.5500000000000007,0.54,0.06999999999999851,0.0,0.12890724446380616,0.10337880889214426,1.2469407013413734,55.495042686127746,10.707500000000001,9.857307692307693,10.474741402248632,10.061492344169812,0.4132490580788204,0.5037472173345235,0.448637638287812,-0.07077716041798321,-0.069130338784866
000004.SZ,20250908,10.31,10.86,10.31,10.61,10.37,0.24,2.3144,64380.0,68314.007,-0.47000000000000064,0.3699999999999992,1.67,10.452,10.851,10.198500000000001,10.553484146207555,10.542570685271969,10.259277851565455,0.5499999999999989,0.562142857142857,0.2400000000000002,0.0,0.13684244128782003,0.0959946082569911,1.425522159759989,58.77176401064287,10.745,9.924230769230771,10.495550417287305,10.102122540897973,0.39342787638933174,0.5075224395332882,0.437595685908116,-0.08833561903756848,0.08070905794668637
000004.SZ,20250909,10.62,10.71,10.4,10.43,10.61,-0.18,-1.6965,43552.0,45832.842,-0.09999999999999964,-0.3200000000000003,1.2899999999999991,10.431999999999999,10.818999999999999,10.263000000000002,10.512322764138371,10.522103287949792,10.275537103797317,0.3100000000000005,0.5664285714285714,0.0,0.17999999999999972,0.12706798119583287,0.10199499338149172,1.2458256722519772,55.472946437678715,10.765,9.981923076923078,10.485465737704642,10.126409760090716,0.3590559776139255,0.4970738377981644,0.4218877442492779,-0.12566353327070479,-0.3235166200683442
000004.SZ,20250910,10.43,10.79,10.43,10.66,10.43,0.23,2.2052,43235.1,45973.716,0.21000000000000085,-0.629999999999999,1.620000000000001,10.474,10.756,10.344000000000001,10.561548509425581,10.547175417413465,10.312152617721383,0.35999999999999943,0.5578571428571427,0.23000000000000043,0.0,0.1344202682532734,0.09470963671138517,1.4192881835551858,58.66552786900803,10.799999999999999,10.040000000000001,10.51231716267316,10.16593496304696,0.3463821996262002,0.47294121752112595,0.4067866353246624,-0.12080887139692442,-0.0072763592946363306
000004.SZ,20250911,10.66,10.99,10.54,10.76,10.66,0.1,0.9381,47961.0,51685.119,0.4599999999999991,-1.0600000000000005,1.9800000000000004,10.565999999999999,10.65,10.443,10.627699006283722,10.585870796065562,10.354804749366965,0.45000000000000107,0.5571428571428572,0.09999999999999964,0.0,0.13196167766375386,0.08794466266057195,1.5005080885132096,60.00812776436187,10.800833333333332,10.104615384615386,10.550422214569597,10.209939780599036,0.34048243397056055,0.44376929000721943,0.39352579505384205,-0.10608672216656301,0.10930702137846338
000004.SZ,20250912,10.8,10.89,10.38,10.47,10.76,-0.29,-2.6952,64657.0,68438.39,0.10000000000000142,-0.8399999999999999,1.25,10.586,10.565999999999999,10.5055,10.575132670855815,10.564803378599096,10.365775725617729,0.5099999999999998,0.5535714285714287,0.0,0.28999999999999915,0.1225358435449143,0.10237718675624533,1.1969057504643654,54.48143372611103,10.732500000000002,10.160384615384617,10.538049566174275,10.229203500554664,0.30884606561961014,0.41044981706097733,0.37658984916699567,-0.13548756709477106,0.3481161777277371
000004.SZ,20250915,10.53,10.79,10.5,10.73,10.47,0.26,2.4833,52743.43,56188.136,0.120000000000001,-0.34999999999999964,1.3200000000000003,10.61,10.531,10.571499999999999,10.626755113903878,10.594839127944715,10.400463751749374,0.3199999999999985,0.5328571428571429,0.2599999999999998,0.0,0.1323547118631347,0.09506453055937067,1.3922617729698372,58.198554552056194,10.641666666666667,10.22923076923077,10.567580402147463,10.266299537550616,0.30128086459684766,0.3814400389805264,0.3615280522529661,-0.12049437531223683,-0.18425800764031736
000004.SZ,20250916,10.62,11.27,10.62,11.27,10.73,0.54,5.0326,48472.3,53907.524,0.8399999999999999,0.7400000000000002,1.67,10.778,10.605,10.655,10.841170075935919,10.717595650136584,10.483276727773244,0.6500000000000004,0.5407142857142858,0.5399999999999991,0.0,0.1614722324443393,0.08827420694798704,1.8292119298163962,64.65446828280214,10.638333333333334,10.318846153846152,10.675644955663238,10.340647719954273,0.3349972357089648,0.36163280816304777,0.35622188894416584,-0.042449306470402126,-0.0809793750615005
000004.SZ,20250917,11.59,11.83,11.21,11.31,11.27,0.04,0.3549,106594.38,123215.832,0.6500000000000004,0.8600000000000012,1.6300000000000008,10.908000000000001,10.691,10.7365,10.997446717290613,10.825305531929931,10.562012277509126,0.6199999999999992,0.5385714285714286,0.040000000000000924,0.0,0.15279564441260085,0.08196890645170225,1.8640683525847834,65.08463217724838,10.6575,10.40230769230769,10.773238039407355,10.412451592550251,0.36078644685710337,0.3509453509401516,0.3571348005267534,0.007303292660699956,1.1990782364360675
000004.SZ,20250918,11.43,11.49,10.74,10.82,11.31,-0.49,-4.3324,93656.24,103527.678,0.0600000000000005,0.5199999999999996,0.6600000000000001,10.92,10.743,10.769499999999999,10.938297811527075,10.824340889760851,10.586582536793973,0.75,0.5478571428571429,0.0,0.4900000000000002,0.14188166981170078,0.11111398456229496,1.2769020062650729,56.08067465141573,10.681666666666667,10.470769230769228,10.780432187190838,10.442640363472455,0.33779182371838345,0.34256121378899196,0.35326620516507945,-0.03094876289339199,-0.1213773183914574
000004.SZ,20250919,10.77,11.3,10.46,10.93,10.82,0.11,1.0166,85145.36,91927.961,0.4599999999999991,0.5600000000000005,0.7400000000000002,11.012,10.799000000000001,10.806500000000002,10.935531874351383,10.84355163707706,10.619288961861214,0.8399999999999999,0.5464285714285715,0.10999999999999943,0.0,0.13960440768229354,0.10317727137927389,1.3530538830506142,57.50203566509276,10.72166666666667,10.553461538461537,10.80344261993071,10.47874107728931,0.3247015426413995,0.3349249544836661,0.34755327266034347,-0.045703460037887944,-0.09087360329648088
000004.SZ,20250922,10.91,10.91,10.42,10.56,10.93,-0.37,-3.3852,51169.91,54339.719,-0.16999999999999993,-0.049999999999998934,0.3200000000000003,10.978,10.794,10.8225,10.810354582900922,10.791996793972139,10.613642394064907,0.5099999999999998,0.5435714285714285,0.0,0.3699999999999992,0.12963266427641543,0.1222360377093257,1.0605110138196618,51.4683496815552,10.743333333333334,10.605,10.76598990917214,10.484760256749361,0.28122965242277864,0.32627758501798315,0.3342885486128305,-0.10611779238010377,-0.39902879029462085
000004.SZ,20250923,10.48,10.5,10.03,10.21,10.56,-0.35,-3.3144,51503.2,52473.837,-1.0599999999999987,-0.21999999999999886,-0.5399999999999991,10.766000000000002,10.772,10.7955,10.610236388600615,10.686179195068114,10.575200261296821,0.5300000000000011,0.5371428571428571,0.0,0.34999999999999964,0.12037318825667147,0.13850489215865955,0.8690897944513185,46.498022568597065,10.730000000000002,10.63576923076923,10.680453000068734,10.464407645138298,0.21604535493043642,0.3117957133851205,0.3106399098763517,-0.18918910989183058,0.006513398206094042
000004.SZ,20250924,10.52,10.72,10.38,10.65,10.21,0.44,4.3095,80611.28,85636.134,-0.6600000000000001,-0.009999999999999787,-0.6399999999999988,10.634,10.771,10.763500000000002,10.623490925733744,10.679601159601184,10.58232404593522,0.5099999999999998,0.5328571428571428,0.4399999999999995,0.0,0.1432036748097663,0.12861168557589814,1.1134577248445823,52.684173038117564,10.733333333333334,10.676153846153845,10.675767923135082,10.478155226979906,0.19761269615517563,0.29592129807229994,0.2880344671321165,-0.18084354195388175,0.5651703195141273
000004.SZ,20250925,10.45,10.55,10.22,10.48,10.65,-0.17,-1.5962,60615.38,62969.556,-0.33999999999999986,-0.27999999999999936,-1.3399999999999999,10.565999999999999,10.743000000000002,10.6965,10.57566061715583,10.643310039673695,10.572578898703295,0.4299999999999997,0.5242857142857141,0.0,0.16999999999999993,0.132974840894783,0.13156799374904826,1.010692928467224,50.265901578402016,10.737499999999999,10.706923076923077,10.645649781114301,10.478291876833246,0.16735790428105446,0.2802003912569049,0.2638991545619041,-0.1930825005616993,-0.24805337416798245
000004.SZ,20250926,10.45,10.54,10.12,10.48,10.48,0.0,0.0,45222.38,46695.269,-0.4499999999999993,0.009999999999999787,-0.8300000000000001,10.476000000000003,10.744000000000002,10.655,10.543773744770554,10.613617305187569,10.563761860731553,0.41999999999999993,0.5149999999999999,0.0,-0.0,0.12347663797372709,0.12217027990983054,1.010692928467224,50.265901578402016,10.722500000000002,10.719230769230771,10.620165199404408,10.478418404475228,0.14174679492917974,0.2624743835160529,0.23946868263535925,-0.19544377541235902,-0.25394545080802927
000004.SZ,20250929,10.45,10.74,10.23,10.59,10.48,0.11,1.0496,40747.0,42832.039,0.02999999999999936,-0.14000000000000057,-0.4900000000000002,10.482,10.73,10.6305,10.559182496513703,10.60932324969892,10.566260731138073,0.5099999999999998,0.5292857142857141,0.10999999999999943,0.0,0.12251402097560368,0.11344383134484264,1.0799531320763471,51.921993597916625,10.708333333333336,10.734615384615383,10.615524399496037,10.486683707847433,0.12884069164860357,0.23956810084267943,0.21734308443800812,-0.1770047855788091,-0.09896383162496086
000004.SZ,20250930,11.12,11.12,11.12,11.12,10.59,0.53,5.0047,10673.32,11868.732,0.9099999999999984,-0.15000000000000036,0.5899999999999999,10.664,10.715,10.66,10.746121664342468,10.702173567935478,10.618997804363019,0.5299999999999994,0.5414285714285713,0.5299999999999994,0.0,0.15162016233448908,0.10534070053449673,1.4393312515027072,59.005157688855604,10.762500000000001,10.768461538461537,10.6931360303428,10.53359602578466,0.15954000455813855,0.21720738503168333,0.2057824684620342,-0.09248492780779133,-0.7380587527916166
000004.SZ,20251009,11.68,11.68,11.68,11.68,11.12,0.56,5.036,8187.0,9562.416,1.0299999999999994,0.3699999999999992,1.2300000000000004,10.870000000000001,10.752,10.7215,11.057414442894979,10.879960191947209,10.720045632518923,0.5600000000000005,0.5492857142857142,0.5600000000000005,0.0,0.18079015073916846,0.09781636478203268,1.84826078071935,64.89085526264759,10.841666666666669,10.80423076923077,10.844961256443908,10.618514838689501,0.22644641775440633,0.20483567325790808,0.20991525832050864,0.03306231886779537,-0.23294719918450865
000004.SZ,20251010,11.8,12.26,11.69,12.26,11.68,0.58,4.9658,162581.95,196172.385,1.7799999999999994,1.4399999999999995,1.959999999999999,11.225999999999999,10.896000000000003,10.819500000000001,11.45827629526332,11.13087652068408,10.866707953231408,0.5800000000000001,0.5542857142857142,0.5800000000000001,0.0,0.20930513997208502,0.09082948158331605,2.3043744863840674,69.73708627395054,10.924166666666666,10.841538461538459,11.062659524683307,10.74010633211991,0.3225531925633973,0.20459696769368563,0.2324428451690864,0.18022069478862185,18.858550140466594
000004.SZ,20251013,12.2,12.87,11.84,12.87,12.26,0.61,4.9755,62829.18,78447.631,2.389999999999999,1.9399999999999995,2.5,11.703999999999999,11.090000000000002,10.9445,11.92885086350888,11.44708078965061,11.057497671971275,1.0299999999999994,0.6049999999999999,0.6099999999999994,0.0,0.23792620140265036,0.08434166147022205,2.820980725956571,73.82870860334808,11.054166666666667,10.881923076923076,11.34071190550126,10.89787623344436,0.44283567205689955,0.22255319209747684,0.274521410546649,0.33662852302050106,-0.6135537801090466
000004.SZ,20251014,13.51,13.51,12.82,13.35,12.87,0.48,3.7296,141487.03,187171.304,2.76,2.789999999999999,2.74,12.255999999999998,11.369,11.0815,12.402567242339252,11.793066100623225,11.27583122702163,0.6899999999999995,0.6078571428571428,0.4800000000000004,0.0,0.2552171870167468,0.0783172570794919,3.2587605405753894,76.5189897278213,11.265000000000002,10.960384615384616,11.649833150808758,11.079515030967,0.5703181198417582,0.2619168326431793,0.33368075240567086,0.47327473487217464,1.2519318253079224
000004.SZ,20251015,13.33,13.89,12.71,12.87,13.35,-0.48,-3.5955,141703.0,187107.516,1.75,2.6599999999999984,2.4399999999999995,12.605999999999998,11.635,11.203499999999998,12.558378161559501,11.988872264146273,11.427656824448142,1.1799999999999997,0.6478571428571428,0.0,0.4800000000000004,0.23698738794412202,0.10700888157381394,2.214651573389727,68.89242964065502,11.426666666666668,11.029230769230768,11.837551127607412,11.212143547191667,0.6254075804157448,0.3094495975610203,0.3920261180076856,0.4667629248161185,0.001526429666380029
000004.SZ,20251016,12.66,13.25,12.63,12.88,12.87,0.01,0.0777,106706.0,138367.675,1.200000000000001,2.2300000000000004,2.2200000000000006,12.845999999999998,11.858,11.314499999999999,12.665585441039669,12.15089548884695,11.565975222119748,0.6199999999999992,0.6385714285714285,0.010000000000001563,0.0,0.22077400309097056,0.09936539003282722,2.2218400493173096,68.96183594800448,11.62,11.119615384615383,11.997927877206271,11.335688469621914,0.662239407584357,0.36443643126138725,0.44606877592301986,0.4323412633226742,-0.24697430541343515
000004.SZ,20251017,12.61,12.79,12.24,12.24,12.88,-0.64,-4.9689,88721.0,109968.575,-0.019999999999999574,1.7599999999999998,1.4800000000000004,12.841999999999999,12.033999999999999,11.388499999999999,12.52372362735978,12.167096309056596,11.630168058108344,0.6400000000000006,0.6242857142857142,0.0,0.6400000000000006,0.2050044314416155,0.13798214788762533,1.4857315571618301,59.770394469232855,11.789166666666667,11.188461538461537,12.035169742251462,11.402674508909179,0.6324952333422829,0.4189640355295098,0.4833540674068725,0.29828233187082076,-0.16854722321144078
000004.SZ,20251020,12.43,12.85,12.4,12.85,12.24,0.61,4.9837,58048.01,73219.721,-0.019999999999999574,2.369999999999999,2.379999999999999,12.838,12.270999999999999,11.5075,12.632482418239855,12.29126061650085,11.746342528764691,0.6099999999999994,0.6314285714285713,0.6099999999999994,0.0,0.23393268633864292,0.12812628018136638,1.8257978457464354,64.61176437283859,11.972499999999998,11.286538461538463,12.160528243443544,11.509883804545535,0.6506444388980093,0.47694222966833266,0.5168121417050999,0.2676645943858187,-0.3457241239390899
000004.SZ,20251021,13.23,13.47,12.74,12.87,12.85,0.02,0.1556,90870.0,118674.06,-0.4800000000000004,2.2799999999999994,2.139999999999999,12.742,12.498999999999999,11.6145,12.711654945493237,12.396485958955239,11.853357526025198,0.7300000000000004,0.6457142857142856,0.019999999999999574,0.0,0.21865178017159698,0.1189744030255545,1.8378052304631678,64.76149986386534,12.171666666666667,11.38269230769231,12.26967774445223,11.610633152356977,0.6590445920952526,0.5324427393946787,0.5452586317831305,0.22757192062424414,0.565428341126595
000004.SZ,20251022,12.98,13.2,12.78,13.14,12.87,0.27,2.0979,60539.8,78762.83,0.27000000000000135,2.0200000000000014,1.870000000000001,12.796,12.701,11.708000000000002,12.854436630328827,12.531670330054284,11.975894904498988,0.41999999999999993,0.6392857142857141,0.27000000000000135,0.0,0.22231951015934012,0.11047623138087204,2.012374131344896,66.80359223661428,12.39333333333333,11.48,12.403573476074964,11.723919585515718,0.679653890559246,0.582799125261883,0.5721376835383536,0.21503241404178475,-0.3337757235611313
000004.SZ,20251023,13.4,13.8,13.1,13.8,13.14,0.66,5.0228,110079.71,149978.041,0.9199999999999999,2.120000000000001,2.49,12.98,12.913,11.8325,13.169624420219218,12.76227572458987,12.149619199308608,0.7000000000000011,0.6585714285714285,0.6600000000000001,0.0,0.25358240229081586,0.10258507199652403,2.4719230328113255,71.19751818950121,12.660833333333334,11.609615384615385,12.618408325909584,11.877703319921961,0.740705005987623,0.6292604378645748,0.6058511480282075,0.269707715918831,0.8183031658512252
000004.SZ,20251024,13.8,13.98,13.25,13.44,13.8,-0.36,-2.6087,108413.64,145956.907,1.1999999999999993,1.1799999999999997,2.619999999999999,13.219999999999999,13.031,11.9635,13.259749613479478,12.885498320118984,12.272512608898264,0.7300000000000004,0.6807142857142857,0.0,0.3600000000000012,0.2354693735557576,0.12097185256820098,1.946480677585769,66.06120625167782,12.854166666666666,11.71653846153846,12.744807045000417,11.993428999927742,0.7513780450726752,0.6635429237552165,0.6349565274371011,0.23284303527114836,-0.015135123448272229
000004.SZ,20251027,13.4,13.55,13.12,13.36,13.44,-0.08,-0.5952,65928.78,87652.772,0.5099999999999998,0.4900000000000002,2.4299999999999997,13.322,13.080000000000002,12.084999999999999,13.29316640898632,12.971771352824623,12.37608283662224,0.4300000000000015,0.675,0.0,0.08000000000000007,0.2186501325874892,0.11804529167047233,1.8522562780213114,64.94003685062523,12.994166666666667,11.816538461538462,12.839452115000352,12.094656481414576,0.7447956335857757,0.6829293141712185,0.656924348666836,0.1757425698378794,-0.3918774427276863
000004.SZ,20251028,13.3,13.3,12.7,12.77,13.36,-0.59,-4.4162,96694.26,125455.629,-0.09999999999999964,-0.5800000000000001,2.209999999999999,13.302000000000001,13.022,12.1955,13.11877760599088,12.935085652311056,12.413598756943932,0.6600000000000001,0.6842857142857144,0.0,0.5899999999999999,0.2030322659740971,0.15175634226543858,1.3378832340263662,57.22626410739202,13.036666666666669,11.905,12.828767174231068,12.144681927235718,0.68408524699535,0.6894490549022857,0.6623565283325389,0.04345743732562224,0.46664719110531083
000004.SZ,20251029,12.73,13.01,12.48,12.61,12.77,-0.16,-1.2529,49296.0,62589.806,-0.5300000000000011,-0.2599999999999998,2.3999999999999986,13.196000000000002,12.995999999999999,12.3155,12.949185070660588,12.875979170072682,12.432303637234988,0.5299999999999994,0.6821428571428572,0.0,0.16000000000000014,0.18852996126166158,0.1523451749607644,1.2375184268895707,55.30763063300782,13.015,11.977307692307694,12.795110685887826,12.179149932625664,0.6159607532621614,0.6843069821998196,0.6530773733184634,-0.07423324011260402,-0.4901869045794445
000004.SZ,20251030,12.61,13.24,12.52,12.65,12.61,0.04,0.3172,80237.86,103150.35,-1.1500000000000004,-0.23000000000000043,2.0,12.966,12.972999999999999,12.415499999999998,12.849456713773726,12.834892048241285,12.453036624164987,0.7200000000000006,0.6921428571428573,0.040000000000000924,0.0,0.1779206783144001,0.14146337674928125,1.2577154766334535,55.70743920792315,12.956666666666665,12.030384615384614,12.772785964982006,12.214027715394133,0.5587582495878731,0.6761139840048851,0.6342135485723455,-0.15091059796894468,0.6276748620577735
000004.SZ,20251031,12.02,12.41,12.02,12.28,12.65,-0.37,-2.9249,101921.57,123557.91,-1.1600000000000001,0.03999999999999915,1.799999999999999,12.733999999999998,12.976999999999999,12.505500000000001,12.659637809182485,12.734002584924687,12.436556945673084,0.6300000000000008,0.6635714285714288,0.0,0.370000000000001,0.16521205843480008,0.15778742126718978,1.0470546834974745,51.14932649031826,12.907499999999999,12.067692307692308,12.69697273960016,12.218914551290863,0.47805818830929603,0.6569377339394725,0.6029824765197356,-0.2498485764208791,0.2702428753708038
000004.SZ,20251103,12.26,12.89,12.03,12.89,12.28,0.61,4.9674,93420.65,117622.081,-0.46999999999999886,0.040000000000000924,2.41,12.64,12.981,12.626,12.736425206121657,12.762365751302015,12.479741998466123,0.8600000000000012,0.675714285714286,0.6100000000000012,0.0,0.19698262568945732,0.14651689117667624,1.3444362906385132,57.34582321588072,12.908333333333331,12.14730769230769,12.726669241200135,12.268624584528578,0.45804465667155725,0.6346044077812842,0.5739949125500999,-0.23190051175708537,-0.08340648598721559
000004.SZ,20251104,13.0,13.2,12.7,12.88,12.89,-0.01,-0.0776,85883.0,111113.534,0.11000000000000121,0.010000000000001563,2.290000000000001,12.662,12.982,12.7405,12.784283470747772,12.78375379651983,12.517861808136017,0.5,0.6271428571428574,0.0,0.009999999999999787,0.18291243814021035,0.1367656846640565,1.3374147074209888,57.21769026158988,12.961666666666664,12.222307692307691,12.750258588707807,12.313911652341275,0.4363469363665313,0.6075703017598715,0.5464653173133862,-0.22023676189370978,-0.08068505196656194
000004.SZ,20251105,13.2,13.52,12.95,13.33,12.88,0.45,3.4938,129398.64,173235.649,0.7200000000000006,0.1899999999999995,2.210000000000001,12.806000000000001,13.001000000000001,12.850999999999999,12.966188980498515,12.883071288061679,12.595208302599254,0.6399999999999988,0.6285714285714289,0.4499999999999993,0.0,0.2019901211301953,0.12699670718805248,1.590514633037651,61.397631681107526,13.001666666666667,12.328846153846154,12.839449575060451,12.38917745587155,0.45027211918890053,0.5752999810044579,0.5272266776884891,-0.1539091169991771,0.5066851414133181
000004.SZ,20251106,12.95,13.0,12.66,12.66,13.33,-0.67,-5.0263,62989.63,80512.689,0.009999999999999787,-1.1400000000000006,0.9800000000000004,12.808000000000002,12.887,12.9,12.86412598699901,12.842512872050463,12.601378940446944,0.6699999999999999,0.630714285714286,0.0,0.6699999999999999,0.18756225533518137,0.16578265667462017,1.131374409708657,53.08191768443478,12.984166666666667,12.423076923076923,12.811841948128073,12.40923838506625,0.4026035630618239,0.5365472607810299,0.502302054763156,-0.19939698340266432,-0.5132125809050235
000004.SZ,20251107,12.22,12.64,12.06,12.43,12.66,-0.23,-1.8167,88777.65,108859.55,0.15000000000000036,-1.0099999999999998,0.16999999999999993,12.838,12.786000000000001,12.9085,12.719417324666008,12.767510531677651,12.585057136594854,0.5999999999999996,0.6300000000000002,0.0,0.23000000000000043,0.1741649513826684,0.1703696097692902,1.0222771045758559,50.55079258241734,12.925000000000002,12.491538461538465,12.753097033031446,12.410776282468749,0.3423207505626973,0.4918278293340212,0.4703057939230643,-0.25597008672073407,0.409401039504439
000004.SZ,20251110,12.43,12.48,11.84,11.98,12.43,-0.45,-3.6203,86968.27,105299.684,-0.9100000000000001,-1.379999999999999,-0.8899999999999988,12.656,12.648,12.864,12.472944883110674,12.624326798645349,12.527432647395344,0.6400000000000006,0.6235714285714289,0.0,0.4499999999999993,0.1617245977124778,0.1903432090714837,0.8496473212855304,45.93563927068074,12.773333333333333,12.549230769230771,12.634159027949686,12.378866928211805,0.2552920997378809,0.44418414630541353,0.42730305508602767,-0.3440219106962935,-0.020381030585963814
000004.SZ,20251111,12.04,12.1,11.78,11.97,11.98,-0.01,-0.0835,48468.0,57777.786,-0.9100000000000001,-0.7999999999999989,-1.379999999999999,12.474,12.568,12.794999999999998,12.30529658874045,12.50535828980074,12.474343823833882,0.3200000000000003,0.6164285714285718,0.0,0.009999999999999787,0.1501728407330151,0.1774615512806634,0.8462274765958178,45.83549358479603,12.650833333333333,12.606538461538463,12.531980715957427,12.348580489085004,0.18340022687242374,0.39612186559544266,0.3785224894433069,-0.39024452514176633,-0.4426932949223895
000004.SZ,20251112,11.9,11.96,11.47,11.94,11.97,-0.03,-0.2506,64355.42,75264.777,-1.3900000000000006,-0.6699999999999999,-0.9299999999999997,12.196,12.501000000000001,12.7485,12.183531059160302,12.402565873473332,12.423453935849702,0.5,0.6021428571428574,0.0,0.030000000000001137,0.13944620925208545,0.16692858333204466,0.8353644802382774,45.51490939444495,12.5325,12.65846153846154,12.440906759656285,12.3183152676713,0.1225914919849842,0.347658892528455,0.3273362899516424,-0.40948959593331635,0.3277919452009573
000004.SZ,20251113,11.81,11.89,11.45,11.5,11.94,-0.44,-3.6851,64606.0,75662.806,-1.1600000000000001,-1.1500000000000004,-1.3800000000000008,11.964,12.386000000000001,12.679499999999999,11.955687372773536,12.238462987387269,12.335505941959253,0.4900000000000002,0.5850000000000002,0.0,0.4399999999999995,0.12948576573407936,0.18643368452261286,0.6945406140829331,40.9869558929876,12.426666666666668,12.673076923076923,12.296151873555319,12.25769932191787,0.038452551637448096,0.29881382178713856,0.2695595422888035,-0.46221398130271085,0.003893689140712651
000004.SZ,20251114,11.46,11.77,11.41,11.61,11.5,0.11,0.9565,43136.0,50100.567,-0.8200000000000003,-0.6699999999999999,-0.6300000000000008,11.8,12.319,12.648,11.840458248515692,12.124196989680492,12.266410137963133,0.35999999999999943,0.5800000000000001,0.10999999999999943,0.0,0.12809392532450223,0.17311699277099765,0.7399269319213928,42.52632213148716,12.343333333333334,12.670384615384616,12.190590046854501,12.209721594368398,-0.019131547513897118,0.24579424354431031,0.2118213243282634,-0.461905743684321,-0.3323220753490388
000004.SZ,20251117,11.71,11.73,11.18,11.35,11.61,-0.26,-2.2394,54166.0,61864.248,-0.6300000000000008,-1.540000000000001,-1.5,11.674,12.165,12.573,11.676972165677128,11.983433900647675,12.179132981966644,0.5500000000000007,0.5721428571428573,0.0,0.2599999999999998,0.11894435922989492,0.1793229218587835,0.6632970174530359,39.878446873470956,12.235000000000001,12.635384615384616,12.061268501184578,12.146038513304072,-0.08477001211949364,0.18789236037919643,0.152503057038712,-0.4745461383164113,0.25570289317507416
000004.SZ,20251118,11.45,11.92,11.45,11.64,11.35,0.29,2.5551,82917.72,97790.668,-0.33000000000000007,-1.2400000000000002,-1.2299999999999986,11.608,12.041,12.511500000000002,11.66464811045142,11.92099137325719,12.127786983684107,0.5700000000000003,0.5750000000000002,0.2900000000000009,0.0,0.1311626192849025,0.16651414172601325,0.7876965759504134,44.06209569046366,12.181666666666667,12.588076923076922,11.996457962540797,12.108554178985251,-0.11209621644445456,0.12540698975326808,0.0995832023420787,-0.42335883757306647,0.5308075176309862
000004.SZ,20251119,11.46,11.46,11.07,11.18,11.64,-0.46,-3.9519,58419.37,65693.801,-0.7599999999999998,-2.1500000000000004,-1.9600000000000009,11.456,11.825999999999999,12.413500000000003,11.503098740300947,11.786265669028609,12.037521556666574,0.5700000000000003,0.5642857142857144,0.0,0.46000000000000085,0.12179386076455233,0.18747741731701237,0.6496455013491393,39.38091552505286,12.039166666666667,12.504615384615382,11.870849045226828,12.039772387949307,-0.16892334272247922,0.061904000221678857,0.04588189332916711,-0.4296104721032927,-0.2954537341354779
000004.SZ,20251120,11.09,11.18,10.86,11.09,11.18,-0.09,-0.805,38760.72,42713.969,-0.41000000000000014,-1.5700000000000003,-2.710000000000001,11.374,11.669,12.278000000000002,11.365399160200631,11.659671911023405,11.947281408412614,0.3200000000000003,0.5421428571428573,0.0,0.08999999999999986,0.11309429928137002,0.18051474465151146,0.6265100366161312,38.51867019028991,11.89,12.436153846153845,11.750718422884239,11.96941887773084,-0.2187004548466014,-0.0004316892682432183,-0.007034576305986591,-0.4233317570812296,-0.33650910648300386
000004.SZ,20251121,10.95,10.99,10.54,10.54,11.09,-0.55,-4.9594,53887.0,57419.193,-1.0700000000000003,-1.8900000000000006,-2.9000000000000004,11.16,11.48,12.133000000000001,11.09026610680042,11.45609519992824,11.813254607611412,0.5500000000000007,0.5200000000000001,0.0,0.5500000000000007,0.10501613504698645,0.20690654860497498,0.5075534619616258,33.667360711785186,11.657499999999999,12.346153846153847,11.564454050132818,11.863535997898927,-0.2990819477661084,-0.06202880565757537,-0.06544405059801096,-0.4672757943361949,0.3902476527783797
000004.SZ,20251124,10.55,10.93,10.35,10.75,10.54,0.21,1.9924,29917.0,31917.836,-0.5999999999999996,-1.2300000000000004,-2.6099999999999994,11.04,11.357,12.002500000000001,10.976844071200281,11.327714254486741,11.711992264029373,0.5800000000000001,0.5257142857142858,0.21000000000000085,0.0,0.11251498254363033,0.19212750941890536,0.5856266126799583,36.933450031477285,11.498333333333333,12.288846153846155,11.43915342703546,11.781051849906413,-0.34189842287095296,-0.12039532229572833,-0.12073492505259936,-0.4423269956367072,-0.44481971533022807
000004.SZ,20251125,10.74,11.02,10.72,10.82,10.75,0.07,0.6512,27438.79,29885.14,-0.8200000000000003,-1.1500000000000004,-1.9499999999999993,10.876000000000001,11.241999999999999,11.904999999999998,10.924562714133522,11.235402571852788,11.627040619836098,0.29999999999999893,0.5014285714285716,0.07000000000000028,0.0,0.10947819807622819,0.17840411588898356,0.6136528719121802,38.02880300922471,11.364166666666668,12.210769230769229,11.343899053645389,11.70986282398742,-0.36596377034203087,-0.17467924033206333,-0.16978069411048569,-0.39236615246309037,-0.08283618009827186
000004.SZ,20251126,10.8,10.95,10.64,10.68,10.82,-0.14,-1.2939,25462.0,27515.155,-0.5,-1.2599999999999998,-1.9299999999999997,10.776,11.116,11.808499999999999,10.843041809422349,11.13442028606137,11.536846275089804,0.3099999999999987,0.4757142857142857,0.0,0.14000000000000057,0.10165832678506903,0.17566096475405618,0.5787189369442516,36.657502700538494,11.255833333333333,12.12653846153846,11.241760737699945,11.63357668887724,-0.3918159511772945,-0.22248685175592364,-0.21418774552384745,-0.3552564113068941,-0.0720436287460198
000004.SZ,20251127,10.7,11.21,10.66,11.21,10.68,0.53,4.9625,26951.0,29909.088,0.120000000000001,-0.28999999999999915,-1.4399999999999995,10.8,11.087,11.7365,10.965361206281568,11.148162052232031,11.505718058414583,0.5500000000000007,0.47214285714285725,0.5300000000000011,0.0,0.13225416058613562,0.1631137529859093,0.8108093779042684,44.77607570392941,11.1925,12.052307692307693,11.236874470361492,11.602200637849297,-0.36532616748780455,-0.26095292064191333,-0.2444154299166389,-0.24182147514233132,0.05847930248998508
000004.SZ,20251128,11.57,11.77,11.41,11.77,11.21,0.56,4.9955,101321.5,117942.205,1.2300000000000004,0.16000000000000014,-0.5099999999999998,11.046000000000001,11.103000000000002,11.711000000000002,11.233574137521046,11.261223497280753,11.530887767137004,0.5599999999999987,0.46642857142857136,0.5599999999999987,0.0,0.162807434829983,0.15146277062977292,1.0749006779226318,51.80492200710112,11.178333333333335,11.974230769230768,11.318893782613571,11.614630220230831,-0.29573643761725954,-0.28439363458610956,-0.25467963145676303,-0.08211361232099301,2.759470891618122
000004.SZ,20251201,11.93,12.36,11.78,12.36,11.77,0.59,5.0127,92745.0,113410.422,1.6099999999999994,1.0099999999999998,-0.5300000000000011,11.368,11.203999999999999,11.684500000000003,11.609049425014032,11.461001043229707,11.609850836933479,0.5899999999999999,0.48571428571428565,0.5899999999999999,0.0,0.1933211894849842,0.14064400129907487,1.3745427298665445,57.88662855284973,11.25,11.932692307692308,11.479063969903791,11.669842796510029,-0.19077882660623757,-0.2931361468263077,-0.24189947048665794,0.10224128776084074,-0.08464639785238079
000004.SZ,20251202,12.43,12.59,11.86,11.99,12.36,-0.37,-2.9935,65910.5,79681.654,1.17,0.34999999999999964,-0.8900000000000006,11.602,11.239,11.64,11.736032950009355,11.557182671733395,11.64605551913029,0.7300000000000004,0.5021428571428571,0.0,0.3699999999999992,0.17951253309319962,0.1570265726348552,1.143198441391398,53.34076487332716,11.281666666666668,11.879999999999999,11.557669512995515,11.693558144916693,-0.13588863192117806,-0.2894656234039409,-0.22069730277356198,0.16961734170476783,-0.28933635236400884
000004.SZ,20251203,11.94,12.28,11.56,11.66,11.99,-0.33,-2.7523,54945.22,64850.223,0.9800000000000004,0.4800000000000004,-1.67,11.798000000000002,11.286999999999999,11.556500000000002,11.71068863333957,11.575876731418234,11.647383564927404,0.7199999999999989,0.5185714285714285,0.0,0.33000000000000007,0.16669020930082823,0.16938181744665126,0.9841092262062261,49.59954891636288,11.3075,11.837307692307693,11.573412664842358,11.691072356404346,-0.11765969156198786,-0.2782388719278727,-0.20008978053124718,0.16486017793851865,-0.16636620872243418
000004.SZ,20251204,11.73,11.84,11.36,11.42,11.66,-0.24,-2.0583,32837.0,37703.208,0.20999999999999908,0.33000000000000007,-1.2400000000000002,11.84,11.32,11.494499999999999,11.613792422226382,11.547535507524008,11.625727987315269,0.4800000000000004,0.527142857142857,0.0,0.2400000000000002,0.1547837657793405,0.17442597334331905,0.8873894341107261,47.01676390007099,11.289166666666667,11.791538461538464,11.549810716405071,11.670992922596616,-0.12118220619154485,-0.2584722339751434,-0.18430826566330674,0.12625211894352378,-0.4023683952853406
000004.SZ,20251205,11.38,11.6,11.18,11.6,11.42,0.18,1.5762,27668.0,31587.961,-0.16999999999999993,1.0600000000000005,-0.8300000000000001,11.806000000000001,11.426,11.453,11.609194948150922,11.557074506156006,11.623277702809053,0.41999999999999993,0.5178571428571427,0.17999999999999972,0.0,0.15658492536653043,0.16196697524736767,0.9667706958618114,49.15523186795225,11.324166666666665,11.751153846153848,11.557532144650445,11.66573418758946,-0.10820204293901448,-0.23250596953826136,-0.16908702111844828,0.12176995635886761,-0.1574138928647562
000004.SZ,20251208,11.72,11.82,11.3,11.35,11.6,-0.25,-2.1552,35808.53,41051.453,-1.0099999999999998,0.5999999999999996,-0.6300000000000008,11.604000000000001,11.485999999999999,11.421499999999998,11.522796632100615,11.519424595945821,11.597251254922476,0.5199999999999996,0.5142857142857141,0.0,0.25,0.1454002878403497,0.16825504844398426,0.8641659741268126,46.35670783185459,11.345833333333333,11.715384615384616,11.52560412239653,11.642346469990239,-0.11674234759370883,-0.20481470034400337,-0.1586180864135004,0.08375147763958313,0.2942218447303744
000004.SZ,20251209,11.35,11.53,11.29,11.37,11.35,0.02,0.1762,20756.0,23705.692,-0.620000000000001,0.5499999999999989,-0.6000000000000014,11.48,11.541,11.391499999999999,11.47186442140041,11.492256487592034,11.575608278263193,0.2400000000000002,0.49071428571428555,0.019999999999999574,0.0,0.13644312442318182,0.15623683069798538,0.8733096019269239,46.61854084496338,11.415,11.656923076923078,11.501665026643217,11.62217265739837,-0.12050763075515292,-0.17466933140820984,-0.1509959952818309,0.060976729053355994,-0.4203615730665291
000004.SZ,20251210,11.36,11.94,11.2,11.94,11.37,0.57,5.0132,63741.52,75144.333,0.27999999999999936,1.2599999999999998,0.0,11.535999999999998,11.667,11.391499999999999,11.62790961426694,11.573664398938934,11.610312251761936,0.7400000000000002,0.5207142857142856,0.5700000000000003,0.0,0.16741147267866885,0.14507705707670074,1.1539486397918874,53.57363766590929,11.514166666666666,11.620769230769232,11.569101176390413,11.645715423517009,-0.07661424712659581,-0.14259022914585331,-0.1361196456507839,0.1190107970483762,2.070992484100983
000004.SZ,20251211,11.34,11.54,11.34,11.34,11.94,-0.6,-5.0251,59199.0,67178.857,-0.08000000000000007,0.129999999999999,-0.16000000000000014,11.52,11.68,11.383500000000002,11.531939742844628,11.531179962768219,11.58456822778461,0.5999999999999996,0.524285714285714,0.0,0.5999999999999996,0.15545351034447824,0.1775715529997935,0.8754415204368857,46.67922251358447,11.5575,11.544230769230769,11.53385484156112,11.623069836589822,-0.08921499502870311,-0.11964340219156927,-0.12673871552636776,0.07504744099532928,-0.07126469528809475
000004.SZ,20251212,11.17,11.36,10.82,10.91,11.34,-0.43,-3.7919,45190.01,49905.508,-0.6899999999999995,-0.8599999999999994,-0.6999999999999993,11.382,11.594,11.348500000000001,11.324626495229753,11.418238151355816,11.520323634662265,0.5399999999999991,0.5214285714285711,0.0,0.4299999999999997,0.1443496881770155,0.19560215635695108,0.7379759552016092,42.46180466380516,11.576666666666666,11.476923076923075,11.437877173628639,11.570249848694282,-0.13237267506564265,-0.11315382979816985,-0.12786550743422276,-0.00901433526283979,-0.2366423419314515
000004.SZ,20251215,10.8,11.05,10.68,10.82,10.91,-0.09,-0.8249,21548.72,23476.587,-0.5299999999999994,-1.5399999999999991,-0.5299999999999994,11.276,11.440000000000001,11.322,11.156417663486502,11.30946757838203,11.453626145646812,0.370000000000001,0.5264285714285712,0.0,0.08999999999999986,0.1340389961643715,0.1880591451885974,0.7127491514967212,41.614333942239625,11.544166666666667,11.415,11.34281914691654,11.514675785828038,-0.17185663891149794,-0.11715027501931649,-0.1366637337296778,-0.07038581036364028,-0.5231530154562922
000004.SZ,20251216,10.82,10.92,10.3,10.43,10.82,-0.39,-3.6044,27769.89,29166.423,-0.9399999999999995,-1.5600000000000005,-1.2100000000000009,11.088,11.284,11.261500000000002,10.914278442324335,11.149564382312569,11.356137941299497,0.6199999999999992,0.5485714285714284,0.0,0.39000000000000057,0.12446478215263068,0.20248349196084048,0.6146910098562587,38.06864632949056,11.4325,11.355384615384615,11.202385432006302,11.434329431322258,-0.23194399931595555,-0.12984853143642403,-0.15571978684693336,-0.1524484249380444,0.28870253082317643
000004.SZ,20251217,10.36,10.43,9.91,10.2,10.43,-0.23,-2.2052,47551.07,47696.976,-1.7400000000000002,-1.4600000000000009,-0.9800000000000004,10.74,11.138000000000002,11.212499999999999,10.676185628216224,10.97691631280119,11.24602956593764,0.5199999999999996,0.5464285714285712,0.0,0.23000000000000043,0.11557444057029993,0.2044489568207805,0.5652972867531539,36.11437210919416,11.2525,11.28730769230769,11.048172288620718,11.342897621594682,-0.2947253329739645,-0.14913110107891508,-0.1835208960723396,-0.22240887380324986,0.7123247517365031
000004.SZ,20251218,10.2,10.65,10.18,10.43,10.2,0.23,2.2549,23290.5,24432.488,-0.9100000000000001,-0.9900000000000002,-0.6600000000000001,10.558,11.038999999999998,11.179499999999999,10.59412375214415,10.877476983200973,11.16831246441977,0.47000000000000064,0.5399999999999999,0.23000000000000043,0.0,0.12374769481527854,0.18984545990501048,0.6518338383082531,39.461223229077156,11.1225,11.229230769230771,10.953068859602144,11.275275575550632,-0.3222067159484876,-0.17290939807996766,-0.2112580600475692,-0.2218973118018368,-0.5102002962288756
000004.SZ,20251219,10.4,10.62,10.34,10.57,10.43,0.14,1.3423,14060.0,14728.224,-0.33999999999999986,-1.0299999999999994,0.030000000000001137,10.489999999999998,10.935999999999998,11.181000000000001,10.586082501429434,10.821572077164431,11.11133032495122,0.27999999999999936,0.5178571428571427,0.14000000000000057,0.0,0.12490857375704441,0.17628506991179546,0.7085601396620975,41.471185193529664,11.031666666666666,11.193461538461538,10.894135188894122,11.223032940324659,-0.3288977514305369,-0.1964822207285041,-0.23478599832416275,-0.1882235062127483,-0.39632038814108755
000004.SZ,20251222,10.58,10.74,10.51,10.59,10.57,0.02,0.1892,15778.0,16783.751,-0.23000000000000043,-0.7599999999999998,-0.16000000000000014,10.443999999999999,10.86,11.173,10.58738833428629,10.779468063134534,11.06167981781301,0.23000000000000043,0.48214285714285704,0.019999999999999574,0.0,0.11741510420296977,0.16369327920381008,0.717287262947304,41.76862417975754,10.962499999999999,11.154230769230768,10.847345159833488,11.17614161141172,-0.3287964515782331,-0.2196254230421797,-0.25358808897497687,-0.1504167252065125,0.12219061166429587
000004.SZ,20251223,10.59,10.85,10.12,10.28,10.59,-0.31,-2.9273,28691.0,29906.685,-0.15000000000000036,-1.0899999999999999,-0.5400000000000009,10.414,10.751000000000001,11.146,10.484925556190861,10.688655688019164,10.987234120878437,0.7300000000000004,0.4828571428571428,0.0,0.3100000000000005,0.10902831104561479,0.17414375926068085,0.6260822179817949,38.502494588425805,10.8525,11.11307692307692,10.760061289089874,11.10976075130715,-0.3496994622172753,-0.24996822471892186,-0.2728103636234366,-0.1537781971876775,0.8184180504499937
000004.SZ,20251224,10.32,10.76,10.16,10.58,10.28,0.3,2.9183,22633.0,23840.123,0.3800000000000008,-1.3599999999999994,-0.09999999999999964,10.489999999999998,10.614999999999998,11.141,10.516617037460573,10.668900108379315,10.948449918890015,0.5999999999999996,0.4914285714285714,0.3000000000000007,0.0,0.12266914597092807,0.16170491931348938,0.7585987271860012,43.136544764811866,10.788333333333334,11.07230769230769,10.732359552306818,11.070519214173288,-0.3381596618664702,-0.27762874325645154,-0.2858802232720433,-0.1045588771888537,-0.21114635251472588
000004.SZ,20251225,10.58,10.92,10.58,10.92,10.58,0.34,3.2136,26841.37,28998.836,0.4900000000000002,-0.41999999999999993,-0.2900000000000009,10.588,10.572999999999999,11.1265,10.651078024973717,10.71455463412853,10.945740402805253,0.33999999999999986,0.48571428571428565,0.33999999999999986,0.0,0.13819277840157604,0.15015456793395443,0.9203368255993398,47.92580204319633,10.750833333333333,11.062307692307693,10.761227313490384,11.059369642753046,-0.29814232926266193,-0.296047593722787,-0.28833264447016704,-0.019619369584989776,0.1859395572836124
000004.SZ,20251226,10.91,10.99,10.73,10.89,10.92,-0.03,-0.2747,21412.15,23217.644,0.3200000000000003,-0.019999999999999574,-0.879999999999999,10.652,10.571,11.0825,10.730718683315812,10.746453791559707,10.940431793014277,0.2599999999999998,0.4671428571428571,0.0,0.02999999999999936,0.12832186565860632,0.14157209879581478,0.9064064653281797,47.54528909825879,10.663333333333332,11.054615384615385,10.781038496030325,11.046823743289858,-0.265785247259533,-0.30648410576145757,-0.2838231650280403,0.036075835537014544,-0.20227059945151823
000004.SZ,20251229,10.9,11.2,10.71,10.88,10.89,-0.01,-0.0918,27590.0,30271.05,0.2900000000000009,0.0600000000000005,-1.4799999999999986,10.71,10.577,11.008500000000002,10.780479122210544,10.770734920367033,10.934676384155775,0.48999999999999844,0.4849999999999998,0.0,0.009999999999999787,0.119156018111563,0.13217409173897085,0.9015081287404108,47.41016433821842,10.624999999999998,11.067692307692308,10.79626334279489,11.034466428972092,-0.23820308617720087,-0.3071795598571515,-0.2746991492578724,0.0729921261613431,0.2885207697498849
000004.SZ,20251230,10.84,11.41,10.73,11.27,10.88,0.39,3.5846,40997.42,45564.674,0.9900000000000002,0.8399999999999999,-0.7200000000000006,10.908000000000001,10.661,10.9725,10.943652748140362,10.861510389391208,10.96661196661713,0.6799999999999997,0.4807142857142855,0.3899999999999988,0.0,0.13850201681787982,0.12273308518618721,1.1284815060891773,53.01814945823151,10.655,11.087692307692306,10.86914590544183,11.051913360159343,-0.18276745471751354,-0.2947397956064347,-0.25631281034980063,0.14709071126457418,0.4859521565784704
000004.SZ,20251231,11.3,11.35,11.07,11.08,11.27,-0.19,-1.6859,18056.0,20248.567,0.5,0.8800000000000008,-0.5800000000000001,11.008000000000001,10.748999999999999,10.9435,10.989101832093576,10.90123577313826,10.977410826939309,0.27999999999999936,0.45785714285714263,0.0,0.1899999999999995,0.1286090156166027,0.12753786481574522,1.0083986885181508,50.2090891755249,10.676666666666668,11.097692307692306,10.901584996912318,11.053993851999392,-0.15240885508707436,-0.27587336662183326,-0.2355320192972554,0.16624632842036208,-0.5595820419919106
000004.SZ,20260105,11.08,11.08,10.73,10.93,11.08,-0.15,-1.3538,37855.73,41148.292,0.009999999999999787,0.5,-0.4900000000000002,11.010000000000002,10.798999999999998,10.919,10.969401221395717,10.906465632567667,10.972895510087946,0.34999999999999964,0.44428571428571406,0.0,0.15000000000000036,0.11942265735827394,0.12914230304319202,0.9247369339412561,48.044847980741224,10.718333333333334,11.10730769230769,10.905956535848885,11.04480912222166,-0.1388525863727743,-0.25475723717097076,-0.2161961327123592,0.1546870926791698,1.096573438192291
000004.SZ,20260106,10.93,11.15,10.9,10.97,10.93,0.04,0.366,25966.73,28615.306,0.08000000000000007,0.40000000000000036,-0.629999999999999,11.026,10.839000000000002,10.887500000000001,10.969600814263812,10.918017335737181,10.972619747222428,0.25,0.43571428571428544,0.040000000000000924,0.0,0.11374961040411158,0.11991785282582115,0.9485627679585887,48.68012381004028,10.782499999999999,11.098076923076924,10.915809376487518,11.039267705760796,-0.12345832927327827,-0.23194189024819797,-0.19764857202454303,0.14838048550252952,-0.3140607775890203
000004.SZ,20260107,10.97,11.0,10.58,10.65,10.97,-0.32,-2.917,25585.0,27467.906,-0.23000000000000043,0.0600000000000005,-0.6999999999999993,10.98,10.845,10.852500000000003,10.863067209509207,10.869286911057692,10.941894057010767,0.41999999999999993,0.4214285714285712,0.0,0.3200000000000003,0.10562463823238932,0.13420943476683395,0.7870135092655308,44.04071402845725,10.800833333333332,11.054999999999998,10.874915626258668,11.010433060889627,-0.1355174346309589,-0.2081438871830517,-0.1852223445458262,0.09940981982973462,-0.014700734362778816
000004.SZ,20260108,10.6,10.73,10.38,10.41,10.65,-0.24,-2.2535,36705.73,38560.314,-0.8599999999999994,0.13000000000000078,-0.9599999999999991,10.807999999999998,10.858,10.8045,10.712044806339472,10.785780199956292,10.891237480152599,0.34999999999999964,0.4092857142857141,0.0,0.2400000000000002,0.09808002121579008,0.1417659037120601,0.691844926372422,40.89292792666553,10.787500000000001,10.98,10.803390145295797,10.965956537860766,-0.16256639256496896,-0.18863352392732935,-0.18069115414965475,0.03624952316937158,0.43465819816298623
000004.SZ,20260109,10.43,10.67,10.43,10.58,10.41,0.17,1.633,23824.93,25140.936,-0.5,0.0,-1.3599999999999994,10.707999999999998,10.858,10.736500000000001,10.668029870892983,10.748365618146057,10.861595815376162,0.2599999999999998,0.394285714285714,0.16999999999999993,0.0,0.10321716255751935,0.13163976773262726,0.7840880027011526,43.94895327551244,10.786666666666667,10.92576923076923,10.769022430634905,10.937367164685895,-0.16834473405099004,-0.17421156890381026,-0.1782218701299218,0.019754272157863517,-0.35092068731503234
000004.SZ,20260112,10.55,10.68,10.46,10.61,10.58,0.03,0.2836,31789.0,33619.299,-0.3200000000000003,-0.3100000000000005,-0.7300000000000004,10.644,10.827000000000002,10.7,10.648686580595323,10.723208233028592,10.83763430914986,0.21999999999999886,0.3899999999999997,0.02999999999999936,0.0,0.09798736523198222,0.12223692718029674,0.8016183610984677,44.49434899240878,10.814166666666667,10.885384615384616,10.744557441306458,10.913117745079532,-0.16856030377307363,-0.16340879740531478,-0.17628955685855216,0.015458506170957065,0.3342746442486924
000004.SZ,20260113,10.62,11.14,10.52,11.14,10.61,0.53,4.9953,54818.0,60363.402,0.16999999999999993,0.25,0.23000000000000043,10.678,10.852,10.711500000000001,10.812457720396882,10.79898855429612,10.86643104161178,0.620000000000001,0.4178571428571426,0.5300000000000011,0.0,0.128845410572555,0.11350571809598983,1.1351446670166225,53.16476604850987,10.860833333333332,10.874615384615385,10.805394758028541,10.929923838036604,-0.12452908000806318,-0.1507783522754106,-0.1659374614884544,0.08281676296078244,0.7244329799616219
000004.SZ,20260114,11.14,11.58,11.01,11.4,11.14,0.26,2.3339,58607.38,66666.074,0.75,0.5199999999999996,0.5800000000000001,10.828,10.904,10.740499999999999,11.008305146931257,10.908263362605915,10.917247132886848,0.5700000000000003,0.40642857142857114,0.2599999999999998,0.0,0.13821359553165818,0.10539816680341914,1.3113472437280997,56.735189716148206,10.900833333333333,10.866923076923076,10.896872487562613,10.964744294478338,-0.06787180691572559,-0.13801216918632303,-0.14632433057390862,0.15690504731636606,0.06912656426721145
000004.SZ,20260115,11.3,11.64,10.89,10.9,11.4,-0.5,-4.386,42137.0,46918.711,0.4900000000000002,-0.3699999999999992,0.47000000000000064,10.925999999999998,10.867,10.764000000000001,10.972203431287506,10.906760933041204,10.915604548802387,0.75,0.41714285714285687,0.0,0.5,0.12834119585082546,0.13358401203174636,0.9607526671704175,48.99917685981729,10.901666666666666,10.849615384615381,10.89735364332221,10.959948420813276,-0.06259477749106601,-0.12803282723121098,-0.1295784199573401,0.13396728493254817,-0.2810291127158388
000004.SZ,20260116,11.0,11.45,10.96,11.14,10.9,0.24,2.2018,61578.21,69453.813,0.5600000000000005,0.0600000000000005,0.9400000000000013,11.038,10.873000000000001,10.810999999999998,11.028135620858338,10.94916803612462,10.93697554415454,0.5499999999999989,0.43214285714285683,0.2400000000000002,0.0,0.13631682471862366,0.12404229688662162,1.0989543739521475,52.35723022806411,10.923333333333334,10.84076923076923,10.93468385204187,10.97328557482711,-0.038601722785239545,-0.11689384238815156,-0.11138308052292,0.1455627154753609,0.461380971592662
000004.SZ,20260119,10.87,11.11,10.58,10.91,11.14,-0.23,-2.0646,56602.14,61113.838,0.3000000000000007,-0.019999999999999574,0.4800000000000004,11.097999999999999,10.870999999999999,10.835,10.988757080572226,10.942046575011053,10.93440644471125,0.5600000000000005,0.4535714285714283,0.0,0.23000000000000043,0.1265799086672934,0.13161070425186297,0.9617751792062282,49.02575939386596,10.893333333333336,10.801153846153845,10.930886336343121,10.968597754469545,-0.03771141812642398,-0.10736640781627887,-0.0966487480436208,0.11787465983439363,-0.08080894199425413
000004.SZ,20260120,10.84,11.46,10.81,11.45,10.91,0.54,4.9496,64237.63,72731.777,0.3099999999999987,0.47999999999999865,0.879999999999999,11.16,10.919,10.879000000000001,11.142504720381485,11.03440174319086,10.983510592833987,0.6500000000000004,0.46499999999999986,0.5399999999999991,0.0,0.1561099151910581,0.12220993966244419,1.277391312214448,56.09011088096063,10.924166666666666,10.805384615384614,11.010749976905718,11.004257180064394,0.006492796841323312,-0.09158749320824751,-0.07602043906663199,0.1650264718159106,0.13489754980995414
000004.SZ,20260121,11.47,11.85,11.35,11.42,11.45,-0.03,-0.262,49564.0,57295.64,0.019999999999999574,0.7699999999999996,0.8300000000000001,11.164000000000001,10.996,10.920499999999999,11.235003146920992,11.104510517156157,11.025081012564083,0.5,0.452142857142857,0.0,0.02999999999999936,0.14495920696312536,0.115623515400841,1.2537173468613547,55.62886351331267,10.964999999999998,10.825000000000001,11.073711518920222,11.035052944504068,0.03865857441615361,-0.06922916354367833,-0.053084636370074864,0.18348642157245695,-0.2284273252297757
000004.SZ,20260122,11.57,11.99,11.52,11.99,11.42,0.57,4.9912,43186.0,51326.223,1.0899999999999999,1.58,1.7100000000000009,11.382000000000001,11.154,11.006,11.486668764613995,11.265508604945946,11.116978058986552,0.5700000000000003,0.4728571428571428,0.5700000000000003,0.0,0.17531926360861644,0.1073646928722095,1.6329321951052351,62.01953085388774,11.049999999999999,10.870000000000003,11.21467897754788,11.105789763429694,0.10888921411818586,-0.03842539152488102,-0.02068986627242272,0.2591581607812172,-0.12868210798159954
000004.SZ,20260123,12.28,12.59,12.02,12.59,11.99,0.6,5.0042,64370.3,80209.551,1.4499999999999993,2.01,2.01,11.672,11.355,11.1065,11.854445843075997,11.5063252222285,11.257265862892595,0.5999999999999996,0.49071428571428566,0.5999999999999996,0.0,0.20565360192228668,0.09969578623848026,2.0628113753007264,67.35025839122028,11.211666666666666,10.953076923076923,11.4262668271559,11.215731262434902,0.21053556472099721,0.003696371641126856,0.025555219926261266,0.3699606895894719,0.4905362849071459
000004.SZ,20260126,13.0,13.2,12.35,12.72,12.59,0.13,1.0326,69558.0,89268.214,1.8100000000000005,2.110000000000001,1.8000000000000007,12.034,11.565999999999999,11.196499999999999,12.142963895384,11.7269933636415,11.396573875950443,0.8499999999999996,0.5335714285714285,0.13000000000000078,0.0,0.20024977321355197,0.09257465865001738,2.163116517346342,68.38560974545011,11.404166666666667,11.05,11.625302699901146,11.327158576328612,0.29814412357253417,0.05066006092785989,0.08007300065551586,0.4361422458340366,0.08059151503100027
000004.SZ,20260127,12.82,12.91,12.08,12.26,12.72,-0.46,-3.6164,65874.0,81504.565,0.8100000000000005,1.1199999999999992,1.3699999999999992,12.196,11.678,11.265,12.181975930256,11.823903661161225,11.478804935383735,0.8300000000000001,0.5628571428571428,0.0,0.46000000000000085,0.18594621798401256,0.11881932588930191,1.5649492756527625,61.012874231381964,11.544166666666667,11.120384615384616,11.722948438377893,11.396257941045011,0.3266904973328817,0.09450031695548293,0.129396499990989,0.39458799468378536,-0.05296299491072199
000004.SZ,20260128,12.4,12.4,11.65,11.65,12.26,-0.61,-4.9755,66100.0,78313.104,0.23000000000000043,0.25,0.7699999999999996,12.241999999999999,11.703000000000001,11.303500000000001,12.004650620170667,11.792284813677366,11.49510922725195,0.75,0.5914285714285714,0.0,0.6099999999999994,0.1726643452708688,0.15390365975435172,1.1218988914653578,52.87240103559261,11.630833333333333,11.161923076923076,11.711725601704371,11.41505364911575,0.2966719525886212,0.1344188425198926,0.16285159051051545,0.26764072415621154,0.0034307921182864256
