ts_code,trade_date,open,high,low,close,pre_close,change,pct_chg,vol,amount,mtm_5,mtm_10,mtm_20,ma_5,ma_10,ma_20,ema_5,ema_10,ema_20,tr,atr,u,d,au,ad,rs,rsi,ma_12,ma_26,ema_12,ema_26,dif,dif_ma_9,dea,macd,volume_change_rate
000002.SZ,20250205,7.05,7.18,6.88,6.97,7.27,-0.3,-4.1265,2765846.82,1931084.569,,,,,,,,,,,,,,,,,,,,,,,,,,
000002.SZ,20250206,6.97,7.16,6.92,7.02,6.97,0.05,0.7174,1868805.47,1316869.589,,,,,,,,,,0.2400000000000002,,0.04999999999999982,0.0,,,,,,,,,,,,,-0.3243279213850317
000002.SZ,20250207,7.05,7.65,7.01,7.42,7.02,0.4,5.698,3269215.82,2417401.435,,,,,,,,,,0.6400000000000006,,0.40000000000000036,0.0,,,,,,,,,,,,,0.7493612216364071
000002.SZ,20250210,7.39,7.45,7.27,7.42,7.42,0.0,0.0,1862257.73,1370839.101,,,,,,,,,,0.1800000000000006,,0.0,-0.0,,,,,,,,,,,,,-0.43036561899422104
000002.SZ,20250211,7.46,7.54,7.22,7.24,7.42,-0.18,-2.4259,1736090.54,1268761.11,,,,7.214,,,7.214,,,0.3200000000000003,,0.0,0.17999999999999972,,,,,,,,,,,,,-0.06774958587499054
000002.SZ,20250212,7.25,7.96,7.13,7.96,7.24,0.72,9.9448,3797389.87,2862874.54,0.9900000000000002,,,7.412000000000001,,,7.462666666666667,,,0.8300000000000001,,0.7199999999999998,0.0,,,,,,,,,,,,,1.1873224826166036
000002.SZ,20250213,7.79,8.22,7.7,7.97,7.96,0.01,0.1256,5741530.31,4569427.868,0.9500000000000002,,,7.601999999999999,,,7.631777777777779,,,0.5200000000000005,,0.009999999999999787,0.0,,,,,,,,,,,,,0.5119675636570863
000002.SZ,20250214,7.93,8.05,7.71,7.81,7.97,-0.16,-2.0075,2629994.42,2055201.912,0.3899999999999997,,,7.68,,,7.691185185185185,,,0.34000000000000075,,0.0,0.16000000000000014,,,,,,,,,,,,,-0.5419349410349102
000002.SZ,20250217,7.75,7.87,7.62,7.68,7.81,-0.13,-1.6645,2245270.83,1732605.874,0.2599999999999998,,,7.731999999999999,,,7.687456790123457,,,0.25,,0.0,0.1299999999999999,,,,,,,,,,,,,-0.14628304420508995
000002.SZ,20250218,7.64,7.76,7.47,7.52,7.68,-0.16,-2.0833,2009495.45,1528472.572,0.27999999999999936,,,7.787999999999999,7.5009999999999994,,7.631637860082305,7.5009999999999994,,0.29000000000000004,,0.0,0.16000000000000014,,,,,,,,,,,,,-0.10500977291902025
000002.SZ,20250219,7.5,7.72,7.48,7.65,7.52,0.13,1.7287,1809174.57,1375280.251,-0.3099999999999996,0.6800000000000006,,7.726000000000001,7.569,,7.637758573388204,7.528090909090908,,0.23999999999999932,,0.13000000000000078,0.0,,,,,,,,,,,,,-0.09968715281241362
000002.SZ,20250220,7.59,7.6,7.49,7.52,7.65,-0.13,-1.6993,1370246.87,1032220.443,-0.4500000000000002,0.5,,7.635999999999998,7.619,,7.598505715592136,7.5266198347107425,,0.16000000000000014,,0.0,0.13000000000000078,,,,,7.515,,7.515,,,,,,-0.24261213222779265
000002.SZ,20250221,7.53,7.73,7.49,7.62,7.52,0.1,1.3298,1935128.82,1474661.906,-0.1899999999999995,0.20000000000000018,,7.598000000000001,7.639,,7.605670477061425,7.543598046581517,,0.2400000000000002,,0.10000000000000053,0.0,,,,,7.569166666666667,,7.531153846153845,,,,,,0.41224830529990547
000002.SZ,20250224,7.66,8.07,7.66,7.82,7.62,0.2,2.6247,3175918.06,2493456.398,0.14000000000000057,0.40000000000000036,,7.6259999999999994,7.678999999999999,,7.677113651374284,7.593852947203058,,0.4500000000000002,,0.20000000000000018,0.0,,,,,7.635833333333333,,7.57559171597633,,,,,,0.6411920628622543
000002.SZ,20250225,7.75,7.86,7.67,7.68,7.82,-0.14,-1.7903,1771479.75,1369423.942,0.16000000000000014,0.4399999999999995,,7.6579999999999995,7.723000000000002,,7.678075767582856,7.609516047711593,,0.1900000000000004,0.34928571428571453,0.0,0.14000000000000057,0.11500000000000009,0.06428571428571438,1.7888888888888876,64.1434262948207,7.6575000000000015,,7.591654528903049,,,,,,-0.44221490714404643
000002.SZ,20250226,7.71,7.86,7.7,7.84,7.68,0.16,2.0833,1941435.67,1510578.616,0.1899999999999995,-0.1200000000000001,,7.696000000000001,7.711,,7.732050511721904,7.65142222085494,,0.1800000000000006,0.34500000000000025,0.16000000000000014,0.0,0.11821428571428581,0.05969387755102049,1.9803418803418793,66.4468024089475,7.6925,,7.629861524456426,,,,,,0.09594008624710496
000002.SZ,20250227,7.78,7.89,7.74,7.81,7.84,-0.03,-0.3827,1715773.42,1339145.182,0.29000000000000004,-0.16000000000000014,,7.7540000000000004,7.695,,7.75803367448127,7.68025454433586,,0.14999999999999947,0.31000000000000016,0.0,0.03000000000000025,0.1097704081632654,0.05757288629737619,1.9066337511077336,65.59594067815063,7.740000000000002,,7.657575136078513,,,,,,-0.11623472952879248
000002.SZ,20250228,7.77,8.03,7.67,7.75,7.81,-0.06,-0.7682,2726790.23,2127729.15,0.1299999999999999,-0.05999999999999961,,7.779999999999999,7.689,,7.755355782987514,7.692935536274794,,0.35999999999999943,0.32285714285714295,0.0,0.05999999999999961,0.10192966472303215,0.057746251561849295,1.7651304104797187,63.835340416132084,7.7225,,7.671794345912589,,,,,,0.5892484393422996
000002.SZ,20250303,7.75,7.96,7.75,7.79,7.75,0.04,0.5161,1893661.81,1482908.61,-0.03000000000000025,0.11000000000000032,,7.773999999999999,7.700000000000001,,7.76690385532501,7.7105836205884675,,0.20999999999999996,0.31500000000000006,0.040000000000000036,0.0,0.09750611724281556,0.05362151930743149,1.8184139222870181,64.5190512262108,7.7075000000000005,,7.689979831156806,,,,,,-0.3055344745019128
000002.SZ,20250304,7.72,7.73,7.53,7.64,7.79,-0.15,-1.9255,1458434.21,1110094.218,-0.040000000000000036,0.1200000000000001,,7.766,7.712000000000001,7.606499999999999,7.724602570216673,7.697750235026927,7.606499999999999,0.2599999999999998,0.27428571428571435,0.0,0.15000000000000036,0.09054139458261445,0.06050569649975784,1.4964110789630665,59.94249471063197,7.693333333333334,,7.682290626363451,,,,,,-0.22983385824314642
000002.SZ,20250305,7.6,7.69,7.42,7.53,7.64,-0.11,-1.4398,1364691.06,1027113.711,-0.3099999999999996,-0.1200000000000001,0.5600000000000005,7.703999999999999,7.7,7.634499999999998,7.659735046811115,7.667250192294758,7.599214285714284,0.27000000000000046,0.2564285714285715,0.0,0.10999999999999943,0.08407415211242772,0.06404100389263225,1.3128175231822097,56.762693555516734,7.680833333333335,,7.658861299230613,,,,,,-0.06427657096716068
000002.SZ,20250306,7.58,7.82,7.56,7.77,7.53,0.24,3.1873,2117133.02,1624520.449,-0.040000000000000036,0.25,0.75,7.696000000000001,7.725,7.672,7.696490031207411,7.685931975513892,7.615479591836734,0.29000000000000004,0.25285714285714284,0.23999999999999932,0.0,0.09521171267582569,0.059466646471729945,1.6010943667571487,61.55464358462604,7.701666666666667,,7.675959560887442,,,,,,0.551364321240589
000002.SZ,20250307,7.65,7.66,7.52,7.53,7.77,-0.24,-3.0888,1593728.04,1205270.123,-0.21999999999999975,-0.08999999999999986,0.11000000000000032,7.651999999999999,7.715999999999999,7.677499999999999,7.640993354138274,7.657580707238639,7.607338678328474,0.25,0.25285714285714284,0.0,0.23999999999999932,0.08841087605612385,0.07236188600946347,1.2217878904449988,54.99120306215589,7.691666666666666,,7.653504243827835,,,,,,-0.24722347394118863
000002.SZ,20250310,7.54,7.57,7.44,7.48,7.53,-0.05,-0.664,977809.93,732008.884,-0.3099999999999996,-0.33999999999999986,0.0600000000000005,7.590000000000001,7.682,7.680499999999999,7.58732890275885,7.625293305922522,7.595211185154334,0.1299999999999999,0.2414285714285714,0.0,0.04999999999999982,0.08209581348068642,0.07076460843735892,1.1601253125474145,53.706389430680304,7.6883333333333335,,7.626811283238937,,,,,,-0.3864637469765544
000002.SZ,20250311,7.4,7.45,7.35,7.43,7.48,-0.05,-0.6684,872393.37,645348.2,-0.20999999999999996,-0.25,0.1899999999999995,7.548,7.656999999999999,7.69,7.534885935172567,7.589785432118426,7.579476786568207,0.13000000000000078,0.23357142857142868,0.0,0.05000000000000071,0.07623182680349454,0.06928142212040476,1.1003213339213882,52.38823774965148,7.672499999999999,,7.5965326242791,,,,,,-0.10780884583571375
000002.SZ,20250312,7.43,7.48,7.4,7.44,7.43,0.01,0.1346,661168.15,491951.065,-0.08999999999999986,-0.39999999999999947,-0.5199999999999996,7.529999999999999,7.616999999999999,7.664,7.5032572901150445,7.5625517171878025,7.56619328308552,0.08000000000000007,0.22785714285714295,0.010000000000000675,0.0,0.0715009820318164,0.06433274911180442,1.1114243214999913,52.638605617198564,7.640833333333333,7.588846153846154,7.572450682082316,7.588846153846154,-0.016395471763837932,,,,-0.24212153285850851
000002.SZ,20250313,7.41,7.44,7.33,7.35,7.44,-0.09,-1.2097,758376.5,559845.298,-0.41999999999999993,-0.45999999999999996,-0.6200000000000001,7.446000000000001,7.571,7.633,7.4521715267433635,7.523905950426384,7.545603446601184,0.11000000000000032,0.21857142857142867,0.0,0.09000000000000075,0.0663937690295438,0.06616612417524702,1.0034405045955819,50.085864905588416,7.613333333333332,7.603461538461539,7.538227500223497,7.571153846153846,-0.032926345930349044,,,,0.14702515540108818
000002.SZ,20250314,7.37,7.59,7.37,7.54,7.35,0.19,2.585,1456521.92,1092327.785,0.009999999999999787,-0.20999999999999996,-0.2699999999999996,7.448,7.55,7.6194999999999995,7.481447684495576,7.52683214125795,7.545069785020119,0.2400000000000002,0.20357142857142868,0.1900000000000004,0.0,0.07522278552743356,0.06143997244844366,1.2243297405537659,55.04263681017719,7.588333333333332,7.623461538461537,7.538500192496805,7.568846153846153,-0.030345961349348194,,,,0.9205789208921953
000002.SZ,20250317,7.6,7.73,7.54,7.56,7.54,0.02,0.2653,1290089.43,980824.633,0.07999999999999918,-0.23000000000000043,-0.1200000000000001,7.464,7.527000000000001,7.613499999999999,7.5076317896637175,7.532862661029231,7.546491710256298,0.1900000000000004,0.20357142857142868,0.019999999999999574,0.0,0.07127830084690255,0.05705140298784055,1.2493698158850572,55.5431039868146,7.5675,7.628846153846154,7.541807855189605,7.568190883190883,-0.026383028001277786,,,,-0.11426706849698492
000002.SZ,20250318,7.57,7.59,7.49,7.53,7.56,-0.03,-0.3968,893408.09,672571.247,0.10000000000000053,-0.10999999999999943,0.010000000000000675,7.483999999999999,7.516000000000001,7.614,7.515087859775812,7.532342177205734,7.54492107118427,0.09999999999999964,0.1978571428571429,0.0,0.02999999999999936,0.06618699364355236,0.05511915991728046,1.2007983021309077,54.56194240827262,7.549166666666667,7.633076923076923,7.539991262083512,7.5653619288804475,-0.02537066679693556,,,,-0.307483598249464
000002.SZ,20250319,7.49,7.52,7.43,7.47,7.53,-0.06,-0.7968,708566.38,528939.027,0.02999999999999936,-0.0600000000000005,-0.1800000000000006,7.49,7.51,7.6049999999999995,7.500058573183875,7.521007235895601,7.537785731071482,0.10000000000000053,0.1942857142857144,0.0,0.0600000000000005,0.06145935124044148,0.05546779135176046,1.1080187211833314,52.56209112608582,7.522500000000001,7.641923076923077,7.529223375609125,7.5582980822967105,-0.029074706687585383,,,,-0.20689504837593306
000002.SZ,20250320,7.45,7.49,7.41,7.43,7.47,-0.04,-0.5355,612302.39,456199.376,0.08000000000000007,-0.33999999999999986,-0.08999999999999986,7.506,7.475999999999999,7.600500000000001,7.476705715455917,7.504460465732763,7.5275204233503885,0.08000000000000007,0.17428571428571443,0.0,0.040000000000000036,0.05706939758040995,0.054362949112349006,1.0497847985117157,51.21439086063725,7.505,7.621538461538462,7.5139582409000285,7.548794520645102,-0.03483627974507364,,,,-0.13585740548401407
000002.SZ,20250321,7.4,7.42,7.27,7.36,7.43,-0.07,-0.9421,1306620.88,960505.549,-0.17999999999999972,-0.16999999999999993,-0.2599999999999998,7.470000000000001,7.458999999999999,7.587500000000001,7.4378038103039446,7.478194926508625,7.511566097317018,0.16000000000000014,0.17071428571428587,0.0,0.0699999999999994,0.05299301203895209,0.05547988131860975,0.9551752956107445,48.85369090715589,7.490833333333334,7.598076923076923,7.49027235768464,7.534809741338058,-0.04453738365341753,,,,1.133947051880689
000002.SZ,20250324,7.35,7.35,7.15,7.18,7.36,-0.18,-2.4457,1050612.5,759032.562,-0.3799999999999999,-0.3000000000000007,-0.6400000000000006,7.394,7.428999999999999,7.555500000000002,7.3518692068692975,7.42397766714342,7.479988373763016,0.20999999999999996,0.16714285714285732,0.0,0.1800000000000006,0.04920779689331266,0.06437417551013767,0.7644027516214695,43.32359779642095,7.4416666666666655,7.573846153846154,7.442538148810081,7.508527538275979,-0.06598938946589872,-0.03398435926596931,-0.03398435926596931,-0.06401006039985882,-0.19593164621707249
000002.SZ,20250325,7.17,7.23,7.14,7.19,7.18,0.01,0.1393,655037.31,470444.41,-0.33999999999999986,-0.23999999999999932,-0.4899999999999993,7.325999999999999,7.404999999999999,7.5310000000000015,7.297912804579532,7.381436273117344,7.452370433404633,0.09000000000000075,0.1542857142857145,0.010000000000000675,0.0,0.0464072399723618,0.05977602011655641,0.7763521204970318,43.70485510945908,7.413333333333331,7.555000000000001,7.403686125916222,7.4849329058110925,-0.08124677989487061,-0.04119006016941738,-0.04343684339174957,-0.07561987300624208,-0.3765186403169579
000002.SZ,20250326,7.19,7.26,7.18,7.2,7.19,0.01,0.1391,709377.47,511845.528,-0.2699999999999996,-0.2400000000000002,-0.6399999999999997,7.272,7.381,7.499,7.265275203053022,7.348447859823281,7.428335154032764,0.08000000000000007,0.13928571428571448,0.009999999999999787,0.0,0.043806722831478795,0.05550630439394524,0.78922067159379,44.10974476897661,7.39,7.542692307692307,7.372349798852188,7.463826764639901,-0.09147696578771303,-0.047695684598013384,-0.05304486787094227,-0.07686419583354151,0.08295735093318564
000002.SZ,20250327,7.19,7.22,7.11,7.17,7.2,-0.03,-0.4167,562048.15,402664.947,-0.2599999999999998,-0.17999999999999972,-0.6399999999999997,7.220000000000001,7.363000000000001,7.466999999999999,7.233516802035348,7.316002794400866,7.4037318060296435,0.10999999999999943,0.12928571428571445,0.0,0.03000000000000025,0.040677671200658884,0.053684425508663446,0.7577182919484615,43.10806204949472,7.368333333333333,7.524230769230768,7.341219060567235,7.44206181911102,-0.10084275854378433,-0.055528662064061846,-0.06260444600551068,-0.07647662507654729,-0.20768818609364625
000002.SZ,20250328,7.17,7.21,7.11,7.12,7.17,-0.05,-0.6974,491441.4,351056.751,-0.2400000000000002,-0.41999999999999993,-0.6299999999999999,7.172,7.321000000000001,7.435499999999999,7.195677868023566,7.280365922691618,7.376709729264915,0.09999999999999964,0.12714285714285728,0.0,0.04999999999999982,0.03777212325775468,0.053421252258044616,0.707061734069827,41.41981042385107,7.341666666666668,7.508846153846154,7.307185358941507,7.4182053880657595,-0.11102002912425224,-0.0649327732999479,-0.072287562629259,-0.07746493298998647,-0.12562402349336083
000002.SZ,20250331,7.11,7.11,6.98,7.05,7.12,-0.07,-0.9831,727780.83,512135.422,-0.1299999999999999,-0.5099999999999998,-0.7400000000000002,7.146000000000001,7.2700000000000005,7.398500000000001,7.147118578682377,7.23848120947496,7.345594516953971,0.13999999999999968,0.12785714285714292,0.0,0.07000000000000028,0.03507411445362935,0.054605448525327165,0.6423189516951086,39.110487705944294,7.316666666666667,7.486923076923078,7.267618380642814,7.390930914875703,-0.12331253423288935,-0.07581520301505387,-0.08249255694998509,-0.08163995456580853,0.48091070471474306
000002.SZ,20250401,7.07,7.21,7.04,7.11,7.05,0.06,0.8511,709650.66,506589.289,-0.08000000000000007,-0.41999999999999993,-0.5299999999999994,7.130000000000001,7.228,7.372000000000002,7.134745719121586,7.215120989570422,7.323156943910736,0.16999999999999993,0.13428571428571434,0.0600000000000005,0.0,0.036854534849798726,0.05070505934494666,0.7268413709779378,42.09080134362984,7.280833333333334,7.459615384615386,7.2433693990054575,7.370121217477503,-0.1267518184720453,-0.08666821543554942,-0.09134440925439713,-0.07081481843529636,-0.02491157949296346
000002.SZ,20250402,7.09,7.1,7.02,7.04,7.11,-0.07,-0.9845,506853.28,357827.631,-0.16000000000000014,-0.4299999999999997,-0.4900000000000002,7.098000000000001,7.1850000000000005,7.347500000000001,7.103163812747725,7.183280809648527,7.296189615919237,0.09000000000000075,0.13285714285714295,0.0,0.07000000000000028,0.0342220680748131,0.0520832693917362,0.6570645137004966,39.65231940385736,7.237500000000001,7.4350000000000005,7.212081799158463,7.345667793960651,-0.13358599480218736,-0.09764040599745094,-0.09979272636395518,-0.06758653687646435,-0.2857707199201365
000002.SZ,20250403,7.0,7.23,6.99,7.14,7.04,0.1,1.4205,914330.05,653013.896,-0.03000000000000025,-0.29000000000000004,-0.6299999999999999,7.0920000000000005,7.156000000000001,7.316,7.115442541831817,7.175411571530612,7.281314414403119,0.2400000000000002,0.13285714285714295,0.09999999999999964,0.0,0.038920491783755,0.048363035863755045,0.8047570027117215,44.59087852284496,7.205000000000001,7.408076923076923,7.2009922915956235,7.330433142556158,-0.1294408509605347,-0.10707412458713063,-0.1057223512832711,-0.04743699935452722,0.8039343653847915
000002.SZ,20250407,6.86,6.93,6.46,6.6,7.14,-0.54,-7.563,1966334.8,1318713.482,-0.5200000000000005,-0.7600000000000007,-0.9300000000000006,6.9879999999999995,7.08,7.269499999999999,6.9436283612212115,7.070791285797773,7.216427327317107,0.6799999999999997,0.1678571428571429,0.0,0.54,0.036140456656343925,0.08347996187348683,0.43292373217796243,30.212615120830122,7.1325,7.36153846153846,7.10853193904245,7.2763269838482945,-0.16779504480584428,-0.1183858640693468,-0.11813688998778574,-0.0993163096361171,1.1505744014428925
000002.SZ,20250408,6.6,6.84,6.6,6.8,6.6,0.2,3.0303,1425550.14,962248.248,-0.25,-0.3799999999999999,-0.6800000000000006,6.938,7.042,7.2355,6.895752240814142,7.021556506561813,7.176767581858336,0.2400000000000002,0.17785714285714294,0.20000000000000018,0.0,0.04784470975231937,0.07751710745395204,0.617214848744722,38.16529691301082,7.079999999999999,7.325000000000001,7.061065486882073,7.241043503563236,-0.1799780166811633,-0.129356001490046,-0.13050511532646125,-0.09894580270940412,-0.275021659587167
000002.SZ,20250409,6.7,7.17,6.62,7.06,6.8,0.26,3.8235,1853079.77,1284483.339,-0.05000000000000071,-0.13000000000000078,-0.3700000000000001,6.928,7.028999999999999,7.2170000000000005,6.950501493876095,7.028546232641483,7.165646859776589,0.5499999999999998,0.21000000000000002,0.2599999999999998,0.0,0.06299865905572512,0.07198017120724119,0.8752224119381847,46.67299230034137,7.055,7.296923076923078,7.060901565823292,7.227632873669663,-0.16673130784637102,-0.1377175950521191,-0.1377503538304432,-0.057961908031855636,0.29990501070695424
000002.SZ,20250410,7.0,7.29,6.9,7.2,7.06,0.14,1.983,2073285.61,1478337.233,0.16000000000000014,0.0,-0.2400000000000002,6.959999999999999,7.029000000000001,7.205,7.0336676625840635,7.059719644888485,7.168918587416914,0.3899999999999997,0.23214285714285715,0.14000000000000057,0.0,0.06849875483745908,0.06683873040672396,1.0248362651509628,50.61329070351056,7.0566666666666675,7.28,7.0823013249274,7.2255859941385765,-0.14328466921117666,-0.1424333629040516,-0.13885721690658992,-0.008854904609173486,0.11883235873866352
000002.SZ,20250411,7.13,7.2,7.0,7.08,7.2,-0.12,-1.6667,1372578.32,972260.986,-0.05999999999999961,-0.08999999999999986,-0.2699999999999996,6.947999999999999,7.0200000000000005,7.1915,7.049111775056042,7.063406982181487,7.160450150520065,0.20000000000000018,0.23500000000000001,0.0,0.1200000000000001,0.06360598663478344,0.07063596394910084,0.9004759484929931,47.381601919615825,7.047499999999999,7.2626923076923084,7.081947274938569,7.214801846424608,-0.13285457148603896,-0.14485942316647232,-0.13765668782247972,0.009604232672881519,-0.3379694947094144
000002.SZ,20250414,7.06,7.12,7.03,7.05,7.08,-0.03,-0.4237,858333.44,606729.478,0.4500000000000002,-0.07000000000000028,-0.4900000000000002,7.037999999999999,7.013,7.167,7.049407850037362,7.060969349057579,7.149931088565773,0.08999999999999986,0.22642857142857142,0.0,0.03000000000000025,0.05906270187515605,0.06773339509559365,0.8719879136694616,46.58085168724167,7.035,7.235,7.077032309563405,7.202594302245007,-0.12556199268160206,-0.14510936299410707,-0.1352377487943042,0.019351512225404266,-0.37465612891219213
000002.SZ,20250415,7.04,7.04,6.92,6.99,7.05,-0.06,-0.8511,760954.82,530444.356,0.1900000000000004,-0.05999999999999961,-0.5699999999999994,7.0760000000000005,7.007,7.138500000000002,7.029605233358242,7.04806583104711,7.134699556321413,0.1299999999999999,0.22928571428571423,0.0,0.05999999999999961,0.05484393745550204,0.06718100973162264,0.8163607197122338,44.94485653937561,7.02,7.21423076923077,7.063642723476727,7.186846576152784,-0.12320385267605705,-0.1447151445723306,-0.13283096957065477,0.01925423378919544,-0.11345080531873487
000002.SZ,20250416,6.98,7.09,6.95,7.04,6.99,0.05,0.7153,829087.5,581043.513,-0.019999999999999574,-0.07000000000000028,-0.4900000000000002,7.072,7.0,7.114,7.033070155572162,7.046599316311271,7.125680550957469,0.13999999999999968,0.23357142857142849,0.04999999999999982,0.0,0.05449794192296616,0.06238236617936388,0.8736113305845412,46.62713746036038,7.013333333333333,7.197307692307693,7.060005381403384,7.175969051993318,-0.11596367058993451,-0.14275710854874696,-0.1294575097745107,0.02698767836915239,0.08953577559308981
000002.SZ,20250417,7.02,7.34,7.0,7.2,7.04,0.16,2.2727,2450033.54,1771549.815,0.0,0.16000000000000014,-0.2699999999999996,7.072,7.016,7.1004999999999985,7.088713437048108,7.074490349709221,7.132758593723425,0.33999999999999986,0.24999999999999994,0.16000000000000014,0.0,0.06203380321418288,0.05792648288083789,1.070905743436802,51.71195004073748,7.025833333333334,7.188461538461539,7.081543015033633,7.177749122216035,-0.09620610718240208,-0.13906435924006555,-0.12280722925608897,0.05320224414737379,1.9550964644865592
000002.SZ,20250418,7.19,7.36,7.1,7.31,7.2,0.11,1.5278,1632146.62,1186602.048,0.22999999999999954,0.16999999999999993,-0.1200000000000001,7.117999999999999,7.0329999999999995,7.094499999999999,7.1624756246987396,7.117310286125726,7.149638727654527,0.2600000000000007,0.26142857142857145,0.10999999999999943,0.0,0.06545996012745549,0.05378887696077804,1.2169794914139556,54.893583640585895,7.0425,7.183461538461538,7.116690243489996,7.187545483533365,-0.07085524004336907,-0.12829326982201275,-0.112416831413545,0.08312318274035185,-0.3338268258972487
000002.SZ,20250421,7.2,7.23,7.14,7.18,7.31,-0.13,-1.7784,1303505.91,935068.537,0.1299999999999999,0.5800000000000001,-0.1800000000000006,7.144,7.090999999999999,7.085500000000001,7.168317083132493,7.128708415921048,7.152530277401715,0.16999999999999993,0.2635714285714286,0.0,0.1299999999999999,0.0607842486897801,0.05923252860643674,1.0261970933851832,50.64645965268403,7.054166666666667,7.176923076923078,7.126430206029997,7.18698655882719,-0.06055635279719329,-0.11502419605712719,-0.10204473569027465,0.08297676578616273,-0.2013548942067473
000002.SZ,20250422,7.16,7.22,7.13,7.18,7.18,0.0,0.0,838689.46,601805.775,0.1899999999999995,0.3799999999999999,0.0,7.1819999999999995,7.129,7.085500000000001,7.172211388754995,7.138034158480857,7.155146441458695,0.08999999999999986,0.2578571428571429,0.0,-0.0,0.056442516640510094,0.05500163370597698,1.0261970933851832,50.64645965268403,7.0575,7.163076923076924,7.134671712794613,7.186469035951101,-0.05179732315648877,-0.10225375331380694,-0.09199525318351748,0.08039586005405741,-0.35658944576630264
000002.SZ,20250423,7.18,7.23,7.05,7.07,7.18,-0.11,-1.532,1086564.53,772617.003,0.03000000000000025,0.010000000000000675,-0.1200000000000001,7.188,7.129999999999998,7.0795,7.138140925836664,7.125664311484337,7.1470372565578675,0.1800000000000006,0.2642857142857143,0.0,0.10999999999999943,0.05241090830904509,0.058930088441264294,0.8893743365290062,47.07242600547265,7.096666666666667,7.144230769230769,7.124722218518518,7.177841699954723,-0.05311948143620526,-0.0922353991165879,-0.08422009883405504,0.062201234795699556,0.29555047705023035
000002.SZ,20250424,7.07,7.15,7.01,7.08,7.07,0.01,0.1414,830273.57,587786.791,-0.1200000000000001,-0.1200000000000001,-0.1200000000000001,7.164,7.117999999999999,7.073500000000001,7.118760617224444,7.117361709396276,7.140652755933309,0.14000000000000057,0.2571428571428572,0.009999999999999787,0.0,0.049381557715541854,0.05472079640974541,0.9024276135489016,47.43558215418559,7.119999999999998,7.1269230769230765,7.117841877207977,7.170594166624745,-0.052752289416767795,-0.08333514555333554,-0.07792653695059759,0.05034849506765959,-0.23587274655468468
000002.SZ,20250425,7.09,7.27,7.05,7.05,7.08,-0.03,-0.4237,1832110.45,1310711.145,-0.2599999999999998,-0.03000000000000025,-0.1200000000000001,7.111999999999999,7.114999999999999,7.067500000000001,7.095840411482963,7.1051141258696795,7.132019160130137,0.21999999999999975,0.22428571428571434,0.0,0.03000000000000025,0.045854303593003146,0.05295502523762076,0.8659103340475219,46.406856655817656,7.119166666666665,7.110769230769232,7.107404665329826,7.161661265393282,-0.05425660006345634,-0.07541232415131935,-0.07319254957316934,0.037871899019426,1.2066346758454567
000002.SZ,20250428,6.97,6.99,6.81,6.83,7.05,-0.22,-3.1206,1357216.01,930464.636,-0.34999999999999964,-0.21999999999999975,-0.29000000000000004,7.042,7.092999999999999,7.053,7.007226940988643,7.0550933757115555,7.103255430593934,0.2400000000000002,0.22428571428571434,0.0,0.21999999999999975,0.04257899619350292,0.06488680914921927,0.6562041923742099,39.620971580413936,7.088333333333332,7.087692307692308,7.064727024509853,7.137093764253039,-0.07236673974318553,-0.06976375604766696,-0.07302738760717259,0.0013212957279741255,-0.259206228532783
000002.SZ,20250429,6.83,6.86,6.8,6.81,6.83,-0.02,-0.2928,652918.99,445664.688,-0.3700000000000001,-0.1800000000000006,-0.2400000000000002,6.968000000000001,7.075,7.0409999999999995,6.941484627325762,7.0105309437639995,7.0753263419659405,0.0600000000000005,0.18928571428571436,0.0,0.020000000000000462,0.03953763932253843,0.061680608495703636,0.6410059869187644,39.06177015979994,7.065833333333333,7.066538461538462,7.025538251508337,7.112864596530591,-0.08732634502225434,-0.06658183098459139,-0.07588717909018894,-0.022878331864130796,-0.5189277276503687
000002.SZ,20250430,6.7,6.82,6.63,6.81,6.81,0.0,0.0,924542.24,625457.245,-0.2600000000000007,-0.23000000000000043,-0.3000000000000007,6.9159999999999995,7.052,7.026000000000001,6.897656418217175,6.974070772170545,7.050057166540613,0.1900000000000004,0.17500000000000013,0.0,-0.0,0.0367135222280714,0.05727485074601052,0.6410059869187643,39.061770159799934,7.045833333333333,7.052307692307693,6.992378520507054,7.09043018197277,-0.09805166146571587,-0.06678689257162625,-0.08032007556529433,-0.035463171800843074,0.41601370791803743
000002.SZ,20250506,6.79,6.84,6.78,6.83,6.81,0.02,0.2937,721363.73,491928.533,-0.25,-0.3700000000000001,-0.20999999999999996,6.866,7.015000000000001,7.0155,6.875104278811451,6.9478760863213544,7.029099341155793,0.05999999999999961,0.1650000000000001,0.020000000000000462,0.0,0.03551969921178062,0.053183789978438346,0.667867017867304,40.04318154341246,7.0325,7.038461538461539,6.967397209659815,7.071139057382194,-0.10374184772237882,-0.07044096009151622,-0.08500442999671123,-0.037474835451335176,-0.2197611977144495
000002.SZ,20250507,7.03,7.06,6.88,6.9,6.83,0.07,1.0249,1354623.92,942344.427,-0.14999999999999947,-0.40999999999999925,-0.23999999999999932,6.836,6.973999999999999,7.003500000000001,6.883402852540968,6.939171343353835,7.016804165807622,0.22999999999999954,0.17500000000000007,0.07000000000000028,0.0,0.037982577839510596,0.04938494783712132,0.7691124422117973,43.47448041517531,7.020833333333333,7.026923076923078,6.957028408173689,7.058462090168698,-0.10143368199500902,-0.0749828855579402,-0.0882902803963708,-0.026286803197276443,0.8778653038183664
000002.SZ,20250508,6.87,6.91,6.84,6.88,6.9,-0.02,-0.2899,706345.12,485889.089,0.04999999999999982,-0.2999999999999998,0.28000000000000025,6.846000000000001,6.944,7.0175,6.8822685683606455,6.928412917289501,7.003775197635468,0.07000000000000028,0.17071428571428582,0.0,0.020000000000000462,0.03526953656525984,0.047286022991612685,0.7458765684632802,42.72218219411699,6.9941666666666675,7.015769230769231,6.945177883839276,7.045242676082128,-0.10006479224285236,-0.08034593767864726,-0.0906451827656671,-0.018839218954370518,-0.47856736502925473
000002.SZ,20250509,6.88,6.89,6.78,6.78,6.88,-0.1,-1.4535,733417.84,499181.206,-0.02999999999999936,-0.39999999999999947,-0.019999999999999574,6.839999999999999,6.904000000000001,7.016500000000001,6.848179045573764,6.9014287505095915,6.982463274051138,0.10999999999999943,0.16857142857142865,0.0,0.09999999999999964,0.03275028395345557,0.05105130706364032,0.6415170509273977,39.08074244888067,6.949999999999999,7.002692307692308,6.919765901710156,7.025595070446415,-0.1058291687362587,-0.08620256960087541,-0.09368197995978543,-0.024294377552946528,0.0383278927445552
000002.SZ,20250512,6.81,6.85,6.78,6.85,6.78,0.07,1.0324,627242.47,427338.063,0.040000000000000036,-0.22000000000000064,-0.20999999999999996,6.848000000000001,6.882,7.006,6.84878603038251,6.892078068598756,6.9698477241415056,0.0699999999999994,0.14928571428571433,0.0699999999999994,0.0,0.03541097795678013,0.04740478513052315,0.7469916351119498,42.758741375660996,6.922499999999999,6.995,6.90903268606244,7.012588028191125,-0.10355534212868545,-0.09184735323553293,-0.09565665239356544,-0.015797379470240014,-0.14476791292668856
000002.SZ,20250513,6.87,6.91,6.84,6.86,6.85,0.01,0.146,582981.62,400452.898,0.03000000000000025,-0.21999999999999975,-0.33999999999999986,6.854000000000001,6.860000000000001,6.989,6.852524020255007,6.88624569248989,6.959386036128029,0.07000000000000028,0.13571428571428573,0.010000000000000675,0.0,0.033595908102724455,0.0440187290497715,0.7632184942172666,43.285531357591445,6.895833333333333,6.985384615384616,6.9014891958989875,7.001285211288079,-0.09979601538909133,-0.0969072882717146,-0.09648452499267063,-0.006622980792841404,-0.07056417911242518
000002.SZ,20250514,6.86,6.94,6.81,6.89,6.86,0.03,0.4373,740035.92,508125.289,-0.010000000000000675,-0.16000000000000014,-0.1900000000000004,6.851999999999999,6.843999999999999,6.979499999999999,6.865016013503338,6.886928293855364,6.9527778422110735,0.13000000000000078,0.13285714285714295,0.02999999999999936,0.0,0.033339057523958375,0.04087453411764497,0.8156437313267473,44.92311554595191,6.8808333333333325,6.979615384615384,6.899721627299144,6.993041862303777,-0.09332023500463293,-0.09923545441187542,-0.09585166699506309,0.00506286398086031,0.26939837314253584
000002.SZ,20250515,6.89,6.92,6.79,6.79,6.89,-0.1,-1.4514,753918.97,515413.396,-0.08999999999999986,-0.040000000000000036,-0.2599999999999998,6.8340000000000005,6.840000000000001,6.966499999999999,6.840010675668893,6.869304967699843,6.937275190571923,0.1299999999999999,0.13571428571428581,0.0,0.09999999999999964,0.03095769627224706,0.0450977816806703,0.6864571852215089,40.704097989380365,6.856666666666668,6.966153846153845,6.882841376945429,6.978001724355349,-0.0951603474099203,-0.10010589912161609,-0.09571340307803454,0.0011061113362284825,0.018759967759402717
000002.SZ,20250516,6.8,6.82,6.73,6.77,6.79,-0.02,-0.2946,544749.11,368266.692,-0.010000000000000675,-0.040000000000000036,-0.22000000000000064,6.831999999999999,6.836,6.955500000000001,6.816673783779262,6.851249519027144,6.921344220041264,0.08999999999999986,0.1292857142857143,0.0,0.020000000000000462,0.028746432252800845,0.04330508298919389,0.6638119654446586,39.897054428698794,6.833333333333333,6.9726923076923075,6.865481165107671,6.962594189217915,-0.0971130241102447,-0.10000160608211929,-0.09599332728447657,-0.002239393651536248,-0.27744342339601824
000002.SZ,20250519,6.75,6.83,6.73,6.8,6.77,0.03,0.4431,561760.46,381437.233,-0.04999999999999982,-0.009999999999999787,-0.2400000000000002,6.822,6.834999999999999,6.943500000000002,6.811115855852842,6.841931424658572,6.909787627656382,0.09999999999999964,0.1264285714285714,0.03000000000000025,0.0,0.02883597280617223,0.04021186277568004,0.7171011441830568,41.76231240730034,6.8308333333333335,6.972692307692308,6.85540713970649,6.950550175201774,-0.09514303549528336,-0.0990461825013309,-0.09582326892663794,0.0013604668627091587,0.031227861941802854
000002.SZ,20250520,6.79,6.8,6.75,6.78,6.8,-0.02,-0.2941,526954.04,356850.166,-0.08000000000000007,-0.04999999999999982,-0.41999999999999993,6.806,6.83,6.922500000000001,6.800743903901895,6.83067116562974,6.897426901212917,0.04999999999999982,0.11428571428571425,0.0,0.019999999999999574,0.026776260462874214,0.03876815829170287,0.6906766182030589,40.85208316994097,6.828333333333333,6.961923076923077,6.843806041290107,6.937916828890532,-0.09411078760042457,-0.09823252756859929,-0.09548077266139526,0.002739970121941382,-0.06195954054865294
000002.SZ,20250521,6.78,6.79,6.75,6.76,6.78,-0.02,-0.295,433624.23,293193.308,-0.1299999999999999,-0.14000000000000057,-0.5499999999999998,6.779999999999999,6.816000000000001,6.894999999999999,6.7871626026012635,6.817821862787968,6.884338624906925,0.040000000000000036,0.09999999999999996,0.0,0.020000000000000462,0.02486367042981177,0.037427575556581265,0.664314213786678,39.91519199221511,6.824166666666667,6.944999999999999,6.830912804168552,6.92473780452827,-0.0938250003597183,-0.09753921735936218,-0.09514961820105988,0.00264923568268316,-0.17711185969842844
000002.SZ,20250522,6.74,6.75,6.66,6.67,6.76,-0.09,-1.3314,614036.43,411525.377,-0.1200000000000001,-0.20999999999999996,-0.5099999999999998,6.756,6.794999999999999,6.8694999999999995,6.748108401734177,6.790945160462883,6.8639254225348365,0.09999999999999964,0.10285714285714276,0.0,0.08999999999999986,0.023087693970539502,0.04118274873111116,0.5606156626718337,35.92272435046809,6.810833333333334,6.929230769230768,6.806156988142621,6.905868337526177,-0.09971134938355597,-0.09685945965350633,-0.0960619644375591,-0.007298769891993739,0.416056547393581
000002.SZ,20250523,6.67,6.7,6.63,6.63,6.67,-0.04,-0.5997,442111.99,294776.048,-0.13999999999999968,-0.15000000000000036,-0.5499999999999998,6.728,6.779999999999999,6.8420000000000005,6.7087389344894515,6.761682404015085,6.8416468108648525,0.07000000000000028,0.09428571428571418,0.0,0.040000000000000036,0.021438572972643823,0.04109826667888894,0.5216417796922865,34.281510054079575,6.788333333333334,6.913076923076923,6.779055913043756,6.885433645857571,-0.10637773281381513,-0.09717305861852073,-0.09812511811281031,-0.01650522940200963,-0.27999061879765025
000002.SZ,20250526,6.63,6.65,6.6,6.63,6.63,0.0,0.0,378207.98,250526.525,-0.16999999999999993,-0.21999999999999975,-0.4400000000000004,6.694,6.758,6.82,6.682492622992968,6.737740148739615,6.8214899717348665,0.05000000000000071,0.09357142857142854,0.0,-0.0,0.01990724633174069,0.038162676201825445,0.5216417796922864,34.28151005407957,6.767499999999998,6.899230769230769,6.756124234113948,6.866512635053306,-0.11038840093935853,-0.0983499903463282,-0.10057777467811996,-0.01962125252247715,-0.14454258523954533
000002.SZ,20250527,6.63,6.71,6.62,6.67,6.63,0.04,0.6033,466038.25,311200.977,-0.11000000000000032,-0.1900000000000004,-0.41000000000000014,6.672,6.739,6.799499999999999,6.678328415328647,6.7254237580596845,6.8070623553791645,0.08999999999999986,0.08357142857142856,0.040000000000000036,0.0,0.021342443022330643,0.03543677075883791,0.6022682813728971,37.58847930615253,6.758333333333333,6.884999999999999,6.742874351942572,6.851956143567876,-0.10908179162530462,-0.10010127441529172,-0.1022785780675569,-0.01360642711549545,0.23222743740097718
000002.SZ,20250528,6.73,6.76,6.67,6.68,6.67,0.01,0.1499,407588.13,273180.924,-0.08000000000000007,-0.20999999999999996,-0.3700000000000001,6.656000000000001,6.718000000000001,6.781000000000001,6.6788856102190985,6.717164892957924,6.794961178676387,0.08999999999999986,0.08499999999999996,0.009999999999999787,0.0,0.020532268520735582,0.03290557284749234,0.6239754164407534,38.422713184188,6.7441666666666675,6.864999999999999,6.733201374720638,6.839218651451737,-0.10601727673109895,-0.10130759989542268,-0.1030263178002653,-0.005981917861667296,-0.12541914746268143
000002.SZ,20250529,6.67,6.73,6.67,6.7,6.68,0.02,0.2994,463600.67,310716.34,0.03000000000000025,-0.08999999999999986,-0.1299999999999999,6.662000000000001,6.7090000000000005,6.774499999999999,6.685923740146066,6.71404400332921,6.785917256897683,0.0600000000000005,0.08142857142857148,0.020000000000000462,0.0,0.020494249340683075,0.030555174786957174,0.6707292458176767,40.14589721803865,6.730833333333333,6.841538461538462,6.728093470917463,6.828906158751608,-0.10081268783414554,-0.10171867364252278,-0.10258359180704135,0.0035418079457916196,0.13742436513055464
000002.SZ,20250530,6.68,6.7,6.64,6.64,6.7,-0.06,-0.8955,487420.45,324963.633,0.009999999999999787,-0.1299999999999999,-0.16999999999999993,6.664,6.696,6.765999999999998,6.6706158267640445,6.700581457269353,6.77202037528838,0.0600000000000005,0.08071428571428584,0.0,0.0600000000000005,0.01903037438777714,0.032658376587888845,0.5827103602827103,36.81724558741273,6.710000000000001,6.82076923076923,6.714540629237852,6.814913109955193,-0.10037248071734073,-0.10229972311164026,-0.10214136958910124,0.0035377777435210145,0.05137995162949188
000002.SZ,20250603,6.58,6.6,6.54,6.58,6.64,-0.06,-0.9036,646833.05,424995.229,-0.04999999999999982,-0.21999999999999975,-0.22999999999999954,6.654000000000001,6.6739999999999995,6.7545,6.64041055117603,6.678657555947652,6.753732720499011,0.09999999999999964,0.08285714285714293,0.0,0.05999999999999961,0.017671061931507342,0.0346113496887539,0.51055685751686,33.79924793801821,6.6925,6.797692307692307,6.693842070893567,6.797512138847401,-0.10367006795383471,-0.10336186537313027,-0.10244710926204793,-0.0024459173835735537,0.3270535735626194
000002.SZ,20250604,6.59,6.64,6.57,6.62,6.58,0.04,0.6079,506251.52,334336.923,-0.04999999999999982,-0.16000000000000014,-0.20999999999999996,6.644,6.6579999999999995,6.7440000000000015,6.633607034117354,6.66799254577535,6.740996270927677,0.0699999999999994,0.07857142857142854,0.040000000000000036,0.0,0.01926598607925682,0.032139110425271476,0.5994561089067256,37.47874702960566,6.68,6.780384615384616,6.6824817522945565,6.784363091525371,-0.10188133923081466,-0.10425701413658543,-0.10233395525580129,0.0009052320499732536,-0.2173381987825143
000002.SZ,20250605,6.61,6.66,6.59,6.64,6.62,0.02,0.3021,511212.93,338787.186,-0.040000000000000036,-0.1200000000000001,-0.2600000000000007,6.636,6.645999999999999,6.730999999999999,6.635738022744903,6.662902991998013,6.731377578458374,0.07000000000000028,0.07428571428571429,0.019999999999999574,0.0,0.019318415645024158,0.029843459680609228,0.6473249365781907,39.295522225433466,6.666666666666667,6.763461538461537,6.675946098095394,6.773669529190158,-0.09772343109476456,-0.10403613432671971,-0.10141185042359395,0.007376838657658785,0.009800286624324554
000002.SZ,20250606,6.64,6.66,6.59,6.6,6.64,-0.04,-0.6024,452610.67,299302.131,-0.10000000000000053,-0.07000000000000028,-0.28000000000000025,6.616,6.639,6.7170000000000005,6.623825348496602,6.651466084362011,6.718865428129004,0.07000000000000028,0.07285714285714288,0.0,0.040000000000000036,0.017938528813236716,0.030568926846279997,0.5868223278966594,36.980972449164824,6.651666666666666,6.746153846153845,6.664262083003795,6.7608051196205174,-0.09654303661672259,-0.10294339030482054,-0.10043808766221969,0.007790102090994205,-0.11463375936129004
000002.SZ,20250609,6.6,6.64,6.58,6.62,6.6,0.02,0.303,443997.02,293716.18,-0.019999999999999574,-0.009999999999999787,-0.16000000000000014,6.611999999999999,6.638,6.708999999999999,6.6225502323310685,6.645744978114372,6.709449673069099,0.05999999999999961,0.07000000000000003,0.020000000000000462,0.0,0.01808577675514841,0.02838543207154571,0.6371499545810353,38.91824037243363,6.64,6.738076923076923,6.657452531772442,6.750375110759738,-0.09292257898729606,-0.10100274342125805,-0.09893498592723496,0.012024813879877805,-0.01903103609996637
000002.SZ,20250610,6.63,6.73,6.56,6.6,6.62,-0.02,-0.3021,1041358.18,691420.608,0.019999999999999574,-0.03000000000000025,-0.25,6.616,6.635,6.6965,6.615033488220712,6.637427709366304,6.699025894681566,0.17000000000000082,0.07857142857142867,0.0,0.020000000000000462,0.016793935558352093,0.027786472637863907,0.6043924962057772,37.67111212718229,6.634166666666666,6.7299999999999995,6.648613680730528,6.739236213666424,-0.09062253293589606,-0.09895171467799042,-0.09727249532896717,0.013299924786142225,1.3454170480693768
000002.SZ,20250611,6.57,6.61,6.54,6.57,6.6,-0.03,-0.4545,990420.83,651195.583,-0.04999999999999982,-0.09999999999999964,-0.29000000000000004,6.606,6.625,6.6819999999999995,6.6000223254804755,6.625168125845157,6.6867377142357025,0.07000000000000028,0.08071428571428584,0.0,0.02999999999999936,0.015594368732755515,0.027944581735159298,0.5580462388218537,35.81705246718679,6.6291666666666655,6.72076923076923,6.6365192683104475,6.726700197839281,-0.09018092952883361,-0.09719212054440539,-0.09585418216894047,0.01134650528021372,-0.04891434184537744
000002.SZ,20250612,6.55,6.56,6.48,6.51,6.57,-0.06,-0.9132,1076520.62,700371.589,-0.1299999999999999,-0.16999999999999993,-0.3799999999999999,6.58,6.608,6.662999999999999,6.570014883653651,6.604228466600582,6.66990555097516,0.08999999999999986,0.08000000000000014,0.0,0.0600000000000005,0.014480485251844408,0.030234254468362243,0.4789430236157168,32.384142997260156,6.619166666666666,6.708461538461538,6.617054765493456,6.710648331332668,-0.09359356583921219,-0.09638999587830169,-0.09540205890299483,0.0036169861275652804,0.08693253149774743
000002.SZ,20250613,6.5,6.51,6.42,6.44,6.51,-0.07,-1.0753,876150.48,565615.424,-0.15999999999999925,-0.2599999999999998,-0.34999999999999964,6.547999999999999,6.581999999999999,6.6455,6.5266765891024345,6.574368745400476,6.6480097842156205,0.08999999999999986,0.08142857142857153,0.0,0.0699999999999994,0.013446164876712666,0.03307466486347919,0.4065397164933885,28.903536226259092,6.6000000000000005,6.69076923076923,6.589815570802155,6.6906003067895075,-0.10078473598735282,-0.09643580201941414,-0.09647859431986643,-0.008612283334972798,-0.18612754486764974
000002.SZ,20250616,6.46,6.63,6.45,6.57,6.44,0.13,2.0186,1302348.1,852638.649,-0.04999999999999982,-0.0699999999999994,-0.1999999999999993,6.537999999999999,6.575,6.6355,6.54111772606829,6.573574428054934,6.64058028095699,0.1899999999999995,0.09142857142857144,0.1299999999999999,0.0,0.021771438814090327,0.030712188801802102,0.7088859395398365,41.482343738560054,6.590833333333333,6.678846153846153,6.586767021447978,6.681666950731025,-0.09489992928304769,-0.09546134216710447,-0.09616286131250268,0.002525864058909977,0.48644340182293816
000002.SZ,20250617,6.57,6.58,6.51,6.53,6.57,-0.04,-0.6088,582390.89,380340.184,-0.0699999999999994,-0.04999999999999982,-0.2699999999999996,6.523999999999999,6.5699999999999985,6.622,6.53741181737886,6.5656518047722185,6.630048825627753,0.07000000000000028,0.09000000000000005,0.0,0.040000000000000036,0.020216336041655302,0.03137560388738767,0.6443329701068109,39.18506663920733,6.576666666666665,6.6692307692307695,6.578033633532904,6.670432361787986,-0.09239872825508222,-0.09440771872535642,-0.0954100347010186,0.006022612891872753,-0.5528147274910602
000002.SZ,20250618,6.51,6.53,6.42,6.44,6.53,-0.09,-1.3783,635396.3,409956.627,-0.1299999999999999,-0.17999999999999972,-0.33999999999999986,6.498,6.552,6.6049999999999995,6.5049412115859075,6.54280602208636,6.611948937472729,0.11000000000000032,0.09142857142857151,0.0,0.08999999999999986,0.018772312038679923,0.03556306075257425,0.5278598534947833,34.5489707244661,6.56,6.653461538461538,6.556797689912457,6.653363297951839,-0.09656560803938152,-0.09427907171920274,-0.09564114936869118,-0.0018489173413806792,0.09101346004914333
000002.SZ,20250619,6.42,6.43,6.3,6.32,6.44,-0.12,-1.8634,854546.22,542431.839,-0.1899999999999995,-0.3199999999999994,-0.4399999999999995,6.460000000000001,6.519999999999999,6.583,6.443294141057272,6.502295836252476,6.58414427676104,0.14000000000000057,0.09714285714285723,0.0,0.1200000000000001,0.017431432607345643,0.04159427069881895,0.4190825398422144,29.531935463656083,6.538333333333331,6.632692307692308,6.520367276079772,6.628669720325777,-0.10830244424600544,-0.09558567256690084,-0.09817340834415404,-0.020258071803702787,0.3449027323577426
000002.SZ,20250620,6.33,6.34,6.28,6.29,6.32,-0.03,-0.4747,524484.9,330716.435,-0.15000000000000036,-0.3099999999999996,-0.3799999999999999,6.4300000000000015,6.489,6.563999999999998,6.392196094038182,6.46369659329748,6.556130536117132,0.05999999999999961,0.09714285714285717,0.0,0.03000000000000025,0.016186330278249526,0.040766108506046186,0.3970536033835279,28.420785174019287,6.510833333333334,6.609615384615385,6.484926156682883,6.603583074375719,-0.11865691769283604,-0.09844504353418307,-0.10227011021389046,-0.03277361495789116,-0.3862416242388855
000002.SZ,20250623,6.26,6.3,6.21,6.29,6.29,0.0,0.0,551511.87,344849.288,-0.28000000000000025,-0.33000000000000007,-0.33999999999999986,6.374,6.456,6.547,6.3581307293587885,6.43211539451612,6.530784770772643,0.08999999999999986,0.09642857142857146,0.0,-0.0,0.015030163829803132,0.037854243612757174,0.3970536033835279,28.420785174019287,6.4816666666666665,6.590384615384614,6.454937517193208,6.580354698496036,-0.12541718130282753,-0.10231111557495323,-0.10689952443167788,-0.03703531374229929,0.05153050164075262
000002.SZ,20250624,6.29,6.37,6.28,6.35,6.29,0.06,0.9539,620282.82,393091.824,-0.1800000000000006,-0.25,-0.28000000000000025,6.337999999999999,6.431,6.5329999999999995,6.3554204862391925,6.417185322785915,6.513567173556201,0.08999999999999986,0.09785714285714293,0.05999999999999961,0.0,0.018242294984817164,0.03515036906898881,0.5189787609061355,34.16629476744905,6.460833333333333,6.57423076923077,6.438793283778868,6.56329138749633,-0.12449810371746128,-0.10612413492924519,-0.11041924028883457,-0.02815772685725343,0.12469532160749315
000002.SZ,20250625,6.34,6.43,6.32,6.43,6.35,0.08,1.2598,820903.69,524029.286,-0.010000000000000675,-0.14000000000000057,-0.2400000000000002,6.336,6.417,6.521000000000001,6.380280324159463,6.419515264097567,6.505608395122277,0.10999999999999943,0.10071428571428573,0.08000000000000007,0.0,0.022653559628758802,0.032639628421203895,0.6940507819642402,40.969892364117506,6.445,6.5600000000000005,6.437440470889811,6.553417951385491,-0.11597748049567969,-0.10861123655774158,-0.11153088833020361,-0.008893184330952153,0.3234345100836422
000002.SZ,20250626,6.42,6.44,6.38,6.39,6.43,-0.04,-0.6221,660620.72,423203.563,0.0699999999999994,-0.1200000000000001,-0.29000000000000004,6.35,6.404999999999999,6.5065,6.383520216106309,6.414148852443463,6.494598071777298,0.0600000000000005,0.10000000000000002,0.0,0.040000000000000036,0.021035448226704605,0.03316536924826076,0.6342594309516917,38.81020472877664,6.427500000000001,6.545000000000001,6.430141936906763,6.541312917949529,-0.11117098104276657,-0.10976526378612089,-0.1114589068727162,0.0005758516598992625,-0.195251857133204
000002.SZ,20250627,6.39,6.48,6.38,6.39,6.39,0.0,0.0,786785.74,504925.348,0.09999999999999964,-0.05000000000000071,-0.3100000000000005,6.37,6.4,6.491,6.385680144070873,6.409758151999197,6.48463635065565,0.10000000000000053,0.10285714285714295,0.0,-0.0,0.019532916210511418,0.03079641430195642,0.6342594309516917,38.81020472877664,6.4125000000000005,6.530769230769229,6.423966254305722,6.5301045536569715,-0.10613829935124919,-0.1110139715714766,-0.1103947853684228,0.008512972034347227,0.19097950787859033
000002.SZ,20250630,6.4,6.45,6.39,6.42,6.39,0.03,0.4695,604073.48,387396.028,0.1299999999999999,-0.15000000000000036,-0.21999999999999975,6.395999999999999,6.385,6.4799999999999995,6.397120096047249,6.4116203061811605,6.478480507736064,0.0600000000000005,0.09500000000000007,0.03000000000000025,0.0,0.020280565052617765,0.028596670423245246,0.7091932295772585,41.49286442894851,6.405,6.521153846153846,6.423356061335611,6.521948660793492,-0.09859259945788068,-0.11170217948289866,-0.10803434818631438,0.018883497456867404,-0.2322261966771284
000002.SZ,20250701,6.42,6.42,6.31,6.35,6.42,-0.07,-1.0903,598318.0,380416.981,0.0,-0.1800000000000006,-0.23000000000000043,6.396000000000001,6.367000000000001,6.468500000000001,6.381413397364833,6.400416614148222,6.466244268904058,0.11000000000000032,0.09785714285714293,0.0,0.07000000000000028,0.018831953263145067,0.031554051107299176,0.5968157051881304,37.37536543816846,6.3975,6.5103846153846145,6.412070513437825,6.5092117229569375,-0.09714120951911287,-0.11176613520286881,-0.10585572045287409,0.017429021867522432,-0.009527781289123936
000002.SZ,20250702,6.36,6.52,6.34,6.5,6.35,0.15,2.3622,1310859.04,843883.002,0.07000000000000028,0.05999999999999961,-0.1200000000000001,6.409999999999999,6.372999999999999,6.4625,6.42094226490989,6.41852268430309,6.469459100437005,0.17999999999999972,0.10428571428571434,0.15000000000000036,0.0,0.02820109945863473,0.029300190313920664,0.9624886103636074,49.04429025885041,6.391666666666667,6.5053846153846155,6.425598126755082,6.508529373108276,-0.08293124635319415,-0.10894711321477867,-0.1012708256329381,0.03667915855948789,1.1909069090349949
000002.SZ,20250703,6.48,6.55,6.44,6.46,6.5,-0.04,-0.6154,810140.12,524884.085,0.07000000000000028,0.13999999999999968,-0.17999999999999972,6.4239999999999995,6.387,6.4535,6.433961509939927,6.426064014429801,6.468558233728719,0.10999999999999943,0.10571428571428575,0.0,0.040000000000000036,0.026186735211589394,0.030064462434354903,0.8710195723195636,46.55320474492591,6.385833333333334,6.497307692307692,6.430890722638916,6.504934604729885,-0.07404388209096968,-0.10399010925901574,-0.09582543692454441,0.04356310966714946,-0.3819776991429987
000002.SZ,20250704,6.48,6.52,6.41,6.44,6.46,-0.02,-0.3096,786688.47,507693.643,0.05000000000000071,0.15000000000000036,-0.15999999999999925,6.434,6.401999999999999,6.4455,6.435974339959952,6.428597829988019,6.465838401945032,0.10999999999999943,0.10000000000000002,0.0,0.019999999999999574,0.024316254125047294,0.02934557226047238,0.8286174796393584,45.31387722503774,6.385833333333333,6.488076923076923,6.432292149925236,6.500124634009152,-0.06783248408391618,-0.09759180956802559,-0.09022684635641877,0.04478872454500518,-0.0289476467354808
000002.SZ,20250707,6.44,6.59,6.44,6.52,6.44,0.08,1.2422,1205381.48,788025.611,0.09999999999999964,0.22999999999999954,-0.10000000000000053,6.453999999999999,6.425,6.4405,6.463982893306635,6.4452164063538335,6.470996649378838,0.14999999999999947,0.10571428571428568,0.07999999999999918,0.0,0.028293664544686715,0.027249459956152928,1.038320193875916,50.939994461887,6.4025,6.4811538461538465,6.445785665321354,6.501596883341808,-0.055811218020453524,-0.08995993337946917,-0.08334372068922573,0.05506500533754441,0.5322221259960757
000002.SZ,20250708,6.51,6.58,6.47,6.56,6.52,0.04,0.6135,934783.26,610035.074,0.20999999999999996,0.20999999999999996,-0.040000000000000036,6.496,6.446,6.4384999999999994,6.4959885955377565,6.466086150653136,6.479473158961806,0.11000000000000032,0.10571428571428568,0.040000000000000036,0.0,0.02912983136292338,0.02530306995928486,1.1512370400032943,53.51511798074709,6.425,6.478076923076925,6.463357101425761,6.505923040131304,-0.04256593870554237,-0.08180309540278724,-0.07518816429248906,0.06524445117389338,-0.2244917683653145
000002.SZ,20250709,6.54,6.58,6.52,6.54,6.56,-0.02,-0.3049,735916.57,481726.01,0.040000000000000036,0.11000000000000032,-0.03000000000000025,6.5040000000000004,6.457000000000001,6.437,6.510659063691838,6.479525032352566,6.485237620013063,0.0600000000000005,0.09999999999999996,0.0,0.019999999999999574,0.027049129122714566,0.024924279247907338,1.0852522094489707,52.04417022225572,6.445833333333334,6.476538461538462,6.475148316591029,6.508447259380837,-0.03329894278980827,-0.0731506467080141,-0.0668103199919529,0.06702275440428926,-0.21274096200652978
000002.SZ,20250710,6.52,6.87,6.51,6.76,6.54,0.22,3.3639,2517029.13,1686568.539,0.2999999999999998,0.3700000000000001,0.25,6.564,6.494,6.4495000000000005,6.593772709127892,6.530520481015735,6.511405465726105,0.3600000000000003,0.12142857142857144,0.21999999999999975,0.0,0.0408313341853778,0.023143973587342527,1.7642318001826842,63.82358382774152,6.48,6.481923076923076,6.518971652500102,6.527080795722997,-0.008109143222895021,-0.06225851824930809,-0.05507008463814133,0.09392188283049262,2.420264242725232
000002.SZ,20250711,6.75,6.79,6.68,6.76,6.76,0.0,0.0,1628706.59,1099511.183,0.3199999999999994,0.3700000000000001,0.3199999999999994,6.627999999999998,6.531000000000001,6.4655000000000005,6.649181806085261,6.572244029921965,6.535081135656952,0.11000000000000032,0.1228571428571429,0.0,-0.0,0.03791481031499367,0.02149083261681806,1.7642318001826842,63.82358382774152,6.507500000000001,6.48653846153846,6.556052936730855,6.5443340701138855,0.011718866616969414,-0.05000168868543585,-0.04171229438711919,0.1068623220081772,-0.35292501362509054
000002.SZ,20250714,6.73,6.79,6.63,6.66,6.76,-0.1,-1.4793,1205525.25,804732.025,0.14000000000000057,0.2400000000000002,0.08999999999999986,6.656000000000001,6.555,6.4700000000000015,6.6527878707235075,6.588199660845244,6.54697817035629,0.16000000000000014,0.12785714285714292,0.0,0.09999999999999964,0.03520660957820841,0.027098630287045317,1.2992025502868005,56.50665923821019,6.53,6.488846153846154,6.572044792618415,6.552901916772116,0.019142875846299034,-0.03708123475594564,-0.02954126034043554,0.09736827237346915,-0.25982662721343813
000002.SZ,20250715,6.64,6.65,6.46,6.6,6.66,-0.06,-0.9009,1521320.47,995641.915,0.040000000000000036,0.25,0.0699999999999994,6.664,6.58,6.4735,6.635191913815673,6.590345177055199,6.552027868417595,0.20000000000000018,0.1342857142857144,0.0,0.0600000000000005,0.032691851751193525,0.02944872812368497,1.1101277995398444,52.609505442368466,6.547499999999999,6.488076923076923,6.576345593754044,6.5563906636778855,0.01995493007615856,-0.02564943737490645,-0.01964202225711672,0.07919390466655056,0.26195653720235224
000002.SZ,20250716,6.55,6.65,6.53,6.56,6.6,-0.04,-0.6061,849081.16,558859.431,0.019999999999999574,0.05999999999999961,0.11999999999999922,6.668000000000001,6.586,6.479499999999999,6.610127942543782,6.584827872136072,6.552787119044491,0.1200000000000001,0.13857142857142865,0.0,0.040000000000000036,0.03035671948325113,0.030202390400564615,1.005109830071054,50.12742020398137,6.559166666666666,6.486538461538462,6.573830887022653,6.556658021923968,0.017172865098684653,-0.015514243242722634,-0.012279044785956445,0.0589038197692822,-0.4418788304347209
000002.SZ,20250717,6.56,6.59,6.51,6.56,6.56,0.0,0.0,709663.7,464455.717,-0.20000000000000018,0.09999999999999964,0.23999999999999932,6.628,6.596000000000001,6.491499999999999,6.593418628362522,6.580313713565876,6.553474060087873,0.08000000000000007,0.1371428571428572,0.0,-0.0,0.02818838237730462,0.028045076800524284,1.005109830071054,50.12742020398137,6.576666666666667,6.4861538461538455,6.571703058249937,6.556905575855526,0.014797482394410366,-0.0063331358562419065,-0.006863739349883083,0.043322443488586895,-0.1641980373230753
000002.SZ,20250718,6.57,6.59,6.54,6.57,6.56,0.01,0.1524,574030.03,376631.218,-0.1899999999999995,0.1299999999999999,0.28000000000000025,6.590000000000001,6.609,6.5055,6.585612418908349,6.578438492917535,6.555047959127123,0.04999999999999982,0.13642857142857143,0.010000000000000675,0.0,0.026889212207497192,0.026041857029058264,1.032538201000544,50.80043270489397,6.5825000000000005,6.488461538461538,6.571441049288408,6.557875533199561,0.01356551608884704,0.0013753901559026005,-0.0027778882621370586,0.0326868087019682,-0.1911238661354666
000002.SZ,20250721,6.56,6.61,6.55,6.6,6.57,0.03,0.4566,744110.98,490610.467,-0.0600000000000005,0.08000000000000007,0.3099999999999996,6.578,6.617,6.520999999999999,6.590408279272234,6.582358766932528,6.5593291058769205,0.0600000000000005,0.13285714285714287,0.02999999999999936,0.0,0.027111411335533058,0.02418172438412553,1.1211529378496583,52.8558275004083,6.594166666666666,6.4946153846153845,6.575834734013268,6.560995864073668,0.014838869939600485,0.00775370222758514,0.0007454633782104504,0.02818681312278007,0.2962927740905819
000002.SZ,20250722,6.61,6.72,6.53,6.7,6.6,0.1,1.5152,1488010.4,987611.725,0.10000000000000053,0.14000000000000057,0.35000000000000053,6.598000000000001,6.631,6.538499999999999,6.6269388528481565,6.603748082035704,6.572726333888642,0.1899999999999995,0.1335714285714286,0.10000000000000053,0.0,0.03231773909728074,0.022454458356687995,1.4392571214105903,59.00391183764534,6.615833333333334,6.4996153846153835,6.594937082626611,6.571292466734877,0.023644615891734055,0.014080764303312066,0.0053252938809151724,0.036638644021637766,0.9997156875712275
000002.SZ,20250723,6.73,6.83,6.68,6.72,6.7,0.02,0.2985,1706754.31,1152841.043,0.16000000000000014,0.17999999999999972,0.29000000000000004,6.63,6.649000000000001,6.553,6.657959235232104,6.624884794392848,6.586752397327819,0.15000000000000036,0.1364285714285715,0.019999999999999574,0.0,0.03143790059033209,0.020850568474067428,1.5077718686390968,60.12396452382751,6.6325,6.506923076923076,6.6141775314532865,6.582307839569331,0.03186969188395583,0.01852285709296216,0.010634173481523304,0.04247103680486505,0.14700428841088756
000002.SZ,20250724,6.7,6.84,6.67,6.81,6.72,0.09,1.3393,1842329.87,1250384.461,0.25,0.04999999999999982,0.41999999999999993,6.68,6.653999999999999,6.574,6.708639490154736,6.658542104503239,6.608014073772789,0.16999999999999993,0.14071428571428582,0.08999999999999986,0.0,0.03562090769102264,0.01936124215449118,1.8398048744387894,64.78631299632434,6.653333333333333,6.521153846153846,6.644304065075858,6.5991739255271575,0.04513013954870004,0.02223522075204334,0.017533366694958655,0.05519354570748278,0.07943472543508623
000002.SZ,20250725,6.81,6.84,6.76,6.78,6.81,-0.03,-0.4405,1235949.26,838988.937,0.20999999999999996,0.020000000000000462,0.39000000000000057,6.7219999999999995,6.656000000000001,6.593499999999999,6.732426326769825,6.680625358229923,6.624393685794428,0.08000000000000007,0.13571428571428587,0.0,0.02999999999999936,0.03307655714166388,0.020121153429170337,1.6438698337100122,62.176655323581144,6.673333333333335,6.538846153846153,6.665180362756495,6.6125684495621835,0.05261191319431191,0.025954002679600328,0.024549075994829306,0.05612567439896521,-0.32913791383081686
000002.SZ,20250728,6.78,6.84,6.68,6.79,6.78,0.01,0.1475,1194041.53,808397.624,0.1900000000000004,0.1299999999999999,0.3700000000000001,6.760000000000001,6.669,6.612,6.7516175511798835,6.700511656733573,6.640165715718768,0.16000000000000014,0.13928571428571443,0.009999999999999787,0.0,0.03142823163154502,0.0186839281842296,1.6820997876705823,62.715779457687326,6.675833333333333,6.558076923076923,6.68438338387088,6.625711527372392,0.058671856498488495,0.030255883393192542,0.03137363209556115,0.054596448805854694,-0.03390732237664836
000002.SZ,20250729,6.76,6.81,6.7,6.81,6.79,0.02,0.2946,993478.99,672095.323,0.10999999999999943,0.20999999999999996,0.45999999999999996,6.781999999999999,6.6899999999999995,6.635,6.7710783674532555,6.720418628236559,6.656340409459838,0.10999999999999943,0.14285714285714293,0.019999999999999574,0.0,0.030611929372148915,0.017349361885356056,1.7644412269702723,63.826324457765224,6.680000000000001,6.578076923076923,6.703709017121514,6.639362525344807,0.06434649177670693,0.03549739746852835,0.037968204031790305,0.05275657548983324,-0.16796948427748576
000002.SZ,20250730,6.8,6.88,6.69,6.7,6.81,-0.11,-1.6153,1589277.96,1079201.559,-0.019999999999999574,0.14000000000000057,0.20000000000000018,6.7780000000000005,6.704000000000001,6.6450000000000005,6.747385578302171,6.716706150375366,6.6604984657017585,0.1899999999999995,0.13071428571428573,0.0,0.10999999999999943,0.02842536298842399,0.023967264607830583,1.1860078091321635,54.254509255527495,6.683333333333334,6.591538461538462,6.703138399102819,6.64385419013408,0.059284208968739094,0.04044036708789821,0.04223140501918007,0.034105607899118054,0.5997096828388893
000002.SZ,20250731,6.67,6.68,6.42,6.44,6.7,-0.26,-3.8806,2299510.72,1496029.078,-0.3699999999999992,-0.11999999999999922,-0.019999999999999574,6.703999999999999,6.692,6.644,6.644923718868115,6.666395941216208,6.639498611825401,0.28000000000000025,0.14285714285714285,0.0,0.2599999999999998,0.02639497991782228,0.04082674570727124,0.6465119729864077,39.265549452019975,6.669999999999999,6.591923076923076,6.662655568471616,6.628753879753778,0.033901688717838496,0.04269994182445282,0.04056546175891175,-0.013327546082146507,0.44689020918656686
000002.SZ,20250801,6.44,6.46,6.39,6.39,6.44,-0.05,-0.7764,923603.71,592783.868,-0.39000000000000057,-0.1800000000000006,-0.05000000000000071,6.626,6.6739999999999995,6.641499999999999,6.559949145912077,6.616142133722351,6.615736839270601,0.07000000000000028,0.13642857142857143,0.0,0.05000000000000071,0.0245096242094064,0.04148197815675192,0.5908499376955828,37.14051990041596,6.655833333333334,6.591923076923076,6.6207085579375216,6.611068407179424,0.009640150758097654,0.04212230635984139,0.034380399558748935,-0.04948049760130256,-0.5983477259023172
000002.SZ,20250804,6.37,6.41,6.35,6.41,6.39,0.02,0.313,590303.69,376646.7,-0.3799999999999999,-0.1899999999999995,-0.10999999999999943,6.55,6.654999999999999,6.636,6.509966097274718,6.578661745772832,6.596142854578162,0.0600000000000005,0.12642857142857147,0.020000000000000462,0.0,0.024187508194448832,0.038518979716983925,0.6279374057196014,38.5725767780385,6.6433333333333335,6.592692307692307,6.588291856716364,6.596174451092059,-0.007882594375694829,0.038619282996793736,0.02592780077186018,-0.06762079029511002,-0.36086907879570995
000002.SZ,20250805,6.41,6.45,6.39,6.45,6.41,0.04,0.624,652634.13,419615.794,-0.35999999999999943,-0.25,-0.10999999999999943,6.478,6.63,6.6305,6.489977398183147,6.555268701086862,6.5822244874754805,0.0600000000000005,0.1221428571428572,0.040000000000000036,0.0,0.025316971894845348,0.03576762402291365,0.7078181060790242,41.44575488218135,6.633333333333333,6.593846153846153,6.5670161864523084,6.585346713974129,-0.018330527521820628,0.033041480840596354,0.01707613511312402,-0.07081332526988929,0.10559046310552465
000002.SZ,20250806,6.43,6.45,6.4,6.44,6.45,-0.01,-0.155,568470.05,365204.938,-0.2599999999999998,-0.27999999999999936,-0.09999999999999964,6.426,6.601999999999999,6.6255,6.473318265455432,6.534310755434705,6.568679298192102,0.04999999999999982,0.12000000000000004,0.0,0.009999999999999787,0.02350861675949925,0.03392707944984837,0.6929160169607325,40.93032436450773,6.62,6.597307692307691,6.547475234690415,6.574580290716786,-0.02710505602637081,0.025015347998921814,0.008239896885225055,-0.07068990582319173,-0.12896058623228907
000002.SZ,20250807,6.43,6.48,6.4,6.47,6.44,0.03,0.4658,776038.31,500342.603,0.02999999999999936,-0.33999999999999986,-0.29000000000000004,6.432,6.568,6.611,6.472212176970288,6.522617890810212,6.559281269792853,0.08000000000000007,0.1221428571428572,0.02999999999999936,0.0,0.023972286990963543,0.03150371663200206,0.760935202375838,43.21199334019736,6.600833333333333,6.596153846153846,6.535555967814967,6.566833602515542,-0.031277634700574986,0.015694287121712155,0.00033639056806504704,-0.06322805053728006,0.36513490904226176
000002.SZ,20250808,6.46,6.47,6.42,6.45,6.47,-0.02,-0.3091,514307.38,331191.661,0.0600000000000005,-0.33000000000000007,-0.3099999999999996,6.444,6.535000000000001,6.5954999999999995,6.464808117980192,6.5094146379356275,6.548873529812582,0.04999999999999982,0.12142857142857144,0.0,0.019999999999999574,0.02225998077732329,0.03068202258685903,0.725505651210137,42.045973636848025,6.578333333333333,6.59576923076923,6.522393511228049,6.5581792615884655,-0.0357857503604162,0.005198997470722746,-0.006888037617631203,-0.05779542548557,-0.3372654759788857
000002.SZ,20250811,6.48,6.52,6.47,6.48,6.45,0.03,0.4651,821788.78,533689.824,0.07000000000000028,-0.3099999999999996,-0.17999999999999972,6.458,6.5040000000000004,6.586499999999999,6.469872078653462,6.5040665219473315,6.5423141460209076,0.0699999999999994,0.11285714285714286,0.03000000000000025,0.0,0.022812839293228786,0.028490449544940528,0.8007188253468609,44.46662155556815,6.550833333333333,6.597307692307693,6.51587143257758,6.5523882051745055,-0.03651677259692576,-0.006008031904125331,-0.012813784613490115,-0.047405975966871294,0.5978553136842019
000002.SZ,20250812,6.46,6.5,6.45,6.47,6.48,-0.01,-0.1543,734217.61,475510.584,0.019999999999999574,-0.33999999999999986,-0.1299999999999999,6.462000000000001,6.470000000000001,6.580000000000001,6.4699147191023085,6.497872608865999,6.535427084495106,0.04999999999999982,0.10571428571428568,0.0,0.010000000000000675,0.021183350772283872,0.027169703148873396,0.7796680978151301,43.8097473777451,6.525000000000001,6.595384615384615,6.508814289104106,6.546285375161579,-0.03747108605747318,-0.016758620240371138,-0.01774524490228673,-0.0394516823103729,-0.10656165200989973
000002.SZ,20250813,6.48,6.5,6.43,6.46,6.47,-0.01,-0.1546,810742.21,524044.608,0.019999999999999574,-0.2400000000000002,-0.09999999999999964,6.465999999999999,6.446,6.575,6.466609812734873,6.490986679981272,6.52824355263843,0.07000000000000028,0.09857142857142856,0.0,0.009999999999999787,0.01967025428854931,0.02594329578109671,0.758201828114754,43.12370832464337,6.4975,6.5915384615384625,6.501304398472706,6.539893865890351,-0.03858946741764502,-0.024813193144313753,-0.021914089405358387,-0.03335075602457326,0.10422604818753936
000002.SZ,20250814,6.46,6.55,6.43,6.43,6.46,-0.03,-0.4644,1201423.07,779372.848,-0.040000000000000036,-0.010000000000000675,-0.1299999999999999,6.458,6.445,6.5685,6.45440654182325,6.479898192711949,6.518887023815723,0.1200000000000001,0.10142857142857142,0.0,0.03000000000000025,0.0182652361250815,0.02623306036816125,0.6962678341277253,41.04704576242633,6.465833333333333,6.587307692307693,6.490334491015366,6.531753579528103,-0.04141908851273701,-0.03048644195218427,-0.025815089226834113,-0.031207998571805798,0.4818804981178914
000002.SZ,20250815,6.43,6.59,6.42,6.53,6.43,0.1,1.5552,1595368.35,1041380.521,0.08000000000000007,0.14000000000000057,-0.040000000000000036,6.473999999999999,6.458999999999999,6.5665,6.4796043612155,6.489007612218868,6.51994540249994,0.16999999999999993,0.10214285714285712,0.10000000000000053,0.0,0.024103433544718576,0.02435927034186402,0.9894973538388069,49.73604774741399,6.451666666666665,6.578461538461538,6.496436877013002,6.531623684748244,-0.03518680773524174,-0.03352024343657837,-0.027689432928515643,-0.0149947496134522,0.3278988807831033
000002.SZ,20250818,6.53,6.56,6.48,6.5,6.53,-0.03,-0.4594,1381625.42,898811.495,0.019999999999999574,0.08999999999999986,-0.09999999999999964,6.478,6.468000000000001,6.5615,6.486402907477,6.491006228179073,6.518045840357088,0.07999999999999918,0.09999999999999996,0.0,0.03000000000000025,0.02238175972009582,0.024762179603159462,0.9038687255640485,47.47537019897548,6.456666666666667,6.568461538461539,6.496985049780232,6.529281189581708,-0.03229613980147583,-0.03507197813431784,-0.028610774303107683,-0.007370730996736297,-0.13397716583759492
000002.SZ,20250819,6.54,6.61,6.51,6.53,6.5,0.03,0.4615,1624186.52,1066264.304,0.0600000000000005,0.08000000000000007,-0.16999999999999993,6.49,6.476000000000001,6.553,6.5009352716513344,6.498096004873786,6.519184331751651,0.11000000000000032,0.0942857142857143,0.03000000000000025,0.0,0.022925919740088996,0.02299345248864807,0.9970629574400619,49.92646594968385,6.468333333333333,6.563461538461539,6.502064272890966,6.529334434797877,-0.02727016190691156,-0.0350903232321557,-0.02834265182386846,0.0021449798339137974,0.17556212884386574
000002.SZ,20250820,6.52,6.6,6.49,6.55,6.53,0.02,0.3063,1299582.3,847768.491,0.08999999999999986,0.10999999999999943,-0.16999999999999993,6.508,6.487,6.544500000000001,6.51729018110089,6.5075330948967345,6.522119157299112,0.10999999999999943,0.0821428571428571,0.019999999999999574,0.0,0.022716925472939752,0.021351063025173207,1.063971636735659,51.54972179842634,6.48,6.561538461538462,6.509439000138509,6.530865217405442,-0.02142621726693239,-0.0339957212950843,-0.026959364912481246,0.011066295291097712,-0.19985649185168705
000002.SZ,20250821,6.55,6.59,6.53,6.56,6.55,0.01,0.1527,1294784.3,850028.798,0.1299999999999999,0.08999999999999986,-0.25,6.534000000000001,6.4959999999999996,6.531999999999999,6.531526787400594,6.517072532188236,6.525726856603959,0.05999999999999961,0.08142857142857134,0.009999999999999787,0.0,0.02180857365344404,0.019825987094803692,1.0999993871255962,52.38093848356956,6.489166666666667,6.561538461538461,6.517217615501815,6.533023349449483,-0.015805733947667377,-0.03177571947144554,-0.024728638719518477,0.0178458095437022,-0.003691955484466047
000002.SZ,20250822,6.56,6.56,6.51,6.56,6.56,0.0,0.0,1307699.44,854125.575,0.02999999999999936,0.10999999999999943,-0.22000000000000064,6.540000000000001,6.507000000000001,6.520999999999999,6.541017858267063,6.524877526335829,6.52899096549882,0.04999999999999982,0.08071428571428559,0.0,-0.0,0.02025081839248375,0.01840984515946057,1.0999993871255962,52.38093848356956,6.499166666666667,6.561538461538461,6.523799520809228,6.535021619860633,-0.011222099051404477,-0.028965200188609843,-0.02202733078589568,0.021610463468982405,0.00997474251116568
000002.SZ,20250825,6.66,7.22,6.65,7.16,6.56,0.6,9.1463,7923897.9,5619264.696,0.6600000000000001,0.6799999999999997,0.3700000000000001,6.672,6.575,6.539500000000001,6.7473452388447095,6.640354339729314,6.589087064022742,0.6600000000000001,0.12357142857142842,0.6000000000000005,0.0,0.061661474221592086,0.0170948562194991,3.6070191775733367,78.29399094173661,6.556666666666666,6.5842307692307696,6.621676517607808,6.581316314685771,0.040360202922037125,-0.020317279190886477,-0.009549824044309119,0.09982005393269248,5.059418286513911
000002.SZ,20250826,6.98,7.03,6.9,6.99,7.16,-0.17,-2.3743,4379464.06,3051239.669,0.45999999999999996,0.5200000000000005,0.1800000000000006,6.764,6.627,6.5485,6.828230159229807,6.703926277960347,6.627269248401528,0.2599999999999998,0.1385714285714284,0.0,0.16999999999999993,0.05725708320576408,0.028016652203820585,2.04368040796666,67.14503936147314,6.601666666666667,6.59923076923077,6.678341668745068,6.611589180264603,0.06675248848046511,-0.008612617424429795,0.005710638460645727,0.12208370003963877,-0.44730937787575487
000002.SZ,20250827,6.95,7.01,6.74,6.74,6.99,-0.25,-3.5765,2976152.2,2042648.128,0.1900000000000004,0.28000000000000025,0.040000000000000036,6.802000000000001,6.654999999999999,6.5504999999999995,6.7988201061532045,6.710485136513011,6.638005510458525,0.2699999999999996,0.15214285714285694,0.0,0.25,0.0531672915482095,0.0438726056178334,1.2118562551616032,54.78910541015526,6.623333333333332,6.600769230769231,6.687827565861211,6.621101092837595,0.0667264730236159,0.0034035560796094166,0.017913805373239763,0.09762533530075226,-0.32043004367068595
000002.SZ,20250828,6.75,6.81,6.62,6.77,6.74,0.03,0.4451,2119088.52,1425708.353,0.20999999999999996,0.33999999999999986,0.3299999999999992,6.843999999999999,6.689,6.567,6.789213404102137,6.721306020783372,6.650576414224379,0.1899999999999995,0.16214285714285692,0.02999999999999936,0.0,0.05151248500905163,0.04073884807370244,1.2644561013570665,55.83928523053683,6.6483333333333325,6.602692307692307,6.70046947880564,6.632130641516292,0.06833883728934786,0.01490640552678604,0.027998811756461385,0.08068005106577296,-0.28797710009588895
000002.SZ,20250829,6.89,6.92,6.78,6.79,6.77,0.02,0.2954,1979392.54,1354532.777,0.23000000000000043,0.2599999999999998,0.40000000000000036,6.890000000000001,6.715000000000001,6.586999999999999,6.789475602734758,6.7337958351863945,6.663854850964914,0.15000000000000036,0.1678571428571427,0.020000000000000462,0.0,0.04926159322269084,0.03782893035415227,1.302220093497401,56.56366640077156,6.675833333333333,6.601923076923077,6.714243405143234,6.64382466807064,0.07041873707259416,0.026319169623904928,0.03648279681968794,0.06787188050581244,-0.06592267320668604
000002.SZ,20250901,6.76,6.86,6.7,6.81,6.79,0.02,0.2946,1406825.43,953846.377,-0.35000000000000053,0.3099999999999996,0.39999999999999947,6.82,6.7459999999999996,6.606999999999999,6.796317068489839,6.747651137879777,6.677773436587303,0.16000000000000014,0.17571428571428557,0.019999999999999574,0.0,0.047171479421070035,0.03512686390028425,1.3428890081100668,57.31765369428798,6.7075000000000005,6.603076923076922,6.728975188967352,6.656133951917259,0.07284123705009282,0.037442658396905415,0.04375448486576892,0.05817350436864781,-0.289264053708114
000002.SZ,20250902,6.8,6.89,6.68,6.72,6.81,-0.09,-1.3216,2060249.78,1394222.969,-0.27000000000000046,0.1899999999999995,0.2699999999999996,6.766,6.765000000000001,6.6205,6.770878045659893,6.742623658265272,6.681795014055179,0.20999999999999996,0.18571428571428555,0.0,0.08999999999999986,0.04380208803385075,0.03904637362169251,1.1217965708732593,52.87012837482181,6.723333333333334,6.600384615384614,6.727594390664683,6.660864770293759,0.066729620370924,0.047237751467778345,0.048349511966799937,0.03676021680824813,0.4644672580307282
000002.SZ,20250903,6.75,6.79,6.56,6.58,6.72,-0.14,-2.0833,1745942.62,1158963.334,-0.16000000000000014,0.03000000000000025,0.13999999999999968,6.733999999999999,6.767999999999999,6.6275,6.707252030439929,6.713055720398859,6.6721002508118294,0.23000000000000043,0.19357142857142845,0.0,0.13999999999999968,0.04067336746000427,0.04625734693442874,0.8792844846389497,46.78825860725812,6.7299999999999995,6.591538461538462,6.704887561331654,6.654874787309036,0.05001277402261817,0.0545509190200323,0.048682164377963584,0.0026612192893091663,-0.15255779325941726
000002.SZ,20250904,6.59,6.6,6.48,6.53,6.58,-0.05,-0.7599,1537225.19,1005294.604,-0.23999999999999932,-0.02999999999999936,0.0600000000000005,6.686,6.764999999999999,6.6305,6.648168020293287,6.67977286214452,6.658566893591655,0.11999999999999922,0.1899999999999998,0.0,0.04999999999999982,0.037768126927146824,0.04652467929625525,0.8117869375659891,44.8058720776831,6.73,6.585,6.6779817826652454,6.645624803063922,0.032356979601323665,0.059393038870335424,0.04541712742263561,-0.026120295642623886,-0.1195442665807655
000002.SZ,20250905,6.53,6.59,6.49,6.59,6.53,0.06,0.9188,1171091.43,766112.847,-0.20000000000000018,0.03000000000000025,0.13999999999999968,6.646000000000001,6.768000000000001,6.6375,6.628778680195525,6.663450523572789,6.652036713249593,0.09999999999999964,0.19142857142857128,0.05999999999999961,0.0,0.039356117860922024,0.0432014879179513,0.9109898699708574,47.671098852279634,6.733333333333333,6.590769230769231,6.6644461237936685,6.641504447281409,0.022941676512259868,0.05745764704702684,0.04092203724056046,-0.03596072145660119,-0.23817835043413518
000002.SZ,20250908,6.72,6.89,6.72,6.76,6.59,0.17,2.5797,2320377.15,1572093.121,-0.04999999999999982,-0.40000000000000036,0.27999999999999936,6.636,6.728,6.6515,6.67251912013035,6.681004973832282,6.662318931035346,0.2999999999999998,0.20499999999999982,0.16999999999999993,0.0,0.04868782372799902,0.04011566735238335,1.2136859970523806,54.82647487802951,6.75,6.6049999999999995,6.6791467201331045,6.650281895630934,0.028864824502170094,0.05324790660499406,0.038510594692882386,-0.019291540381424582,0.9813800106111271
000002.SZ,20250909,6.79,6.91,6.74,6.86,6.76,0.1,1.4793,2179398.04,1494592.694,0.14000000000000057,-0.1299999999999999,0.39000000000000057,6.664,6.715000000000001,6.671000000000001,6.735012746753567,6.713549524044594,6.6811456995081695,0.16999999999999993,0.20928571428571413,0.10000000000000053,0.0,0.052352979175999126,0.037250262541498824,1.4054391997284597,58.42755035700399,6.775000000000001,6.622307692307692,6.706970301651088,6.665816570028643,0.041153731622444845,0.050406490893752834,0.03903922207879488,0.004229019087299932,-0.06075698082098416
000002.SZ,20250910,6.81,6.86,6.76,6.86,6.86,0.0,0.0,1397196.76,950570.519,0.28000000000000025,0.1200000000000001,0.40000000000000036,6.720000000000001,6.726999999999999,6.691000000000001,6.776675164502379,6.740176883309212,6.698179442412154,0.10000000000000053,0.21214285714285705,0.0,-0.0,0.04861348066342776,0.034589529502820335,1.4054391997284597,58.42755035700399,6.75,6.638076923076924,6.730513332166305,6.6802005278043,0.05031280436200536,0.04840359834627033,0.041293938535436975,0.018037731653136768,-0.35890703104422356
000002.SZ,20250911,6.82,6.84,6.73,6.83,6.86,-0.03,-0.4373,1462904.75,992115.321,0.2999999999999998,0.0600000000000005,0.40000000000000036,6.779999999999999,6.733,6.711,6.794450109668253,6.756508359071174,6.710733781230044,0.1299999999999999,0.21785714285714278,0.0,0.03000000000000025,0.04514108918746863,0.034261705966904615,1.3175376973660637,56.850755820001396,6.736666666666667,6.653076923076924,6.745818973371489,6.691296785003981,0.05452218836750777,0.04663731515681629,0.04393958850185114,0.02116519973131327,0.047028444297279925
000002.SZ,20250912,6.83,7.14,6.83,6.94,6.83,0.11,1.6105,3220891.59,2235885.454,0.35000000000000053,0.15000000000000036,0.41000000000000014,6.85,6.748,6.7315,6.842966739778836,6.789870475603688,6.732568659208135,0.3099999999999996,0.19285714285714275,0.11000000000000032,0.0,0.0497738685312209,0.03181444125498285,1.5645055065496458,61.006127791652645,6.753333333333333,6.671153846153847,6.775692977468182,6.709719245374057,0.06597373209412538,0.045874259050597686,0.04834641722030599,0.03525462974763878,1.2017097080312302
000002.SZ,20250915,6.92,7.04,6.82,6.97,6.94,0.03,0.4323,2289230.25,1584580.818,0.20999999999999996,0.16000000000000014,0.46999999999999975,6.892,6.764,6.755,6.885311159852558,6.822621298221199,6.755181167854979,0.21999999999999975,0.1899999999999999,0.02999999999999936,0.0,0.04836144935041936,0.02954198116534122,1.6370415064497172,62.07871595671951,6.77,6.6911538461538465,6.80558636555,6.728999301272275,0.07658706427772533,0.04696953059579783,0.05399454663178986,0.04518503529187093,-0.2892557274801043
000002.SZ,20250916,6.95,7.05,6.89,7.04,6.97,0.07,1.0043,2226805.38,1553899.604,0.17999999999999972,0.3200000000000003,0.5099999999999998,6.928,6.796000000000001,6.780499999999999,6.936874106568372,6.862144698544617,6.782306770916409,0.16000000000000014,0.18214285714285708,0.07000000000000028,0.0,0.04990706011110372,0.02743183965353113,1.8193114549165679,64.53034664701161,6.790833333333334,6.712692307692308,6.8416500016192305,6.752036390066921,0.08961361155230918,0.05136962365465239,0.06111835961589372,0.05699050387283092,-0.027268934612409614
000002.SZ,20250917,7.03,7.08,6.93,7.05,7.04,0.01,0.142,1663639.87,1165912.724,0.1899999999999995,0.46999999999999975,0.5,6.965999999999999,6.843000000000001,6.8055,6.9745827377122485,6.89630020790014,6.807801364162466,0.15000000000000036,0.17928571428571427,0.009999999999999787,0.0,0.04705655581745344,0.025472422535421764,1.8473529854499287,64.87966173811135,6.810833333333334,6.734999999999999,6.873703847523965,6.774107768580483,0.09959607894348199,0.05884063469266998,0.06881390348141138,0.061564350924141226,-0.2529028872743247
000002.SZ,20250918,6.98,6.99,6.72,6.77,7.05,-0.28,-3.9716,2552968.64,1748915.147,-0.0600000000000005,0.23999999999999932,0.20999999999999996,6.953999999999999,6.867,6.816000000000001,6.9063884918081655,6.873336533736477,6.804201234242231,0.33000000000000007,0.19214285714285712,0.0,0.28000000000000025,0.043695373259063905,0.043652963782891664,1.000971514245474,50.02427606386591,6.815,6.7469230769230775,6.857749409443355,6.773803489426373,0.08394592001698165,0.0656188839709724,0.07184030678852543,0.024211226456912427,0.5345680793283705
000002.SZ,20250919,6.75,7.04,6.68,6.98,6.77,0.21,3.1019,2733151.85,1881123.059,0.040000000000000036,0.39000000000000057,0.4200000000000008,6.962000000000001,6.906000000000001,6.837000000000001,6.930925661205444,6.892729891238936,6.820943973838209,0.3600000000000003,0.2064285714285714,0.21000000000000085,0.0,0.05557427516913083,0.04053489494125655,1.3710230469246178,57.82411304280362,6.848333333333334,6.768076923076923,6.876557192605916,6.78907730502442,0.08747988758149638,0.07213166875756422,0.07496822294711963,0.025023329268753502,0.07057791747884531
000002.SZ,20250922,6.9,7.1,6.83,7.0,6.98,0.02,0.2865,2259038.66,1573171.75,0.03000000000000025,0.2400000000000002,-0.16000000000000014,6.968000000000001,6.93,6.828999999999999,6.95395044080363,6.912233547377311,6.837996928710761,0.2699999999999996,0.21071428571428566,0.019999999999999574,0.0,0.05303325551419288,0.03763954530259537,1.4089770502763237,58.48860411993987,6.8875,6.786153846153846,6.895548393743468,6.804701208355944,0.09084718538752412,0.0776531636203508,0.07814401543520053,0.02540633990464719,-0.17346756273347927
000002.SZ,20250923,6.94,6.95,6.68,6.76,7.0,-0.24,-3.4286,1845203.37,1250871.499,-0.28000000000000025,-0.10000000000000053,-0.23000000000000043,6.912000000000001,6.92,6.8175,6.889300293869087,6.884554720581436,6.830568649785927,0.3200000000000003,0.21714285714285708,0.0,0.2400000000000002,0.049245165834607675,0.05209386349526714,0.9453160608654362,48.59447160709103,6.901666666666667,6.796153846153846,6.874694794706011,6.801390007736986,0.07330478696902532,0.08020782835446412,0.07717616974196548,-0.007742765545880326,-0.18319088439150483
000002.SZ,20250924,6.71,6.94,6.69,6.84,6.76,0.08,1.1834,1571675.16,1075298.493,-0.20999999999999996,-0.020000000000000462,0.09999999999999964,6.869999999999999,6.917999999999999,6.822500000000001,6.872866862579391,6.876453862293902,6.831466873615838,0.25,0.22642857142857142,0.08000000000000007,0.0,0.051441939703564275,0.0483728732456052,1.0634460236086536,51.53738025813964,6.908333333333334,6.808076923076923,6.8693571339820085,6.804250007163876,0.06510712681813224,0.08138393262675574,0.07476236115719884,-0.019310468678133186,-0.14823743249504265
000002.SZ,20250925,6.83,6.9,6.76,6.8,6.84,-0.04,-0.5848,1234019.75,840051.757,0.03000000000000025,-0.03000000000000025,0.03000000000000025,6.876,6.914999999999999,6.824000000000001,6.848577908386261,6.8625531600586465,6.828470028509567,0.14000000000000057,0.22928571428571434,0.0,0.040000000000000036,0.047767515439023966,0.047774810870919115,0.9998472954311665,49.99618209427334,6.903333333333333,6.817692307692308,6.858686805677084,6.803935191818404,0.05475161385867988,0.08013703060059513,0.07076021169749505,-0.03201719567763034,-0.21483791218027518
000002.SZ,20250926,6.76,6.98,6.73,6.8,6.8,0.0,0.0,1509024.13,1034089.811,-0.1800000000000006,-0.14000000000000057,0.009999999999999787,6.840000000000001,6.900999999999999,6.824500000000002,6.832385272257508,6.851179858229801,6.825758597222942,0.25,0.22571428571428578,0.0,-0.0,0.04435555005052226,0.04436232438013917,0.9998472954311667,49.996182094273344,6.8983333333333325,6.826923076923078,6.849658066342148,6.803643696128152,0.0460143702139959,0.07674006459351407,0.06581104340079522,-0.039593346373598626,0.22285249486485115
000002.SZ,20250929,6.78,6.87,6.65,6.81,6.8,0.01,0.1471,1634571.95,1102204.585,-0.1900000000000004,-0.16000000000000014,0.0,6.802,6.885,6.8245000000000005,6.824923514838338,6.843692611278928,6.824257778439804,0.21999999999999975,0.22928571428571434,0.009999999999999787,0.0,0.04190158218977065,0.041193586924414945,1.01718702638483,50.42601469670445,6.896666666666666,6.836538461538462,6.8435568253664325,6.804114533451992,0.039442291914440375,0.07116547352263976,0.06053729310352425,-0.04219000237816775,0.08319802016684788
000002.SZ,20250930,6.8,6.93,6.76,6.89,6.81,0.08,1.1747,1763048.82,1211551.715,0.1299999999999999,-0.15000000000000036,0.16999999999999993,6.828,6.87,6.833,6.846615676558892,6.85211213650094,6.8305189423979185,0.16999999999999993,0.2342857142857143,0.08000000000000007,0.0,0.04462289774764418,0.038251187858385306,1.1665754776779327,53.84421127706253,6.892499999999999,6.826153846153845,6.850701929156212,6.810476419862956,0.04022550929325597,0.06456874356150354,0.05647493634147059,-0.03249885409642925,0.07859970312105265
000002.SZ,20251009,6.8,6.81,6.6,6.79,6.89,-0.1,-1.4514,2523403.39,1690536.827,-0.04999999999999982,-0.2599999999999998,0.20999999999999996,6.8180000000000005,6.843999999999999,6.843499999999999,6.827743784372595,6.8408190207734965,6.826659995502879,0.29000000000000004,0.24571428571428575,0.0,0.09999999999999964,0.041435547908526736,0.042661817297072045,0.9712560442513201,49.27092282525894,6.8775,6.818461538461538,6.841363170824488,6.808959648021256,0.03240352280323222,0.0588418105377536,0.05166065363382292,-0.038514261661181395,0.4312725554587876
000002.SZ,20251010,6.72,6.89,6.72,6.75,6.79,-0.04,-0.5891,1548340.35,1050128.72,-0.04999999999999982,-0.019999999999999574,0.21999999999999975,6.808,6.841999999999999,6.8545,6.80182918958173,6.824306471541951,6.819359043550223,0.16999999999999993,0.23571428571428577,0.0,0.040000000000000036,0.03847586591506054,0.042471687490138334,0.9059179935808861,47.531845369633395,6.853333333333334,6.818846153846153,6.827307298389951,6.804592266686348,0.022715031703603117,0.051645715440209905,0.04587152924777896,-0.04631299508835168,-0.3864079139562383
000002.SZ,20251013,6.52,6.63,6.47,6.57,6.75,-0.18,-2.6667,2177742.92,1425261.306,-0.22999999999999954,-0.41000000000000014,-0.019999999999999574,6.7620000000000005,6.800999999999999,6.8534999999999995,6.724552793054487,6.778068931261596,6.795610563212106,0.28000000000000025,0.24000000000000007,0.0,0.17999999999999972,0.0357275897782705,0.05229513838369986,0.6831914186005217,40.58905071940996,6.813333333333333,6.811153846153847,6.787721560176113,6.787215061746618,0.0005064984294946839,0.04160786133376219,0.036798523084122105,-0.07258404930925484,0.4065014323239718
000002.SZ,20251014,6.57,6.69,6.52,6.53,6.57,-0.04,-0.6088,1913064.11,1262009.198,-0.27999999999999936,-0.46999999999999975,-0.22999999999999954,6.706,6.754,6.8420000000000005,6.659701862036325,6.732965489214033,6.770314319096668,0.17000000000000082,0.24071428571428585,0.0,0.040000000000000036,0.0331756190798226,0.05141691421343559,0.6452277346343276,39.218141115140966,6.793333333333332,6.801153846153846,6.748072089379788,6.768162094209831,-0.02009000483004364,0.03123066224497675,0.025420817501288957,-0.09102164466266519,-0.12153813361955498
000002.SZ,20251015,6.52,6.57,6.42,6.49,6.53,-0.04,-0.6126,1766066.12,1144865.927,-0.39999999999999947,-0.2699999999999996,-0.3700000000000001,6.626,6.726999999999999,6.8235,6.603134574690884,6.688789945720572,6.743617717277938,0.15000000000000036,0.24071428571428585,0.0,0.040000000000000036,0.030805932002692417,0.05060142034104733,0.608795796542157,37.84170730994349,6.752499999999999,6.788846153846155,6.708368691013666,6.747557494638732,-0.03918880362506627,0.019642225529065804,0.012498893276017912,-0.10337539380216837,-0.07683902971761881
000002.SZ,20251016,6.47,6.48,6.38,6.4,6.49,-0.09,-1.3867,1434724.25,921148.581,-0.3899999999999997,-0.4399999999999995,-0.45999999999999996,6.548,6.683,6.800500000000001,6.535423049793923,6.636282682862286,6.710892220394324,0.11000000000000032,0.22500000000000014,0.0,0.08999999999999986,0.028605508288214388,0.05341560460240108,0.5355271835101263,34.87578658724505,6.7025,6.776538461538463,6.660927353934641,6.721812495035863,-0.06088514110122212,0.006793697200187804,-0.002177913599430094,-0.11741445500358405,-0.1876157785077719
000002.SZ,20251017,6.39,6.43,6.31,6.32,6.4,-0.08,-1.25,1429013.29,909191.87,-0.4299999999999997,-0.47999999999999954,-0.5099999999999998,6.462000000000001,6.635,6.774999999999999,6.463615366529282,6.578776740523689,6.673664389880579,0.1200000000000001,0.207857142857143,0.0,0.08000000000000007,0.026562257696199076,0.05531448998794386,0.4802043316676785,32.44175965399684,6.665833333333334,6.766538461538461,6.60847699179085,6.692048606514688,-0.08357161472383812,-0.007604745570682642,-0.018456653824311702,-0.13022992179905282,-0.003980527965565483
000002.SZ,20251020,6.33,6.35,6.3,6.34,6.32,0.02,0.3165,868612.8,549071.835,-0.23000000000000043,-0.45999999999999996,-0.6000000000000005,6.4159999999999995,6.589,6.745,6.4224102443528555,6.5353627877011995,6.641886828939572,0.04999999999999982,0.1921428571428573,0.019999999999999574,0.0,0.026093525003613397,0.05136345498880501,0.508017324950213,33.68776449348718,6.624166666666667,6.7592307692307685,6.567172839207642,6.665970931958045,-0.09879809275040241,-0.02296478831122073,-0.03452494160952985,-0.12854630228174513,-0.3921590470302764
000002.SZ,20251021,6.33,6.41,6.31,6.4,6.34,0.06,0.9464,1019035.23,650370.893,-0.1299999999999999,-0.40999999999999925,-0.5699999999999994,6.390000000000001,6.548,6.716500000000001,6.414940162901905,6.510751371755527,6.618849988088185,0.10000000000000053,0.1764285714285716,0.0600000000000005,0.0,0.028515416074783907,0.04769463677531894,0.5978746878630196,37.416869570830414,6.590833333333333,6.751923076923077,6.541453940868005,6.646269381442634,-0.10481544057462955,-0.03908044940765246,-0.04858304140254979,-0.11246479834415951,0.17317547012892273
000002.SZ,20251022,6.36,6.44,6.35,6.38,6.4,-0.02,-0.3125,780302.49,498606.559,-0.11000000000000032,-0.5099999999999998,-0.6600000000000001,6.368,6.497,6.6834999999999996,6.403293441934604,6.486978395072703,6.596102370175024,0.09000000000000075,0.16500000000000023,0.0,0.020000000000000462,0.02647860064087077,0.04571644843422477,0.5791919877364765,36.67647709932073,6.555833333333333,6.7373076923076916,6.516614873042157,6.626545723557994,-0.10993085051583673,-0.054895379776437894,-0.060852603225207184,-0.0981564945812591,-0.23427329396649024
000002.SZ,20251023,6.41,6.43,6.33,6.38,6.38,0.0,0.0,753668.63,479621.653,-0.020000000000000462,-0.41000000000000014,-0.6699999999999999,6.364,6.456,6.65,6.395528961289736,6.467527777786757,6.575521192063118,0.09999999999999964,0.1621428571428573,0.0,-0.0,0.02458727202366572,0.04245098783178014,0.5791919877364766,36.67647709932073,6.52,6.718846153846154,6.495597200266441,6.608283077368513,-0.11268587710207179,-0.06993992519929065,-0.07121925800058011,-0.08293323820298334,-0.034132737420843016
000002.SZ,20251024,6.36,6.39,6.34,6.36,6.38,-0.02,-0.3135,738578.63,469613.402,0.040000000000000036,-0.3899999999999997,-0.40999999999999925,6.372,6.417000000000002,6.6295,6.383685974193158,6.447977272734619,6.554995364247583,0.04999999999999982,0.147857142857143,0.0,0.019999999999999574,0.022831038307689597,0.04084734584379581,0.5589356624295172,35.85367093074554,6.475833333333333,6.6996153846153845,6.474736092533142,6.589891738304178,-0.11515564577103632,-0.08279127455490522,-0.08000653555467135,-0.07029822043272993,-0.020022061950488772
000002.SZ,20251027,6.37,6.38,6.31,6.32,6.36,-0.04,-0.6289,1053944.09,667073.659,-0.019999999999999574,-0.25,-0.6600000000000001,6.368,6.392,6.596499999999999,6.362457316128772,6.424708677691961,6.53261485336686,0.07000000000000028,0.13714285714285732,0.0,0.040000000000000036,0.02120024985714034,0.04078682114066754,0.5197818624801355,34.201083412845996,6.436666666666667,6.680000000000001,6.450930539835736,6.569899757689054,-0.11896921785331838,-0.09377785377971352,-0.08779907201440076,-0.062340291677835225,0.42698968964211714
000002.SZ,20251028,6.32,6.33,6.26,6.27,6.32,-0.05,-0.7911,917900.19,577519.765,-0.13000000000000078,-0.2600000000000007,-0.7300000000000004,6.3420000000000005,6.366000000000001,6.5600000000000005,6.331638210752515,6.396579827202513,6.507603914950969,0.07000000000000028,0.1300000000000002,0.0,0.05000000000000071,0.019685946295916027,0.04144490534490563,0.47499074089056414,32.20296424395018,6.396666666666667,6.65423076923077,6.4230950721686995,6.547684960823198,-0.12458988865449871,-0.10326686322742823,-0.09515723534242035,-0.05886530662415673,-0.12908075607691877
000002.SZ,20251029,6.26,6.32,6.24,6.31,6.27,0.04,0.638,857160.82,539296.509,-0.07000000000000028,-0.1800000000000006,-0.4500000000000002,6.328,6.348000000000001,6.537499999999999,6.32442547383501,6.3808380404384195,6.488784494479448,0.08000000000000007,0.11500000000000021,0.040000000000000036,0.0,0.021136950131922027,0.03848455496312665,0.549232027034587,35.451889545937284,6.375,6.628846153846155,6.405695830296592,6.530078667428887,-0.12438283713229481,-0.1103221627864363,-0.10100235570039526,-0.046760962863799105,-0.0661720856599888
000002.SZ,20251030,6.31,6.32,6.26,6.27,6.31,-0.04,-0.6339,737459.11,463346.536,-0.11000000000000032,-0.13000000000000078,-0.5700000000000003,6.305999999999999,6.334999999999999,6.508999999999999,6.3062836492233405,6.360685669449615,6.467947875957596,0.0600000000000005,0.1071428571428574,0.0,0.040000000000000036,0.01962716797964188,0.03859280103718904,0.5085707036586596,33.71208935883808,6.353333333333334,6.59923076923077,6.3848195487125015,6.510813580952673,-0.1259940322401718,-0.11503576473269561,-0.10600069100835058,-0.03998668246364245,-0.13964906842102276
000002.SZ,20251031,6.24,6.3,6.2,6.27,6.27,0.0,0.0,845102.09,529341.765,-0.09000000000000075,-0.05000000000000071,-0.5300000000000002,6.287999999999999,6.33,6.4825,6.294189099482227,6.34419736591332,6.449095697294967,0.09999999999999964,0.0942857142857145,0.0,-0.0,0.018225227409667456,0.03583617239167553,0.5085707036586596,33.71208935883808,6.335,6.56923076923077,6.367155002756732,6.492975537919142,-0.12582053516240954,-0.11803825833402974,-0.10996465983916238,-0.03171175064649431,0.1459646759262354
000002.SZ,20251103,6.28,6.32,6.26,6.3,6.27,0.03,0.4785,689571.0,433621.136,-0.020000000000000462,-0.040000000000000036,-0.5,6.284,6.325999999999999,6.4575000000000005,6.296126066321485,6.336161481201807,6.434896107076399,0.0600000000000005,0.08642857142857162,0.03000000000000025,0.0,0.019066282594691227,0.03327644579227014,0.572966317187642,36.42584783455931,6.326666666666665,6.551153846153847,6.356823463871081,6.478681053628835,-0.12185758975775318,-0.11993183046548792,-0.11234324582288055,-0.019028687869745264,-0.18403822667152553
000002.SZ,20251104,6.28,6.3,6.21,6.23,6.3,-0.07,-1.1111,1077372.5,672486.858,-0.03999999999999915,-0.16999999999999993,-0.5799999999999992,6.276,6.308999999999999,6.4285,6.274084044214325,6.316859393710569,6.415382192116742,0.08999999999999986,0.0821428571428573,0.0,0.0699999999999994,0.017704405266498996,0.03589955680710794,0.4931650092959813,33.028165422152895,6.319166666666667,6.522307692307693,6.337312161737069,6.460260234841513,-0.12294807310444433,-0.12137818853088876,-0.1144642112791933,-0.01696772365050206,0.5623808135782973
000002.SZ,20251105,6.2,6.24,6.16,6.22,6.23,-0.01,-0.1605,692007.28,429343.47,-0.08999999999999986,-0.16000000000000014,-0.6699999999999999,6.258,6.292999999999999,6.395,6.256056029476217,6.2992485948541015,6.3967743642961,0.08000000000000007,0.08000000000000014,0.0,0.010000000000000675,0.016439804890320497,0.03404958846374314,0.4828194886357001,32.56090794166245,6.309166666666666,6.4923076923076914,6.319264136854443,6.442463180408808,-0.12319904355436506,-0.12254631813669913,-0.11621117773422766,-0.013975731640274797,-0.3576898612132758
000002.SZ,20251106,6.2,6.22,6.17,6.18,6.22,-0.04,-0.6431,889218.53,550107.118,-0.08999999999999986,-0.20000000000000018,-0.6100000000000003,6.24,6.273,6.3645,6.230704019650812,6.277567032153355,6.376129186744091,0.04999999999999982,0.07500000000000011,0.0,0.040000000000000036,0.015265533112440461,0.03447461785919006,0.4428049985874189,30.690564492148837,6.290833333333332,6.47,6.297838885030682,6.423021463341488,-0.12518257831080604,-0.12366042175222909,-0.11800545784954335,-0.01435424092252538,0.2849843573899974
000002.SZ,20251107,6.17,6.22,6.15,6.18,6.18,0.0,0.0,733081.92,453507.99,-0.08999999999999986,-0.1800000000000006,-0.5700000000000003,6.2219999999999995,6.255,6.336,6.213802679767208,6.259827571761836,6.357450216577988,0.0699999999999994,0.07642857142857151,0.0,-0.0,0.014175137890123285,0.032012145154962195,0.44280499858741895,30.690564492148837,6.274166666666666,6.444615384615385,6.279709825795193,6.40501987346434,-0.12531004766914755,-0.12436495839843234,-0.1194663758134642,-0.011687343711366704,-0.17558856988731442
000002.SZ,20251110,6.17,6.26,6.16,6.26,6.18,0.08,1.2945,1031199.13,641296.734,-0.040000000000000036,-0.0600000000000005,-0.3100000000000005,6.214,6.249,6.320500000000001,6.229201786511473,6.259858922350592,6.348169243570561,0.09999999999999964,0.07642857142857144,0.08000000000000007,0.0,0.018876913755114483,0.02972556335817918,0.6350397308759627,38.83940670577735,6.264166666666667,6.423846153846155,6.276677544903625,6.39427766061513,-0.11760011571150564,-0.12358831696032199,-0.11909312379307249,0.002986016163133709,0.4066628870072255
000002.SZ,20251111,6.24,6.31,6.23,6.28,6.26,0.02,0.3195,906104.54,568430.823,0.04999999999999982,0.010000000000000675,-0.25,6.223999999999999,6.249999999999999,6.308000000000001,6.246134524340983,6.263520936468665,6.341676934659079,0.07999999999999918,0.07571428571428562,0.020000000000000462,0.0,0.018957134201177766,0.027602308832594954,0.6867952357228794,40.715981476468414,6.2575,6.403846153846152,6.277188691841529,6.385812648717714,-0.10862395687618509,-0.12183733026519869,-0.11699929040969502,0.01675066706701986,-0.12130982887854062
000002.SZ,20251112,6.31,6.33,6.24,6.26,6.28,-0.02,-0.3185,860610.61,540093.753,0.040000000000000036,-0.04999999999999982,-0.23000000000000043,6.231999999999999,6.244999999999999,6.2965,6.250756349560655,6.262880766201635,6.333898178977262,0.08999999999999986,0.07499999999999993,0.0,0.020000000000000462,0.017603053186807927,0.027059286773123917,0.6505364806692466,39.41363843139488,6.2525,6.382692307692308,6.274544277712063,6.376493193257143,-0.1019489155450799,-0.1191656506324107,-0.11398921543677201,0.024080599783384227,-0.050208257426896954
000002.SZ,20251113,6.24,6.28,6.22,6.28,6.26,0.02,0.3195,763515.74,477638.822,0.10000000000000053,0.010000000000000675,-0.1200000000000001,6.252,6.246,6.290500000000001,6.260504233040438,6.265993354164973,6.328765019074666,0.0600000000000005,0.07571428571428569,0.020000000000000462,0.0,0.017774263673464536,0.025126480575043637,0.7073916946059872,41.43113128878322,6.253333333333333,6.359230769230769,6.275383619602515,6.369345549312169,-0.09396192970965433,-0.11562580558210457,-0.10998375829134849,0.032043657163388306,-0.11282090747173103
000002.SZ,20251114,6.25,6.32,6.25,6.27,6.28,-0.01,-0.1592,1182180.67,743739.695,0.08999999999999986,0.0,-0.05000000000000071,6.27,6.2459999999999996,6.287999999999999,6.263669488693625,6.266721835225886,6.323168350591365,0.07000000000000028,0.07571428571428569,0.0,0.010000000000000675,0.01650467341107421,0.024046017676826285,0.6863786608200056,40.70133693972695,6.249999999999999,6.33923076923077,6.274555370432896,6.361986619733489,-0.0874312493005931,-0.11180065664242012,-0.10547325649319741,0.03608401438520864,0.5483383093058435
000002.SZ,20251117,6.25,6.29,6.24,6.26,6.27,-0.01,-0.1595,841324.65,527202.319,0.0,-0.040000000000000036,-0.08000000000000007,6.2700000000000005,6.241999999999999,6.284000000000001,6.26244632579575,6.2654996833666345,6.317152317201711,0.04999999999999982,0.07428571428571422,0.0,0.009999999999999787,0.015325768167426052,0.023042730699910106,0.6651020821714434,39.94362203331644,6.249166666666667,6.320384615384616,6.272316082673989,6.354432055308787,-0.08211597263479753,-0.10726375659023714,-0.10080179972151744,0.03737165417343982,-0.2883281960616053
000002.SZ,20251118,6.26,6.27,6.12,6.13,6.26,-0.13,-2.0767,1461830.5,901746.513,-0.15000000000000036,-0.10000000000000053,-0.27000000000000046,6.24,6.231999999999999,6.2705,6.2182975505305,6.240863377299973,6.299328286992024,0.14999999999999947,0.07928571428571418,0.0,0.1299999999999999,0.014231070441181335,0.03068253564991652,0.4638166350902636,31.68543272236165,6.2375,6.303461538461538,6.2504213007241445,6.337807458619247,-0.08738615789510273,-0.10328454707254132,-0.0981186713562345,0.02146502692226354,0.7375343751071598
000002.SZ,20251119,6.12,6.13,6.04,6.06,6.13,-0.07,-1.1419,1024094.2,622029.495,-0.20000000000000018,-0.16000000000000014,-0.3200000000000003,6.2,6.216,6.2545,6.165531700353667,6.207979126881795,6.276535116802307,0.08999999999999986,0.08142857142857128,0.0,0.07000000000000028,0.013214565409668382,0.03349092596063679,0.39457151543674795,28.293386970059913,6.2175,6.285384615384616,6.221125715997353,6.317229128351155,-0.09610341235380204,-0.10005352863287421,-0.09771561955574802,0.0032244144038919564,-0.2994439505811379
000002.SZ,20251120,6.06,6.29,6.02,6.2,6.06,0.14,2.3102,1962248.31,1211557.177,-0.08000000000000007,0.020000000000000462,-0.17999999999999972,6.183999999999999,6.218000000000001,6.2455,6.177021133569112,6.20652837653965,6.26924605805923,0.27000000000000046,0.09357142857142849,0.14000000000000057,0.0,0.022270667880406398,0.031098716963448448,0.7161281896800435,41.729294698757855,6.215,6.274230769230769,6.217875605843914,6.308545489214032,-0.09066988337011761,-0.09620462148853755,-0.09630647231862195,0.011273177897008685,0.9160818506735027
000002.SZ,20251121,6.12,6.19,6.06,6.06,6.2,-0.14,-2.2581,1231018.91,752393.756,-0.20999999999999996,-0.1200000000000001,-0.3000000000000007,6.1419999999999995,6.206,6.2305,6.138014089046075,6.17988685353244,6.24931786205359,0.14000000000000057,0.0992857142857142,0.0,0.14000000000000057,0.0206799058889488,0.038877380037487884,0.5319264278870645,34.72271371548391,6.201666666666667,6.261153846153846,6.193587051098696,6.290134712235214,-0.09654766113651814,-0.0938654598690945,-0.09635471008220119,-0.00038590210863390095,-0.37264876023768884
000002.SZ,20251124,6.06,6.13,6.04,6.04,6.06,-0.02,-0.33,1006978.04,612019.543,-0.21999999999999975,-0.21999999999999975,-0.28000000000000025,6.098,6.183999999999999,6.216500000000001,6.105342726030717,6.154452880162905,6.229382827572295,0.08999999999999986,0.0992857142857142,0.0,0.019999999999999574,0.019202769754023883,0.03752899574909586,0.5116782202861507,33.84835565000688,6.190000000000001,6.250384615384615,6.169958274006589,6.271606215032605,-0.10164794102601604,-0.09309034699685349,-0.09741335627096416,-0.008469169510103763,-0.1819962863121249
000002.SZ,20251125,6.05,6.1,6.01,6.04,6.04,0.0,0.0,960658.4,581041.097,-0.08999999999999986,-0.2400000000000002,-0.22999999999999954,6.08,6.159999999999999,6.205000000000001,6.083561817353811,6.133643265587832,6.211346367803506,0.08999999999999986,0.0999999999999999,0.0,-0.0,0.017831143343022177,0.03484835319558901,0.5116782202861507,33.84835565000688,6.178333333333335,6.238846153846153,6.149964693390191,6.254450199104264,-0.10448550571407278,-0.09337219034896381,-0.09882778615958589,-0.011315439108973785,-0.04599865951396518
000002.SZ,20251126,6.03,6.06,5.88,5.89,6.04,-0.15,-2.4834,2005217.22,1192429.529,-0.16999999999999993,-0.3700000000000001,-0.41999999999999993,6.046,6.122999999999999,6.184,6.019041211569207,6.0893444900264075,6.1807419518222195,0.17999999999999972,0.10928571428571418,0.0,0.15000000000000036,0.01655749024709202,0.04307347082447553,0.3844011158182219,27.76659968169915,6.1475,6.2192307692307685,6.109970125176316,6.227453888059504,-0.11748376288318774,-0.0959857273682453,-0.10255898150430627,-0.029849562757762932,1.0873363726377658
000002.SZ,20251127,5.6,5.65,5.37,5.47,5.89,-0.42,-7.1307,3961433.24,2181600.717,-0.7300000000000004,-0.8100000000000005,-0.7999999999999998,5.9,6.042,6.144,5.836027474379472,5.9767364009306965,6.113052242124866,0.5199999999999996,0.14142857142857132,0.0,0.41999999999999993,0.015374812372299734,0.06999679433701299,0.21965023567043301,18.00928079595646,6.079999999999999,6.184230769230769,6.011513182841498,6.171346192647689,-0.15983300980619042,-0.10403036742442279,-0.1140137871646831,-0.09163844528301462,0.9755631462211363
000002.SZ,20251128,5.41,5.48,5.27,5.38,5.47,-0.09,-1.6453,2953635.76,1579226.789,-0.6799999999999997,-0.8899999999999997,-0.8899999999999997,5.763999999999999,5.953,6.099500000000001,5.684018316252982,5.868238873488751,6.0432377428748785,0.21000000000000085,0.14928571428571427,0.0,0.08999999999999986,0.01427661148856404,0.07142559474151204,0.1998808905999431,16.658394359460313,6.006666666666667,6.145769230769231,5.914357308558191,6.1127279561552665,-0.19837064759707523,-0.11694755353134252,-0.13088515925116154,-0.1349709766918274,-0.25440223750937185
000002.SZ,20251201,5.3,5.34,5.17,5.2,5.38,-0.18,-3.3457,3212116.25,1684908.905,-0.8399999999999999,-1.0599999999999996,-1.0999999999999996,5.595999999999999,5.847,6.0445,5.522678877501988,5.746740896490796,5.962929386410605,0.20999999999999996,0.1585714285714286,0.0,0.17999999999999972,0.01325685352509518,0.0791809094028326,0.1674248707810488,14.34138289935828,5.916666666666667,6.101153846153846,5.804456184164623,6.045118477921544,-0.2406622937569205,-0.13397823529376673,-0.15284058615231333,-0.17564341520921434,0.08751264915617092
000002.SZ,20251202,5.24,5.26,5.18,5.2,5.2,0.0,0.0,1686909.29,880080.038,-0.8399999999999999,-0.9299999999999997,-1.0300000000000002,5.427999999999999,5.7540000000000004,5.993,5.415119251667993,5.647333460765196,5.89026944484769,0.08000000000000007,0.15785714285714292,0.0,-0.0,0.012309935416159809,0.07352513015977312,0.1674248707810488,14.34138289935828,5.827500000000001,6.058076923076923,5.711462925062373,5.982517109186615,-0.27105418412424154,-0.15341720993492666,-0.176483305746699,-0.1891417567550851,-0.4748293154084943
000002.SZ,20251203,5.22,5.23,5.0,5.01,5.2,-0.19,-3.6538,2792336.1,1419297.667,-0.8799999999999999,-1.0499999999999998,-1.21,5.252,5.649,5.9325,5.280079501111995,5.531454649716979,5.8064342596241,0.23000000000000043,0.17000000000000007,0.0,0.1900000000000004,0.011430654315005537,0.08184476371978934,0.13966262220684628,12.254733943665112,5.723333333333334,6.009615384615383,5.603545551975855,5.9104788048024215,-0.3069332528265667,-0.17744647320786544,-0.20257329516267253,-0.20871991532778833,0.6552971262610096
000002.SZ,20251204,4.96,5.07,4.91,4.97,5.01,-0.04,-0.7984,2620008.93,1302590.182,-0.5,-1.2300000000000004,-1.21,5.151999999999999,5.526,5.872000000000001,5.176719667407997,5.4293719861320735,5.726773853945615,0.16000000000000014,0.17642857142857146,0.0,0.040000000000000036,0.010614179006790857,0.07885585202551867,0.1346022994381696,11.863390326709345,5.626666666666668,5.958076923076923,5.506077005518031,5.840813708150391,-0.3347367026323598,-0.20391192226295896,-0.22900597665661,-0.21146145195149957,-0.06171433660869117
000002.SZ,20251205,4.94,4.97,4.81,4.95,4.97,-0.02,-0.4024,3180996.4,1552889.664,-0.4299999999999997,-1.1099999999999994,-1.2299999999999995,5.066,5.415,5.8105,5.101146444938665,5.342213443198969,5.65279539166508,0.16000000000000014,0.18428571428571436,0.0,0.019999999999999574,0.009856023363448653,0.07465186259512445,0.1320264896390188,11.662844540070743,5.534166666666667,5.907307692307692,5.420526696976795,5.774827507546657,-0.3543008105698622,-0.23198446332338632,-0.25406494343926045,-0.20047173426120346,0.21411662516738053
000002.SZ,20251208,4.9,4.98,4.9,4.91,4.95,-0.04,-0.8081,1954117.74,964354.593,-0.29000000000000004,-1.13,-1.3499999999999996,5.008,5.302000000000001,5.743,5.037430963292444,5.263629180799156,5.582052973411263,0.08000000000000007,0.1792857142857144,0.0,0.040000000000000036,0.009152021694630893,0.07217672955261556,0.12680017162538834,11.253119658517752,5.426666666666667,5.8549999999999995,5.341984128211134,5.710766210691349,-0.36878208248021505,-0.26135074963073546,-0.27700837124745137,-0.18354742246552735,-0.3856900498221249
000002.SZ,20251209,4.89,4.93,4.76,4.77,4.91,-0.14,-2.8513,2356612.74,1136449.251,-0.4300000000000006,-1.2700000000000005,-1.5100000000000007,4.922,5.175,5.6674999999999995,4.948287308861629,5.173878420653854,5.5047145949911425,0.16999999999999993,0.1850000000000001,0.0,0.14000000000000057,0.008498305859300115,0.07702124887028591,0.11033715999090588,9.937266261701048,5.319166666666667,5.796153846153847,5.253986570024805,5.641079824714213,-0.3870932546894075,-0.2913073598314265,-0.29902534793584257,-0.1761358135071298,0.20597274757865933
000002.SZ,20251210,4.76,5.25,4.7,5.25,4.77,0.48,10.0629,6362120.7,3229111.691,0.2400000000000002,-0.6399999999999997,-1.0099999999999998,4.970000000000001,5.111,5.616999999999999,5.048858205907753,5.187718707807699,5.480456062134843,0.5499999999999998,0.20500000000000007,0.4800000000000004,0.0,0.04217699829792156,0.07151973109383691,0.5897253478565734,37.0960523873951,5.253333333333334,5.758461538461538,5.2533732515594505,5.612110948809457,-0.3587376972500067,-0.3134078806585172,-0.31096781779867544,-0.09553975890266253,1.6996886641629543
000002.SZ,20251211,5.18,5.25,5.04,5.07,5.25,-0.18,-3.4286,5461723.61,2792490.249,0.10000000000000053,-0.39999999999999947,-1.21,4.99,5.071,5.5565,5.055905470605169,5.166315306388117,5.441365008598192,0.20999999999999996,0.21000000000000002,0.0,0.17999999999999972,0.039164355562355736,0.0792683217299914,0.4940732275846555,33.06887630825048,5.1725,5.714230769230769,5.225161982088766,5.571954582230979,-0.346792600142213,-0.3298992087190881,-0.31813277426738296,-0.05731965174966014,-0.14152467902723062
000002.SZ,20251212,5.13,5.21,5.01,5.02,5.07,-0.05,-0.9862,3356576.69,1709879.517,0.0699999999999994,-0.3600000000000003,-1.25,5.004,5.035000000000001,5.494000000000001,5.043936980403446,5.139712523408459,5.4012350077793165,0.20000000000000018,0.21785714285714292,0.0,0.05000000000000071,0.036366901593616045,0.07717772732070635,0.4712098017928938,32.02872909211539,5.1000000000000005,5.669615384615384,5.193598600228956,5.531069057621276,-0.3374704573923202,-0.3406556713452436,-0.3220003108923704,-0.030940292999899532,-0.38543636960054817
000002.SZ,20251215,4.9,4.94,4.8,4.87,5.02,-0.15,-2.988,2564034.8,1255779.781,-0.040000000000000036,-0.33000000000000007,-1.3899999999999997,4.996,5.002000000000001,5.4245,4.985957986935631,5.090673882788739,5.35064119751462,0.21999999999999975,0.22714285714285717,0.0,0.14999999999999947,0.033769265765500614,0.08237931822637014,0.4099240743011012,29.0741949706973,5.05,5.61923076923077,5.143814200193733,5.482100979278959,-0.33828677908522664,-0.348125959674242,-0.3252576045309417,-0.026058349108569856,-0.23611612758950554
000002.SZ,20251216,4.88,5.05,4.87,4.97,4.87,0.1,2.0534,2765722.63,1368554.65,0.20000000000000018,-0.23000000000000043,-1.1600000000000001,5.036,4.979,5.3665,4.980638657957088,5.068733176827149,5.314389654894181,0.17999999999999972,0.22714285714285717,0.09999999999999964,0.0,0.03850003249653626,0.07649508121020085,0.5033007598324134,33.47971166385367,5.015833333333334,5.569615384615385,5.117073554010082,5.444167573406444,-0.3270940193963625,-0.35036604484866374,-0.3256248875040259,-0.002938263784673212,0.07866033253526827
000002.SZ,20251217,4.92,4.97,4.84,4.96,4.97,-0.01,-0.2012,1988572.48,975625.24,-0.29000000000000004,-0.04999999999999982,-1.0999999999999996,4.978,4.974,5.3115,4.973759105304726,5.048963508313122,5.280638259189973,0.1299999999999999,0.19928571428571434,0.0,0.009999999999999787,0.0357500301753551,0.07174543255232935,0.49828998033122057,33.257245718286505,4.995833333333334,5.518846153846154,5.092908391854684,5.40830330870967,-0.3153949168549861,-0.34821695754006665,-0.32357889337421797,0.016367953038463723,-0.2809935246471191
000002.SZ,20251218,4.9,4.95,4.83,4.87,4.96,-0.09,-1.8145,1761637.65,861932.297,-0.20000000000000018,-0.09999999999999964,-1.33,4.938000000000001,4.964,5.244999999999999,4.939172736869818,5.016424688619827,5.241529853552834,0.1299999999999999,0.19357142857142856,0.0,0.08999999999999986,0.03319645659140116,0.07304933022716296,0.45443889065333626,31.244962821999454,4.968333333333333,5.4653846153846155,5.05861479310781,5.368428989545991,-0.30981419643818064,-0.34327400041432427,-0.3208259539870105,0.022023515097659763,-0.11411946624143168
000002.SZ,20251219,4.85,4.94,4.84,4.9,4.87,0.03,0.616,1665842.84,815816.715,-0.11999999999999922,-0.04999999999999982,-1.1599999999999993,4.914,4.959,5.186999999999999,4.9261151579132125,4.995256563416222,5.209003200833516,0.10000000000000053,0.18571428571428575,0.03000000000000025,0.0,0.032968138263443955,0.06783152092522275,0.4860297663056667,32.70659695558841,4.9591666666666665,5.412307692307692,5.03421251724507,5.333730545875918,-0.29951802863084787,-0.33557799443106123,-0.31656436891577805,0.03409268056986037,-0.05437827126367322
000002.SZ,20251222,4.88,4.97,4.85,4.93,4.9,0.03,0.6122,1554196.37,763990.247,0.05999999999999961,0.019999999999999574,-1.1100000000000003,4.926,4.961,5.1315,4.9274101052754755,4.983391733704181,5.1824314674208,0.1200000000000001,0.1885714285714286,0.02999999999999936,0.0,0.03275612838748363,0.06298641228770684,0.5200507093158678,34.21272107099165,4.9558333333333335,5.360769230769232,5.0181798222842895,5.303824579514738,-0.2856447572304486,-0.32430593915784356,-0.31038044657871217,0.04947137869652718,-0.06702101021726634
000002.SZ,20251223,4.88,4.9,4.77,4.79,4.93,-0.14,-2.8398,2072432.76,998690.163,-0.17999999999999972,0.020000000000000462,-1.25,4.89,4.962999999999999,5.069000000000001,4.881606736850317,4.948229600303421,5.145057041952152,0.16000000000000014,0.18357142857142858,0.0,0.13999999999999968,0.0304164049312348,0.0684873828385849,0.44411691132835335,30.75352887598538,4.9425,5.304230769230769,4.983075234240553,5.265763499550683,-0.2826882653101306,-0.31585600227563515,-0.30484201032499586,0.044307490029730556,0.3334433151455629
000002.SZ,20251224,4.76,4.8,4.76,4.76,4.79,-0.03,-0.6263,1154243.32,551394.739,-0.20000000000000018,-0.4900000000000002,-1.13,4.85,4.914,5.012500000000001,4.8410711579002115,4.914006036611889,5.108384942718614,0.040000000000000036,0.17500000000000002,0.0,0.03000000000000025,0.02824380457900374,0.06573828406440027,0.42964012494355347,30.05232697707872,4.93,5.251538461538461,4.948755967434314,5.2282995366210026,-0.2795435691866883,-0.3083838877250213,-0.29978232209733435,0.04047750582129206,-0.4430490859447715
000002.SZ,20251225,4.79,4.8,4.75,4.79,4.76,0.03,0.6303,1086266.46,518318.252,-0.08000000000000007,-0.28000000000000025,-0.6799999999999997,4.8340000000000005,4.886,4.978500000000002,4.824047438600141,4.891459484500636,5.078062567221603,0.04999999999999982,0.16714285714285712,0.03000000000000025,0.0,0.028369247109074923,0.061042692345514536,0.46474436200321884,31.728701202687926,4.931666666666666,5.202692307692307,4.92433197244442,5.195832904278706,-0.2715009318342867,-0.3010539404407953,-0.2941260440447248,0.04525022442087623,-0.05889300706544275
000002.SZ,20251226,4.77,4.81,4.76,4.77,4.79,-0.02,-0.4175,1241793.05,593894.564,-0.13000000000000078,-0.25,-0.6100000000000003,4.808,4.861,4.948000000000001,4.806031625733428,4.869375941864156,5.04872327510526,0.04999999999999982,0.16499999999999998,0.0,0.020000000000000462,0.02634287231556957,0.0581110714636921,0.45331933574875904,31.19199783543829,4.891666666666667,5.147692307692308,4.900588592068354,5.164289726183988,-0.26370113411563345,-0.29276664655528495,-0.28804106205890656,0.04867985588654622,0.1431753586500315
000002.SZ,20251229,4.75,4.79,4.72,4.74,4.77,-0.03,-0.6289,1205455.09,572726.661,-0.1899999999999995,-0.1299999999999999,-0.45999999999999996,4.7700000000000005,4.848,4.925,4.784021083822285,4.845853043343401,5.019321058428568,0.07000000000000028,0.15785714285714286,0.0,0.02999999999999936,0.02446123857874317,0.056103137787714044,0.43600482153602305,30.362350808101766,4.864166666666667,5.096923076923076,4.875882654827069,5.132860857577766,-0.25697820275069727,-0.2849760002613222,-0.28182849019726475,0.04970057489313495,-0.029262492651251318
000002.SZ,20251230,4.72,4.73,4.62,4.62,4.74,-0.12,-2.5316,1517365.56,706549.843,-0.16999999999999993,-0.34999999999999964,-0.5800000000000001,4.736000000000001,4.813,4.896,4.7293473892148565,4.804788853644601,4.981290481435372,0.1200000000000001,0.12714285714285717,0.0,0.1200000000000001,0.022714007251690087,0.06066719937430591,0.37440342534272386,27.241159214177742,4.8308333333333335,5.042307692307691,4.836516092545981,5.094871164423858,-0.2583550718778769,-0.27863823970831003,-0.2771338065333872,0.037557469311020664,0.25874914178677527
000002.SZ,20251231,4.66,4.68,4.62,4.65,4.62,0.03,0.6494,1075561.25,499883.113,-0.10999999999999943,-0.3099999999999996,-0.35999999999999943,4.714,4.781999999999999,4.878,4.702898259476571,4.776645425709218,4.949739007012956,0.05999999999999961,0.11642857142857142,0.03000000000000025,0.0,0.02323443530514081,0.05633382799042692,0.4124419755229336,29.200631436221208,4.812499999999999,4.988846153846154,4.807821309077369,5.061917744836905,-0.25409643575953655,-0.2724473774106829,-0.2725263323786171,0.03685979323816113,-0.2911653734911448
000002.SZ,20260105,4.64,4.78,4.63,4.75,4.65,0.1,2.1505,1938535.19,917143.49,-0.040000000000000036,-0.1200000000000001,-0.21999999999999975,4.706,4.77,4.867000000000001,4.718598839651047,4.771800802852996,4.930716244440293,0.15000000000000036,0.11285714285714286,0.09999999999999964,0.0,0.028717689926202154,0.05230998313396785,0.5489906171954799,35.441829737448835,4.7941666666666665,4.944999999999999,4.798925723065466,5.038812726700838,-0.2398870036353724,-0.2658217079667412,-0.2659984666299682,0.05222292598919154,0.8023475557528685
000002.SZ,20260106,4.73,4.86,4.72,4.83,4.75,0.08,1.6842,2252375.98,1081145.072,0.0600000000000005,-0.07000000000000028,-0.1200000000000001,4.717999999999999,4.763,4.861000000000001,4.755732559767365,4.782382475061542,4.921124221160265,0.14000000000000057,0.1071428571428572,0.08000000000000007,0.0,0.032380712074330575,0.04857355576725586,0.6666325238672126,39.998770834039355,4.783333333333332,4.920384615384615,4.8037063810553935,5.023345117315591,-0.21963873626019748,-0.2584877056367133,-0.2567265205560141,0.07417556859163321,0.16189584363438872
000002.SZ,20260107,4.81,4.86,4.73,4.73,4.83,-0.1,-2.0704,1582443.88,755864.72,-0.009999999999999787,-0.1999999999999993,-0.17999999999999972,4.716,4.742999999999999,4.852,4.747155039844911,4.772858388686716,4.902921914383097,0.1299999999999999,0.10357142857142865,0.0,0.09999999999999964,0.030067804069021247,0.05224687321245185,0.5754948041915602,36.52787699841804,4.771666666666666,4.895384615384615,4.792366937816102,5.001615849366289,-0.209248911550187,-0.250327777441164,-0.24723099875484866,0.07596417440932335,-0.2974335128542794
000002.SZ,20260108,4.73,5.0,4.69,4.9,4.73,0.17,3.5941,3119900.59,1517268.869,0.28000000000000025,0.11000000000000032,0.13000000000000078,4.772,4.754,4.8585,4.798103359896608,4.795975045289131,4.902643636822803,0.3099999999999996,0.11642857142857148,0.16999999999999993,0.0,0.04006296092123401,0.048514953697276715,0.8257858220625872,45.22906312908589,4.7716666666666665,4.883846153846154,4.808925870459778,4.994088749413231,-0.1851628789534523,-0.23984103408191557,-0.2348173747945694,0.09930899168223423,0.9715710802963832
000002.SZ,20260109,4.87,5.04,4.81,4.96,4.9,0.06,1.2245,2626710.69,1288191.631,0.3099999999999996,0.20000000000000018,-0.29000000000000004,4.8340000000000005,4.773999999999999,4.844,4.852068906597738,4.82579776432747,4.9081061476015835,0.23000000000000043,0.12357142857142867,0.05999999999999961,0.0,0.04148703514114584,0.045049599861756946,0.9209190596244251,47.94158582634302,4.774166666666666,4.874615384615384,4.832168044235197,4.991563656864103,-0.15939561262890578,-0.2273848875035399,-0.2197330223614367,0.12067481946506181,-0.15807872263006942
000002.SZ,20260112,4.89,4.93,4.85,4.88,4.96,-0.08,-1.6129,1990730.11,971866.995,0.1299999999999999,0.08999999999999986,-0.1900000000000004,4.86,4.783,4.8345,4.861379271065159,4.83565271626793,4.905429371639528,0.11000000000000032,0.12428571428571436,0.0,0.08000000000000007,0.03852367548820685,0.0475460570144886,0.8102391219626818,44.75867923372528,4.781666666666667,4.8696153846153845,4.839526806660551,4.983299682281577,-0.1437728756210257,-0.21405952544858348,-0.20454099301335452,0.12153623478465764,-0.24212052831749045
000002.SZ,20260113,4.87,4.97,4.82,4.83,4.88,-0.05,-1.0246,1950981.47,950864.611,0.0,0.0600000000000005,-0.1899999999999995,4.859999999999999,4.789,4.825,4.85091951404344,4.834624949673761,4.898245621959573,0.14999999999999947,0.12642857142857147,0.0,0.04999999999999982,0.03577198438190636,0.047721338656310834,0.7496014443252788,42.84412582971759,4.7875,4.864230769230769,4.838061144097389,4.971944150260719,-0.13388300616333026,-0.20038228138332048,-0.1904093956433497,0.11305277896003885,-0.01996686532259269
000002.SZ,20260114,4.82,4.85,4.69,4.69,4.83,-0.14,-2.8986,2798383.76,1336813.422,-0.040000000000000036,-0.04999999999999982,-0.17999999999999972,4.852,4.784,4.816,4.79727967602896,4.8083295042785315,4.878412705582471,0.15999999999999925,0.1264285714285714,0.0,0.13999999999999968,0.03321684264034162,0.05431267160943147,0.6115855040092241,37.94930535722439,4.779166666666667,4.854230769230769,4.815282506543944,4.951059398389555,-0.1357768918456106,-0.18676248360195757,-0.1794828948838019,0.08741200607638261,0.43434666245189907
000002.SZ,20260115,4.71,4.96,4.71,4.85,4.69,0.16,3.4115,3195562.28,1540993.866,-0.05000000000000071,0.22999999999999954,-0.1200000000000001,4.8420000000000005,4.807,4.81,4.814853117352641,4.815905958046071,4.875706733622236,0.2699999999999996,0.1428571428571428,0.15999999999999925,0.0,0.04227278245174574,0.05043319506590065,0.8381936222067278,45.598766750179834,4.785833333333334,4.851923076923077,4.820623659383338,4.943573517027366,-0.122949857644028,-0.17219064158912328,-0.16817628743584712,0.09045285958363825,0.14193139828684542
000002.SZ,20260116,4.85,4.86,4.72,4.73,4.85,-0.12,-2.4742,2093046.01,998121.239,-0.22999999999999954,0.08000000000000007,-0.22999999999999954,4.796,4.815,4.7985,4.786568744901761,4.800286692946785,4.86182990184869,0.14000000000000057,0.14928571428571427,0.0,0.11999999999999922,0.03925329799090676,0.05540225256119341,0.7085144768716821,41.46962091705442,4.785,4.850384615384615,4.806681557939747,4.92775325650682,-0.12107169856707323,-0.15898894102597894,-0.15875536966209236,0.07536734219003827,-0.34501479658221523
000002.SZ,20260119,4.7,4.77,4.68,4.73,4.73,0.0,0.0,1168450.18,551877.926,-0.14999999999999947,-0.019999999999999574,-0.13999999999999968,4.766,4.813000000000001,4.791500000000001,4.767712496601174,4.787507294229187,4.8492746731011955,0.08999999999999986,0.15214285714285714,0.0,-0.0,0.036449490991556276,0.05144494880682245,0.7085144768716821,41.46962091705442,4.7941666666666665,4.830384615384616,4.7948843951797855,4.913104867135945,-0.11822047195615948,-0.14772024499219694,-0.1506483901209058,0.06485583632949266,-0.4417465385770474
000002.SZ,20260120,4.71,4.85,4.7,4.79,4.73,0.06,1.2685,2102005.63,1008144.914,-0.040000000000000036,-0.040000000000000036,-0.11000000000000032,4.758,4.808999999999999,4.7860000000000005,4.775141664400783,4.787960513460244,4.843629466139177,0.14999999999999947,0.15785714285714278,0.05999999999999961,0.0,0.03813167020644508,0.04777030960633514,0.7982294969549075,44.389745486136015,4.805833333333334,4.819615384615385,4.79413294976751,4.903985988088838,-0.10985303832132765,-0.13667625907787923,-0.1424893197609902,0.06527256287932509,0.7989689812876746
000002.SZ,20260121,4.86,5.11,4.81,5.01,4.79,0.22,4.5929,5117859.61,2542382.135,0.3199999999999994,0.27999999999999936,0.08000000000000007,4.822,4.837,4.790000000000001,4.853427776267189,4.828331329194745,4.859474278887826,0.3200000000000003,0.1721428571428571,0.21999999999999975,0.0,0.05112226519169898,0.044358144634454054,1.1524888070271333,53.54215098655357,4.827500000000001,4.81923076923077,4.827343265187893,4.911838877860036,-0.08449561267214278,-0.12549100726884482,-0.1308905783432207,0.09278993134215585,1.4347506671521144
000002.SZ,20260122,5.01,5.02,4.92,4.95,5.01,-0.06,-1.1976,2918102.5,1445979.606,0.10000000000000053,0.04999999999999982,0.16000000000000014,4.842,4.8420000000000005,4.798000000000001,4.8856185175114595,4.850452905704791,4.868095776136605,0.09999999999999964,0.17499999999999996,0.0,0.05999999999999961,0.04747067482086335,0.04547542001770731,1.043875456287795,51.07333977109065,4.8374999999999995,4.822307692307693,4.846213532082063,4.914665627648181,-0.06845209556611742,-0.11538617203964613,-0.11840288178780005,0.09990157244336526,-0.4298197445083884
000002.SZ,20260123,4.97,4.98,4.89,4.95,4.95,0.0,0.0,2602179.54,1280912.212,0.21999999999999975,-0.009999999999999787,0.1900000000000004,4.886,4.841000000000001,4.807500000000001,4.907079011674306,4.8685523773948285,4.87589617840931,0.09000000000000075,0.17071428571428568,0.0,-0.0,0.04407991233365882,0.04222717573072821,1.0438754562877952,51.073339771090666,4.855833333333334,4.821538461538462,4.862180680992515,4.91728298856313,-0.05510230757061496,-0.1055338867007116,-0.10574276694436303,0.10128091874749615,-0.10826314702790596
000002.SZ,20260126,4.92,4.97,4.81,4.82,4.95,-0.13,-2.6263,2709821.51,1317277.57,0.08999999999999986,-0.05999999999999961,0.03000000000000025,4.904,4.835,4.809,4.878052674449538,4.85972467241395,4.870572732846519,0.16000000000000014,0.1721428571428571,0.0,0.1299999999999999,0.040931347166968904,0.048496663178533336,0.8440033702171666,45.77016418998026,4.849166666666667,4.816153846153847,4.855691345455205,4.910076841262157,-0.054385495806951845,-0.09670082999444733,-0.09547131271688081,0.08217163381985793,0.04136608114288676
000002.SZ,20260127,4.81,4.83,4.72,4.75,4.82,-0.07,-1.4523,1745654.32,832167.614,-0.040000000000000036,-0.08000000000000007,-0.019999999999999574,4.896,4.827,4.808,4.835368449633026,4.83977473197505,4.8590896154325645,0.11000000000000032,0.17071428571428568,0.0,0.07000000000000028,0.038007679512185415,0.05003261580863812,0.7596580530099607,43.17077694217563,4.831666666666668,4.811538461538461,4.839431138462096,4.89821929746496,-0.05878815900286405,-0.08814652634525327,-0.08813468197407746,0.05869304594242683,-0.35580468545324956
000002.SZ,20260128,4.88,4.93,4.81,4.86,4.75,0.11,2.3158,2799207.84,1361526.69,-0.14999999999999947,0.16999999999999993,0.1200000000000001,4.866,4.843999999999999,4.814000000000001,4.843578966422017,4.843452053434131,4.859176318724701,0.17999999999999972,0.16142857142857142,0.11000000000000032,0.0,0.0431499881184579,0.046458857536592534,0.9287785022365551,48.15371496310078,4.83,4.8100000000000005,4.842595578698697,4.895388238393482,-0.05279265969478519,-0.08035128212867074,-0.08106627751821902,0.056547235646867644,0.6035292943908848
