ts_code,trade_date,open,high,low,close,pre_close,change,pct_chg,vol,amount,mtm_5,mtm_10,mtm_20,ma_5,ma_10,ma_20,ema_5,ema_10,ema_20,tr,atr,u,d,au,ad,rs,rsi,ma_12,ma_26,ema_12,ema_26,dif,dif_ma_9,dea,macd,volume_change_rate
002840.SZ,20250205,11.49,11.65,11.36,11.4,11.49,-0.09,-0.7833,94346.74,108287.66,,,,,,,,,,,,,,,,,,,,,,,,,,
002840.SZ,20250206,11.4,11.4,11.05,11.3,11.4,-0.1,-0.8772,132622.13,148759.708,,,,,,,,,,0.34999999999999964,,0.0,0.09999999999999964,,,,,,,,,,,,,0.4056885272347513
002840.SZ,20250207,11.29,11.51,11.21,11.36,11.3,0.06,0.531,157111.78,178347.969,,,,,,,,,,0.29999999999999893,,0.05999999999999872,0.0,,,,,,,,,,,,,0.1846573418780108
002840.SZ,20250210,11.4,11.53,11.36,11.53,11.36,0.17,1.4965,125015.88,143235.06,,,,,,,,,,0.16999999999999993,,0.16999999999999993,0.0,,,,,,,,,,,,,-0.2042870369109178
002840.SZ,20250211,11.57,11.65,11.24,11.32,11.53,-0.21,-1.8213,123336.48,139870.494,,,,11.382000000000001,,,11.382000000000001,,,0.41000000000000014,,0.0,0.20999999999999908,,,,,,,,,,,,,-0.013433493408997391
002840.SZ,20250212,11.24,11.31,11.04,11.18,11.32,-0.14,-1.2367,137852.32,153815.565,-0.22000000000000064,,,11.338,,,11.314666666666668,,,0.28000000000000114,,0.0,0.14000000000000057,,,,,,,,,,,,,0.11769299723812461
002840.SZ,20250213,11.18,11.53,11.15,11.35,11.18,0.17,1.5206,287897.65,327622.921,0.049999999999998934,,,11.348,,,11.326444444444446,,,0.379999999999999,,0.16999999999999993,0.0,,,,,,,,,,,,,1.0884497990313113
002840.SZ,20250214,11.3,11.39,11.15,11.21,11.35,-0.14,-1.2335,152528.8,171359.614,-0.14999999999999858,,,11.318000000000001,,,11.287629629629631,,,0.2400000000000002,,0.0,0.1399999999999988,,,,,,,,,,,,,-0.47019782898540513
002840.SZ,20250217,11.15,11.21,10.99,11.1,11.21,-0.11,-0.9813,155764.61,172495.374,-0.4299999999999997,,,11.232000000000001,,,11.225086419753088,,,0.22000000000000064,,0.0,0.11000000000000121,,,,,,,,,,,,,0.021214419834155895
002840.SZ,20250218,11.12,11.15,10.8,10.94,11.1,-0.16,-1.4414,166893.43,182592.082,-0.3800000000000008,,,11.156,11.269,,11.130057613168727,11.269,,0.34999999999999964,,0.0,0.16000000000000014,,,,,,,,,,,,,0.07144639594321206
002840.SZ,20250219,10.83,11.15,10.75,11.13,10.94,0.19,1.7367,168481.98,185528.812,-0.049999999999998934,-0.2699999999999996,,11.146,11.242,,11.130038408779154,11.243727272727272,,0.40000000000000036,,0.19000000000000128,0.0,,,,,,,,,,,,,0.009518349524004734
002840.SZ,20250220,11.11,11.12,10.96,11.04,11.13,-0.09,-0.8086,110362.28,121656.723,-0.3100000000000005,-0.26000000000000156,,11.084,11.216,,11.10002560585277,11.206685950413222,,0.16999999999999993,,0.0,0.09000000000000163,,,,,11.238333333333332,,11.238333333333332,,,,,,-0.3449609269786597
002840.SZ,20250221,11.05,11.17,10.94,11.0,11.04,-0.04,-0.3623,113154.13,124563.923,-0.21000000000000085,-0.35999999999999943,,11.042,11.180000000000001,,11.06668373723518,11.169106686701726,,0.23000000000000043,,0.0,0.03999999999999915,,,,,11.205,,11.201666666666664,,,,,,0.025297139566163418
002840.SZ,20250224,11.07,11.2,11.01,11.05,11.0,0.05,0.4545,121041.03,134224.182,-0.049999999999998934,-0.47999999999999865,,11.032,11.132000000000001,,11.06112249149012,11.14745092548323,,0.1999999999999993,,0.05000000000000071,0.0,,,,,11.184166666666668,,11.178333333333331,,,,,,0.06970050496610238
002840.SZ,20250225,11.0,11.05,10.83,10.86,11.05,-0.19,-1.7195,122294.15,133542.424,-0.08000000000000007,-0.46000000000000085,,11.016,11.086,,10.994081660993414,11.095187120849916,,0.22000000000000064,0.27999999999999997,0.0,0.19000000000000128,0.045714285714285756,0.0842857142857144,0.542372881355932,35.164835164835154,11.1425,,11.129358974358972,,,,,,0.010352853078001694
002840.SZ,20250226,10.86,10.94,10.74,10.91,10.86,0.05,0.4604,125898.02,136227.056,-0.22000000000000064,-0.2699999999999996,,10.972,11.059,,10.966054440662276,11.06151673524084,,0.1999999999999993,0.26928571428571424,0.05000000000000071,0.0,0.0460204081632654,0.07826530612244909,0.5880052151238596,37.027914614121535,11.090833333333334,,11.095611439842207,,,,,,0.029468866662878068
002840.SZ,20250227,10.94,11.08,10.89,11.05,10.91,0.14,1.2832,147176.06,161779.642,0.010000000000001563,-0.29999999999999893,,10.973999999999998,11.029,,10.994036293774851,11.059422783378869,,0.1899999999999995,0.26142857142857145,0.14000000000000057,0.0,0.05273323615160363,0.07267492711370273,0.7256042523317628,42.049285133093136,11.068333333333333,,11.088594295251099,,,,,,0.16901012422594092
002840.SZ,20250228,11.01,11.18,10.83,10.86,11.05,-0.19,-1.7195,142209.09,156613.441,-0.14000000000000057,-0.3500000000000014,,10.946000000000002,10.994,,10.949357529183235,11.0231640954918,,0.34999999999999964,0.2742857142857143,0.0,0.19000000000000128,0.048966576426489085,0.08105528946272404,0.6041132756549834,37.66026282703227,11.041666666666666,,11.053425942135545,,,,,,-0.033748491432641976
002840.SZ,20250303,10.85,11.13,10.79,10.86,10.86,0.0,0.0,133520.15,145970.832,-0.19000000000000128,-0.2400000000000002,,10.908,10.97,,10.919571686122158,10.993497896311473,,0.34000000000000163,0.2692857142857144,0.0,-0.0,0.04546896382459701,0.07526562592967233,0.6041132756549834,37.66026282703227,11.000833333333333,,11.023668104883923,,,,,,-0.061099751077796804
002840.SZ,20250304,10.84,10.91,10.66,10.9,10.86,0.04,0.3683,106938.17,115343.048,0.040000000000000924,-0.03999999999999915,,10.916,10.966000000000001,11.117500000000003,10.913047790748106,10.976498278800296,11.117500000000003,0.25,0.2671428571428572,0.040000000000000924,0.0,0.04507832355141157,0.06988950979183858,0.6449941298153967,39.20950951282597,10.975,,11.004642242594088,,,,,,-0.1990859057602916
002840.SZ,20250305,10.89,10.94,10.67,10.73,10.9,-0.17,-1.5596,89598.99,96204.552,-0.17999999999999972,-0.40000000000000036,-0.6699999999999999,10.879999999999999,10.926,11.084,10.852031860498737,10.931680409927514,11.080595238095242,0.2699999999999996,0.25928571428571434,0.0,0.16999999999999993,0.041858443297739314,0.07704025909242154,0.5433320680752608,35.20513046507662,10.944166666666668,,10.962389589887305,,,,,,-0.16214210510615615
002840.SZ,20250306,10.69,10.77,10.62,10.74,10.73,0.01,0.0932,87328.59,93530.422,-0.3100000000000005,-0.29999999999999893,-0.5600000000000005,10.818,10.896,11.056000000000001,10.81468790699916,10.896829426304329,11.048157596371887,0.15000000000000036,0.25285714285714295,0.009999999999999787,0.0,0.039582840205043636,0.07153738344296287,0.5533168575644543,35.62163475339059,10.927500000000002,,10.92817580682772,,,,,,-0.02533957135007893
002840.SZ,20250307,10.73,10.99,10.62,10.76,10.74,0.02,0.1862,118423.06,127550.462,-0.09999999999999964,-0.2400000000000002,-0.5999999999999996,10.797999999999998,10.872,11.026,10.796458604666107,10.87195134879445,11.02071401576504,0.370000000000001,0.2635714285714287,0.019999999999999574,0.0,0.03818406590468335,0.06642757033989409,0.5748225580027173,36.50078258541973,10.896666666666667,,10.902302605777303,,,,,,0.3560628884538271
002840.SZ,20250310,10.98,11.56,10.96,11.36,10.76,0.6,5.5762,378421.4,428816.041,0.5,0.3099999999999987,-0.16999999999999993,10.898,10.903,11.017499999999998,10.984305736444071,10.96068746719546,11.05302696664456,0.8000000000000007,0.2957142857142859,0.5999999999999996,0.0,0.07831377548292022,0.06168274388704451,1.269622110623532,55.93980181461704,10.923333333333334,,10.97271758950387,,,,,,2.1955043215400787
002840.SZ,20250311,11.2,11.8,11.2,11.67,11.36,0.31,2.7289,407636.95,473471.014,0.7699999999999996,0.8100000000000005,0.34999999999999964,11.052,10.984,11.035,11.212870490962715,11.08965338225083,11.111786303154604,0.6000000000000014,0.3100000000000002,0.3100000000000005,0.0,0.09486279151985452,0.05727683360939848,1.6562157078510116,62.35245514721237,10.979166666666666,,11.079991806503276,,,,,,0.07720374693397357
002840.SZ,20250312,11.64,11.84,11.36,11.37,11.67,-0.3,-2.5707,273136.94,313831.202,0.6399999999999988,0.4599999999999991,0.1899999999999995,11.18,11.03,11.044499999999998,11.265246993975143,11.140625494568862,11.136378083806548,0.4800000000000004,0.3321428571428574,0.0,0.3000000000000007,0.08808687783986491,0.07461420263729865,1.1805644867379639,54.14031522195615,11.005833333333333,11.114615384615385,11.124608451656618,11.114615384615385,0.009993067041232706,,,,-0.329950486578805
002840.SZ,20250313,11.37,11.51,11.2,11.32,11.37,-0.05,-0.4398,171585.28,194595.717,0.5800000000000001,0.2699999999999996,-0.02999999999999936,11.296,11.056999999999999,11.043,11.28349799598343,11.173239041010888,11.153865885348782,0.3100000000000005,0.33785714285714313,0.0,0.049999999999998934,0.08179495799416027,0.07285604530606296,1.1226928067608608,52.890027383380186,11.044166666666667,11.111538461538462,11.154668689863291,11.12982905982906,0.024839630034231064,,,,-0.37179760452760435
002840.SZ,20250314,11.29,11.41,11.22,11.37,11.32,0.05,0.4417,161142.7,182661.431,0.6099999999999994,0.5099999999999998,0.15999999999999837,11.418,11.107999999999999,11.050999999999998,11.312331997322287,11.20901376082709,11.174450086744137,0.1899999999999995,0.33714285714285747,0.049999999999998934,0.0,0.07952388956600588,0.06765204206991561,1.1754839489371394,54.03321635682199,11.082500000000001,11.114230769230769,11.187796583730476,11.147619499841722,0.04017708388875363,,,,-0.06085941637884081
002840.SZ,20250317,11.47,11.57,11.37,11.39,11.37,0.02,0.1759,174839.59,200210.281,0.030000000000001137,0.5300000000000011,0.2900000000000009,11.424,11.161,11.0655,11.338221331548192,11.241920349767618,11.194978649911363,0.20000000000000107,0.335714285714286,0.02000000000000135,0.0,0.07527218316843412,0.06281975335063593,1.1982247486438458,54.50874617725364,11.110833333333332,11.115384615384615,11.218904801618095,11.165573610964557,0.05333119065353742,,,,0.08499851373968528
002840.SZ,20250318,11.37,11.4,11.23,11.34,11.39,-0.05,-0.439,112948.44,127474.876,-0.33000000000000007,0.4399999999999995,0.40000000000000036,11.357999999999999,11.205,11.0855,11.338814221032129,11.259753013446232,11.208790207062663,0.16999999999999993,0.33357142857142896,0.0,0.05000000000000071,0.06989559865640312,0.06190405668273341,1.1290956102380727,53.031700634234014,11.150833333333331,11.108076923076924,11.237534832138387,11.178494084226442,0.059040747911945246,,,,-0.35398818997459325
002840.SZ,20250319,11.32,11.32,11.21,11.23,11.34,-0.11,-0.97,79342.0,89246.268,-0.1399999999999988,0.5,0.09999999999999964,11.330000000000002,11.254999999999999,11.0905,11.30254281402142,11.254343374637827,11.21081018734241,0.129999999999999,0.3292857142857146,0.0,0.10999999999999943,0.06490305589523146,0.06533948120539526,0.9933206492902523,49.8324566919997,11.181666666666667,11.104615384615384,11.23637562719402,11.182309337246705,0.05406628994731477,,,,-0.29753788542807674
002840.SZ,20250320,11.28,11.34,11.17,11.19,11.23,-0.04,-0.3562,120453.08,135374.168,-0.13000000000000078,0.4499999999999993,0.15000000000000036,11.303999999999998,11.3,11.097999999999999,11.265028542680948,11.24264457924913,11.208828264738372,0.16999999999999993,0.3164285714285718,0.0,0.040000000000000924,0.06026712333128636,0.0635295182621528,0.9486475732838983,48.68235725586947,11.205833333333333,11.105,11.229240915318016,11.18287901596917,0.04636189934884527,,,,0.5181502861031988
002840.SZ,20250321,11.13,11.26,11.02,11.06,11.19,-0.13,-1.1618,106651.36,118623.683,-0.3099999999999987,0.3000000000000007,0.0600000000000005,11.242,11.33,11.100999999999999,11.196685695120632,11.209436473931108,11.194654144287098,0.2400000000000002,0.30928571428571455,0.0,0.129999999999999,0.055962328807623044,0.06827740981485611,0.8196316901794143,45.043823681626435,11.233333333333333,11.093846153846155,11.203203851422936,11.173776866638121,0.029426984784814536,,,,-0.11458171098655179
002840.SZ,20250324,10.97,11.06,10.76,10.93,11.06,-0.13,-1.1754,115039.37,125333.282,-0.46000000000000085,-0.4299999999999997,-0.120000000000001,11.15,11.287,11.095,11.107790463413755,11.15862984230727,11.169448987688327,0.3000000000000007,0.31285714285714317,0.0,0.13000000000000078,0.05196501960707854,0.07268616625665215,0.7149231041239951,41.68834756525058,11.249166666666667,11.083076923076923,11.161172489665562,11.155719320961223,0.005453168704338651,0.03585445136833481,0.03585445136833481,-0.06080256532799232,0.07864887986426047
002840.SZ,20250325,10.89,11.03,10.8,11.02,10.93,0.09,0.8234,93059.19,101620.72,-0.3200000000000003,-0.6500000000000004,0.16000000000000014,11.086000000000002,11.221999999999998,11.103000000000002,11.07852697560917,11.13342441643322,11.155215750765628,0.22999999999999865,0.3100000000000002,0.08999999999999986,0.0,0.05468180392085863,0.06749429723831986,0.8101692462665284,44.75654682221021,11.270833333333334,11.08,11.139453645101629,11.145666037927057,-0.006212392825428736,0.03405384471648354,0.027441082529582102,-0.06730695071002168,-0.19106658876869714
002840.SZ,20250326,10.98,11.37,10.94,11.24,11.02,0.22,1.9964,195131.51,218844.479,0.009999999999999787,-0.129999999999999,0.33000000000000007,11.088000000000001,11.209,11.119500000000002,11.13235131707278,11.152801795263542,11.1632904411689,0.4299999999999997,0.3300000000000002,0.22000000000000064,0.0,0.0664902464979402,0.0626732760070113,1.0609026802827717,51.47757293115887,11.260833333333332,11.09153846153846,11.154922315085994,11.152653738821348,0.0022685762646457164,0.03154594985319628,0.022406581276594825,-0.04027601002389822,1.0968537336291022
002840.SZ,20250327,11.2,11.32,11.11,11.23,11.24,-0.01,-0.089,106148.66,118960.423,0.040000000000000924,-0.08999999999999986,0.17999999999999972,11.096,11.2,11.128499999999999,11.16490087804852,11.166837832488351,11.169643732486149,0.21000000000000085,0.3185714285714288,0.0,0.009999999999999787,0.06174094317665876,0.05891089914936761,1.048039396243395,51.172814261569165,11.224166666666664,11.095384615384615,11.166472728149687,11.158383091501248,0.00808963664843887,0.02798067793760575,0.019543192350963638,-0.022907111405049536,-0.45601476665659996
002840.SZ,20250328,11.27,11.34,11.12,11.24,11.23,0.01,0.089,121856.65,137114.779,0.17999999999999972,-0.129999999999999,0.3800000000000008,11.132000000000001,11.187000000000001,11.1475,11.189933918699014,11.180140044763196,11.17634432939223,0.22000000000000064,0.2771428571428573,0.009999999999999787,0.0,0.058045161521183115,0.05470297778155564,1.0610969251614373,51.48214585193881,11.213333333333333,11.103076923076925,11.177784616126658,11.164428788427081,0.013355827699577105,0.02353897094272127,0.01830571942068633,-0.009899783442218452,0.14798104846542567
002840.SZ,20250331,11.19,11.55,11.11,11.22,11.24,-0.02,-0.1779,146812.9,166191.477,0.2900000000000009,-0.16999999999999993,0.3600000000000012,11.19,11.17,11.1655,11.199955945799344,11.187387309351706,11.180502012307254,0.4400000000000013,0.2657142857142859,0.0,0.019999999999999574,0.053899078555384325,0.052224193654301636,1.032071053354497,50.789122341503635,11.205,11.111538461538462,11.18427929056871,11.16854517446952,0.015734116099190842,0.018727122963526337,0.017791398756387234,-0.004114565314392783,0.20480006630741943
002840.SZ,20250401,11.22,11.59,11.19,11.44,11.22,0.22,1.9608,190150.58,217523.657,0.41999999999999993,0.09999999999999964,0.5399999999999991,11.274,11.18,11.1925,11.279970630532896,11.233316889469577,11.20521610637323,0.40000000000000036,0.2600000000000002,0.21999999999999886,0.0,0.0657634300871425,0.048493894107565806,1.3561177401276665,57.55729932470119,11.210833333333333,11.126538461538463,11.223620938173523,11.18865293932363,0.034967998849893434,0.01660509061936841,0.021226718775088475,0.027482560149609918,0.29518986410594705
002840.SZ,20250402,11.46,11.53,11.25,11.27,11.44,-0.17,-1.486,139612.83,158454.587,0.02999999999999936,0.03999999999999915,0.5399999999999991,11.279999999999998,11.184,11.2195,11.276647087021932,11.239986545929654,11.21138600100435,0.27999999999999936,0.25785714285714295,0.0,0.16999999999999993,0.06106604222377517,0.0571729016713111,1.0680941571733733,51.64630215063426,11.200833333333334,11.142307692307693,11.230756178454518,11.19467864752188,0.03607753093263888,0.0154623830175677,0.024196881206598558,0.023761299452080643,-0.2657775222142368
002840.SZ,20250403,11.16,11.45,11.16,11.37,11.27,0.1,0.8873,141158.4,159901.909,0.1399999999999988,0.17999999999999972,0.629999999999999,11.308,11.202,11.251000000000001,11.307764724681288,11.263625355760624,11.226492096146792,0.28999999999999915,0.26500000000000007,0.09999999999999964,0.0,0.06384703920779121,0.05308912298050317,1.2026388010071076,54.59990991065933,11.203333333333333,11.159999999999998,11.25217830484613,11.20766541437211,0.04451289047401907,0.01713859476081265,0.028260083060082663,0.03250561482787282,0.01107040090799683
002840.SZ,20250407,11.2,11.6,10.23,10.23,11.37,-1.14,-10.0264,343148.8,374662.569,-1.0099999999999998,-0.8300000000000001,-0.5299999999999994,11.106,11.119000000000002,11.2245,10.948509816454193,11.075693472895054,11.131588086989955,1.3699999999999992,0.3485714285714285,0.0,1.1399999999999988,0.05928653640723469,0.13072561419618142,0.45351889736209394,31.201444864952137,11.12,11.12846153846154,11.09492010410057,11.135245754048249,-0.040325649947678954,0.012052059355032915,0.014542936458530342,-0.1097371728124186,1.43094849474066
002840.SZ,20250408,10.24,11.24,10.23,11.08,10.23,0.85,8.3089,343742.4,368517.99,-0.14000000000000057,0.15000000000000036,-0.27999999999999936,11.078,11.134,11.2105,10.99233987763613,11.076476477823224,11.126674935848056,1.0099999999999998,0.4085714285714285,0.8499999999999996,0.0,0.11576606952100363,0.1213880703250256,0.9536857222545128,48.81469477874769,11.110833333333334,11.136923076923077,11.092624703469713,11.131153475970601,-0.0385287725008876,0.008461350502204153,0.003928594666646754,-0.0849147343350687,0.0017298617975643072
002840.SZ,20250409,11.35,11.8,10.99,11.74,11.08,0.66,5.9567,493660.13,565054.772,0.3000000000000007,0.7200000000000006,0.07000000000000028,11.138000000000002,11.206,11.214000000000002,11.241559918424088,11.197117118219001,11.18508684671967,0.8100000000000005,0.4571428571428572,0.6600000000000001,0.0,0.15463992169807478,0.11271749387323805,1.3719247685898928,57.84014681905365,11.167500000000002,11.170769230769231,11.192220902935912,11.176253218491297,0.015967684444614605,0.009983473633311805,0.006336412622240325,0.01926254364474856,0.43613394797964977
002840.SZ,20250410,11.4,11.85,11.22,11.75,11.74,0.01,0.0852,471305.18,547929.723,0.4800000000000004,0.5099999999999998,0.3800000000000008,11.234,11.257,11.233,11.411039945616059,11.29764127854282,11.238888099413035,0.629999999999999,0.48999999999999994,0.009999999999999787,0.0,0.14430849871964085,0.10466624431086391,1.3787491819333604,57.961099573043825,11.235833333333332,11.203461538461537,11.278033071715003,11.218752980084535,0.05928009163046788,0.015671301964648363,0.016925148423885837,0.08470988641316408,-0.04528409049359528
002840.SZ,20250411,12.0,12.0,11.42,11.49,11.75,-0.26,-2.2128,265709.43,307843.988,0.120000000000001,0.2599999999999998,0.16999999999999993,11.258000000000001,11.283,11.2415,11.43735996374404,11.332615591535035,11.262803518516556,0.5800000000000001,0.5142857142857142,0.0,0.2599999999999998,0.13400074881109508,0.11576151257437362,1.1575587242349072,53.65131948588744,11.275,11.232692307692306,11.310643368374233,11.238845351930125,0.07179801644410766,0.022164878491818425,0.0278997220279302,0.08779658883235492,-0.4362263745966043
002840.SZ,20250414,11.48,11.63,11.43,11.56,11.49,0.07,0.6092,181736.72,209668.429,1.33,0.3200000000000003,0.19000000000000128,11.524000000000001,11.315,11.251000000000001,11.47823997582936,11.373958211255937,11.291107945324502,0.20000000000000107,0.5071428571428571,0.07000000000000028,0.0,0.12942926675315974,0.1074928331047755,1.2040734532227124,54.62946125784338,11.301666666666664,11.264230769230767,11.349005927085889,11.262634585120487,0.08637134196540153,0.030013459143619612,0.03959404601542447,0.09355459189995412,-0.3160321031888104
002840.SZ,20250415,11.55,11.76,11.36,11.59,11.56,0.03,0.2595,190612.8,220065.538,0.5099999999999998,0.3699999999999992,0.1999999999999993,11.626000000000001,11.352,11.261,11.515493317219574,11.41323853648213,11.319573855293596,0.40000000000000036,0.5192857142857144,0.02999999999999936,0.0,0.12232717627079115,0.09981477359729153,1.2255417896786223,55.0671209753197,11.331666666666665,11.296153846153844,11.386081938303445,11.286883875111563,0.0991980631918814,0.03715013295939605,0.051514849450715855,0.0953664274823311,0.048840322418056116
002840.SZ,20250416,11.5,11.53,11.04,11.23,11.59,-0.36,-3.1061,180356.15,203209.543,-0.5099999999999998,-0.20999999999999908,-0.10999999999999943,11.524000000000001,11.331000000000001,11.255500000000001,11.420328878146384,11.379922438939925,11.311043011932302,0.5500000000000007,0.527857142857143,0.0,0.35999999999999943,0.1135895208228775,0.11839943262605637,0.9593755502328282,48.96333171651691,11.330833333333333,11.291153846153845,11.362069332410607,11.28267025473293,0.07939907767767806,0.041963638153289295,0.0570916950961083,0.04461476516313953,-0.053808820813712376
002840.SZ,20250417,11.15,11.29,11.03,11.15,11.23,-0.08,-0.7124,122239.96,136758.087,-0.5999999999999996,-0.11999999999999922,-0.08000000000000007,11.404,11.319,11.2515,11.33021925209759,11.338118359132665,11.295705582224464,0.2599999999999998,0.5314285714285715,0.0,0.08000000000000007,0.1054759836212434,0.1156566160099095,0.9119753565347803,47.69807065858962,11.325000000000001,11.271153846153844,11.329443281270514,11.272842828456417,0.05660045281409687,0.04330670063552016,0.056993446639706014,-0.0007859876512182895,-0.32223015405906585
002840.SZ,20250418,11.12,11.2,10.9,10.91,11.15,-0.24,-2.1525,121997.75,134011.495,-0.5800000000000001,-0.4599999999999991,-0.27999999999999936,11.288,11.273000000000001,11.2375,11.190146168065061,11.26027865747218,11.258971717250706,0.29999999999999893,0.5371428571428571,0.0,0.2400000000000002,0.09794198479115458,0.12453828629491596,0.7864407621542233,44.022773036474746,11.280833333333335,11.253461538461538,11.264913545690435,11.245965581904091,0.01894796378634389,0.04989265771707826,0.04938435006903359,-0.0608727725653794,-0.0019814306221959364
002840.SZ,20250421,10.92,11.01,10.82,10.97,10.91,0.06,0.55,90403.0,98878.766,-0.5899999999999999,0.7400000000000002,-0.08999999999999986,11.169999999999998,11.347,11.233,11.116764112043375,11.207500719749964,11.231450601322067,0.1899999999999995,0.5192857142857141,0.0600000000000005,0.0,0.09523184302035785,0.11564269441670769,0.8235007278297993,45.16042770160401,11.255833333333335,11.240000000000002,11.219542230968829,11.225523686948232,-0.005981455979403805,0.05350902621946534,0.03831118885934612,-0.08858528967749985,-0.2589781368918689
002840.SZ,20250422,10.94,11.07,10.87,10.96,10.97,-0.01,-0.0912,93647.6,102737.103,-0.629999999999999,-0.11999999999999922,0.030000000000001137,11.044,11.335000000000003,11.2345,11.064509408028918,11.162500588886333,11.205598163100916,0.20000000000000107,0.5049999999999999,0.0,0.009999999999999787,0.08842956851890371,0.10809678767265711,0.8180591710707404,44.996289674606516,11.22166666666667,11.224230769230768,11.179612656973624,11.205855265692808,-0.02624260871918338,0.04881899364571001,0.02540042934364022,-0.10328607612564719,0.035890401867194735
002840.SZ,20250423,10.97,11.04,10.83,10.86,10.96,-0.1,-0.9124,103548.33,112739.405,-0.370000000000001,-0.8800000000000008,-0.16000000000000014,10.97,11.247000000000002,11.226500000000001,10.996339605352613,11.107500481816091,11.1726840523294,0.20999999999999908,0.4999999999999999,0.0,0.10000000000000142,0.08211317076755344,0.10751844569603884,0.7637124052154952,43.30141370878336,11.274166666666668,11.203846153846154,11.130441478977682,11.18023635712297,-0.04979487814528838,0.036699552559514875,0.0103613678458545,-0.12031249198228576,0.10572326466455088
002840.SZ,20250424,10.89,11.14,10.86,10.91,10.86,0.05,0.4604,132415.0,145543.99,-0.2400000000000002,-0.8399999999999999,-0.33000000000000007,10.922,11.163,11.21,10.967559736901743,11.071591303304075,11.147666523536124,0.28000000000000114,0.4992857142857143,0.05000000000000071,0.0,0.07981937285558538,0.09983855671775035,0.7994844424808702,44.428527616424184,11.260000000000003,11.187307692307693,11.096527405288809,11.160218849187935,-0.06369144389912584,0.021645168076933372,-0.004449194503141568,-0.11848449879196855,0.2787748484210223
002840.SZ,20250425,10.84,10.95,10.68,10.89,10.91,-0.02,-0.1833,99378.86,107670.653,-0.019999999999999574,-0.5999999999999996,-0.33999999999999986,10.918000000000001,11.103,11.193000000000001,10.94170649126783,11.038574702703334,11.123126854627921,0.2699999999999996,0.42071428571428576,0.0,0.019999999999999574,0.07411798908018642,0.09413580266648244,0.7873517512012094,44.05130387300994,11.189166666666667,11.174230769230771,11.0647539583213,11.140202638136977,-0.07544867981567727,0.003665165656813506,-0.018649091565648708,-0.11359917650005712,-0.24948940829966393
002840.SZ,20250428,10.83,10.87,10.52,10.62,10.89,-0.27,-2.4793,119102.93,126935.811,-0.3500000000000014,-0.9400000000000013,-0.620000000000001,10.848,11.009000000000002,11.162,10.834470994178554,10.962470211302728,11.075210011330023,0.370000000000001,0.3750000000000001,0.0,0.27000000000000135,0.06882384700303025,0.10669753104744807,0.6450369219173825,39.21109084685806,11.095,11.15230769230769,10.996330272425714,11.10166910938609,-0.10533883696037627,-0.019061156582326235,-0.03598704064459422,-0.1387035926315641,0.1984734982872614
002840.SZ,20250429,10.56,10.67,10.48,10.63,10.62,0.01,0.0942,61043.99,64868.802,-0.33000000000000007,-0.9599999999999991,-0.5899999999999999,10.782,10.913,11.132500000000002,10.766313996119036,10.90202108197496,11.032809057870022,0.1899999999999995,0.3307142857142858,0.010000000000001563,0.0,0.06462214364567107,0.09907627882977321,0.6522463742981393,39.47633866500135,11.023333333333333,11.135769230769231,10.939971768975605,11.066730656838972,-0.12675888786336742,-0.041967597197997954,-0.054141410088348864,-0.14523495555003713,-0.48746861223313315
002840.SZ,20250430,10.9,10.93,10.69,10.72,10.63,0.09,0.8467,108845.16,117548.856,-0.1399999999999988,-0.5099999999999998,-0.7199999999999989,10.754000000000001,10.862,11.096500000000002,10.750875997412692,10.868926339797694,11.003017719025259,0.29999999999999893,0.3071428571428572,0.08999999999999986,0.0,0.06643484767098026,0.0919994017705037,0.7221226050654626,41.932125096169486,10.953333333333335,11.127692307692307,10.906129958363973,11.04104690448053,-0.13491694611655625,-0.06324730819029274,-0.07029651729399035,-0.1292408576451318,0.7830610351649688
002840.SZ,20250506,10.74,10.8,10.68,10.79,10.72,0.07,0.653,91561.43,98449.849,-0.120000000000001,-0.3600000000000012,-0.4800000000000004,10.73,10.825999999999999,11.0725,10.76391733160846,10.854576096198112,10.98273031721333,0.120000000000001,0.2742857142857144,0.06999999999999851,0.0,0.06668950140876728,0.08542801592975344,0.7806514137423648,43.840776904317444,10.886666666666668,11.118846153846155,10.888263810923362,11.022450837481971,-0.13418702655860848,-0.08026230711750967,-0.08307461914691398,-0.10222481482338899,-0.15879190218471828
002840.SZ,20250507,10.86,10.98,10.78,10.82,10.79,0.03,0.278,98367.8,106842.614,-0.07000000000000028,-0.08999999999999986,-0.5499999999999989,10.716,10.816999999999998,11.044999999999998,10.78261155440564,10.848289533253,10.967232191764442,0.20000000000000107,0.2742857142857144,0.030000000000001137,0.0,0.06406882273671256,0.07932601479191391,0.8076647100547828,44.68000650575879,10.8525,11.102692307692308,10.877761686165922,11.007454479149972,-0.12969279298405034,-0.09400801122913707,-0.09239825391434127,-0.07458907813941815,0.07433665026856844
002840.SZ,20250508,10.8,10.85,10.72,10.83,10.82,0.01,0.0924,77439.8,83645.059,0.21000000000000085,-0.14000000000000057,0.5999999999999996,10.758,10.802999999999999,11.075000000000001,10.798407702937094,10.844964163570635,10.954162459215448,0.129999999999999,0.255,0.009999999999999787,0.0,0.06020676396980451,0.07365987087820577,0.817361790782317,44.97518297831432,10.825833333333334,11.087307692307691,10.87041373444809,10.99430970291664,-0.12389596846855078,-0.10485838453462233,-0.09869779682518318,-0.0503963432867352,-0.2127525470733309
002840.SZ,20250509,10.82,10.83,10.7,10.71,10.83,-0.12,-1.108,75681.99,81251.771,0.08000000000000007,-0.25,-0.3699999999999992,10.774,10.778,11.056500000000002,10.76893846862473,10.82042522473961,10.93090889167112,0.13000000000000078,0.22500000000000003,0.0,0.11999999999999922,0.05590628082910419,0.07696988010119102,0.7263397156862547,42.07397356884187,10.809166666666664,11.066923076923075,10.845734698379152,10.973249724922814,-0.1275150265436622,-0.1134939565788861,-0.10446124276887898,-0.046107567549566436,-0.022699051392178152
002840.SZ,20250512,10.77,10.77,10.66,10.73,10.71,0.02,0.1867,66776.04,71501.716,0.009999999999999787,-0.129999999999999,-1.0099999999999998,10.776,10.764999999999999,11.006000000000002,10.755958979083154,10.803984274786954,10.911774711511967,0.10999999999999943,0.21428571428571427,0.019999999999999574,0.0,0.05334154648416815,0.07147203152253452,0.746327554259459,42.736974082502165,10.789166666666665,11.048076923076923,10.827929360166976,10.955231226780384,-0.1273018666134078,-0.12056178132491742,-0.10902936753778475,-0.03654499815124612,-0.11767594906000768
002840.SZ,20250513,10.74,10.79,10.67,10.7,10.73,-0.03,-0.2796,64069.13,68707.737,-0.08999999999999986,-0.21000000000000085,-1.0500000000000007,10.758000000000001,10.744,10.953500000000002,10.737305986055436,10.785078043007507,10.89160569136797,0.11999999999999922,0.20142857142857146,0.0,0.030000000000001137,0.04953143602101328,0.06850974355663927,0.7229838187916147,41.96114965831003,10.7675,11.019615384615385,10.808247920141287,10.936325209981838,-0.1280772898405509,-0.1264094046610145,-0.11283895199833799,-0.030476675684425802,-0.04053714476030619
002840.SZ,20250514,10.68,10.74,10.63,10.73,10.7,0.03,0.2804,62825.0,67180.043,-0.08999999999999986,-0.16000000000000014,-0.7599999999999998,10.74,10.728,10.915499999999998,10.73487065737029,10.775063853369778,10.87621467314245,0.10999999999999943,0.19571428571428573,0.030000000000001137,0.0,0.04813633344808384,0.06361619044545076,0.756667966299546,43.07404591053603,10.756666666666666,10.998846153846156,10.79620977858109,10.921041861094295,-0.12483208251320477,-0.128575320833551,-0.11523757810131136,-0.019189008823786824,-0.019418556175181362
002840.SZ,20250515,10.69,10.8,10.67,10.68,10.73,-0.05,-0.466,64939.0,69672.896,-0.15000000000000036,0.0600000000000005,-0.8800000000000008,10.71,10.734,10.8715,10.716580438246861,10.757779516393454,10.857527561414598,0.13000000000000078,0.1907142857142857,0.0,0.05000000000000071,0.04469802391607785,0.06264360541363291,0.713528916813437,41.64090315676439,10.737499999999999,10.972307692307693,10.778331351107077,10.903186908420643,-0.12485555731356612,-0.12836383966135084,-0.11716117394376233,-0.015388766739607596,0.033649025069637885
002840.SZ,20250516,10.62,10.63,10.52,10.58,10.68,-0.1,-0.9363,64068.15,67692.247,-0.13000000000000078,-0.05000000000000071,-1.0099999999999998,10.684,10.729000000000001,10.821000000000002,10.671053625497908,10.725455967958279,10.8310963650894,0.16000000000000014,0.18714285714285722,0.0,0.09999999999999964,0.04150530792207229,0.0653119193126591,0.635493618299279,38.85638018937167,10.711666666666668,10.98576923076923,10.747818835552142,10.879247137426523,-0.13142830187438115,-0.12797621252333138,-0.12001459952988609,-0.02282740468899011,-0.013410277337193344
002840.SZ,20250519,10.59,10.64,10.55,10.56,10.58,-0.02,-0.189,55950.66,59193.311,-0.16999999999999993,-0.16000000000000014,-0.6699999999999999,10.65,10.713000000000001,10.7875,10.63403575033194,10.695373064693136,10.805277663652314,0.08999999999999986,0.17357142857142854,0.0,0.019999999999999574,0.0385406430704957,0.062075353647469134,0.6208686830746237,38.30468745295879,10.706666666666665,10.96576923076923,10.718923630082582,10.855599201320855,-0.136675571238273,-0.12825271748773856,-0.12334679387156348,-0.026657554733419048,-0.12670086462618319
002840.SZ,20250520,10.56,10.8,10.48,10.77,10.56,0.21,1.9886,125432.8,134230.033,0.07000000000000028,-0.019999999999999574,-0.3800000000000008,10.664000000000001,10.711,10.768500000000001,10.67935716688796,10.708941598385293,10.801917886161617,0.3200000000000003,0.17714285714285719,0.20999999999999908,0.0,0.050787739994031654,0.057641399815507054,0.8810983105300717,46.83956737390235,10.718333333333334,10.92846153846154,10.7267815331468,10.849258519741532,-0.12247698659473194,-0.12745096122225874,-0.12317283241619718,0.001391691642930487,1.241846655606922
002840.SZ,20250521,10.75,10.76,10.67,10.69,10.77,-0.08,-0.7428,61991.58,66291.503,-0.040000000000000924,-0.13000000000000078,-0.22000000000000064,10.656,10.697999999999999,10.7575,10.682904777925307,10.705497671406148,10.79125903986051,0.09999999999999964,0.15785714285714278,0.0,0.08000000000000007,0.047160044280172245,0.05923844268582799,0.7961054028764105,44.32398018520911,10.715833333333334,10.887692307692307,10.7211228357396,10.837461592353272,-0.11633875661367199,-0.1266112710161611,-0.12180601725569215,0.010934521284040322,-0.5057785523403767
002840.SZ,20250522,10.66,10.68,10.51,10.51,10.69,-0.18,-1.6838,62937.0,66577.305,-0.16999999999999993,-0.3200000000000003,-0.46000000000000085,10.622,10.666,10.7345,10.625269851950204,10.669952640241393,10.764472464635698,0.17999999999999972,0.15714285714285708,0.0,0.17999999999999972,0.04379146968873137,0.06786426820826882,0.6452802165985142,39.220079965015294,10.6925,10.849999999999998,10.68864239947197,10.813205178104882,-0.12456277863291199,-0.1262832434705222,-0.12235736953113611,-0.004410818203551742,0.015250780831848425
002840.SZ,20250523,10.51,10.58,10.33,10.35,10.51,-0.16,-1.5224,70302.57,73480.058,-0.23000000000000043,-0.3600000000000012,-0.6100000000000012,10.575999999999999,10.629999999999999,10.703999999999999,10.53351323463347,10.611779432924774,10.724998896575157,0.25,0.1535714285714286,0.0,0.16000000000000014,0.0406635075681077,0.07444539190767821,0.5462192692670037,35.32611965998476,10.653333333333332,10.803461538461537,10.636543568783974,10.778893683430447,-0.1423501146464723,-0.12795527102975157,-0.12635591855420336,-0.03198839218453786,0.11703084036417381
002840.SZ,20250526,10.34,10.39,10.3,10.39,10.35,0.04,0.3865,53577.0,55459.471,-0.16999999999999993,-0.33999999999999986,-0.46999999999999886,10.542,10.596,10.6805,10.485675489755646,10.571455899665724,10.693094239758475,0.08999999999999986,0.15142857142857138,0.040000000000000924,0.0,0.04061611417038579,0.06912786391427263,0.5875505457648013,37.00987961184878,10.616666666666667,10.757307692307695,10.598613788971056,10.75008674391708,-0.15147295494602453,-0.1305547893748042,-0.13137932583256762,-0.040187258226913825,-0.23790837233973103
002840.SZ,20250527,10.39,10.44,10.36,10.41,10.39,0.02,0.1925,39172.0,40764.844,-0.35999999999999943,-0.28999999999999915,-0.5,10.469999999999999,10.567,10.6555,10.460450326503764,10.542100281544682,10.666132883591,0.08000000000000007,0.14285714285714274,0.019999999999999574,0.0,0.03914353458678677,0.06419015934896745,0.6098058484943834,37.880707730359006,10.591666666666667,10.725769230769231,10.569596282975509,10.724895133256556,-0.1552988502810475,-0.1339399857934534,-0.1361632307222636,-0.0382712391175678,-0.2688653713347145
002840.SZ,20250528,10.41,10.41,10.28,10.28,10.41,-0.13,-1.2488,47622.0,49177.28,-0.41000000000000014,-0.45000000000000107,-0.6100000000000012,10.388,10.522,10.625,10.400300217669177,10.494445684900194,10.629358323249,0.13000000000000078,0.14285714285714285,0.0,0.13000000000000078,0.03634756783058772,0.06889086225261269,0.5276108709063114,34.53830297720301,10.554166666666665,10.692307692307692,10.525043008671583,10.691939938200516,-0.1668969295289333,-0.13861124937293864,-0.14230997048359756,-0.04917391809067151,0.21571530685183293
002840.SZ,20250529,10.27,10.42,10.26,10.4,10.28,0.12,1.1673,56191.97,58195.218,-0.10999999999999943,-0.27999999999999936,-0.21999999999999886,10.366,10.494,10.614,10.400200145112786,10.477273742191066,10.607514673415762,0.16000000000000014,0.14499999999999996,0.120000000000001,0.0,0.04232274155697439,0.06397008637742607,0.6616020698685401,39.817118783493314,10.529166666666667,10.672692307692305,10.505805622722107,10.67031475759307,-0.16450913487096308,-0.14228689748366996,-0.14674980336107066,-0.035518663019784846,0.1799582125908194
002840.SZ,20250530,10.51,11.2,10.45,10.93,10.4,0.53,5.0962,356783.49,390288.284,0.5800000000000001,0.34999999999999964,0.29999999999999893,10.482,10.529000000000002,10.629000000000001,10.576800096741858,10.559587607247234,10.63822756166188,0.7999999999999989,0.1942857142857142,0.5299999999999994,0.0,0.0771568314457619,0.05940079449332421,1.2989191828811855,56.501298199325056,10.545833333333334,10.671153846153846,10.571066296149477,10.689550701475065,-0.11848440532558868,-0.14026565682670503,-0.14109672375397428,0.045224636856771194,5.349367890109566
002840.SZ,20250603,10.83,10.95,10.75,10.9,10.93,-0.03,-0.2745,167647.61,181771.446,0.5099999999999998,0.33999999999999986,0.17999999999999972,10.584,10.563000000000002,10.638000000000002,10.684533397827906,10.621480769565919,10.663158270075034,0.1999999999999993,0.19999999999999993,0.0,0.02999999999999936,0.07164562919963605,0.057300737743801004,1.2503439226205586,55.56234805053775,10.564166666666667,10.668846153846154,10.621671481357248,10.705139538402838,-0.08346805704558946,-0.13593133132124477,-0.12957099041229733,0.09220586673341574,-0.5301138794286698
002840.SZ,20250604,10.8,10.87,10.77,10.85,10.9,-0.05,-0.4587,90755.53,98178.28,0.4399999999999995,0.08000000000000007,0.0600000000000005,10.672,10.571,10.641000000000002,10.739688931885272,10.663029720553933,10.680952720544077,0.13000000000000078,0.20142857142857146,0.0,0.05000000000000071,0.0665280842568049,0.0567792564763867,1.1716969961463397,53.953060589276845,10.586666666666668,10.668461538461539,10.656798945763825,10.715869942965591,-0.05907099720176667,-0.12956824694214417,-0.11547099177019121,0.11279998913684908,-0.4586530043583681
002840.SZ,20250605,10.85,10.86,10.63,10.7,10.85,-0.15,-1.3825,108058.99,115798.217,0.41999999999999993,0.009999999999999787,-0.120000000000001,10.756,10.572,10.635,10.726459287923515,10.669751589544125,10.682766747158928,0.22999999999999865,0.20857142857142844,0.0,0.15000000000000036,0.06177607823846169,0.06343788101378768,0.9738042515170895,49.33641473153237,10.598333333333334,10.660384615384617,10.66344526180016,10.714694391634808,-0.051249129834648244,-0.12142228596455931,-0.10262661938308262,0.10275497909686876,0.1906601173504249
002840.SZ,20250606,10.66,10.81,10.65,10.71,10.7,0.01,0.0935,66995.9,71757.094,0.3100000000000005,0.20000000000000107,-0.11999999999999922,10.818,10.591999999999999,10.629000000000001,10.720972858615678,10.677069482354284,10.685360390286649,0.16000000000000014,0.20857142857142844,0.010000000000001563,0.0,0.05807778693571454,0.058906603798517136,0.9859299839176358,49.64575749909852,10.593333333333334,10.653461538461537,10.67060752921552,10.714346658921118,-0.04373912970559779,-0.1104655098600177,-0.09084912144758567,0.09421998348397576,-0.380006235483045
002840.SZ,20250609,10.67,10.93,10.66,10.74,10.71,0.03,0.2801,98971.75,106542.099,-0.1899999999999995,0.39000000000000057,0.02999999999999936,10.780000000000001,10.630999999999998,10.630500000000001,10.72731523907712,10.688511394653505,10.690564162640301,0.2699999999999996,0.22142857142857128,0.02999999999999936,0.0,0.0560722307260206,0.0546989892414802,1.0251054270578555,50.61985481650526,10.597499999999998,10.658076923076923,10.681283293951594,10.716246906408442,-0.034963612456847315,-0.09752002736122023,-0.079672019649438,0.08941681438518137,0.47728069926667166
002840.SZ,20250610,10.77,10.77,10.5,10.57,10.74,-0.17,-1.5829,113950.73,121022.991,-0.33000000000000007,0.17999999999999972,-0.16000000000000014,10.714,10.648999999999997,10.6225,10.674876826051413,10.666963868352866,10.679081861436462,0.2699999999999996,0.21785714285714267,0.0,0.16999999999999993,0.0520670713884477,0.0629347757242316,0.8273179778473486,45.27498705080115,10.6025,10.65576923076923,10.66416278718981,10.705413802230037,-0.041251015040227657,-0.0848480456677958,-0.07198781872759594,0.06147360737473656,0.15134601540338527
002840.SZ,20250611,10.58,10.78,10.58,10.76,10.57,0.19,1.7975,125511.69,134608.974,-0.08999999999999986,0.34999999999999964,0.0600000000000005,10.696,10.684,10.625499999999999,10.70325121736761,10.683879528652344,10.686788350823464,0.20999999999999908,0.22571428571428548,0.1899999999999995,0.0,0.06191942343212997,0.058439434601072204,1.0595486396268783,51.44567208759068,10.636666666666667,10.657307692307691,10.678906973775993,10.709457224287071,-0.030550250511078403,-0.06969841466581192,-0.06370030508429243,0.06630010914642806,0.10145577829997234
002840.SZ,20250612,10.74,10.74,10.57,10.64,10.76,-0.12,-1.1152,101857.48,108117.679,-0.05999999999999872,0.3600000000000012,-0.08999999999999986,10.684000000000001,10.72,10.620999999999999,10.682167478245074,10.675901432533736,10.682332317411706,0.1899999999999995,0.22642857142857117,0.0,0.11999999999999922,0.05749660747269212,0.06283661784385271,0.9150175398613851,47.78115713382014,10.657499999999999,10.651538461538461,10.672921285502763,10.70431224471025,-0.0313909592074868,-0.054907506258759,-0.05723843590893131,0.051694953402889016,-0.18846220618971832
002840.SZ,20250613,10.58,10.62,10.45,10.46,10.64,-0.18,-1.6917,74442.53,78226.923,-0.25,0.0600000000000005,-0.21999999999999886,10.634,10.725999999999999,10.609999999999998,10.608111652163384,10.63664662661851,10.661157810991543,0.19000000000000128,0.22214285714285698,0.0,0.17999999999999972,0.0533897069389284,0.07120543085500607,0.7497982428846558,42.85055411008785,10.661666666666667,10.637692307692307,10.640164164656184,10.68621504139838,-0.04605087674219632,-0.04685933641615985,-0.055000924075584316,0.017900094666775987,-0.2691500908917047
002840.SZ,20250616,10.42,10.5,10.42,10.47,10.46,0.01,0.0956,53652.88,56111.732,-0.2699999999999996,-0.4599999999999991,-0.10999999999999943,10.58,10.680000000000001,10.604499999999998,10.56207443477559,10.6063472399606,10.642952305182824,0.08000000000000007,0.22142857142857128,0.009999999999999787,0.0,0.05029044215757635,0.06611932865107706,0.7606012218146916,43.20122083243375,10.6775,10.623846153846156,10.613985062401387,10.670199112405909,-0.056214050004522065,-0.04383111341159681,-0.05524354926137187,-0.0019410014863003866,-0.279271137077152
002840.SZ,20250617,10.46,10.53,10.45,10.47,10.47,0.0,0.0,44160.43,46303.614,-0.09999999999999964,-0.4299999999999997,-0.08999999999999986,10.559999999999999,10.637,10.599999999999998,10.531382956517062,10.581556832695037,10.626480657070173,0.08000000000000007,0.22142857142857128,0.0,-0.0,0.04669826771774947,0.06139651946171441,0.7606012218146916,43.20122083243375,10.683333333333332,10.614615384615385,10.591833514339635,10.655369548523991,-0.06353603418435583,-0.04432722863188449,-0.05690204624596867,-0.013267975876774321,-0.1769234009432485
002840.SZ,20250618,10.48,10.52,10.38,10.45,10.47,-0.02,-0.191,43526.48,45392.048,-0.3100000000000005,-0.40000000000000036,-0.3200000000000003,10.498,10.597,10.584,10.504255304344708,10.557637408568667,10.609672975444443,0.1399999999999988,0.22214285714285684,0.0,0.02000000000000135,0.04336267716648166,0.05843962521444919,0.7420081324505182,42.594986706905914,10.643333333333334,10.603846153846153,10.570012973671998,10.640156989374065,-0.0701440157020663,-0.046426660394930944,-0.0595504401371882,-0.021187151129756193,-0.014355612026422684
002840.SZ,20250619,10.46,10.46,10.29,10.33,10.45,-0.12,-1.1483,53982.42,55932.133,-0.3100000000000005,-0.3699999999999992,-0.35999999999999943,10.435999999999998,10.56,10.565999999999999,10.446170202896473,10.516248788828909,10.583037453973544,0.1700000000000017,0.22285714285714267,0.0,0.11999999999999922,0.04026534308316154,0.06283679484198848,0.6407924399138137,39.0538391283344,10.595833333333333,10.589615384615383,10.533087900799382,10.617182397568579,-0.08409449676919678,-0.05091059006866416,-0.06445925146358993,-0.03927049061121371,0.2402202061825352
002840.SZ,20250620,10.35,10.39,10.28,10.3,10.33,-0.03,-0.2904,49574.2,51196.117,-0.16000000000000014,-0.41000000000000014,-0.20999999999999908,10.404,10.519,10.5555,10.397446801930982,10.476930827223653,10.556081505976064,0.11000000000000121,0.17357142857142854,0.0,0.02999999999999936,0.03738924714865,0.060491309496132115,0.6180928708617345,38.19885013970563,10.549999999999999,10.573076923076922,10.497228223753323,10.593687405156091,-0.09645918140276777,-0.05774343106265532,-0.0708592374514255,-0.05119988790268454,-0.08166028866434667
002840.SZ,20250623,10.3,10.36,10.1,10.33,10.3,0.03,0.2913,57635.43,59034.548,-0.14000000000000057,-0.41000000000000014,-0.019999999999999574,10.376,10.478,10.5545,10.374964534620656,10.450216131364806,10.534549933978344,0.2599999999999998,0.17785714285714288,0.02999999999999936,0.0,0.03686144378088924,0.05617050167497982,0.656242025292584,39.62235079602303,10.519166666666667,10.559615384615382,10.47150080471435,10.574155004774159,-0.10265420005980985,-0.06456600717594224,-0.07721822997310238,-0.05087194017341495,0.1626093814927927
002840.SZ,20250624,10.31,10.43,10.28,10.43,10.33,0.1,0.9681,69582.49,72282.784,-0.040000000000000924,-0.14000000000000057,0.03999999999999915,10.368,10.463999999999999,10.556500000000003,10.393309689747104,10.44654047111666,10.524592797408978,0.15000000000000036,0.17928571428571427,0.09999999999999964,0.0,0.04137134065368285,0.05215832298390983,0.793187707864867,44.23338975534852,10.495833333333332,10.553846153846154,10.465116065527525,10.56347685627237,-0.09836079074484516,-0.07210051164636076,-0.08144674212745093,-0.03382809723478847,0.20728673317783877
002840.SZ,20250625,10.49,10.49,10.36,10.46,10.43,0.03,0.2876,66903.26,69725.108,0.010000000000001563,-0.29999999999999893,0.05000000000000071,10.370000000000001,10.434000000000003,10.559000000000001,10.415539793164736,10.448987658186358,10.518441102417647,0.13000000000000078,0.1721428571428573,0.030000000000001137,0.0,0.040559102035562726,0.048432728485059126,0.837431697618991,45.57620828595504,10.472500000000002,10.549999999999999,10.464328978523291,10.555811903955899,-0.09148292543260794,-0.07877739678248534,-0.08345397878848233,-0.016057893288251218,-0.03850437085536908
002840.SZ,20250626,10.44,10.46,10.39,10.41,10.46,-0.05,-0.478,55144.72,57467.205,0.08000000000000007,-0.23000000000000043,0.13000000000000078,10.386000000000001,10.411000000000001,10.565500000000002,10.413693195443159,10.441898993061564,10.508113378377871,0.07000000000000028,0.16571428571428587,0.0,0.05000000000000071,0.03766202331873682,0.0485446764504121,0.7758219041218288,43.68804677547238,10.459166666666667,10.536153846153846,10.455970674135093,10.545011022181388,-0.08904034804629468,-0.08355400470516293,-0.08457125264004481,-0.008938190812499747,-0.1757543653328701
002840.SZ,20250627,10.41,10.47,10.36,10.38,10.41,-0.03,-0.2882,65922.0,68629.629,0.08000000000000007,-0.08000000000000007,-0.019999999999999574,10.402,10.403,10.5645,10.40246213029544,10.430644630686732,10.495912104246646,0.11000000000000121,0.15428571428571455,0.0,0.02999999999999936,0.0349718787959699,0.04722005670395405,0.7406149258825746,42.54903912805686,10.427500000000002,10.524230769230769,10.444282878114311,10.532787983501285,-0.08850510538697343,-0.08714189974765753,-0.08535802318943053,-0.006294164395085788,0.19543629925040873
002840.SZ,20250630,10.4,10.43,10.32,10.41,10.38,0.03,0.289,47224.77,49031.047,0.08000000000000007,-0.0600000000000005,-0.5199999999999996,10.418000000000001,10.397,10.538499999999999,10.404974753530293,10.426891061470961,10.487729999080297,0.10999999999999943,0.1428571428571431,0.02999999999999936,0.0,0.03461674459625772,0.04384719551081447,0.7894859452919822,44.11802994983375,10.408333333333333,10.520384615384616,10.439008589173648,10.523692577316003,-0.08468398814235556,-0.0894916724096575,-0.08522321618001553,0.0010784560753199501,-0.2836265586602349
002840.SZ,20250701,10.41,10.46,10.37,10.42,10.41,0.01,0.0961,61069.47,63643.893,-0.009999999999999787,-0.05000000000000071,-0.4800000000000004,10.416,10.392,10.5145,10.409983169020196,10.425638141203512,10.481279522977411,0.09000000000000163,0.13428571428571473,0.009999999999999787,0.0,0.03285840569652501,0.04071525297432772,0.8070293881568977,44.660556903285205,10.405,10.523076923076925,10.43608419083924,10.516011645662966,-0.07992745482372499,-0.09057872120095291,-0.08416406390875743,0.008473218170064883,0.2931660651814716
002840.SZ,20250702,10.43,10.51,10.37,10.5,10.42,0.08,0.7678,89629.21,93737.039,0.03999999999999915,0.05000000000000071,-0.34999999999999964,10.424,10.397,10.497,10.439988779346798,10.439158479166508,10.483062425550992,0.14000000000000057,0.13071428571428623,0.08000000000000007,0.0,0.03622566243248752,0.0378070206190186,0.9581728959161732,48.931986440751515,10.4075,10.527307692307694,10.445917392248587,10.51482559783608,-0.06890820558749233,-0.08889135551409685,-0.08111289224450441,0.024409373314024152,0.4676598634309419
002840.SZ,20250703,10.52,10.57,10.45,10.48,10.5,-0.02,-0.1905,72342.56,75890.071,0.07000000000000028,0.15000000000000036,-0.21999999999999886,10.437999999999999,10.412,10.485999999999999,10.453325852897866,10.446584210227144,10.482770765974708,0.120000000000001,0.1257142857142862,0.0,0.019999999999999574,0.033638115115881266,0.036535090574802954,0.9207070404549746,47.9358393061796,10.408333333333333,10.530000000000001,10.451160870364188,10.512245923922295,-0.06108505355810756,-0.08496089686469016,-0.07710732450722504,0.03204454189823497,-0.19286848561981085
002840.SZ,20250704,10.44,10.51,10.38,10.41,10.48,-0.07,-0.6679,74743.77,77910.747,0.02999999999999936,0.10999999999999943,-0.3000000000000007,10.443999999999999,10.423,10.471,10.438883901931911,10.43993253564039,10.475840216834259,0.129999999999999,0.1292857142857147,0.0,0.07000000000000028,0.03123539260760403,0.03892544124803134,0.8024415807793512,44.5196997970046,10.405,10.535,10.444828428769698,10.504672151779904,-0.05984372301020535,-0.08020417719251188,-0.0736546042078211,0.02762176239523151,0.03319221769315333
002840.SZ,20250707,10.41,10.43,10.32,10.41,10.41,0.0,0.0,57777.82,59929.714,0.0,0.08000000000000007,-0.33000000000000007,10.443999999999999,10.431000000000001,10.4545,10.429255934621274,10.434490256433046,10.4695697199929,0.10999999999999943,0.1314285714285718,0.0,-0.0,0.029004293135632315,0.03614505258745767,0.8024415807793513,44.519699797004606,10.411666666666667,10.535384615384617,10.439470208958976,10.497659399796207,-0.05818919083723095,-0.07574066609166587,-0.07056152153370308,0.02474466139294426,-0.226988148978838
002840.SZ,20250708,10.41,10.44,10.37,10.44,10.41,0.03,0.2882,67704.33,70472.37,0.019999999999999574,0.009999999999999787,-0.13000000000000078,10.447999999999999,10.431999999999999,10.447999999999999,10.432837289747518,10.435492027990673,10.466753556184054,0.07000000000000028,0.12642857142857192,0.02999999999999936,0.0,0.029075415054515674,0.03356326311692498,0.8662868968736769,46.4176702051996,10.423333333333334,10.516538461538461,10.43955171527298,10.493388333144637,-0.0538366178716565,-0.07155774302933793,-0.06721654080129377,0.026759845859274545,0.1718048552195289
002840.SZ,20250709,10.44,10.56,10.42,10.47,10.44,0.03,0.2874,113512.44,119159.223,-0.02999999999999936,0.009999999999999787,-0.28999999999999915,10.442,10.432999999999998,10.433499999999999,10.44522485983168,10.441766204719642,10.467062741309382,0.14000000000000057,0.12428571428571468,0.030000000000001137,0.0,0.029141456836336063,0.031165887180001767,0.9350433911291086,48.321572292159594,10.435,10.500000000000002,10.444236066769445,10.491655864022812,-0.04741979725336698,-0.0669332373856793,-0.06325719209170842,0.031674789676682885,0.6765905518893696
002840.SZ,20250710,10.49,10.59,10.45,10.51,10.47,0.04,0.382,87440.9,91899.343,0.02999999999999936,0.09999999999999964,-0.13000000000000078,10.447999999999999,10.443000000000001,10.427,10.46681657322112,10.45417234931607,10.471152004041821,0.14000000000000057,0.12642857142857178,0.03999999999999915,0.0,0.029917067062311998,0.028939752381430213,1.033770664931774,50.8302476162647,10.441666666666666,10.486923076923079,10.454353594958762,10.493014688910012,-0.038661093951249725,-0.06139501389282111,-0.05833797246361669,0.039353757024733926,-0.22968002449775554
002840.SZ,20250711,10.52,10.65,10.51,10.55,10.51,0.04,0.3806,111775.79,118094.681,0.14000000000000057,0.16999999999999993,0.08999999999999986,10.475999999999999,10.46,10.4315,10.494544382147414,10.471595558531329,10.47866133699022,0.14000000000000057,0.11785714285714326,0.040000000000000924,0.0,0.03063727655786121,0.026872627211328055,1.140092344411572,53.273044380009935,10.449166666666665,10.481153846153846,10.469068426503569,10.497235823064827,-0.02816739656125833,-0.05511539260603252,-0.05230385728314502,0.048272921443773376,0.278301001018974
002840.SZ,20250714,10.59,10.59,10.46,10.51,10.55,-0.04,-0.3791,69333.14,72820.268,0.09999999999999964,0.09999999999999964,0.03999999999999915,10.495999999999999,10.47,10.433499999999999,10.499696254764942,10.478578184252903,10.48164597156258,0.129999999999999,0.11642857142857174,0.0,0.040000000000000924,0.028448899660871125,0.02781029669623326,1.0229628245830387,50.567554289777206,10.457500000000001,10.473461538461539,10.475365591656866,10.498181317652618,-0.02281572599575199,-0.04876964495847997,-0.04640623102566641,0.047181010059828846,-0.37971236884123116
002840.SZ,20250715,10.65,10.68,10.44,10.48,10.51,-0.03,-0.2854,100816.63,106198.135,0.040000000000000924,0.0600000000000005,0.009999999999999787,10.504,10.476,10.434,10.493130836509962,10.47883669620692,10.481489212366144,0.2400000000000002,0.12428571428571455,0.0,0.02999999999999936,0.02641683539938033,0.027966704075073696,0.9445816471067557,48.57505718580399,10.465833333333334,10.463461538461539,10.47607857755581,10.496834553382053,-0.020755975826242334,-0.04341939720722997,-0.0412761799857816,0.04104040831907853,0.4540900642896024
002840.SZ,20250716,10.49,10.55,10.46,10.53,10.48,0.05,0.4771,68087.0,71619.555,0.05999999999999872,0.02999999999999936,0.08000000000000007,10.516,10.479000000000001,10.437999999999999,10.50542055767331,10.488139115078388,10.486109287378891,0.08999999999999986,0.12571428571428594,0.049999999999998934,0.0,0.028101347156567372,0.025969082355425575,1.0821078223696385,51.971747608060745,10.475833333333334,10.461923076923076,10.484374181008763,10.49929125313153,-0.014917072122766939,-0.03828962149219212,-0.03600435841317867,0.042174572580823466,-0.3246451503090314
002840.SZ,20250717,10.56,10.61,10.49,10.54,10.53,0.01,0.095,65864.4,69371.372,0.02999999999999936,0.05999999999999872,0.20999999999999908,10.522,10.485,10.4485,10.516947038448873,10.497568366882316,10.49124173619995,0.11999999999999922,0.12642857142857153,0.009999999999999787,0.0,0.026808393788241118,0.024114147901466605,1.1117288447339517,52.64543539793406,10.485833333333334,10.45346153846154,10.492931999315108,10.502306715862527,-0.009374716547419837,-0.032681954107438176,-0.030678430040026905,0.042607426985214136,-0.03264352960183303
002840.SZ,20250718,10.55,10.55,10.48,10.51,10.54,-0.03,-0.2846,54859.66,57630.715,-0.040000000000000924,0.09999999999999964,0.20999999999999908,10.514,10.495000000000001,10.459,10.514631358965914,10.499828663812803,10.49302823751424,0.07000000000000028,0.12357142857142873,0.0,0.02999999999999936,0.024893508517652464,0.02453456590850466,1.0146300778455337,50.36309588560246,10.486666666666668,10.44846153846154,10.495557845574321,10.5028765887616,-0.0073187431872785425,-0.027029682146332352,-0.026006492669477233,0.03737549896439738,-0.16708176192298102
002840.SZ,20250721,10.5,10.74,10.48,10.72,10.51,0.21,1.9981,162001.13,172416.366,0.21000000000000085,0.3100000000000005,0.39000000000000057,10.556,10.526,10.478499999999999,10.583087572643944,10.539859815846839,10.514644595846217,0.2599999999999998,0.13571428571428573,0.21000000000000085,0.0,0.03811540076639164,0.022782096915040042,1.673041814743094,62.589436705235016,10.506666666666666,10.458461538461538,10.530087407793657,10.518959804408889,0.011127603384768037,-0.01981143534006296,-0.018579673458628182,0.05941455368679244,1.9530100988595263
002840.SZ,20250722,10.69,10.79,10.62,10.79,10.72,0.07,0.653,138083.41,147837.212,0.3099999999999987,0.34999999999999964,0.35999999999999943,10.617999999999999,10.560999999999998,10.4965,10.652058381762629,10.58533984932923,10.54086892005134,0.16999999999999993,0.13785714285714284,0.06999999999999851,0.0,0.0403928721402207,0.02115480427825147,1.909394745937084,65.62858988466651,10.538333333333334,10.470769230769232,10.570073960440787,10.539036855934155,0.031037104506632218,-0.01109400181117416,-0.008656317865576102,0.07938684474441664,-0.14763921708447342
002840.SZ,20250723,11.04,11.1,10.76,10.76,10.79,-0.03,-0.278,226778.42,247829.428,0.23000000000000043,0.28999999999999915,0.29999999999999893,10.663999999999998,10.59,10.511499999999998,10.688038921175087,10.61709624036028,10.561738546713116,0.33999999999999986,0.15357142857142847,0.0,0.02999999999999936,0.037507666987347796,0.021786603972662032,1.7215930961251533,63.25681449501977,10.5675,10.481923076923078,10.599293351142205,10.55540449623533,0.043888854906875,-0.0019217852713825244,0.0018527166889141175,0.08407227643592176,0.6423292269505801
002840.SZ,20250724,10.75,10.94,10.69,10.92,10.76,0.16,1.487,143603.72,155273.311,0.3800000000000008,0.41000000000000014,0.5099999999999998,10.739999999999998,10.631,10.536999999999999,10.765359280783393,10.672169651203864,10.595858685121392,0.25,0.16214285714285712,0.16000000000000014,0.0,0.04625711934539439,0.020230417974614744,2.2865132793320493,69.57261647811629,10.6075,10.5,10.648632835581864,10.582411570588269,0.0662212649935956,0.008565843790267912,0.014726426349850413,0.10298967728749037,-0.36676637927012634
002840.SZ,20250725,10.95,11.01,10.79,10.82,10.92,-0.1,-0.9158,110130.0,119773.819,0.3100000000000005,0.2699999999999996,0.4399999999999995,10.802,10.658000000000001,10.558999999999997,10.783572853855595,10.699047896439524,10.617205477014593,0.22000000000000064,0.17000000000000007,0.0,0.09999999999999964,0.04295303939215194,0.025928245262142238,1.6566118901562368,62.35806955071674,10.636666666666665,10.518846153846154,10.674997014723116,10.600010713507656,0.07498630121546057,0.019432735702624864,0.026778401322972448,0.09641579978497625,-0.23309786125317647
002840.SZ,20250728,10.81,11.01,10.74,10.84,10.82,0.02,0.1848,115047.82,124953.115,0.11999999999999922,0.33000000000000007,0.4299999999999997,10.825999999999999,10.690999999999999,10.580499999999997,10.802381902570398,10.724675551632338,10.638424003013204,0.2699999999999996,0.1842857142857143,0.019999999999999574,0.0,0.04131353657842678,0.024076227743417795,1.715947241349779,63.18043352333246,10.664166666666667,10.539615384615384,10.7003820893811,10.617787697692275,0.08259439168882388,0.030916109870965554,0.037941599396142736,0.08930558458536228,0.04465468083174436
002840.SZ,20250729,10.82,10.85,10.62,10.68,10.84,-0.16,-1.476,107067.96,114318.217,-0.10999999999999943,0.1999999999999993,0.2599999999999998,10.804,10.711000000000002,10.5935,10.761587935046933,10.71655272406282,10.642383621773853,0.23000000000000043,0.1907142857142857,0.0,0.16000000000000014,0.03836256967996772,0.03378506861888796,1.1354888786142836,53.17231524760274,10.675000000000002,10.553076923076922,10.697246383322469,10.622396016381735,0.07485036694073344,0.04089026976691004,0.04532335290506088,0.05905402807134512,-0.06936124474153443
002840.SZ,20250730,10.63,10.74,10.56,10.66,10.68,-0.02,-0.1873,101430.56,108163.848,-0.09999999999999964,0.13000000000000078,0.16000000000000014,10.784,10.724,10.601499999999998,10.72772529003129,10.706270410596852,10.644061372081104,0.17999999999999972,0.1935714285714285,0.0,0.019999999999999574,0.0356223861313986,0.03280042086039593,1.0860344226378504,52.06215251541864,10.6875,10.561923076923078,10.691516170503627,10.625181496649756,0.0663346738538717,0.04930242425594243,0.049525617094823046,0.03361811351809732,-0.05265253956459064
002840.SZ,20250731,10.65,10.66,10.4,10.4,10.66,-0.26,-2.439,129551.92,136104.927,-0.5199999999999996,-0.1399999999999988,-0.08000000000000007,10.68,10.71,10.5975,10.618483526687527,10.650584881397425,10.620817431882903,0.2599999999999998,0.202142857142857,0.0,0.2599999999999998,0.03307792997915584,0.049028962227510485,0.6746610263881047,40.28642308845081,10.680833333333334,10.559615384615386,10.646667528887685,10.608501385786811,0.03816614310087374,0.054356300510181574,0.04725372229603319,-0.0181751583903189,0.2772474094592399
002840.SZ,20250801,10.38,10.5,10.38,10.47,10.4,0.07,0.6731,50706.0,53039.3,-0.34999999999999964,-0.03999999999999915,0.0600000000000005,10.61,10.706,10.6005,10.568989017791687,10.617751266597892,10.606453866941674,0.11999999999999922,0.20142857142857132,0.07000000000000028,0.0,0.035715220694930445,0.04552689349697402,0.7844862223534818,43.961461429433555,10.675833333333335,10.561923076923078,10.61948790905881,10.598242023876677,0.02124588518213244,0.055480554043222066,0.04205215487325304,-0.0416125393822412,-0.6086047972118052
002840.SZ,20250804,10.43,10.48,10.35,10.48,10.47,0.01,0.0955,58580.18,61105.095,-0.35999999999999943,-0.2400000000000002,0.07000000000000028,10.538,10.682,10.604,10.539326011861124,10.592705581761912,10.594410641518659,0.13000000000000078,0.1935714285714285,0.009999999999999787,0.0,0.03387841921672111,0.04227497253290445,0.8013824063481547,44.48707856388772,10.670833333333334,10.565769230769233,10.59802823074207,10.589483355441368,0.008544875300701804,0.05298141746478535,0.03535069895874279,-0.05361164731608198,0.15529089259653692
002840.SZ,20250805,10.46,10.57,10.46,10.54,10.48,0.06,0.5725,55406.8,58352.112,-0.14000000000000057,-0.25,0.09999999999999964,10.510000000000002,10.657000000000002,10.608999999999998,10.539550674574084,10.58312274871429,10.589228675659738,0.10999999999999943,0.1949999999999999,0.05999999999999872,0.0,0.035744246415526655,0.03925533163769699,0.9105577490829645,47.65926334966933,10.673333333333334,10.570769230769232,10.589100810627906,10.58581792170497,0.0032828889229357117,0.04846964346656987,0.02893713695158138,-0.05130849605729133,-0.05417156451209261
002840.SZ,20250806,10.54,10.54,10.44,10.52,10.54,-0.02,-0.1898,62202.65,65222.747,-0.14000000000000057,-0.2400000000000002,0.049999999999998934,10.482,10.633,10.6115,10.53303378304939,10.57164588531169,10.582635468454049,0.09999999999999964,0.1935714285714285,0.0,0.019999999999999574,0.033191085957274755,0.037879950806432895,0.8762177682563974,46.70128292573853,10.656666666666668,10.574615384615385,10.578469916685151,10.580942520097194,-0.0024726034120430285,0.040836991421498915,0.022655188878856498,-0.05025558458179905,0.12265371759423027
002840.SZ,20250807,10.5,10.57,10.49,10.57,10.52,0.05,0.4753,69765.0,73458.555,0.16999999999999993,-0.34999999999999964,0.0600000000000005,10.516000000000002,10.597999999999999,10.6145,10.54535585536626,10.571346633436837,10.581432090506043,0.08000000000000007,0.1942857142857142,0.05000000000000071,0.0,0.034391722674612324,0.03517424003454483,0.9777531125288282,49.43757167337418,10.638333333333335,10.577307692307691,10.577166852579744,10.580131963052956,-0.0029651104732124622,0.0321757234560908,0.017531129008442704,-0.04099247896331033,0.12157601002529632
002840.SZ,20250808,10.57,10.59,10.52,10.57,10.57,0.0,0.0,56516.79,59659.732,0.09999999999999964,-0.25,0.019999999999999574,10.536,10.572999999999999,10.6155,10.553570570244174,10.571101790993776,10.580343319981658,0.07000000000000028,0.18071428571428566,0.0,-0.0,0.03193517105499716,0.03266179431779163,0.9777531125288282,49.43757167337418,10.6225,10.58076923076923,10.576064259875167,10.579381447271254,-0.0033171873960871068,0.022629992446656248,0.013361465727536742,-0.0333573062472477,-0.18989765641797463
002840.SZ,20250811,10.61,10.65,10.57,10.63,10.57,0.06,0.5676,73166.86,77672.294,0.15000000000000036,-0.20999999999999908,0.120000000000001,10.566,10.551999999999998,10.6215,10.57904704682945,10.581810556267635,10.585072527602453,0.08000000000000007,0.17428571428571424,0.0600000000000005,0.0,0.03393980169392597,0.030328809009377938,1.119061473315074,52.809297295392135,10.598333333333331,10.589230769230769,10.58436206604822,10.583130969695606,0.0012310963526136476,0.014450073492420716,0.010935391852552124,-0.019408590999876952,0.2946039575142183
002840.SZ,20250812,10.66,10.76,10.65,10.72,10.63,0.09,0.8467,116266.52,124510.961,0.1800000000000015,0.040000000000000924,0.2400000000000002,10.602,10.556000000000001,10.6335,10.626031364552968,10.606935909673519,10.597922763068887,0.129999999999999,0.1592857142857142,0.08999999999999986,0.0,0.03794410157293125,0.028162465508708084,1.3473288253543922,57.398384529742096,10.589999999999998,10.601153846153847,10.60522944050234,10.59326941638482,0.011960024117520618,0.008408445743937263,0.011140318305545823,0.0016394116239495903,0.5890598557871692
002840.SZ,20250813,10.72,10.75,10.61,10.72,10.72,0.0,0.0,93948.17,100404.539,0.20000000000000107,0.0600000000000005,0.19000000000000128,10.642,10.562000000000001,10.642999999999999,10.657354243035314,10.627493017005605,10.609549166586135,0.14000000000000057,0.15142857142857138,0.0,-0.0,0.03523380860343616,0.02615086082951465,1.3473288253543922,57.398384529742096,10.579999999999998,10.611923076923079,10.622886449655827,10.60265686702298,0.020229582632847354,0.00641549458082322,0.01295817117100613,0.014542822923682447,-0.19195852769997765
002840.SZ,20250814,10.74,10.74,10.52,10.55,10.72,-0.17,-1.5858,81111.32,86097.82,-0.019999999999999574,0.15000000000000036,0.010000000000001563,10.638,10.577,10.6435,10.621569495356876,10.61340337755004,10.603877817387454,0.22000000000000064,0.15142857142857138,0.0,0.16999999999999993,0.032717107988905,0.03642579934169217,0.8981850386316085,47.31809704279965,10.569166666666666,10.615,10.611673149708777,10.59875635835461,0.01291679135416679,0.005490039711049259,0.012949895207638264,-6.620770694294731e-05,-0.1366375736749315
002840.SZ,20250815,10.51,10.6,10.5,10.56,10.55,0.01,0.0948,73121.76,77110.727,-0.009999999999999787,0.08999999999999986,0.05000000000000071,10.636000000000001,10.586,10.646,10.601046330237919,10.60369367254094,10.599698977636267,0.09999999999999964,0.13928571428571423,0.009999999999999787,0.0,0.031094457418268915,0.033823956531571296,0.9193027843813995,47.89774661206961,10.560833333333333,10.616923076923078,10.603723434368966,10.59588551699501,0.007837917373956671,0.005411488830299799,0.011927499640901945,-0.008179164533890549,-0.09850117098328583
002840.SZ,20250818,10.56,10.66,10.55,10.6,10.56,0.04,0.3788,90487.5,96006.614,-0.030000000000001137,0.11999999999999922,-0.120000000000001,10.63,10.598,10.64,10.600697553491948,10.603022095715314,10.599727646432813,0.10999999999999943,0.1307142857142856,0.03999999999999915,0.0,0.031730567602678214,0.03140795963645906,1.0102715353035752,50.25547631559196,10.577499999999999,10.618846153846155,10.603150598312201,10.596190293513898,0.006960304798303341,0.005820090594229536,0.010934060672382225,-0.00794751174815777,0.23749072779429825
002840.SZ,20250819,10.61,10.67,10.58,10.62,10.6,0.02,0.1887,75654.2,80344.391,-0.10000000000000142,0.08000000000000007,-0.16999999999999993,10.610000000000001,10.606,10.6315,10.607131702327965,10.606108987403438,10.601658346772544,0.08999999999999986,0.12428571428571418,0.019999999999999574,0.0,0.030892669916772596,0.029164533948140555,1.0592547088770545,51.438741614177665,10.59,10.623076923076923,10.605742813956477,10.597953975475832,0.0077888384806446,0.006960250804528161,0.0103050162340347,-0.0050323555067802,-0.16392650918635174
002840.SZ,20250820,10.59,10.74,10.56,10.73,10.62,0.11,1.0358,100594.39,107140.081,0.009999999999999787,0.21000000000000085,-0.02999999999999936,10.612,10.627000000000002,10.629999999999999,10.648087801551977,10.628634626057359,10.613881361365635,0.17999999999999972,0.11857142857142845,0.11000000000000121,0.0,0.036543193494146066,0.0270813529518448,1.3493858138892103,57.43568408014757,10.610833333333334,10.632692307692308,10.62485930411702,10.607735162477622,0.017124141639397905,0.009192389928151535,0.01166884131510734,0.01091060064858113,0.3296603493262767
002840.SZ,20250821,10.76,10.85,10.69,10.75,10.73,0.02,0.1864,123060.11,132554.943,0.1999999999999993,0.17999999999999972,-0.16999999999999993,10.652000000000001,10.645,10.6215,10.682058534367986,10.650701057683293,10.626845041235574,0.16000000000000014,0.12142857142857137,0.019999999999999574,0.0,0.035361536815992745,0.0251469705981416,1.4061947015838965,58.44060335841724,10.628333333333334,10.641153846153847,10.644111718868247,10.61827329859039,0.02583842027785721,0.012431901891923126,0.014502757107657315,0.02267132634039979,0.22332975029720845
002840.SZ,20250822,10.75,10.81,10.65,10.75,10.75,0.0,0.0,102543.89,109808.462,0.1899999999999995,0.17999999999999972,-0.07000000000000028,10.690000000000001,10.663,10.617999999999999,10.704705689578658,10.668755410831785,10.638574084927425,0.16000000000000014,0.12357142857142847,0.0,-0.0,0.032835712757707546,0.02335075841256006,1.4061947015838963,58.440603358417256,10.647500000000003,10.649230769230769,10.660402223657748,10.628030832028138,0.03237139162961,0.015891934700478276,0.018076484012047853,0.0285898152351243,-0.16671706209266351
002840.SZ,20250825,10.76,10.91,10.69,10.91,10.75,0.16,1.4884,136318.82,147211.188,0.3100000000000005,0.27999999999999936,0.07000000000000028,10.752,10.690999999999999,10.6215,10.773137126385773,10.712618063407824,10.664424172077194,0.22000000000000064,0.13142857142857142,0.16000000000000014,0.0,0.041918876132157015,0.021682847097377198,1.9332736122659653,65.90839682263749,10.675833333333335,10.664615384615386,10.698801881556555,10.64891743706309,0.04988444449346474,0.02010575918669429,0.024438076108331232,0.05089273677026702,0.32937047736340025
002840.SZ,20250826,10.87,11.47,10.84,11.31,10.91,0.4,3.6664,354391.03,396891.958,0.6900000000000013,0.5899999999999999,0.6300000000000008,10.89,10.75,10.652999999999999,10.952091417590516,10.821232960970038,10.725907584260318,0.6300000000000008,0.16928571428571434,0.40000000000000036,0.0,0.0674960992655744,0.020134072304707398,3.3523322179484594,77.02381275316877,10.737499999999999,10.687307692307693,10.792832361317085,10.697886515799157,0.09494584551792862,0.028407566173925543,0.03853962999025071,0.11281243105535582,1.5997219606214315
002840.SZ,20250827,11.27,11.37,11.03,11.04,11.31,-0.27,-2.3873,236410.25,265098.406,0.3099999999999987,0.3199999999999985,0.379999999999999,10.952,10.782,10.672,10.981394278393678,10.861008786248213,10.755821147664097,0.33999999999999986,0.18785714285714292,0.0,0.27000000000000135,0.06267494931803337,0.03798163856865696,1.6501381109385238,62.266117532800635,10.771666666666667,10.696923076923078,10.830858151883687,10.72322825536959,0.10762989651409782,0.03893124452502899,0.052357683295020135,0.11054442643815537,-0.332911304216701
002840.SZ,20250828,11.06,11.2,10.68,10.99,11.04,-0.05,-0.4529,174550.33,191001.072,0.2400000000000002,0.4399999999999995,0.5899999999999999,11.0,10.826,10.7015,10.984262852262454,10.884461734203082,10.778123895505612,0.5199999999999996,0.22,0.0,0.049999999999998934,0.05819816722388813,0.03884009295660996,1.4984044268097907,59.974454525086685,10.794166666666667,10.705769230769231,10.85534151313235,10.742989125342213,0.11235238779013734,0.05054396346016018,0.06435662419404359,0.09599152719218751,-0.26166344310367257
002840.SZ,20250829,10.98,11.12,10.92,10.98,10.99,-0.01,-0.091,127902.69,140813.737,0.23000000000000043,0.41999999999999993,0.5099999999999998,11.046000000000001,10.868,10.727,10.982841901508303,10.901832327984339,10.797350191171745,0.1999999999999993,0.2285714285714285,0.0,0.009999999999999787,0.054041155279324696,0.03678008631685209,1.4693047431637984,59.50277086015924,10.815833333333332,10.708076923076923,10.87451974188122,10.760545486427974,0.1139742554532468,0.06243440242182056,0.07428015044588424,0.07938821001472512,-0.2672446394114522
002840.SZ,20250901,10.98,11.12,10.9,11.04,10.98,0.06,0.5464,112614.39,124055.651,0.129999999999999,0.4399999999999995,0.5599999999999987,11.072000000000001,10.912,10.754999999999999,11.001894601005535,10.926953722896277,10.820459696774437,0.21999999999999886,0.23499999999999993,0.05999999999999872,0.0,0.054466787045087124,0.034152937294219796,1.5947907079226635,61.46124629833519,10.856666666666667,10.716538461538464,10.899978243130263,10.781245820766642,0.11873242236362103,0.07476146729770683,0.08317060482943159,0.07112363506837888,-0.11953071510849383
002840.SZ,20250902,11.04,11.78,10.88,11.39,11.04,0.35,3.1703,348554.41,394995.244,0.08000000000000007,0.7700000000000014,0.8500000000000014,11.088000000000001,10.989,10.7975,11.131263067337024,11.011143955096955,10.874701630414966,0.8999999999999986,0.2892857142857141,0.3500000000000014,0.0,0.07557630225615243,0.0317134417732041,2.3830999737155536,70.4413109937827,10.925833333333335,10.737692307692308,10.975366205725607,10.826338722932075,0.14902748279353162,0.08941739409261057,0.09634198042225159,0.10537100474256006,2.095114309991822
002840.SZ,20250903,11.4,11.48,10.97,11.0,11.39,-0.39,-3.4241,232675.84,260213.147,-0.03999999999999915,0.2699999999999996,0.4800000000000004,11.08,11.016,10.8215,11.087508711558016,11.009117781442962,10.886634808470683,0.5099999999999998,0.3099999999999997,0.0,0.39000000000000057,0.07017799495214154,0.05730533878940385,1.2246327555979466,55.04876040849198,10.959166666666667,10.75,10.979156020229361,10.839202521233403,0.13995349899595766,0.10209684728351062,0.10506428413699281,0.06977842971792969,-0.3324547521863229
002840.SZ,20250904,10.97,11.45,10.89,11.3,11.0,0.3,2.7273,277736.14,311310.74,0.3100000000000005,0.5500000000000007,0.7300000000000004,11.142,11.071,10.858,11.158339141038677,11.062005457544242,10.926002921949665,0.5599999999999987,0.3428571428571425,0.3000000000000007,0.0,0.08659385245556006,0.05321210030444644,1.6273338575272178,61.93860185925608,11.015833333333333,10.774615384615386,11.028516632501768,10.873335667808707,0.15518096469306109,0.11574235540167185,0.11508762024820647,0.08018668888970923,0.19366127570443076
002840.SZ,20250905,11.3,11.32,11.16,11.28,11.3,-0.02,-0.177,190620.73,213968.71,0.29999999999999893,0.5299999999999994,0.7099999999999991,11.202000000000002,11.123999999999999,10.893500000000001,11.198892760692452,11.101640828899834,10.959716929383031,0.16000000000000014,0.34642857142857114,0.0,0.02000000000000135,0.08040857728016292,0.0508398074255575,1.5816066454992315,61.26443190935388,11.061666666666666,10.808461538461538,11.067206381347651,10.903458951674727,0.16374742967292377,0.12839379819938954,0.12481958213314995,0.07785569507954765,-0.3136624927530137
002840.SZ,20250908,11.3,11.58,11.3,11.47,11.28,0.19,1.6844,246187.68,282229.165,0.4300000000000015,0.5600000000000005,0.8399999999999999,11.288,11.180000000000001,10.935500000000001,11.289261840461634,11.168615223645318,11.00831531706084,0.3000000000000007,0.3614285714285712,0.19000000000000128,0.0,0.08823653604586566,0.04720839260944625,1.869085795312798,65.14569199590713,11.121666666666668,10.846923076923076,11.12917463037109,10.945424955254378,0.18374967511671159,0.13826089037703207,0.13660560072986228,0.09428814877369862,0.29150528381671803
002840.SZ,20250909,11.43,11.44,11.2,11.25,11.47,-0.22,-1.918,167394.43,189420.073,-0.14000000000000057,-0.0600000000000005,0.5299999999999994,11.26,11.174,10.962,11.276174560307757,11.183412455709805,11.031332905912189,0.27000000000000135,0.36785714285714277,0.0,0.22000000000000064,0.08193392632830383,0.05955065028020014,1.3758695487418693,57.91014702261135,11.163333333333332,10.876538461538463,11.147763148775539,10.96798606967998,0.17977707909555818,0.14627724399719433,0.14523989640300147,0.06907436538511341,-0.3200535867594999
002840.SZ,20250910,11.21,11.28,11.1,11.24,11.25,-0.01,-0.0889,107898.14,120585.636,0.2400000000000002,0.20000000000000107,0.5199999999999996,11.308,11.193999999999999,10.988000000000001,11.264116373538505,11.193701100126205,11.05120596249198,0.17999999999999972,0.36928571428571416,0.0,0.009999999999999787,0.07608150301913928,0.056011318117328686,1.358323738423169,57.597000627716035,11.190833333333336,10.903461538461539,11.161953433579303,10.988135249703685,0.17381818387561765,0.15310677689558105,0.1509555538975247,0.04572525995618587,-0.35542574505017877
002840.SZ,20250911,11.23,11.78,11.21,11.46,11.24,0.22,1.9573,238983.92,274874.256,0.16000000000000014,0.47000000000000064,0.9100000000000001,11.34,11.241,11.0335,11.329410915692337,11.242119081921441,11.090138727968935,0.5699999999999985,0.3985714285714283,0.22000000000000064,0.0,0.08636139566062938,0.05201050968037663,1.660460475995166,62.4125218539117,11.203333333333333,10.939615384615385,11.20780675149018,11.023088194170079,0.18471855732010134,0.16096725488078711,0.15770815458204004,0.05402080547612259,1.2149030557894698
002840.SZ,20250912,11.5,11.92,11.4,11.69,11.46,0.23,2.007,289110.02,336865.624,0.41000000000000014,0.7099999999999991,1.129999999999999,11.422,11.312000000000001,11.09,11.449607277128226,11.32355197611754,11.147268372924275,0.5199999999999996,0.41999999999999965,0.22999999999999865,0.0,0.09662129597058433,0.048295473274635445,2.0006284113034956,66.67364755219415,11.257499999999999,10.982692307692307,11.281990328183998,11.072489068675997,0.20950125950800036,0.1710526812301626,0.16806677556723212,0.08286896788153647,0.2097467478146647
002840.SZ,20250915,11.85,12.36,11.69,12.26,11.69,0.57,4.876,432475.61,521252.766,0.7899999999999991,1.2200000000000006,1.6600000000000001,11.58,11.434000000000001,11.173,11.719738184752151,11.493815253187078,11.253242813598153,0.6699999999999999,0.4228571428571425,0.5700000000000003,0.0,0.13043406054411405,0.04484579661216148,2.9085013623939586,74.4147460297289,11.363333333333332,11.047692307692309,11.432453354617229,11.160452841366665,0.27200051325056407,0.18471635128094396,0.18885352310389852,0.1662939802933311,0.4958859260568
002840.SZ,20250916,12.18,12.18,11.86,11.92,12.26,-0.34,-2.7732,312666.18,373420.397,0.6699999999999999,0.5299999999999994,1.3000000000000007,11.714,11.487,11.238,11.7864921231681,11.571303388971245,11.316743498017377,0.40000000000000036,0.42714285714285677,0.0,0.33999999999999986,0.12111734193382019,0.06592823971129279,1.8371086876307743,64.7528484065556,11.441666666666668,11.097307692307693,11.507460530829963,11.216715593858023,0.29074493697194015,0.20147095550049757,0.20923180587750687,0.16302626218886657,-0.2770316457846027
002840.SZ,20250917,11.93,11.96,11.73,11.74,11.92,-0.18,-1.5101,211495.81,249929.855,0.5,0.7400000000000002,1.0099999999999998,11.814,11.561,11.288499999999999,11.770994748778733,11.601975500067383,11.357053641063342,0.23000000000000043,0.40642857142857114,0.0,0.17999999999999972,0.11246610322426161,0.07407622258905756,1.5182483568063978,60.28985793648312,11.5,11.136538461538464,11.5432358337792,11.255477401720393,0.2877584320588067,0.21620178520780264,0.22493713111376684,0.1256426018900797,-0.32357311558288776
002840.SZ,20250918,11.75,11.78,11.35,11.47,11.74,-0.27,-2.2998,224370.78,259389.779,0.009999999999999787,0.16999999999999993,0.7200000000000006,11.815999999999999,11.578,11.324499999999999,11.670663165852488,11.577979954600586,11.367810437152547,0.4299999999999997,0.4228571428571426,0.0,0.2699999999999996,0.10443281013681435,0.08807077811841056,1.185782757549901,54.249799228861825,11.506666666666668,11.165384615384617,11.531968782428553,11.271367964555921,0.260600817872632,0.226963272785548,0.23206986846553987,0.057061898814184275,0.06087576864997941
002840.SZ,20250919,11.41,11.48,11.23,11.28,11.47,-0.19,-1.6565,142639.9,161218.758,-0.41000000000000014,0.0,0.5299999999999994,11.734,11.578,11.351,11.540442110568327,11.523801781036843,11.359447538376115,0.25,0.4249999999999998,0.0,0.19000000000000128,0.09697332369847046,0.09535143682423848,1.0170095693179917,50.42165316359265,11.53,11.19346153846154,11.493204354362621,11.272007374588815,0.22119697977380604,0.23112408441411406,0.2298952907271931,-0.017396621906774157,-0.36426704047648273
002840.SZ,20250922,11.3,11.35,11.13,11.31,11.28,0.03,0.266,103835.99,116418.157,-0.9499999999999993,-0.16000000000000014,0.40000000000000036,11.544,11.562000000000001,11.371,11.463628073712218,11.484928729939234,11.35473824900696,0.21999999999999886,0.3764285714285713,0.030000000000001137,0.0,0.09218951486286552,0.08854061990822146,1.0412115361110685,51.0094871448156,11.530833333333332,11.222307692307691,11.465019069076064,11.274821643137791,0.1901974259382726,0.2322819007299712,0.221955717769409,-0.06351658366227281,-0.2720410628442672
002840.SZ,20250923,11.23,11.3,11.0,11.19,11.31,-0.12,-1.061,118127.2,131577.964,-0.7300000000000004,-0.0600000000000005,-0.120000000000001,11.398,11.556000000000001,11.364999999999998,11.372418715808145,11.431305324495737,11.339048891958678,0.3100000000000005,0.36214285714285704,0.0,0.120000000000001,0.08560454951551798,0.0907877184862057,0.9429089192116304,48.53078339844322,11.523333333333333,11.245000000000001,11.422708443064362,11.268538558460918,0.15416988460344427,0.2300987563663964,0.20839855113621608,-0.10845733306554362,0.13763252991568714
002840.SZ,20250924,11.13,11.26,11.1,11.22,11.19,0.03,0.2681,77888.23,87236.701,-0.5199999999999996,-0.019999999999999574,0.1800000000000015,11.294,11.553999999999998,11.373999999999999,11.32161247720543,11.39288617458742,11.327710902248327,0.16000000000000014,0.3335714285714286,0.030000000000001137,0.0,0.08163279597869534,0.08430288145147673,0.9683274708193902,49.19544563467824,11.5025,11.268076923076924,11.391522528746767,11.264943109686035,0.12657941906073233,0.2236388521153554,0.19203472472111935,-0.13091061132077403,-0.34064102086564313
002840.SZ,20250925,11.24,11.32,11.15,11.17,11.22,-0.05,-0.4456,75269.82,84321.316,-0.3000000000000007,-0.2900000000000009,0.17999999999999972,11.234,11.525,11.383,11.27107498480362,11.352361415571526,11.312690816319915,0.16999999999999993,0.33428571428571424,0.0,0.05000000000000071,0.0758018819802171,0.08185267563351416,0.9260770206170318,48.080996279180816,11.495833333333332,11.285,11.357442139708803,11.25791028674633,0.09953185296247291,0.21142002916585234,0.17353415036939007,-0.14800459481383432,-0.033617531172553144
002840.SZ,20250926,11.16,11.18,10.98,10.99,11.17,-0.18,-1.6115,81053.86,89605.608,-0.28999999999999915,-0.6999999999999993,0.009999999999999787,11.176,11.455,11.3835,11.177383323202413,11.286477521831248,11.28195835762278,0.1999999999999993,0.327142857142857,0.0,0.17999999999999972,0.07038746183877302,0.08886319880254885,0.792087869751028,44.199164735213095,11.475,11.29423076923077,11.300912579753604,11.238065080320677,0.06284749943292667,0.18818080540833707,0.1513968201820974,-0.17709864149834148,0.07684407907445498
002840.SZ,20250929,10.95,10.96,10.72,10.9,10.99,-0.09,-0.8189,106106.68,114964.116,-0.41000000000000014,-1.3599999999999994,-0.1399999999999988,11.094,11.318999999999999,11.3765,11.084922215468277,11.216208881498293,11.245581371182515,0.2699999999999996,0.3271428571428569,0.0,0.08999999999999986,0.06535978599314637,0.08894439888808106,0.7348386948501248,42.35775331917003,11.428333333333333,11.299999999999999,11.239233721329972,11.213023222519144,0.026210498810828042,0.1587880900571024,0.12635955590784353,-0.20029811419403099,0.3090885492683506
002840.SZ,20250930,10.84,10.99,10.8,10.81,10.9,-0.09,-0.8257,65156.0,70686.336,-0.379999999999999,-1.1099999999999994,-0.5800000000000001,11.018,11.208000000000002,11.3475,10.993281476978852,11.142352721225874,11.204097431069895,0.1899999999999995,0.32785714285714257,0.0,0.08999999999999986,0.06069122985077878,0.08901979896750382,0.6817722636391683,40.53891709237069,11.354999999999999,11.296153846153846,11.173197764202284,11.18316965048069,-0.009971886278405506,0.12570694357518994,0.09909326747059373,-0.21813030749799847,-0.3859387552225741
002840.SZ,20251009,10.8,10.8,10.61,10.74,10.81,-0.07,-0.6475,90288.0,96515.328,-0.4800000000000004,-1.0,-0.2599999999999998,10.922,11.108,11.334500000000002,10.908854317985902,11.069197681002988,11.159897675729905,0.20000000000000107,0.3014285714285713,0.0,0.07000000000000028,0.05635614200429458,0.08766124189839643,0.6428855077094852,39.13148571173396,11.228333333333333,11.274230769230769,11.10655195432501,11.150342268963602,-0.043790314638592065,0.09188570662949837,0.07051655104875658,-0.2286137313746973,0.3857204248265701
002840.SZ,20251010,10.74,10.89,10.7,10.87,10.74,0.13,1.2104,82701.0,89615.66,-0.3000000000000007,-0.6000000000000014,-0.4300000000000015,10.862,11.048,11.313,10.89590287865727,11.032979920820626,11.132288373279437,0.19000000000000128,0.2778571428571429,0.129999999999999,0.0,0.06161641757541632,0.08139972461993954,0.7569610077074249,43.083540521775575,11.140833333333333,11.26769230769231,11.070159345967316,11.129576174966298,-0.05941682899898204,0.060706394543633024,0.044529875039208855,-0.2078934080763818,-0.0840311004784689
002840.SZ,20251013,10.61,10.78,10.57,10.72,10.87,-0.15,-1.3799,67169.96,71828.452,-0.2699999999999996,-0.5599999999999987,-0.5599999999999987,10.808,10.992,11.285,10.837268585771515,10.976074480671421,11.09302281391949,0.29999999999999893,0.2514285714285714,0.0,0.14999999999999858,0.05721524489145801,0.08629974428994376,0.6629827858959847,39.86708650978499,11.055833333333334,11.257307692307695,11.01628867735696,11.099237199042868,-0.08294852168590872,0.030356844807612877,0.019034195694185338,-0.2039654347601881,-0.18779748733388948
002840.SZ,20251014,10.73,10.81,10.69,10.76,10.72,0.04,0.3731,79204.14,85109.198,-0.14000000000000057,-0.5500000000000007,-0.7100000000000009,10.78,10.937000000000001,11.249500000000001,10.811512390514343,10.936788211458436,11.061306355450967,0.120000000000001,0.23142857142857146,0.03999999999999915,0.0,0.05598558454206809,0.08013547684066206,0.6986366931264092,41.12925947929102,10.996666666666668,11.248846153846156,10.976859650071274,11.074108517632286,-0.09724886756101192,0.0024214279004510786,-0.004222416956854113,-0.1860529012083156,0.17916014837585123
002840.SZ,20251015,10.78,10.78,10.67,10.77,10.76,0.01,0.0929,53573.39,57553.991,-0.040000000000000924,-0.41999999999999993,-0.4800000000000004,10.772,10.895,11.2255,10.797674927009563,10.906463082102357,11.033562893027064,0.10999999999999943,0.2228571428571428,0.009999999999999787,0.0,0.05270089993192035,0.07441151420918621,0.7082358219961387,41.46007318641393,10.954166666666667,11.238461538461536,10.945035088521847,11.051581960770635,-0.10654687224878856,-0.023481493356162356,-0.024687308015241004,-0.1637191284670951,-0.32360366516194733
002840.SZ,20251016,10.77,10.83,10.64,10.65,10.77,-0.12,-1.1142,66504.13,71230.182,-0.08999999999999986,-0.5700000000000003,-0.5899999999999999,10.754000000000001,10.838000000000001,11.196000000000002,10.748449951339708,10.859833430811019,10.997033093691153,0.1899999999999995,0.20571428571428566,0.0,0.11999999999999922,0.04893654993678318,0.0776678346228157,0.6300748588452031,38.6531241449591,10.899166666666666,11.209999999999997,10.8996450749031,11.0218351488617,-0.12219007395859904,-0.04811726301405924,-0.04418786120391262,-0.15600442550937285,0.24136497615700642
002840.SZ,20251017,10.65,10.78,10.58,10.65,10.65,0.0,0.0,76329.72,81332.847,-0.21999999999999886,-0.5199999999999996,-0.8100000000000005,10.709999999999999,10.786000000000001,11.1555,10.715633300893138,10.821681897936287,10.963982322863425,0.1999999999999993,0.202142857142857,0.0,-0.0,0.045441082084155815,0.07212013214975745,0.6300748588452031,38.6531241449591,10.854166666666666,11.19653846153846,10.861238140302623,10.994291804501573,-0.13305366419895037,-0.06988405897315669,-0.06196102180292017,-0.14218528479206038,0.14774405739914193
002840.SZ,20251020,10.73,10.75,10.54,10.55,10.65,-0.1,-0.939,69414.1,73621.305,-0.16999999999999993,-0.4399999999999995,-1.1399999999999988,10.675999999999998,10.742,11.098500000000003,10.660422200595427,10.772285189220598,10.92455543497167,0.21000000000000085,0.20142857142857146,0.0,0.09999999999999964,0.04219529050671611,0.07411155128191761,0.5693483644163213,36.279284913778575,10.798333333333334,11.167692307692308,10.813355349486834,10.96138130046442,-0.14802595097758697,-0.0892436645052028,-0.07917400763785354,-0.13770388667946687,-0.09060193067654375
002840.SZ,20251021,10.55,10.63,10.51,10.62,10.55,0.07,0.6635,66444.62,70348.103,-0.14000000000000057,-0.28000000000000114,-1.6400000000000006,10.648,10.714,11.016500000000002,10.646948133730286,10.744596972998671,10.895550155450557,0.120000000000001,0.18785714285714292,0.06999999999999851,0.0,0.04418134118480771,0.06881786904749493,0.6420039125930473,39.098805287205245,10.7525,11.142307692307693,10.783608372642705,10.936093796726317,-0.15248542408361132,-0.10507850203911456,-0.0938362909270051,-0.11729826631321244,-0.042779204801330135
002840.SZ,20251022,10.62,10.68,10.59,10.64,10.62,0.02,0.1883,45387.7,48287.308,-0.129999999999999,-0.16999999999999993,-1.2799999999999994,10.622,10.697000000000001,10.9525,10.644632089153525,10.725579341544368,10.871212045407647,0.08999999999999986,0.18285714285714288,0.02000000000000135,0.0,0.042454102528750114,0.06390230697267386,0.6643594658781957,39.916825631634076,10.723333333333334,11.110384615384616,10.76151477685152,10.914160922894737,-0.15264614604321736,-0.11717359441740625,-0.10559826195024756,-0.0940957681859396,-0.31690932990511494
002840.SZ,20251023,10.68,10.69,10.56,10.68,10.64,0.04,0.3759,52863.53,56167.971,0.02999999999999936,-0.0600000000000005,-1.0600000000000005,10.628,10.690999999999999,10.8995,10.656421392769017,10.7172921885363,10.853001374416444,0.129999999999999,0.17999999999999997,0.03999999999999915,0.0,0.042278809490982186,0.059337856474625736,0.7125098883385111,41.60617659438996,10.705,11.088461538461539,10.748974041951286,10.896815669346978,-0.1478416273956924,-0.12699857201704073,-0.11404693503933654,-0.06758938471271173,0.16471048323664786
002840.SZ,20251024,10.78,10.85,10.69,10.71,10.68,0.03,0.2809,77646.84,83568.408,0.0600000000000005,-0.15999999999999837,-0.7599999999999998,10.64,10.675000000000002,10.8615,10.67428092851268,10.715966336075153,10.839382195900592,0.16999999999999993,0.17785714285714288,0.030000000000001137,0.0,0.04140175167019783,0.05509943815500961,0.7514006141718453,42.9028406231973,10.696666666666667,11.068076923076923,10.742978035497242,10.882977471617572,-0.1399994361203305,-0.13333756250975426,-0.11923743525553533,-0.04152400172959034,0.4688167816261986
002840.SZ,20251027,10.71,11.11,10.7,10.92,10.71,0.21,1.9608,141938.91,154726.939,0.3699999999999992,0.1999999999999993,-0.35999999999999943,10.714,10.695,10.8435,10.756187285675122,10.75306336587967,10.8470600820053,0.41000000000000014,0.18785714285714292,0.20999999999999908,0.0,0.05344448369375506,0.05116376400108035,1.0445768550692742,51.090124222005926,10.711666666666666,11.047307692307694,10.77021218388228,10.885719881127383,-0.11550769724510168,-0.135366321363542,-0.11849148765344861,0.0059675808166938515,0.8280062652903841
002840.SZ,20251028,10.82,11.31,10.8,11.18,10.92,0.26,2.381,237654.93,263347.583,0.5600000000000005,0.41999999999999993,-0.13000000000000078,10.826,10.737,10.837,10.897458190450081,10.830688208447002,10.878768645623843,0.5099999999999998,0.2107142857142858,0.2599999999999998,0.0,0.06819844914420112,0.04750920942957461,1.435478509599181,58.94030696396598,10.737500000000002,11.027692307692309,10.833256463285007,10.907518408451281,-0.07426194516627405,-0.13177910724326264,-0.1096455791560137,0.0707672679794793,0.67434659037469
002840.SZ,20251029,11.02,11.15,10.9,10.98,11.18,-0.2,-1.7889,132679.55,145644.253,0.33999999999999986,0.21000000000000085,-0.20999999999999908,10.894,10.758,10.8265,10.924972126966722,10.857835806911183,10.888409726993002,0.27999999999999936,0.2164285714285714,0.0,0.1999999999999993,0.06332713134818675,0.058401408756033515,1.0843425303785048,52.02324064181496,10.759166666666665,10.978461538461538,10.855832392010392,10.912887415232667,-0.057055023222275736,-0.12454187938367116,-0.09912746796926611,0.08414488949398075,-0.441713454040276
002840.SZ,20251030,10.94,10.97,10.75,10.77,10.98,-0.21,-1.9126,98677.54,106845.119,0.08999999999999986,0.11999999999999922,-0.45000000000000107,10.912,10.77,10.803999999999998,10.873314751311149,10.841865660200058,10.877132610136526,0.23000000000000043,0.21928571428571417,0.0,0.21000000000000085,0.05880376482331627,0.06922987955917405,0.8493986295766109,45.928369146194655,10.76,10.93423076923077,10.842627408624177,10.90230316225247,-0.05967575362829436,-0.11638877820915382,-0.09123712510107176,0.06312274294555481,-0.25627167110530596
002840.SZ,20251031,10.72,10.85,10.72,10.78,10.77,0.01,0.0929,70383.94,75995.706,0.06999999999999851,0.129999999999999,-0.39000000000000057,10.925999999999998,10.783,10.7845,10.842209834207434,10.830617358345503,10.86788188536162,0.129999999999999,0.20714285714285705,0.009999999999999787,0.0,0.055317781621650804,0.06428488816209019,0.860509883476356,46.25129332118873,10.760833333333332,10.89730769230769,10.832992422681997,10.893243668752287,-0.06025124607029042,-0.1066360332194542,-0.0850399492949155,0.049577406449250155,-0.2867278612742068
002840.SZ,20251103,10.76,10.86,10.75,10.85,10.78,0.07,0.6494,58198.6,62962.128,-0.07000000000000028,0.29999999999999893,-0.14000000000000057,10.912,10.812999999999999,10.7775,10.844806556138291,10.834141475009956,10.866178848660512,0.10999999999999943,0.2064285714285712,0.07000000000000028,0.0,0.056366511505818624,0.059693110436226604,0.9442716436436669,48.566857760372024,10.777500000000002,10.87346153846154,10.835608973038612,10.890040434029896,-0.05443146099128349,-0.09574114843141777,-0.0789182516341891,0.048973581285811224,-0.17312671043991007
002840.SZ,20251104,10.81,11.25,10.78,11.05,10.85,0.2,1.8433,161119.02,177568.49,-0.129999999999999,0.4300000000000015,0.15000000000000036,10.886000000000001,10.855999999999998,10.785,10.913204370758862,10.8733884795536,10.88368562497856,0.47000000000000064,0.232142857142857,0.20000000000000107,0.0,0.06662604639826022,0.05542931683363899,1.2020001364661625,54.58674214231291,10.810833333333333,10.864615384615385,10.86859220795575,10.901889290768422,-0.03329708281267152,-0.08248014140580157,-0.06979401786988558,0.07299387011442812,1.7684346358847118
002840.SZ,20251105,10.94,11.23,10.85,11.08,11.05,0.03,0.2715,157582.74,174939.335,0.09999999999999964,0.4399999999999995,0.2699999999999996,10.906,10.9,10.7985,10.968802913839243,10.910954210543853,10.90238223212346,0.3800000000000008,0.2457142857142857,0.02999999999999936,0.0,0.06400990022695588,0.0514700799169505,1.2436332006913338,55.42943473595111,10.854999999999999,10.85576923076923,10.901116483654866,10.915082676637427,-0.01396619298256141,-0.0676050931376759,-0.058628452892420746,0.08932451981971867,-0.02194824670606859
002840.SZ,20251106,11.01,11.57,10.96,11.31,11.08,0.23,2.0758,236054.14,264804.485,0.5400000000000009,0.6300000000000008,0.5700000000000003,11.014,10.963000000000001,10.827000000000002,11.082535275892829,10.98350799044497,10.941202971921225,0.6099999999999994,0.27499999999999997,0.23000000000000043,0.0,0.07586633592503048,0.04779364563716832,1.587372859165832,61.35075791424976,10.9125,10.860384615384614,10.964021640015655,10.94433581170132,0.019685828314335296,-0.0498622859782686,-0.04296559665106954,0.12530284993080967,0.4979695111279321
002840.SZ,20251107,11.18,11.53,11.18,11.3,11.31,-0.01,-0.0884,251244.05,286239.516,0.5200000000000014,0.5899999999999999,0.4300000000000015,11.118,11.022000000000002,10.848500000000001,11.155023517261887,11.041051992182247,10.975374117452537,0.34999999999999964,0.28499999999999986,0.0,0.009999999999999787,0.07044731193038543,0.04509409952022771,1.5622290428215586,60.97148290463574,10.967500000000001,10.86346153846154,11.015710618474786,10.970681307130851,0.04502931134393506,-0.032024840579486735,-0.02536661505206862,0.14079185279200737,0.06434926326646918
002840.SZ,20251110,11.19,11.42,11.07,11.35,11.3,0.05,0.4425,179419.08,202429.935,0.5,0.4299999999999997,0.629999999999999,11.218000000000002,11.065,10.88,11.220015678174592,11.09722435724002,11.011052772933247,0.34999999999999964,0.3014285714285712,0.049999999999998934,0.0,0.06898678964964354,0.041873092411640014,1.6475207747127454,62.22881385667315,11.023333333333333,10.870384615384618,11.06713975409405,10.998778988084121,0.06836076600992946,-0.01617787267101968,-0.006621138839669003,0.14996380969919693,-0.2858772973927144
002840.SZ,20251111,11.32,11.43,11.25,11.4,11.35,0.05,0.4405,155088.82,176125.595,0.34999999999999964,0.22000000000000064,0.6400000000000006,11.288,11.087,10.912,11.280010452116397,11.15227447410547,11.048095365987225,0.17999999999999972,0.30785714285714266,0.05000000000000071,0.0,0.06763059038895476,0.03888215723938001,1.739373409057104,63.495301637457246,11.080833333333333,10.886153846153844,11.118349022694966,11.028499063040853,0.08984995965411358,0.00014490320413468934,0.012673080859087513,0.15435375759005213,-0.13560575608792544
002840.SZ,20251112,11.36,11.36,11.12,11.14,11.4,-0.26,-2.2807,151295.65,169495.069,0.0600000000000005,0.16000000000000014,0.370000000000001,11.3,11.103,10.9305,11.233340301410932,11.150042751540838,11.056848188274156,0.28000000000000114,0.3185714285714285,0.0,0.2599999999999998,0.06279983393260084,0.05467628886513857,1.148575282559856,53.45753029381499,11.099166666666667,10.895384615384614,11.121679942280355,11.036758391704494,0.08492155057586181,0.01621127033792982,0.027122774802442375,0.11559755154683887,-0.024458049264930976
002840.SZ,20251113,11.15,11.24,11.03,11.23,11.14,0.09,0.8079,106497.96,118862.77,-0.08000000000000007,0.46000000000000085,0.5800000000000001,11.284,11.149000000000001,10.959499999999998,11.232226867607288,11.164580433078868,11.07333883700995,0.21000000000000085,0.32142857142857145,0.08999999999999986,0.0,0.06474270293741506,0.05077083966048581,1.2751946465798427,56.04771655457095,11.103333333333333,10.911538461538461,11.138344566544916,11.051072584911568,0.08727198163334826,0.03260274008277856,0.039152616168623554,0.09623873092944941,-0.2960937079155943
002840.SZ,20251114,11.19,11.55,11.19,11.32,11.23,0.09,0.8014,181180.38,206282.415,0.019999999999999574,0.5400000000000009,0.6699999999999999,11.288,11.203,10.992999999999999,11.26148457840486,11.192838536155437,11.096830376342336,0.3600000000000012,0.31785714285714295,0.08999999999999986,0.0,0.06654679558474255,0.047144351113308246,1.41155396167829,58.53296190378162,11.131666666666668,10.933846153846154,11.166291556307236,11.070993134177378,0.09529842212985784,0.04923939376290538,0.05038177736087041,0.08983328953797486,0.7012568128065552
002840.SZ,20251117,11.65,12.09,11.45,11.85,11.32,0.53,4.682,557369.94,657746.997,0.5,1.0,1.299999999999999,11.388,11.303,11.057999999999998,11.45765638560324,11.312322438672629,11.168560816690684,0.7699999999999996,0.33642857142857147,0.5299999999999994,0.0,0.09965059590011803,0.043776897462357654,2.2763284215333983,69.4780293261328,11.221666666666666,10.971538461538461,11.271477470721507,11.128697346460536,0.14278012426097142,0.06880352788219904,0.06886144674089062,0.1478373550401616,2.076326145248177
002840.SZ,20251118,11.74,11.85,11.2,11.37,11.85,-0.48,-4.0506,382886.05,437403.701,-0.030000000000001137,0.3199999999999985,0.75,11.382,11.334999999999999,11.095499999999998,11.42843759040216,11.322809268004878,11.187745500815382,0.6500000000000004,0.362857142857143,0.0,0.4800000000000004,0.09253269619296675,0.0749356905007607,1.234828098261501,55.253829107576024,11.270833333333334,10.99653846153846,11.286634782918197,11.14657161709309,0.14006316582510792,0.08591790108305118,0.08310179055773409,0.11392275053474765,-0.313048619019533
002840.SZ,20251119,11.3,11.58,10.98,11.2,11.37,-0.17,-1.4952,303337.98,339948.007,0.05999999999999872,0.11999999999999922,0.5599999999999987,11.394,11.347000000000001,11.123499999999998,11.352291726934773,11.300480310185808,11.188912595975822,0.5999999999999996,0.38928571428571435,0.0,0.16999999999999993,0.08592321789346913,0.08172599832213492,1.0513572138304172,51.25178621948832,11.299999999999999,11.013461538461538,11.273306354776935,11.150529275086193,0.12277707969074214,0.09737248456931862,0.0910368483843357,0.06348046261281287,-0.20775912311247696
002840.SZ,20251120,11.15,11.18,10.79,10.84,11.2,-0.36,-3.2143,229905.2,250599.549,-0.39000000000000057,-0.47000000000000064,0.16000000000000014,11.315999999999999,11.3,11.131499999999999,11.181527817956516,11.216756617424751,11.155682824930505,0.41000000000000014,0.4092857142857144,0.0,0.35999999999999943,0.07978584518679277,0.10160271272769668,0.785272784995664,43.98615111345974,11.282499999999999,11.016153846153845,11.206643838657406,11.12752710656129,0.07911673209611614,0.1011599757640054,0.0886528251266918,-0.019072186061151325,-0.24208237952926295
002840.SZ,20251121,10.7,10.89,10.45,10.45,10.84,-0.39,-3.5978,174427.17,185849.024,-0.870000000000001,-0.8500000000000014,-0.26000000000000156,11.142000000000001,11.215000000000002,11.1185,10.937685211971012,11.077346323347523,11.088474936841886,0.4400000000000013,0.43285714285714316,0.0,0.39000000000000057,0.074086856244879,0.12220251896143267,0.6062629221927982,37.743691510052116,11.230000000000002,11.008461538461535,11.090237094248574,11.077339913482676,0.012897180765897076,0.09499735518133513,0.07350169625453286,-0.12120903097727156,-0.2413082870678871
002840.SZ,20251124,10.32,10.35,9.68,9.86,10.45,-0.59,-5.6459,524364.05,517570.801,-1.9900000000000002,-1.4900000000000002,-1.0600000000000005,10.744,11.065999999999999,11.0655,10.578456807980675,10.856010628193427,10.971477323809324,0.7699999999999996,0.4542857142857145,0.0,0.5899999999999999,0.06879493794167336,0.15561662474990176,0.44207961747169816,30.655701121881663,11.109166666666667,10.978076923076923,10.900969848979562,10.987166586558033,-0.08619673757847046,0.07543661104438135,0.0415620094879322,-0.25551749413280533,2.006206257889754
002840.SZ,20251125,9.79,9.9,9.76,9.88,9.86,0.02,0.2028,194823.73,192008.971,-1.4899999999999984,-1.5199999999999996,-1.299999999999999,10.446,10.914,11.000499999999999,10.345637871987117,10.678554150340076,10.86752710249415,0.14000000000000057,0.43714285714285733,0.02000000000000135,0.0,0.06530958523155393,0.1445011515534802,0.4519658461502482,31.127856577934903,10.990833333333335,10.952307692307691,10.743897564521168,10.905154246812993,-0.16125668229182466,0.04808347405908285,0.000998271131980824,-0.32450990684761094,-0.6284571186754699
002840.SZ,20251126,9.83,9.95,9.81,9.92,9.88,0.04,0.4049,145757.74,144092.814,-1.2799999999999994,-1.2200000000000006,-1.0600000000000005,10.190000000000001,10.791999999999998,10.947499999999998,10.203758581324745,10.540635213914609,10.777286426066135,0.1399999999999988,0.40357142857142875,0.03999999999999915,0.0,0.0635017577150143,0.1341796407282316,0.47325926176558497,32.12328434293507,10.871666666666664,10.925384615384615,10.617144093056373,10.83217985816018,-0.2150357651038064,0.014493724421621224,-0.04220853611517662,-0.3456544579772596,-0.25184811932304146
002840.SZ,20251127,9.89,9.95,9.85,9.85,9.92,-0.07,-0.7056,132556.0,131163.583,-0.9900000000000002,-1.3800000000000008,-0.9199999999999999,9.992,10.654,10.901499999999999,10.085839054216498,10.415065175021043,10.688973433107456,0.09999999999999964,0.38571428571428584,0.0,0.07000000000000028,0.05896591787822757,0.12959538067621507,0.455000151784343,31.27148483292957,10.7425,10.895000000000001,10.499121924893855,10.759425794592758,-0.2603038696989035,-0.02501764133713004,-0.085827602831922,-0.348952533733963,-0.09057316613169215
002840.SZ,20251128,9.85,9.89,9.76,9.89,9.85,0.04,0.4061,111200.19,109229.616,-0.5599999999999987,-1.4299999999999997,-0.8899999999999988,9.88,10.511,10.857,10.020559369477667,10.319598779562671,10.612880725192461,0.13000000000000078,0.3700000000000002,0.040000000000000924,0.0,0.05761120945835423,0.12033856777077113,0.4787426884462833,32.374982624549695,10.638333333333332,10.864615384615385,10.40541085952557,10.695023883882183,-0.28961302435661196,-0.07306132451686152,-0.12658468713686,-0.3260566744395039,-0.16110783367029782
002840.SZ,20251201,9.88,9.91,9.82,9.86,9.89,-0.03,-0.3033,115402.6,113820.386,0.0,-1.9900000000000002,-0.9900000000000002,9.879999999999999,10.312000000000001,10.8075,9.967039579651779,10.23603536509673,10.541177798983655,0.08999999999999986,0.3635714285714288,0.0,0.030000000000001137,0.05349612306847179,0.11388581293000186,0.4697347430039627,31.960511598431758,10.524166666666668,10.831923076923077,10.321501496521636,10.633170262853872,-0.31166876633223595,-0.12325376142323306,-0.16360150297593518,-0.29613452671260154,0.03779139226290893
002840.SZ,20251202,9.86,9.87,9.78,9.82,9.86,-0.04,-0.4057,107421.33,105345.196,-0.0600000000000005,-1.549999999999999,-1.2300000000000004,9.867999999999999,10.157,10.746,9.91802638643452,10.16039257144278,10.47249419908045,0.08999999999999986,0.35000000000000014,0.0,0.03999999999999915,0.04967497142072381,0.10860825486357309,0.45737749384816473,31.383597988773122,10.399166666666666,10.789615384615386,10.244347420133693,10.5729354285684,-0.32858800843470704,-0.1734054378816163,-0.19659880406768956,-0.26397840873403494,-0.06916022689263503
002840.SZ,20251203,9.81,9.83,9.66,9.66,9.82,-0.16,-1.6293,128365.79,124749.453,-0.2599999999999998,-1.5399999999999991,-1.42,9.815999999999999,10.003,10.674999999999999,9.832017590956347,10.069412103907727,10.395113799168026,0.16999999999999993,0.34714285714285725,0.0,0.16000000000000014,0.04612675917638639,0.1122790938018893,0.4108223322302074,29.119352794818997,10.216666666666667,10.731153846153846,10.1544478170362,10.505310582007777,-0.350862764971577,-0.22118093755580442,-0.22745159624846706,-0.24682233744621984,0.19497487137796554
002840.SZ,20251204,9.61,9.61,9.35,9.41,9.66,-0.25,-2.588,153807.6,145055.344,-0.4399999999999995,-1.4299999999999997,-1.9000000000000004,9.728,9.86,10.579999999999998,9.691345060637566,9.949518994106322,10.3012934373425,0.3100000000000005,0.3435714285714286,0.0,0.25,0.04283199066378736,0.12211630138746864,0.35074752655571917,25.966919772941786,10.053333333333333,10.670769230769233,10.039917383646015,10.424176464822015,-0.3842590811759994,-0.265309411104904,-0.2588130932339735,-0.25089197588405177,0.19819774411858498
002840.SZ,20251205,9.38,9.54,9.29,9.52,9.41,0.11,1.169,103258.53,97198.184,-0.370000000000001,-0.9299999999999997,-1.7800000000000011,9.654,9.767,10.491,9.634230040425045,9.871424631541535,10.226884538547976,0.25,0.3064285714285715,0.10999999999999943,0.0,0.04762970561637393,0.11339370843122087,0.42003834494277786,29.579366390962058,9.913333333333332,10.622692307692308,9.959930093854322,10.357200430390755,-0.3972703365364332,-0.29987314432245543,-0.28650454189446545,-0.22153158928393546,-0.3286513150195439
002840.SZ,20251208,9.49,9.55,9.44,9.54,9.52,0.02,0.2101,92028.57,87530.628,-0.3200000000000003,-0.3200000000000003,-1.8100000000000005,9.59,9.735,10.4005,9.602820026950031,9.811165607624892,10.16146696344817,0.11000000000000121,0.26785714285714296,0.019999999999999574,0.0,0.04565615521520434,0.1052941578289908,0.43360577791367033,30.24581684824804,9.805,10.575,9.89532546403058,10.296667065176624,-0.40134160114604356,-0.32654924641736865,-0.3094719537447811,-0.18373929480252493,-0.10875576090420803
002840.SZ,20251209,9.53,9.62,9.5,9.57,9.54,0.03,0.3145,88366.48,84445.469,-0.25,-0.3100000000000005,-1.83,9.54,9.703999999999999,10.309,9.591880017966687,9.767317315329457,10.105136776453106,0.11999999999999922,0.23357142857142868,0.030000000000001137,0.0,0.04453785841411839,0.09777314655549145,0.4555224004051132,31.296144963370427,9.731666666666667,10.525769230769232,9.84527539264126,10.242839875163542,-0.3975644825222808,-0.34683021501942135,-0.32709045950028104,-0.14094804604399958,-0.039792968640064826
002840.SZ,20251210,9.52,9.64,9.46,9.47,9.57,-0.1,-1.0449,101131.98,96352.127,-0.1899999999999995,-0.4499999999999993,-1.67,9.501999999999999,9.659,10.2255,9.551253345311126,9.713259621633192,10.044647559648048,0.17999999999999972,0.21714285714285722,0.0,0.09999999999999964,0.041356582813109936,0.09793220751581345,0.42229807600764996,29.691249895593515,9.699166666666665,10.465000000000002,9.787540716850298,10.18559247700328,-0.39805176015298116,-0.36213553618098554,-0.3412827196308211,-0.11353808104432017,0.14446088607354282
002840.SZ,20251211,9.48,9.49,9.32,9.36,9.47,-0.11,-1.1616,104878.3,98488.928,-0.05000000000000071,-0.4900000000000002,-1.870000000000001,9.492,9.610000000000001,10.132,9.487502230207419,9.649030599518065,9.979443030157759,0.16999999999999993,0.19785714285714281,0.0,0.11000000000000121,0.03840254118360208,0.09879419269325543,0.3887125359973085,27.990856705139,9.655833333333332,10.398846153846154,9.721765221950252,10.12443747870674,-0.4026722567564889,-0.37469767311430524,-0.35356062705595465,-0.09822325940106846,0.037043870791415405
002840.SZ,20251212,9.35,9.42,9.32,9.35,9.36,-0.01,-0.1068,67882.89,63662.712,-0.16999999999999993,-0.5400000000000009,-1.9700000000000006,9.458,9.556,10.0335,9.441668153471612,9.59466139960569,9.91949607490464,0.09999999999999964,0.14999999999999997,0.0,0.009999999999999787,0.035659502527630504,0.09245175035802289,0.38570932826623333,27.834793372490584,9.608333333333333,10.32346153846154,9.664570572419443,10.067071739543278,-0.40250116712383566,-0.38479016209114963,-0.36334873506953086,-0.0783048641086096,-0.3527460876082088
002840.SZ,20251215,9.4,9.56,9.35,9.52,9.35,0.17,1.8182,91832.05,87153.95,-0.019999999999999574,-0.33999999999999986,-2.33,9.453999999999999,9.521999999999998,9.916999999999998,9.467778768981075,9.581086599677382,9.881448829675627,0.21000000000000085,0.155,0.16999999999999993,0.0,0.04525525234708546,0.0858480539038784,0.5271552503421507,34.51877274586487,9.580833333333333,10.254999999999999,9.642328945893375,10.026547906984517,-0.3842189610911415,-0.3909713790529757,-0.367522780273853,-0.03339236163457704,0.35280112558554894
002840.SZ,20251216,9.49,9.61,9.46,9.58,9.52,0.06,0.6303,110122.33,105212.477,0.009999999999999787,-0.2400000000000002,-1.7899999999999991,9.456,9.498,9.827500000000002,9.505185845987384,9.580889036099675,9.852739417325566,0.14999999999999858,0.1557142857142857,0.0600000000000005,0.0,0.046308448608007965,0.07971605005360137,0.5809175012669342,36.745592404498765,9.554999999999998,10.186923076923078,9.632739877294394,9.993470284244923,-0.3607304069505286,-0.39206778371730366,-0.3661643056091881,0.010867797317319017,0.19917098659999422
002840.SZ,20251217,9.87,9.88,9.64,9.72,9.58,0.14,1.4614,180062.57,175327.508,0.25,0.0600000000000005,-1.4799999999999986,9.506,9.504,9.7535,9.57679056399159,9.606181938627007,9.840097568056464,0.3000000000000007,0.17000000000000007,0.14000000000000057,0.0,0.053000702278864574,0.07402204647834412,0.7160123882061333,41.72536242320667,9.543333333333331,10.122307692307693,9.646164511556796,9.973213226152707,-0.3270487145959109,-0.385711076319516,-0.35834118740653265,0.0625849456212435,0.6351140590650416
002840.SZ,20251218,9.62,9.69,9.59,9.65,9.72,-0.07,-0.7202,96912.47,93380.196,0.2900000000000009,0.2400000000000002,-1.1899999999999995,9.563999999999998,9.528,9.694,9.601193709327728,9.614148858876641,9.821993037765372,0.13000000000000078,0.17000000000000007,0.0,0.07000000000000028,0.04921493783037424,0.07373475744417671,0.6674591405231652,40.02851550016092,9.529166666666667,10.065,9.646754586701904,9.94927150569695,-0.30251691899504607,-0.37518291881491744,-0.34717633372423534,0.08931882945837855,-0.46178447858430544
002840.SZ,20251219,9.62,9.71,9.57,9.69,9.65,0.04,0.4145,117009.87,112939.792,0.33999999999999986,0.16999999999999993,-0.7599999999999998,9.632,9.545,9.656000000000002,9.630795806218485,9.627939975444523,9.809422272263909,0.14000000000000057,0.17357142857142868,0.03999999999999915,0.0,0.04855672798534745,0.06846798905530695,0.7091887560203409,41.4927112948958,9.531666666666666,10.005769230769232,9.653407727209304,9.930066208978658,-0.2766584817693545,-0.36132923888417423,-0.3330727633332592,0.11282856312780942,0.20737682157930754
002840.SZ,20251222,9.7,9.75,9.65,9.68,9.69,-0.01,-0.1032,88137.75,85370.869,0.16000000000000014,0.14000000000000057,-0.17999999999999972,9.664,9.559000000000001,9.647,9.647197204145657,9.637405434454609,9.797096341572107,0.09999999999999964,0.17428571428571438,0.0,0.009999999999999787,0.04508839027210835,0.06429170412278501,0.7013096150943213,41.22175110703999,9.554166666666667,9.942692307692308,9.65749884610018,9.911542786091351,-0.2540439399911705,-0.34538251193627306,-0.3172669986648414,0.1264461173473419,-0.24674944088050005
002840.SZ,20251223,9.67,9.67,9.47,9.49,9.68,-0.19,-1.9628,96372.07,91931.987,-0.08999999999999986,-0.08000000000000007,-0.39000000000000057,9.646,9.551,9.627500000000001,9.594798136097104,9.610604446371951,9.767849070946193,0.20999999999999908,0.17714285714285719,0.0,0.1899999999999995,0.04186779096695775,0.07327086811401462,0.5714111494053615,36.362930835866194,9.551666666666666,9.851923076923075,9.631729792854,9.880317394529028,-0.24858760167502858,-0.32877538321650057,-0.30353111926687887,0.10988703518370058,0.09342557530683512
002840.SZ,20251224,9.49,9.49,9.42,9.48,9.49,-0.01,-0.1054,76859.67,72669.997,-0.2400000000000002,0.009999999999999787,-0.4399999999999995,9.597999999999999,9.552,9.6055,9.556532090731404,9.586858183395233,9.740434873713221,0.07000000000000028,0.16,0.0,0.009999999999999787,0.038877234469317914,0.06875152039158498,0.5654745414775786,36.121605717321565,9.546666666666667,9.779230769230768,9.608386747799537,9.850664254193545,-0.24227750639400725,-0.31095374428733596,-0.29128039669230454,0.0980057805965946,-0.20246944991427504
002840.SZ,20251225,9.47,9.48,9.38,9.47,9.48,-0.01,-0.1055,83816.21,79102.955,-0.17999999999999972,0.11000000000000121,-0.379999999999999,9.562000000000001,9.563,9.586500000000001,9.527688060487604,9.565611240959736,9.714679171454819,0.09999999999999964,0.14928571428571427,0.0,0.009999999999999787,0.03610028915008092,0.06455498322075746,0.5592176986032115,35.86527391936183,9.538333333333334,9.712692307692306,9.5870964789073,9.82246690203106,-0.23537042312375966,-0.2923836616206608,-0.2800984019785956,0.08945595770967185,0.09050962617976382
002840.SZ,20251226,9.49,9.49,9.4,9.43,9.47,-0.04,-0.4224,84780.4,80073.763,-0.2599999999999998,0.08000000000000007,-0.46000000000000085,9.510000000000002,9.571000000000002,9.563500000000001,9.495125373658404,9.54095465169433,9.687566869411501,0.08999999999999986,0.14785714285714274,0.0,0.040000000000000924,0.03352169706793228,0.06280105584784627,0.5337760108547902,34.80143170040265,9.534999999999998,9.65846153846154,9.562927789844638,9.79339527965839,-0.23046748981375131,-0.27530016481206193,-0.27017221954562676,0.07940945946375089,0.011503622032062625
002840.SZ,20251229,9.45,9.8,9.39,9.64,9.43,0.21,2.2269,200925.77,192054.353,-0.03999999999999915,0.120000000000001,-0.21999999999999886,9.501999999999999,9.583,9.5525,9.54341691577227,9.558962896840814,9.683036691372312,0.41000000000000014,0.16857142857142854,0.21000000000000085,0.0,0.04612729013450861,0.05831526614442868,0.7909985357910523,44.165225151436665,9.558333333333334,9.627307692307692,9.574785052945463,9.78203266635036,-0.20724761340489728,-0.25824652108476953,-0.25758729831748084,0.10067936982516712,1.3699554378134569
002840.SZ,20251230,9.71,9.84,9.53,9.72,9.64,0.08,0.8299,210415.84,203859.007,0.23000000000000043,0.14000000000000057,-0.09999999999999964,9.548,9.596999999999998,9.547500000000001,9.60227794384818,9.588242370142483,9.68655700647971,0.3100000000000005,0.17785714285714288,0.08000000000000007,0.0,0.04854676941061514,0.0541498899912552,0.8965257255084927,47.27200445794733,9.589166666666667,9.621923076923077,9.597125814030777,9.777437654028112,-0.18031183999733535,-0.24194242390715004,-0.24213220665345175,0.1236407333122328,0.04723172144618387
002840.SZ,20251231,9.62,9.67,9.59,9.62,9.72,-0.1,-1.0288,113251.26,109020.508,0.1399999999999988,-0.10000000000000142,-0.040000000000000924,9.575999999999999,9.587,9.5455,9.608185295898785,9.594016484662031,9.680218243957832,0.13000000000000078,0.17500000000000007,0.0,0.10000000000000142,0.045079143024142634,0.057424897849022785,0.7850104173047259,43.977917982688936,9.5975,9.611923076923077,9.600644919564504,9.765775605581586,-0.1651306860170827,-0.22667728690959857,-0.22673190252617795,0.1232024330181905,-0.46177407556389294
002840.SZ,20260105,9.6,9.66,9.53,9.65,9.62,0.03,0.3119,107937.39,103545.471,0.17999999999999972,0.0,0.2400000000000002,9.611999999999998,9.587,9.557500000000001,9.62212353059919,9.60419530563257,9.677340315961848,0.13000000000000078,0.1771428571428573,0.030000000000001137,0.0,0.0440020613795611,0.053323119431235445,0.8251966848320902,45.21138415874367,9.603333333333333,9.601538461538462,9.608238008862273,9.757199634797766,-0.14896162593549356,-0.2124887473725029,-0.2111778472080411,0.12443244254509506,-0.046921067368257054
002840.SZ,20260106,9.65,9.69,9.61,9.69,9.65,0.04,0.4145,116268.01,112310.133,0.2599999999999998,0.0,0.16999999999999993,9.663999999999998,9.587,9.565999999999999,9.644749020399459,9.619796159153921,9.678546000155958,0.08000000000000007,0.16785714285714295,0.03999999999999915,0.0,0.04371619985244953,0.0495143251861472,0.8829000433329175,46.89043618959708,9.600833333333334,9.595384615384615,9.620816776729615,9.752221884072005,-0.13140510734239008,-0.1988622104115273,-0.1952232992349109,0.12763638378504166,0.07718011339722032
002840.SZ,20260107,9.69,9.7,9.62,9.64,9.69,-0.05,-0.516,113231.04,109215.527,0.0,-0.03999999999999915,0.10000000000000142,9.664,9.583,9.571000000000002,9.64316601359964,9.623469584762299,9.674874952522059,0.08000000000000007,0.16285714285714306,0.0,0.049999999999998934,0.04059361414870314,0.049549016244279466,0.819261757863654,45.032648783081505,9.6,9.585769230769232,9.623768041848137,9.743909151918523,-0.12014111007038508,-0.18459037801101136,-0.18020686140200576,0.12013150266324135,-0.026120426418238356
002840.SZ,20260108,9.63,9.68,9.58,9.66,9.64,0.02,0.2075,117365.99,113118.75,-0.0600000000000005,0.16999999999999993,0.08999999999999986,9.652000000000001,9.6,9.575500000000002,9.648777342399761,9.630111478441881,9.6734582903771,0.09999999999999964,0.14857142857142872,0.019999999999999574,0.0,0.03912264170951003,0.046009800798259504,0.8503110430982346,45.95503260221805,9.5975,9.578076923076923,9.629342189256116,9.737693659183817,-0.10835146992770106,-0.1697097072925329,-0.16583578310714484,0.11496862635888755,0.036517813490011326
002840.SZ,20260109,9.64,9.7,9.64,9.7,9.66,0.04,0.4141,121088.42,117119.227,0.08000000000000007,0.21999999999999886,0.22999999999999865,9.668000000000001,9.621999999999998,9.587,9.66585156159984,9.642818482361537,9.675986072245948,0.05999999999999872,0.14357142857142854,0.03999999999999915,0.0,0.03918531015883068,0.04272338645552668,0.9171864266804085,47.840231597534775,9.599166666666667,9.573461538461538,9.640212621678252,9.734901536281312,-0.09468891460305962,-0.15407842856801068,-0.1516064094063278,0.11383498960653637,0.031716428242968796
002840.SZ,20260112,9.69,9.81,9.68,9.8,9.7,0.1,1.0309,166005.9,162240.511,0.15000000000000036,0.33000000000000007,0.4400000000000013,9.697999999999999,9.655,9.608999999999998,9.710567707733228,9.671396940113985,9.68779692250824,0.13000000000000078,0.14285714285714285,0.10000000000000142,0.0,0.04352921657605716,0.039671715994417635,1.097235536324729,52.318183500150106,9.625,9.578846153846154,9.664795295266213,9.739723644704918,-0.07492834943870541,-0.13679630185967223,-0.13627079741280335,0.12268489594819587,0.3709477751877512
002840.SZ,20260113,9.82,9.83,9.68,9.71,9.8,-0.09,-0.9184,138250.59,134864.37,0.02000000000000135,0.28000000000000114,0.3600000000000012,9.702,9.682999999999998,9.627,9.710378471822153,9.678415678275078,9.689911501316978,0.15000000000000036,0.1464285714285715,0.0,0.08999999999999986,0.04041998682062451,0.043266593423387796,0.934207748345065,48.299245473728774,9.644166666666665,9.590384615384616,9.671749865225259,9.737521893245294,-0.06577202802003512,-0.12107679237246532,-0.12217104353424971,0.11279803102842917,-0.16719472018765597
002840.SZ,20260114,9.69,9.78,9.56,9.66,9.71,-0.05,-0.5149,163768.65,158591.241,0.019999999999999574,0.019999999999999574,0.14000000000000057,9.706,9.684999999999999,9.634,9.693585647881436,9.675067373134155,9.687062786905837,0.21999999999999886,0.1471428571428572,0.0,0.05000000000000071,0.03753284490486562,0.04374755103600301,0.8579416222402287,46.17699565854811,9.659999999999998,9.595769230769232,9.66994219365214,9.73177953078268,-0.06183733713053918,-0.10791295872059908,-0.1101043022535076,0.09653393024593684,0.18457830812873927
002840.SZ,20260115,9.64,9.66,9.53,9.55,9.66,-0.11,-1.1387,107243.17,102785.979,-0.10999999999999943,-0.16999999999999993,-0.02999999999999936,9.684000000000001,9.668,9.632500000000002,9.645723765254292,9.652327850746127,9.674009188152901,0.13000000000000078,0.1514285714285715,0.0,0.10999999999999943,0.03485192741166094,0.048479868819145615,0.7188948373948003,41.82308433041635,9.669999999999998,9.596153846153847,9.651489548474888,9.718314380354332,-0.06682483187944399,-0.09699008603863923,-0.10144840817869488,0.06924715259850178,-0.34515446027063174
002840.SZ,20260116,9.55,9.58,9.45,9.46,9.55,-0.09,-0.9424,113052.91,107331.065,-0.23999999999999844,-0.15999999999999837,-0.2599999999999998,9.636,9.652000000000001,9.6195,9.583815843502862,9.617359150610467,9.653627360709768,0.13000000000000078,0.15357142857142872,0.0,0.08999999999999986,0.03236250402511373,0.05144559247492092,0.6290627139903199,38.61500902254754,9.655,9.591923076923077,9.622029617940289,9.699179981809568,-0.0771503638692792,-0.08901105692017097,-0.09658879931681176,0.03887687089506511,0.054173519861451365
002840.SZ,20260119,9.43,9.57,9.42,9.56,9.46,0.1,1.0571,80449.43,76619.657,-0.2400000000000002,-0.08999999999999986,-0.08999999999999986,9.588000000000001,9.643,9.615,9.575877229001907,9.606930214135836,9.6447104692136,0.15000000000000036,0.15785714285714306,0.09999999999999964,0.0,0.037193753737605584,0.047770907298140854,0.7785858766608162,43.775557136581035,9.641666666666666,9.595384615384615,9.612486599795629,9.688870353527378,-0.07638375373174888,-0.08289757318565528,-0.0925477901997992,0.03232807293610063,-0.2883913381796188
002840.SZ,20260120,9.56,9.73,9.54,9.65,9.56,0.09,0.9414,132810.73,127971.287,-0.0600000000000005,-0.03999999999999915,-0.03999999999999915,9.576,9.639000000000001,9.613000000000001,9.600584819334607,9.614761084292956,9.6452142340504,0.19000000000000128,0.1421428571428574,0.08999999999999986,0.0,0.040965628470633744,0.04435869963398793,0.9235083266337593,48.01166253592192,9.644166666666669,9.606538461538461,9.618257892134762,9.685991068080906,-0.06773317594614348,-0.07707446939407288,-0.08758486734906806,0.039703382805849174,0.6508598009954828
002840.SZ,20260121,9.63,9.64,9.51,9.58,9.65,-0.07,-0.7254,117298.17,111994.738,-0.08000000000000007,-0.0600000000000005,-0.09999999999999964,9.559999999999999,9.633000000000001,9.608000000000002,9.593723212889739,9.608440887148781,9.639003354617028,0.14000000000000057,0.13000000000000028,0.0,0.07000000000000028,0.03803951215130276,0.0461902210887031,0.8235403783465807,45.16162011686802,9.638333333333334,9.615384615384615,9.612372062575568,9.678139877852692,-0.06576781527712328,-0.07234295221067535,-0.08322145693467911,0.03490728331511167,-0.1168020083919425
002840.SZ,20260122,9.58,9.61,9.54,9.6,9.58,0.02,0.2088,94469.4,90510.818,0.049999999999998934,-0.0600000000000005,0.10999999999999943,9.57,9.626999999999999,9.6135,9.595815475259826,9.606906180394457,9.635288749415407,0.07000000000000028,0.12571428571428594,0.019999999999999574,0.0,0.03675097556906681,0.04289091958236716,0.856847461581949,46.14528006796822,9.630833333333333,9.618461538461538,9.610468668333173,9.672351738752491,-0.06188307041931829,-0.06869785841248187,-0.07895377963160695,0.034141418424577324,-0.1946217063744473
002840.SZ,20260123,9.6,9.66,9.57,9.66,9.6,0.06,0.625,99518.67,95844.552,0.1999999999999993,-0.03999999999999915,0.17999999999999972,9.61,9.623,9.622500000000002,9.617210316839884,9.616559602140919,9.637642201852035,0.08999999999999986,0.12285714285714303,0.0600000000000005,0.0,0.03841162017127636,0.03982728246934093,0.9644549612654504,49.09529514711672,9.6325,9.621538461538462,9.618088873204991,9.671436795141195,-0.0533479219362043,-0.06630003313442619,-0.07383260809252642,0.04096937231264425,0.05344873578111012
002840.SZ,20260126,9.68,9.76,9.58,9.76,9.66,0.1,1.0352,178140.11,172623.959,0.1999999999999993,-0.040000000000000924,0.28999999999999915,9.649999999999999,9.619000000000002,9.637,9.664806877893255,9.642639674478934,9.649295325485175,0.17999999999999972,0.13000000000000014,0.09999999999999964,0.0,0.04281079015904231,0.03698247657867372,1.1575966273640403,53.652133706673844,9.640833333333333,9.623076923076923,9.639921354250376,9.677997032538144,-0.038075678287768255,-0.0632226609419521,-0.06668122213157479,0.05721108768761307,0.7900169887720564
002840.SZ,20260127,9.76,9.77,9.5,9.56,9.76,-0.2,-2.0492,179631.25,172125.378,-0.08999999999999986,-0.15000000000000036,0.13000000000000078,9.632000000000001,9.604000000000001,9.6435,9.629871251928837,9.627614279119127,9.640791008772302,0.2699999999999996,0.14357142857142868,0.0,0.1999999999999993,0.03975287657625357,0.04862658539448269,0.8175132235537157,44.97976757248911,9.629166666666666,9.619615384615384,9.62762576128878,9.669256511609392,-0.041630750320612364,-0.060977484629738,-0.061671127769382314,0.0400807548975399,0.008370602218669417
002840.SZ,20260128,9.55,9.78,9.5,9.71,9.56,0.15,1.569,168672.18,162507.967,0.13000000000000078,0.05000000000000071,0.07000000000000028,9.658,9.609,9.647,9.656580834619225,9.642593501097467,9.647382341270179,0.27999999999999936,0.15642857142857153,0.15000000000000036,0.0,0.047627671106521205,0.045153257866305356,1.0548003257603773,51.33347082617623,9.621666666666668,9.620384615384616,9.640298721090506,9.672274547786474,-0.03197582669596777,-0.05710537294268509,-0.05573206755469941,0.04751248171746328,-0.06100870533384368
