ts_code,trade_date,open,high,low,close,pre_close,change,pct_chg,vol,amount,mtm_5,mtm_10,mtm_20,ma_5,ma_10,ma_20,ema_5,ema_10,ema_20,tr,atr,u,d,au,ad,rs,rsi,ma_12,ma_26,ema_12,ema_26,dif,dif_ma_9,dea,macd,volume_change_rate
300623.SZ,20250205,33.78,34.24,33.09,33.21,33.19,0.02,0.0603,200311.66,673798.822,,,,,,,,,,,,,,,,,,,,,,,,,,
300623.SZ,20250206,32.56,34.68,32.46,34.61,33.21,1.4,4.2156,303272.16,1034879.755,,,,,,,,,,2.219999999999999,,1.3999999999999986,0.0,,,,,,,,,,,,,0.5140015314135981
300623.SZ,20250207,34.57,35.58,34.02,34.7,34.61,0.09,0.26,346233.72,1206124.844,,,,,,,,,,1.5599999999999952,,0.09000000000000341,0.0,,,,,,,,,,,,,0.14166008511958367
300623.SZ,20250210,34.56,34.92,34.25,34.85,34.7,0.15,0.4323,237650.58,823446.695,,,,,,,,,,0.6700000000000017,,0.14999999999999858,0.0,,,,,,,,,,,,,-0.3136122616826576
300623.SZ,20250211,34.88,34.88,33.88,34.06,34.85,-0.79,-2.2669,204138.7,696655.322,,,,34.286,,,34.286,,,1.0,,0.0,0.7899999999999991,,,,,,,,,,,,,-0.14101324726411346
300623.SZ,20250212,34.06,37.82,33.99,37.4,34.06,3.34,9.8062,719628.53,2610701.264,4.189999999999998,,,35.124,,,35.324,,,3.8299999999999983,,3.3399999999999963,0.0,,,,,,,,,,,,,2.5251940469886405
300623.SZ,20250213,37.04,37.13,36.19,36.29,37.4,-1.11,-2.9679,386175.24,1411089.699,1.6799999999999997,,,35.46,,,35.646,,,1.2100000000000009,,0.0,1.1099999999999994,,,,,,,,,,,,,-0.4633686354819757
300623.SZ,20250214,36.1,36.35,35.21,36.18,36.29,-0.11,-0.3031,292312.36,1045168.884,1.4799999999999969,,,35.756,,,35.824,,,1.1400000000000006,,0.0,0.10999999999999943,,,,,,,,,,,,,-0.24305773720759521
300623.SZ,20250217,36.08,36.79,35.65,36.52,36.18,0.34,0.9397,364023.18,1319451.728,1.6700000000000017,,,36.09,,,36.056000000000004,,,1.1400000000000006,,0.3400000000000034,0.0,,,,,,,,,,,,,0.24532257205955987
300623.SZ,20250218,36.23,36.68,34.56,34.71,36.52,-1.81,-4.9562,284977.12,1015890.638,0.6499999999999986,,,36.220000000000006,35.253,,35.607333333333344,35.253,,2.1199999999999974,,0.0,1.8100000000000023,,,,,,,,,,,,,-0.21714567737142454
300623.SZ,20250219,34.7,36.06,34.7,35.92,34.71,1.21,3.486,280009.66,998923.489,-1.4799999999999969,2.710000000000001,,35.924,35.524,,35.71155555555556,35.374272727272725,,1.3599999999999994,,1.2100000000000009,0.0,,,,,,,,,,,,,-0.017431083590149346
300623.SZ,20250220,35.73,36.04,35.19,35.43,35.92,-0.49,-1.3641,213728.06,759782.18,-0.8599999999999994,0.8200000000000003,,35.751999999999995,35.60600000000001,,35.61770370370371,35.384404958677685,,0.8500000000000014,,0.0,0.490000000000002,,,,,35.32333333333333,,35.32333333333333,,,,,,-0.2367118334417462
300623.SZ,20250221,35.7,38.41,35.05,37.44,35.43,2.01,5.6732,659269.65,2443183.447,1.259999999999998,2.739999999999995,,36.004000000000005,35.879999999999995,,36.22513580246914,35.75814951164538,,3.3599999999999994,,2.009999999999998,0.0,,,,,35.67583333333334,,35.64897435897436,,,,,,2.0846190715435307
300623.SZ,20250224,37.01,37.48,36.26,36.74,37.44,-0.7,-1.8697,366185.65,1349270.286,0.21999999999999886,1.8900000000000006,,36.048,36.069,,36.396757201646096,35.936667782255306,,1.2199999999999989,,0.0,0.6999999999999957,,,,,35.85333333333334,,35.81682445759369,,,,,,-0.44455861118436135
300623.SZ,20250225,36.07,36.86,35.75,35.91,36.74,-0.83,-2.2591,316450.07,1146298.184,1.1999999999999957,1.8499999999999943,,36.288,36.254,,36.2345048010974,35.93181909457252,,1.1099999999999994,1.6278571428571422,0.0,0.8300000000000054,0.61,0.41714285714285737,1.4623287671232867,59.38803894297634,35.95416666666666,,35.83115915642543,,,,,,-0.13582066910595764
300623.SZ,20250226,36.05,36.65,35.56,36.44,35.91,0.53,1.4759,281088.87,1018671.414,0.519999999999996,-0.9600000000000009,,36.392,36.158,,36.3030032007316,36.02421562283206,,1.0899999999999963,1.5471428571428565,0.5300000000000011,0.0,0.6042857142857143,0.38734693877551046,1.5600632244467851,60.93846470467172,36.086666666666666,,35.92482697851383,,,,,,-0.11174337866318061
300623.SZ,20250227,36.45,36.61,35.0,35.68,36.44,-0.76,-2.0856,288982.8,1031419.031,0.25,-0.6099999999999994,,36.442,36.097,,36.095335467154406,35.96163096413532,,1.6099999999999994,1.5507142857142853,0.0,0.759999999999998,0.5611224489795918,0.4139650145772596,1.355482780477498,57.54585818720006,36.221666666666664,,35.8871612895117,,,,,,0.028083395831361067
300623.SZ,20250228,35.5,35.7,33.1,33.28,35.68,-2.4,-6.7265,296505.47,1016406.991,-4.159999999999997,-2.8999999999999986,,35.61,35.807,,35.15689031143627,35.474061697928896,,2.6000000000000014,1.6885714285714282,0.0,2.3999999999999986,0.5210422740524782,0.5558246563931696,0.9374220234014095,48.38501947839102,35.87833333333333,,35.48605955266375,,,,,,0.0260315492825178
300623.SZ,20250303,33.31,33.79,32.61,32.96,33.28,-0.32,-0.9615,183560.24,610754.47,-3.780000000000001,-3.5600000000000023,,34.854,35.45099999999999,,34.42459354095752,35.01695957103273,,1.1799999999999997,1.7014285714285708,0.0,0.3200000000000003,0.48382496876301545,0.5389800380793718,0.8976676956109568,47.30373487872182,35.600833333333334,,35.09743500610009,,,,,,-0.3809212356183513
300623.SZ,20250304,32.54,34.5,32.52,34.02,32.96,1.06,3.216,229154.82,774236.872,-1.8899999999999935,-0.6899999999999977,,34.476000000000006,35.382,35.3175,34.289729027305015,34.83569419448132,35.3175,1.9799999999999969,1.5692857142857137,1.0600000000000023,0.0,0.524980328137086,0.5004814639308452,1.0489505925230946,51.1945283771537,35.420833333333334,,34.93167577439238,,,,,,0.24839028321165857
300623.SZ,20250305,33.9,34.45,33.24,33.91,34.02,-0.11,-0.3233,168999.12,570294.208,-2.530000000000001,-2.010000000000005,0.6999999999999957,33.970000000000006,35.181,35.3525,34.16315268487001,34.66738615912108,35.18345238095238,1.2100000000000009,1.5692857142857137,0.0,0.11000000000000654,0.4874817332701512,0.4725899307929282,1.0315110447914897,50.77555681698801,35.203333333333326,,34.77449488602432,,,,,,-0.2625111703956304
300623.SZ,20250306,34.22,34.6,34.1,34.31,33.91,0.4,1.1796,205153.36,704934.312,-1.3699999999999974,-1.1199999999999974,-0.29999999999999716,33.696000000000005,35.069,35.3375,34.21210178991335,34.602406857462704,35.1002664399093,0.6900000000000048,1.537142857142857,0.4000000000000057,0.0,0.4812330380365694,0.4388335071648619,1.0966187179863154,52.304155666393946,35.17,,34.70303413432827,,,,,,0.21393152816417027
300623.SZ,20250307,34.18,34.43,33.55,33.82,34.31,-0.49,-1.4282,167763.24,569855.908,0.5399999999999991,-3.6199999999999974,-0.8800000000000026,33.803999999999995,34.70700000000001,35.2935,34.08140119327557,34.460151065196754,34.97833630277508,0.8800000000000026,1.5185714285714285,0.0,0.490000000000002,0.4468592496053859,0.4424882566530862,1.0098782123289807,50.24574156454818,34.995,,34.567182729047,,,,,,-0.18225448513248818
300623.SZ,20250310,33.79,34.0,33.33,33.7,33.82,-0.12,-0.3548,121934.94,409825.369,0.740000000000002,-3.039999999999999,-1.1499999999999986,33.952,34.403,35.236000000000004,33.954267462183715,34.321941780615525,34.85658998822507,0.6700000000000017,1.4150000000000003,0.0,0.11999999999999744,0.41494073177642976,0.41945338117786557,0.9892415948853152,49.72958525645285,34.850833333333334,,34.43377000150131,,,,,,-0.27317247807088124
300623.SZ,20250311,33.21,33.89,33.17,33.49,33.7,-0.21,-0.6231,117776.28,394098.606,-0.5300000000000011,-2.4199999999999946,-0.5700000000000003,33.846000000000004,34.161,35.207499999999996,33.79951164145581,34.17067963868543,34.726438560775065,0.7199999999999989,1.3692857142857144,0.0,0.21000000000000085,0.3853021080781133,0.40449242537944663,0.9525570416223957,48.785106981095325,34.52166666666667,,34.288574616654955,,,,,,-0.034105564820058984
300623.SZ,20250312,33.67,34.14,33.4,33.41,33.49,-0.08,-0.2389,167676.25,565031.811,-0.5,-3.030000000000001,-3.990000000000002,33.745999999999995,33.858000000000004,35.008,33.669674427637204,34.03237424983353,34.60106345974887,0.740000000000002,1.3614285714285717,0.0,0.0800000000000054,0.35778052892967666,0.3813143949952008,0.9382822511439141,48.40792668818842,34.244166666666665,34.96115384615384,34.15340929101573,34.96115384615384,-0.8077445551381146,,,,0.42368437855228575
300623.SZ,20250313,33.46,33.55,32.3,32.54,33.41,-0.87,-2.604,170672.55,559214.637,-1.7700000000000031,-3.1400000000000006,-3.75,33.392,33.544,34.820499999999996,33.29311628509147,33.76103347713652,34.404771701677554,1.25,1.2107142857142859,0.0,0.8699999999999974,0.3322247768632712,0.41622050963840057,0.7981941523061844,44.38865243124611,33.96333333333333,34.935384615384606,33.90519247701331,34.781809116809114,-0.876616639795806,,,,0.01786955516956032
300623.SZ,20250314,32.58,33.45,32.41,33.37,32.54,0.83,2.5507,173402.32,574343.135,-0.45000000000000284,0.0899999999999963,-2.8100000000000023,33.302,33.553000000000004,34.67999999999999,33.31874419006098,33.689936481293515,34.3062220158035,1.0400000000000063,1.1978571428571436,0.8299999999999983,0.0,0.36778014994446595,0.38649047323565766,0.9515891733771576,48.759707542877244,33.7075,34.887692307692305,33.822855172857416,34.677230663712145,-0.8543754908547285,,,,0.01599419473137314
300623.SZ,20250317,33.37,33.8,33.11,33.47,33.37,0.1,0.2997,122132.99,409882.456,-0.23000000000000398,0.509999999999998,-3.0500000000000043,33.256,33.604,34.527499999999996,33.36916279337399,33.64994803014923,34.226581823822215,0.6899999999999977,1.1678571428571434,0.10000000000000142,0.0,0.34865299637700414,0.3588840108616821,0.9714921418201016,49.276997925196405,33.52333333333333,34.840384615384615,33.76856976164858,34.58780617010384,-0.8192364084552608,,,,-0.2956669207193998
300623.SZ,20250318,33.69,34.13,33.41,33.57,33.47,0.1,0.2988,114065.88,384338.469,0.0799999999999983,-0.45000000000000284,-1.1400000000000006,33.272,33.559,34.4705,33.436108528915994,33.63541202466755,34.16405022155343,0.720000000000006,1.1414285714285728,0.10000000000000142,0.0,0.3308920680643611,0.33324943865727624,0.9929261078355798,49.822524976299725,33.5475,34.79115384615385,33.7380205675488,34.51241312046652,-0.7743925529177176,,,,-0.06605185052785492
300623.SZ,20250319,33.5,33.73,33.04,33.18,33.57,-0.39,-1.1618,98820.28,328921.703,-0.22999999999999687,-0.7299999999999969,-2.740000000000002,33.226,33.486000000000004,34.3335,33.35073901927733,33.55260983836436,34.07033115283406,0.6899999999999977,1.075714285714287,0.0,0.39000000000000057,0.3072569203454782,0.33730305018175655,0.9109224484626275,47.66925257461293,33.56583333333333,34.75730769230769,33.65217124946437,34.413715852283815,-0.7615446028194484,,,,-0.1336560941799599
300623.SZ,20250320,33.17,33.42,32.8,32.85,33.18,-0.33,-0.9946,92170.41,305106.232,0.3100000000000023,-1.4600000000000009,-2.5799999999999983,33.288,33.34,34.2045,33.183826012851554,33.42486259502539,33.95410913827843,0.6200000000000045,0.9342857142857157,0.0,0.3299999999999983,0.2853099974636583,0.3367814037402024,0.8471667208910092,45.86303506390399,33.468333333333334,34.58230769230769,33.52876028800831,34.29788504841094,-0.769124760402633,,,,-0.06729256383406317
300623.SZ,20250321,32.69,32.85,31.88,31.91,32.85,-0.94,-2.8615,135079.83,435817.209,-1.4599999999999973,-1.9100000000000001,-5.529999999999998,32.995999999999995,33.14900000000001,33.928,32.759217341901035,33.1494330322935,33.75943207749001,0.9700000000000024,0.9192857142857159,0.0,0.9400000000000013,0.26493071193053985,0.379868446330188,0.6974275291616552,41.08732285649383,33.30166666666667,34.41384615384615,33.27972024369934,34.121004674454575,-0.8412844307552376,,,,0.46554441929899176
300623.SZ,20250324,31.88,32.13,30.96,31.82,31.91,-0.09,-0.282,121700.43,383792.835,-1.6499999999999986,-1.8800000000000026,-4.920000000000002,32.666,32.961,33.682,32.44614489460069,32.90771793551286,33.5747242605862,1.1700000000000017,0.8614285714285733,0.0,0.08999999999999986,0.24600708964978701,0.35916355730660315,0.6849444623352499,40.65086284125654,33.09416666666667,34.24615384615385,33.055147898514825,33.95055988375424,-0.8954119852394129,-0.8221923807087066,-0.8221923807087066,-0.1464392090614126,-0.09904809622576513
300623.SZ,20250325,31.96,31.97,31.1,31.25,31.82,-0.57,-1.7913,82454.56,259228.353,-2.3200000000000003,-2.240000000000002,-4.659999999999997,32.202,32.736999999999995,33.449,32.047429929733795,32.60631467451052,33.35332195005418,0.8699999999999974,0.8371428571428589,0.0,0.5700000000000003,0.22843515467480222,0.37422330321327435,0.6104247189133871,37.904579564902804,32.88,34.043461538461536,32.777432837204856,33.75051841088355,-0.973085573678695,-0.8405636049909933,-0.8523710193027043,-0.24142910875198131,-0.32247930430484095
300623.SZ,20250326,31.28,31.72,31.28,31.43,31.25,0.18,0.576,79943.0,252209.894,-1.75,-1.9799999999999969,-5.009999999999998,31.852000000000004,32.539,33.198499999999996,31.841619953155867,32.392439279144966,33.1701484310014,0.46999999999999886,0.8214285714285727,0.17999999999999972,0.0,0.22497550076945919,0.34749306726946905,0.6474244293196167,39.29918834498538,32.69083333333334,33.91730769230769,32.57013547763488,33.578628158225506,-1.0084926805906278,-0.8552164984126401,-0.8835953515602891,-0.24979465806067735,-0.030459928474544012
300623.SZ,20250327,31.29,32.4,31.13,31.8,31.43,0.37,1.1772,125500.17,399989.912,-1.0500000000000007,-0.7399999999999984,-3.879999999999999,31.642000000000003,32.465,33.00449999999999,31.827746635437244,32.284723046573156,33.039658104239365,1.2699999999999996,0.8492857142857153,0.370000000000001,0.0,0.23533439357164074,0.32267213389307836,0.7293297711590486,42.174129152372714,32.55,33.75884615384615,32.45165309646028,33.44687792428287,-0.9952248278225966,-0.8708664247424033,-0.9059212468127507,-0.17860716201969185,0.5698706578437136
300623.SZ,20250328,31.9,32.15,31.38,31.4,31.8,-0.4,-1.2579,78110.34,247814.272,-0.5100000000000016,-1.9699999999999989,-1.8800000000000026,31.54,32.268,32.91049999999999,31.68516442362483,32.12386431083258,32.8835001895499,0.7699999999999996,0.8564285714285723,0.0,0.40000000000000213,0.21852479403080927,0.3281955529007158,0.665837157448981,39.9701227981147,32.3825,33.60384615384615,32.289860312389465,33.295257337298956,-1.0053970249094917,-0.8915509376817623,-0.925816402432099,-0.15916124495478545,-0.3776076956708505
300623.SZ,20250331,31.4,31.57,30.88,31.24,31.4,-0.16,-0.5096,91771.51,286140.679,-0.5800000000000018,-2.2300000000000004,-1.7200000000000024,31.424,32.045,32.82449999999999,31.536776282416554,31.96316170886302,32.72697636197372,0.6900000000000013,0.8542857142857153,0.0,0.16000000000000014,0.20291588017146575,0.316181584836379,0.6417700773954714,39.0901312084811,32.274166666666666,33.36538461538461,32.128343341252624,33.14301605305459,-1.014672711801964,-0.9182487331133452,-0.9435876643060721,-0.1421700949917839,0.17489579484611126
300623.SZ,20250401,31.41,31.56,31.15,31.2,31.24,-0.04,-0.128,72745.2,227796.187,-0.05000000000000071,-2.370000000000001,-2.820000000000004,31.413999999999998,31.808,32.683499999999995,31.424517521611037,31.824405034524286,32.581550041785746,0.41000000000000014,0.8307142857142866,0.0,0.03999999999999915,0.18842188873064677,0.2964543287766376,0.6355848791555766,38.85979182466628,32.093333333333334,33.152307692307694,31.98552128875222,32.99908893801351,-1.0135676492612866,-0.946251293829105,-0.957583661297115,-0.11196797592834318,-0.20732262114898184
300623.SZ,20250402,31.2,31.71,31.11,31.63,31.2,0.43,1.3782,91081.56,286766.628,0.1999999999999993,-1.5500000000000007,-2.2799999999999976,31.454,31.653000000000002,32.569500000000005,31.493011681074027,31.789058664610778,32.49092622828234,0.6000000000000014,0.7842857142857154,0.4299999999999997,0.0,0.2056774681070291,0.2752790195783063,0.7471599848840705,42.7642569282885,31.939999999999998,32.987692307692306,31.930825705867264,32.8976749426051,-0.9668492367378363,-0.9682206800885721,-0.9594367763852593,-0.014824920705154065,0.25206281651572887
300623.SZ,20250403,31.36,31.86,30.8,30.92,31.63,-0.71,-2.2447,119824.9,374294.114,-0.879999999999999,-1.9299999999999997,-3.3900000000000006,31.278,31.46,32.4,31.302007787382685,31.631047998317907,32.34131420654116,1.0599999999999987,0.7857142857142863,0.0,0.7099999999999973,0.19098622038509847,0.3063305181798556,0.6234645556044953,38.40333646042238,31.719166666666666,32.77538461538461,31.77531405881076,32.75118050241213,-0.9758664436013724,-0.9831742370714759,-0.962722709828482,-0.02628746754578093,0.3155780379694858
300623.SZ,20250407,29.0,29.78,24.74,25.18,30.92,-5.74,-18.564,316179.78,846198.03,-6.219999999999999,-6.73,-8.64,30.034,30.787,31.968,29.26133852492179,30.458130180441923,31.659284282108672,6.180000000000003,1.1778571428571438,0.0,5.740000000000002,0.17734434750044858,0.6944497668812947,0.25537390313612535,20.342457533820035,31.052500000000006,32.37153846153846,30.760650357455262,32.19035231704827,-1.429701959593011,-1.0425397897774313,-1.0561185597813878,-0.7471667996232463,1.6386817764921986
300623.SZ,20250408,25.38,27.68,25.38,26.8,25.18,1.62,6.4337,305993.03,823558.311,-4.439999999999998,-5.02,-6.900000000000002,29.146000000000004,30.285000000000004,31.622999999999998,28.440892349947863,29.793015602179757,31.196495302860228,2.5,1.3050000000000004,1.620000000000001,0.0,0.2803911798218452,0.6448462121040593,0.43481868166203674,30.304782563770367,30.548333333333336,32.12230769230769,30.151319533231376,31.79106696022988,-1.639747426998504,-1.1166133290351878,-1.172844333224811,-0.9338061875473858,-0.032218220912165856
300623.SZ,20250409,26.61,29.17,25.1,28.2,26.8,1.4,5.2239,329911.5,911446.33,-3.0,-3.0500000000000007,-5.290000000000003,28.546,29.98,31.358499999999992,28.360594899965243,29.503376401783434,30.91111479782592,4.07,1.5464285714285722,1.3999999999999986,0.0,0.360363238405999,0.5987857683823409,0.6018233188466452,37.57114232048849,30.239166666666666,31.93923076923077,29.851116528118858,31.525062000212852,-1.673945472093994,-1.1905525280911173,-1.2730645609986477,-0.8017618221906924,0.07816671510458904
300623.SZ,20250410,28.88,29.73,28.62,28.72,28.2,0.52,1.844,261905.67,763773.047,-2.91,-2.710000000000001,-4.689999999999998,27.964,29.709000000000003,31.124000000000002,28.480396599976828,29.3609443287319,30.702437198032975,1.5300000000000011,1.6114285714285719,0.5199999999999996,0.0,0.3717658642341419,0.5560153563550309,0.6686251737204886,40.070423498985875,29.980833333333333,31.73538461538462,29.677098600715958,31.317279629826714,-1.6401810291107566,-1.2622143282342462,-1.3464878546210695,-0.5873863489793743,-0.2061335539985723
300623.SZ,20250411,28.54,31.02,28.4,29.99,28.72,1.27,4.422,388347.01,1162836.183,-0.9300000000000033,-1.8100000000000023,-2.5500000000000007,27.778000000000002,29.528,30.996500000000005,28.983597733317886,29.47531808714428,30.63458603631555,2.620000000000001,1.7292857142857145,1.2699999999999996,0.0,0.43592544536027455,0.5162999737582429,0.8443259103561302,45.77964803374123,29.875833333333333,31.584615384615386,29.725237277528887,31.218962620209922,-1.493725342681035,-1.3164730302088623,-1.3759353522330626,-0.2355799808959449,0.4827743515442029
300623.SZ,20250414,30.58,30.65,29.83,30.18,29.99,0.19,0.6335,228486.32,689555.286,5.0,-1.2199999999999989,-3.1899999999999977,28.778,29.406,30.837,29.382398488878593,29.603442071299867,30.591292128095024,0.8200000000000003,1.7042857142857144,0.19000000000000128,0.0,0.418359342120255,0.47942140420408264,0.8726338424851919,46.599277588997886,29.771666666666672,31.425769230769234,29.795200773293672,31.1420024261203,-1.3468016528266276,-1.3533762458782692,-1.3701086123517758,0.04661391905029655,-0.41164393154462553
300623.SZ,20250415,29.99,30.1,29.64,29.98,30.18,-0.2,-0.6627,126760.23,378326.232,3.1799999999999997,-1.259999999999998,-3.4899999999999984,29.413999999999998,29.28,30.6625,29.58159899258573,29.671907149245342,30.533073830181213,0.5399999999999991,1.680714285714286,0.0,0.1999999999999993,0.3884765319688082,0.4594627324752195,0.8455017230146302,45.81419309831376,29.62,31.27807692307692,29.823631423556183,31.055928172333612,-1.2322967487774292,-1.3776794791578406,-1.3425462396369066,0.22049898171895466,-0.44521742045650703
300623.SZ,20250416,29.76,30.08,28.9,29.39,29.98,-0.59,-1.968,166320.54,490985.064,1.1900000000000013,-1.8099999999999987,-4.18,29.651999999999997,29.099,30.4535,29.517732661723823,29.620651303928007,30.42420965587824,1.1799999999999997,1.7314285714285718,0.0,0.5899999999999999,0.3607282082567505,0.46878682301270386,0.769493062835034,43.48663913958346,29.4525,31.11230769230769,29.756918896855233,30.932526085494082,-1.1756071886388497,-1.4008748071468422,-1.3091584294372953,0.2671024815968912,0.3120877107906795
300623.SZ,20250417,29.11,30.14,29.09,29.19,29.39,-0.2,-0.6805,158683.45,470462.65,0.4700000000000024,-2.4399999999999977,-3.9899999999999984,29.746000000000002,28.854999999999997,30.254,29.408488441149217,29.542351066850188,30.306665879127934,1.0500000000000007,1.7157142857142862,0.0,0.1999999999999993,0.33496190766698264,0.4495877642260821,0.745042312803117,42.69479928004335,29.281666666666666,30.946923076923078,29.669700605031352,30.803450079161188,-1.1337494741298357,-1.4184173660944492,-1.2740766383758035,0.2806543284919356,-0.04591790045895712
300623.SZ,20250418,29.07,29.28,28.66,28.92,29.19,-0.27,-0.925,112446.77,325122.14,-1.0699999999999967,-2.0,-3.9299999999999997,29.532,28.655,30.057499999999997,29.245658960766146,29.42919632742288,30.17460246206813,0.620000000000001,1.7050000000000005,0.0,0.2699999999999996,0.311036057119341,0.4367600667813619,0.7121439911195975,41.59369742342263,29.09166666666667,30.77423076923077,29.554362050411143,30.66393525848258,-1.1095732080714384,-1.3828475048142745,-1.2411759523149306,0.26320548848698433,-0.2913768260017034
300623.SZ,20250421,29.02,29.36,28.75,29.3,28.92,0.38,1.314,108366.82,315046.991,-0.879999999999999,4.120000000000001,-2.6099999999999994,29.356,29.067,29.927,29.263772640510766,29.405706086073263,30.091306989490214,0.6099999999999994,1.6992857142857147,0.379999999999999,0.0,0.315962053039388,0.4055629191541218,0.7790703689045011,43.79086867621935,28.897499999999997,30.64961538461538,29.515229427270967,30.562903017113502,-1.0476735898425353,-1.3170615229080558,-1.2024754798204516,0.30960377995583244,-0.03628338990973237
300623.SZ,20250422,29.1,29.55,29.01,29.25,29.3,-0.05,-0.1706,111316.16,325909.273,-0.7300000000000004,2.4499999999999993,-2.5700000000000003,29.21,29.312,29.798499999999997,29.259181760340514,29.377395888605392,30.011182514300668,0.5399999999999991,1.7085714285714289,0.0,0.05000000000000071,0.29339333496514597,0.38016556778597027,0.7717514678507753,43.558675234904655,28.758333333333336,30.491153846153843,29.47442489999851,30.465650941771763,-0.9912260417732526,-1.2412038084279733,-1.1602255922110118,0.33799910087551854,0.027216264166467156
300623.SZ,20250423,29.48,29.66,29.13,29.35,29.25,0.1,0.3419,119676.52,351336.758,-0.03999999999999915,1.1500000000000021,-1.8999999999999986,29.201999999999998,29.427,29.703500000000002,29.289454506893676,29.372414817949863,29.948212751033935,0.5300000000000011,1.703571428571429,0.10000000000000142,0.0,0.2795795253247785,0.35301088437268663,0.7919855667385486,44.19597911047794,29.105833333333337,30.332692307692305,29.455282607691046,30.38301013127015,-0.9277275235791045,-1.1620423078133453,-1.1137259784846305,0.37199690981105205,0.07510463889519725
300623.SZ,20250424,29.34,29.34,28.77,28.92,29.35,-0.43,-1.4651,105999.68,307531.181,-0.2699999999999996,0.20000000000000284,-2.509999999999998,29.148000000000003,29.447000000000003,29.577999999999996,29.166303004595786,29.290157578322614,29.85028772712594,0.5800000000000018,1.669285714285715,0.0,0.4299999999999997,0.25960955923015144,0.3585101069174947,0.7241345619578206,41.999886664039614,29.282500000000002,30.153846153846153,29.37293143727704,30.274639010435326,-0.9017075731582871,-1.0962625556441512,-1.071322297419362,0.33922944852214965,-0.11428173212255846
300623.SZ,20250425,29.04,29.38,28.8,29.08,28.92,0.16,0.5533,98215.67,285761.762,0.1599999999999966,-0.9100000000000001,-2.7200000000000024,29.18,29.356,29.442,29.137535336397193,29.25194710953668,29.776926991209187,0.5799999999999983,1.2692857142857146,0.1599999999999966,0.0,0.25249459071371183,0.33290224213767367,0.7584646744712858,43.132209903467746,29.355833333333333,29.996153846153845,29.32786506231134,30.18614723188456,-0.8582821695732221,-1.0419826130604395,-1.028714271850134,0.34086420455382394,-0.07343427829216084
300623.SZ,20250428,29.02,29.09,28.61,28.66,29.08,-0.42,-1.4443,78991.5,227401.859,-0.6400000000000006,-1.5199999999999996,-2.7399999999999984,29.052000000000003,29.204,29.305,28.978356890931465,29.14432036234819,29.670552992046407,0.4800000000000004,1.1250000000000002,0.0,0.41999999999999815,0.23445926280558954,0.33912351055641116,0.69136835255363,40.87627343327083,29.350833333333338,29.835,29.22511659118652,30.073099288782,-0.8479826975954801,-0.9992810518180006,-0.9925679569992033,0.2891705188074465,-0.19573424485115257
300623.SZ,20250429,28.7,29.07,28.48,28.92,28.66,0.26,0.9072,78213.14,225475.588,-0.3299999999999983,-1.0599999999999987,-2.3199999999999967,28.986,29.098000000000003,29.189,28.958904593954312,29.103534841921245,29.599071754708653,0.5899999999999999,0.8764285714285717,0.26000000000000156,0.0,0.23628360117661898,0.3149004026595246,0.7503439156668612,42.868370549966386,29.26166666666667,29.719999999999995,29.178175577157823,29.98768452665,-0.8095089494921766,-0.9586034696905925,-0.955956155497798,0.2928944120112429,-0.0098537184380598
300623.SZ,20250430,29.04,29.44,28.94,29.28,28.92,0.36,1.2448,94880.86,277965.286,-0.07000000000000028,-0.10999999999999943,-1.9199999999999982,28.972,29.087,29.092999999999996,29.065936395969544,29.135619416117382,29.568683968545926,0.5199999999999996,0.8042857142857144,0.35999999999999943,0.0,0.24512048680686044,0.2924075167552728,0.8382838085930987,45.60143568009043,29.186666666666667,29.62230769230769,29.193840872979695,29.935263450601852,-0.7414225776221564,-0.9150115923008504,-0.9130494399226696,0.34325372460102654,0.21310639107444096
300623.SZ,20250506,29.58,30.15,29.41,30.15,29.28,0.87,2.9713,138034.61,412388.548,1.2299999999999969,0.9599999999999973,-1.4800000000000004,29.218,29.182999999999993,29.019,29.427290930646365,29.32005224955058,29.62404740011298,0.8699999999999974,0.6792857142857142,0.8699999999999974,0.0,0.28975473774922733,0.2715212655584676,1.0671530171062547,51.62428752372333,29.200833333333332,29.58,29.340942277136666,29.951169861668383,-0.6102275845317173,-0.8595287452408813,-0.8524850688444792,0.4845149686255237,0.4548203926482115
300623.SZ,20250507,30.6,30.89,29.84,30.15,30.15,0.0,0.0,137158.91,415088.628,1.0700000000000003,1.2299999999999969,-0.7700000000000031,29.432,29.305999999999994,28.9805,29.668193953764245,29.47095184054138,29.674138123911742,1.0500000000000007,0.6957142857142856,0.0,-0.0,0.26905797076713966,0.2521268894471485,1.0671530171062547,51.62428752372333,29.264166666666664,29.53076923076923,29.465412696038715,29.965898020063317,-0.5004853240246021,-0.7987300490388888,-0.7820851198805038,0.5631995917118033,-0.006344061101777175
300623.SZ,20250508,30.01,30.49,29.99,30.36,30.15,0.21,0.6965,98813.31,298978.62,1.6999999999999993,1.0599999999999987,5.18,29.772000000000002,29.412,29.2395,29.898795969176163,29.632596960442946,29.73945830258681,0.5,0.6928571428571428,0.21000000000000085,0.0,0.2648395442837726,0.23411782591520933,1.1312233199179365,53.07859149934108,29.36166666666666,29.475384615384613,29.60304151203276,29.995090759317886,-0.3920492472851258,-0.732154849651319,-0.7040779453614283,0.624057396152605,-0.27957060901110986
300623.SZ,20250509,30.21,30.45,29.51,29.68,30.36,-0.68,-2.2398,98552.8,293443.292,0.759999999999998,0.4299999999999997,2.879999999999999,29.924,29.455000000000002,29.383499999999998,29.82586397945078,29.641215694907864,29.733795607102355,0.9399999999999977,0.6757142857142855,0.0,0.6799999999999997,0.24592243397778885,0.2659665526355515,0.9246366941288715,48.042142028648186,29.424999999999997,29.409230769230767,29.614881279412334,29.971750703072118,-0.35686942365978425,-0.6687261718825057,-0.6346362410210995,0.5555336347226305,-0.0026363857257690766
300623.SZ,20250512,29.99,30.77,29.88,30.56,29.68,0.88,2.965,133027.94,404141.467,1.2799999999999976,1.2099999999999973,2.3599999999999994,30.18,29.576,29.501499999999993,30.07057598630052,29.8082673867428,29.81248173975927,1.0899999999999999,0.6785714285714283,0.879999999999999,0.0,0.29121368869366104,0.24696894173301212,1.1791510570121813,54.11056994960721,29.53,29.38307692307692,29.760284159502746,30.015324725066776,-0.25504056556403043,-0.5968742821498105,-0.5587171059296857,0.6073530807313106,0.34981390686007907
300623.SZ,20250513,30.93,30.97,30.01,30.05,30.56,-0.51,-1.6688,107618.05,326792.431,-0.09999999999999787,1.129999999999999,1.3300000000000018,30.160000000000004,29.689,29.567999999999994,30.063717324200347,29.85221877097138,29.835102526448864,0.9599999999999973,0.7028571428571423,0.0,0.509999999999998,0.2704127109298281,0.26575687446636825,1.0175191572101705,50.43417573378575,29.596666666666668,29.338846153846152,29.804855827271552,30.017893263950718,-0.21303743667916564,-0.5251804229393598,-0.48958117207958174,0.5530874708008322,-0.1910116776971815
300623.SZ,20250514,30.05,30.59,29.88,30.24,30.05,0.19,0.6323,93412.31,281866.339,0.08999999999999986,1.1600000000000001,0.25,30.177999999999997,29.805,29.580499999999994,30.122478216133565,29.92272444897658,29.87366419059659,0.7100000000000009,0.7099999999999996,0.18999999999999773,0.0,0.26466894586341166,0.24677424057591338,1.072514478195683,51.74943236726659,29.670833333333334,29.285384615384615,29.87180108461439,30.034345614769183,-0.16254453015479342,-0.4490206265570613,-0.4241738436946241,0.5232586270796613,-0.1320014625799297
300623.SZ,20250515,30.18,30.19,29.51,29.53,30.24,-0.71,-2.3479,80319.5,238727.086,-0.8299999999999983,0.870000000000001,-0.6499999999999986,30.012,29.891999999999996,29.548000000000002,29.92498547742238,29.85132000370811,29.840934267682627,0.7299999999999969,0.723571428571428,0.0,0.7099999999999973,0.24576402115888227,0.2798617948204908,0.8781620989621697,46.75645938374661,29.721666666666664,29.23192307692308,29.819216302366023,29.996986680341834,-0.1777703779758113,-0.37882745194413187,-0.37489315055086153,0.39424554515010046,-0.14016150548038045
300623.SZ,20250516,29.57,29.74,29.27,29.28,29.53,-0.25,-0.8466,67119.2,198049.313,-0.3999999999999986,0.35999999999999943,-0.6999999999999993,29.932,29.927999999999997,29.512999999999998,29.70999031828159,29.747443639397545,29.78751195647476,0.46999999999999886,0.7192857142857135,0.0,0.25,0.2282094482189621,0.27772880947617,0.821698867500972,45.106185339412775,29.738333333333333,29.389615384615386,29.736259948155865,29.943876555872066,-0.20761660771620072,-0.31951567751013676,-0.34143784198392935,0.26764246853545726,-0.1643473876206899
300623.SZ,20250519,29.43,29.61,29.1,29.48,29.28,0.2,0.6831,59842.06,175950.858,-1.0799999999999983,0.1999999999999993,0.08999999999999986,29.715999999999998,29.948,29.517500000000002,29.633326878854398,29.698817523143443,29.758225103477166,0.509999999999998,0.7142857142857133,0.1999999999999993,0.0,0.22619448763189334,0.2578910373707293,0.8770932481330445,46.72614154919585,29.80666666666666,29.492692307692305,29.69683534074727,29.909515329511173,-0.21267998876390237,-0.275343722424824,-0.315686271339924,0.20601256515204325,-0.1084211373198727
300623.SZ,20250520,29.58,30.23,29.41,30.22,29.48,0.74,2.5102,107030.81,320475.336,0.16999999999999815,0.07000000000000028,1.0299999999999976,29.75,29.954999999999995,29.569,29.828884585902934,29.793577973481,29.80220366505077,0.8200000000000003,0.7314285714285705,0.7399999999999984,0.0,0.26289488137247224,0.2394702489871058,1.0978185494208414,52.33143494340459,29.915000000000003,29.57038461538462,29.777322211401536,29.932514193991825,-0.15519198259028855,-0.23697779559878918,-0.28358741358999695,0.2567908619994168,0.7885549060309756
300623.SZ,20250521,30.09,30.22,29.75,29.9,30.22,-0.32,-1.0589,78275.02,234457.141,-0.33999999999999986,-0.25,0.9799999999999969,29.682,29.929999999999996,29.618000000000002,29.85258972393529,29.812927432848088,29.811517601712602,0.46999999999999886,0.7307142857142848,0.0,0.3200000000000003,0.2441166755601528,0.24522237405945543,0.9954910374571508,49.88702122790301,29.96666666666667,29.615769230769235,29.796195717339764,29.930105735177616,-0.13391001783785228,-0.20829565899353655,-0.253651934439568,0.23948383320343147,-0.2686683395183125
300623.SZ,20250522,29.85,30.42,29.74,29.78,29.9,-0.12,-0.4013,102982.79,309835.44,0.25,-0.5799999999999983,0.4800000000000004,29.732,29.872000000000003,29.642000000000003,29.828393149290193,29.806940626875708,29.80851592535902,0.6800000000000033,0.7371428571428564,0.0,0.11999999999999744,0.226679770162999,0.23627791876949414,0.9593777164769307,48.96338814151387,29.935833333333324,29.607692307692307,29.79370406851826,29.918986791831124,-0.12528272331286416,-0.18256380339943432,-0.22797809221422727,0.2053907378027262,0.3156533208167815
300623.SZ,20250523,29.77,29.94,29.03,29.04,29.78,-0.74,-2.4849,101425.1,298736.92,-0.240000000000002,-0.6400000000000006,-0.21000000000000085,29.683999999999997,29.808,29.631499999999996,29.565595432860132,29.66749687653467,29.735323932467686,0.9100000000000001,0.7649999999999993,0.0,0.740000000000002,0.21048835800849908,0.27225806742881614,0.7731207379687024,43.602261335818234,29.84333333333333,29.56384615384615,29.677749596438527,29.85387665910289,-0.17612706266436362,-0.17379563641058246,-0.21760788630425457,0.08296164727978189,-0.01512573120227164
300623.SZ,20250526,29.03,29.45,29.02,29.35,29.04,0.31,1.0675,66374.43,194124.858,-0.129999999999999,-1.2099999999999973,0.0,29.657999999999998,29.687,29.6315,29.493730288573424,29.60977017171018,29.698626415089812,0.4299999999999997,0.733571428571428,0.3100000000000023,0.0,0.2175963324364636,0.2528110626124721,0.8607073210637609,46.256996536763076,29.759166666666673,29.539615384615384,29.62732658160183,29.816552462132307,-0.18922588053047562,-0.1711499079496169,-0.21193148514949878,0.04541120923804631,-0.3455818135747464
300623.SZ,20250527,29.26,29.26,28.81,28.88,29.35,-0.47,-1.6014,68657.35,198864.806,-1.3399999999999999,-1.1700000000000017,-0.0400000000000027,29.389999999999997,29.57,29.629499999999997,29.289153525715616,29.477084685944693,29.620661994605065,0.5400000000000027,0.6971428571428567,0.0,0.4700000000000024,0.20205373726243048,0.2683245581401528,0.7530199198423448,42.95558261026871,29.6925,29.52,29.512353261355397,29.74717820567806,-0.2348249443226642,-0.1791810650793803,-0.21651017698413189,-0.036629534677064646,0.03439457031872083
300623.SZ,20250528,28.78,29.02,28.52,28.59,28.88,-0.29,-1.0042,59266.37,170307.33,-1.3099999999999987,-1.6499999999999986,-0.48999999999999844,29.127999999999997,29.404999999999994,29.605,29.056102350477076,29.315796561227476,29.522503709404585,0.5,0.6971428571428567,0.0,0.28999999999999915,0.18762132745797117,0.2698728039872847,0.6952213216223563,41.010652282087705,29.528333333333332,29.49692307692308,29.370452759608412,29.66146130155376,-0.29100854194534875,-0.1917630832982178,-0.23140984997637526,-0.11919738393794699,-0.13678040297215086
300623.SZ,20250529,28.51,29.48,28.51,29.45,28.59,0.86,3.008,94924.47,277212.237,-0.33000000000000185,-0.08000000000000185,0.7899999999999991,29.062,29.397,29.644500000000004,29.187401566984718,29.340197186458845,29.515598594223196,0.9699999999999989,0.699285714285714,0.8599999999999994,0.0,0.23564837549668746,0.2505961751310501,0.9403510463535781,48.462933968610535,29.478333333333328,29.5173076923077,29.38269079659173,29.645797501438665,-0.2631067048469333,-0.19792864964607698,-0.2377492209504869,-0.05071496779289286,0.6016582422712914
300623.SZ,20250530,29.2,29.29,28.82,28.87,29.45,-0.58,-1.9694,64842.29,187894.348,-0.16999999999999815,-0.41000000000000014,-0.05000000000000071,29.028000000000002,29.356,29.642000000000003,29.08160104465648,29.25470678892087,29.454113013820987,0.629999999999999,0.666428571428571,0.0,0.5799999999999983,0.2188163486754955,0.2741250197645464,0.7982355965297985,44.38993411487453,29.364166666666662,29.500769230769233,29.303815289423774,29.588331019850614,-0.28451573042683975,-0.2059103987197367,-0.24710252284575748,-0.07482641516216454,-0.3169064836495795
300623.SZ,20250603,28.61,28.99,27.89,28.0,28.87,-0.87,-3.0135,154791.63,439590.273,-1.3500000000000014,-1.4800000000000004,-1.2800000000000011,28.758000000000003,29.208,29.577999999999996,28.72106736310432,29.026578281844348,29.31562606012375,1.0999999999999979,0.676428571428571,0.0,0.870000000000001,0.20318660948438866,0.31668751835279313,0.6415996769978054,39.08380867686191,29.236666666666665,29.452692307692306,29.10322832182012,29.470676870232047,-0.36744854841192875,-0.22949446158880782,-0.27117172795899175,-0.192553640905874,1.3872017783455828
300623.SZ,20250604,28.04,28.22,27.8,27.99,28.0,-0.01,-0.0357,112381.98,314869.481,-0.8900000000000006,-2.2300000000000004,-2.16,28.580000000000002,28.985000000000003,29.47,28.47737824206955,28.838109503327193,29.189375959159584,0.41999999999999815,0.6557142857142851,0.0,0.010000000000001563,0.18867328023550375,0.2947812670418794,0.6400450141517949,39.02606383537686,29.129166666666666,29.400384615384617,28.931962426155486,29.36099710206671,-0.42903467591122535,-0.26228609026362704,-0.3027443175494385,-0.25258071672357374,-0.27397896126554133
300623.SZ,20250605,27.99,28.65,27.88,28.57,27.99,0.58,2.0722,124111.21,351456.693,-0.019999999999999574,-1.3299999999999983,-1.5799999999999983,28.576,28.851999999999997,29.391000000000002,28.5082521613797,28.789362320904065,29.130387772572956,0.7699999999999996,0.6585714285714283,0.5800000000000018,0.0,0.21662518879011075,0.27372546225317373,0.7913958278011788,44.177608070716865,29.05333333333333,29.38692307692308,28.87627589905464,29.302404724135847,-0.4261288250812072,-0.29571343490455404,-0.32742121905579225,-0.1974152120508299,0.10436931258908244
300623.SZ,20250606,28.57,28.62,28.15,28.2,28.57,-0.37,-1.2951,85090.44,240910.187,-1.25,-1.5800000000000018,-2.16,28.326,28.694,29.283000000000005,28.405501440919803,28.682205535285142,29.041779413280295,0.4700000000000024,0.6585714285714285,0.0,0.370000000000001,0.20115196101938856,0.2806022149493757,0.7168580656274541,41.75406691906512,28.885,29.353076923076927,28.772233453046233,29.2207451149406,-0.448511661894365,-0.3259783903745542,-0.3516393076235068,-0.19374470854171633,-0.3144016563854305
300623.SZ,20250609,28.2,28.65,28.2,28.34,28.2,0.14,0.4965,75643.9,214740.96,-0.5300000000000011,-0.6999999999999993,-1.3399999999999999,28.22,28.624000000000002,29.216000000000008,28.38366762727987,28.619986347051476,28.974943278682172,0.4499999999999993,0.6542857142857142,0.14000000000000057,0.0,0.19678396380371801,0.2605591995958489,0.7552370597888999,43.02763866435975,28.754999999999995,29.340769230769233,28.705735998731427,29.15550473605611,-0.4497687373246819,-0.3549275966850216,-0.3712651935637419,-0.15700708752188008,-0.11101764193486376
300623.SZ,20250610,28.28,28.43,27.36,27.64,28.34,-0.7,-2.47,110173.55,306227.766,-0.35999999999999943,-1.7100000000000009,-2.919999999999998,28.148000000000003,28.452999999999996,29.07,28.135778418186582,28.441807011223936,28.847805823569583,1.0700000000000003,0.6721428571428572,0.0,0.6999999999999993,0.18272796638916675,0.29194782819614534,0.6258925353827288,38.49532006341343,28.576666666666664,29.29153846153846,28.541776614311207,29.043245125977876,-0.5014685116666691,-0.3845546597232443,-0.3973058571843273,-0.2083253089646835,0.45647633186549097
300623.SZ,20250611,27.63,28.15,27.63,27.88,27.64,0.24,0.8683,80241.61,224093.842,-0.10999999999999943,-1.0,-2.1700000000000017,28.125999999999998,28.352999999999998,28.9615,28.050518945457725,28.339660281910493,28.75563384037248,0.5199999999999996,0.6757142857142858,0.23999999999999844,0.0,0.18681882593279758,0.27109441189642064,0.68912828053489,40.797865293964904,28.48,29.23769230769231,28.439964827494098,28.957078820349885,-0.5171139928557871,-0.4096774876021819,-0.4212674843186193,-0.1916930170743355,-0.27167990865321123
300623.SZ,20250612,27.74,28.43,27.58,27.83,27.88,-0.05,-0.1793,114556.3,320940.741,-0.740000000000002,-0.7600000000000016,-2.41,27.977999999999998,28.276999999999997,28.841,27.977012630305154,28.246994776108583,28.66747823652748,0.8500000000000014,0.6878571428571428,0.0,0.05000000000000071,0.17347462408045491,0.2553019539038192,0.67948803927215,40.45804574866897,28.353333333333328,29.14846153846154,28.346124084802696,28.87359150032397,-0.5274674155212722,-0.4390508998993307,-0.4425074705591499,-0.16991988992424456,0.42764209242561313
300623.SZ,20250613,27.53,27.9,26.72,27.18,27.83,-0.65,-2.3356,225022.9,611010.912,-1.0199999999999996,-2.2699999999999996,-2.3500000000000014,27.774,28.05,28.7235,27.71134175353677,28.05299572590702,28.52581364257248,1.1799999999999997,0.7071428571428571,0.0,0.6499999999999986,0.1610835795032796,0.2834946714821177,0.5682067273473972,36.23289694136895,28.211666666666662,29.034230769230767,28.166720379448435,28.74814027807775,-0.5814198986293135,-0.4720402519218278,-0.4702899561731827,-0.22225988491226167,0.9642996500410714
300623.SZ,20250616,26.99,27.5,26.82,27.39,27.18,0.21,0.7726,100188.62,273742.065,-0.9499999999999993,-1.4800000000000004,-1.8900000000000006,27.584000000000003,27.901999999999997,28.628999999999998,27.604227835691184,27.932451048469378,28.417640914708436,0.6799999999999997,0.7249999999999999,0.21000000000000085,0.0,0.1645776095387597,0.2632450520905379,0.6251878553149652,38.468651686657005,28.111666666666665,28.919999999999998,28.047224936456367,28.647537294516436,-0.6003123580600693,-0.49791400854939893,-0.49629443655056005,-0.20803584301901856,-0.5547625597216994
300623.SZ,20250617,27.4,27.5,26.96,27.15,27.39,-0.24,-0.8762,86389.98,234565.739,-0.490000000000002,-0.8500000000000014,-2.330000000000002,27.485999999999997,27.816999999999997,28.512499999999996,27.452818557127458,27.790187221474945,28.29691320854573,0.5399999999999991,0.7249999999999996,0.0,0.240000000000002,0.15282206600027684,0.2615846912269282,0.5842163976931727,36.87731035632938,27.919999999999998,28.822692307692307,27.909190330847697,28.536608606033738,-0.6274182751860415,-0.5199566306910453,-0.5225192042776563,-0.20979814181677048,-0.1377266200492631
300623.SZ,20250618,27.07,27.46,26.98,27.37,27.15,0.22,0.8103,81067.98,220721.356,-0.509999999999998,-0.6199999999999974,-2.849999999999998,27.384000000000004,27.755000000000003,28.369999999999997,27.425212371418304,27.713789544843134,28.208635760112802,0.4800000000000004,0.7235714285714282,0.22000000000000242,0.0,0.1576204898574001,0.24290007042500475,0.6489108446185705,39.353907261655365,27.794999999999998,28.700000000000003,27.826237972255743,28.450193153734944,-0.6239551814792001,-0.5419373369574889,-0.5428063997179651,-0.16229756352247016,-0.061604366617517455
300623.SZ,20250619,27.28,27.89,27.09,27.18,27.37,-0.19,-0.6942,117816.61,324407.995,-0.6499999999999986,-1.3900000000000006,-2.719999999999999,27.254,27.616000000000003,28.23399999999999,27.343474914278872,27.6167369003262,28.110670449625868,0.8000000000000007,0.7114285714285712,0.0,0.19000000000000128,0.14636188343901438,0.23912149396607593,0.612081670331897,37.96840331333095,27.726666666666663,28.58961538461538,27.72681674575486,28.3561047719768,-0.6292880262219391,-0.5620235996605527,-0.5601027250187599,-0.13837060240635846,0.45330634857313584
300623.SZ,20250620,27.18,27.87,27.01,27.05,27.18,-0.13,-0.4783,91030.74,248762.523,-0.129999999999999,-1.1499999999999986,-2.7300000000000004,27.228,27.500999999999998,28.097499999999997,27.245649942852584,27.513693827539615,28.009654216328165,0.8599999999999994,0.7278571428571426,0.0,0.129999999999999,0.1359074631933705,0.23132710153992758,0.5875120653336529,37.00835276550628,27.648333333333337,28.466923076923077,27.622691092561805,28.25935627034889,-0.6366651777870835,-0.5827898708230417,-0.5754152155724246,-0.1224999244293179,-0.22735223836435284
300623.SZ,20250623,26.65,27.57,26.62,27.47,27.05,0.42,1.5527,95545.74,261332.514,0.0799999999999983,-0.870000000000001,-1.5700000000000003,27.243999999999993,27.413999999999998,28.019,27.32043329523506,27.505749495259685,27.958258576677864,0.9499999999999993,0.7171428571428571,0.41999999999999815,0.0,0.15619978725098677,0.21480373714421847,0.7271744399219404,42.10196857445418,27.556666666666672,28.387692307692305,27.599200155244603,28.20088543550823,-0.6016852802636272,-0.5939250673338149,-0.5806692285106652,-0.04203210350592412,0.049598630089132525
300623.SZ,20250624,27.65,28.51,27.51,28.49,27.47,1.02,3.7131,171941.56,485793.428,1.3399999999999999,0.8499999999999979,-0.860000000000003,27.512,27.499000000000002,27.976000000000006,27.710288863490042,27.684704132485194,28.00890061699426,1.0400000000000027,0.7614285714285717,1.0199999999999996,0.0,0.21789980244734483,0.19946061306248858,1.092445265768232,52.209024706180095,27.580833333333334,28.357307692307696,27.736246285206974,28.222301329174286,-0.4860550439673119,-0.5904740730128731,-0.5617463916019945,0.1513826952693651,0.7995732724452183
300623.SZ,20250625,28.6,30.0,28.4,29.92,28.49,1.43,5.0193,318846.04,934511.121,2.5500000000000007,2.0400000000000027,1.0400000000000027,28.022000000000002,27.703000000000003,28.028,28.446859242326695,28.09112156294243,28.190910082042425,1.6000000000000014,0.8207142857142861,1.4300000000000033,0.0,0.3044783879868204,0.18521342641516797,1.6439325910655758,62.17755311238956,27.712500000000002,28.374230769230767,28.07220839517513,28.348056786272487,-0.27584839109735526,-0.5625164036324379,-0.5045667915010666,0.45743680080742277,0.8543861065352669
300623.SZ,20250626,29.91,30.1,29.38,29.55,29.77,-0.22,-0.739,244020.82,724560.924,2.370000000000001,1.7200000000000024,0.9600000000000009,28.496,27.875,28.076,28.8145728282178,28.356372187861986,28.320347217086002,0.7200000000000024,0.838571428571429,0.0,0.370000000000001,0.2827299317020475,0.19841246738551319,1.4249605149695883,58.762215144251904,27.87166666666667,28.348461538461535,28.299560949763574,28.43708961691897,-0.13752866715539724,-0.5131951556908917,-0.43115916663193277,0.587260998953071,-0.23467508017349056
300623.SZ,20250627,29.74,29.98,29.45,29.56,29.55,0.01,0.0338,158459.55,471096.867,2.509999999999998,2.379999999999999,0.10999999999999943,28.997999999999998,28.113,28.0815,29.0630485521452,28.575213608250714,28.438409386887333,0.5300000000000011,0.8442857142857149,0.00999999999999801,0.0,0.2632492222947583,0.18424014828654794,1.4288374425607162,58.82803918957611,28.01166666666667,28.335384615384612,28.493474649799946,28.52026816381386,-0.026793514013913722,-0.4494708396857633,-0.350286036108329,0.6469850441888305,-0.3506310240249173
300623.SZ,20250630,29.65,30.15,29.6,29.8,29.56,0.24,0.8119,141324.09,421243.201,2.330000000000002,2.41,0.9299999999999997,29.464,28.354000000000003,28.127999999999997,29.30869903476347,28.797902043114217,28.568084683374256,0.5899999999999999,0.8100000000000005,0.240000000000002,0.0,0.26158856355941856,0.17108013769465166,1.5290411095314216,60.459322063559526,28.175833333333333,28.33615384615384,28.694478549830723,28.61506311464246,0.07941543518826322,-0.370933760755285,-0.26434574184901055,0.6875223540745475,-0.10813775502959584
300623.SZ,20250701,29.7,31.48,29.68,30.19,29.8,0.39,1.3087,307319.15,938001.983,1.7000000000000028,3.0400000000000027,2.1900000000000013,29.804000000000002,28.657999999999998,28.2375,29.602466023175648,29.051010762547993,28.722552808767183,1.8000000000000007,0.901428571428572,0.39000000000000057,0.0,0.27076080901946015,0.15886012785931938,1.704397526730155,63.02318760034201,28.426666666666666,28.380384615384614,28.92455877293369,28.731725106150424,0.1928336667832653,-0.28017944428167774,-0.17290986012255538,0.7314870538116414,1.1745701670536144
300623.SZ,20250702,29.89,29.93,29.27,29.54,30.19,-0.65,-2.153,177823.6,525861.273,-0.38000000000000256,2.169999999999998,1.5500000000000007,29.727999999999998,28.875,28.314999999999998,29.581644015450436,29.139917896630173,28.800404922217925,0.9200000000000017,0.906428571428572,0.0,0.6500000000000021,0.25142075123235585,0.19394154729793958,1.2963738545723509,56.45308371679628,28.605833333333337,28.387692307692305,29.0192420386362,28.791597320509652,0.22764471812654818,-0.18496469490962358,-0.09279894447273467,0.6408873251985657,-0.4213715611279024
300623.SZ,20250703,29.6,29.75,29.23,29.47,29.54,-0.07,-0.237,110479.31,325485.927,-0.08000000000000185,2.289999999999999,0.8999999999999986,29.712,29.103999999999996,28.360000000000003,29.544429343633624,29.199932824515596,28.86417588200669,0.5199999999999996,0.8592857142857149,0.0,0.07000000000000028,0.23346212614433043,0.18508857963380107,1.261353491426844,55.77869608660648,28.799166666666668,28.410384615384615,29.088589417307553,28.84184937084227,0.24674004646528402,-0.08680855888158273,-0.02489114628513093,0.54326238550083,-0.3787140177119348
300623.SZ,20250704,29.47,29.55,28.92,29.03,29.47,-0.44,-1.493,113109.96,329767.127,-0.5299999999999976,1.9800000000000004,0.8300000000000018,29.606,29.302,28.4015,29.372952895755752,29.16903594733094,28.87996865514891,0.629999999999999,0.8557142857142862,0.0,0.4399999999999977,0.216786259991164,0.20329653823138655,1.0663549014515132,51.60560273080152,28.9375,28.427307692307693,29.0795756607987,28.85578645448358,0.2237892063151179,0.004910828516055609,0.02484492423491884,0.3978885641603981,0.023811245743660135
300623.SZ,20250707,28.93,29.17,28.73,28.91,29.03,-0.12,-0.4134,67692.0,195704.166,-0.8900000000000006,1.4400000000000013,0.5700000000000003,29.428000000000004,29.445999999999998,28.429999999999996,29.21863526383717,29.12193850236168,28.882828783229968,0.4400000000000013,0.8485714285714293,0.0,0.120000000000001,0.2013015271346523,0.1973467855005733,1.0200395543512286,50.49601886032535,29.081666666666663,28.40653846153846,29.0534870975989,28.85980227266998,0.19368482492891914,0.08043748061563684,0.058612904373718897,0.27014384111040046,-0.4015381138849311
300623.SZ,20250708,28.98,29.44,28.98,29.39,28.91,0.48,1.6603,99406.06,291445.849,-0.8000000000000007,0.9000000000000021,1.75,29.267999999999994,29.536,28.517499999999995,29.275756842558117,29.170676956477735,28.931130803874733,0.5300000000000011,0.8521428571428579,0.4800000000000004,0.0,0.2212085609107486,0.18325058653624662,1.2071369870731297,54.69243613528069,29.276666666666667,28.42653846153846,29.105258313352916,28.899076178398133,0.20618213495478344,0.13399642795476335,0.08812675048993182,0.23611076892970323,0.468505288660403
300623.SZ,20250709,29.38,29.47,29.02,29.09,29.39,-0.3,-1.0208,81979.44,239661.39,-0.4499999999999993,-0.8300000000000018,1.2100000000000009,29.177999999999997,29.452999999999996,28.577999999999996,29.213837895038747,29.156008418936327,28.946261203505713,0.4499999999999993,0.8271428571428577,0.0,0.3000000000000007,0.2054079494171237,0.1915898303550862,1.0721234474524428,51.74032699502327,29.41166666666666,28.468461538461536,29.10291088052939,28.913218683701977,0.18969219682741212,0.17035430173063107,0.10843983975742788,0.16250471413996848,-0.1753074208956677
300623.SZ,20250710,29.01,29.29,28.91,29.12,29.09,0.03,0.1031,69008.48,200740.135,-0.34999999999999787,-0.4299999999999997,1.2900000000000027,29.107999999999997,29.409999999999997,28.642500000000005,29.182558596692502,29.149461433675178,28.962807755552788,0.379999999999999,0.7928571428571435,0.030000000000001137,0.0,0.1928788101730435,0.17790484247258004,1.084168409877721,52.01923245450829,29.464166666666667,28.51192307692308,29.10553997583256,28.92853581824257,0.177004157589991,0.19299848746439827,0.12215270332394051,0.10970290853210096,-0.15822211032424724
300623.SZ,20250711,29.06,29.95,28.82,29.67,29.12,0.55,1.8887,149644.37,442578.821,0.6400000000000006,0.11000000000000298,2.490000000000002,29.236,29.421000000000003,28.766999999999996,29.34503906446167,29.244104809370597,29.030159397881093,1.129999999999999,0.8057142857142863,0.5500000000000007,0.0,0.21838746658925473,0.16519735372453861,1.321979206479354,56.933292201344635,29.44333333333333,28.554230769230767,29.19237997955063,28.98345909096534,0.2089208885852898,0.2073879822862901,0.13950634037621037,0.13882909641815883,1.1684924809240835
300623.SZ,20250714,29.68,29.78,29.36,29.41,29.67,-0.26,-0.8763,81179.94,239310.687,0.5,-0.39000000000000057,2.0199999999999996,29.336000000000002,29.382000000000005,28.867999999999995,29.366692709641114,29.274267571303216,29.06633469332099,0.4200000000000017,0.7614285714285719,0.0,0.26000000000000156,0.2027883618328794,0.17196897131564312,1.1792148332426107,54.111912935539806,29.43166666666667,28.600769230769227,29.225859982696687,29.0150547138568,0.21080526883988782,0.20938482695924815,0.15376612606894588,0.11407828554188387,-0.4575142385911344
300623.SZ,20250715,29.4,29.72,29.06,29.27,29.41,-0.14,-0.476,96438.7,283267.019,-0.120000000000001,-0.9200000000000017,2.120000000000001,29.312,29.29,28.973999999999997,29.334461806427413,29.273491649248086,29.08573138919518,0.6600000000000001,0.6942857142857147,0.0,0.14000000000000057,0.18830347884481657,0.1696854733645258,1.10972067974431,52.60036034148388,29.407500000000002,28.63653846153846,29.232650754589507,29.033939549867405,0.1987112047221018,0.2061699921365319,0.16275514179957706,0.07191212584504947,0.18796219854313756
300623.SZ,20250716,29.39,29.9,29.2,29.28,29.27,0.01,0.0342,118066.55,348678.532,0.19000000000000128,-0.259999999999998,1.9100000000000001,29.35,29.264,29.069499999999998,29.31630787095161,29.274674985748433,29.104233161652783,0.6999999999999993,0.6928571428571431,0.010000000000001563,0.0,0.17556751607018692,0.15756508240991682,1.1142539538895775,52.70199220106424,29.364166666666666,28.69961538461538,29.239935253883427,29.052166249877224,0.18776900400620278,0.19961765408552287,0.1677579142409022,0.040022179530601165,0.22426525865653527
300623.SZ,20250717,29.28,29.82,29.07,29.72,29.28,0.44,1.5027,127717.52,376509.638,0.5999999999999979,0.25,2.539999999999999,29.47,29.288999999999998,29.196500000000004,29.45087191396774,29.355643170157805,29.162877622447755,0.75,0.7085714285714287,0.4399999999999977,0.0,0.19445555063660197,0.14631043366635135,1.3290614056960661,57.064249248459,29.325,28.770384615384614,29.313791368670593,29.101635416552984,0.21215595211760885,0.19832507028579963,0.17663752181624354,0.07103686060273062,0.08174178037725334
300623.SZ,20250718,29.9,30.15,29.47,29.68,29.72,-0.04,-0.1346,106692.45,316889.342,0.00999999999999801,0.6499999999999986,2.629999999999999,29.472,29.354000000000003,29.327999999999996,29.52724794264516,29.41461713922002,29.212127372690826,0.6799999999999997,0.7150000000000001,0.0,0.03999999999999915,0.18056586844827324,0.1387168312616119,1.3016868018541778,56.55360237568263,29.33666666666667,28.841538461538462,29.370131158105885,29.144477237549058,0.22565392055682665,0.2018771920222338,0.1864408015643602,0.07842623798493292,-0.16462165879826046
300623.SZ,20250721,29.5,29.78,29.47,29.69,29.68,0.01,0.0337,92959.72,275512.031,0.28000000000000114,0.7800000000000011,2.2200000000000024,29.528,29.432,29.439,29.58149862843011,29.464686750270925,29.257639051482176,0.3100000000000023,0.6085714285714288,0.010000000000001563,0.0,0.16838259213053955,0.1288084861714968,1.307232133031619,56.658023885700814,29.355,28.938076923076924,29.419341749166517,29.184886331063943,0.23445541810257353,0.2050186679275438,0.1960437248720029,0.07682338646114129,-0.12871323134860993
300623.SZ,20250722,29.65,30.17,29.51,29.88,29.69,0.19,0.6399,145999.61,436008.195,0.6099999999999994,0.48999999999999844,1.3900000000000006,29.65,29.481,29.508499999999998,29.680999085620073,29.540198250221664,29.31691152276959,0.6600000000000001,0.5900000000000001,0.18999999999999773,0.0,0.1699266926926437,0.11960788001638988,1.4206981402007848,58.689603491121154,29.425833333333333,29.033846153846152,29.490212249294743,29.23637623246661,0.2538360168281315,0.21214575903873487,0.2076021832632286,0.09246766712980581,0.5705685215058736
300623.SZ,20250723,29.72,30.2,29.65,29.87,29.88,-0.01,-0.0335,158452.9,474458.532,0.5899999999999999,0.7800000000000011,-0.05000000000000071,29.768,29.559000000000005,29.506,29.743999390413386,29.600162204726814,29.369586615839154,0.5500000000000007,0.5921428571428573,0.0,0.00999999999999801,0.15778907178602633,0.11177874572950475,1.4116196308720688,58.53409106483394,29.50583333333333,29.138461538461534,29.54864113401863,29.283311326357975,0.26532980766065606,0.22195972015769763,0.21914770814271411,0.09236419903588389,0.08529673469675714
300623.SZ,20250724,29.8,30.35,29.78,30.23,29.87,0.36,1.2052,154906.39,466712.904,0.5100000000000016,1.1099999999999994,0.6799999999999997,29.869999999999997,29.669999999999998,29.540000000000003,29.905999593608925,29.714678167503756,29.451530747663995,0.5700000000000003,0.5878571428571432,0.35999999999999943,0.0,0.17223270951559583,0.10379454960596869,1.6593617889324277,62.39699298674818,29.575833333333335,29.24846153846154,29.653465574938842,29.35343641329442,0.30002916164442084,0.2320828616087122,0.2353239988430555,0.1294103256027307,-0.022382108500380745
300623.SZ,20250725,30.37,30.6,29.97,30.54,30.23,0.31,1.0255,173996.12,527351.8,0.8599999999999994,0.8699999999999974,0.9800000000000004,30.042,29.757000000000005,29.589,30.11733306240595,29.86473668250307,29.55519448598171,0.6300000000000026,0.6014285714285718,0.3099999999999987,0.0,0.18207323026448177,0.09638065320554236,1.8891055850824185,65.38721169750974,29.696666666666673,29.377692307692307,29.789855486486715,29.44133001230965,0.34852547417706603,0.24738510664617644,0.25796429390985764,0.18112236053441677,0.12323397375666671
300623.SZ,20250728,30.59,30.76,30.25,30.34,30.54,-0.2,-0.6549,128912.46,392076.338,0.6499999999999986,0.9299999999999997,0.5399999999999991,30.172000000000004,29.85,29.616000000000003,30.191555374937302,29.95114819477524,29.629937868269163,0.5100000000000016,0.6000000000000004,0.0,0.1999999999999993,0.1690679995313045,0.10378203511943214,1.6290680688304233,61.963708286759434,29.798333333333332,29.50423076923077,29.8744931039503,29.507898159545974,0.3665949444043264,0.266038855499757,0.27969042400875144,0.1738090407911499,-0.25910727204721573
300623.SZ,20250729,30.26,30.65,30.11,30.42,30.34,0.08,0.2637,131888.28,401334.216,0.5400000000000027,1.1500000000000021,0.23000000000000043,30.28,29.964999999999996,29.627499999999998,30.26770358329154,30.036393977543376,29.70518188081496,0.5399999999999991,0.6064285714285719,0.08000000000000185,0.0,0.16270599956478288,0.09636903261090127,1.6883639397079262,62.80265535370022,29.860833333333336,29.617692307692305,29.9584172418041,29.575461258838864,0.38295598296523536,0.28772629760631613,0.30034353580004824,0.16522489433037424,0.023084037027917954
300623.SZ,20250730,30.43,31.13,30.16,30.52,30.42,0.1,0.3287,209839.57,643421.957,0.6499999999999986,1.2399999999999984,0.9800000000000004,30.410000000000004,30.089,29.676499999999997,30.351802388861028,30.12432234526276,29.78278360645163,0.9699999999999989,0.6485714285714289,0.09999999999999787,0.0,0.15822699959586967,0.08948553028155118,1.7681853043507147,63.87525074899013,29.953333333333333,29.695769230769233,30.044814589218852,29.645427091517465,0.3993874977013867,0.30852980267118035,0.3201523281803159,0.15847033904214158,0.5910403107842487
300623.SZ,20250731,30.3,30.69,29.71,29.85,30.52,-0.67,-2.1953,190218.24,574621.32,-0.379999999999999,0.13000000000000256,0.38000000000000256,30.333999999999996,30.102000000000004,29.6955,30.184534925907354,30.074445555214986,29.78918516774195,0.9800000000000004,0.6378571428571433,0.0,0.6699999999999982,0.14692507105330757,0.13095084954715455,1.12198639078245,52.87434432455218,30.001666666666665,29.693076923076923,30.014843113954413,29.66058064029395,0.35426247366046226,0.32281964190491763,0.32697435727634516,0.0545762327682342,-0.0935063391523344
300623.SZ,20250801,29.8,30.83,29.73,29.94,29.85,0.09,0.3015,143031.76,430626.831,-0.5999999999999979,0.26000000000000156,0.9100000000000001,30.214,30.128000000000004,29.741000000000007,30.10302328393824,30.05000090881226,29.80354848509986,1.0999999999999979,0.6864285714285716,0.08999999999999986,0.0,0.14285899454949988,0.12159721743664352,1.1748541419044767,54.019905025708084,30.05666666666667,29.708076923076927,30.003328788730656,29.681278370642545,0.32205041808811075,0.33255241968108845,0.3259895694386983,-0.007878302701175066,-0.24806495949074064
300623.SZ,20250804,29.77,30.02,29.56,30.02,29.94,0.08,0.2672,97629.64,291280.937,-0.3200000000000003,0.3299999999999983,1.1099999999999994,30.15,30.161,29.7965,30.07534885595883,30.04454619811912,29.824162915090348,0.46000000000000085,0.6721428571428574,0.0799999999999983,0.0,0.13836906636739263,0.1129117019054547,1.2254625874229967,55.06552185368513,30.081666666666667,29.72576923076923,30.0058935904644,29.70636886170606,0.2995247287583389,0.33762894322888926,0.3206966013026264,-0.04234374508857497,-0.3174268428214825
300623.SZ,20250805,30.02,30.14,29.8,30.06,30.02,0.04,0.1332,103133.85,308952.002,-0.360000000000003,0.17999999999999972,0.6699999999999982,30.077999999999996,30.178999999999995,29.830000000000002,30.07023257063922,30.047355980279278,29.846623589843645,0.33999999999999986,0.6464285714285717,0.03999999999999915,0.0,0.13134270448400737,0.10484658034077936,1.252713288856046,55.60908683111593,30.113333333333333,29.735769230769225,30.014217653469878,29.732563760838946,0.2816538926309313,0.3394427304478087,0.3128880595682874,-0.06246833387471218,0.05637847276708187
300623.SZ,20250806,30.0,30.88,29.85,30.83,30.06,0.77,2.5615,206416.98,628700.263,0.3099999999999987,0.9599999999999973,1.7399999999999984,30.139999999999997,30.275,29.917,30.32348838042615,30.189654892955772,29.94027848604901,1.0299999999999976,0.6664285714285716,0.7699999999999996,0.0,0.17696108273514968,0.09735753888786655,1.8176412916411955,64.50932192942386,30.208333333333332,29.760384615384616,30.13972262985913,29.813855334110137,0.3258672957489921,0.3423136342372055,0.3154839068044284,0.020766777889127397,1.0014474394197443
300623.SZ,20250807,30.7,32.85,30.59,32.05,30.83,1.22,3.9572,517149.51,1644668.757,2.1999999999999957,1.8199999999999967,2.929999999999996,30.579999999999995,30.457,30.063499999999998,30.898992253617436,30.527899457872902,30.14120434452053,2.2600000000000016,0.7792857142857146,1.2199999999999989,0.0,0.25146386253978176,0.09040342896730466,2.7815743873025687,73.55598759718411,30.389166666666664,29.856923076923074,30.433611456034647,29.979495679731606,0.45411577630304123,0.35404589002898057,0.343210280704151,0.22181099119778047,1.5053632215721788
300623.SZ,20250808,31.8,32.0,31.36,31.38,32.05,-0.67,-2.0905,262950.78,830137.005,1.4399999999999977,0.8399999999999999,1.7099999999999973,30.868000000000002,30.541000000000004,30.149,31.05932816907829,30.682826829168732,30.259184883137625,0.6899999999999977,0.8064285714285714,0.0,0.6699999999999982,0.23350215807265448,0.13180318404106847,1.7715972476044106,63.91972171049256,30.515,29.930384615384614,30.579209693567776,30.08323674049223,0.49597295307554745,0.3684212243257829,0.3737628151784303,0.2444202757942343,-0.49153818206266886
300623.SZ,20250811,31.21,31.67,31.21,31.62,31.38,0.24,0.7648,180686.84,569252.743,1.6000000000000014,1.2800000000000011,2.210000000000001,31.188,30.669,30.259500000000003,31.24621877938553,30.853221951138053,30.388786322838804,0.46000000000000085,0.7921428571428571,0.240000000000002,0.0,0.2339662896388936,0.12238867089527786,1.9116662345249862,65.6554041757076,30.63083333333333,30.029999999999998,30.73933127917273,30.197071056011325,0.5422602231614064,0.3861216954586908,0.40746229677502555,0.26959585277276177,-0.3128491955794922
300623.SZ,20250812,31.5,32.84,31.21,32.64,31.62,1.02,3.2258,399942.83,1287611.85,2.580000000000002,2.219999999999999,3.370000000000001,31.703999999999997,30.891,30.427999999999997,31.710812519590355,31.17809068729477,30.603187625425583,1.6300000000000026,0.8692857142857144,1.0199999999999996,0.0,0.2901115546646869,0.11364662297418658,2.552751213122999,71.85279970333292,30.805833333333336,30.173461538461538,31.031741851607695,30.378028755566042,0.6537130960416526,0.4143800952742759,0.45671245662835097,0.3940012788266033,1.213458545182372
300623.SZ,20250813,32.48,32.76,32.23,32.65,32.64,0.01,0.0306,278269.78,905125.025,1.8200000000000003,2.129999999999999,3.3699999999999974,32.068,31.103999999999996,30.5965,32.023875013060234,31.445710562332085,30.798122137289816,0.5300000000000011,0.8664285714285717,0.00999999999999801,0.0,0.270103586474352,0.10552900704745896,2.559519832806537,71.90632312865804,30.99833333333333,30.298846153846153,31.280704643668052,30.54632292182041,0.7343817218476438,0.45661556729507385,0.5122463096722095,0.4442708243508686,-0.3042261065162738
300623.SZ,20250814,32.59,33.86,31.7,31.93,32.65,-0.72,-2.2052,386808.89,1274051.102,-0.11999999999999744,2.0799999999999983,2.210000000000001,32.044,31.312,30.706999999999994,31.992583342040156,31.533763187362613,30.9059200289765,2.16,0.9757142857142858,0.0,0.7199999999999989,0.25081047315475546,0.14941979225835467,1.6785625877533747,62.66654344490256,31.124166666666664,30.40807692307692,31.38059623694989,30.648817520204084,0.7317787167458079,0.5021409338125957,0.5561527910869293,0.35125185131775716,0.3900499364321917
300623.SZ,20250815,31.77,32.92,31.77,32.79,31.93,0.86,2.6934,261408.47,846520.218,1.4100000000000001,2.849999999999998,3.1099999999999994,32.326,31.597,30.862499999999994,32.25838889469344,31.76216988056941,31.08535621669302,1.1500000000000021,1.0214285714285716,0.8599999999999994,0.0,0.2943240107865586,0.1387469499541865,2.121300762890592,67.96207491796099,31.313333333333333,30.549230769230764,31.597427585111447,30.807423629818597,0.7900039552928497,0.5566386256497636,0.6029230239281134,0.3741618627294727,-0.3241921869996318
300623.SZ,20250818,32.9,33.48,32.59,33.0,32.79,0.21,0.6404,312883.56,1035632.507,1.379999999999999,2.9800000000000004,3.3099999999999987,32.602,31.895,31.028,32.50559259646229,31.98722990228406,31.26770324367464,0.8899999999999935,1.046428571428571,0.21000000000000085,0.0,0.28830086715894737,0.12883645352888745,2.2377274386422408,69.1141388844221,31.575833333333335,30.67730769230769,31.813207956632763,30.969836694276477,0.8433712623562855,0.6190516667303585,0.6510126716137479,0.38471718148507517,0.19691439225362511
300623.SZ,20250819,32.99,33.19,32.54,32.61,33.0,-0.39,-1.1818,241119.02,790909.118,-0.030000000000001137,2.5500000000000007,2.7300000000000004,32.596000000000004,32.15,31.164499999999997,32.5403950643082,32.100460829141504,31.39554102999134,0.6499999999999986,1.0235714285714281,0.0,0.39000000000000057,0.26770794807616544,0.14749099256253842,1.8150799816650036,64.47703061678052,31.798333333333336,30.800384615384612,31.93579134792003,31.09133027247822,0.84446107544181,0.6766731978073383,0.6897023523793604,0.3095174461248993,-0.22936500722505207
300623.SZ,20250820,32.62,33.2,32.0,33.15,32.61,0.54,1.6559,289923.64,944445.314,0.5,2.3200000000000003,3.2799999999999976,32.696,32.382,31.3285,32.7435967095388,32.291286132933955,31.562632360468356,1.2000000000000028,1.0392857142857141,0.5399999999999991,0.0,0.2871573803564393,0.13695592166521425,2.0967138687028752,67.7077042827056,32.05916666666666,30.949615384615388,32.12259267900926,31.243824326368724,0.8787683526405345,0.7238568174003931,0.7275155524315953,0.30250560041787855,0.20240883527147724
300623.SZ,20250821,33.37,33.47,32.35,32.51,33.15,-0.64,-1.9306,218948.85,719408.399,0.5799999999999983,0.46000000000000085,2.2799999999999976,32.812,32.428,31.442499999999995,32.66573113969254,32.33105229058233,31.65285784994756,1.1199999999999974,1.0407142857142855,0.0,0.6400000000000006,0.2666461389024079,0.17288764154627043,1.5423088458930976,60.665675941952436,32.26333333333333,31.07384615384615,32.18219380531553,31.337615117008077,0.8445786883074504,0.7625907879817156,0.7509281796067664,0.18730101740136806,-0.24480511489163148
300623.SZ,20250822,32.53,33.98,32.52,33.68,32.51,1.17,3.5989,419759.59,1401508.948,0.8900000000000006,2.3000000000000007,3.1400000000000006,32.989999999999995,32.658,31.599499999999995,33.00382075979503,32.57631551047645,31.84591900709541,1.4699999999999989,1.1128571428571425,1.1700000000000017,0.0,0.3311714146950932,0.1605385242929654,2.0628781543471852,67.3509702440926,32.50083333333333,31.226153846153842,32.412625527574676,31.511125108340813,0.9015004192338623,0.8025063653230996,0.7810426275321856,0.2409155834033534,0.9171582312489881
300623.SZ,20250825,34.1,34.59,33.51,33.87,33.68,0.19,0.5641,445905.56,1515909.267,0.8699999999999974,2.2499999999999964,3.5299999999999976,33.164,32.882999999999996,31.776,33.292547173196695,32.811530872208,32.03868862546727,1.0800000000000054,1.1657142857142857,0.18999999999999773,0.0,0.32108774221687214,0.14907148684346788,2.1539178887645325,68.29340410026576,32.652499999999996,31.38730769230769,32.63683698487088,31.685856581797047,0.9509804030738351,0.8355360661044533,0.8150301826405155,0.2719004408666392,0.06228796345069798
300623.SZ,20250826,33.8,34.15,33.25,33.55,33.87,-0.32,-0.9448,313362.08,1054838.867,0.9399999999999977,0.9099999999999966,3.1299999999999955,33.352,32.974000000000004,31.932499999999997,33.37836478213113,32.945797986352,32.18262304208944,0.8999999999999986,1.1564285714285716,0.0,0.3200000000000003,0.2981529034870956,0.16128066635464874,1.8486586782291135,64.89575926935352,32.833333333333336,31.53576923076923,32.77732360258305,31.82394127944171,0.9533823231413443,0.8598694662481977,0.8427006107406814,0.22136342480132587,-0.2972456320123032
300623.SZ,20250827,33.6,35.2,33.41,33.7,33.55,0.15,0.4471,546680.71,1874847.099,0.5500000000000043,1.0500000000000043,3.1800000000000033,33.462,33.07899999999999,32.091499999999996,33.485576521420754,33.082925625197085,32.32713513331902,1.7900000000000063,1.1228571428571432,0.15000000000000568,0.0,0.2875705532380177,0.14976061875788813,1.9202014229316273,65.75578683897471,33.00666666666667,31.682692307692307,32.91927381757028,31.962908592075657,0.956365225494622,0.8848235227758438,0.8654335336914696,0.18186338360630483,0.7445656155971391
300623.SZ,20250828,33.7,35.36,33.35,35.36,33.7,1.66,4.9258,591467.63,2046442.119,2.8500000000000014,3.4299999999999997,5.509999999999998,34.032000000000004,33.422,32.367000000000004,34.11038434761384,33.49693914788852,32.61597940633625,2.009999999999998,1.2171428571428575,1.6599999999999966,0.0,0.3856012280067305,0.13906343170375327,2.7728441854374526,73.49479727098637,33.233333333333334,31.893846153846155,33.2947701533287,32.214544992662645,1.0802251606660533,0.9170703233728664,0.9083918590863864,0.34366660315933384,0.0819251881047715
300623.SZ,20250829,35.42,35.49,34.38,34.69,35.36,-0.67,-1.8948,352965.23,1224026.796,1.009999999999998,1.8999999999999986,4.7499999999999964,34.233999999999995,33.612,32.604499999999994,34.303589565075896,33.71385930281787,32.813505177161375,1.1099999999999994,1.263571428571429,0.0,0.6700000000000017,0.3580582831491069,0.17698747229634243,2.023071342301477,66.9210585272296,33.40333333333333,32.065384615384616,33.50942089897044,32.39791203024319,1.111508868727249,0.9468633907474179,0.949015261014559,0.3249872154253799,-0.4032382972505191
300623.SZ,20250901,35.0,35.39,34.2,34.79,34.69,0.1,0.2883,286733.92,994273.26,0.9200000000000017,1.7899999999999991,4.77,34.418,33.791,32.842999999999996,34.465726376717264,33.909521247760075,33.00174277933648,1.1899999999999977,1.2321428571428572,0.10000000000000142,0.0,0.33962554863845656,0.16434550998946082,2.0665337839788633,67.38989130905682,33.641666666666666,32.228846153846156,33.7064330683596,32.575103731706655,1.1313293366529464,0.9787376419930998,0.9854780761422366,0.2917025210214197,-0.18764259017807505
300623.SZ,20250902,34.89,34.9,32.23,32.44,34.79,-2.35,-6.7548,348584.0,1161136.383,-1.1099999999999994,-0.1700000000000017,2.379999999999999,34.196,33.774,32.962,33.790484251144846,33.642335566349146,32.94824346701872,2.6700000000000017,1.385,0.0,2.3500000000000014,0.3153665808785668,0.32046368784735657,0.9840945880544892,49.599177074488495,33.612500000000004,32.309615384615384,33.511597211688894,32.56509604787653,0.9465011638123642,0.9862635099010808,0.9776826936762621,-0.06236305972779599,0.2157054875126041
300623.SZ,20250903,32.58,32.98,31.7,31.91,32.44,-0.53,-1.6338,211574.85,684375.019,-1.7900000000000027,-1.2399999999999984,1.0800000000000018,33.838,33.65,33.016000000000005,33.1636561674299,33.32736546337657,32.84936313682646,1.2799999999999976,1.322142857142857,0.0,0.5299999999999976,0.2928403965300977,0.3354305672868309,0.8730283554619701,46.61052529803498,33.52166666666667,32.36692307692307,33.265197640659835,32.51657041470049,0.7486272259593463,0.975602236306847,0.9318716001328791,-0.3664887483470656,-0.39304486149679846
300623.SZ,20250904,31.93,32.17,30.04,30.74,31.91,-1.17,-3.6666,235993.8,734464.354,-4.620000000000001,-1.7699999999999996,-1.3099999999999987,32.914,33.473,32.95049999999999,32.3557707782866,32.856935379126284,32.64847140950965,2.1300000000000026,1.3921428571428571,0.0,1.1700000000000017,0.27192322534937646,0.395042669623486,0.6883388713643154,40.77018441256888,33.365833333333335,32.37538461538461,32.87670569594294,32.38497260620416,0.49173308973877994,0.9300725330296156,0.8438438980540593,-0.7042216166305588,0.11541518285372757
300623.SZ,20250905,31.0,31.66,30.52,31.52,30.74,0.78,2.5374,176874.58,551328.311,-3.169999999999998,-2.16,0.14000000000000057,32.28,33.25699999999999,32.957499999999996,32.07718051885773,32.61385621928514,32.540997941937306,1.1400000000000006,1.4100000000000004,0.7800000000000011,0.0,0.30821442353870676,0.3668253360789513,0.8402211985498467,45.65870663874364,33.23,32.43961538461539,32.66798174272095,32.32090056130015,0.3470811814207977,0.8629726195126115,0.744491354727407,-0.7948203466132187,-0.25051175073243453
300623.SZ,20250908,30.99,31.18,30.21,31.1,31.52,-0.42,-1.3325,220409.02,677231.908,-3.6899999999999977,-2.769999999999996,-0.5199999999999996,31.541999999999994,32.980000000000004,32.93149999999999,31.75145367923849,32.338609633960566,32.40376004270519,1.3099999999999987,1.4571428571428575,0.0,0.41999999999999815,0.2861991075716563,0.3706235263590261,0.7722097687193575,43.573271197877176,33.112500000000004,32.48423076923077,32.42675378230234,32.23046348268532,0.1962902996170186,0.7788512835654642,0.6348511437053294,-0.8771216881766215,0.2461316939946939
300623.SZ,20250909,30.97,30.97,30.08,30.09,31.1,-1.01,-3.2476,165218.97,502109.535,-2.349999999999998,-3.4599999999999973,-2.5500000000000007,31.072000000000003,32.634,32.804,31.197635786158997,31.929771518695006,32.18340194339993,1.0200000000000031,1.4442857142857146,0.0,1.0100000000000016,0.26575631417368084,0.41629327447623865,0.6383872391598049,38.96436836795565,32.813333333333325,32.48692307692308,32.067253200409674,32.07191063211604,-0.004657431706363013,0.6720709883209103,0.5069494286229909,-1.0232137206587077,-0.2503983276183524
300623.SZ,20250910,30.15,30.52,30.03,30.07,30.09,-0.02,-0.0665,112891.95,341353.172,-1.8399999999999999,-3.6300000000000026,-2.5799999999999983,30.704,32.270999999999994,32.675000000000004,30.82175719077267,31.591631242568642,31.982125567838033,0.48999999999999844,1.3992857142857147,0.0,0.019999999999999574,0.24677372030413222,0.38798661201365015,0.6360366895738409,38.87667639895761,32.49666666666666,32.48730769230769,31.75998347726972,31.923620955662997,-0.16363747839327658,0.5338640284254291,0.3728320472197374,-1.072939051226028,-0.3167131474067415
300623.SZ,20250911,29.88,31.1,29.71,31.0,30.07,0.93,3.0928,197384.53,604189.378,0.26000000000000156,-4.359999999999999,-0.9299999999999997,30.756,31.834999999999997,32.62850000000001,30.881171460515112,31.48406192573798,31.888589799472506,1.3900000000000006,1.3935714285714291,0.9299999999999997,0.0,0.2955755974252656,0.3602732825841037,0.8204205299521905,45.067637749269785,32.284166666666664,32.49384615384616,31.64306294230515,31.85520458857685,-0.21214164627170007,0.38679174898110147,0.25583730852144987,-0.9359579095862999,0.7484375989607762
300623.SZ,20250912,30.92,31.7,30.87,31.26,31.0,0.26,0.8387,198742.54,622570.155,-0.259999999999998,-3.429999999999996,-1.5299999999999976,30.703999999999997,31.491999999999997,32.552,31.007447640343408,31.44332339378562,31.82872410428465,0.8299999999999983,1.375714285714286,0.26000000000000156,0.0,0.2930344833234611,0.33453947668523915,0.8759339442596511,46.693218966478256,32.080833333333324,32.46346153846154,31.58413018195051,31.81111535979338,-0.2269851778428702,0.23586791403712187,0.15927281124858586,-0.7725159781829121,0.006880022461740083
300623.SZ,20250915,31.85,32.08,30.91,30.92,31.26,-0.34,-1.0877,169606.5,531886.493,-0.17999999999999972,-3.8699999999999974,-2.0799999999999983,30.668,31.105,32.448,30.978298426895606,31.348173685824595,31.742178951495635,1.1699999999999982,1.395,0.0,0.33999999999999986,0.27210344880035675,0.3349295140648649,0.8124200387657065,44.82515208334269,31.71083333333333,32.44576923076923,31.48195630780428,31.745106814623497,-0.26315050681921903,0.10146217285583485,0.07478814763502489,-0.6758773089084879,-0.14660193031647883
300623.SZ,20250916,30.87,31.56,30.82,31.38,30.92,0.46,1.4877,131526.18,411173.963,1.2899999999999991,-1.0599999999999987,-1.2300000000000004,30.926,30.999000000000002,32.3865,31.112198951263736,31.353960288401936,31.70768571801986,0.7399999999999984,1.3199999999999996,0.4599999999999973,0.0,0.2855246310289025,0.311005977345946,0.9180679852699442,47.86420462258732,31.435,32.43653846153846,31.466270721988238,31.71806186539213,-0.2517911434038922,-0.00969542374008054,0.00947228942724148,-0.5225268656622674,-0.2245215837836404
300623.SZ,20250917,31.37,31.81,31.09,31.55,31.38,0.17,0.5417,150453.64,473912.232,1.4800000000000004,-0.35999999999999943,-1.5999999999999979,31.222,30.963,32.30649999999999,31.258132634175826,31.389603872328856,31.692668030589395,0.7199999999999989,1.2278571428571425,0.1700000000000017,0.0,0.27727287166969533,0.28879126467837846,0.9601151613034039,48.98258940382681,31.165000000000003,32.39461538461538,31.479152149374663,31.705612838326047,-0.22646068895138427,-0.08949473248343212,-0.03771430624848367,-0.37749276540580123,0.14390640707424196
300623.SZ,20250918,31.5,32.68,31.07,31.65,31.55,0.1,0.317,325682.19,1041837.914,0.6499999999999986,0.9100000000000001,-0.8599999999999994,31.351999999999997,31.053999999999995,32.26349999999999,31.388755089450555,31.436948622814516,31.6886044086285,1.6099999999999994,1.2635714285714281,0.09999999999999787,0.0,0.26461052369328836,0.26816331720135145,0.9867513814150969,49.666575830553434,31.099166666666665,32.356153846153845,31.505436434086256,31.701493368820415,-0.19605693473415897,-0.14984341205620508,-0.06938283194561873,-0.2533482055770805,1.1646680665220195
300623.SZ,20250919,31.65,32.07,31.07,31.17,31.65,-0.48,-1.5166,173775.2,548661.02,-0.08999999999999986,-0.34999999999999787,-2.509999999999998,31.334000000000003,31.019,32.13799999999999,31.315836726300372,31.388412509575513,31.639213512568645,1.0,1.2499999999999998,0.0,0.4799999999999969,0.24570977200091063,0.2832945088298261,0.8673298081767886,46.44759615461965,31.037499999999998,32.32692307692308,31.453830828842218,31.662123489648533,-0.2082926608063147,-0.19479707432546434,-0.09716479771775793,-0.22225572617711353,-0.4664270711272237
300623.SZ,20250922,31.2,31.64,31.08,31.5,31.17,0.33,1.0587,133377.58,419030.238,0.5799999999999983,0.3999999999999986,-2.3699999999999974,31.45,31.059000000000005,32.019499999999994,31.37722448420025,31.408701144198144,31.625955082800203,0.5600000000000023,1.099285714285714,0.3299999999999983,0.0,0.25173050257227403,0.2630591867705528,0.95693484672649,48.899678409182904,31.10083333333333,32.27730769230769,31.460933778251107,31.65011434226716,-0.189180564016052,-0.21529964458209644,-0.11556795097741676,-0.14722522607727045,-0.2324705711747132
300623.SZ,20250923,31.55,31.71,30.39,31.42,31.5,-0.08,-0.254,194202.21,600138.849,0.0400000000000027,1.3300000000000018,-2.1299999999999955,31.458000000000006,31.192,31.912999999999993,31.391482989466837,31.41075548161666,31.606340313009706,1.3200000000000003,1.102142857142857,0.0,0.0799999999999983,0.23374975238854015,0.24998353057265604,0.9350606092052226,48.32203212432065,31.0925,32.21653846153846,31.454636273904782,31.633068835432553,-0.17843256152777087,-0.21694354270815136,-0.1281408730874876,-0.10058337688056657,0.4560333903194226
300623.SZ,20250924,31.13,33.29,31.04,32.9,31.42,1.48,4.7104,413006.47,1341270.501,1.3499999999999979,2.8299999999999983,-0.8000000000000043,31.727999999999998,31.475,31.872999999999998,31.894321992977893,31.68152721223181,31.729545997484973,2.25,1.1107142857142855,1.4799999999999969,0.0,0.3227676272179299,0.2321275641031806,1.390475226261625,58.16731380379696,31.242500000000003,32.2276923076923,31.676999924073275,31.726915588363475,-0.04991566429020011,-0.1989184335990958,-0.1124958313280301,0.12516033407565996,1.1266826469173548
300623.SZ,20250925,32.7,33.12,32.53,32.77,32.9,-0.13,-0.3951,272715.79,894858.879,1.1200000000000045,1.7700000000000031,-2.5899999999999963,31.952000000000005,31.651999999999997,31.743499999999994,32.18621466198527,31.879431355462387,31.82863685486736,0.5899999999999963,1.071428571428571,0.0,0.12999999999999545,0.2997127967023635,0.22483273809581023,1.3330478436580881,57.13761281328651,31.465833333333332,32.21307692307692,31.845153781908156,31.804181100336553,0.04097268157160272,-0.16914533810859883,-0.08180212874810354,0.24554962063941252,-0.3396815551097783
300623.SZ,20250926,32.66,33.1,32.25,32.35,32.77,-0.42,-1.2817,207304.66,676329.63,1.1799999999999997,1.0899999999999999,-2.3399999999999963,32.188,31.761000000000003,31.6265,32.240809774656846,31.96498929083286,31.878290487737136,0.8500000000000014,1.0385714285714283,0.0,0.4200000000000017,0.2783047397950518,0.23877325680325248,1.165560764723216,53.822584141257664,31.655833333333334,32.206923076923076,31.922822430845365,31.844612129941254,0.07821030090411085,-0.1312163594726733,-0.04979964281766065,0.256019887443543,-0.23985090852275176
300623.SZ,20250929,32.27,32.32,31.22,31.85,32.35,-0.5,-1.5456,206827.15,656745.284,0.3500000000000014,0.9299999999999997,-2.9399999999999977,32.257999999999996,31.854000000000003,31.4795,32.11053984977123,31.944082147045066,31.875596155571692,1.1300000000000026,1.046428571428571,0.0,0.5,0.258425829809691,0.25743230988873445,1.0038593443122426,50.09629778465232,31.72666666666667,32.13653846153846,31.911618979946077,31.845011231427087,0.0666077485189902,-0.09583870481457524,-0.02651816455033048,0.18625182613864139,-0.0023034214474484524
300623.SZ,20250930,31.87,32.55,31.87,32.0,31.85,0.15,0.471,178215.86,574745.155,0.5799999999999983,0.620000000000001,-0.4399999999999977,32.374,31.916000000000004,31.457500000000003,32.07369323318082,31.954249029400508,31.887444140755342,0.6999999999999957,1.061428571428571,0.14999999999999858,0.0,0.2506811276804272,0.23904428775382483,1.0486806860600926,51.18809842820632,31.788333333333338,32.06461538461538,31.925216059954373,31.856491880951005,0.06872417900336814,-0.06304038615293608,-0.0074696958395907564,0.15238774968591778,-0.13833430475641137
300623.SZ,20251009,32.34,33.09,32.15,32.78,32.0,0.78,2.4375,262853.12,861037.803,-0.11999999999999744,1.2300000000000004,0.870000000000001,32.35,32.039,31.500999999999998,32.30912882212055,32.1043855695095,31.972449460683404,1.0900000000000034,1.0399999999999996,0.7800000000000011,0.0,0.2884896185603968,0.22196969577140876,1.2996801998480563,56.51569291825569,31.94333333333334,32.035,32.056721281499854,31.92489988976945,0.13182139173040497,-0.026609460990206755,0.02038852167440839,0.22286574011199317,0.4749142977510532
300623.SZ,20251010,32.41,32.65,30.86,30.93,32.78,-1.85,-5.6437,248642.12,783757.176,-1.8400000000000034,-0.7199999999999989,0.19000000000000128,31.982000000000006,31.967000000000002,31.510499999999997,31.849419214747034,31.890860920507773,31.873168559665935,1.9200000000000017,1.1178571428571427,0.0,1.8500000000000014,0.2678832172346542,0.3382575746448797,0.7919503872629958,44.19488356888115,31.905833333333337,31.928461538461537,31.88337954588449,31.851203601638378,0.03217594424611292,0.00010927290450742551,0.0227460061887493,0.01885987611472724,-0.05406441437712438
300623.SZ,20251013,29.33,31.89,29.33,31.85,30.93,0.92,2.9745,238071.4,740887.016,-0.5,0.6799999999999997,0.33000000000000185,31.881999999999998,32.03500000000001,31.526999999999997,31.84961280983136,31.883431662233633,31.870962030173942,2.5600000000000023,1.2171428571428573,0.9200000000000017,0.0,0.314462987432179,0.3140963193131026,1.0011673747717842,50.02916734468344,31.930833333333336,31.793461538461536,31.87824423113303,31.851114445961464,0.027129785171567278,0.02414375614757623,0.023622761985312896,0.007014046372508763,-0.042513794525239734
300623.SZ,20251014,31.95,33.05,30.8,31.11,31.85,-0.74,-2.3234,241921.89,772165.74,-0.740000000000002,-0.39000000000000057,0.00999999999999801,31.734,31.996000000000002,31.527500000000003,31.603075206554244,31.742807723645697,31.79848945587166,2.2499999999999964,1.325,0.0,0.740000000000002,0.2920013454727376,0.3445180107907383,0.8475648190425099,45.874700054191095,31.885833333333338,31.655769230769234,31.76005281095872,31.79621707959395,-0.03616426863523259,0.03995134424674715,0.011665355861203801,-0.09565924899287279,0.016173677308572217
300623.SZ,20251015,31.24,32.76,31.23,31.85,31.11,0.74,2.3787,229333.05,732485.674,-0.14999999999999858,0.4299999999999997,1.7600000000000016,31.704,32.039,31.615500000000004,31.685383471036165,31.76229722843739,31.803395221979123,1.6499999999999986,1.3914285714285715,0.740000000000002,0.0,0.3240012493675422,0.3199095814485427,1.0127900761848787,50.3177200726546,31.94250000000001,31.542692307692313,31.773890840041993,31.800200999624032,-0.02631015958203875,0.04257417810320953,0.0040702527725552905,-0.06076082470918808,-0.05203679584348496
300623.SZ,20251016,31.6,33.03,31.4,32.2,31.85,0.35,1.0989,321170.22,1042939.095,-0.5799999999999983,-0.6999999999999957,2.1300000000000026,31.588,31.969,31.722,31.856922314024114,31.84187955053968,31.84116710560016,1.6300000000000026,1.392857142857143,0.3500000000000014,0.0,0.3258583029841464,0.2970588970593611,1.0969484711950248,52.31165602127971,32.00083333333334,31.533461538461545,31.839446095420147,31.829815740392622,0.009630355027525184,0.0390916973760898,0.00518227322354927,0.008896163607951828,0.40045327090883753
300623.SZ,20251017,31.73,32.68,30.03,30.08,32.2,-2.12,-6.5839,259669.66,807426.773,-0.8500000000000014,-2.690000000000005,-0.9200000000000017,31.418,31.7,31.676000000000005,31.264614876016076,31.521537814077917,31.67343690506681,2.6499999999999986,1.510714285714286,0.0,2.1200000000000045,0.3025827099138502,0.4272689758408356,0.7081785175682098,41.45810934189619,31.889166666666668,31.463076923076926,31.56876208074012,31.700199759622798,-0.13143767888267632,0.015797477399780116,-0.02214171719769585,-0.21859192336996094,-0.19148898674354045
300623.SZ,20251020,30.69,31.88,30.28,30.78,30.08,0.7,2.3271,224949.34,697570.976,-1.0700000000000003,-1.5700000000000003,-0.4800000000000004,31.203999999999997,31.543000000000006,31.652000000000005,31.103076584010722,31.38671275697284,31.58834767601283,1.8000000000000007,1.5992857142857144,0.7000000000000028,0.0,0.33096965920571825,0.3967497632807759,0.8342025373093778,45.480393813710634,31.712499999999995,31.464615384615385,31.447414068318565,31.632036814465554,-0.1846227461469887,-0.012117022007550875,-0.054637922987554426,-0.25996964631886854,-0.13370957546599788
300623.SZ,20251021,30.76,31.55,30.66,30.75,30.78,-0.03,-0.0975,180433.44,558341.256,-0.35999999999999943,-1.1000000000000014,-0.1700000000000017,31.132000000000005,31.433000000000003,31.6435,30.985384389340485,31.270946801159596,31.508505040202085,0.8900000000000006,1.5685714285714287,0.0,0.030000000000001137,0.3073289692624526,0.3705533516178634,0.8293784631029015,45.33662551685181,31.544166666666666,31.435000000000002,31.340119596269552,31.56670075413477,-0.22658115786521904,-0.04492872610406056,-0.08902656996308736,-0.27510917580426336,-0.1978930011530596
300623.SZ,20251022,30.51,30.56,29.67,29.83,30.75,-0.92,-2.9919,152000.65,455015.837,-2.020000000000003,-2.1700000000000017,-1.5500000000000007,30.727999999999998,31.216,31.566000000000003,30.600256259560325,31.00895647367603,31.348647417325694,1.0799999999999983,1.4849999999999999,0.0,0.9200000000000017,0.2853769000294203,0.4097995407880161,0.6963816979410477,41.051002777633606,31.334166666666672,31.38615384615385,31.107793504535778,31.438056253828492,-0.3302627492927144,-0.09627140843996271,-0.13727380582901277,-0.3859778869274032,-0.15758049062302423
300623.SZ,20251023,29.71,29.74,28.91,29.53,29.83,-0.3,-1.0057,123621.09,360356.292,-2.6700000000000017,-3.25,-2.0199999999999996,30.194,30.891,31.465000000000003,30.24350417304022,30.740055296644023,31.175442901389914,0.9199999999999982,1.5085714285714287,0.0,0.29999999999999716,0.26499283574160454,0.4019567164460148,0.6592571411285142,39.732065921990376,31.140833333333337,31.36461538461539,30.865056042299504,31.296718753544898,-0.43166271124539435,-0.14780903682790797,-0.19615158691228912,-0.47102224866621045,-0.18670683316156872
300623.SZ,20251024,29.5,30.15,29.38,30.08,29.53,0.55,1.8625,130500.52,389798.142,0.0,-0.8500000000000014,-1.5700000000000003,30.194,30.806,31.3865,30.18900278202681,30.620045242708745,31.071115006019447,0.7699999999999996,1.502857142857143,0.5499999999999972,0.0,0.28535049033148974,0.3732455224141566,0.7645114896110188,43.327090478711085,30.980833333333337,31.365000000000006,30.74427818963804,31.2065914384675,-0.46231324882945657,-0.20219159616135507,-0.24938391929572262,-0.4258586590674679,0.055649323266766276
300623.SZ,20251027,30.35,30.68,29.85,30.07,30.08,-0.01,-0.0332,142579.02,430534.469,-0.7100000000000009,-1.7800000000000011,-1.1000000000000014,30.052,30.627999999999997,31.331500000000005,30.149335188017876,30.520037016761698,30.975770719731884,0.8299999999999983,1.481428571428571,0.0,0.00999999999999801,0.26496831245066904,0.34729941367028816,0.7629391298144232,43.27654409115841,30.754999999999995,31.329230769230776,30.64054308353988,31.1223994800625,-0.4818563965226197,-0.25171294370439806,-0.29587841474110205,-0.3719559635630353,0.09255518675327873
300623.SZ,20251028,29.93,30.1,29.54,29.65,30.07,-0.42,-1.3967,109792.1,327332.871,-1.1000000000000014,-1.4600000000000009,-1.8500000000000014,29.832,30.482,31.239000000000004,29.982890125345254,30.36184846825957,30.84950684166218,0.5600000000000023,1.4714285714285715,0.0,0.4200000000000017,0.2460420044184784,0.3524923126938391,0.6980067239996259,41.10741813527587,30.64833333333333,31.267307692307693,30.488151839918363,31.013332851909723,-0.5251810119913607,-0.30714303841654494,-0.3417389341911538,-0.36688415560041376,-0.22995613239591622
300623.SZ,20251029,29.52,29.73,29.08,29.6,29.65,-0.05,-0.1686,127900.71,375827.832,-0.22999999999999687,-2.25,-1.8200000000000003,29.786,30.256999999999998,31.148000000000003,29.855260083563504,30.223330564939648,30.730506190075307,0.6500000000000021,1.44,0.0,0.04999999999999716,0.22846757553144423,0.33088571892999324,0.6904727598104106,40.844950372808626,30.46083333333333,31.216538461538462,30.35151309531554,30.908641529546042,-0.5571284342305027,-0.3701162372229925,-0.3848168341990236,-0.3446232000629582,0.16493545528321255
300623.SZ,20251030,29.5,29.5,28.72,28.72,29.6,-0.88,-2.973,147192.32,428057.562,-0.8100000000000023,-3.480000000000004,-4.18,29.624000000000002,29.909000000000002,30.939000000000004,29.476840055709005,29.94999773495062,30.539029410068135,0.8800000000000026,1.3657142857142859,0.0,0.8800000000000026,0.21214846299348394,0.3701081675778511,0.573206650320299,36.4355598295746,30.261666666666667,31.11423076923077,30.10051108065161,30.746519934764855,-0.6460088541132443,-0.42729081224861115,-0.43705523818186776,-0.417907231862753,0.15083270452525244
300623.SZ,20251031,28.8,29.21,28.68,28.85,28.72,0.13,0.4526,93586.11,270864.049,-1.2299999999999969,-1.2299999999999969,-3.9200000000000017,29.377999999999997,29.786,30.743000000000006,29.267893370472674,29.74999814677778,30.37816946625212,0.5300000000000011,1.2207142857142856,0.13000000000000256,0.0,0.2062807156368067,0.3436718698937189,0.6002257784455834,37.508818226177226,30.011666666666667,31.01038461538462,29.908124760551363,30.606036976634122,-0.6979122160827593,-0.4843229755748079,-0.4892266337620461,-0.41737116464142643,-0.3641916235847088
300623.SZ,20251103,28.85,29.15,28.34,29.14,28.85,0.29,1.0052,103425.56,296861.829,-0.9299999999999997,-1.6400000000000006,-3.210000000000001,29.191999999999997,29.621999999999996,30.582500000000003,29.225262246981785,29.639089392818185,30.2602485647043,0.8099999999999987,1.117857142857143,0.28999999999999915,0.0,0.21226066451989187,0.3191238791870247,0.6651356365453777,39.94483223752996,29.75666666666667,30.913846153846155,29.78995172046654,30.497441645031596,-0.7074899245650563,-0.537757282985901,-0.5328792919226482,-0.34922126528481634,0.10513793125924346
300623.SZ,20251104,29.2,29.2,28.31,28.51,29.14,-0.63,-2.162,83870.54,240651.663,-1.139999999999997,-2.2399999999999984,-3.34,28.964,29.397999999999996,30.415499999999998,28.98684149798786,29.433800412305786,30.093558225208653,0.8900000000000006,1.0635714285714288,0.0,0.629999999999999,0.19709918848275673,0.3413293163879514,0.5774458243684402,36.606380735746114,29.625833333333333,30.81153846153846,29.593036071163993,30.350223745399628,-0.7571876742356345,-0.5851933857573365,-0.5777409683852455,-0.35889341170077804,-0.1890733779928289
300623.SZ,20251105,28.23,28.55,28.05,28.3,28.51,-0.21,-0.7366,69375.61,196400.843,-1.3000000000000007,-1.5299999999999976,-3.6999999999999993,28.704,29.244999999999997,30.230499999999996,28.75789433199191,29.22765488279564,29.922743156141163,0.5,0.982857142857143,0.0,0.21000000000000085,0.18302067501970268,0.3319486509316692,0.5513523688257947,35.54011196328714,29.419166666666666,30.68846153846153,29.39410744483107,30.198355319814468,-0.8042478749833961,-0.6265917372837811,-0.6230423497048756,-0.36241105055704104,-0.17282504679235394
300623.SZ,20251106,28.52,28.88,28.4,28.81,28.3,0.51,1.8021,85645.24,245469.74,0.08999999999999986,-0.7200000000000024,-3.9700000000000024,28.721999999999998,29.173000000000002,30.031999999999993,28.775262887994607,29.15171763137825,29.816767617461053,0.5799999999999983,0.8350000000000001,0.509999999999998,0.0,0.20637634108972377,0.30823803300797853,0.6695356153028068,40.10310466970014,29.257499999999997,30.588076923076922,29.304244761010906,30.095514185013396,-0.7912694240024898,-0.6631424234141181,-0.6566877645643985,-0.2691633188761826,0.2345151271462695
300623.SZ,20251107,28.55,28.73,28.35,28.48,28.81,-0.33,-1.1454,60075.17,171326.056,-0.370000000000001,-1.5999999999999979,-2.4499999999999993,28.648000000000003,29.012999999999998,29.909499999999998,28.67684192532974,29.02958715294584,29.689456415798098,0.4599999999999973,0.7392857142857141,0.0,0.3299999999999983,0.1916351738690292,0.30979245922169424,0.6185921192222787,38.21791246083093,29.145,30.418076923076917,29.177437874701535,29.975846467605,-0.7984085929034634,-0.6983148896786564,-0.6850319302322115,-0.2267533253425038,-0.29855798173955733
300623.SZ,20251110,28.57,29.07,28.52,28.86,28.48,0.38,1.3343,80500.86,231948.985,-0.28000000000000114,-1.2100000000000009,-2.990000000000002,28.592000000000002,28.892000000000003,29.76,28.737894616886493,28.998753125137505,29.61046056667447,0.5899999999999999,0.7178571428571426,0.379999999999999,0.0,0.20508980430695561,0.2876644264201446,0.712948093232127,41.62111485158198,29.08916666666667,30.267692307692307,29.128601278593607,29.89319117370833,-0.7645898951147245,-0.7249158766923635,-0.7009435232087141,-0.12729274381202083,0.3400022005763779
300623.SZ,20251111,28.98,29.08,28.53,28.61,28.86,-0.25,-0.8663,71362.44,205384.561,0.09999999999999787,-1.0399999999999991,-2.5,28.612000000000002,28.788,29.635,28.69526307792433,28.92807073874887,29.515178607943568,0.5499999999999972,0.6799999999999997,0.0,0.25,0.1904405325707445,0.28497411024727715,0.6682731017407014,40.05777597465398,28.96666666666667,30.123846153846156,29.04881646650228,29.79813997565586,-0.7493235091535801,-0.7462708850171498,-0.7106195203976873,-0.07740797751178574,-0.11351953258635993
300623.SZ,20251112,28.48,28.57,27.6,27.9,28.61,-0.71,-2.4816,99931.27,280004.758,-0.40000000000000213,-1.7000000000000028,-3.950000000000003,28.532,28.618000000000002,29.4375,28.430175385282887,28.74114878624907,29.361352073853705,1.009999999999998,0.6864285714285712,0.0,0.7100000000000009,0.17683763738711988,0.3153331023724717,0.5607963009802857,35.930140315431785,28.785833333333333,29.971923076923076,28.872075471655776,29.657537014496167,-0.785461542840391,-0.761765628209055,-0.725587924886228,-0.11974723590832603,0.40033426547634865
300623.SZ,20251113,27.99,28.04,27.62,27.77,27.9,-0.13,-0.4659,94592.26,263395.7,-1.0399999999999991,-0.9499999999999993,-4.430000000000003,28.324,28.522999999999996,29.215999999999998,28.210116923521923,28.564576279658326,29.209794733486685,0.41999999999999815,0.661428571428571,0.0,0.129999999999999,0.16420637757375417,0.3020950236315808,0.5435586975242983,35.214643822493294,28.629166666666663,29.809230769230762,28.70252539909335,29.51771945786682,-0.8151940587734714,-0.7747969440635786,-0.7435091516636767,-0.1433698142195894,-0.05342682025356036
300623.SZ,20251114,27.53,27.93,27.26,27.26,27.77,-0.51,-1.8365,93833.99,258352.271,-1.2199999999999989,-1.5899999999999999,-2.8199999999999967,28.080000000000002,28.363999999999997,29.075,27.89341128234795,28.32738059244772,29.024099996964143,0.6699999999999982,0.6499999999999996,0.0,0.509999999999998,0.1524773506042003,0.3169453790864677,0.4810839995323046,32.4818848683951,28.434166666666666,29.596923076923076,28.480598414617447,29.350480979506315,-0.8698825648888686,-0.7928405707662244,-0.7687838343087151,-0.202197461160307,-0.008016194982549203
300623.SZ,20251117,27.39,27.48,27.04,27.31,27.26,0.05,0.1834,69390.28,189120.656,-1.5500000000000007,-1.8300000000000018,-3.4700000000000024,27.77,28.181,28.90149999999999,27.698940854898634,28.14240230291177,28.860852378205653,0.4400000000000013,0.6414285714285709,0.04999999999999716,0.0,0.14515753984675722,0.2943064234374343,0.49321906790667047,33.03058998557456,28.316666666666663,29.4576923076923,28.300506350830148,29.199334240283626,-0.8988278894534787,-0.808578372457096,-0.7947926453376679,-0.20807048823162155,-0.26049952687720096
300623.SZ,20251118,27.2,27.81,27.08,27.59,27.31,0.28,1.0253,75527.97,207500.711,-1.0199999999999996,-0.9200000000000017,-3.16,27.566000000000003,28.089,28.7435,27.66262723659909,28.041965520564172,28.73981881837654,0.7300000000000004,0.6471428571428566,0.28000000000000114,0.0,0.15478914414341752,0.2732845360490461,0.5664028648720821,36.15946303305162,28.211666666666662,29.293846153846154,28.191197681471664,29.08012429655891,-0.8889266150872466,-0.8179871213575238,-0.8136194392875837,-0.15061435159932568,0.08845172551544686
300623.SZ,20251119,27.56,27.7,27.16,27.35,27.59,-0.24,-0.8699,57307.63,156894.842,-0.5499999999999972,-0.9499999999999993,-2.479999999999997,27.456,27.994,28.6195,27.558418157732728,27.916153607734323,28.6074551213883,0.5399999999999991,0.622857142857142,0.0,0.23999999999999844,0.14373277670460197,0.27090706918839985,0.53056118888003,34.66448729620944,28.0625,29.149230769230773,28.061782653552946,28.95196694125825,-0.8901842877053028,-0.8289776617689475,-0.8289324089711276,-0.1225037574683503,-0.24123963612420674
300623.SZ,20251120,27.55,27.73,27.31,27.42,27.35,0.07,0.2559,50599.33,139000.398,-0.34999999999999787,-1.389999999999997,-2.1099999999999994,27.386000000000003,27.855,28.514,27.512278771821823,27.825943860873537,28.494364157446558,0.4200000000000017,0.6149999999999992,0.07000000000000028,0.0,0.13846614979713043,0.2515565642463713,0.5504374342683359,35.50207329250224,27.971666666666668,28.978846153846156,27.963046860698647,28.838487908572453,-0.8754410478738066,-0.8375368234323189,-0.8382341367516635,-0.07441382224428628,-0.11705771116341744
300623.SZ,20251121,27.1,27.32,26.53,26.55,27.42,-0.87,-3.1729,90318.88,242837.907,-0.7100000000000009,-1.9299999999999997,-3.5299999999999976,27.244,27.662,28.337499999999995,27.191519181214552,27.59395406798744,28.309186618642123,0.8900000000000006,0.620714285714285,0.0,0.870000000000001,0.12857571052590683,0.29573109537163056,0.43477237442458366,30.30253315261589,27.825833333333335,28.761538461538457,27.74565503597578,28.668970285715233,-0.9233152497394528,-0.8551729739461776,-0.8552503593492213,-0.1361297807804629,0.7849817379004821
300623.SZ,20251124,26.85,26.98,26.55,26.86,26.55,0.31,1.1676,60674.8,162370.671,-0.4499999999999993,-2.0,-3.210000000000001,27.153999999999996,27.462,28.177000000000003,27.08101278747637,27.460507873807902,28.17116884543811,0.4299999999999997,0.5878571428571421,0.3099999999999987,0.0,0.14153458834548482,0.2746074457022284,0.5154069584076696,34.01112523260676,27.663333333333338,28.63769230769231,27.609400415056427,28.534972486773363,-0.9255720717169353,-0.8747561475643282,-0.8693147018227642,-0.11251473978834237,-0.328215761754353
300623.SZ,20251125,27.08,27.46,26.86,27.03,26.86,0.17,0.6329,86316.74,234559.481,-0.5599999999999987,-1.5799999999999983,-2.6199999999999974,27.042,27.303999999999995,28.046,27.064008524984253,27.382233714933736,28.06248609825353,0.6000000000000014,0.5949999999999994,0.1700000000000017,0.0,0.14356783203509318,0.25499262815206925,0.563027382695448,36.02159430658883,27.5425,28.49346153846154,27.52026188966313,28.42349304330867,-0.9032311536455424,-0.8878416598760117,-0.8760979921873199,-0.054266322916445064,0.422612682695287
300623.SZ,20251126,27.01,27.22,26.83,26.96,27.03,-0.07,-0.259,57351.34,155069.919,-0.39000000000000057,-0.9399999999999977,-2.6400000000000006,26.964,27.21,27.914000000000005,27.029339016656174,27.305463948582148,27.957487422229384,0.39000000000000057,0.581428571428571,0.0,0.07000000000000028,0.1333129868897294,0.24177886899835002,0.5513839461737211,35.54142399975423,27.384166666666662,28.34769230769231,27.434067752791876,28.31508615121173,-0.8810183984198545,-0.8951554753922765,-0.8770820734338268,-0.00787264997205539,-0.3355710607235631
300623.SZ,20251127,26.94,27.64,26.87,27.07,26.96,0.11,0.408,99533.82,272327.484,-0.3500000000000014,-0.6999999999999993,-1.6499999999999986,26.894,27.140000000000004,27.831500000000005,27.042892677770784,27.26265232156721,27.87296481058849,0.7699999999999996,0.6035714285714283,0.10999999999999943,0.0,0.13164777354046298,0.22450894978418215,0.5863809601666858,36.96343910387534,27.255833333333328,28.241538461538465,27.378057329285433,28.22285754741827,-0.8448002181328356,-0.8923685479749395,-0.8706257023736287,0.051650968481586235,0.7355099288002689
300623.SZ,20251128,27.1,27.22,26.89,27.21,27.07,0.14,0.5172,62459.91,169032.499,0.6600000000000001,-0.05000000000000071,-1.6400000000000006,27.026,27.134999999999998,27.7495,27.09859511851386,27.25307917219135,27.80982530481816,0.3299999999999983,0.5849999999999996,0.14000000000000057,0.0,0.13224436114471566,0.20847259622816913,0.6343488954297707,38.81355426638945,27.198333333333334,28.152307692307698,27.352202355549213,28.14783106242432,-0.7956287068751067,-0.8809019721328981,-0.8556263032739243,0.11999519279763526,-0.3724755063153409
300623.SZ,20251201,27.2,27.58,26.94,27.58,27.21,0.37,1.3598,125997.87,344447.49,0.7199999999999989,0.2699999999999996,-1.5600000000000023,27.170000000000005,27.162,27.6715,27.259063412342574,27.312519322702013,27.78793718054976,0.639999999999997,0.591428571428571,0.36999999999999744,0.0,0.1492269067772358,0.1935816964975856,0.7708730188708569,43.530677279299255,27.1825,28.05615384615385,27.38724814700318,28.10576950224474,-0.7185213552415597,-0.8619680543722663,-0.8282053136674514,0.21936791685178347,1.0172598711717642
300623.SZ,20251202,27.42,27.53,27.15,27.26,27.58,-0.32,-1.1603,73286.15,200093.584,0.23000000000000043,-0.3299999999999983,-1.25,27.216,27.129,27.608999999999998,27.259375608228385,27.302970354938008,27.73765744906883,0.4299999999999997,0.5499999999999997,0.0,0.31999999999999673,0.13856784200743325,0.20261157531918642,0.683908813152155,40.614361526615404,27.182499999999994,27.948076923076925,27.36767150900269,28.043119909485874,-0.6754484004831838,-0.8381085113475863,-0.797653931030598,0.24441106109482846,-0.41835405630269784
300623.SZ,20251203,27.28,27.28,26.57,26.59,27.26,-0.67,-2.4578,82459.03,221054.951,-0.370000000000001,-0.7600000000000016,-1.7100000000000009,27.142000000000003,27.052999999999997,27.523500000000002,27.036250405485593,27.173339381312914,27.628356739633702,0.7100000000000009,0.5707142857142856,0.0,0.6700000000000017,0.1286701390069023,0.2359964627963875,0.5452206252680831,35.284322274270174,27.1225,27.830384615384617,27.24802973838689,27.935481397672106,-0.687451659285216,-0.8172208015044097,-0.7756134766815216,0.17632363479261115,0.12516525973870923
300623.SZ,20251204,26.59,26.8,26.1,26.64,26.59,0.05,0.188,79241.2,209778.213,-0.4299999999999997,-0.7800000000000011,-2.169999999999998,27.056,26.975,27.415,26.904166936990396,27.076368584710565,27.534227526335254,0.6999999999999993,0.5728571428571428,0.05000000000000071,0.0,0.1230508433635522,0.21913957259664554,0.5615181315975414,35.95975738194404,27.043333333333333,27.716538461538466,27.154486701711985,27.839519812659358,-0.6850331109473728,-0.7907450083052896,-0.7574974035346919,0.14492858517463802,-0.039023379246639234
300623.SZ,20251205,26.7,26.88,26.3,26.82,26.64,0.18,0.6757,81380.45,217248.796,-0.39000000000000057,0.2699999999999996,-1.6600000000000001,26.978,27.002,27.332,26.876111291326936,27.029756114763188,27.466205857160467,0.5799999999999983,0.5828571428571426,0.17999999999999972,0.0,0.12711864026615557,0.20348674598259944,0.6247023099825172,38.45026292781226,26.999166666666664,27.64346153846154,27.10302720914091,27.763999826536445,-0.660972617395533,-0.761345068936245,-0.7381924463068602,0.15443965782265434,0.02699668859128837
300623.SZ,20251208,26.82,27.18,26.82,27.02,26.82,0.2,0.7457,97500.42,263617.551,-0.5599999999999987,0.16000000000000014,-1.8399999999999999,26.866000000000003,27.018,27.24,26.924074194217958,27.027982275715335,27.423710061240424,0.35999999999999943,0.5564285714285712,0.1999999999999993,0.0,0.13232445167571585,0.1889519784124138,0.7003073097594112,41.18710222203907,26.965833333333332,27.573076923076925,27.090253792350005,27.708888728274484,-0.6186349359244794,-0.729723266967238,-0.7142809442303841,0.1912920166118095,0.19808160313687134
300623.SZ,20251209,26.9,27.13,26.53,26.57,27.02,-0.45,-1.6654,87250.31,233729.833,-0.6900000000000013,-0.46000000000000085,-2.039999999999999,26.728,26.972,27.138000000000005,26.806049462811973,26.944712771039818,27.342404341122286,0.5999999999999979,0.5607142857142853,0.0,0.4499999999999993,0.12287270512745044,0.2075982656686699,0.5918773200329005,37.181088805302394,26.967499999999998,27.474230769230772,27.01021474737308,27.624526600254153,-0.6143118528810732,-0.7000892063518178,-0.694287125960522,0.1599505461588977,-0.10512888047046362
300623.SZ,20251210,26.5,26.73,26.23,26.72,26.57,0.15,0.5645,70671.98,187348.812,0.129999999999999,-0.240000000000002,-1.1799999999999997,26.754,26.948,27.079,26.777366308541318,26.903855903578034,27.28312773720588,0.5,0.566428571428571,0.14999999999999858,0.0,0.12481036904691815,0.1927698181209078,0.6474580422576082,39.300426818176106,26.955833333333334,27.40538461538462,26.965566324700298,27.557524629864957,-0.5919583051646597,-0.671995660466465,-0.6738213618013495,0.1637261132733796,-0.19000883779094885
300623.SZ,20251211,26.72,26.77,25.99,26.0,26.72,-0.72,-2.6946,97615.91,256306.008,-0.6400000000000006,-1.0700000000000003,-1.7699999999999996,26.625999999999998,26.840999999999998,26.990499999999997,26.518244205694216,26.739518466563844,27.160925095567222,0.7800000000000011,0.558571428571428,0.0,0.7199999999999989,0.115895342686424,0.23042911682655715,0.5029544194870905,33.46438274946039,26.870000000000005,27.31692307692308,26.81701765936179,27.442152435060148,-0.6251347756983563,-0.6530518903357149,-0.664084044580751,0.07789853776478939,0.38125336236511287
300623.SZ,20251212,25.99,26.67,25.78,26.55,26.0,0.55,2.1154,118487.16,312452.672,-0.2699999999999996,-0.6600000000000001,-0.7100000000000009,26.572000000000003,26.775,26.955000000000002,26.52882947046281,26.705060563552234,27.10274175313225,0.8900000000000006,0.591428571428571,0.5500000000000007,0.0,0.14690281820882234,0.21396989419608878,0.6865583532709324,40.707654848669335,26.835833333333337,27.23,26.77593801945998,27.376067069500134,-0.6001290500401559,-0.6398971897577811,-0.651293045672632,0.10232799126495218,0.2138099209442395
300623.SZ,20251215,26.48,27.29,26.35,26.72,26.55,0.17,0.6403,131283.75,353474.938,-0.3000000000000007,-0.8599999999999994,-0.5899999999999999,26.512,26.689,26.9255,26.592552980308543,26.707776824724554,27.066290157595848,0.9399999999999977,0.615714285714285,0.16999999999999815,0.0,0.14855261690819205,0.19868633032493957,0.747674068292686,42.781092988528094,26.80666666666666,27.162307692307692,26.767332170312287,27.32746950879642,-0.5601373384841324,-0.6270848495356643,-0.6330619042349321,0.1458491315015995,0.10799980352301461
300623.SZ,20251216,26.72,27.2,26.57,27.13,26.72,0.41,1.5344,150574.86,405871.165,0.5599999999999987,-0.13000000000000256,-0.46000000000000085,26.624000000000002,26.676000000000005,26.902499999999996,26.771701986872365,26.784544674774633,27.07235776163434,0.629999999999999,0.632857142857142,0.41000000000000014,0.0,0.16722742998617837,0.18449444958744388,0.9064090023310889,47.54535890371711,26.8,27.095769230769232,26.823127221033474,27.31284213777446,-0.48971491674098644,-0.6051141003640832,-0.604392506736143,0.22935517999031307,0.14694210060270205
300623.SZ,20251217,27.02,27.38,26.51,27.22,27.13,0.09,0.3317,153693.4,414976.842,0.5,0.629999999999999,-0.13000000000000256,26.724,26.738999999999997,26.896000000000004,26.921134657914912,26.863718370270153,27.086418927192977,0.8699999999999974,0.639999999999999,0.08999999999999986,0.0,0.1617111849871656,0.17131627461691215,0.943933583360805,48.557913266196486,26.77,27.042307692307695,26.884184571643708,27.30596494238376,-0.42178037074005204,-0.5758637958966032,-0.5678700795369248,0.29217941759374555,0.020710894235598215
300623.SZ,20251218,26.99,27.69,26.9,27.52,27.22,0.3,1.1021,175645.66,483066.143,1.5199999999999996,0.879999999999999,0.09999999999999787,27.028,26.826999999999998,26.901,27.12075643860994,26.983042302948306,27.127712362698407,0.7900000000000027,0.6728571428571423,0.3000000000000007,0.0,0.1715889574880824,0.15907939785856126,1.078637207570043,51.89155681625586,26.791666666666668,27.02769230769231,26.98200232985237,27.321819391096074,-0.3398170612437035,-0.5401798452130665,-0.5222594758782806,0.3648848292691542,0.1428315074037012
300623.SZ,20251219,27.54,27.74,27.2,27.45,27.52,-0.07,-0.2544,114035.84,312602.556,0.8999999999999986,0.629999999999999,0.8999999999999986,27.208,26.890000000000004,26.946000000000005,27.23050429240663,27.06794370241225,27.158406423393796,0.5399999999999991,0.6657142857142853,0.0,0.07000000000000028,0.15933260338179078,0.1527165837258069,1.0433222083324136,51.060092435636214,26.86333333333333,27.015384615384615,27.054001971413545,27.33131425101488,-0.2773122796013361,-0.5022551056216061,-0.4732700366228917,0.3919155140431112,-0.3507619829604671
300623.SZ,20251222,27.58,27.74,27.4,27.52,27.45,0.07,0.255,120293.89,331555.775,0.8000000000000007,0.5,0.6600000000000001,27.368000000000002,26.939999999999998,26.979000000000003,27.32700286160442,27.150135756519113,27.192843906880103,0.33999999999999986,0.6592857142857138,0.07000000000000028,0.0,0.15295170314023432,0.1418082563168207,1.078581086269882,51.89025789729714,26.936666666666664,27.025384615384617,27.125693975811462,27.345290973161926,-0.21959699735046456,-0.4583978994515385,-0.42253542876840633,0.40587686283588353,0.054877922589950695
300623.SZ,20251223,27.45,27.62,27.01,27.09,27.52,-0.43,-1.5625,104075.69,283759.061,-0.03999999999999915,0.5199999999999996,0.05999999999999872,27.359999999999996,26.992,26.982,27.24800190773628,27.139201982606547,27.183049249081996,0.6099999999999994,0.6521428571428566,0.0,0.4299999999999997,0.14202658148736044,0.16239338086561922,0.8745835620288469,46.65481868849272,26.959166666666665,27.016923076923074,27.120202594917387,27.32638053070549,-0.2061779357881015,-0.4155334139652543,-0.3792639301723454,0.34617198876848776,-0.13482147763282074
300623.SZ,20251224,27.09,27.69,27.09,27.64,27.09,0.55,2.0303,131029.03,360741.233,0.4200000000000017,0.9200000000000017,0.6799999999999997,27.444,27.083999999999996,27.016,27.378667938490857,27.23025616758717,27.226568368217045,0.6000000000000014,0.6449999999999996,0.5500000000000007,0.0,0.17116753995254902,0.15079385366093212,1.135109527324822,53.16399523293091,27.010833333333327,27.018846153846155,27.200171426468557,27.349611602505085,-0.14944017603652782,-0.36267845844727337,-0.3332991793451819,0.36771800661730814,0.25897824938753705
300623.SZ,20251225,27.59,27.86,27.5,27.73,27.64,0.09,0.3256,98764.52,273280.42,0.21000000000000085,1.7300000000000004,0.6600000000000001,27.486,27.256999999999998,27.049,27.495778625660574,27.32111868257132,27.274514237910658,0.35999999999999943,0.6292857142857139,0.08999999999999986,0.0,0.16536985852736694,0.1400228641137227,1.1810203967336228,54.14990150951191,27.1075,27.033461538461538,27.281683514704163,27.377788520838042,-0.09610500613387885,-0.3066757869021315,-0.2858603447029213,0.37951067713808495,-0.2462394020622758
300623.SZ,20251226,27.69,27.86,27.43,27.52,27.73,-0.21,-0.7573,97309.61,269114.184,0.07000000000000028,0.9699999999999989,0.3099999999999987,27.5,27.353999999999996,27.064499999999992,27.50385241710705,27.357278922103806,27.29789383430012,0.4299999999999997,0.634285714285714,0.0,0.21000000000000085,0.15355772577541216,0.14502123096274255,1.058863759161324,51.429520503709824,27.174166666666665,27.037307692307692,27.31834758936506,27.38832270447967,-0.06997511511460885,-0.2522133176388511,-0.24268329878525885,0.3454163673413,-0.014731099791706611
300623.SZ,20251229,27.44,27.77,27.27,27.33,27.52,-0.19,-0.6904,84018.24,231091.928,-0.19000000000000128,0.6099999999999994,-0.25,27.462,27.415000000000003,27.052000000000003,27.445901611404704,27.35231911808493,27.300951564366773,0.5,0.627142857142857,0.0,0.19000000000000128,0.14258931679145415,0.1482340001796896,0.9619204542723467,49.02953390274489,27.284999999999997,27.067307692307693,27.32014026792428,27.384002504147844,-0.06386223622356368,-0.2048963531369152,-0.20691908627291983,0.2861137000987123,-0.1365884623317265
300623.SZ,20251230,27.27,27.7,27.23,27.38,27.33,0.05,0.1829,89214.55,245351.387,0.28999999999999915,0.25,0.11999999999999744,27.52,27.439999999999998,27.058,27.423934407603138,27.35735200570585,27.30847998680803,0.46999999999999886,0.6249999999999998,0.05000000000000071,0.0,0.13597579416349317,0.13764585730971177,0.9878669567042556,49.69482255201172,27.35416666666666,27.087307692307693,27.329349457474393,27.383706022359114,-0.054356564884720626,-0.16407148581965617,-0.17640658199528,0.24410003422111876,0.061847403611406254
300623.SZ,20251231,27.54,27.58,27.16,27.17,27.38,-0.21,-0.767,70216.36,191413.972,-0.46999999999999886,-0.04999999999999716,0.5800000000000018,27.426,27.435000000000002,27.087,27.339289605068764,27.32328800466842,27.295291416635838,0.41999999999999815,0.5992857142857139,0.0,0.2099999999999973,0.12626323743752937,0.1428140103590179,0.8841095990520693,46.924531327523695,27.39166666666667,27.092692307692307,27.304834156324485,27.36787594662881,-0.06304179030432522,-0.13331867793750302,-0.15373362365708906,0.1813836667055277,-0.2129494572353949
300623.SZ,20260105,27.36,28.18,27.28,28.12,27.17,0.95,3.4965,168801.93,470332.917,0.39000000000000057,0.6000000000000014,1.4800000000000004,27.503999999999998,27.494999999999997,27.160999999999994,27.59952640337918,27.46814473109234,27.37383509124195,1.009999999999998,0.6078571428571422,0.9499999999999993,0.0,0.18510157762056295,0.13261300961908803,1.3958025547586985,58.26033334784893,27.474166666666665,27.13730769230769,27.43024428612072,27.423588839471122,0.006655446649595831,-0.10176670835406615,-0.12165580959575209,0.25662251249069584,1.4040256430267817
300623.SZ,20260106,28.18,28.52,27.95,28.3,28.12,0.18,0.6401,159309.87,449762.075,0.7800000000000011,0.8500000000000014,1.4800000000000004,27.660000000000004,27.580000000000002,27.234999999999996,27.833017602252788,27.619391143621005,27.462041273028433,0.5700000000000003,0.581428571428571,0.17999999999999972,0.0,0.18473717921909416,0.12314065178915316,1.5002127772996465,60.003404147064266,27.56416666666667,27.184615384615384,27.564052857486764,27.488508184695483,0.07554467279128119,-0.06897318944942772,-0.08221571311834544,0.31552077181925325,-0.05623194000210779
300623.SZ,20260107,28.5,28.87,28.2,28.39,28.3,0.09,0.318,179643.54,511644.605,1.0600000000000023,0.870000000000001,1.370000000000001,27.872000000000003,27.667,27.303499999999996,28.01867840150186,27.75950184478082,27.550418294644775,0.6700000000000017,0.584285714285714,0.08999999999999986,0.0,0.1779702378463017,0.11434489094707079,1.5564336663601568,60.883006151933635,27.636666666666667,27.229999999999997,27.691121648642646,27.555285356199523,0.13583629244312334,-0.03097160853484719,-0.03860531200605169,0.34888320889835006,0.12763597133058996
300623.SZ,20260108,28.29,28.64,28.2,28.28,28.39,-0.11,-0.3875,125758.03,357679.348,0.9000000000000021,1.1900000000000013,1.7100000000000009,28.052,27.786,27.389,28.10578560100124,27.854137873002486,27.619902266583367,0.4400000000000013,0.5535714285714286,0.0,0.10999999999999943,0.1652580780001373,0.11403454159370854,1.4491931627956387,59.17022735525903,27.705833333333334,27.256923076923076,27.781718318082238,27.608967922406965,0.17275039567527273,0.0048273438775750955,0.003665829530213195,0.3381691322901191,-0.29995796119359486
300623.SZ,20260109,28.22,29.55,28.14,29.16,28.28,0.88,3.1117,292151.29,843114.424,1.9899999999999984,1.5199999999999996,2.4400000000000013,28.45,27.938,27.510999999999996,28.457190400667496,28.091567350638396,27.766578241194473,1.4100000000000001,0.5978571428571426,0.879999999999999,0.0,0.21631107242869888,0.10588921719415793,2.0428054731207617,67.13559217525726,27.842500000000005,27.33,27.993761653761894,27.723859187413858,0.26990246634803583,0.04549484082001006,0.056913156893777725,0.4259786189085162,1.3231223485291554
300623.SZ,20260112,29.08,29.65,28.87,29.52,29.16,0.36,1.2346,246831.56,721944.199,1.3999999999999986,1.7899999999999991,3.5199999999999996,28.73,28.117,27.686999999999994,28.811460267111666,28.351282377795048,27.933570789652144,0.7799999999999976,0.6149999999999997,0.35999999999999943,0.0,0.22657456725522035,0.0983257016802895,2.3043269804667945,69.73665118762756,28.045,27.442692307692305,28.22856755318314,27.856906655012832,0.37166089817030823,0.09456550896277863,0.11986270514908383,0.5035963860424488,-0.15512418240562958
300623.SZ,20260113,29.52,29.59,28.39,28.4,29.52,-1.12,-3.794,212831.53,613378.112,0.09999999999999787,0.879999999999999,1.8499999999999979,28.75,28.205000000000002,27.779500000000002,28.67430684474111,28.360140127286858,27.977992619209083,1.1999999999999993,0.676428571428571,0.0,1.120000000000001,0.21039066959413316,0.17130243727455463,1.2281825812958513,55.12037440762926,28.10833333333333,27.510384615384616,28.254941775770348,27.89713579167855,0.3578059840917973,0.14141753344226318,0.16745136093762653,0.3807092463083416,-0.13774587820131268
300623.SZ,20260114,28.43,29.05,28.18,28.52,28.4,0.12,0.4225,185407.85,532343.411,0.129999999999999,1.1900000000000013,1.8000000000000007,28.776,28.324,27.8695,28.62287122982741,28.389205558689248,28.0296123697606,0.870000000000001,0.6949999999999997,0.120000000000001,0.0,0.20393419319455228,0.15906654889780072,1.2820683833756823,56.180103660137505,28.174166666666665,27.57576923076923,28.29571996411337,27.943273881183842,0.3524460829295286,0.18661782764384643,0.20445030533600694,0.29599155518704334,-0.12885158510113606
300623.SZ,20260115,28.26,29.07,28.04,28.9,28.52,0.38,1.3324,186847.42,533998.18,0.6199999999999974,1.5199999999999996,1.7699999999999996,28.9,28.476,27.958,28.715247486551608,28.4820772752912,28.1125064297834,1.0300000000000011,0.7257142857142854,0.379999999999999,0.0,0.21651032225208416,0.1477046525479578,1.4658327853402318,59.445749689712976,28.289166666666663,27.648076923076925,28.388686123480547,28.01414248257763,0.3745436409029175,0.23523843111131784,0.23846897244938906,0.27214933690705684,0.00776434223254305
300623.SZ,20260116,29.2,29.87,28.91,29.66,28.9,0.76,2.6298,308944.08,908987.073,0.5,2.4899999999999984,2.4400000000000013,29.0,28.725,28.079999999999995,29.030164991034408,28.69624504342007,28.25988676980403,0.9700000000000024,0.7692857142857142,0.7600000000000016,0.0,0.25533101351979254,0.13715432022310367,1.8616330357254178,65.05491837996964,28.483333333333334,27.766923076923074,28.58427287371431,28.136057854238548,0.4482150194757608,0.2843006058697806,0.28041818185466344,0.33559367524219474,0.6534564940741489
300623.SZ,20260119,30.78,31.77,29.96,30.09,29.66,0.43,1.4498,355617.97,1088619.503,0.5700000000000003,1.9699999999999989,2.5700000000000003,29.113999999999997,28.921999999999997,28.208499999999997,29.383443327356275,28.94965503552551,28.434183267917934,2.1099999999999994,0.8892857142857142,0.4299999999999997,0.0,0.2678073696969502,0.12735758306431055,2.1027987753325847,67.77103278659084,28.709166666666665,27.89653846153846,28.815923200835183,28.280794309480136,0.5351288913550469,0.33536551904353235,0.33136032375474017,0.4075371352006135,0.15107552797257015
300623.SZ,20260120,29.7,30.9,29.7,30.24,30.09,0.15,0.4985,267453.78,811580.778,1.8399999999999999,1.9399999999999977,2.789999999999999,29.482,29.115999999999996,28.348000000000003,29.668962218237517,29.18426321088451,28.60616581383051,1.1999999999999993,0.9392857142857142,0.14999999999999858,0.0,0.25939255757573937,0.11826061284543123,2.1933977114998564,68.68539122456106,28.965,28.059615384615388,29.03501193916823,28.42592065692605,0.6090912822421792,0.38794940679898304,0.386906515452228,0.4443695335799025,-0.24791826464787467
300623.SZ,20260121,29.88,30.74,29.8,30.55,30.24,0.31,1.0251,235370.64,716049.822,2.030000000000001,2.16,3.030000000000001,29.887999999999998,29.332,28.499499999999994,29.962641478825013,29.432578990723687,28.791292879179984,0.9399999999999977,0.9728571428571426,0.3100000000000023,0.0,0.26300737489175813,0.1098134262136147,2.3950384207131714,70.54525233355277,29.1675,28.213461538461537,29.26808702545004,28.58325986752412,0.6848271579259197,0.4448468248268327,0.44649064394696636,0.4766730279579068,-0.11995769885921975
300623.SZ,20260122,30.66,31.0,29.91,31.0,30.55,0.45,1.473,322563.61,983418.449,2.1000000000000014,2.719999999999999,3.91,30.308,29.604000000000003,28.694999999999993,30.30842765255001,29.717564628773925,29.0016459383057,1.0899999999999999,1.0207142857142857,0.4499999999999993,0.0,0.27636399097091824,0.10196961005549936,2.710258387969716,73.04769923187996,29.3925,28.37807692307692,29.534535175380803,28.76227765511493,0.7722575202658746,0.5006640530399259,0.5116440192107481,0.521227002110253,0.3704496448664964
300623.SZ,20260123,30.63,32.1,30.63,31.74,31.0,0.74,2.3871,417891.09,1324529.514,2.0799999999999983,2.5799999999999983,4.099999999999998,30.724,29.862000000000002,28.9,30.78561843503334,30.085280150815027,29.262441563228965,1.4700000000000024,1.0535714285714288,0.7399999999999984,0.0,0.3094808487587097,0.09468606648010655,3.268494090666775,76.57253404223897,29.671666666666667,28.555384615384618,29.87383745609145,28.98284968066197,0.8909877754294797,0.558367039402056,0.5875127704544945,0.6069500099499705,0.2955307946857367
300623.SZ,20260126,31.55,35.57,31.55,32.69,31.74,0.95,2.9931,730478.85,2495497.428,2.599999999999998,3.169999999999998,4.959999999999997,31.243999999999993,30.179000000000002,29.148000000000003,31.420412290022227,30.558865577939564,29.588875700064303,4.02,1.3000000000000003,0.9499999999999993,0.0,0.3552322167045161,0.08792277601724179,4.040275259676225,80.15981373080331,30.03916666666667,28.765769230769234,30.30709323207738,29.257453408020343,1.0496398240570386,0.6352374660648606,0.6799381811750034,0.7394032857640704,0.7480125024919769
300623.SZ,20260127,33.09,34.99,31.87,34.82,32.69,2.13,6.5158,752558.64,2539319.018,4.580000000000002,6.420000000000002,7.300000000000001,32.16,30.820999999999998,29.513000000000005,32.553608193348154,31.33361729104146,30.087078014343895,3.120000000000001,1.475,2.1300000000000026,0.0,0.4820013440827652,0.08164257773029594,5.903798697721716,85.5152207678071,30.510833333333334,29.046538461538468,31.001386580988555,29.66949389631513,1.3318926846734236,0.7440648662586268,0.8103290818746874,1.0431272055974723,0.030226460355423073
300623.SZ,20260128,36.66,38.65,35.0,35.4,34.82,0.58,1.6657,905774.5,3286252.098,4.849999999999998,6.879999999999999,8.07,33.13,31.508999999999997,29.916499999999996,33.502405462232105,32.07295960176119,30.59307058440638,3.8299999999999983,1.717142857142857,0.5799999999999983,0.0,0.48900124807685325,0.0758109650352748,6.450270720723858,86.57766895344655,31.000833333333333,29.35230769230769,31.67809633775955,30.09397582992142,1.5841205078381293,0.8784622959180948,0.9650873670673759,1.2380662815415069,0.20359325088607047
