ts_code,trade_date,open,high,low,close,pre_close,change,pct_chg,vol,amount,mtm_5,mtm_10,mtm_20,ma_5,ma_10,ma_20,ema_5,ema_10,ema_20,tr,atr,u,d,au,ad,rs,rsi,ma_12,ma_26,ema_12,ema_26,dif,dif_ma_9,dea,macd,volume_change_rate
601881.SH,20250205,14.06,14.15,13.88,14.07,13.97,0.1,0.7158,391085.44,549642.795,,,,,,,,,,,,,,,,,,,,,,,,,,
601881.SH,20250206,14.04,14.3,13.97,14.24,14.07,0.17,1.2082,458307.86,648834.782,,,,,,,,,,0.33000000000000007,,0.16999999999999993,0.0,,,,,,,,,,,,,0.17188678770552027
601881.SH,20250207,14.22,14.73,14.16,14.47,14.24,0.23,1.6152,764303.32,1104939.686,,,,,,,,,,0.5700000000000003,,0.23000000000000043,0.0,,,,,,,,,,,,,0.6676635657088664
601881.SH,20250210,14.46,14.56,14.35,14.47,14.47,0.0,0.0,442106.39,638723.831,,,,,,,,,,0.21000000000000085,,0.0,-0.0,,,,,,,,,,,,,-0.4215563658679383
601881.SH,20250211,14.46,14.49,14.2,14.28,14.47,-0.19,-1.3131,368065.31,526021.956,,,,14.306000000000001,,,14.306000000000001,,,0.2900000000000009,,0.0,0.19000000000000128,,,,,,,,,,,,,-0.16747344457066096
601881.SH,20250212,14.25,14.45,14.16,14.43,14.28,0.15,1.0504,406831.91,581196.799,0.35999999999999943,,,14.378,,,14.347333333333335,,,0.28999999999999915,,0.15000000000000036,0.0,,,,,,,,,,,,,0.10532532935527116
601881.SH,20250213,14.43,14.69,14.29,14.44,14.43,0.01,0.0693,659555.08,956921.708,0.1999999999999993,,,14.418000000000001,,,14.378222222222224,,,0.40000000000000036,,0.009999999999999787,0.0,,,,,,,,,,,,,0.6211980028803542
601881.SH,20250214,14.35,14.63,14.34,14.49,14.44,0.05,0.3463,407803.85,589865.586,0.019999999999999574,,,14.422,,,14.415481481481484,,,0.2900000000000009,,0.05000000000000071,0.0,,,,,,,,,,,,,-0.38169856867753943
601881.SH,20250217,15.0,15.05,14.6,14.81,14.49,0.32,2.2084,845984.43,1254467.984,0.33999999999999986,,,14.49,,,14.54698765432099,,,0.5600000000000005,,0.3200000000000003,0.0,,,,,,,,,,,,,1.0744885807233062
601881.SH,20250218,14.7,14.8,14.31,14.4,14.81,-0.41,-2.7684,566101.83,826152.697,0.120000000000001,,,14.514000000000001,14.41,,14.497991769547326,14.41,,0.5,,0.0,0.41000000000000014,,,,,,,,,,,,,-0.33083658525488474
601881.SH,20250219,14.32,15.15,14.32,14.94,14.4,0.54,3.75,840712.98,1241494.582,0.5099999999999998,0.8699999999999992,,14.616,14.497,,14.645327846364886,14.506363636363636,,0.8300000000000001,,0.5399999999999991,0.0,,,,,,,,,,,,,0.48509143664135485
601881.SH,20250220,14.84,15.55,14.79,15.2,14.94,0.26,1.7403,969926.22,1475855.624,0.7599999999999998,0.9599999999999991,,14.768,14.593,,14.830218564243259,14.632479338842973,,0.7600000000000016,,0.2599999999999998,0.0,,,,,14.519999999999998,,14.519999999999998,,,,,,0.153694831736748
601881.SH,20250221,15.19,15.42,15.0,15.36,15.2,0.16,1.0526,804678.75,1226200.233,0.8699999999999992,0.8899999999999988,,14.941999999999998,14.681999999999999,,15.006812376162173,14.764755822689704,,0.41999999999999993,,0.16000000000000014,0.0,,,,,14.627499999999998,,14.649230769230767,,,,,,-0.170371175242587
601881.SH,20250224,15.3,15.38,14.91,15.03,15.36,-0.33,-2.1484,602376.16,912842.223,0.21999999999999886,0.5599999999999987,,14.985999999999999,14.738000000000003,,15.014541584108116,14.81298203674612,,0.47000000000000064,,0.0,0.33000000000000007,,,,,14.693333333333335,,14.707810650887572,,,,,,-0.25140789414409165
601881.SH,20250225,14.81,14.98,14.67,14.73,15.03,-0.3,-1.996,520367.12,770402.438,0.33000000000000007,0.45000000000000107,,15.052000000000001,14.782999999999998,,14.919694389405413,14.79789439370137,,0.35999999999999943,0.4485714285714289,0.0,0.29999999999999893,0.13500000000000004,0.08785714285714288,1.5365853658536586,60.57692307692307,14.714999999999998,,14.71122439690487,,,,,,-0.13614257244177796
601881.SH,20250226,14.72,16.2,14.71,16.2,14.73,1.47,9.9796,1437760.2,2228645.97,1.2599999999999998,1.7699999999999996,,15.303999999999998,14.959999999999999,,15.346462926270277,15.052822685755665,,1.4899999999999984,0.5314285714285717,1.4699999999999989,0.0,0.23035714285714284,0.08158163265306126,2.8236397748592856,73.84690873405299,14.859166666666667,,14.940266797381044,,,,,,1.7629728027397271
601881.SH,20250227,15.9,17.82,15.68,17.82,16.2,1.62,10.0,4168719.46,6989095.086,2.620000000000001,3.380000000000001,,15.828000000000003,15.297999999999998,,16.170975284180187,15.555945833800088,,2.1400000000000006,0.6435714285714288,1.620000000000001,0.0,0.3296173469387756,0.0757543731778426,4.351132919613219,81.31236852041643,15.154166666666663,,15.38330267470704,,,,,,1.8994539284089238
601881.SH,20250228,17.5,17.86,16.41,16.66,17.82,-1.16,-6.5095,3191598.3,5442567.269,1.3000000000000007,2.17,,16.088,15.515,,16.33398352278679,15.756682954927344,,1.4499999999999993,0.7321428571428573,0.0,1.1600000000000001,0.30607325072886304,0.15320048937942526,1.997860789927532,66.64288070480507,15.339999999999998,,15.579717647829032,,,,,,-0.23439359961152198
601881.SH,20250303,16.39,16.64,15.8,16.0,16.66,-0.66,-3.9616,1853809.66,2991328.387,0.9700000000000006,1.1899999999999995,,16.282,15.634,,16.222655681857862,15.800922417667827,,0.8599999999999994,0.7728571428571429,0.0,0.6600000000000001,0.2842108756768014,0.18940045442375203,1.5005818045236936,60.00930670650553,15.469999999999999,,15.64437647123995,,,,,,-0.41915946627744477
601881.SH,20250304,15.75,16.17,15.72,15.83,16.0,-0.17,-1.0625,1355035.86,2151104.629,1.0999999999999996,1.4299999999999997,,16.502,15.777000000000001,15.0935,16.091770454571908,15.806209250819132,15.0935,0.45000000000000107,0.7842857142857145,0.0,0.16999999999999993,0.2639100988427442,0.1880147076791983,1.4036673093311562,58.39690475807737,15.581666666666669,,15.672933937203034,,,,,,-0.269053404328468
601881.SH,20250305,15.81,17.02,15.56,16.48,15.83,0.65,4.1061,2468040.05,4033343.579,0.28000000000000114,1.540000000000001,2.41,16.558,15.930999999999997,15.214000000000002,16.22118030304794,15.928716659761106,15.22554761904762,1.459999999999999,0.8600000000000001,0.6500000000000004,0.0,0.29148794892540536,0.17458508570211273,1.6696039512948955,62.541260117818275,15.720833333333333,,15.797097946864106,,,,,,0.8213835684023887
601881.SH,20250306,16.49,16.99,16.48,16.67,16.48,0.19,1.1529,1948332.37,3245767.365,-1.1499999999999986,1.4700000000000024,2.4300000000000015,16.328,16.077999999999996,15.335500000000001,16.37078686869863,16.063495448895452,15.363114512471657,0.509999999999998,0.8757142857142856,0.19000000000000128,0.0,0.28423880971644794,0.16211472243767608,1.7533189178775643,63.68019725187286,15.910000000000002,,15.931390570423474,,,,,,-0.21057505934719323
601881.SH,20250307,16.41,16.62,16.19,16.29,16.67,-0.38,-2.2795,1133922.42,1856902.167,-0.370000000000001,0.9299999999999997,1.8199999999999985,16.254,16.171,15.4265,16.343857912465754,16.104678094550824,15.45138932080769,0.4800000000000004,0.8699999999999999,0.0,0.38000000000000256,0.26393603759384454,0.17767795654927082,1.4854742969798507,59.76623048505794,16.022499999999997,,15.986561251896784,,,,,,-0.4180036027425855
601881.SH,20250310,16.18,16.57,16.02,16.27,16.29,-0.02,-0.1228,1027183.65,1671410.242,0.2699999999999996,1.2400000000000002,1.799999999999999,16.308,16.294999999999998,15.516500000000002,16.319238608310503,16.13473662281431,15.529352242635529,0.5500000000000007,0.8735714285714284,0.0,0.019999999999999574,0.24508346347999851,0.16641524536718003,1.4727224235931284,59.558744222212624,16.111666666666665,,16.030167213143432,,,,,,-0.09413233931824005
601881.SH,20250311,16.02,16.34,16.02,16.23,16.27,-0.04,-0.2459,748572.9,1209172.169,0.40000000000000036,1.5,1.950000000000001,16.388,16.445,15.614,16.289492405540337,16.15205723684807,15.596080600479764,0.3200000000000003,0.8371428571428571,0.0,0.03999999999999915,0.22757750180285577,0.15738558498380997,1.4459869487174848,59.11670744914096,16.184166666666666,,16.060910718813673,,,,,,-0.27123752407858126
601881.SH,20250312,16.23,17.85,16.15,17.3,16.23,1.07,6.5927,2898876.63,4970120.306,0.8200000000000003,1.1000000000000014,2.870000000000001,16.552,16.555,15.757500000000002,16.626328270360226,16.36077410287569,15.75835863852931,1.7000000000000028,0.9042857142857142,1.0700000000000003,0.0,0.28775053738836615,0.1461437574849664,1.9689553788704701,66.31811959462837,16.37333333333333,15.427307692307693,16.251539838996184,15.427307692307693,0.824232146688491,,,,2.8725375043633026
601881.SH,20250313,17.18,18.28,17.12,17.57,17.3,0.27,1.5607,2722970.02,4823097.637,0.8999999999999986,-0.25,3.130000000000001,16.732,16.53,15.914000000000001,16.940885513573484,16.580633356898293,15.93089591105033,1.1600000000000001,0.9571428571428572,0.2699999999999996,0.0,0.2864826418606257,0.13570491766461165,2.111070451909887,67.85672277572179,16.61,15.561923076923078,16.454379863766,15.58602564102564,0.8683542227403596,,,,-0.06068095764392701
601881.SH,20250314,17.58,19.33,17.58,18.7,17.57,1.13,6.4314,4033332.03,7527867.22,2.41,2.039999999999999,4.209999999999999,17.214000000000002,16.733999999999998,16.1245,17.527257009048988,16.96597274655315,16.194620109997917,1.759999999999998,1.0492857142857142,1.129999999999999,0.0,0.3467338817277238,0.12601170925999652,2.7516004962071996,73.3447097842379,16.81833333333333,15.733461538461537,16.799859884725077,15.816690408357074,0.983169476368003,,,,0.48122527988758385
601881.SH,20250317,18.31,18.48,17.68,17.7,18.7,-1.0,-5.3476,2494383.53,4478945.247,1.4299999999999997,1.6999999999999993,2.889999999999999,17.5,16.904,16.269,17.58483800603266,17.09943224717985,16.33798962333145,1.0199999999999996,1.0964285714285713,0.0,1.0,0.3219671758900292,0.18843944431285392,1.7085975659930719,63.08052504531572,16.808333333333334,15.857692307692306,16.938342979382757,15.956194822552845,0.9821481568299113,,,,-0.38155760263555594
601881.SH,20250318,17.9,17.98,17.55,17.75,17.7,0.05,0.2825,1388190.34,2462067.022,1.5199999999999996,1.92,3.3499999999999996,17.804000000000002,17.095999999999997,16.4365,17.639892004021775,17.21771729314715,16.47246680206179,0.4299999999999997,1.0207142857142857,0.05000000000000071,0.0,0.30254094904074147,0.17497948400479293,1.7290081220747824,63.35664991573091,16.899166666666662,15.983846153846153,17.06321329024695,16.089069280141523,0.9741440101054266,,,,-0.44347357841959445
601881.SH,20250319,17.73,17.88,17.59,17.67,17.75,-0.08,-0.4507,1026607.08,1817964.752,0.370000000000001,1.1900000000000013,2.730000000000002,17.878,17.215000000000003,16.573,17.649928002681186,17.29995051257494,16.58651758281781,0.28999999999999915,0.8885714285714285,0.0,0.0799999999999983,0.28093088125211707,0.16819523514730758,1.670266586363604,62.55055562217067,17.03833333333333,16.11423076923077,17.156565091747417,16.2061752593903,0.9503898323571178,,,,-0.26047095241996865
601881.SH,20250320,17.6,17.92,17.58,17.63,17.67,-0.04,-0.2264,980012.11,1736773.505,0.05999999999999872,0.9599999999999973,2.4299999999999997,17.889999999999997,17.311,16.694499999999998,17.64328533512079,17.359959510288586,16.685896860644682,0.3400000000000034,0.8092857142857144,0.0,0.0400000000000027,0.2608643897341087,0.1590384326367858,1.6402600642441845,62.12494316213256,17.188333333333333,16.23730769230769,17.229401231478583,16.31164375869472,0.9177574727838618,,,,-0.045387345273325
601881.SH,20250321,17.5,17.96,17.16,17.18,17.63,-0.45,-2.5525,1529643.5,2687201.823,-1.5199999999999996,0.8900000000000006,1.8200000000000003,17.586000000000002,17.4,16.785500000000003,17.488856890080527,17.327239599327026,16.732954302488046,0.8000000000000007,0.8050000000000003,0.0,0.4499999999999993,0.2422312190388152,0.1798214017341582,1.3470655700755882,57.39360618000141,17.24666666666667,16.34269230769231,17.22180104202034,16.375966443235853,0.8458345987844851,,,,0.5608414267452266
601881.SH,20250324,17.28,17.44,16.99,17.35,17.18,0.17,0.9895,1094658.91,1884732.568,-0.34999999999999787,1.0800000000000018,2.320000000000002,17.516,17.508000000000003,16.901500000000002,17.442571260053686,17.331377853994837,16.791720559393948,0.45000000000000284,0.8050000000000004,0.1700000000000017,0.0,0.2370718462503285,0.16697701589600403,1.4197872981391684,58.674053675337234,17.303333333333335,16.45269230769231,17.241523958632595,16.448117077070236,0.7934068815623583,0.9043818664688905,0.9043818664688905,-0.22194996981306447,-0.2843699136432771
601881.SH,20250325,17.3,17.34,16.66,16.77,17.35,-0.58,-3.3429,1081763.77,1829326.559,-0.9800000000000004,0.5399999999999991,2.039999999999999,17.32,17.562,17.0035,17.218380840035792,17.229309153268503,16.78965193468976,0.6900000000000013,0.7500000000000006,0.0,0.5800000000000018,0.22013814294673364,0.19647865761771816,1.1204175843620072,52.839478064370006,17.343333333333334,16.528076923076924,17.16898181115066,16.471960256546513,0.6970215546041452,0.8902473562372966,0.8629098040959415,-0.33177649898359274,-0.011780053021264768
601881.SH,20250326,16.8,17.08,16.79,16.86,16.77,0.09,0.5367,664809.88,1123239.71,-0.8100000000000023,-0.4400000000000013,0.6600000000000001,17.158,17.518,17.036499999999997,17.098920560023863,17.16216203449241,16.796351750433594,0.3099999999999987,0.7357142857142863,0.08999999999999986,0.0,0.21084256130768123,0.18244446778788115,1.155653355040708,53.610352162529594,17.392500000000002,16.622692307692308,17.12144614789671,16.50070394124677,0.6207422066499397,0.8627349100050277,0.8144762846067412,-0.38746815591360284,-0.38543894846838883
601881.SH,20250327,16.78,17.12,16.76,16.89,16.86,0.03,0.1779,704710.13,1193443.938,-0.7399999999999984,-0.6799999999999997,-0.9299999999999997,17.009999999999998,17.45,16.990000000000002,17.029280373349245,17.11267802822106,16.80527063134468,0.35999999999999943,0.7271428571428576,0.030000000000001137,0.0,0.1979252354999898,0.16941272008874678,1.1683020932330628,53.88096505921172,17.4475,16.697692307692307,17.085839048220294,16.5295406863396,0.5562983618806925,0.8153047861731042,0.7628407000615315,-0.413084676361678,0.06001753463712062
601881.SH,20250328,16.89,17.18,16.8,16.99,16.89,0.1,0.5921,741729.86,1257906.351,-0.19000000000000128,-1.7100000000000009,0.3299999999999983,16.972,17.279000000000003,17.0065,17.016186915566163,17.090372932180866,16.822863904549948,0.379999999999999,0.7150000000000004,0.09999999999999787,0.0,0.19093057582141895,0.15731181151097914,1.2137078200774103,54.82692020462613,17.421666666666667,16.76653846153846,17.071094579263324,16.56364878364778,0.5074457956155456,0.762560079371508,0.7117617191723344,-0.4086318471135777,0.05253185448036625
601881.SH,20250331,16.99,17.04,16.36,16.62,16.99,-0.37,-2.1778,931167.86,1549139.014,-0.7300000000000004,-1.0799999999999983,0.620000000000001,16.826,17.171000000000003,17.0375,16.884124610377444,17.004850580875253,16.80354353268805,0.6799999999999997,0.740714285714286,0.0,0.36999999999999744,0.17729267754846045,0.17250382497448044,1.027760848634449,50.6845197907126,17.3425,16.815,17.001695413222812,16.567822947822016,0.43387246540079616,0.7025299077376602,0.6561838684180269,-0.44462280603446147,0.25540026122178766
601881.SH,20250401,16.59,16.69,16.23,16.28,16.62,-0.34,-2.0457,743133.06,1219668.008,-0.48999999999999844,-1.4699999999999989,0.45000000000000107,16.728,17.023999999999997,17.059999999999995,16.68274974025163,16.87305956617066,16.753682243860617,0.46000000000000085,0.6521428571428574,0.0,0.33999999999999986,0.16462891486642756,0.18446783747630327,0.8924532163368358,47.15853520882965,17.140833333333337,16.86307692307692,16.89066534965007,16.54650272946483,0.3441626201852408,0.6351713286074516,0.5937796187714698,-0.499233997172458,-0.20193437518343893
601881.SH,20250402,16.35,16.63,16.32,16.5,16.28,0.22,1.3514,586735.56,968674.139,-0.35999999999999943,-1.1700000000000017,0.019999999999999574,16.656,16.907000000000004,17.061,16.621833160167753,16.80523055413963,16.729522030159607,0.34999999999999787,0.5942857142857143,0.21999999999999886,0.0,0.16858399237596838,0.17129156337085302,0.9841932028548153,49.601682005501225,17.040833333333335,16.931153846153844,16.830562988165447,16.543058082837806,0.2875049053276406,0.5651432655567604,0.5325246760827039,-0.49003954151012663,-0.21045692678509012
601881.SH,20250403,16.28,16.63,16.24,16.43,16.5,-0.07,-0.4242,511260.93,841702.116,-0.46000000000000085,-1.1999999999999993,-0.240000000000002,16.564,16.787,17.049000000000003,16.55788877344517,16.73700681702333,16.70099612252536,0.39000000000000057,0.4964285714285716,0.0,0.07000000000000028,0.15654227863482778,0.1640564517015064,0.9541976375281459,48.82810311525631,16.930833333333332,16.94,16.76893791306307,16.534683410035004,0.2342545030280654,0.4971899215838249,0.47287064147177627,-0.47723227688742176,-0.12863483167783465
601881.SH,20250407,15.55,15.76,14.79,14.79,16.43,-1.64,-9.9817,1241692.48,1870504.52,-2.1999999999999993,-2.3900000000000006,-1.5,16.124000000000002,16.548,16.974,15.968592515630116,16.383005577564543,16.51899649180866,1.6400000000000006,0.540714285714286,0.0,1.6400000000000006,0.14536068730376867,0.26948099086568456,0.5394097996924011,35.04003935795289,16.690833333333334,16.82346153846154,16.464485926437984,16.405447601884262,0.05903832455372182,0.41559341524953197,0.3901041780881654,-0.6621317070688871,1.428686424366517
601881.SH,20250408,14.94,15.08,14.6,14.88,14.79,0.09,0.6085,1013350.61,1497456.134,-1.7400000000000002,-2.4700000000000006,-1.3899999999999988,15.776,16.301,16.904500000000002,15.605728343753412,16.10973183618917,16.362901587826883,0.4800000000000004,0.5442857142857146,0.09000000000000163,0.0,0.14140635249635675,0.2502323486609928,0.5651002088779887,36.106327612281504,16.461666666666666,16.755,16.220718860832143,16.292451483226166,-0.07173262239402334,0.3301762844719577,0.29773681799172763,-0.7389388807715019,-0.18389566956224138
601881.SH,20250409,14.58,15.28,14.4,15.18,14.88,0.3,2.0161,1088481.83,1624363.201,-1.1000000000000014,-1.5899999999999999,-1.0500000000000007,15.556000000000001,16.142000000000003,16.852,15.463818895835608,15.940689684154774,16.250244293748132,0.879999999999999,0.5864285714285717,0.29999999999999893,0.0,0.15273447017518832,0.23235860947092188,0.6573221905698399,39.66170213070228,16.294999999999998,16.72346153846154,16.06060826685797,16.210047669653857,-0.1494394027958883,0.2446005500890879,0.20830157383420447,-0.7154819532601855,0.07414138725391411
601881.SH,20250410,15.47,15.97,15.3,15.58,15.18,0.4,2.635,1122039.3,1756261.615,-0.9199999999999999,-1.2799999999999994,-1.7200000000000006,15.372,16.014000000000003,16.766000000000002,15.502545930557073,15.875109741581177,16.186411503867358,0.7900000000000009,0.6185714285714287,0.40000000000000036,0.0,0.17039629373410348,0.2157615659372846,0.7897434976145499,44.12607162239479,16.1475,16.713846153846152,15.986668533495203,16.16337747190172,-0.1767089384065148,0.16315529450162045,0.13129947138606063,-0.6160168195851509,0.030829609714293504
601881.SH,20250411,15.6,16.43,15.5,15.99,15.58,0.41,2.6316,1197622.22,1903650.109,-0.4399999999999995,-0.9000000000000004,-1.58,15.284,15.924000000000001,16.687,15.665030620371382,15.895998879475506,16.16770564635618,0.9299999999999997,0.6278571428571429,0.41000000000000014,0.0,0.18751084418166752,0.20035002551319286,0.9359162480831335,48.34487282235686,16.082500000000003,16.695,15.987181066803632,16.150534696205295,-0.1633536294016622,0.08862202505526401,0.07236885122851607,-0.4714449612603565,0.06736209685347022
601881.SH,20250414,16.05,16.05,15.78,15.85,15.99,-0.14,-0.8755,731083.83,1160667.408,1.0600000000000005,-1.1399999999999988,-2.8499999999999996,15.496,15.810000000000002,16.5445,15.72668708024759,15.887635446843596,16.13744796575083,0.27000000000000135,0.615,0.0,0.14000000000000057,0.17411721245440553,0.1960393094051077,0.8881749939987751,47.03880714561308,15.998333333333335,16.66346153846154,15.966076287295381,16.128272866856754,-0.1621965795613729,0.022392131170578564,0.025455765070538275,-0.3753046892638223,-0.38955388619960646
601881.SH,20250415,15.81,15.96,15.71,15.8,15.85,-0.05,-0.3155,447586.06,707760.11,0.9199999999999999,-0.8200000000000003,-1.8999999999999986,15.680000000000001,15.728,16.4495,15.751124720165063,15.871701729235669,16.10531006425075,0.25,0.5835714285714284,0.0,0.049999999999998934,0.1616802687076623,0.18560793016188562,0.8710849184441968,46.55507133094216,15.9075,16.644615384615385,15.940526089249937,16.103956358200698,-0.1634302689507603,-0.034007078733421556,-0.01232144173372144,-0.3022176544340777,-0.387777377048539
601881.SH,20250416,15.8,15.93,15.55,15.92,15.8,0.12,0.7595,668852.19,1054239.493,0.7400000000000002,-0.3600000000000012,-1.83,15.828,15.691999999999998,16.358000000000004,15.807416480110042,15.880483233011,16.087661486703063,0.379999999999999,0.5885714285714284,0.11999999999999922,0.0,0.15870310665711496,0.17235022086460808,0.920817541520798,47.93883446065081,15.818333333333335,16.631153846153847,15.937368229365331,16.09032996129694,-0.1529617319316099,-0.08294781620667162,-0.04044949977329913,-0.22502446431662151,0.4943543818143039
601881.SH,20250417,15.8,16.13,15.75,15.88,15.92,-0.04,-0.2513,559586.66,891196.363,0.3000000000000007,-0.6199999999999992,-1.790000000000001,15.888,15.629999999999999,16.268500000000003,15.83161098674003,15.880395372463546,16.06788420225515,0.379999999999999,0.5899999999999999,0.0,0.03999999999999915,0.14736717046732103,0.16289663365999316,0.9046667641696877,47.497377556439076,15.756666666666666,16.61769230769231,15.92854234792451,16.074749964163836,-0.14620761623932488,-0.12522138501415941,-0.06160112306650428,-0.1692129863456412,-0.16336274536231976
601881.SH,20250418,15.82,16.24,15.8,16.11,15.88,0.23,1.4484,725552.4,1164447.265,0.11999999999999922,-0.3200000000000003,-1.5199999999999996,15.912,15.598000000000003,16.192500000000003,15.924407324493353,15.922141668379265,16.071895230611805,0.4399999999999977,0.5942857142857141,0.22999999999999865,0.0,0.15326951543394088,0.1512611598271365,1.0132774045174555,50.32974602724054,15.742499999999998,16.571923076923078,15.956458909782278,16.077361077929478,-0.12090216814720023,-0.14521477309203965,-0.07346133208264348,-0.0948816721291135,0.29658630532757874
601881.SH,20250421,15.98,16.34,15.91,16.11,16.11,0.0,0.0,664640.55,1070834.128,0.2599999999999998,1.3200000000000003,-1.0700000000000003,15.963999999999999,15.73,16.139000000000003,15.986271549662236,15.956297728673944,16.075524256267823,0.4299999999999997,0.5764285714285712,0.0,-0.0,0.1423216929029451,0.14045679126805533,1.0132774045174555,50.32974602724054,15.709999999999999,16.51576923076923,15.98008061596962,16.07977877586063,-0.09969815989100894,-0.14832205503614915,-0.07870869764431657,-0.04197892449338475,-0.08395237890468005
601881.SH,20250422,16.1,16.16,15.93,15.94,16.11,-0.17,-1.0552,527635.93,845797.207,0.1399999999999988,1.0599999999999987,-1.410000000000002,15.991999999999999,15.836000000000002,16.068500000000004,15.970847699774824,15.953334505278681,16.062617184242317,0.23000000000000043,0.5599999999999997,0.0,0.16999999999999993,0.13215585769559188,0.14256702046319422,0.926973554376202,48.105151846584675,15.66916666666667,16.409615384615385,15.973914367358908,16.069424792463543,-0.09551042510463503,-0.14232994640378768,-0.08206904313638028,-0.026882763936509513,-0.20613340549263806
601881.SH,20250423,16.05,16.09,15.9,16.05,15.94,0.11,0.6901,545008.23,872062.222,0.13000000000000078,0.870000000000001,-0.7199999999999989,16.018,15.923000000000002,16.032500000000006,15.997231799849883,15.970910049773465,16.06141554764781,0.1899999999999995,0.5485714285714284,0.11000000000000121,0.0,0.1305732964316211,0.13238366185868036,0.986324857602203,49.65576772738209,15.774166666666668,16.346153846153847,15.985619849303692,16.067985918947727,-0.08236606964403492,-0.1318474054301788,-0.08212844843791121,-0.0004752424122474175,0.032924785846179826
601881.SH,20250424,16.03,16.1,15.8,15.92,16.05,-0.13,-0.81,474007.96,756541.22,0.03999999999999915,0.33999999999999986,-0.9399999999999995,16.026,15.956999999999999,15.985500000000002,15.97148786656659,15.96165367708738,16.04794740025278,0.3000000000000007,0.542142857142857,0.0,0.13000000000000078,0.12124663240079103,0.1322134002973461,0.9170525236330738,47.83658832128059,15.860833333333334,16.275769230769235,15.975524487872356,16.057023999025674,-0.08149951115331788,-0.12275250340258499,-0.08200266098099256,0.0010062996553493464,-0.1302737575173864
601881.SH,20250425,15.99,16.23,15.96,16.05,15.92,0.13,0.8166,669693.32,1078503.18,-0.05999999999999872,0.0600000000000005,-0.8399999999999999,16.014,15.963000000000003,15.943500000000004,15.99765857771106,15.977716644889673,16.048142885942994,0.3100000000000005,0.447142857142857,0.13000000000000078,0.0,0.12187187294359172,0.12276958599039281,0.9926878221543295,49.81652475203654,15.933333333333335,16.213461538461537,15.986982258968917,16.05650370280155,-0.06952144383263281,-0.11245526609939166,-0.07950641755132061,0.019969947437375596,0.41283137945615916
601881.SH,20250428,15.98,15.99,15.8,15.89,16.05,-0.16,-0.9969,370997.91,590452.321,-0.21999999999999886,0.040000000000000924,-1.0999999999999979,15.970000000000002,15.967000000000002,15.888500000000002,15.961772385140709,15.96176816400064,16.033081658710326,0.25,0.43071428571428555,0.0,0.16000000000000014,0.1131667391619066,0.12542890127679335,0.9022381445578725,47.43034657038566,15.959166666666667,16.146538461538462,15.972061911435237,16.044170095186622,-0.07210818375138572,-0.10230836774390559,-0.07802677079133363,0.011837174079895818,-0.4460182012865232
601881.SH,20250429,15.86,15.93,15.8,15.87,15.89,-0.02,-0.1259,312780.93,496132.796,-0.07000000000000028,0.06999999999999851,-0.7500000000000018,15.956,15.974,15.851000000000003,15.931181590093805,15.945083043273248,16.017550072166486,0.129999999999999,0.37714285714285695,0.0,0.02000000000000135,0.10508340065034184,0.1178982654713082,0.891305739149445,47.12647567760682,15.94916666666667,16.096153846153847,15.956360078906739,16.03126860665428,-0.07490852774754053,-0.09363578950123122,-0.07740312218257502,0.004989188870068967,-0.15691996755453416
601881.SH,20250430,15.93,16.06,15.5,15.64,15.87,-0.23,-1.4493,713320.28,1122650.618,-0.41000000000000014,-0.27999999999999936,-0.6400000000000006,15.874,15.945999999999998,15.818999999999999,15.834121060062538,15.889613399041748,15.981592922436345,0.5599999999999987,0.3607142857142854,0.0,0.22999999999999865,0.09757744346103171,0.1259055322233575,0.7750052101596971,43.66213719958433,15.931666666666667,16.030384615384612,15.907689297536471,16.00228574690211,-0.09459644936563905,-0.08790121540415502,-0.08084178761918782,-0.027509323492902443,1.280574714065848
601881.SH,20250506,15.78,15.87,15.6,15.81,15.64,0.17,1.087,722882.27,1138621.942,-0.10999999999999943,-0.07000000000000028,-0.6899999999999995,15.852,15.938999999999998,15.7845,15.826080706708359,15.87513823557961,15.96525073934717,0.2699999999999996,0.3135714285714282,0.16999999999999993,0.0,0.10275048321381516,0.11691227992168911,0.8788681846136276,46.776468504327724,15.9325,15.993461538461538,15.892660174838554,15.988042358242694,-0.09538218340414062,-0.08506566154381506,-0.08374986677617838,-0.023264633255924483,0.013404904175723127
601881.SH,20250507,16.39,16.49,15.9,15.99,15.81,0.18,1.1385,1054630.11,1704390.255,-0.0600000000000005,-0.11999999999999922,-0.4399999999999995,15.84,15.927000000000001,15.7625,15.880720471138908,15.896022192746955,15.967607811790296,0.6799999999999979,0.34285714285714225,0.17999999999999972,0.0,0.10826830584139978,0.1085614027844256,0.9973001735837199,49.93241310314824,15.938333333333333,15.959999999999999,15.907635532555698,15.988187368743237,-0.08055183618753858,-0.08293829224342947,-0.08311026065845042,0.005116848941823682,0.4589237470162328
601881.SH,20250508,15.89,16.3,15.89,16.2,15.99,0.21,1.3133,777437.18,1256439.401,0.3099999999999987,0.08999999999999986,1.4100000000000001,15.902000000000001,15.935999999999998,15.833000000000002,15.987146980759274,15.95129088497478,15.989740401143601,0.41000000000000014,0.3542857142857137,0.20999999999999908,0.0,0.11553485542415687,0.10080701687125235,1.1460993392128096,53.40383449506114,15.964999999999998,15.933461538461538,15.952614681393284,16.003877193280776,-0.05126251188749187,-0.07802185744152466,-0.07674071090425871,0.05095639803353369,-0.2628342651813725
601881.SH,20250509,16.17,16.18,15.78,15.83,16.2,-0.37,-2.284,570263.21,907602.3,-0.03999999999999915,-0.10999999999999943,0.9499999999999993,15.894,15.925,15.880499999999998,15.934764653839515,15.929237996797546,15.974527029606117,0.41999999999999993,0.35714285714285665,0.0,0.3699999999999992,0.1072823657510028,0.12003508709473427,0.893758386381919,47.19495331658811,15.941666666666668,15.888846153846155,15.933750884255856,15.990997401185904,-0.05724651693004823,-0.07523079602885947,-0.07284187210941662,0.031190710358736773,-0.26648322890860465
601881.SH,20250512,15.95,16.53,15.86,16.5,15.83,0.67,4.2325,1203579.52,1954521.344,0.8599999999999994,0.4499999999999993,1.3200000000000003,16.066,15.970000000000002,15.9465,16.12317643589301,16.033012906470717,16.024572074405533,0.7000000000000011,0.3799999999999996,0.6699999999999999,0.0,0.14747648248307405,0.11146115230225326,1.3231200237653806,56.9544410202633,15.974166666666667,15.88423076923077,16.02086613283188,16.028701297394356,-0.007835164562475683,-0.067045868629877,-0.05984053060002843,0.1040107320751055,1.1105684162932412
601881.SH,20250513,16.6,16.62,16.23,16.31,16.5,-0.19,-1.1515,750811.78,1230602.58,0.4999999999999982,0.3899999999999988,0.7299999999999986,16.166,16.009,15.982999999999999,16.185450957262006,16.083374196203312,16.05175568636691,0.39000000000000057,0.3764285714285713,0.0,0.19000000000000128,0.13694244801999733,0.11707106999494954,1.1697377330360528,53.91148041654195,16.005,15.885384615384615,16.06534826624236,16.049538238328108,0.015810027914252345,-0.05756459399133421,-0.044710418897172276,0.12104089362284924,-0.3761843172605662
601881.SH,20250514,16.3,17.21,16.1,16.88,16.31,0.57,3.4948,1508643.03,2512009.067,0.8899999999999988,0.8299999999999983,0.8899999999999988,16.344,16.092,16.0275,16.41696730484134,16.228215251439075,16.130636097189107,1.1099999999999994,0.4249999999999998,0.5700000000000003,0.0,0.16787513030428328,0.108708850709596,1.5442636842214772,60.69589774827166,16.074166666666667,15.899999999999999,16.190679302205073,16.111053924377877,0.07962537782719536,-0.040705309371491874,-0.01984325955229875,0.19893727475898823,1.0093491740366674
601881.SH,20250515,16.61,16.75,16.51,16.59,16.88,-0.29,-1.718,722575.32,1201817.516,0.39000000000000057,0.6999999999999993,0.7400000000000002,16.422,16.162,16.0645,16.474644869894227,16.29399429663197,16.174385040313954,0.36999999999999744,0.4349999999999996,0.0,0.28999999999999915,0.15588404956826304,0.12165821851605338,1.281327734942078,56.16587723528511,16.13,15.906153846153845,16.252113255711983,16.146531411460998,0.1055818442509846,-0.02065082359387797,0.005241761208357922,0.20068016608525335,-0.5210428805016917
601881.SH,20250516,16.5,16.65,16.35,16.48,16.59,-0.11,-0.6631,466198.55,768166.912,0.6500000000000004,0.6100000000000012,0.6799999999999997,16.552,16.223,16.0985,16.47642991326282,16.327813515426154,16.20349122695072,0.29999999999999716,0.4428571428571423,0.0,0.10999999999999943,0.1447494745991014,0.12082548862204953,1.1980044628818987,54.50418700747966,16.16583333333333,15.971153846153847,16.287172754833218,16.171232788389812,0.1159399664434062,0.002742111496015948,0.02738140225536758,0.17711712837607724,-0.35480975187472497
601881.SH,20250519,16.43,16.69,16.32,16.58,16.48,0.1,0.6068,452490.89,745685.423,0.0799999999999983,0.9399999999999977,0.6599999999999984,16.568,16.317,16.1315,16.510953275508548,16.37366560353049,16.239349205336367,0.370000000000001,0.44785714285714234,0.09999999999999787,0.0,0.1415530835563083,0.11219509657761742,1.2616690735533242,55.784866508834874,16.223333333333333,16.036538461538463,16.332223100243493,16.201511841101677,0.13071125914181536,0.027863605112233278,0.04804737363265714,0.16532777101831644,-0.029403051553892594
601881.SH,20250520,16.52,16.75,16.49,16.59,16.58,0.01,0.0603,436299.13,724322.782,0.28000000000000114,0.7799999999999994,0.7099999999999991,16.624000000000002,16.394999999999996,16.166999999999998,16.537302183672367,16.41299913016131,16.272744519113857,0.26000000000000156,0.44428571428571384,0.010000000000001563,0.0,0.13215643473085784,0.1041811611077876,1.2685252623948637,55.918498392902706,16.283333333333335,16.09076923076923,16.371881084821418,16.230288741760813,0.14159234306060497,0.05254629169536034,0.0667563675182467,0.14967195108471654,-0.035783615444722014
601881.SH,20250521,16.51,16.65,16.34,16.45,16.59,-0.14,-0.8439,438356.43,722356.825,-0.4299999999999997,0.4599999999999991,0.33999999999999986,16.538,16.441,16.184,16.508201455781577,16.41972656104107,16.289625993483966,0.3099999999999987,0.448571428571428,0.0,0.14000000000000057,0.12271668939293942,0.10673964960008853,1.1496823331602697,53.48149889058772,16.350833333333334,16.124230769230767,16.383899379464275,16.24656364977853,0.13733572968574492,0.07350165187016443,0.08087223995174635,0.11292697946799715,0.004715342888719463
601881.SH,20250522,16.42,16.42,16.2,16.22,16.45,-0.23,-1.3982,356921.83,581197.246,-0.370000000000001,0.019999999999999574,0.10999999999999943,16.464000000000002,16.442999999999998,16.1895,16.412134303854387,16.383412640851784,16.282994946485495,0.25,0.4571428571428567,0.0,0.23000000000000043,0.11395121157915802,0.11554396034293937,0.9862152140271633,49.652988611820994,16.384999999999994,16.13307692307692,16.358684090315926,16.244595972017155,0.11408811829877052,0.0925388335622554,0.08751541562115119,0.05314540535523868,-0.18577256868343411
601881.SH,20250523,16.2,16.35,15.89,15.9,16.22,-0.32,-1.9729,504710.66,812951.825,-0.5800000000000001,0.07000000000000028,-0.03999999999999915,16.348000000000003,16.45,16.1875,16.24142286923626,16.295519433424186,16.2465192372964,0.46000000000000085,0.4499999999999997,0.0,0.3199999999999985,0.10581183932350388,0.13014796317558647,0.8130118731151404,44.8431632010337,16.3775,16.134999999999998,16.288117307190397,16.21907034446033,0.0690469627300665,0.10108129215031564,0.08382172504293425,-0.029549524625735513,0.41406497887786786
601881.SH,20250526,15.94,15.98,15.71,15.86,15.9,-0.04,-0.2516,401502.09,635502.503,-0.7199999999999989,-0.6400000000000006,-0.19000000000000128,16.204,16.386000000000003,16.177999999999997,16.114281912824175,16.216334081892516,16.20970788136341,0.2699999999999996,0.4499999999999997,0.0,0.040000000000000924,0.09825385080039646,0.12370882294875893,0.7942347882583436,44.2659340603525,16.349166666666665,16.137307692307694,16.22225310608418,16.192472541166975,0.02978056491720693,0.10263357403953283,0.07301349301778878,-0.0864658562011637,-0.2044905689132858
601881.SH,20250527,15.86,15.86,15.72,15.8,15.86,-0.06,-0.3783,236354.49,373318.206,-0.7899999999999991,-0.509999999999998,-0.11999999999999922,16.046,16.335,16.172,16.00952127521612,16.140636976093877,16.170688083138323,0.1399999999999988,0.41142857142857114,0.0,0.05999999999999872,0.09123571860036815,0.1191581927381332,0.7656688684501233,43.364239021907636,16.346666666666668,16.13269230769231,16.15729108976354,16.16340050108053,-0.006109411316991498,0.09310748635684539,0.05718891215083273,-0.12659664693564845,-0.4113243843886343
601881.SH,20250528,15.81,15.93,15.69,15.75,15.8,-0.05,-0.3165,278380.46,439537.134,-0.6999999999999993,-1.129999999999999,-0.3000000000000007,15.906,16.222,16.157000000000004,15.923014183477415,16.069612071349535,16.130622551410866,0.2400000000000002,0.399285714285714,0.0,0.05000000000000071,0.08471888155748472,0.1142183218282666,0.7417275985271795,42.5857406838125,16.284166666666668,16.127692307692307,16.094630922107612,16.13277824174123,-0.0381473196336195,0.07713757925855605,0.038121665793942286,-0.15253797085512358,0.17780906129602206
601881.SH,20250529,15.74,15.96,15.73,15.93,15.75,0.18,1.1429,379220.36,602525.105,-0.28999999999999915,-0.6600000000000001,0.03999999999999915,15.848000000000003,16.156,16.159000000000002,15.925342788984945,16.04422805837689,16.11151564175269,0.23000000000000043,0.3857142857142855,0.17999999999999972,0.0,0.09152467573195008,0.1060598702691047,0.8629529293193118,46.32177849145221,16.2525,16.12076923076923,16.06930308793721,16.117757631241883,-0.048454543304671915,0.0588715226198807,0.020806423974219446,-0.13852193455778272,0.36223770878171535
601881.SH,20250530,15.86,15.88,15.73,15.81,15.93,-0.12,-0.7533,268010.01,423628.274,-0.08999999999999986,-0.6699999999999999,-0.05999999999999872,15.829999999999998,16.089000000000002,16.156,15.886895192656631,16.001641138672,16.08279986634767,0.1999999999999993,0.34999999999999964,0.0,0.11999999999999922,0.08498719889395365,0.10705559382131145,0.7938604220514381,44.25430274801361,16.163333333333338,16.10923076923077,16.02941030517764,16.094960769668408,-0.06555046449076585,0.03706466443848279,0.0035350462812223857,-0.13817102154397648,-0.2932604937139978
601881.SH,20250603,15.71,15.99,15.69,15.88,15.81,0.07,0.4428,327321.14,518749.576,0.02000000000000135,-0.6999999999999975,0.2400000000000002,15.834,16.019,16.168,15.884596795104422,15.979524568004361,16.063485593362177,0.3000000000000007,0.34357142857142825,0.07000000000000028,0.0,0.08391668468724268,0.09940876569121779,0.8441577973908618,45.77470531996704,16.104166666666668,16.106923076923078,16.006424104381082,16.07903774969297,-0.07261364531188619,0.013263999063761547,-0.01169469203739933,-0.12183790654897372,0.22130192077527255
601881.SH,20250604,15.89,16.14,15.84,16.05,15.88,0.17,1.0705,421627.06,676106.069,0.25,-0.5399999999999991,0.2400000000000002,15.884,15.965000000000003,16.18,15.939731196736282,15.992338282912659,16.06220125113721,0.3000000000000007,0.2857142857142855,0.16999999999999993,0.0,0.0900654929238682,0.09230813957041652,0.9757047790478159,49.38515052426271,16.068333333333335,16.106923076923078,16.013128088322453,16.07688680527127,-0.06375871694881496,-0.009079828340078441,-0.022107497019682457,-0.08330243985826502,0.28811435766110305
601881.SH,20250605,16.07,16.44,16.02,16.38,16.05,0.33,2.0561,663256.49,1077664.804,0.629999999999999,-0.07000000000000028,0.3899999999999988,16.009999999999998,15.958000000000002,16.1995,16.086487464490855,16.06282223147399,16.092467798647952,0.4200000000000017,0.2892857142857143,0.3299999999999983,0.0,0.10720367200073463,0.08571470102967248,1.2507034465840716,55.56944645383132,16.051666666666666,16.124615384615385,16.06956992088823,16.099339634510436,-0.02976971362220482,-0.02506403188685348,-0.023639940340186932,-0.012259546564035773,0.5730880508475903
601881.SH,20250606,16.35,16.45,16.13,16.18,16.38,-0.2,-1.221,426628.83,693290.34,0.25,-0.03999999999999915,-0.019999999999999574,16.060000000000002,15.954000000000002,16.198500000000003,16.11765830966057,16.0841272802969,16.100804198776718,0.3200000000000003,0.290714285714286,0.0,0.1999999999999993,0.09954626685782501,0.09387793667041011,1.0603797909120591,51.46525876390321,16.017500000000002,16.129615384615384,16.086559163828504,16.10531447639855,-0.01875531257004681,-0.034819840253532734,-0.02266301478615891,0.007815404432224199,-0.3567664449088165
601881.SH,20250609,16.39,16.78,16.39,16.6,16.18,0.42,2.5958,876474.95,1455208.901,0.7900000000000009,0.7000000000000011,0.7700000000000014,16.218,16.024,16.237000000000002,16.27843887310705,16.177922320242917,16.14834665603608,0.6000000000000014,0.30714285714285744,0.4200000000000017,0.0,0.12243581922512335,0.08717236976538081,1.4045255343482344,58.411753765340734,16.03,16.15692307692308,16.165550061701044,16.141957848517176,0.023592213183867727,-0.03550743489057043,-0.013411969192153584,0.07400836475204262,1.0544203494170798
601881.SH,20250610,16.51,16.74,16.25,16.34,16.6,-0.26,-1.5663,721810.54,1191363.843,0.4599999999999991,0.4800000000000004,-0.16000000000000014,16.310000000000002,16.072000000000003,16.229,16.298959248738033,16.20739098928966,16.166599355461212,0.48999999999999844,0.3235714285714287,0.0,0.26000000000000156,0.11369040356618597,0.09951720049642516,1.1424196319737705,53.32380337279121,16.040000000000003,16.175,16.192388513747037,16.156627637515903,0.035760876231133665,-0.030855180718556516,-0.003577400107496135,0.07867655267725959,-0.17646187150014947
601881.SH,20250611,16.39,17.18,16.38,16.93,16.34,0.59,3.6108,1171711.78,1981492.805,0.879999999999999,1.129999999999999,0.620000000000001,16.486,16.185000000000002,16.259999999999998,16.509306165825357,16.338774445782448,16.23930417875062,0.8399999999999999,0.3614285714285716,0.5899999999999999,0.0,0.1477125175971727,0.0924088290323948,1.5984675830638506,61.51577928015168,16.125833333333336,16.224615384615383,16.3058672039398,16.21391447918139,0.09195272475841065,-0.016399620230553167,0.015528624865685223,0.15284819978545086,0.6232954703044374
601881.SH,20250612,16.75,17.03,16.72,16.79,16.93,-0.14,-0.8269,595814.94,1004302.284,0.41000000000000014,1.0399999999999991,-0.08999999999999986,16.568,16.289,16.2555,16.602870777216907,16.420815455640184,16.291751399821987,0.3100000000000023,0.36571428571428605,0.0,0.14000000000000057,0.13716162348308894,0.09580819838722378,1.4316272071908591,58.875275081526524,16.203333333333337,16.262307692307694,16.380349172564447,16.25658748072351,0.12376169184093655,0.002735517007847774,0.03717523826073549,0.17317290716040212,-0.49150042683705036
601881.SH,20250613,16.72,16.8,16.46,16.54,16.79,-0.25,-1.489,573702.71,951814.137,0.35999999999999943,0.6099999999999994,-0.05000000000000071,16.639999999999997,16.35,16.253000000000004,16.58191385147794,16.44248537279651,16.315394123648463,0.33999999999999986,0.3571428571428574,0.0,0.25,0.1273643646628683,0.10682189850242207,1.192305757980705,54.38592466586035,16.265,16.28346153846154,16.40491083832376,16.27758100066992,0.12732983765384276,0.024166661690582063,0.05520615813935695,0.14424735902897162,-0.037112580627803635
601881.SH,20250616,16.45,16.79,16.45,16.75,16.54,0.21,1.2696,415648.72,691813.21,0.14999999999999858,0.9399999999999995,0.2699999999999996,16.669999999999998,16.444,16.2665,16.63794256765196,16.498397123197144,16.35678515949147,0.33999999999999986,0.36214285714285743,0.21000000000000085,0.0,0.13326691004409205,0.09919176289510621,1.3435279921884218,57.32929142159787,16.348333333333333,16.304615384615385,16.458001478581647,16.312575000620296,0.145426477961351,0.04839334205427508,0.07325022210375576,0.14435251171519048,-0.27549807111770486
601881.SH,20250617,16.72,16.87,16.66,16.78,16.75,0.03,0.1791,367481.58,616399.122,0.4400000000000013,0.9000000000000004,0.20000000000000284,16.758,16.534,16.2765,16.68529504510131,16.54959764625221,16.397091334777997,0.21000000000000085,0.36714285714285755,0.030000000000001137,0.0,0.12589070218379986,0.0921066369740272,1.3667929512973023,57.74873338828081,16.419166666666666,16.341153846153848,16.507539712646008,16.347199074648422,0.16034063799758513,0.07329327038165287,0.09066830528252164,0.139344665430127,-0.11588424956535404
601881.SH,20250618,16.75,16.79,16.42,16.54,16.78,-0.24,-1.4303,393774.0,651762.424,-0.39000000000000057,0.48999999999999844,-0.05000000000000071,16.68,16.583,16.274000000000004,16.636863363400874,16.547852619660897,16.41070168384676,0.36999999999999744,0.37642857142857167,0.0,0.240000000000002,0.11689850917067131,0.10267044861873968,1.1385799004810688,53.23999819810089,16.48,16.34269230769231,16.51253360300816,16.361480624674464,0.1510529783336949,0.09338468059897506,0.1027452398927563,0.09661547688187722,0.07154758614023587
601881.SH,20250619,16.46,16.52,16.03,16.08,16.54,-0.46,-2.7811,529589.57,858391.362,-0.7100000000000009,-0.3000000000000007,-0.370000000000001,16.538,16.552999999999997,16.2555,16.45124224226725,16.462788506995278,16.379206285385163,0.509999999999998,0.39642857142857146,0.0,0.46000000000000085,0.10854861565848051,0.1281939880031155,0.8467527795128931,45.85090050527694,16.496666666666666,16.333846153846153,16.445989971776136,16.34063020803191,0.10535976374422518,0.10717524463389418,0.10326814466305008,0.004183238162350195,0.34490740881825604
601881.SH,20250620,16.08,16.19,16.01,16.04,16.08,-0.04,-0.2488,309443.15,497638.411,-0.5,-0.14000000000000057,-0.17999999999999972,16.438,16.538999999999994,16.2465,16.314161494844832,16.385917869359773,16.34690092487229,0.17999999999999972,0.3950000000000001,0.0,0.03999999999999915,0.10079514311144619,0.12189441743146433,0.826905327047637,45.26262608166752,16.49583333333333,16.30153846153846,16.383529976118268,16.31836130373325,0.06516867238501689,0.11179485121179963,0.09564825020744344,-0.0609591556448531,-0.4156925144881534
601881.SH,20250623,15.95,16.34,15.9,16.29,16.04,0.25,1.5586,411430.26,664994.081,-0.46000000000000085,-0.3100000000000023,0.3899999999999988,16.345999999999997,16.508,16.266000000000002,16.306107663229888,16.368478256748904,16.341481789170167,0.4399999999999995,0.40499999999999997,0.25,0.0,0.11145263288920003,0.11318767332921688,0.984671118426736,49.613818092303994,16.48833333333333,16.29,16.36914074902315,16.316260466419678,0.05288028260347133,0.11369700747539271,0.08709465668664902,-0.06842874816635539,0.329582703640394
601881.SH,20250624,16.38,17.38,16.29,17.01,16.29,0.72,4.4199,1324348.13,2248677.056,0.23000000000000043,0.6700000000000017,1.1500000000000021,16.392,16.574999999999996,16.323500000000003,16.54073844215326,16.485118573703648,16.40515019020158,1.0899999999999999,0.46142857142857135,0.7200000000000024,0.0,0.15492030196854303,0.1051028395199871,1.4739877883040666,59.579428616116736,16.557499999999994,16.310384615384613,16.467734479942663,16.36764858001822,0.10008589992444428,0.11460069360495201,0.08969290533420808,0.020785989180472392,2.21888849400625
601881.SH,20250625,17.1,17.68,17.0,17.56,17.01,0.55,3.2334,1422730.52,2469037.181,1.0199999999999996,0.629999999999999,1.759999999999998,16.596,16.637999999999998,16.411500000000004,16.88049229476884,16.680551560302984,16.51513588637286,0.6799999999999997,0.4799999999999998,0.5499999999999972,0.0,0.18314028039936117,0.09759549383998802,1.8765239376689613,65.23581858976753,16.6375,16.348076923076924,16.635775329182252,16.455970907424277,0.17980442175797506,0.12082766359573406,0.10771520861896149,0.14417842627802716,0.07428740810016482
601881.SH,20250626,17.5,17.5,17.09,17.23,17.56,-0.33,-1.8793,873330.12,1512155.356,1.1500000000000021,0.4400000000000013,1.4800000000000004,16.826,16.681999999999995,16.485500000000002,16.99699486317923,16.78045127661153,16.583218182908777,0.46999999999999886,0.4907142857142854,0.0,0.3299999999999983,0.17005883179940678,0.11419581570856017,1.4891861907919197,59.826227395152955,16.711666666666662,16.372692307692308,16.72719450930806,16.51330639576322,0.21388811354484005,0.13044524980584488,0.12894978960413722,0.16987664788140566,-0.3861591441786179
601881.SH,20250627,17.27,17.64,17.07,17.12,17.23,-0.11,-0.6384,832379.2,1442091.337,1.0800000000000018,0.5800000000000018,1.1900000000000013,17.042,16.740000000000002,16.545,17.037996575452823,16.842187408136706,16.634340260726987,0.5700000000000003,0.48857142857142816,0.0,0.10999999999999943,0.15791177238516346,0.11389611458652013,1.386454427865555,58.09683234159221,16.7275,16.39846153846154,16.787626123260665,16.558246662743723,0.2293794605169417,0.13977335897868828,0.1490357237866981,0.16068747346048717,-0.046890538940761645
601881.SH,20250630,17.12,17.27,16.92,17.15,17.12,0.03,0.1752,538358.42,921751.511,0.8599999999999994,0.3999999999999986,1.339999999999998,17.214,16.78,16.612,17.075331050301884,16.898153333930033,16.683450712086323,0.34999999999999787,0.47857142857142815,0.029999999999997584,0.0,0.14877521721479448,0.10576067783034013,1.4067158065444485,58.449601848263285,16.757499999999997,16.43423076923077,16.843375950451332,16.602080243281225,0.2412957071701065,0.14876836666452398,0.16748772046337979,0.14761597341345345,-0.3532293694989014
601881.SH,20250701,17.16,17.17,16.93,17.07,17.15,-0.08,-0.4665,353437.81,602447.47,0.05999999999999872,0.28999999999999915,1.1899999999999995,17.226,16.809,16.6715,17.07355403353459,16.92939818230639,16.720264929982864,0.240000000000002,0.43571428571428544,0.0,0.0799999999999983,0.1381484159851663,0.10392062941388713,1.329364696541236,57.06983962258666,16.801666666666666,16.479230769230767,16.878241188843436,16.636740966001135,0.24150022284230133,0.15881806049881358,0.1822902209391641,0.11842000380627443,-0.34348977025380234
601881.SH,20250702,17.06,17.14,16.92,16.96,17.07,-0.11,-0.6444,325336.69,553651.934,-0.5999999999999979,0.4200000000000017,0.9100000000000001,17.106,16.851,16.716999999999995,17.03570268902306,16.934962149159773,16.743096841413067,0.21999999999999886,0.42928571428571377,0.0,0.10999999999999943,0.12828067198622586,0.10435487017003801,1.229273456784553,55.14233586029529,16.819166666666668,16.521538461538462,16.890819467482906,16.66068607963068,0.23013338785222714,0.1726817965108138,0.1918588543217767,0.07654906706090087,-0.0795079620938122
601881.SH,20250703,16.98,17.23,16.98,17.12,16.96,0.16,0.9434,437669.1,748407.466,-0.10999999999999943,1.0400000000000027,0.740000000000002,17.084,16.955000000000002,16.753999999999998,17.063801792682042,16.968605394767085,16.77899238032611,0.2699999999999996,0.42428571428571377,0.16000000000000014,0.0,0.13054633827292403,0.09690095087217816,1.3472142130486153,57.39630433213945,16.8475,16.572307692307692,16.926078010947077,16.69470933299137,0.23136867795570737,0.1911484637964461,0.19976081904856285,0.06321571781428903,0.3452804846572945
601881.SH,20250704,17.12,17.4,16.96,17.06,17.12,-0.06,-0.3505,687166.2,1180611.584,-0.060000000000002274,1.0199999999999996,0.879999999999999,17.072,17.057,16.798,17.062534528454695,16.985222595718525,16.805755010771243,0.4399999999999977,0.4314285714285707,0.0,0.060000000000002274,0.12122159982485803,0.09426516866702274,1.285963856417154,56.25477641771101,16.890833333333333,16.622692307692308,16.946681393878293,16.721767900917936,0.22491349296035779,0.21026326494721126,0.20479135383092184,0.04024427825887189,0.5700587498637669
601881.SH,20250707,16.99,17.18,16.96,17.1,17.06,0.04,0.2345,312232.88,533233.997,-0.04999999999999716,0.8100000000000023,0.5,17.062,17.137999999999998,16.823,17.075023018969798,17.006091214678793,16.833778343078745,0.21999999999999886,0.43214285714285633,0.0400000000000027,0.0,0.1154200569802255,0.08753194233366397,1.3186050018204156,56.870618358242744,16.975833333333334,16.66769230769231,16.970268871743173,16.749785093442533,0.2204837783006397,0.22364080698901073,0.20792983872486542,0.02510787915154855,-0.5456224709538973
601881.SH,20250708,17.08,17.31,17.07,17.24,17.1,0.14,0.8187,496927.03,855335.799,0.16999999999999815,0.22999999999999687,0.8999999999999986,17.096,17.161,16.868000000000002,17.130015345979864,17.048620084737195,16.87246611992839,0.23999999999999844,0.4228571428571421,0.13999999999999702,0.0,0.11717576719592347,0.08127966073840227,1.4416370114173143,59.0438711682404,17.075833333333332,16.72269230769231,17.01176596839807,16.786097308743088,0.22566865965498195,0.2287368334220115,0.21147760291088874,0.028382113488186422,0.5915269077363026
601881.SH,20250709,17.35,17.36,17.02,17.07,17.24,-0.17,-0.9861,426832.79,733953.688,0.10999999999999943,-0.48999999999999844,0.14000000000000057,17.118000000000002,17.112000000000002,16.875,17.110010230653245,17.052507342057705,16.8912788704114,0.33999999999999986,0.4107142857142851,0.0,0.16999999999999815,0.10880606953907179,0.08761682782851628,1.2418398638219033,55.393780968137776,17.140833333333333,16.76846153846154,17.020725050182982,16.807127137725082,0.2135979124578995,0.2287045888567959,0.2119016648202909,0.0033924952752171778,-0.14105539801286326
601881.SH,20250710,17.01,17.3,17.01,17.23,17.07,0.16,0.9373,521039.79,895838.246,0.10999999999999943,0.0,0.4400000000000013,17.14,17.112,16.897000000000002,17.150006820435497,17.084778734410847,16.923538025610316,0.28999999999999915,0.4185714285714279,0.16000000000000014,0.0,0.11246277885770953,0.08135848298362226,1.3823116500383699,58.023963825896,17.159166666666668,16.813846153846153,17.052921196308677,16.83845105344915,0.21447014285952903,0.22704799800597225,0.21241536042813855,0.004109564862780968,0.22071172179625656
601881.SH,20250711,17.34,17.75,17.2,17.43,17.23,0.2,1.1608,1226889.85,2152634.092,0.370000000000001,0.3099999999999987,0.8900000000000006,17.214,17.142999999999997,16.9415,17.243337880290333,17.147546237245237,16.971772499361713,0.5500000000000007,0.4264285714285708,0.1999999999999993,0.0,0.11871543751073023,0.0755471627705064,1.5714082853297666,61.110804312752045,17.148333333333333,16.85423076923077,17.110933319953496,16.8822694939344,0.22866382601909763,0.22564445565586017,0.21566505354633037,0.025997544945534523,1.3546951183900946
601881.SH,20250714,17.27,17.32,17.15,17.16,17.23,-0.07,-0.4063,517608.76,891499.373,0.05999999999999872,0.010000000000001563,0.41000000000000014,17.226,17.144000000000002,16.962000000000003,17.215558586860222,17.1498105577461,16.98969892799393,0.28000000000000114,0.36857142857142805,0.0,0.2699999999999996,0.11023576340282093,0.08943665114404162,1.2325569214938676,55.20830889584345,17.1425,16.891923076923078,17.11848203996065,16.902842124013333,0.21563991594731746,0.22277108822308417,0.21566002602652778,-4.022015842064519e-05,-0.5781130962979276
601881.SH,20250715,17.18,17.25,16.85,17.0,17.16,-0.16,-0.9324,558010.25,949943.601,-0.23999999999999844,-0.07000000000000028,0.21999999999999886,17.178,17.136999999999997,16.973000000000003,17.143705724573483,17.122572274519534,16.9906799824707,0.3999999999999986,0.348571428571428,0.0,0.16000000000000014,0.10236178030261943,0.09447689034803865,1.0834583984033983,52.00288132624472,17.132499999999997,16.907307692307693,17.10025403381286,16.910039003716047,0.1902150300968124,0.2183357151391492,0.2105710268405847,-0.04071199348754462,0.0780541078941554
601881.SH,20250716,17.03,17.4,16.96,17.1,17.0,0.1,0.5882,498723.92,854897.331,0.030000000000001137,0.14000000000000057,0.5600000000000023,17.183999999999997,17.151000000000003,17.001,17.129137149715657,17.118468224606893,17.001091412711585,0.4399999999999977,0.34642857142857075,0.10000000000000142,0.0,0.10219308170957529,0.08772854103746446,1.1648783907842917,53.808028928695606,17.128333333333334,16.93653846153846,17.100214951687803,16.92411018862597,0.17610476306183287,0.2121952801509409,0.20367777408483434,-0.05514602204600294,-0.10624595157526232
601881.SH,20250717,17.04,17.16,16.96,17.13,17.1,0.03,0.1754,468420.92,798587.502,-0.10000000000000142,0.00999999999999801,1.0500000000000007,17.163999999999998,17.151999999999997,17.0535,17.129424766477104,17.120564911042003,17.013368421024765,0.1999999999999993,0.3199999999999993,0.029999999999997584,0.0,0.09703643301603403,0.08146221667764555,1.1911833113996548,54.362558586609836,17.13333333333333,16.94423076923077,17.104797266812756,16.93936128576479,0.16543598104796686,0.20558666771623083,0.19602941547746086,-0.061186868858988,-0.06076107197745799
601881.SH,20250718,17.16,17.29,17.07,17.19,17.13,0.06,0.3503,466621.02,800972.697,-0.23999999999999844,0.13000000000000256,1.1500000000000021,17.116,17.165,17.110999999999997,17.149616510984735,17.13318947267073,17.030190476165263,0.21999999999999886,0.31071428571428505,0.060000000000002274,0.0,0.0943909735148889,0.07564348691495659,1.2478400634942897,55.5128491461492,17.1525,16.959615384615383,17.117905379610797,16.95792711644888,0.15997826316191777,0.19886383270081728,0.18881918501435224,-0.05768184370486895,-0.003842484234051641
601881.SH,20250721,17.11,17.74,17.09,17.58,17.19,0.39,2.2688,860339.24,1501465.588,0.41999999999999815,0.4799999999999969,1.2899999999999991,17.2,17.213,17.1755,17.293077673989824,17.21442775036696,17.082553287959048,0.6499999999999986,0.3399999999999991,0.389999999999997,0.0,0.1155059039781109,0.0702403807067454,1.6444373281567153,62.184772187547274,17.19083333333333,16.99961538461538,17.188996859670674,17.004006589304517,0.184990270366157,0.1943440116687256,0.1880534020847132,-0.006126263437112367,0.8437644322152481
601881.SH,20250722,17.53,17.61,17.3,17.55,17.58,-0.03,-0.1706,629652.68,1098844.882,0.5500000000000007,0.3100000000000023,0.5399999999999991,17.31,17.244,17.2025,17.37871844932655,17.275440886663873,17.12707202243914,0.3099999999999987,0.34642857142857053,0.0,0.029999999999997584,0.1072554822653887,0.06736606779912056,1.592129179711286,61.42167574721793,17.231666666666666,17.030384615384612,17.244535804336724,17.04445054565233,0.20008525868439264,0.19284260569389153,0.1904597734046491,0.0192509705594871,-0.26813441637277863
601881.SH,20250723,17.65,17.97,17.48,17.54,17.55,-0.01,-0.057,1094906.32,1937297.174,0.4399999999999977,0.46999999999999886,-0.019999999999999574,17.398000000000003,17.291,17.2015,17.4324789662177,17.323542543634076,17.166398496492555,0.48999999999999844,0.36214285714285616,0.0,0.010000000000001563,0.0995943763892895,0.06326849152775492,1.5741544327099843,61.15229190242354,17.268333333333334,17.059615384615384,17.289991834438766,17.081157912641046,0.2088339217977193,0.192216358909246,0.19413460308326316,0.0293986374289123,0.7389052008799517
601881.SH,20250724,17.58,18.08,17.49,17.98,17.54,0.44,2.5086,1080405.05,1933648.947,0.8500000000000014,0.75,0.75,17.567999999999998,17.365999999999996,17.239,17.61498597747847,17.442898444791517,17.243884353969456,0.5899999999999999,0.372857142857142,0.4400000000000013,0.0,0.12390906379005463,0.05874931356148671,2.1091150905171356,67.83650746638423,17.33,17.115000000000002,17.3961469368328,17.14773880800097,0.24840812883183006,0.19441017033288294,0.20498930823297654,0.08683764119770704,-0.01324430203307258
601881.SH,20250725,17.97,18.08,17.78,17.84,17.98,-0.14,-0.7786,651501.22,1167295.482,0.6499999999999986,0.41000000000000014,0.7199999999999989,17.698,17.407,17.275000000000002,17.689990651652312,17.515098727556694,17.300657272639032,0.29999999999999716,0.3785714285714276,0.0,0.14000000000000057,0.1150584163764793,0.06455293402138056,1.7823886415197,64.05965776751394,17.394166666666667,17.182692307692307,17.464432023473908,17.199017414815714,0.2654146086581939,0.19994069174520254,0.21707436831802002,0.09668048068034774,-0.3969842884388592
601881.SH,20250728,17.84,18.19,17.76,17.96,17.84,0.12,0.6726,682198.68,1227684.159,0.38000000000000256,0.8000000000000007,0.8100000000000023,17.774,17.487000000000002,17.3155,17.77999376776821,17.59598986800093,17.363451818101982,0.4299999999999997,0.3921428571428563,0.120000000000001,0.0,0.11541138663530227,0.059942010162710516,1.9253839889923954,65.81645336944518,17.455,17.25653846153846,17.54067325063177,17.255386495199733,0.2852867554320362,0.21050421678244963,0.23071684574082327,0.10913981938242584,0.04711803916499202
601881.SH,20250729,17.85,17.95,17.58,17.9,17.96,-0.06,-0.3341,629932.63,1119078.355,0.34999999999999787,0.8999999999999986,0.8299999999999983,17.844,17.577,17.356999999999996,17.81999584517881,17.651264437455307,17.414551644949412,0.38000000000000256,0.3949999999999993,0.0,0.060000000000002274,0.10716771616135211,0.05994615229394564,1.7877330247295236,64.12855925839513,17.49416666666667,17.318461538461538,17.59595428899611,17.303135643703456,0.29281864529265533,0.22347242591920768,0.2431372056511897,0.09936287928293125,-0.07661411775232406
601881.SH,20250730,17.9,17.9,17.48,17.71,17.9,-0.19,-1.0615,531267.32,942929.548,0.1700000000000017,0.6099999999999994,0.75,17.878000000000004,17.637999999999998,17.394499999999997,17.78333056345254,17.66194363064525,17.44268958352566,0.41999999999999815,0.4042857142857135,0.0,0.18999999999999773,0.09951287929268411,0.06923571284437793,1.4373056216863194,58.97108712578599,17.540000000000003,17.345384615384614,17.613499782996712,17.333273744169865,0.2802260388268465,0.23622687678352763,0.25055497228632106,0.05934213308105085,-0.15662835246365958
601881.SH,20250731,17.71,17.83,17.08,17.2,17.71,-0.51,-2.8797,733197.48,1278723.203,-0.7800000000000011,0.07000000000000028,0.0799999999999983,17.722,17.645000000000003,17.3985,17.588887042301693,17.577953879618843,17.41957628985655,0.75,0.41857142857142776,0.0,0.5100000000000016,0.09240481648606381,0.10071887621263675,0.9174528148127827,47.84747805657796,17.55666666666667,17.33153846153846,17.549884431766447,17.3234016149721,0.22648281679434845,0.24361627163157548,0.24574054118792657,-0.03851544878715624,0.38009143871300055
601881.SH,20250801,17.12,17.28,16.91,16.98,17.2,-0.22,-1.2791,502457.01,857908.868,-0.8599999999999994,-0.21000000000000085,-0.0799999999999983,17.55,17.624,17.3945,17.385924694867796,17.469234992415416,17.377711881298783,0.370000000000001,0.4249999999999992,0.0,0.21999999999999886,0.08580447245134497,0.10923895648316262,0.7854750284489427,43.99249588672722,17.546666666666663,17.321923076923078,17.46220990380238,17.2979644583075,0.16424544549487763,0.24131129109032223,0.22944152204931678,-0.1303921531088783,-0.31470439587435567
601881.SH,20250804,16.92,17.05,16.88,17.04,16.98,0.06,0.3534,338183.58,574010.304,-0.9200000000000017,-0.5399999999999991,-0.060000000000002274,17.366000000000003,17.57,17.3915,17.270616463245197,17.391192266521703,17.345548844984613,0.1700000000000017,0.408571428571428,0.05999999999999872,0.0,0.08396129584767738,0.10143617387722244,0.827725382754514,45.2871854034807,17.539166666666667,17.318846153846156,17.397254533986626,17.27885597991435,0.11839855407227518,0.23223499057786473,0.20723292845390845,-0.17766874876326655,-0.3269402689794297
601881.SH,20250805,17.09,17.54,17.09,17.47,17.04,0.43,2.5235,662342.65,1148789.347,-0.4299999999999997,-0.08000000000000185,0.23000000000000043,17.28,17.561999999999998,17.403000000000002,17.337077642163464,17.405520945335937,17.35740133593846,0.5,0.4128571428571424,0.4299999999999997,0.0,0.10867834614427184,0.09419073288599226,1.1538114506000847,53.570680491953716,17.562499999999996,17.331153846153846,17.40844614414253,17.29301479621699,0.11543134792554,0.22185692681428926,0.18887261234823477,-0.14688252884538955,0.9585298907770744
601881.SH,20250806,17.48,17.48,17.31,17.42,17.47,-0.05,-0.2862,383799.89,667541.827,-0.28999999999999915,-0.11999999999999744,0.3500000000000014,17.222,17.55,17.4205,17.36471842810898,17.4081535007294,17.36336311346813,0.1700000000000017,0.4107142857142855,0.0,0.04999999999999716,0.10091560713396672,0.09103425196556404,1.1085454645372441,52.573941761342724,17.549166666666665,17.344615384615384,17.410223660428297,17.302421107608325,0.10780255281997242,0.20623408503519394,0.17265860044258233,-0.12971209524521982,-0.4205417845279932
601881.SH,20250807,17.43,17.62,17.27,17.37,17.42,-0.05,-0.287,451163.45,786142.581,0.1700000000000017,-0.6099999999999994,0.14000000000000057,17.256,17.488999999999997,17.427500000000002,17.366478952072654,17.40121650059678,17.363995197899737,0.3500000000000014,0.41999999999999993,0.0,0.05000000000000071,0.09370734948154051,0.0881032339680238,1.0636085108470668,51.54119617438864,17.534166666666664,17.360384615384618,17.40403540497779,17.307426951489187,0.09660845348860292,0.18747784557190605,0.15744857105178645,-0.12168023512636705,0.17551740309253344
601881.SH,20250808,17.36,17.36,17.16,17.21,17.37,-0.16,-0.9211,330967.7,570525.642,0.23000000000000043,-0.629999999999999,-0.21999999999999886,17.302,17.426000000000002,17.416500000000003,17.314319301381772,17.36644986412464,17.34932898857595,0.21000000000000085,0.3885714285714287,0.0,0.16000000000000014,0.08701396737571619,0.0932387172560221,0.9332385723066791,48.273326721035176,17.506666666666668,17.363846153846154,17.374183804211977,17.300210140267765,0.07397366394421212,0.16399861318437006,0.14075358963027157,-0.1335598513721189,-0.2664128709894385
601881.SH,20250811,17.2,17.52,17.19,17.4,17.21,0.19,1.104,446398.63,777481.895,0.35999999999999943,-0.5600000000000023,0.23999999999999844,17.374000000000002,17.37,17.4285,17.342879534254514,17.372549888829248,17.354154799187768,0.3299999999999983,0.39000000000000007,0.18999999999999773,0.0,0.09437011256316487,0.08657880888059195,1.0899908855678362,52.152901387973905,17.458333333333332,17.376923076923074,17.378155526640903,17.307601981729412,0.07055354491149046,0.13930249091979618,0.12671358068651536,-0.1123200715500498,0.34876796134486837
601881.SH,20250812,17.44,17.57,17.37,17.48,17.4,0.08,0.4598,400996.17,700601.899,0.010000000000001563,-0.41999999999999815,0.4800000000000004,17.376,17.327999999999996,17.4525,17.388586356169675,17.392086272678476,17.36614005640798,0.1999999999999993,0.3692857142857144,0.08000000000000185,0.0,0.09334367595151037,0.08039460824626396,1.1610688575728978,53.726601700091,17.428333333333335,17.391538461538463,17.393823907157685,17.32037220530501,0.07345170185267591,0.11632756458933279,0.11606120491974747,-0.08521900613414313,-0.10170833185576761
601881.SH,20250813,17.57,17.88,17.47,17.74,17.48,0.26,1.4874,891195.07,1579662.99,0.31999999999999673,0.029999999999997584,0.639999999999997,17.439999999999998,17.331,17.4845,17.50572423744645,17.45534331400966,17.401745765321504,0.41000000000000014,0.3564285714285716,0.259999999999998,0.0,0.10524769909783092,0.07465213622867369,1.4098417595906059,58.503499409443215,17.41,17.410769230769233,17.447081767594966,17.351455745652785,0.09562602194218073,0.1017879207168697,0.11197416832423414,-0.03269629276410682,1.2224528229284584
601881.SH,20250814,17.75,17.97,17.53,17.63,17.74,-0.11,-0.6201,758878.42,1348096.48,0.259999999999998,0.4299999999999997,0.5,17.491999999999997,17.374000000000002,17.509500000000003,17.547149491630968,17.48709907509881,17.423484263862314,0.4399999999999977,0.3664285714285716,0.0,0.10999999999999943,0.09773000630512872,0.07717698364091123,1.2663102610986523,55.87541489066796,17.3875,17.432307692307692,17.475223034118816,17.37208865338221,0.10313438073660564,0.09499780241039504,0.11020621080670845,-0.014143660140205627,-0.14847103002937384
601881.SH,20250815,17.58,18.49,17.54,18.3,17.63,0.67,3.8003,1304253.7,2363706.233,1.0899999999999999,1.3200000000000003,1.1099999999999994,17.709999999999997,17.506,17.565,17.798099661087313,17.634899243262662,17.506961953018283,0.9499999999999993,0.40357142857142875,0.6700000000000017,0.0,0.13860643442619108,0.07166434195227471,1.934106009352557,65.91806850834743,17.436666666666667,17.47346153846154,17.602111798100537,17.44082282720575,0.16128897089478755,0.09976340427956308,0.12042276282432429,0.08173241614092652,0.7186596240277855
601881.SH,20250818,18.4,18.72,18.2,18.48,18.3,0.18,0.9836,1130762.82,2087829.689,1.0800000000000018,1.4400000000000013,0.9000000000000021,17.926,17.65,17.61,18.025399774058208,17.788553926305813,17.59963224320702,0.5199999999999996,0.41357142857142853,0.17999999999999972,0.0,0.14156311768146312,0.06654546038425509,2.127314423313502,68.02368215535986,17.543333333333333,17.513846153846156,17.737171521469683,17.5177989140794,0.21937260739028375,0.11131243310897905,0.1402127317375162,0.1583197513055351,-0.1330192737808602
601881.SH,20250819,18.4,18.53,18.13,18.19,18.48,-0.29,-1.5693,667580.02,1221747.596,0.7100000000000009,0.7200000000000024,0.6400000000000006,18.068,17.722,17.642000000000003,18.080266516038808,17.861544121522936,17.65585774385397,0.40000000000000213,0.41214285714285737,0.0,0.28999999999999915,0.13145146641850147,0.0825064989282368,1.593225601935145,61.43798675850767,17.644166666666667,17.55346153846154,17.80683744124358,17.567591587110552,0.2392458541330278,0.1259172443659852,0.1600193562166185,0.15845299583281858,-0.4096197644701477
601881.SH,20250820,18.12,18.29,17.91,18.27,18.19,0.08,0.4398,591817.25,1071009.835,0.5300000000000011,0.8499999999999979,0.7300000000000004,18.174,17.807000000000002,17.678500000000003,18.143511010692542,17.935808826700583,17.714347482534546,0.379999999999999,0.38571428571428584,0.0799999999999983,0.0,0.12777636167432266,0.0766131775762199,1.6678118010077603,62.51609653940912,17.746666666666666,17.602307692307694,17.878093219513797,17.619621839917176,0.2584713795966209,0.14390201393354277,0.179709760892619,0.15752323740800384,-0.11348867211454294
601881.SH,20250821,18.35,18.45,17.95,18.06,18.27,-0.21,-1.1494,548781.76,997212.398,0.4299999999999997,0.6899999999999977,0.0799999999999983,18.259999999999998,17.876,17.682499999999997,18.115674007128362,17.95838904002775,17.74726676991221,0.5,0.3950000000000001,0.0,0.21000000000000085,0.11864947869758533,0.0861408077493471,1.3773899014603173,57.93706369385402,17.795833333333334,17.639230769230767,17.90607887805014,17.652242444367754,0.25383643368238396,0.16388676612667297,0.194535095450572,0.11860267646362394,-0.07271753231255086
601881.SH,20250822,18.05,18.88,18.01,18.86,18.06,0.8,4.4297,1177840.48,2184801.737,0.5599999999999987,1.6499999999999986,1.0199999999999996,18.372,18.041000000000004,17.7335,18.36378267141891,18.12231830547725,17.8532413632539,0.8699999999999974,0.4449999999999998,0.8000000000000007,0.0,0.1673173730763293,0.07998789291010802,2.0917837311249574,67.65621120478093,17.915833333333335,17.705769230769228,18.052835973734734,17.74170596700718,0.3111300067275522,0.19061748410623539,0.21785407770596804,0.18655185804316832,1.14628212132998
601881.SH,20250825,19.1,19.27,18.66,19.0,18.86,0.14,0.7423,1094555.73,2070230.936,0.5199999999999996,1.6000000000000014,1.0399999999999991,18.476,18.201,17.7855,18.575855114279275,18.281896795390477,17.962456471515434,0.6099999999999994,0.45285714285714257,0.14000000000000057,0.0,0.16536613214230583,0.07427447198795745,2.2264194913309865,69.005890192305,18.051666666666666,17.775384615384617,18.198553516237084,17.834912932414056,0.36364058382302744,0.22286069321405222,0.2470113789293799,0.23325840978729506,-0.0707097025566654
601881.SH,20250826,18.91,19.02,18.61,18.64,19.0,-0.36,-1.8947,690901.47,1296710.251,0.4499999999999993,1.1600000000000001,0.740000000000002,18.566,18.317,17.822499999999998,18.59723674285285,18.347006468955843,18.026984426609204,0.41000000000000014,0.46999999999999964,0.0,0.35999999999999943,0.15355426556071256,0.09468343827453188,1.6217647812438583,61.85775294740344,18.170833333333334,17.816153846153846,18.26646835989292,17.894549011494497,0.37191934839842133,0.25355995170919005,0.27199297282318824,0.1998527511504662,-0.3687836525235677
601881.SH,20250827,18.64,18.78,18.06,18.08,18.64,-0.56,-3.0043,959742.03,1772414.781,-0.19000000000000128,0.33999999999999986,0.36999999999999744,18.528,18.351,17.841,18.424824495235235,18.298459838236596,18.032033528836898,0.7200000000000024,0.4964285714285711,0.0,0.5600000000000023,0.14258610373494737,0.12792033554063692,1.1146476682720359,52.71079835171122,18.227499999999996,17.83653846153846,18.237780919909394,17.908286121754163,0.3294947981552312,0.27871110920014847,0.28349333788959685,0.09200292053126868,0.3891156288898909
601881.SH,20250828,18.07,18.39,17.86,18.38,18.08,0.3,1.6593,815459.07,1477999.573,0.3200000000000003,0.75,1.1799999999999997,18.592,18.426,17.9,18.40988299682349,18.31328532219358,18.065173192757193,0.5300000000000011,0.519285714285714,0.3000000000000007,0.0,0.15382995346816547,0.1187831687163057,1.29504840736791,56.42793429586717,18.3025,17.868846153846153,18.25966077838487,17.94322789051311,0.31643288787175905,0.29594932219758974,0.2900812478860293,0.052703279971459516,-0.15033514787301758
601881.SH,20250829,18.5,18.76,18.36,18.51,18.38,0.13,0.7073,906375.22,1680635.432,-0.34999999999999787,0.21000000000000085,1.5300000000000011,18.522,18.446999999999996,17.976499999999994,18.44325533121566,18.349051627249292,18.10753765058984,0.40000000000000213,0.5242857142857142,0.13000000000000256,0.0,0.15212781393472527,0.11029865666514102,1.3792354189459861,57.96969093361072,18.366666666666664,17.88923076923077,18.298174504787198,17.985211009734364,0.31296349505283416,0.3063483097156509,0.2946576973193903,0.03661159546688775,0.11149075820568165
601881.SH,20250901,18.5,18.59,18.2,18.24,18.51,-0.27,-1.4587,718936.61,1316974.42,-0.7600000000000016,-0.240000000000002,1.1999999999999993,18.369999999999997,18.423,18.036499999999997,18.375503554143773,18.32922405865851,18.120153112438427,0.39000000000000057,0.5378571428571429,0.0,0.2700000000000031,0.14126154151081632,0.12170589547477403,1.160679529613219,53.71826380106406,18.4175,17.904615384615383,18.289224580973784,18.004084268272557,0.28514031270122686,0.31144769400100636,0.2927542203957576,-0.015227815389061483,-0.20680023666136857
601881.SH,20250902,18.22,18.29,17.78,17.94,18.24,-0.3,-1.6447,721157.1,1297063.843,-0.6999999999999993,-0.25,0.4700000000000024,18.229999999999997,18.398000000000003,18.06,18.230335702762517,18.258456047993327,18.102995673158578,0.509999999999998,0.5449999999999999,0.0,0.29999999999999716,0.13117143140290086,0.13444118865514712,0.9756789025375737,49.384487594841744,18.3875,17.903846153846153,18.23549772236243,17.999337285437555,0.23616043692487665,0.30896870037081253,0.28143546370158146,-0.09055005355340962,0.0030885755004185847
601881.SH,20250903,17.95,18.06,17.17,17.31,17.94,-0.63,-3.5117,724423.6,1268388.44,-0.7699999999999996,-0.9600000000000009,-0.11000000000000298,18.076,18.302,18.0545,17.92355713517501,18.08600949381272,18.027472275714906,0.889999999999997,0.5771428571428571,0.0,0.6300000000000026,0.12180204344555079,0.16983824660835106,0.7171649842006889,41.76447754287961,18.29,17.881153846153847,18.093113457383595,17.948275264294033,0.14483819308956214,0.2968577847493879,0.25411600957917757,-0.21855563297923086,0.004529526229444319
601881.SH,20250904,17.31,17.39,16.99,17.14,17.31,-0.17,-0.9821,625434.19,1075372.844,-1.2399999999999984,-0.9199999999999982,-0.23000000000000043,17.828,18.209999999999997,18.043,17.662371423450008,17.914007767664952,17.9429511065992,0.40000000000000213,0.5378571428571429,0.0,0.16999999999999815,0.11310189748515431,0.16984980042204015,0.665893614264606,39.972157199159376,18.2025,17.85923076923077,17.94648061778612,17.888403022494476,0.05807759529164258,0.26874085014539795,0.2149083267216706,-0.31366146286005603,-0.13664575532878834
601881.SH,20250905,17.19,17.23,16.99,17.21,17.14,0.07,0.4084,589893.78,1009580.376,-1.3000000000000007,-1.6499999999999986,0.0,17.568,18.045,18.043,17.511580948966674,17.786006355362233,17.873146239304038,0.240000000000002,0.5178571428571431,0.07000000000000028,0.0,0.11002319052192902,0.15771767182046584,0.6975958321726389,41.09316357591623,18.114166666666666,17.859615384615385,17.833175907357486,17.838150946754144,-0.004975039396658332,0.22778355867654396,0.17093165349800482,-0.3518133857893263,-0.05682517932062511
601881.SH,20250908,17.18,17.21,17.03,17.08,17.21,-0.13,-0.7554,547743.98,936092.277,-1.1600000000000001,-1.9200000000000017,-0.3200000000000003,17.336,17.853,18.026999999999994,17.36772063264445,17.657641563478187,17.79760850222746,0.17999999999999972,0.5021428571428572,0.0,0.13000000000000256,0.10216439119893408,0.15573783811900418,0.6560023718890142,39.613613061478134,18.0325,17.863461538461536,17.71730269084095,17.781991617364948,-0.06468892652399916,0.17927152812960834,0.12380753749360404,-0.3769929280352064,-0.07145320298173011
601881.SH,20250909,17.08,17.4,17.02,17.21,17.08,0.13,0.7611,572669.6,984945.073,-0.7300000000000004,-1.4299999999999997,-0.2699999999999996,17.190000000000005,17.71,18.013499999999997,17.315147088429633,17.576252188300334,17.74164578772961,0.379999999999999,0.5021428571428572,0.13000000000000256,0.0,0.10415264897043898,0.1446137068247896,0.7202128432862022,41.867658766594616,17.895000000000003,17.869999999999997,17.639256123019265,17.739621867930506,-0.10036574491124028,0.13150924556666707,0.07897288101263518,-0.3586772518477509,0.045505967952399945
601881.SH,20250910,17.16,17.28,17.03,17.07,17.21,-0.14,-0.8135,375440.72,642845.562,-0.23999999999999844,-1.009999999999998,-0.6699999999999982,17.142000000000003,17.609,17.979999999999997,17.233431392286423,17.484206335882092,17.67767952223155,0.25,0.4842857142857144,0.0,0.14000000000000057,0.09671317404397906,0.14428415633730468,0.6702965626931684,40.13039227072283,17.73416666666667,17.854615384615382,17.55167825793938,17.6900202480838,-0.13834199014442206,0.08097870356486918,0.03550990678122374,-0.3477037938512916,-0.34440256650606216
601881.SH,20250911,17.0,17.48,16.96,17.48,17.07,0.41,2.4019,667219.27,1152435.14,0.33999999999999986,-0.8999999999999986,-0.14999999999999858,17.21,17.519,17.9725,17.31562092819095,17.483441547539893,17.65885290106664,0.5199999999999996,0.4592857142857145,0.41000000000000014,0.0,0.11909080446940913,0.13397814517035436,0.8888823197095627,47.05863940990451,17.6375,17.856923076923078,17.540650833641013,17.674463192670185,-0.13381235902917155,0.03133694200020187,0.0016454536191446816,-0.27091562529663243,0.7771627701971168
601881.SH,20250912,17.4,17.5,17.17,17.19,17.48,-0.29,-1.659,547941.82,947324.522,-0.019999999999999574,-1.3200000000000003,-1.1099999999999994,17.206,17.386999999999997,17.916999999999998,17.273747285460637,17.430088538896275,17.6142002438222,0.3299999999999983,0.43928571428571445,0.0,0.28999999999999915,0.1105843184358799,0.14512256337247184,0.7620063749291279,43.246516344742375,17.563333333333333,17.849999999999998,17.486704551542395,17.638577030250172,-0.15187247870777654,-0.017220034823020727,-0.02905813284623956,-0.24562869172307394,-0.1787679933165001
601881.SH,20250915,17.2,17.32,17.1,17.2,17.19,0.01,0.0582,346673.11,596652.961,0.120000000000001,-1.0399999999999991,-1.2800000000000011,17.23,17.282999999999998,17.853,17.249164856973756,17.38825425909695,17.57475260155342,0.21999999999999886,0.42571428571428577,0.00999999999999801,0.0,0.10339972426188834,0.13475666598872385,0.7673069343414938,43.41673307740376,17.464999999999996,17.849615384615383,17.44259615899741,17.606089842824236,-0.16349368382682528,-0.061626048239876496,-0.05594524304235671,-0.21509688156893714,-0.36731766522219456
601881.SH,20250916,17.19,17.36,16.98,17.26,17.2,0.06,0.3488,502651.47,862053.535,0.05000000000000071,-0.6799999999999997,-0.9299999999999997,17.240000000000002,17.214999999999996,17.8065,17.25277657131584,17.364935302897504,17.54477616331024,0.379999999999999,0.40142857142857125,0.060000000000002274,0.0,0.10029974395746791,0.12513118984667215,0.8015567028521735,44.49244931248468,17.36083333333333,17.84423076923077,17.414504442228576,17.58045355817059,-0.16594911594201278,-0.09615797146560705,-0.07794601762228792,-0.17600619663944972,0.4499292142964304
601881.SH,20250917,17.2,17.48,17.2,17.39,17.26,0.13,0.7532,474541.68,823290.323,0.3200000000000003,0.08000000000000185,-0.879999999999999,17.304000000000002,17.222999999999995,17.7625,17.29851771421056,17.3694925205525,17.530035576328313,0.28000000000000114,0.3835714285714284,0.129999999999999,0.0,0.1024211908176487,0.11619324771476701,0.8814728293770894,46.85014928804069,17.289999999999996,17.84076923076923,17.410734528039562,17.56634588719499,-0.15561135915542934,-0.11990118862639282,-0.09347908592891621,-0.12426454645302626,-0.05592302356143508
601881.SH,20250918,17.25,17.35,16.67,16.85,17.39,-0.54,-3.1052,745427.17,1270007.894,-0.629999999999999,-0.28999999999999915,-1.2099999999999973,17.178000000000004,17.193999999999996,17.701999999999998,17.14901180947371,17.2750393349975,17.465270283344665,0.7199999999999989,0.40642857142857103,0.0,0.5399999999999991,0.09510539147353093,0.1464651585922836,0.6493379885538286,39.36961332729507,17.199166666666663,17.806538461538462,17.32446767757194,17.51328322888425,-0.1888155513123131,-0.14032791217257667,-0.1125463790055956,-0.152538344613435,0.5708360327800923
601881.SH,20250919,16.85,16.92,16.63,16.71,16.85,-0.14,-0.8309,366839.46,614501.712,-0.4800000000000004,-0.5,-2.1499999999999986,17.082,17.144,17.5945,17.002674539649142,17.1723049104525,17.393339780168983,0.2900000000000027,0.399285714285714,0.0,0.14000000000000057,0.08831214922542159,0.14600336154997764,0.6048638078459031,37.68941668999126,17.149166666666662,17.771153846153847,17.22993418871472,17.45378076748542,-0.2238465787707007,-0.1580120957555435,-0.13480641895861661,-0.17808031962416815,-0.5078802131669014
601881.SH,20250922,16.73,17.03,16.68,17.0,16.71,0.29,1.7355,419138.03,708166.029,-0.1999999999999993,-0.0799999999999983,-2.0,17.042,17.136000000000003,17.4945,17.00178302643276,17.14097674491568,17.35587884872432,0.3500000000000014,0.38785714285714284,0.28999999999999915,0.0,0.10271842428074855,0.13557455001069355,0.7576527030526493,43.10593905933614,17.1375,17.721153846153843,17.194559698143223,17.420167377301315,-0.22560767915809166,-0.17192786622741588,-0.15296667099851163,-0.14528201631916005,0.14256527910056352
601881.SH,20250923,16.88,16.89,16.58,16.76,17.0,-0.24,-1.4118,364212.72,608943.049,-0.5,-0.4499999999999993,-1.879999999999999,16.942,17.091,17.4005,16.92118868428851,17.0717082458401,17.299128482179146,0.4200000000000017,0.3542857142857146,0.0,0.23999999999999844,0.0953813939749808,0.14303351072421533,0.666846485778335,40.00647278966129,17.099999999999998,17.654999999999998,17.127704359967343,17.371266090093812,-0.2435617301264692,-0.18361894844764334,-0.17108568282410314,-0.14495209460473213,-0.1310434894204185
601881.SH,20250924,16.65,16.97,16.63,16.85,16.76,0.09,0.537,363388.41,609240.984,-0.5399999999999991,-0.21999999999999886,-1.2299999999999969,16.834000000000003,17.068999999999996,17.339,16.897459122859008,17.031397655687353,17.25635434101923,0.33999999999999986,0.35000000000000014,0.08999999999999986,0.0,0.09499700869105358,0.1328168313867714,0.7152482686054753,41.69940187066819,17.080833333333334,17.603461538461538,17.08498061228006,17.3326537871239,-0.24767317484383966,-0.1962701502048287,-0.18640318122805044,-0.12253998723157844,-0.002263265269812646
601881.SH,20250925,16.8,17.24,16.78,17.04,16.85,0.19,1.1276,484793.28,827115.713,0.18999999999999773,-0.4400000000000013,-1.3399999999999999,16.871999999999996,17.025,17.272,16.944972748572674,17.032961718289652,17.235749165684062,0.4599999999999973,0.36571428571428555,0.18999999999999773,0.0,0.10178293664169245,0.12332991485914487,0.8252899287082034,45.2141830033697,17.066666666666666,17.55615384615385,17.078060518083127,17.310975728818423,-0.23291521073529609,-0.2052748982078864,-0.19570558712949956,-0.07441924721159304,0.3340912001018416
601881.SH,20250926,16.9,17.18,16.86,16.99,17.04,-0.05,-0.2934,342867.17,582762.478,0.2799999999999976,-0.20000000000000284,-1.5200000000000031,16.928,17.005,17.196,16.959981832381782,17.02515049678244,17.21234448323796,0.3200000000000003,0.37571428571428556,0.0,0.05000000000000071,0.09451272688157156,0.11809206379777744,0.8003308930515137,44.454655315888836,17.06,17.515,17.06451274607034,17.287199748905948,-0.2226870028356096,-0.2118519336533069,-0.20110187027072157,-0.043170265129776064,-0.29275593506576664
601881.SH,20250929,16.9,18.12,16.89,17.78,16.99,0.79,4.6498,1275320.32,2246715.831,0.7800000000000011,0.5800000000000018,-0.4599999999999973,17.084,17.063000000000002,17.173000000000002,17.233321221587858,17.162395861003816,17.266406913405774,1.2300000000000004,0.4364285714285714,0.7900000000000027,0.0,0.14419038924717378,0.10965691638365048,1.31492288860926,56.8020168222203,17.085,17.473461538461542,17.174587708213362,17.32370347120921,-0.14911576299584794,-0.20998156110373303,-0.19070464881574686,0.08317777163979784,2.7195754845819744
601881.SH,20250930,17.7,17.92,17.62,17.77,17.78,-0.01,-0.0562,657850.95,1167626.652,1.009999999999998,0.509999999999998,-0.1700000000000017,17.285999999999998,17.114,17.164500000000004,17.41221414772524,17.272869340821302,17.31436815974808,0.3000000000000007,0.44,0.0,0.010000000000001563,0.1338910757295185,0.10253856521338985,1.305763109234871,56.63041029692625,17.133333333333333,17.426153846153845,17.266189599257462,17.356762473341863,-0.09057287408440118,-0.20275506276250768,-0.17067829386947772,0.16021083957015309,-0.4841680637535832
601881.SH,20251009,17.69,17.87,17.46,17.83,17.77,0.06,0.3376,618760.65,1094809.762,0.9799999999999969,0.4399999999999977,0.5199999999999996,17.482,17.158000000000005,17.1905,17.551476098483494,17.374165824308335,17.363475954057787,0.41000000000000014,0.4321428571428572,0.05999999999999872,0.0,0.1286131417488385,0.095214381983862,1.350774316537992,57.460825015618276,17.185833333333335,17.395,17.35292966091016,17.39181710494617,-0.03888744403601052,-0.18609638417625185,-0.1443201239027843,0.21086535973354753,-0.05942121083810844
601881.SH,20251010,17.79,18.19,17.72,17.91,17.83,0.08,0.4487,689560.01,1240540.096,0.870000000000001,1.0599999999999987,0.7699999999999996,17.656,17.263999999999996,17.228999999999996,17.670984065655663,17.471590219888636,17.41552586319514,0.4700000000000024,0.4421428571428575,0.08000000000000185,0.0,0.12514077448106445,0.08841335469930044,1.4154057936911946,58.599089121508996,17.240000000000002,17.388461538461538,17.438632790000902,17.430201023098306,0.008431766902596394,-0.16028767910144104,-0.11376974574170814,0.24440302528860908,0.1144212386485792
601881.SH,20251013,17.37,17.81,17.35,17.74,17.91,-0.17,-0.9492,528235.22,932283.273,0.75,1.0299999999999976,0.5299999999999976,17.805999999999997,17.366999999999997,17.2555,17.693989377103776,17.5203919980907,17.446428161938456,0.5599999999999987,0.46642857142857175,0.0,0.1700000000000017,0.116202147732417,0.0942409722207791,1.233032140841982,55.21784117164823,17.26916666666667,17.363846153846158,17.48499697615461,17.453149095461395,0.031847880693213426,-0.13168150578462937,-0.08464622045472384,0.23298820229587452,-0.23395322765309437
601881.SH,20251014,17.86,18.18,17.7,17.8,17.74,0.06,0.3382,593610.09,1064015.104,0.019999999999999574,0.8000000000000007,0.7200000000000024,17.809999999999995,17.447000000000003,17.291500000000003,17.72932625140252,17.571229816619663,17.480101670325272,0.4800000000000004,0.47357142857142903,0.060000000000002274,0.0,0.11218770860867308,0.08750947420500917,1.2820064299078064,56.17891400768752,17.348333333333333,17.336538461538463,17.53345897982313,17.47884175505685,0.05461722476628239,-0.09855051079654586,-0.056793531410522596,0.22282151235360997,0.12376090712012727
601881.SH,20251015,17.86,18.08,17.62,18.03,17.8,0.23,1.2921,602028.54,1077579.289,0.26000000000000156,1.2699999999999996,0.8200000000000003,17.862,17.574,17.3325,17.829550834268346,17.65464257723427,17.532472939818103,0.4599999999999973,0.4864285714285716,0.23000000000000043,0.0,0.12060287227948217,0.08125879747607993,1.4841823411795372,59.74530599371458,17.458333333333332,17.328461538461543,17.609849906004186,17.519668291719302,0.0901816142848837,-0.06101108978224327,-0.02739850227144134,0.23516023311265005,0.014181783870958241
601881.SH,20251016,17.97,18.46,17.88,18.2,18.03,0.17,0.9429,794406.47,1445225.599,0.370000000000001,1.3499999999999979,1.129999999999999,17.936,17.709,17.389000000000003,17.953033889512234,17.753798472282583,17.596046945549713,0.5800000000000018,0.4764285714285718,0.16999999999999815,0.0,0.12413123854523332,0.07545459765635994,1.6451116618573676,62.19441264351724,17.558333333333334,17.338461538461537,17.70064222815739,17.570063233073427,0.13057899508396176,-0.02062284469121462,0.004196997199639282,0.25276399576864494,0.31954951836668727
601881.SH,20251017,18.18,18.4,17.85,17.87,18.2,-0.33,-1.8132,624945.48,1131377.02,-0.03999999999999915,0.8300000000000018,0.39000000000000057,17.928,17.791999999999994,17.4085,17.92535592634149,17.774926022776658,17.622137712640217,0.5499999999999972,0.495,0.0,0.3299999999999983,0.11526472150628808,0.09363641210947696,1.2309818254411964,55.17668550248091,17.650833333333335,17.36,17.72669726997933,17.592280771364283,0.134416498615046,0.019055322136636004,0.03024089748272063,0.20835120226465076,-0.21331773644794208
601881.SH,20251020,18.05,18.15,17.71,17.76,17.87,-0.11,-0.6156,405618.2,724209.771,0.020000000000003126,0.7700000000000031,0.5700000000000003,17.932000000000002,17.869,17.436999999999998,17.87023728422766,17.772212200453627,17.63526745429353,0.4399999999999977,0.5014285714285711,0.0,0.10999999999999943,0.10703152711298179,0.09480523981594284,1.128962147248141,53.02875622788397,17.726666666666667,17.383846153846154,17.731820766905585,17.60470441792989,0.12711634897569368,0.049747779022362854,0.04961598778131524,0.1550007223887569,-0.35095426244222133
601881.SH,20251021,17.82,18.1,17.76,17.86,17.76,0.1,0.5631,422633.06,756396.651,0.05999999999999872,0.0799999999999983,0.6600000000000001,17.944000000000003,17.877,17.47,17.866824856151773,17.788173618552968,17.656670553884624,0.33999999999999986,0.4957142857142853,0.09999999999999787,0.0,0.10652927517634007,0.08803343697194692,1.2101001487683267,54.753181634900436,17.794999999999998,17.408846153846156,17.751540648920113,17.623615201786937,0.1279254471331761,0.07402537026876033,0.06527787965168742,0.12529513496297737,0.04194796979031016
601881.SH,20251022,17.79,17.82,17.64,17.71,17.86,-0.15,-0.8399,261758.89,463903.197,-0.3200000000000003,-0.05999999999999872,0.4499999999999993,17.880000000000003,17.871000000000002,17.4925,17.814549904101185,17.773960233361517,17.661749548752756,0.21999999999999886,0.48714285714285666,0.0,0.14999999999999858,0.09892004123517292,0.09245962004537918,1.0698728935574575,51.68785469327462,17.855,17.433076923076925,17.74514977985548,17.630014075728646,0.11513570412683549,0.09113905339796544,0.07524944454671705,0.0797725191602369,-0.38064738712111157
601881.SH,20251023,17.71,17.79,17.4,17.77,17.71,0.06,0.3388,369647.19,649456.046,-0.4299999999999997,-0.05999999999999872,0.379999999999999,17.794,17.865000000000002,17.511499999999998,17.79969993606746,17.77324019093215,17.672059115538207,0.39000000000000057,0.4821428571428569,0.05999999999999872,0.0,0.09614003828980333,0.08585536147070924,1.1197907345903244,52.82553208285145,17.854166666666668,17.454615384615384,17.748972890646947,17.64038340345245,0.10858948719449657,0.10226768898595434,0.08191745307627296,0.05334406823644722,0.4121667080724555
601881.SH,20251024,17.79,17.9,17.61,17.85,17.77,0.08,0.4502,416573.78,739349.498,-0.019999999999999574,-0.05999999999999872,1.0,17.790000000000003,17.859,17.5615,17.816466624044974,17.787196519853577,17.68900586643933,0.28999999999999915,0.47999999999999965,0.08000000000000185,0.0,0.09498717841196037,0.07972283565137286,1.191467634534957,54.368479632499515,17.860833333333336,17.484615384615385,17.76451552285511,17.655910558752268,0.1086049641028417,0.11079625380924638,0.08725495528158672,0.04270001764250997,0.12694967328170417
601881.SH,20251027,18.08,18.24,17.9,18.08,17.85,0.23,1.2885,657813.31,1188959.199,0.31999999999999673,0.33999999999999986,1.3699999999999974,17.854,17.893,17.63,17.90431108269665,17.840433516243834,17.726243402968915,0.389999999999997,0.41999999999999943,0.22999999999999687,0.0,0.1046309513825344,0.07402834739056052,1.4133903439789077,58.56451475017836,17.881666666666664,17.507692307692306,17.813051596262014,17.687324591437285,0.12572700482472854,0.11869734048240706,0.09494936519021509,0.0615552792690269,0.5791039704899335
601881.SH,20251028,18.1,18.12,17.81,17.85,18.08,-0.23,-1.2721,380209.28,682020.197,-0.00999999999999801,0.05000000000000071,0.8500000000000014,17.851999999999997,17.898,17.6725,17.886207388464435,17.84217287692677,17.738029745543304,0.3100000000000023,0.42071428571428526,0.0,0.22999999999999687,0.09715731199806767,0.08516917971980598,1.1407566952940122,53.287545371303416,17.87666666666667,17.533076923076926,17.81873596606786,17.699374621701192,0.11936134436666634,0.12193953271371624,0.09983176102550534,0.03905916668232201,-0.4220103573155125
601881.SH,20251029,17.81,18.2,17.81,18.14,17.85,0.29,1.6246,472971.99,855071.353,0.4299999999999997,0.10999999999999943,1.379999999999999,17.938000000000002,17.909,17.7415,17.97080492564296,17.896323262940083,17.77631262692013,0.39000000000000057,0.4192857142857139,0.28999999999999915,0.0,0.11093178971249133,0.07908566688267697,1.4026788176049378,58.3797887311118,17.91,17.56923076923077,17.86816120205742,17.732013538612215,0.1361476634452039,0.12255827364274315,0.10709494150944505,0.0581054438715177,0.24397802704868213
601881.SH,20251030,18.08,18.1,17.68,17.7,18.14,-0.44,-2.4256,567497.66,1013464.475,-0.07000000000000028,-0.5,0.8499999999999979,17.924,17.858999999999998,17.784,17.880536617095306,17.8606281242237,17.76904475768964,0.46000000000000085,0.41857142857142804,0.0,0.4400000000000013,0.10300809044731338,0.10486526210534299,0.9822899249880864,49.55329251315193,17.901666666666667,17.586153846153845,17.842290247894738,17.72964216538168,0.1126480825130578,0.12013956074252224,0.10820556971016762,0.008885025605780361,0.19985468906943105
601881.SH,20251031,17.82,17.86,17.56,17.58,17.7,-0.12,-0.678,415149.17,733296.746,-0.2700000000000031,-0.2900000000000027,0.5399999999999991,17.869999999999997,17.830000000000002,17.811,17.780357744730203,17.8096048289103,17.751040495052532,0.3000000000000007,0.3999999999999996,0.0,0.120000000000001,0.0956503697010767,0.10594631481210427,0.9028192237805777,47.446400188601714,17.864166666666662,17.593461538461536,17.80193790206478,17.718557560538592,0.0833803415261869,0.11528000435924371,0.10324052407337148,-0.03972036509436916,-0.26845659592675686
601881.SH,20251103,17.52,17.62,17.29,17.57,17.58,-0.01,-0.0569,388276.48,677006.436,-0.509999999999998,-0.19000000000000128,0.5800000000000018,17.768,17.811,17.839999999999996,17.710238496486802,17.76604031456297,17.733798543142765,0.33000000000000185,0.38928571428571396,0.0,0.00999999999999801,0.08881820043671407,0.09909300661123954,0.8963114903271079,47.266047529591084,17.811666666666664,17.621153846153845,17.766255147900967,17.70755329679499,0.05870185110597603,0.10758849368955481,0.0943327894798924,-0.07126187674783274,-0.06473020288105118
601881.SH,20251104,17.52,17.55,17.32,17.4,17.57,-0.17,-0.9676,271883.29,473418.479,-0.45000000000000284,-0.46000000000000085,-0.38000000000000256,17.678000000000004,17.765,17.820999999999994,17.606825664324536,17.699487530096974,17.702008205700597,0.25,0.37428571428571417,0.0,0.1700000000000017,0.08247404326266307,0.10415779185329398,0.7918182768201113,44.190769067571324,17.7725,17.647692307692306,17.70990820207005,17.684771571106474,0.025136630963576323,0.0975885966714149,0.08049355777662918,-0.11071385362610572,-0.2997688399771215
601881.SH,20251105,17.34,17.38,17.25,17.26,17.4,-0.14,-0.8046,308290.88,533402.744,-0.879999999999999,-0.4499999999999993,-0.509999999999998,17.502000000000002,17.720000000000002,17.795499999999997,17.491217109549694,17.619580706442978,17.659912186110063,0.14999999999999858,0.34357142857142825,0.0,0.13999999999999702,0.07658304017247285,0.10671794957805848,0.7176209857410767,41.779938164382365,17.730833333333333,17.657692307692308,17.640691555597733,17.653307010283772,-0.012615454686038419,0.08412138090691101,0.06187175528409567,-0.14897441994026817,0.1339088915688788
601881.SH,20251106,17.29,17.52,17.28,17.47,17.26,0.21,1.2167,324060.62,564620.592,-0.23000000000000043,-0.3000000000000007,-0.35999999999999943,17.456,17.69,17.777499999999996,17.484144739699797,17.592384214362436,17.64182531124244,0.259999999999998,0.32285714285714256,0.2099999999999973,0.0,0.08611282301729603,0.09909523889391145,0.8689905183990321,46.49518067878723,17.698333333333334,17.685000000000002,17.614431316275006,17.639728713225715,-0.025297396950708873,0.06924334078984984,0.04443792483713477,-0.13947064357568728,0.05115214566191511
601881.SH,20251107,17.4,17.4,17.25,17.27,17.47,-0.2,-1.1448,269304.93,465969.065,-0.3099999999999987,-0.5800000000000018,-0.6400000000000006,17.394,17.632,17.7455,17.412763159799866,17.533768902660174,17.606413376838397,0.21999999999999886,0.30714285714285694,0.0,0.1999999999999993,0.07996190708748917,0.10630272183006058,0.7522094045279405,42.92919571052022,17.66166666666667,17.701153846153847,17.56144188300193,17.61234140113492,-0.050899518132990096,0.049618171572325544,0.025370436243109792,-0.15253990875219978,-0.16896742961239783
601881.SH,20251110,17.2,17.43,17.12,17.36,17.27,0.09,0.5211,389261.2,671768.226,-0.21000000000000085,-0.7199999999999989,-0.379999999999999,17.351999999999997,17.560000000000002,17.726499999999998,17.395175439866577,17.50217455672196,17.58294543618712,0.3099999999999987,0.3049999999999997,0.08999999999999986,0.0,0.08067891372409708,0.09870967027077053,0.8173354596645569,44.97438573148296,17.6275,17.713461538461537,17.530450824078557,17.5936494454953,-0.06319862141674193,0.029333730929724626,0.0076566247111394484,-0.14171049225576277,0.4454291646276213
601881.SH,20251111,17.35,17.43,17.1,17.12,17.36,-0.24,-1.3825,323000.32,555989.709,-0.2799999999999976,-0.7300000000000004,-0.6799999999999997,17.296,17.487000000000002,17.692500000000003,17.30345029324439,17.432688273681602,17.53885539464549,0.3299999999999983,0.31285714285714256,0.0,0.23999999999999844,0.07491613417237586,0.1088018366800011,0.6885557859902031,40.777793171128195,17.566666666666666,17.71846153846154,17.467304543451085,17.55856430138454,-0.09125975793345376,0.004066239665429332,-0.01212665181777919,-0.15826621223134912,-0.1702221541730848
601881.SH,20251112,17.15,17.15,16.88,16.94,17.12,-0.18,-1.0514,313220.1,532321.021,-0.3200000000000003,-1.1999999999999993,-1.0899999999999999,17.232,17.367,17.638,17.18230019549626,17.343108587557676,17.4818215475364,0.2699999999999996,0.3042857142857139,0.0,0.17999999999999972,0.06956498173149187,0.11388741977428671,0.6108223530690448,37.91990792189255,17.471666666666668,17.686153846153847,17.386180767535535,17.512744723504202,-0.12656395596866687,-0.022512875721428967,-0.03501411264795673,-0.1830996866414203,-0.030279288887391908
601881.SH,20251113,16.92,17.1,16.92,17.08,16.94,0.14,0.8264,240071.42,408533.535,-0.39000000000000057,-0.620000000000001,-1.120000000000001,17.154,17.305,17.582,17.148200130330842,17.29527066254719,17.44355282872341,0.17999999999999972,0.2964285714285711,0.13999999999999702,0.0,0.07459605446495653,0.10575260407612337,0.7053826722910806,41.36213436151786,17.4075,17.659615384615385,17.33907603406853,17.480689558800186,-0.14161352473165678,-0.04751219419452271,-0.056333995064696746,-0.17055905933392007,-0.23353763056713145
601881.SH,20251114,17.0,17.03,16.85,16.85,17.08,-0.23,-1.3466,233079.98,394856.85,-0.41999999999999815,-0.7299999999999969,-1.0199999999999996,17.07,17.231999999999996,17.531,17.04880008688723,17.214312360265883,17.387023987892608,0.22999999999999687,0.28499999999999964,0.0,0.22999999999999687,0.06926776486031677,0.11462741807068577,0.6042861823652204,37.66698167744069,17.3,17.62192307692308,17.263833567288756,17.433971813703874,-0.17013824641511732,-0.07293887169686641,-0.07909484533478087,-0.1820868021606729,-0.029122333678869405
601881.SH,20251117,16.7,16.76,16.45,16.52,16.73,-0.21,-1.2552,257351.65,426289.961,-0.8399999999999999,-1.0500000000000007,-1.240000000000002,16.902,17.127,17.469,16.872533391258152,17.088073749308446,17.30445027475998,0.40000000000000213,0.29142857142857104,0.0,0.33000000000000185,0.06432006737029415,0.13001117392277978,0.4947272255882952,33.098161130608986,17.201666666666668,17.568461538461538,17.149397633859717,17.366270197873956,-0.21687256401423838,-0.09982878224995693,-0.10665038907067238,-0.220444349887132,0.10413451211039225
601881.SH,20251118,16.5,16.68,16.47,16.52,16.52,0.0,0.0,236523.51,392001.541,-0.6000000000000014,-0.879999999999999,-1.3399999999999999,16.782,17.039000000000005,17.402,16.755022260838768,16.984787613070544,17.22974072478284,0.21000000000000085,0.2785714285714282,0.0,-0.0,0.059725776843844565,0.12072466149972408,0.4947272255882951,33.098161130608986,17.113333333333333,17.52153846153846,17.05256722865053,17.303583516549956,-0.2510162878994251,-0.12631776371811101,-0.13552356883642294,-0.2309854381260043,-0.08093260719330918
601881.SH,20251119,16.52,16.65,16.48,16.52,16.52,0.0,0.0,199621.74,330602.808,-0.4200000000000017,-0.740000000000002,-1.1900000000000013,16.698,16.965000000000003,17.342499999999994,16.676681507225844,16.900280774330444,17.162146370041615,0.16999999999999815,0.2578571428571423,0.0,-0.0,0.055459649926427095,0.11210147139260093,0.4947272255882951,33.098161130608986,17.025833333333335,17.47230769230769,16.970633808858143,17.24554029310181,-0.2749064842436688,-0.1540521067506621,-0.1634001519178721,-0.22301266465159342,-0.15601734474513768
601881.SH,20251120,17.2,17.2,16.44,16.47,16.52,-0.05,-0.3027,675566.3,1135565.38,-0.6099999999999994,-1.0,-1.3000000000000007,16.576,16.865000000000002,17.277499999999996,16.607787671483898,16.822047906270363,17.09622766813289,0.759999999999998,0.290714285714285,0.0,0.05000000000000071,0.051498246360253734,0.1076656520074152,0.47831639339078097,32.35548192046206,16.948333333333338,17.41230769230769,16.893613222879967,17.188092863983158,-0.2944796411031909,-0.1811165648584622,-0.18961604975493587,-0.20972718269651008,2.384232098167264
601881.SH,20251121,16.25,16.37,15.8,15.88,16.47,-0.59,-3.5823,531605.33,854623.616,-0.9700000000000006,-1.3899999999999988,-1.9700000000000006,16.381999999999998,16.726,17.178999999999995,16.365191780989264,16.650766468766662,16.980396461644045,0.6699999999999982,0.314999999999999,0.0,0.5899999999999981,0.04781980019166419,0.14211810543545683,0.33647929688579775,25.17654389932162,16.833333333333336,17.323076923076922,16.73767272705228,17.091197096280702,-0.35352436922842045,-0.21337498128198204,-0.2223977136496328,-0.26225331115757533,-0.2130967308464026
601881.SH,20251124,15.88,15.98,15.77,15.89,15.88,0.01,0.063,272308.2,432726.331,-0.629999999999999,-1.4699999999999989,-2.1899999999999977,16.256,16.579,17.069499999999998,16.20679452065951,16.51244529262727,16.876549179582707,0.21000000000000085,0.3121428571428562,0.009999999999999787,0.0,0.04511838589225959,0.13196681219006706,0.34189191315220374,25.47834961975993,16.701666666666668,17.246923076923075,16.607261538275008,17.002219533593244,-0.3949579953182365,-0.24711922988029122,-0.2569097699833536,-0.27609645066976585,-0.48776247220847085
601881.SH,20251125,15.91,16.01,15.81,15.83,15.89,-0.06,-0.3776,383686.9,609837.999,-0.6899999999999995,-1.290000000000001,-2.0200000000000014,16.118,16.450000000000003,16.9685,16.081196347106342,16.388364330331402,16.776877829146258,0.20000000000000107,0.31571428571428495,0.0,0.0600000000000005,0.04189564404281248,0.1268263256050623,0.3303387040737559,24.83117292327093,16.581666666666667,17.172692307692305,16.487682840078854,16.915388457030783,-0.4277056169519291,-0.28057941443398704,-0.2910689393770687,-0.27327335514972084,0.4090170622845732
601881.SH,20251126,15.84,15.91,15.8,15.84,15.83,0.01,0.0632,212467.16,337017.908,-0.6799999999999997,-1.1000000000000014,-2.3000000000000007,15.982000000000003,16.34,16.853499999999997,16.00079756473756,16.288661724816603,16.687651369227567,0.10999999999999943,0.3049999999999993,0.009999999999999787,0.0,0.03961738375404015,0.11776730234755785,0.33640393355636455,25.17232440802123,16.455000000000002,17.094999999999995,16.388039326220568,16.83573005280628,-0.4476907265857122,-0.31458799241777097,-0.32239329681879736,-0.25059485953382965,-0.4462485948829632
601881.SH,20251127,15.8,15.96,15.79,15.86,15.84,0.02,0.1263,210532.07,334542.378,-0.6099999999999994,-1.2199999999999989,-1.8399999999999999,15.86,16.218,16.761499999999998,15.953865043158373,16.210723229395402,16.608827429301133,0.1700000000000017,0.301428571428571,0.019999999999999574,0.0,0.03821614205732297,0.10935535217987515,0.34946750474967564,25.896696550281245,16.350000000000005,17.023846153846154,16.30680250680202,16.76345375259841,-0.45665124579639027,-0.3464227701268013,-0.34924488661431596,-0.2148127183641486,-0.009107713399096579
601881.SH,20251128,15.85,15.9,15.73,15.9,15.86,0.04,0.2522,199827.59,316548.608,0.019999999999999574,-0.9500000000000011,-1.679999999999998,15.864,16.122999999999998,16.6775,15.935910028772248,16.154228096778056,16.541320055081975,0.16999999999999993,0.29142857142857104,0.040000000000000924,0.0,0.03834356048179997,0.10154425559559835,0.37760442731988525,27.41022167404838,16.263333333333332,16.951923076923077,16.244217505755554,16.699494215368897,-0.45527670961334366,-0.372912119637813,-0.37045125121412154,-0.16965091679844424,-0.05084489028203641
601881.SH,20251201,15.89,15.95,15.84,15.95,15.9,0.05,0.3145,255690.3,406461.222,0.05999999999999872,-0.5700000000000003,-1.620000000000001,15.876,16.066,16.5965,15.940606685848167,16.11709571554568,16.48500385935988,0.10999999999999943,0.2757142857142854,0.049999999999998934,0.0,0.03917616330452846,0.09429109448162705,0.41548105385670403,29.352639706809185,16.169166666666666,16.87884615384615,16.19895327410085,16.64397612534157,-0.4450228512407186,-0.3944684044535123,-0.385365571219441,-0.11931456004255525,0.2795545399911994
601881.SH,20251202,15.91,15.94,15.75,15.76,15.95,-0.19,-1.1912,221730.81,350674.967,-0.07000000000000028,-0.7599999999999998,-1.6399999999999988,15.862,15.989999999999998,16.514499999999998,15.88040445723211,16.0521692218101,16.41595587275418,0.1999999999999993,0.2707142857142854,0.0,0.1899999999999995,0.03637786592563357,0.10112744487579652,0.3597229809406578,26.455607942420823,16.07833333333333,16.789615384615384,16.13142200116226,16.578496412353307,-0.4470744111910463,-0.413598174114332,-0.39770733921376206,-0.09873414395456848,-0.1328149327526308
601881.SH,20251203,15.79,15.85,15.66,15.68,15.76,-0.08,-0.5076,215616.83,339143.713,-0.16000000000000014,-0.8399999999999999,-1.5800000000000018,15.829999999999998,15.906,16.435499999999998,15.813602971488075,15.9845020905719,16.34586483725378,0.1899999999999995,0.2714285714285711,0.0,0.08000000000000007,0.03377944693094546,0.09961834167038248,0.3390886293079944,25.322344009688617,16.008333333333333,16.706153846153846,16.061972462521915,16.51194112254936,-0.4499686600274444,-0.4308747317725824,-0.40815960337649854,-0.08361811330189173,-0.027573885649901386
601881.SH,20251204,15.7,15.78,15.63,15.68,15.68,0.0,0.0,228746.87,358872.475,-0.17999999999999972,-0.7899999999999991,-1.7899999999999991,15.794,15.827000000000002,16.345999999999997,15.769068647658719,15.92913807410428,16.282449138467708,0.14999999999999858,0.2657142857142855,0.0,-0.0,0.03136662929302078,0.09250274583678374,0.3390886293079944,25.322344009688617,15.938333333333333,16.611538461538462,16.003207468287776,16.45031585421237,-0.4471083859245937,-0.441272955849935,-0.4159493598861176,-0.06231805207695218,0.06089524644249713
601881.SH,20251205,15.68,16.11,15.56,15.96,15.68,0.28,1.7857,541750.56,858800.373,0.0600000000000005,0.08000000000000007,-1.3099999999999987,15.806000000000001,15.835000000000003,16.280499999999996,15.83271243177248,15.934749333358047,16.251739696708878,0.5499999999999989,0.27642857142857097,0.28000000000000114,0.0,0.049126155772090806,0.08589540684844203,0.5719299503263469,36.383933661141135,15.891666666666667,16.544615384615383,15.996560165474271,16.41399616130775,-0.417435995833479,-0.4437705114627397,-0.41624668707558987,-0.0023786175157782807,1.3683408651668112
601881.SH,20251208,16.26,16.43,16.11,16.22,15.96,0.26,1.6291,677976.84,1104877.035,0.2699999999999996,0.3299999999999983,-1.1400000000000006,15.86,15.868,16.2235,15.96180828784832,15.98661309092931,16.248716868450888,0.46999999999999886,0.29499999999999943,0.259999999999998,0.0,0.06418857321694131,0.07976002064498189,0.8047712713446965,44.59131659077655,15.870833333333335,16.49230769230769,16.030935524632074,16.399626075284953,-0.3686905506528788,-0.4372132818739563,-0.40673545979104764,0.07608981827633765,0.2514557253064951
601881.SH,20251209,16.08,16.14,15.87,15.95,16.22,-0.27,-1.6646,355570.13,568653.242,0.1899999999999995,0.11999999999999922,-1.1700000000000017,15.898,15.879999999999999,16.165,15.95787219189888,15.979956165305799,16.22026764288414,0.34999999999999964,0.3078571428571424,0.0,0.2699999999999996,0.05960367513001693,0.09334859059891173,0.6385064278700722,38.96880823959169,15.876666666666667,16.43,16.01848390545791,16.36632044007866,-0.34783653462075037,-0.4261183716556272,-0.39495567475698823,0.09423828027247572,-0.4755423651344786
601881.SH,20251210,15.85,16.04,15.77,15.94,15.95,-0.01,-0.0627,254028.73,403556.961,0.2599999999999998,0.09999999999999964,-1.0000000000000018,15.95,15.889999999999997,16.115,15.951914794599254,15.972691407977472,16.193575486418982,0.2699999999999996,0.2728571428571425,0.0,0.009999999999999787,0.05534626976358715,0.08739511984184659,0.6332878753841609,38.7738061935473,15.880833333333333,16.373846153846152,16.006409458464386,16.33474114822098,-0.3283316897565953,-0.41186064320676113,-0.3816308777569096,0.1065983760006286,-0.28557348166450314
601881.SH,20251211,15.94,15.97,15.69,15.72,15.94,-0.22,-1.3802,260657.17,412206.905,0.040000000000000924,-0.1399999999999988,-1.3599999999999977,15.957999999999998,15.876,16.047000000000004,15.874609863066171,15.92674751561793,16.148473059140983,0.28000000000000114,0.24499999999999986,0.0,0.21999999999999886,0.05139296478047378,0.09686689699600033,0.5305524010188518,34.66411216405762,15.871666666666664,16.314615384615387,15.96234646485448,16.28920476687128,-0.3268583020167988,-0.3975919312515895,-0.3706763626088875,0.0876361211841774,0.026093269056614195
601881.SH,20251212,15.71,15.94,15.68,15.9,15.72,0.18,1.145,313014.3,494675.105,-0.0600000000000005,0.0,-0.9500000000000011,15.946000000000002,15.876,15.999500000000001,15.883073242044116,15.921884330960124,16.124808958270414,0.2599999999999998,0.24857142857142836,0.17999999999999972,0.0,0.060579181581868494,0.08994783292485745,0.6734923967815482,40.244724032018624,15.876666666666665,16.25423076923077,15.952754701030715,16.260374784140073,-0.3076200831093576,-0.3823249570147716,-0.3580651067089815,0.10089004719924777,0.20086587297790418
601881.SH,20251215,15.75,16.13,15.71,15.93,15.9,0.03,0.1887,328932.83,525366.34,-0.28999999999999915,-0.019999999999999574,-0.5899999999999999,15.888,15.874,15.970000000000002,15.898715494696077,15.923359907149191,16.10625572414942,0.41999999999999815,0.26428571428571385,0.02999999999999936,0.0,0.0583949543260207,0.08352298771593905,0.6991482934569035,41.146985001202694,15.8825,16.202692307692306,15.94925397779522,16.235902577907474,-0.28664860011225457,-0.3644998668949058,-0.3437818053896361,0.11426641055476305,0.05085559988792853
601881.SH,20251216,15.88,16.06,15.8,15.87,15.93,-0.06,-0.3766,277730.26,442143.396,-0.08000000000000007,0.10999999999999943,-0.6500000000000004,15.872,15.885000000000002,15.9375,15.889143663130719,15.913658105849336,16.083755178992334,0.259999999999998,0.27499999999999947,0.0,0.0600000000000005,0.05422388615987637,0.08184277430765773,0.6625372443514888,39.85097155582381,15.88,16.145384615384618,15.937061058134416,16.20879868324766,-0.2717376251132446,-0.3446964185711059,-0.32937296933435783,0.11527068844222643,-0.155662692592892
601881.SH,20251217,15.86,16.29,15.8,16.16,15.87,0.29,1.8273,460991.45,740015.333,0.22000000000000064,0.4800000000000004,-0.35999999999999943,15.916,15.932999999999998,15.919500000000003,15.979429108753815,15.958447541149457,16.091016590516872,0.48999999999999844,0.2978571428571421,0.2900000000000009,0.0,0.0710650371484567,0.07599686185711074,0.9351048900160265,48.32321466606815,15.8975,16.10846153846154,15.971359356882967,16.205183965970058,-0.23382460908709035,-0.3209982211447166,-0.31026329728490437,0.15287737639562804,0.659853161121154
601881.SH,20251218,16.11,16.16,15.83,15.85,16.16,-0.31,-1.9183,467479.93,744245.54,0.129999999999999,0.16999999999999993,-0.6199999999999992,15.941999999999998,15.95,15.888500000000002,15.936286072502543,15.93872980639501,16.068062629515268,0.33000000000000007,0.30928571428571355,0.0,0.3100000000000005,0.06598896306642409,0.09271137172446,0.711767735057837,41.58085939350807,15.905000000000001,16.066538461538464,15.95268868659328,16.178874042564868,-0.2261853559715874,-0.2997481500489509,-0.293447709022241,0.13452470610130718,0.014075054971193025
601881.SH,20251219,15.81,16.01,15.8,15.9,15.85,0.05,0.3155,279053.16,443832.951,0.0,-0.0600000000000005,0.019999999999999574,15.941999999999998,15.943999999999999,15.889500000000002,15.924190715001696,15.931688023414099,16.05205666479953,0.21000000000000085,0.3164285714285708,0.05000000000000071,0.0,0.06484689427596527,0.08608913088699857,0.7532529787190433,42.96316549077719,15.923333333333332,16.021153846153844,15.944582734809698,16.15821670607858,-0.21363397126888195,-0.28251964122850676,-0.2774849614715692,0.1277019804053745,-0.4030692183940389
601881.SH,20251222,15.9,15.94,15.82,15.84,15.9,-0.06,-0.3774,265443.97,421382.332,-0.08999999999999986,-0.379999999999999,-0.05000000000000071,15.924000000000001,15.906,15.887,15.896127143334464,15.915017473702441,16.031860791961478,0.11999999999999922,0.31071428571428505,0.0,0.0600000000000005,0.06021497325625346,0.08422562153792727,0.7149246530539204,41.688400232674354,15.936666666666667,15.98230769230769,15.928493083300513,16.134645098220908,-0.20615201492039503,-0.26677691681735616,-0.26321837216133437,0.11413271448187867,-0.04876916641976032
601881.SH,20251223,15.84,15.89,15.7,15.72,15.84,-0.12,-0.7576,275906.43,436231.085,-0.14999999999999858,-0.22999999999999865,-0.10999999999999943,15.894,15.883,15.881499999999999,15.83741809555631,15.879559751211087,16.00215976415562,0.19000000000000128,0.31071428571428517,0.0,0.11999999999999922,0.05591390373794964,0.08678093428521813,0.6443109215001129,39.1842511702291,15.916666666666666,15.951538461538462,15.896417224331204,16.103930646500842,-0.20751342216963842,-0.25335266486324987,-0.2520773821629952,0.08912791998671354,0.039414946966020825
601881.SH,20251224,15.72,15.82,15.68,15.8,15.72,0.08,0.5089,257642.33,405827.433,-0.35999999999999943,-0.1399999999999988,-0.03999999999999915,15.822,15.869000000000003,15.879499999999998,15.824945397037542,15.86509434189998,15.982906453283658,0.14000000000000057,0.3099999999999996,0.08000000000000007,0.0,0.057634339185238956,0.08058229612198826,0.7152233425812302,41.69855463282668,15.881666666666668,15.923846153846155,15.881583805203327,16.081417265278557,-0.1998334600752294,-0.2392387935364088,-0.24162859774544204,0.08359027534042529,-0.06619671748860657
601881.SH,20251225,15.79,15.99,15.77,15.95,15.8,0.15,0.9494,331838.11,528174.208,0.09999999999999964,0.22999999999999865,0.08999999999999986,15.842000000000002,15.892,15.884,15.866630264691695,15.880531734281801,15.97977250535188,0.22000000000000064,0.28642857142857114,0.14999999999999858,0.0,0.06423188638629321,0.07482641782756053,0.8584118851488695,46.19061533176246,15.881666666666666,15.901923076923076,15.892109373633584,16.0716826530357,-0.17957327940211698,-0.22501137090227097,-0.22921753407677703,0.0992885093493201,0.2879797741310599
601881.SH,20251226,15.98,16.14,15.9,16.0,15.95,0.05,0.3135,378504.1,606514.684,0.09999999999999964,0.09999999999999964,0.09999999999999964,15.862,15.901999999999997,15.889000000000001,15.911086843127798,15.902253237139654,15.981698933413606,0.2400000000000002,0.26999999999999985,0.05000000000000071,0.0,0.06321532307298659,0.06948167369702049,0.9098129004295616,47.63884986979214,15.886666666666668,15.883846153846154,15.90870793153611,16.06637282688491,-0.15766489534879824,-0.2106798481507758,-0.2149070063311813,0.1144842219647661,0.14062878431895598
601881.SH,20251229,15.98,16.07,15.89,15.92,16.0,-0.08,-0.5,248240.76,396364.762,0.08000000000000007,-0.009999999999999787,-0.02999999999999936,15.878,15.901,15.8875,15.914057895418534,15.90547992129608,15.97582284451707,0.17999999999999972,0.2578571428571427,0.0,0.08000000000000007,0.05869994285348755,0.0702329827186619,0.8357888356903024,45.52750400489417,15.90333333333333,15.885384615384616,15.910445172838248,16.055530395263805,-0.145085222425557,-0.19660735896325499,-0.20094264955005642,0.11171485424899885,-0.3441530488044911
601881.SH,20251230,15.89,15.96,15.78,15.82,15.92,-0.1,-0.6281,326119.29,517251.434,0.09999999999999964,-0.049999999999998934,0.0600000000000005,15.898000000000001,15.895999999999997,15.8905,15.882705263612356,15.889938117424064,15.960982573610682,0.1800000000000015,0.2514285714285714,0.0,0.09999999999999964,0.05450708979252415,0.07235919823875744,0.753284877655385,42.96420320825045,15.896666666666663,15.882692307692308,15.896530530863133,16.03808369931834,-0.14155316845520538,-0.18635497667082332,-0.18906475333108624,0.09502316975176173,0.31372176752923236
601881.SH,20251231,15.83,15.93,15.7,15.72,15.82,-0.1,-0.6321,327505.04,517422.95,-0.08000000000000007,-0.4399999999999995,0.040000000000000924,15.882,15.852,15.892500000000002,15.828470175741572,15.859040277892415,15.938031852314426,0.23000000000000043,0.24785714285714278,0.0,0.09999999999999964,0.05061372623591528,0.07433354122170331,0.6809002423947144,40.50806973676569,15.879166666666665,15.87846153846154,15.869371987653421,16.014521943813275,-0.1451499561598535,-0.17735104335840843,-0.1802817938968397,0.07026367547397244,0.004249211998468413
601881.SH,20260105,15.75,16.08,15.74,16.04,15.72,0.32,2.0356,576233.36,920921.058,0.08999999999999986,0.1899999999999995,0.35999999999999943,15.9,15.871,15.910500000000003,15.898980117161049,15.891942045548339,15.947743104474958,0.35999999999999766,0.2549999999999998,0.3199999999999985,0.0,0.06985560293334979,0.06902400256301021,1.0120479882281592,50.299396145088195,15.89333333333333,15.88615384615385,15.895622451091356,16.016409207234513,-0.1207867561431577,-0.16703468612221684,-0.16838278634610332,0.09519206040589123,0.7594640986288334
601881.SH,20260106,16.05,16.49,16.0,16.48,16.04,0.44,2.7431,836292.29,1365891.494,0.4800000000000004,0.5800000000000001,0.5199999999999996,15.996,15.928999999999998,15.936500000000004,16.0926534114407,15.998861673630458,15.998434237382105,0.48999999999999844,0.2599999999999998,0.4400000000000013,0.0,0.0962944884381106,0.06409371666565233,1.5024013810969177,60.03838522652774,15.92,15.91,15.985526689384994,16.050749265957883,-0.06522257657288932,-0.15137585963916067,-0.14775074439146052,0.1650563356371424,0.4513083553510336
601881.SH,20260107,16.53,16.55,16.22,16.34,16.48,-0.14,-0.8495,535463.85,876881.759,0.41999999999999993,0.5,0.120000000000001,16.080000000000002,15.979,15.9425,16.175102274293803,16.060886823879464,16.03096431001238,0.33000000000000185,0.26500000000000007,0.0,0.14000000000000057,0.08941631069253128,0.0695155940466772,1.2862770133632386,56.260768307819994,15.960833333333333,15.926923076923076,16.040061044864224,16.0721752462573,-0.03211420139307464,-0.13188705733065356,-0.12462343579178334,0.1850184687974174,-0.35971686406435727
601881.SH,20260108,16.27,16.27,15.97,16.04,16.34,-0.3,-1.836,484947.83,780385.453,0.21999999999999886,0.3199999999999985,0.08999999999999986,16.124000000000002,16.011,15.947000000000003,16.130068182862537,16.057089219537744,16.03182485191596,0.3699999999999992,0.25642857142857156,0.0,0.3000000000000007,0.08302943135735048,0.08597876590048603,0.9656969425852288,49.12745813783337,15.972499999999998,15.930384615384618,16.04005165334665,16.069791894682684,-0.02974024133603237,-0.11298781080407612,-0.10564679690063315,0.15181311112920157,-0.09434067304450144
601881.SH,20260109,16.07,16.15,15.98,16.08,16.04,0.04,0.2494,420374.49,674667.141,0.35999999999999766,0.2799999999999976,0.1399999999999988,16.196,16.038999999999998,15.953999999999999,16.113378788575027,16.061254815985425,16.036412961257298,0.16999999999999815,0.24499999999999997,0.03999999999999915,0.0,0.07995590054611111,0.07983742547902274,1.0014839540024936,50.037071343977715,15.992499999999998,15.94269230769231,16.04619755283178,16.070548050632116,-0.02435049780033438,-0.09574083507054472,-0.0893875370805734,0.13007407856047803,-0.13315523032652815
601881.SH,20260112,16.01,16.27,15.96,16.25,16.08,0.17,1.0572,582509.99,939099.342,0.21000000000000085,0.3000000000000007,0.5299999999999994,16.238,16.069,15.980500000000001,16.15891919238335,16.09557212216989,16.056754583994696,0.3099999999999987,0.25214285714285695,0.1700000000000017,0.0,0.08638762193567473,0.07413475223052111,1.1652783524122865,53.816561326356805,16.036666666666665,15.964615384615383,16.077551775473047,16.08384078762233,-0.006289012149281348,-0.07892129249282062,-0.07276783209431499,0.1329576398900673,0.3856930043495265
601881.SH,20260113,16.28,16.36,16.01,16.06,16.25,-0.19,-1.1692,529504.79,856812.196,-0.4200000000000017,0.05999999999999872,0.15999999999999837,16.154,16.075,15.988499999999998,16.125946128255567,16.089104463593547,16.057063671233298,0.34999999999999787,0.2685714285714283,0.0,0.19000000000000128,0.08021707751169796,0.08241084135691255,0.9733801547333604,49.325526680635015,16.058333333333334,15.97923076923077,16.074851502323348,16.082074803354008,-0.007223301030659712,-0.06360330122672092,-0.05965892588158394,0.10487124970184845,-0.09099449092709973
601881.SH,20260114,16.06,16.35,15.91,15.98,16.06,-0.08,-0.4981,750197.55,1210288.743,-0.35999999999999943,0.0600000000000005,0.05000000000000071,16.082,16.080999999999996,15.991,16.077297418837045,16.06926728839472,16.049724273972984,0.4400000000000013,0.28642857142857114,0.0,0.0799999999999983,0.0744872862608624,0.08223863840284726,0.9057456167499426,47.52709956613205,16.06083333333333,15.980000000000002,16.06025896350437,16.074513706809267,-0.014254743304896067,-0.04945903176557545,-0.050578089366246366,0.0726466921227006,0.4167908660467453
601881.SH,20260115,15.91,15.97,15.65,15.68,15.98,-0.3,-1.8773,643303.54,1014959.812,-0.35999999999999943,-0.14000000000000057,-0.1899999999999995,16.01,16.067,15.9815,15.944864945891364,15.998491417777498,16.01451243835651,0.33000000000000007,0.2999999999999997,0.0,0.3000000000000007,0.06916676581365795,0.0977930213740725,0.7072771128431039,41.42720051259198,16.034166666666668,15.959230769230771,16.0017575845037,16.04529046926784,-0.04353288476414008,-0.038168246054940624,-0.04916904844582511,0.011272327363370069,-0.14248781537609662
601881.SH,20260116,15.78,15.82,15.55,15.57,15.68,-0.11,-0.7015,457576.33,715397.986,-0.509999999999998,-0.15000000000000036,-0.5899999999999999,15.908000000000001,16.052,15.952000000000002,15.819909963927577,15.920583887272496,15.972177920417792,0.2699999999999996,0.3035714285714282,0.0,0.10999999999999943,0.06422628254125382,0.09866494841878157,0.6509533889243679,39.42893804824364,16.005,15.944615384615387,15.935333340733902,16.010083767840595,-0.074750427106693,-0.033053098384222324,-0.05428532417799869,-0.040930205857388616,-0.28870851542337234
601881.SH,20260119,15.54,15.57,15.4,15.43,15.57,-0.14,-0.8992,419840.11,648728.53,-0.8200000000000003,-0.6099999999999994,-0.41999999999999993,15.744,15.991,15.931000000000001,15.689939975951718,15.831386816859315,15.92054192799705,0.16999999999999993,0.29857142857142815,0.0,0.14000000000000057,0.05963869093116426,0.10161745210315434,0.5868941771008348,36.98382573770968,15.972499999999998,15.925,15.857589749851762,15.967114599852403,-0.10952485000064094,-0.03797557320952806,-0.06533322934252714,-0.0883832413162276,-0.08246978159906136
601881.SH,20260120,15.44,15.53,15.4,15.51,15.43,0.08,0.5185,290884.84,450032.096,-0.5499999999999989,-0.9700000000000006,-0.39000000000000057,15.634,15.894,15.911499999999998,15.629959983967813,15.77295285015762,15.881442696759235,0.129999999999999,0.29499999999999954,0.08000000000000007,0.0,0.061093070150366816,0.09435906266721475,0.6474531266363854,39.300245704610376,15.954999999999998,15.916923076923078,15.804114403720721,15.933254259122595,-0.12913985540187412,-0.048756201432728,-0.07809455455439654,-0.10209060169495515,-0.30715328747412907
601881.SH,20260121,15.45,15.47,15.35,15.37,15.51,-0.14,-0.9026,390575.48,602124.388,-0.6100000000000012,-0.9700000000000006,-0.47000000000000064,15.512,15.797,15.888,15.543306655978544,15.699688695583507,15.832733868496451,0.16000000000000014,0.29357142857142804,0.0,0.14000000000000057,0.05672927942534062,0.09761912961955659,0.5811287157181918,36.75404221940446,15.899166666666666,15.896538461538462,15.737327572379073,15.89153172140981,-0.15420414903073798,-0.06258552450991751,-0.09331647344966483,-0.1217753511621463,0.3427151445912408
601881.SH,20260122,15.38,15.5,15.36,15.39,15.37,0.02,0.1301,297471.91,458228.422,-0.28999999999999915,-0.6499999999999986,-0.33000000000000007,15.453999999999999,15.732,15.871499999999997,15.492204437319032,15.64338166002287,15.790568738163456,0.14000000000000057,0.2871428571428566,0.02000000000000135,0.0,0.054105759466387814,0.09064633464673111,0.5968885523860393,37.3782222619218,15.808333333333332,15.87576923076923,15.68389256124383,15.854381223527604,-0.17048866228377335,-0.07882309834141073,-0.10875091121648653,-0.12347550213457364,-0.238375358330226
601881.SH,20260123,15.41,15.42,15.28,15.32,15.39,-0.07,-0.4548,416042.84,638224.862,-0.25,-0.759999999999998,-0.4800000000000004,15.404,15.656,15.8475,15.434802958212689,15.584584994564166,15.745752667862174,0.14000000000000057,0.2714285714285711,0.0,0.07000000000000028,0.05024106236164583,0.08917159645767891,0.5634200166584477,36.037661706715575,15.723333333333334,15.854615384615384,15.62790909028324,15.814797429192225,-0.18688833890898593,-0.09888969020360013,-0.12437839675498641,-0.12501988430799904,0.39859538334224587
601881.SH,20260126,15.29,15.47,15.27,15.33,15.32,0.01,0.0653,558616.1,858047.502,-0.09999999999999964,-0.9199999999999999,-0.6199999999999992,15.384,15.564000000000002,15.816499999999996,15.39986863880846,15.538296813734316,15.706157175684822,0.20000000000000107,0.25071428571428556,0.009999999999999787,0.0,0.04736670076438539,0.08280219671070185,0.5720464268584246,36.388647121675746,15.664166666666667,15.822692307692307,15.582076922547357,15.77888650851132,-0.19680958596396358,-0.11995483297396722,-0.13886463459678186,-0.11588990273436345,0.3426888923265689
601881.SH,20260127,15.29,15.3,15.05,15.13,15.33,-0.2,-1.3046,422876.77,641733.317,-0.379999999999999,-0.9299999999999979,-0.8699999999999992,15.307999999999998,15.471,15.773,15.309912425872307,15.464061029418986,15.651285063714841,0.27999999999999936,0.24714285714285683,0.0,0.1999999999999993,0.04398336499550072,0.0911734683742231,0.4824140814186231,32.54246485280065,15.585,15.794999999999998,15.51252662677084,15.730820841214186,-0.21829421444334507,-0.14262588532268378,-0.1547505505660945,-0.12708732775450116,-0.24299215507752098
601881.SH,20260128,15.18,15.24,14.95,14.97,15.13,-0.16,-1.0575,539263.67,814868.118,-0.3999999999999986,-1.0099999999999998,-0.9499999999999993,15.228,15.37,15.7255,15.196608283914873,15.374231751342807,15.586400771932475,0.2900000000000009,0.24142857142857124,0.0,0.16000000000000014,0.040841696067250674,0.09608964920463574,0.42503741459470656,29.826403871339124,15.478333333333333,15.75923076923077,15.42906099188302,15.674463741864987,-0.24540274998196665,-0.16505587034688673,-0.1728809904492689,-0.14504351906539548,0.2752265157530408
