ts_code,trade_date,open,high,low,close,pre_close,change,pct_chg,vol,amount,mtm_5,mtm_10,mtm_20,ma_5,ma_10,ma_20,ema_5,ema_10,ema_20,tr,atr,u,d,au,ad,rs,rsi,ma_12,ma_26,ema_12,ema_26,dif,dif_ma_9,dea,macd,volume_change_rate
603336.SH,20250205,4.41,4.51,4.4,4.46,4.41,0.05,1.1338,149485.24,66532.342,,,,,,,,,,,,,,,,,,,,,,,,,,
603336.SH,20250206,4.44,4.51,4.38,4.5,4.46,0.04,0.8969,173682.07,77331.556,,,,,,,,,,0.1299999999999999,,0.040000000000000036,0.0,,,,,,,,,,,,,0.16186768673616217
603336.SH,20250207,4.47,4.57,4.45,4.5,4.5,0.0,0.0,188816.14,85058.062,,,,,,,,,,0.1200000000000001,,0.0,-0.0,,,,,,,,,,,,,0.08713662843838749
603336.SH,20250210,4.51,4.64,4.51,4.64,4.5,0.14,3.1111,181790.08,83299.775,,,,,,,,,,0.13999999999999968,,0.13999999999999968,0.0,,,,,,,,,,,,,-0.03721111976974016
603336.SH,20250211,4.61,4.65,4.52,4.54,4.64,-0.1,-2.1552,141481.01,64378.198,,,,4.5280000000000005,,,4.5280000000000005,,,0.13000000000000078,,0.0,0.09999999999999964,,,,,,,,,,,,,-0.22173415623118697
603336.SH,20250212,4.54,4.55,4.45,4.51,4.54,-0.03,-0.6608,127649.48,57386.692,0.04999999999999982,,,4.537999999999999,,,4.522,,,0.09999999999999964,,0.0,0.03000000000000025,,,,,,,,,,,,,-0.09776244882617117
603336.SH,20250213,4.51,4.6,4.45,4.47,4.51,-0.04,-0.8869,156912.75,71130.004,-0.03000000000000025,,,4.531999999999999,,,4.504666666666667,,,0.14999999999999947,,0.0,0.040000000000000036,,,,,,,,,,,,,0.229247075663763
603336.SH,20250214,4.47,4.49,4.38,4.4,4.47,-0.07,-1.566,141706.6,62803.329,-0.09999999999999964,,,4.5120000000000005,,,4.469777777777779,,,0.11000000000000032,,0.0,0.0699999999999994,,,,,,,,,,,,,-0.09690831369662437
603336.SH,20250217,4.4,4.56,4.4,4.56,4.4,0.16,3.6364,193188.73,87100.224,-0.08000000000000007,,,4.496,,,4.499851851851853,,,0.15999999999999925,,0.15999999999999925,0.0,,,,,,,,,,,,,0.3633008624862921
603336.SH,20250218,4.56,4.56,4.28,4.32,4.56,-0.24,-5.2632,231395.35,101774.054,-0.21999999999999975,,,4.452,4.49,,4.439901234567902,4.49,,0.27999999999999936,,0.0,0.23999999999999932,,,,,,,,,,,,,0.19776836878631582
603336.SH,20250219,4.29,4.34,4.25,4.34,4.32,0.02,0.463,124273.81,53501.842,-0.16999999999999993,-0.1200000000000001,,4.418,4.478,,4.4066008230452685,4.462727272727273,,0.08999999999999986,,0.019999999999999574,0.0,,,,,,,,,,,,,-0.46293730621639545
603336.SH,20250220,4.34,4.47,4.3,4.41,4.34,0.07,1.6129,132033.48,58019.707,-0.05999999999999961,-0.08999999999999986,,4.406000000000001,4.468999999999999,,4.407733882030179,4.4531404958677685,,0.16999999999999993,,0.07000000000000028,0.0,,,,,4.470833333333334,,4.470833333333334,,,,,,0.062440107050713366
603336.SH,20250221,4.42,4.42,4.32,4.38,4.41,-0.03,-0.6803,107734.39,47024.712,-0.020000000000000462,-0.1200000000000001,,4.401999999999999,4.457,,4.398489254686787,4.4398422238918105,,0.09999999999999964,,0.0,0.03000000000000025,,,,,4.464166666666666,,4.456858974358975,,,,,,-0.18403733659068905
603336.SH,20250224,4.52,4.59,4.43,4.44,4.38,0.06,1.3699,221594.03,99840.097,-0.11999999999999922,-0.1999999999999993,,4.378,4.436999999999999,,4.412326169791191,4.439870910456936,,0.20999999999999996,,0.0600000000000005,0.0,,,,,4.4591666666666665,,4.4542652859960565,,,,,,1.0568551044842784
603336.SH,20250225,4.36,4.41,4.34,4.37,4.44,-0.07,-1.5766,148234.26,64734.253,0.04999999999999982,-0.16999999999999993,,4.388,4.42,,4.398217446527461,4.4271671085556745,,0.10000000000000053,0.14214285714285704,0.0,0.07000000000000028,0.034999999999999955,0.04142857142857137,0.8448275862068967,45.794392523364486,4.448333333333333,,4.441301395842817,,,,,,-0.3310548122618646
603336.SH,20250226,4.41,4.5,4.37,4.42,4.37,0.05,1.1442,136366.6,60316.703,0.08000000000000007,-0.08999999999999986,,4.404000000000001,4.411,,4.405478297684974,4.425863997909188,,0.1299999999999999,0.14214285714285704,0.04999999999999982,0.0,0.03607142857142852,0.03846938775510199,0.9376657824933686,48.39151266255989,4.43,,4.438024258020845,,,,,,-0.080060169626104
603336.SH,20250227,4.47,4.86,4.47,4.86,4.42,0.44,9.9548,427978.44,202937.82,0.4500000000000002,0.39000000000000057,,4.494,4.45,,4.556985531789984,4.504797816471154,,0.4400000000000004,0.1649999999999999,0.4400000000000004,0.0,0.06492346938775508,0.035721574344023274,1.8174862273005528,64.50736864974475,4.456666666666666,,4.502943602940715,,,,,,2.1384403512296997
603336.SH,20250228,4.86,5.1,4.71,4.91,4.86,0.05,1.0288,719207.61,355501.665,0.5300000000000002,0.5099999999999998,,4.6,4.5009999999999994,,4.6746570211933225,4.578470940749126,,0.3899999999999997,0.18285714285714277,0.04999999999999982,0.0,0.0638575072886297,0.03317003331945018,1.9251565614552775,65.81379563825823,4.489999999999999,,4.565567664026759,,,,,,0.6804762641781674
603336.SH,20250303,4.86,5.3,4.63,5.02,4.91,0.11,2.2403,651833.85,319663.007,0.5799999999999992,0.45999999999999996,,4.715999999999999,4.547,,4.7897713474622154,4.658748951522012,,0.6699999999999999,0.22142857142857128,0.10999999999999943,0.0,0.06715339962515611,0.030800745225203742,2.18025243006801,68.5559551642693,4.535833333333333,,4.635480331099565,,,,,,-0.09367776294803111
603336.SH,20250304,4.92,5.08,4.73,4.84,5.02,-0.18,-3.5857,456056.6,220241.162,0.46999999999999975,0.5199999999999996,,4.8100000000000005,4.598999999999999,4.5445,4.8065142316414775,4.691703687608919,4.5445,0.34999999999999964,0.23928571428571413,0.0,0.17999999999999972,0.06235672822335925,0.041457834851974885,1.5040999715977406,60.06549213919962,4.572499999999999,,4.666944895545786,,,,,,-0.3003483939964149
603336.SH,20250305,4.85,4.97,4.65,4.73,4.84,-0.11,-2.2727,316995.73,150397.918,0.3100000000000005,0.39000000000000057,0.27000000000000046,4.872,4.638000000000001,4.558,4.781009487760985,4.698666653498206,4.562166666666667,0.3199999999999994,0.2514285714285713,0.0,0.10999999999999943,0.05790267620740502,0.04635370379111949,1.2491488591360005,55.53873653413296,4.586666666666667,,4.676645680846434,,,,,,-0.3049202006943875
603336.SH,20250306,4.67,4.74,4.6,4.72,4.73,-0.01,-0.2114,320762.83,150130.495,-0.14000000000000057,0.3099999999999996,0.21999999999999975,4.843999999999999,4.669,4.569,4.760672991840657,4.7025454437712595,4.577198412698413,0.14000000000000057,0.25357142857142845,0.0,0.010000000000000675,0.053766770764018944,0.04375701066318243,1.2287578595778899,55.1319585614656,4.62,,4.683315576100829,,,,,,0.011883756289083247
603336.SH,20250307,4.67,4.7,4.61,4.69,4.72,-0.03,-0.6356,230857.88,107344.934,-0.21999999999999975,0.3100000000000005,0.1900000000000004,4.8,4.7,4.5785,4.737115327893772,4.7002644539946665,4.58794142101285,0.10999999999999943,0.24999999999999986,0.0,0.02999999999999936,0.04992628713801759,0.04277436704438364,1.1672010736292826,53.85753485599011,4.649166666666667,,4.684343949008394,,,,,,-0.2802848135490013
603336.SH,20250310,4.68,4.74,4.62,4.72,4.69,0.03,0.6397,184861.42,86845.011,-0.2999999999999998,0.27999999999999936,0.08000000000000007,4.74,4.728,4.5825,4.7314102185958475,4.703852735086545,4.600518428535437,0.1200000000000001,0.2385714285714285,0.02999999999999936,0.0,0.048502980913873436,0.039719055112641954,1.2211514291143268,54.978305986154886,4.675,,4.689829495314795,,,,,,-0.1992414553923825
603336.SH,20250311,4.67,4.67,4.59,4.66,4.72,-0.06,-1.2712,176784.92,81747.981,-0.17999999999999972,0.29000000000000004,0.1200000000000001,4.704,4.757,4.5885,4.707606812397232,4.695879510525355,4.60618334010349,0.1299999999999999,0.24142857142857135,0.0,0.05999999999999961,0.04503848227716819,0.0411676940331675,1.0940248982826708,52.2450759386811,4.698333333333333,,4.6852403421894415,,,,,,-0.043689483722455444
603336.SH,20250312,4.64,4.66,4.63,4.65,4.66,-0.01,-0.2146,150489.21,69851.493,-0.08000000000000007,0.23000000000000043,0.14000000000000057,4.688,4.779999999999999,4.5954999999999995,4.688404541598155,4.687537781338927,4.610356355331729,0.03000000000000025,0.23142857142857137,0.0,0.009999999999999787,0.041821447828799034,0.03894143017365553,1.073957675470581,51.7830083117246,4.715833333333333,4.57923076923077,4.679818751083374,4.57923076923077,0.10058798185260454,,,,-0.1487440783976372
603336.SH,20250313,4.65,4.65,4.48,4.53,4.65,-0.12,-2.5806,180775.59,81989.918,-0.1899999999999995,-0.33000000000000007,0.0600000000000005,4.65,4.747,4.5985,4.635603027732103,4.658894548368213,4.602703369109659,0.16999999999999993,0.2364285714285714,0.0,0.1200000000000001,0.038834201555313384,0.044731328018394426,0.8681656296755593,46.471555620383185,4.729166666666666,4.5819230769230765,4.656769712455163,4.575584045584046,0.08118566687111706,,,,0.20125283400716906
603336.SH,20250314,4.52,4.64,4.51,4.64,4.53,0.11,2.4283,193493.0,89158.189,-0.05000000000000071,-0.27000000000000046,0.23999999999999932,4.64,4.720000000000001,4.6105,4.637068685154736,4.6554591759376285,4.606255429194453,0.1299999999999999,0.23071428571428568,0.10999999999999943,0.0,0.04391747287279096,0.04153623315993769,1.0573292167270962,51.39329224173219,4.7475,4.587307692307692,4.65418975669283,4.580355597763005,0.07383415892982459,,,,0.07034915499376881
603336.SH,20250317,4.69,5.1,4.65,5.1,4.64,0.46,9.9138,438043.9,216945.744,0.3799999999999999,0.08000000000000007,0.54,4.715999999999999,4.728,4.6375,4.79137912343649,4.736284780312605,4.653278721652124,0.45999999999999996,0.25642857142857134,0.45999999999999996,0.0,0.07363765338187732,0.03856935936279928,1.9092267696025547,65.62660530802776,4.7675,4.610384615384615,4.722775947970856,4.618847775706486,0.10392817226436968,,,,1.2638746621324803
603336.SH,20250318,5.07,5.08,4.92,4.96,5.1,-0.14,-2.7451,519418.19,258312.575,0.2999999999999998,0.1200000000000001,0.6399999999999997,4.776000000000001,4.74,4.669499999999999,4.847586082290993,4.7769602748012225,4.682490271970969,0.17999999999999972,0.2599999999999999,0.0,0.13999999999999968,0.06837782099745751,0.04581440512259931,1.4924961006146107,59.87957615045353,4.771666666666667,4.622692307692307,4.75927195597534,4.644118310839339,0.1151536451360009,,,,0.1857674310725477
603336.SH,20250319,4.96,4.98,4.89,4.92,4.96,-0.04,-0.8065,212495.56,104471.694,0.2699999999999996,0.1899999999999995,0.5800000000000001,4.83,4.7589999999999995,4.698499999999999,4.871724054860662,4.802967497564636,4.705110246068972,0.09000000000000075,0.23499999999999993,0.0,0.040000000000000036,0.06349369092621054,0.04539909047098507,1.398567466165206,58.30844810053291,4.763333333333334,4.637307692307692,4.783999347363749,4.664553991517907,0.11944535584584237,,,,-0.5908969610787023
603336.SH,20250320,4.94,4.95,4.87,4.91,4.92,-0.01,-0.2033,188352.03,92415.739,0.3799999999999999,0.1900000000000004,0.5,4.906,4.7780000000000005,4.7235,4.884482703240442,4.822427952552884,4.724623555967165,0.08000000000000007,0.21285714285714283,0.0,0.009999999999999787,0.05895842728862407,0.04287058400877184,1.3752653165760573,57.899439990076594,4.769166666666667,4.652692307692307,4.803384063153942,4.682735177331395,0.12064888582254696,,,,-0.11361898573316073
603336.SH,20250321,4.93,5.06,4.85,4.88,4.91,-0.03,-0.611,477433.79,236925.074,0.2400000000000002,0.1899999999999995,0.5,4.954,4.796999999999999,4.748499999999999,4.882988468826961,4.832895597543269,4.739421312541721,0.20999999999999996,0.17999999999999997,0.0,0.03000000000000025,0.054747111053722354,0.041951256579573874,1.3050171917944122,56.61637563659475,4.781666666666667,4.668461538461538,4.815171130361027,4.697347386417959,0.11782374394306849,,,,1.534795032471909
603336.SH,20250324,4.89,4.89,4.62,4.7,4.88,-0.18,-3.6885,256717.93,121971.536,-0.39999999999999947,-0.019999999999999574,0.2599999999999998,4.874,4.795000000000001,4.7615,4.821992312551308,4.8087327616263105,4.735666901823461,0.2699999999999996,0.17428571428571424,0.0,0.17999999999999972,0.05083660312131361,0.05181188110960429,0.9811765570482271,49.52494282034565,4.78,4.68,4.7974524949208694,4.697543876312925,0.09990861860794453,0.10361291436370212,0.10361291436370212,-0.0074085915115151835,-0.4622962693947573
603336.SH,20250325,4.68,4.86,4.63,4.79,4.7,0.09,1.9149,222338.31,105589.858,-0.16999999999999993,0.1299999999999999,0.41999999999999993,4.84,4.808,4.782500000000001,4.81132820836754,4.805326804966981,4.740841482602179,0.23000000000000043,0.1678571428571429,0.08999999999999986,0.0,0.05363398861264834,0.04811103245891827,1.114796043058234,52.71411617765811,4.788333333333333,4.688846153846154,4.796305957240736,4.704392478067523,0.09191347917321302,0.10264908073265862,0.10127302732560431,-0.01871909630478258,-0.1339198239873623
603336.SH,20250326,4.75,4.96,4.74,4.96,4.79,0.17,3.5491,279851.11,136549.369,0.040000000000000036,0.3099999999999996,0.54,4.848,4.839,4.8095,4.860885472245027,4.833449204063893,4.761713722354353,0.21999999999999975,0.17357142857142854,0.16999999999999993,0.0,0.06194584656888774,0.04467453014042411,1.3866032026341457,58.099444478400166,4.8083333333333345,4.713461538461538,4.821489656126777,4.72332636858104,0.098163287545737,0.10453548302983862,0.10065107936963086,-0.004975583647787718,0.2586724707946192
603336.SH,20250327,4.9,4.98,4.79,4.8,4.96,-0.16,-3.2258,216472.84,105441.206,-0.11000000000000032,0.2699999999999996,-0.0600000000000005,4.8260000000000005,4.866,4.8065,4.840590314830018,4.82736753059773,4.765360034511081,0.1900000000000004,0.17928571428571433,0.0,0.16000000000000014,0.05752114324253862,0.052912063701822394,1.087108292859072,52.086817755386924,4.819999999999999,4.731153846153846,4.818183555184196,4.729005896834296,0.08917765834990021,0.10624031629873591,0.09835639516568474,-0.01835747363156906,-0.22647139044758477
603336.SH,20250328,4.8,4.84,4.65,4.73,4.8,-0.07,-1.4583,147707.51,69750.019,-0.14999999999999947,0.09000000000000075,-0.17999999999999972,4.796,4.875,4.797499999999999,4.803726876553346,4.809664343216324,4.761992412176693,0.1899999999999995,0.1842857142857143,0.0,0.0699999999999994,0.05341249015378586,0.05413263058026361,0.9866967406025099,49.665191492853225,4.826666666666667,4.743461538461538,4.804616854386627,4.729079534105829,0.07553732028079718,0.10308577718945007,0.09379258018870724,-0.036510519815820125,-0.31766262224859243
603336.SH,20250331,4.65,4.69,4.4,4.51,4.73,-0.22,-4.6512,207327.39,93619.798,-0.1900000000000004,-0.5899999999999999,-0.5099999999999998,4.758,4.816000000000001,4.772,4.70581791770223,4.755179917176992,4.737993134826532,0.33000000000000007,0.1985714285714286,0.0,0.22000000000000064,0.04959731228565829,0.06598029982453055,0.7516988012718716,42.91256012312613,4.825,4.748461538461539,4.759291184480992,4.71285142046836,0.04643976401263217,0.09545090150907577,0.08432201695349224,-0.07576450588172015,0.4036347237862178
603336.SH,20250401,4.51,4.96,4.5,4.96,4.51,0.45,9.9778,408786.68,196752.462,0.16999999999999993,0.0,0.1200000000000001,4.792,4.816,4.7780000000000005,4.790545278468153,4.79241993223572,4.759136645795433,0.45999999999999996,0.2292857142857143,0.4500000000000002,0.0,0.07819750426525414,0.06126742126563551,1.2763309218812282,56.06965620035729,4.851666666666667,4.768461538461538,4.790169463791609,4.7311587226558895,0.05901074113571969,0.08873594431906213,0.07925976178993774,-0.040498041308436095,0.9716964555430904
603336.SH,20250402,5.08,5.14,4.89,5.04,4.96,0.08,1.6129,582280.61,290808.256,0.08000000000000007,0.1200000000000001,0.3099999999999996,4.808,4.828,4.7935,4.8736968523121025,4.837434490011043,4.785885536672058,0.25,0.23500000000000001,0.08000000000000007,0.0,0.07832625396059313,0.05689117688951868,1.3767733107842164,57.92615158279231,4.846666666666667,4.7942307692307695,4.8286049309005925,4.754035854311009,0.0745690765895839,0.08361596551539957,0.07832162474986698,-0.007505096320566174,0.42441189619974895
603336.SH,20250403,5.2,5.5,5.03,5.24,5.04,0.2,3.9683,770015.86,401387.675,0.4400000000000004,0.33000000000000007,0.5200000000000005,4.895999999999999,4.861,4.8195,4.995797901541402,4.910628219099944,4.829134533179482,0.46999999999999975,0.2592857142857143,0.20000000000000018,0.0,0.08701723582055078,0.052827521397410204,1.6471951270614917,62.2241673922222,4.87,4.825769230769231,4.891896479992809,4.790033198436119,0.10186328155668978,0.08184258080580194,0.08302995611123154,0.037666650890916475,0.3224137070269264
603336.SH,20250407,5.35,5.76,5.35,5.76,5.24,0.52,9.9237,901606.86,504840.083,1.0299999999999994,0.8799999999999999,1.0699999999999994,5.101999999999999,4.949,4.873,5.250531934360935,5.065059451990864,4.917788387162387,0.5199999999999996,0.2635714285714285,0.5199999999999996,0.0,0.11794457611908284,0.0490541270118809,2.4043762126378616,70.62604314153765,4.94,4.860384615384616,5.025450867686223,4.861882591144555,0.1635682765416675,0.08891587613177115,0.09913762019731873,0.12886131268869755,0.17089388262730068
603336.SH,20250408,5.98,6.34,5.52,6.34,5.76,0.58,10.0694,1023825.93,624935.272,1.83,1.6399999999999997,1.62,5.468,5.1129999999999995,4.954000000000001,5.613687956240623,5.296866824356162,5.053237112194541,0.8200000000000003,0.3092857142857143,0.5800000000000001,0.0,0.1509485349677198,0.04555026079674655,3.3138895876201295,76.81906363876882,5.059166666666666,4.915384615384616,5.227689195734496,4.971372769578291,0.25631642615620454,0.10718287024099243,0.1305733813890959,0.25148608953421725,0.13555694330009874
603336.SH,20250409,6.65,6.97,6.06,6.37,6.34,0.03,0.4732,1640740.49,1093256.166,1.4100000000000001,1.58,1.71,5.75,5.271,5.0395,5.8657919708270825,5.491981947200496,5.178643101509347,0.9100000000000001,0.3678571428571428,0.03000000000000025,0.0,0.14230935389859697,0.04229667073983608,3.3645521363591957,77.08814172090115,5.183333333333333,4.967307692307693,5.403429319467651,5.074974786646567,0.32845453282108394,0.13277078638269765,0.17014961167549353,0.31660984229118083,0.6025580539848213
603336.SH,20250410,5.73,6.54,5.73,6.14,6.37,-0.23,-3.6107,1273175.15,774684.398,1.0999999999999996,1.1799999999999997,1.4899999999999993,5.970000000000001,5.389,5.114000000000001,5.957194647218055,5.60980341134586,5.2702009013656,0.8099999999999996,0.41999999999999993,0.0,0.23000000000000043,0.13214440004869718,0.05570405140127639,2.3722583317462123,70.34628128616164,5.303333333333333,5.017307692307692,5.5167478857033965,5.153865543191265,0.3628823425121315,0.1631824179562789,0.20869615784282114,0.30837236933862067,-0.22402405635762673
603336.SH,20250411,5.81,5.86,5.53,5.54,6.14,-0.6,-9.772,1008664.5,571018.347,0.2999999999999998,0.7400000000000002,1.0099999999999998,6.029999999999999,5.463,5.164500000000001,5.818129764812037,5.597111882010248,5.295896053616495,0.6099999999999994,0.44857142857142845,0.0,0.5999999999999996,0.1227055143309331,0.09458233344404234,1.2973407386224962,56.471411350167934,5.365833333333334,5.048461538461539,5.52032513405672,5.182468095547468,0.3378570385092523,0.19232905331499614,0.2345283339761074,0.20665740906628982,-0.20775668610874154
603336.SH,20250414,5.4,5.8,5.4,5.71,5.54,0.17,3.0686,815961.25,458225.454,-0.04999999999999982,0.9799999999999995,1.0700000000000003,6.0200000000000005,5.561,5.218,5.782086509874691,5.61763699437202,5.335334524700638,0.39999999999999947,0.45785714285714274,0.16999999999999993,0.0,0.1260836918787236,0.0878264524837536,1.4356004177903796,58.942362109330816,5.428333333333334,5.086538461538462,5.549505882663378,5.221544532914322,0.32796134974905566,0.22360922950793208,0.2532149371306971,0.14949282523671714,-0.19104791533755774
603336.SH,20250415,5.62,5.84,5.51,5.74,5.71,0.03,0.5254,743206.67,422157.19,-0.5999999999999996,1.2300000000000004,0.6400000000000006,5.9,5.684,5.25,5.768057673249794,5.639884813577107,5.373874093776768,0.33000000000000007,0.46499999999999986,0.03000000000000025,0.0,0.11922057103024335,0.08155313444919977,1.4618760129263575,59.38057015262397,5.506666666666667,5.126923076923077,5.578812669945935,5.259948641587336,0.3188640283585995,0.25248181697714095,0.2663447553762776,0.10503854596464379,-0.08916425871939379
603336.SH,20250416,5.65,5.81,5.31,5.67,5.74,-0.07,-1.2195,720173.42,402193.228,-0.7000000000000002,0.71,0.71,5.760000000000001,5.755000000000001,5.2855,5.7353717821665295,5.645360302017633,5.402076561036123,0.5,0.4849999999999999,0.0,0.07000000000000028,0.11070481595665453,0.08072791055997124,1.3713326058948847,57.829618775784354,5.585,5.163461538461538,5.592841489954253,5.29032281628457,0.30251867366968277,0.27780954998604085,0.2735795390349587,0.05787826926944817,-0.03099171593817908
603336.SH,20250417,5.57,5.65,5.42,5.42,5.67,-0.25,-4.4092,479594.02,264697.535,-0.7199999999999998,0.3799999999999999,0.5,5.616000000000001,5.793000000000001,5.310499999999999,5.630247854777687,5.6043857016507905,5.40378355522316,0.25,0.48928571428571416,0.0,0.25,0.10279732910260778,0.09281877409140185,1.1075057832737556,52.55054539178437,5.660833333333334,5.192692307692307,5.566250491499753,5.299928533596825,0.2663219579029281,0.296082736246734,0.2721280228085526,-0.011612129811248928,-0.3340575940722722
603336.SH,20250418,5.33,5.38,5.06,5.07,5.42,-0.35,-6.4576,581845.58,299578.01,-0.46999999999999975,-0.16999999999999993,0.16000000000000014,5.522,5.776,5.3185,5.4434985698517915,5.50722466498701,5.371994645201907,0.3600000000000003,0.5014285714285713,0.0,0.34999999999999964,0.09545466273813578,0.1111888616563017,0.8584912311918236,46.19291265858088,5.670000000000001,5.208846153846154,5.4899042620382525,5.28289679036743,0.20700747167082234,0.30090931348330674,0.25910391258100657,-0.10419288182036845,0.21320440984647793
603336.SH,20250421,5.02,5.14,4.99,5.13,5.07,0.06,1.1834,330875.04,168151.67,-0.5800000000000001,-0.6299999999999999,0.25,5.406,5.713,5.331,5.338999046567862,5.438638362262099,5.348947536135059,0.14999999999999947,0.48857142857142843,0.05999999999999961,0.0,0.09292218682826892,0.103246800109423,0.9000006463133787,47.36843895604318,5.677500000000001,5.231923076923077,5.43453437557083,5.271571102192065,0.16296327337876448,0.29053674095248005,0.23987578474055815,-0.15382502272358733,-0.43133530377596063
603336.SH,20250422,5.09,5.23,5.07,5.21,5.13,0.08,1.5595,364110.31,187568.36,-0.5300000000000002,-1.13,0.5099999999999998,5.3,5.6,5.356499999999999,5.2959993643785745,5.397067750941717,5.335714437455529,0.16000000000000014,0.467142857142857,0.08000000000000007,0.0,0.09199917348339258,0.09587202867303565,0.9596039090520223,48.96927918031355,5.675,5.253846153846155,5.39999062548301,5.267010279807468,0.1329803456755423,0.2688173868251977,0.218496696927555,-0.1710327025040254,0.10044659155915786
603336.SH,20250423,5.12,5.24,5.1,5.1,5.21,-0.11,-2.1113,322354.04,165753.784,-0.5700000000000003,-1.2700000000000005,0.3099999999999996,5.186,5.473000000000001,5.371999999999999,5.23066624291905,5.343055432588677,5.313265443412146,0.14000000000000057,0.4592857142857142,0.0,0.11000000000000032,0.08542780394886454,0.09688116948210455,0.8817792395109803,46.858803678806076,5.62,5.253846153846154,5.353838221562547,5.254639147969877,0.09919907359266933,0.2395192458341463,0.19463717226057786,-0.19087619733581707,-0.11468027367860037
603336.SH,20250424,5.1,5.14,4.99,5.01,5.1,-0.09,-1.7647,266480.82,134509.498,-0.41000000000000014,-1.13,0.04999999999999982,5.103999999999999,5.359999999999999,5.374499999999999,5.1571108286127,5.282499899390736,5.284383020230036,0.14999999999999947,0.43642857142857133,0.0,0.08999999999999986,0.07932581795251707,0.09638965737623993,0.8229702243144491,45.14446880907983,5.509166666666666,5.255769230769231,5.300940033629847,5.236517729601738,0.06442230402810889,0.20913760866957481,0.1685941986140841,-0.2083437891719504,-0.17332874128085993
603336.SH,20250425,4.99,5.11,4.99,5.07,5.01,0.06,1.1976,236082.83,119625.523,0.0,-0.46999999999999975,0.27000000000000046,5.104,5.313,5.388,5.1280738857418005,5.243863554046965,5.263965589731938,0.1200000000000001,0.4078571428571428,0.0600000000000005,0.0,0.07794540238448018,0.08950468184936565,0.8708527953393603,46.54844023585476,5.400833333333334,5.261538461538462,5.265410797686794,5.224183082964572,0.041227714722221975,0.1772783158888155,0.1431209018357117,-0.20378637422697943,-0.11407196210218813
603336.SH,20250428,5.08,5.17,5.01,5.1,5.07,0.03,0.5917,249729.17,126933.472,-0.03000000000000025,-0.6100000000000003,0.3699999999999992,5.098000000000001,5.252,5.406499999999999,5.118715923827867,5.217706544220244,5.248349819281277,0.16000000000000014,0.36071428571428565,0.02999999999999936,0.0,0.0745207307855887,0.08311149028869667,0.8966357181989271,47.27506234304105,5.314166666666666,5.268846153846154,5.2399629826580565,5.214984336078307,0.024978646579749686,0.14462438458005444,0.1194924507845193,-0.18902760840953922,0.05780318712716222
603336.SH,20250429,5.1,5.15,5.05,5.13,5.1,0.03,0.5882,189428.43,96768.165,-0.08000000000000007,-0.6100000000000003,0.6200000000000001,5.082,5.191000000000001,5.4375,5.1224772825519125,5.201759899816563,5.237078407921155,0.10000000000000053,0.3028571428571428,0.03000000000000025,0.0,0.07134067858661809,0.07717495526807548,0.9244019428169229,48.03580386453941,5.28,5.2784615384615385,5.223045600710663,5.208689200072506,0.014356400638157574,0.1126063542432183,0.09846524075524696,-0.16821768023417877,-0.2414645433691227
603336.SH,20250430,5.13,5.24,5.09,5.2,5.13,0.07,1.3645,250166.38,129583.984,0.10000000000000053,-0.46999999999999975,0.2400000000000002,5.101999999999999,5.144,5.4495,5.148318188367942,5.201439918031733,5.233547130976283,0.15000000000000036,0.2557142857142857,0.07000000000000028,0.0,0.0712449158304311,0.07166245846321295,0.9941734816006041,49.85391144619175,5.2375,5.297692307692307,5.2195001236782534,5.20804555562269,0.011454568055563108,0.08428775537128885,0.0810631062153102,-0.13921707631949418,0.3206379844883897
603336.SH,20250506,5.2,5.29,5.2,5.28,5.2,0.08,1.5385,190150.46,99873.465,0.27000000000000046,-0.13999999999999968,0.2400000000000002,5.156000000000001,5.130000000000001,5.4615,5.192212125578629,5.2157235692986905,5.237971213740447,0.08999999999999986,0.2185714285714286,0.08000000000000007,0.0,0.07187027898540031,0.06654371143012631,1.0800461447189809,51.9241434840811,5.199166666666668,5.316538461538461,5.228807796958522,5.213375514465454,0.015432282493067717,0.06300162324042723,0.0679369414708617,-0.10500931795558796,-0.23990401907722378
603336.SH,20250507,5.29,5.41,5.23,5.39,5.28,0.11,2.0833,478358.69,254709.382,0.3199999999999994,0.3199999999999994,0.14999999999999947,5.220000000000001,5.162000000000001,5.468999999999999,5.258141417052419,5.247410193062565,5.252450145765167,0.17999999999999972,0.2028571428571429,0.10999999999999943,0.0,0.07459383048644311,0.061790589185117296,1.2072037420288844,54.69380642310847,5.175833333333334,5.333076923076923,5.253606597426442,5.226458809690236,0.027147787736206297,0.04791101372458743,0.05977911072393062,-0.06526264597544865,1.5156851579533386
603336.SH,20250508,5.34,5.53,5.25,5.5,5.39,0.11,2.0408,430240.09,232378.257,0.40000000000000036,0.3700000000000001,-0.2599999999999998,5.3,5.199,5.456,5.3387609447016136,5.293335612505735,5.27602632235896,0.28000000000000025,0.19928571428571434,0.11000000000000032,0.0,0.07712284259455433,0.057376975671894634,1.344142692978012,57.34048089326873,5.1825,5.359999999999999,5.291513274745451,5.246721120083552,0.04479215466189945,0.03811232583418267,0.056781719511524394,-0.023979129699249882,-0.10059104392981755
603336.SH,20250509,5.51,5.6,5.41,5.43,5.5,-0.07,-1.2727,379201.48,208474.55,0.2999999999999998,0.21999999999999975,-0.9100000000000001,5.36,5.221,5.410500000000001,5.3691739631344095,5.318183682959237,5.290690482134297,0.1899999999999995,0.17714285714285719,0.0,0.07000000000000028,0.07161406812351474,0.058278620266759326,1.2288222987386273,55.1332557752165,5.2125,5.386923076923077,5.3128189247846125,5.260297333410696,0.05252159137391654,0.03292593892098791,0.05592969388400283,-0.006816205020172578,-0.1186282059396186
603336.SH,20250512,5.38,5.47,5.29,5.43,5.43,0.0,0.0,294076.38,157976.135,0.22999999999999954,0.33000000000000007,-0.9400000000000004,5.406000000000001,5.2540000000000004,5.3635,5.389449308756273,5.3385139224211935,5.3039580552643635,0.17999999999999972,0.17214285714285715,0.0,-0.0,0.06649877754326369,0.054115861676276515,1.2288222987386273,55.1332557752165,5.2375,5.422307692307693,5.330846782510057,5.2728679013062,0.05797888120385686,0.03221000305162658,0.05633953134797364,0.0032786997117664335,-0.22448514705164122
603336.SH,20250513,5.44,5.49,5.33,5.34,5.43,-0.09,-1.6575,217355.76,117330.626,0.05999999999999961,0.33000000000000007,-0.7999999999999998,5.418,5.287000000000001,5.3235,5.372966205837516,5.338784118344613,5.307390621429662,0.16000000000000014,0.15785714285714286,0.0,0.08999999999999986,0.061748864861602006,0.05667901441368533,1.089448458135019,52.1404801297386,5.248333333333334,5.436923076923078,5.332254969816201,5.277840649357592,0.05441432045860939,0.03367518146678074,0.0559544891701008,-0.003080337422982818,-0.26088671249285644
603336.SH,20250514,5.35,5.37,5.3,5.34,5.34,0.0,0.0,160460.23,85664.185,-0.04999999999999982,0.2699999999999996,-0.20000000000000018,5.4079999999999995,5.314,5.3135,5.361977470558344,5.339005187736501,5.3104962765316,0.07000000000000028,0.1521428571428572,0.0,-0.0,0.057338231657201866,0.05263051338413638,1.0894484581350192,52.1404801297386,5.268333333333334,5.4484615384615385,5.333446512921402,5.282445045701474,0.05100146721992793,0.036566605982356094,0.054963884780066224,-0.007924835120276585,-0.2617622371728267
603336.SH,20250515,5.34,5.39,5.27,5.35,5.34,0.01,0.1873,186288.15,99519.409,-0.15000000000000036,0.25,-0.3600000000000003,5.378,5.339,5.2955,5.35798498037223,5.341004244511683,5.314258535909543,0.1200000000000001,0.14928571428571433,0.009999999999999787,0.0,0.053956929395973144,0.04887119099955521,1.104064138655107,52.47293171209181,5.296666666666668,5.452692307692307,5.335993203241186,5.2874491163902535,0.048544086850932366,0.040365237783775515,0.053679925194239454,-0.010271676686614176,0.1609615042929951
603336.SH,20250516,5.32,5.33,5.22,5.27,5.35,-0.08,-1.4953,137814.77,72947.257,-0.16000000000000014,0.13999999999999968,-0.47000000000000064,5.346,5.353,5.272,5.328656653581486,5.3280943818731945,5.310043437251491,0.1299999999999999,0.14857142857142858,0.0,0.08000000000000007,0.05010286301054649,0.051094677356729845,0.9805886953887827,49.509961238887946,5.3133333333333335,5.4338461538461535,5.325840402742542,5.286156589250235,0.03968381349230654,0.043501820610080344,0.05088070285385288,-0.022393778723092672,-0.26020645972382034
603336.SH,20250519,5.28,5.4,5.27,5.4,5.27,0.13,2.4668,169518.15,90659.154,-0.02999999999999936,0.20000000000000018,-0.2699999999999996,5.340000000000001,5.372999999999999,5.2585,5.352437769054324,5.341168130623522,5.318610728941826,0.13000000000000078,0.14714285714285724,0.13000000000000078,0.0,0.055809801366936085,0.04744505754553485,1.1763037975741364,54.05053278339764,5.338333333333335,5.397692307692309,5.337249571551381,5.294589434490959,0.042660137060422265,0.04652713778423085,0.04923658969516676,-0.013152905269488993,0.2300434126182557
603336.SH,20250520,5.41,5.69,5.38,5.59,5.4,0.19,3.5185,365895.22,203696.92,0.25,0.3099999999999996,0.16999999999999993,5.39,5.403999999999999,5.2669999999999995,5.43162517936955,5.386410288691973,5.344457326185462,0.3100000000000005,0.16071428571428584,0.1899999999999995,0.0,0.06539481555501205,0.04405612486371093,1.4843524199487144,59.74806183010688,5.376666666666666,5.367692307692308,5.376134252851169,5.31647169860274,0.05966255424842881,0.05013988961892224,0.05132178260581917,0.016681543285219286,1.1584427390223406
603336.SH,20250521,5.55,5.6,5.47,5.48,5.59,-0.11,-1.9678,182788.11,100864.553,0.14000000000000057,0.09000000000000075,0.41000000000000014,5.418,5.413000000000001,5.2875,5.4477501195797,5.403426599838887,5.357366152263037,0.1299999999999999,0.15857142857142867,0.0,0.10999999999999943,0.06072375730108261,0.04876640165916011,1.2451965950962567,55.46047049135455,5.3999999999999995,5.342307692307691,5.3921135985663735,5.328584906113648,0.06352869245272519,0.052221727151236214,0.053763164575200376,0.019531055755049626,-0.5004359171458976
603336.SH,20250522,5.45,5.68,5.41,5.48,5.48,0.0,0.0,230716.58,127118.075,0.13000000000000078,-0.019999999999999574,0.35000000000000053,5.444,5.411,5.3050000000000015,5.4585000797198004,5.4173490362318155,5.369045566333224,0.2699999999999996,0.17071428571428576,0.0,-0.0,0.05638634606529099,0.04528308725493439,1.2451965950962565,55.46047049135455,5.416666666666667,5.339999999999999,5.405634583402316,5.339800838994119,0.06583374440819689,0.05370085526615625,0.056177280541799685,0.019312927732794416,0.26220780990623516
603336.SH,20250523,5.51,5.51,5.33,5.36,5.48,-0.12,-2.1898,169166.88,91380.328,0.09000000000000075,-0.0699999999999994,0.15000000000000036,5.462,5.404000000000001,5.312500000000001,5.425666719813201,5.406921938735121,5.368184083825298,0.17999999999999972,0.17285714285714285,0.0,0.1200000000000001,0.05235874991777021,0.05062000959386766,1.0343488738515212,50.84422279514158,5.4141666666666675,5.326538461538462,5.398613878263498,5.3412970731427025,0.05731680512079507,0.05362729125692716,0.05640518545759876,0.0018232393263926117,-0.2667762325533778
603336.SH,20250526,5.34,5.65,5.32,5.53,5.36,0.17,3.1716,247451.48,136666.9,0.1299999999999999,0.10000000000000053,0.4300000000000006,5.488,5.414,5.3340000000000005,5.460444479875468,5.4292997680560084,5.383595123460983,0.33000000000000007,0.19,0.16999999999999993,0.0,0.06076169635221519,0.047004294622877106,1.2926839311113143,56.382997829304884,5.416666666666667,5.318461538461539,5.418827127761421,5.355275067724725,0.06355206003669611,0.05464259565449235,0.057834560373418234,0.011434999326555756,0.46276552478830374
603336.SH,20250527,5.5,5.83,5.5,5.76,5.53,0.23,4.1591,415053.01,236095.688,0.16999999999999993,0.41999999999999993,0.75,5.522,5.4559999999999995,5.3715,5.560296319916979,5.489427082954915,5.41944320694089,0.33000000000000007,0.20071428571428576,0.22999999999999954,0.0,0.07285014661277121,0.04364684500695731,1.669081616349564,62.533929503149665,5.444166666666668,5.321923076923076,5.471315261951972,5.385254692337709,0.08606056961426312,0.05853805147608515,0.06347976222158722,0.0451616147853518,0.6773106792491198
603336.SH,20250528,5.75,5.78,5.64,5.75,5.76,-0.01,-0.1736,246833.35,140710.613,0.2699999999999996,0.41000000000000014,0.6799999999999997,5.5760000000000005,5.497,5.405500000000001,5.623530879944653,5.536803976963112,5.450924806279853,0.14000000000000057,0.19071428571428578,0.0,0.009999999999999787,0.06764656471185898,0.04124349893503178,1.6401752144845483,62.12372593630177,5.470833333333334,5.334615384615384,5.514189837036284,5.412272863275656,0.1019169737606278,0.06446837224382909,0.07116720452939534,0.06149953846246492,-0.40529680774993054
603336.SH,20250529,5.74,5.86,5.61,5.82,5.75,0.07,1.2174,263501.79,152671.871,0.33999999999999986,0.47000000000000064,0.7200000000000006,5.644,5.5440000000000005,5.4415000000000004,5.689020586629769,5.588294162969819,5.486074824729391,0.25,0.1950000000000001,0.07000000000000028,0.0,0.06781466723244049,0.038297534725386655,1.770731920963245,63.908453487180026,5.510833333333333,5.363461538461538,5.5612375544153165,5.442474873403385,0.11876268101193155,0.07325491307934298,0.08068629982590259,0.07615276237205792,0.06752912440721634
603336.SH,20250530,5.88,5.95,5.76,5.9,5.82,0.08,1.3746,314169.95,184139.256,0.54,0.6300000000000008,0.7700000000000005,5.752,5.607,5.480000000000001,5.75934705775318,5.64496795152076,5.525496269993258,0.1900000000000004,0.19571428571428587,0.08000000000000007,0.0,0.06868504814440904,0.03556199653071618,1.9314170981677952,65.88680605618956,5.5575,5.393076923076923,5.613354853736038,5.4763656235216525,0.13698923021438514,0.0837359234297833,0.09194688590359909,0.0900846886215721,0.1922877260150682
603336.SH,20250603,5.9,6.06,5.85,5.98,5.9,0.08,1.3559,311597.56,186075.638,0.4500000000000002,0.5800000000000001,0.7800000000000002,5.842,5.664999999999999,5.519,5.832898038502121,5.705882869426077,5.5687823395177105,0.20999999999999996,0.19928571428571443,0.08000000000000007,0.0,0.06949325899123697,0.03302185392137931,2.104462673618849,67.78830654020048,5.61,5.422692307692308,5.669761799315109,5.51367187363116,0.15608992568394875,0.09445007581150773,0.10477549385966903,0.10262886364855944,-0.008187893208755369
603336.SH,20250604,5.94,6.01,5.76,6.0,5.98,0.02,0.3344,277059.4,163941.816,0.2400000000000002,0.41000000000000014,0.7199999999999998,5.89,5.706,5.555000000000001,5.888598692334748,5.759358711348608,5.609850688135071,0.25,0.21214285714285724,0.019999999999999574,0.0,0.06595802620614859,0.030663150069852214,2.1510518670095164,68.2645655417585,5.670833333333333,5.457307692307693,5.720567676343554,5.549696179288111,0.17087149705544213,0.1063770541006985,0.11799469449882366,0.10575360511323695,-0.11084220300056256
603336.SH,20250605,5.98,6.11,5.94,6.06,6.0,0.06,1.0,248516.86,149771.696,0.3099999999999996,0.5799999999999992,0.6699999999999999,5.952,5.764,5.588500000000001,5.945732461556498,5.814020763830679,5.652722051169826,0.16999999999999993,0.2157142857142858,0.05999999999999961,0.0,0.06553245290570937,0.02847292506486277,2.3015707995024437,69.7113870721566,5.725833333333333,5.497692307692308,5.77278803382916,5.587496462303807,0.18529157152535358,0.1196501460026048,0.13145406990412967,0.10767500324244783,-0.1030195690887948
603336.SH,20250606,6.0,6.33,6.0,6.24,6.06,0.18,2.9703,312164.82,192315.623,0.41999999999999993,0.7599999999999998,0.7400000000000002,6.036,5.840000000000001,5.625500000000001,6.043821641037666,5.891471534043283,5.7086532843917475,0.33000000000000007,0.23000000000000012,0.1800000000000006,0.0,0.07370870626958732,0.02643914470308686,2.787862735248829,73.5998881191161,5.78,5.542692307692308,5.844666797855443,5.63583005768871,0.20883674016673304,0.13648569434104235,0.14693060395665036,0.12381227242016535,0.256111235269913
603336.SH,20250616,6.86,6.86,6.18,6.85,6.24,0.61,9.7756,1056849.07,703620.84,0.9499999999999993,1.4899999999999993,1.42,6.226000000000001,5.989,5.6964999999999995,6.3125477606917775,6.065749436944503,5.817352971592534,0.6800000000000006,0.2692857142857144,0.6099999999999994,0.0,0.11201522725033104,0.024550634367152085,4.56262048365657,82.02286129463477,5.894166666666667,5.61,5.9993334443392206,5.72576857193399,0.2735648724052302,0.1598204512708795,0.17225745764636632,0.20261482951772775,2.385548281833936
603336.SH,20250617,6.73,7.54,6.6,7.17,6.85,0.32,4.6715,1007925.5,734714.503,1.1899999999999995,1.6399999999999997,1.7400000000000002,6.464,6.1530000000000005,5.7835,6.598365173794519,6.266522266590957,5.946176498107532,0.9400000000000004,0.3142857142857144,0.3200000000000003,0.0,0.12687128244673598,0.02279701762664122,5.565257900159305,84.76830590347814,6.035,5.688461538461538,6.179435991363956,5.832748677716658,0.34668731364729766,0.1887789783856611,0.2071434288465526,0.2790877696014901,-0.04629191753937018
603336.SH,20250618,6.88,7.02,6.49,6.52,7.17,-0.65,-9.0656,824482.81,549659.646,0.5199999999999996,0.7599999999999998,1.1799999999999997,6.5680000000000005,6.229000000000001,5.842499999999999,6.572243449196346,6.3126091272107825,6.000826355430624,0.6799999999999997,0.35357142857142865,0.0,0.6500000000000004,0.11780904798625484,0.06759723065330973,1.7428087933138812,63.54102398834033,6.131666666666667,5.739230769230769,6.231830454231039,5.88365618307098,0.34817427116005906,0.21614090031893124,0.23534959730925392,0.22564934770161027,-0.18200024704206805
603336.SH,20250619,6.46,6.58,6.05,6.08,6.52,-0.44,-6.7485,500133.51,311002.449,0.020000000000000462,0.33000000000000007,0.7400000000000002,6.572,6.2620000000000005,5.879499999999999,6.408162299464231,6.2703165586270035,6.008366702532468,0.5300000000000002,0.3721428571428573,0.0,0.4399999999999995,0.10939411598723663,0.09419742846378758,1.16132805078953,53.73215095067584,6.177500000000001,5.770000000000001,6.208471922810879,5.898200169510167,0.3102717533007118,0.23741968612879571,0.2503340285075455,0.11987544958633256,-0.39339728623329334
603336.SH,20250620,6.12,6.27,6.03,6.03,6.08,-0.05,-0.8224,272615.7,167701.899,-0.20999999999999996,0.20999999999999996,0.6800000000000006,6.529999999999999,6.2829999999999995,5.9135,6.282108199642821,6.2266226388766395,6.010427016576996,0.23999999999999932,0.3764285714285715,0.0,0.04999999999999982,0.10158025055957687,0.09104046928780274,1.1157702871505981,52.73588980461843,6.2,5.794615384615385,6.1810147039168974,5.907963119916821,0.27305158400007645,0.252537725438317,0.2548775396060517,0.036348088788049515,-0.454914148823981
603336.SH,20250623,6.01,6.21,6.01,6.21,6.03,0.18,2.9851,266512.29,163194.459,-0.6399999999999997,0.3099999999999996,0.9400000000000004,6.401999999999999,6.314,5.9605,6.258072133095215,6.223600340899068,6.029433967379187,0.20000000000000018,0.36714285714285727,0.17999999999999972,0.0,0.10718166123389279,0.08453757862438827,1.2678581877784223,55.90553212766831,6.238333333333333,5.821923076923077,6.185473980237375,5.930336222145205,0.2551377580921699,0.2635430401503415,0.2549295833032753,0.0004163495777891324,-0.022388329065420782
603336.SH,20250624,6.17,6.44,6.09,6.32,6.21,0.11,1.7713,266886.27,167422.254,-0.8499999999999996,0.33999999999999986,0.9199999999999999,6.232,6.348,6.0065,6.278714755396811,6.241127551644692,6.057106922866883,0.35000000000000053,0.3685714285714287,0.11000000000000032,0.0,0.10738297114575761,0.07849918015121768,1.3679502249437427,57.76938258810919,6.2799999999999985,5.8561538461538465,6.206170290970086,5.959200205690005,0.2469700852800818,0.27199843884196817,0.25333768369863663,-0.012735196837109664,0.0014032373516434818
603336.SH,20250625,6.61,6.8,6.15,6.2,6.32,-0.12,-1.8987,501444.99,318525.511,-0.3199999999999994,0.20000000000000018,0.6100000000000003,6.168,6.368,6.037,6.252476503597874,6.233649814982021,6.07071578735575,0.6499999999999995,0.4050000000000001,0.0,0.1200000000000001,0.09971275892106064,0.08146352442613071,1.2240172472709296,55.03631991941202,6.305000000000001,5.885769230769229,6.205221015436227,5.9770372274907455,0.22818378794548178,0.27676424066642685,0.24830690454800566,-0.04024623320504778,0.8788714383845971
603336.SH,20250626,6.05,6.12,5.9,6.01,6.2,-0.19,-3.0645,352901.76,212439.688,-0.07000000000000028,-0.04999999999999982,0.5299999999999994,6.154000000000001,6.363,6.0635,6.171651002398583,6.192986212258017,6.064933331417108,0.2999999999999998,0.40857142857142864,0.0,0.1900000000000004,0.09259041899812774,0.08921612982426426,1.037821514792337,50.92798889691258,6.3075,5.911538461538461,6.175187013061423,5.979478914343282,0.195708098718141,0.2753055027276944,0.23778714338203275,-0.08415808932778351,-0.2962303601836763
603336.SH,20250627,6.0,6.02,5.93,6.01,6.01,0.0,0.0,178846.41,107085.757,-0.020000000000000462,-0.23000000000000043,0.5299999999999994,6.15,6.339999999999999,6.090000000000002,6.117767334932389,6.1597159918474675,6.0597015855678595,0.08999999999999986,0.4014285714285714,0.0,-0.0,0.08597681764111861,0.0828435491225311,1.037821514792337,50.92798889691258,6.308333333333334,5.937307692307693,6.149773626436589,5.981739735503039,0.16803389093355037,0.26357983811972996,0.2238364928923363,-0.11160520391757184,-0.4932119069057632
603336.SH,20250630,5.95,6.07,5.95,6.04,6.01,0.03,0.4992,145490.82,87787.488,-0.16999999999999993,-0.8099999999999996,0.6799999999999997,6.116,6.2589999999999995,6.1240000000000006,6.091844889954926,6.137949447875201,6.0578252440852065,0.1200000000000001,0.395,0.03000000000000025,0.0,0.08197847352389587,0.07692615275663603,1.065677543802865,51.58973369294498,6.3066666666666675,5.963846153846154,6.132885376215576,5.986055310650962,0.14683006556461375,0.24137347722165398,0.20843520742679178,-0.12321028372435605,-0.18650410707153695
603336.SH,20250701,6.02,6.2,6.02,6.09,6.04,0.05,0.8278,188080.26,114832.649,-0.23000000000000043,-1.08,0.5599999999999996,6.069999999999999,6.150999999999999,6.152000000000002,6.091229926636618,6.129231366443346,6.060889506553282,0.1800000000000006,0.39000000000000007,0.04999999999999982,0.0,0.07969429684361759,0.07143142755973345,1.1156755445909918,52.733773259485176,6.2941666666666665,5.995384615384615,6.126287626028565,5.99375491726941,0.1325327087591548,0.2174133036215535,0.1932547076932644,-0.12144399786821919,0.29272939694751876
603336.SH,20250702,6.07,6.4,6.04,6.27,6.09,0.18,2.9557,390133.21,244851.22,0.0699999999999994,-0.25,0.5099999999999998,6.084,6.126,6.1775,6.150819951091079,6.154825663453646,6.080804791643446,0.3600000000000003,0.40357142857142864,0.17999999999999972,0.0,0.08685898992621631,0.06632918273403819,1.3095139476464983,56.700846036498454,6.245833333333333,6.028846153846155,6.148397222024171,6.014217515990194,0.13417970603397666,0.19784752059191626,0.18143970736140685,-0.09452000265486038,1.0742911031705293
603336.SH,20250703,6.28,6.34,6.17,6.28,6.27,0.01,0.1595,244607.39,153278.596,0.27000000000000046,0.20000000000000018,0.5300000000000002,6.138,6.145999999999999,6.204000000000001,6.193879967394054,6.1775846337348,6.099775763867879,0.16999999999999993,0.39214285714285724,0.010000000000000675,0.0,0.08136906207434377,0.061591383967321174,1.3211111170600767,56.91718536652387,6.171666666666666,6.055384615384616,6.168643803251221,6.033905107398328,0.1347386958528931,0.1824794219088959,0.17209950505970412,-0.07472161841362202,-0.3730157194256803
603336.SH,20250704,6.27,6.32,6.1,6.1,6.28,-0.18,-2.8662,205717.89,126900.197,0.08999999999999986,0.0699999999999994,0.27999999999999936,6.156000000000001,6.1530000000000005,6.218,6.16258664492937,6.163478336692109,6.099797119689986,0.22000000000000064,0.3592857142857144,0.0,0.1800000000000006,0.07555698621189065,0.0700491422553697,1.0786282855033638,51.891350321068174,6.136666666666667,6.07923076923077,6.158083218135649,6.038801025368822,0.11928219276682661,0.16738435909496888,0.16153604260112864,-0.08450769966860405,-0.15898742879354544
603336.SH,20250707,6.22,6.46,6.18,6.4,6.1,0.3,4.918,339338.34,215157.89,0.3600000000000003,0.1900000000000004,0.5,6.228,6.172,6.243,6.241724429952914,6.206482275475362,6.128387870195702,0.3600000000000003,0.31785714285714295,0.3000000000000007,0.0,0.09158863005389851,0.06504563209427187,1.4080673383442162,58.472922078350244,6.163333333333333,6.114615384615385,6.195301184576318,6.0655565049711315,0.12974467960518687,0.15435931401998054,0.15517777000194027,-0.0508661807935068,0.6495324738164484
603336.SH,20250708,6.36,6.42,6.28,6.38,6.4,-0.02,-0.3125,241385.27,153051.804,0.29000000000000004,0.05999999999999961,0.39999999999999947,6.286,6.178,6.263,6.287816286635277,6.238030952661659,6.1523509301770645,0.13999999999999968,0.27928571428571436,0.0,0.020000000000000462,0.08504658505004861,0.06182808694468106,1.375533180027738,57.90418721963195,6.1925,6.153846153846154,6.223716386949192,6.088848615714011,0.13486777123518134,0.14399086771883607,0.1511157702485885,-0.0324959980268143,-0.2886590121234165
603336.SH,20250709,6.35,6.36,6.2,6.22,6.38,-0.16,-2.5078,216717.94,135947.823,-0.04999999999999982,0.019999999999999574,0.21999999999999975,6.276,6.180000000000001,6.273999999999999,6.265210857756852,6.234752597632266,6.15879369873163,0.17999999999999972,0.25428571428571434,0.0,0.16000000000000014,0.07897182897504515,0.06884036644863242,1.1471732799965941,53.427140263146974,6.1933333333333325,6.180384615384615,6.223144635110854,6.098563533068528,0.12458110204232575,0.13608786808818993,0.14580883660733596,-0.04245546913002041,-0.10219070119730167
603336.SH,20250710,6.23,6.25,6.13,6.22,6.22,0.0,0.0,145725.27,90177.811,-0.0600000000000005,0.20999999999999996,0.16000000000000014,6.263999999999999,6.201,6.281999999999999,6.2501405718379015,6.232070307153672,6.164622870280999,0.1200000000000001,0.2457142857142858,0.0,-0.0,0.0733309840482562,0.06392319741658725,1.1471732799965941,53.427140263146974,6.185,6.198076923076922,6.222660845093799,6.107558826915303,0.11510201817849541,0.1302065488931838,0.13966747292156784,-0.04913090948614485,-0.3275809561497309
603336.SH,20250711,6.2,6.26,6.15,6.21,6.22,-0.01,-0.1608,144081.51,89341.59,0.11000000000000032,0.20000000000000018,-0.03000000000000025,6.286,6.221,6.280499999999999,6.2367603812252685,6.2280575240348215,6.168944501682809,0.10999999999999943,0.23928571428571432,0.0,0.009999999999999787,0.06809305661623791,0.060071540458259576,1.1335327194339564,53.12938063282628,6.185833333333334,6.215769230769231,6.220713022771676,6.115147061958615,0.10556596081306147,0.12562164836523357,0.13284717049986658,-0.05456241937361023,-0.011279855580298327
603336.SH,20250714,6.21,6.52,6.17,6.42,6.21,0.21,3.3816,311962.6,198582.565,0.019999999999999574,0.3799999999999999,-0.4299999999999997,6.290000000000001,6.2589999999999995,6.2589999999999995,6.297840254150179,6.26295615602849,6.192854549141589,0.34999999999999964,0.23928571428571427,0.20999999999999996,0.0,0.07822926685793519,0.05578071613981246,1.4024428560912736,58.37570090524525,6.22,6.238846153846153,6.25137255772988,6.137728761072791,0.11364379665708935,0.12352288035389296,0.12900649573131115,-0.030725398148443606,1.165181361577901
603336.SH,20250715,6.41,6.83,6.4,6.71,6.42,0.29,4.5171,494006.17,329104.184,0.33000000000000007,0.6200000000000001,-0.45999999999999996,6.356,6.321,6.235999999999999,6.43522683610012,6.3442368549324,6.24210649684239,0.4299999999999997,0.22357142857142856,0.29000000000000004,0.0,0.0933557477966541,0.051796379272683,1.8023604952226688,64.31579728215722,6.278333333333332,6.27,6.3219306257714365,6.180119223215547,0.14181140255588964,0.12437084663410551,0.13156747709622685,0.02048785091932559,0.5835429311077674
603336.SH,20250716,6.71,7.01,6.65,6.88,6.71,0.17,2.5335,391088.71,268253.049,0.6600000000000001,0.6100000000000003,0.3600000000000003,6.488000000000001,6.382000000000001,6.254,6.58348455740008,6.441648335853781,6.302858259047877,0.35999999999999943,0.2278571428571428,0.16999999999999993,0.0,0.09883033723975024,0.048096637896062784,2.054828394727369,67.26493698546213,6.348333333333333,6.304615384615384,6.407787452575831,6.231962243718099,0.17582520885773167,0.12893601474575422,0.1404190234485278,0.07081237081840774,-0.20833233722566658
603336.SH,20250717,6.85,7.16,6.82,7.14,6.88,0.26,3.7791,325517.81,230109.774,0.9199999999999999,0.8599999999999994,1.0599999999999996,6.672,6.467999999999999,6.307,6.768989704933388,6.568621365698547,6.38258604390046,0.33999999999999986,0.2457142857142857,0.2599999999999998,0.0,0.11034245600833949,0.04466116376062973,2.470657876264522,71.18701884046541,6.435833333333334,6.348461538461539,6.520435536794933,6.299224299738981,0.22121123705595203,0.14026146411121262,0.15657746617001264,0.12926754177187877,-0.16766247228154457
603336.SH,20250718,7.1,7.14,6.93,7.02,7.14,-0.12,-1.6807,268422.68,188212.352,0.8099999999999996,0.9199999999999999,0.9899999999999993,6.8340000000000005,6.56,6.3565,6.852659803288925,6.650690208298811,6.4432921349575585,0.20999999999999996,0.2521428571428571,0.0,0.1200000000000001,0.10246085200774381,0.050042509206299046,2.047476308299238,67.18596311063403,6.498333333333334,6.3853846153846145,6.597291608057251,6.3526150923509075,0.24467651570634352,0.15303166812245225,0.17419727607727883,0.14095847925812938,-0.1753978683992744
603336.SH,20250721,7.1,7.4,6.97,7.33,7.02,0.31,4.416,274967.25,199353.202,0.9100000000000001,0.9299999999999997,1.12,7.016,6.6530000000000005,6.4125,7.011773202192617,6.7742010795172085,6.5277405030568385,0.4300000000000006,0.26999999999999996,0.3100000000000005,0.0,0.11728507686433357,0.04646804426299197,2.523994257226393,71.62310926161771,6.5858333333333325,6.427307692307693,6.710015976048443,6.425013974398988,0.2850020016494552,0.16971324927959378,0.19635822119171412,0.1772875609154822,0.024381583553222876
603336.SH,20250722,7.3,7.4,7.17,7.38,7.33,0.05,0.6821,217272.38,158955.346,0.6699999999999999,1.0,1.0599999999999996,7.15,6.753,6.4655000000000005,7.134515468128412,6.884346337786806,6.608908074194282,0.23000000000000043,0.2607142857142857,0.04999999999999982,0.0,0.11247899994545259,0.043148898244206826,2.6067641242857,72.27431665778687,6.692499999999999,6.447692307692308,6.8130904412717594,6.495753679999063,0.3173367612726965,0.19113054474963498,0.22055392920791062,0.19356566412957177,-0.20982451546502354
603336.SH,20250723,7.34,7.4,6.92,7.02,7.38,-0.36,-4.878,428239.82,304974.171,0.13999999999999968,0.7999999999999998,0.8199999999999994,7.178,6.833,6.5065,7.0963436454189415,6.909010640007387,6.648059686175779,0.4800000000000004,0.28285714285714286,0.0,0.3600000000000003,0.10444478566363455,0.06578111979819208,1.5877623546704216,61.356575181828845,6.744166666666666,6.441923076923077,6.844922681076104,6.534586740739873,0.31033594033623135,0.21282320276716118,0.23851033143357475,0.1436512178053132,0.9709814013175535
603336.SH,20250724,7.01,7.72,7.01,7.72,7.02,0.7,9.9715,277817.33,204763.329,0.5800000000000001,1.5,1.71,7.294,6.983,6.5920000000000005,7.304229096945962,7.056463250915134,6.750149239873324,0.71,0.3178571428571428,0.7000000000000002,0.0,0.1469844438305178,0.061082468384035506,2.4063278338131733,70.64287265384665,6.855833333333333,6.488076923076923,6.97954996091055,6.622395130314697,0.35715483059585296,0.2407775216319158,0.2622392312660304,0.18983119865964515,-0.3512575967363334
603336.SH,20250725,7.7,7.98,7.38,7.52,7.72,-0.2,-2.5907,493513.87,372365.911,0.5,1.3099999999999996,1.5099999999999998,7.394,7.114,6.6674999999999995,7.376152731297308,7.140742659839654,6.823468359885389,0.6000000000000005,0.33499999999999996,0.0,0.20000000000000018,0.13648555498548082,0.07100514921374727,1.9221923550166402,65.77911791866605,6.964166666666666,6.543461538461539,7.062696120770465,6.688884379921015,0.37381174084944924,0.2696850709866225,0.28455373318271415,0.17851601533347017,0.7763969943847634
603336.SH,20250728,7.6,7.94,7.38,7.44,7.52,-0.08,-1.0638,416552.17,317079.659,0.11000000000000032,1.0200000000000005,1.4000000000000004,7.4159999999999995,7.215999999999999,6.7375,7.397435154198206,7.195153085323353,6.882185658943923,0.5600000000000005,0.36500000000000005,0.0,0.07999999999999918,0.12673658677223218,0.07164763855562241,1.768887144463839,63.88440742341495,7.065833333333333,6.597692307692308,7.120742871421163,6.74452257400094,0.37622029742022267,0.29573050374932613,0.3028870460302159,0.14666650278001359,-0.15594637694782523
603336.SH,20250729,7.49,7.55,7.28,7.37,7.44,-0.07,-0.9409,238923.3,175223.504,-0.009999999999999787,0.6600000000000001,1.2800000000000002,7.414,7.281999999999999,6.8015,7.388290102798804,7.22694343344638,6.928644167615931,0.2699999999999996,0.37142857142857144,0.0,0.07000000000000028,0.11768397343135846,0.0715299500873637,1.6452405361338036,62.196254505400596,7.1625000000000005,6.642307692307692,7.159090121971753,6.790854235186055,0.36823588678569763,0.31710946796354456,0.3159568141813123,0.10455814520877071,-0.4264264665816049
603336.SH,20250730,7.3,7.42,7.27,7.27,7.37,-0.1,-1.3569,178442.52,130868.579,0.25,0.3899999999999997,1.0,7.464,7.321,6.8515,7.348860068532536,7.2347719000924915,6.9611542468906045,0.15000000000000036,0.3735714285714286,0.0,0.10000000000000053,0.10927797532911857,0.07356352508112347,1.4854912840107968,59.76650546179682,7.233333333333333,6.678846153846154,7.176153180129944,6.8263465140611626,0.3498066660687815,0.33139784896497004,0.32272678455880616,0.054159763019950735,-0.25313889436484427
603336.SH,20250731,7.27,7.45,7.19,7.29,7.27,0.02,0.2751,179801.98,131795.88,-0.4299999999999997,0.15000000000000036,1.0099999999999998,7.378,7.336,6.901999999999999,7.3292400456883575,7.244813372802947,6.99247289004388,0.2599999999999998,0.38428571428571434,0.020000000000000462,0.0,0.10290097709132441,0.06830898757532894,1.5064046583599053,60.10221267884327,7.281666666666666,6.720769230769231,7.1936680754945685,6.860691216723299,0.3329768587712696,0.3412089981944063,0.3247767994012989,0.016400118739941405,0.00761847568617626
603336.SH,20250801,7.27,7.67,7.27,7.45,7.29,0.16,2.1948,349838.98,263053.553,-0.0699999999999994,0.4300000000000006,1.3500000000000005,7.364,7.3790000000000004,6.969499999999999,7.369493363792239,7.28212003229332,7.036046900515891,0.40000000000000036,0.38785714285714296,0.16000000000000014,0.0,0.10697947872765838,0.06342977417709116,1.6865814219829907,62.777975317722145,7.329166666666667,6.7761538461538455,7.233103756187712,6.90434371918824,0.32876003699947187,0.34607100212218594,0.32557344692093354,0.006373180157076663,0.9456903644776323
603336.SH,20250804,7.35,7.6,7.32,7.4,7.45,-0.05,-0.6711,189399.42,140874.889,-0.040000000000000036,0.07000000000000028,1.0,7.356,7.386,7.019500000000001,7.37966224252816,7.303552753694534,7.070709100466758,0.27999999999999936,0.3771428571428572,0.0,0.04999999999999982,0.0993380873899685,0.0624705045930132,1.5901598368244751,61.39234398653962,7.350833333333334,6.829615384615384,7.258780101389603,6.941058999248371,0.31772110214123206,0.34611370666313435,0.3240029779649933,-0.012563751647522436,-0.458609729539001
603336.SH,20250805,7.45,7.7,7.35,7.56,7.4,0.16,2.1622,233631.23,175421.233,0.1899999999999995,0.17999999999999972,1.1799999999999997,7.394,7.404000000000001,7.0785,7.439774828352107,7.3501795257500735,7.117308233755638,0.35000000000000053,0.3764285714285716,0.15999999999999925,0.0,0.10367108114782783,0.058008325693512254,1.7871758908466924,64.12138884797047,7.395833333333335,6.888076923076923,7.305121624252742,6.986906480785528,0.3182151434672136,0.3469891736776879,0.32284541106543735,-0.009260535196447539,0.23353719879395615
603336.SH,20250806,7.57,7.57,7.41,7.54,7.56,-0.02,-0.2646,152534.14,114091.279,0.27000000000000046,0.5200000000000005,1.3200000000000003,7.448,7.456,7.144499999999999,7.473183218901404,7.384692339250059,7.157564592445577,0.16000000000000014,0.36357142857142877,0.0,0.019999999999999574,0.09626600392298298,0.055293445286832776,1.741002092085355,63.51699245733885,7.413333333333334,6.943846153846153,7.341256758983089,7.027876371097711,0.3133803878853785,0.3421253467098574,0.32095240642942563,-0.015144037088094309,-0.3471157944081362
603336.SH,20250807,7.5,7.74,7.47,7.57,7.54,0.03,0.3979,163401.87,124402.911,0.28000000000000025,-0.14999999999999947,1.3500000000000005,7.504,7.441,7.211999999999999,7.505455479267604,7.418384641204593,7.196844155069808,0.27000000000000046,0.36785714285714305,0.03000000000000025,0.0,0.0915327179284842,0.051343913480630436,1.7827374604589705,64.06416292555802,7.429166666666667,6.993846153846153,7.376448026831845,7.068033676942325,0.30841434988952,0.3348589699365319,0.3184447951214445,-0.020060890463849068,0.07124785310357393
603336.SH,20250808,7.58,8.18,7.54,8.0,7.57,0.43,5.6803,393226.22,310749.958,0.5499999999999998,0.4800000000000004,1.79,7.614,7.489,7.3015,7.670303652845069,7.524132888258302,7.273335187920303,0.6399999999999997,0.382857142857143,0.4299999999999997,0.0,0.11570895236216387,0.047676491089156836,2.426960326123493,70.8196213309776,7.510833333333333,7.0600000000000005,7.472379099626946,7.1370682193910415,0.3353108802359044,0.33031347913827436,0.32181801214433653,0.02698573618313571,1.4064976734966375
603336.SH,20250811,7.97,8.23,7.91,8.14,8.0,0.14,1.75,271824.22,219261.682,0.7400000000000002,0.7000000000000002,1.7200000000000006,7.7620000000000005,7.559,7.3875,7.826869101896714,7.636108726756793,7.355874693832655,0.3200000000000003,0.3892857142857144,0.14000000000000057,0.0,0.11744402719343792,0.044271027439931346,2.6528416886820745,72.62405312832502,7.545833333333333,7.138461538461537,7.575090007376646,7.211359462399113,0.36373054497753365,0.3298128856040339,0.330200518710976,0.06706005253311531,-0.30873322740279124
603336.SH,20250812,8.22,8.53,8.14,8.2,8.14,0.06,0.7371,343178.02,285061.399,0.6399999999999997,0.8299999999999992,1.4899999999999993,7.890000000000001,7.642,7.461999999999998,7.951246067931143,7.738634412801012,7.436267580134307,0.3899999999999988,0.3828571428571429,0.05999999999999872,0.0,0.11334088239390656,0.04110881119422196,2.7570946252475714,73.38368873437395,7.6025,7.207692307692307,7.671230006241777,7.284592094813993,0.38663791142778425,0.33390524619947864,0.34148799725433765,0.09029982834689321,0.26249978754652564
603336.SH,20250813,8.19,8.29,8.02,8.07,8.2,-0.13,-1.5854,264080.48,213723.456,0.5300000000000002,0.8000000000000007,1.1900000000000004,7.996,7.7219999999999995,7.521499999999999,7.990830711954096,7.798882701382645,7.496623048692944,0.2699999999999996,0.3514285714285714,0.0,0.129999999999999,0.1052451050800561,0.04745818182320603,2.2176387934986903,68.92130956338164,7.655000000000001,7.2726923076923065,7.732579236050735,7.342770458161105,0.38980877788962953,0.3402199038792964,0.35115215338139605,0.07731324901646697,-0.23048544892239903
603336.SH,20250814,8.02,8.14,7.99,8.0,8.07,-0.07,-0.8674,197243.14,158770.801,0.4299999999999997,0.71,0.8600000000000003,8.081999999999999,7.793000000000001,7.5645,7.993887141302732,7.835449482949436,7.544563710722188,0.15000000000000036,0.3192857142857143,0.0,0.07000000000000028,0.09772759757433781,0.04906831169297705,1.9916641555924,66.57378809948729,7.7075000000000005,7.341153846153846,7.773720892042929,7.3914541279269494,0.3822667641159798,0.34616509578113064,0.3573750755283128,0.04978337717533399,-0.25309458692289555
603336.SH,20250815,7.95,8.18,7.95,8.18,8.0,0.18,2.25,170327.76,138261.364,0.17999999999999972,0.7299999999999995,1.1600000000000001,8.117999999999999,7.866,7.6225,8.05592476086849,7.898095031504083,7.60508145255817,0.22999999999999954,0.29571428571428565,0.17999999999999972,0.0,0.10360419774759937,0.045563432286335824,2.273845330538665,69.45487953655208,7.783333333333334,7.416538461538461,7.836225370190171,7.449864933265694,0.38636043692447686,0.3537916885348245,0.36317214780754564,0.04637657823386243,-0.13645787630434195
603336.SH,20250818,8.19,8.35,8.11,8.34,8.18,0.16,1.956,209966.68,173813.511,0.1999999999999993,0.9399999999999995,1.0099999999999998,8.158000000000001,7.959999999999999,7.673,8.15061650724566,7.978441389412431,7.675073695171678,0.2400000000000002,0.29357142857142854,0.16000000000000014,0.0,0.10763246933705657,0.042308901408740406,2.5439674809145782,71.78303679745012,7.8708333333333345,7.498461538461539,7.913729159391684,7.515800864134902,0.39792829525678197,0.3626487054003321,0.3701233772973929,0.055609835918778106,0.23272143072861395
603336.SH,20250819,8.34,9.17,8.34,9.17,8.34,0.83,9.952,354084.53,317354.996,0.9700000000000006,1.6100000000000003,1.79,8.352,8.121,7.7625,8.490411004830442,8.195088409519261,7.817447628964851,0.8300000000000001,0.3421428571428571,0.8300000000000001,0.0,0.1592301500986954,0.03928683702240181,4.053015263303089,80.20983614946942,8.014166666666666,7.604230769230768,8.107001596408349,7.638334133458243,0.46866746295010575,0.37990282485196847,0.38983219442793554,0.15767053704434042,0.6863843825125017
603336.SH,20250820,9.09,9.51,9.02,9.3,9.17,0.13,1.4177,408581.0,379882.151,1.2300000000000004,1.7600000000000007,2.280000000000001,8.597999999999999,8.297,7.8765,8.760274003220296,8.395981425970303,7.958643092872961,0.4900000000000002,0.35857142857142854,0.13000000000000078,0.0,0.15714228223450294,0.036480634377944535,4.307553443465008,81.15892735416045,8.1725,7.703846153846154,8.290539812345525,7.7614204939428175,0.5291193184027074,0.4044255991312115,0.41768961922288994,0.22285939835963497,0.15390807951988178
603336.SH,20250821,9.26,10.02,9.26,9.89,9.3,0.59,6.3441,436048.53,420778.685,1.8900000000000006,2.3200000000000003,2.170000000000001,8.975999999999999,8.529,7.984999999999999,9.136849335480198,8.667621166702975,8.14258184593268,0.7599999999999998,0.38428571428571423,0.5899999999999999,0.0,0.18806069064632416,0.03387487477951993,5.551627625794853,84.73661726342881,8.366666666666667,7.819615384615385,8.536610610446214,7.919093049947053,0.6175175604991612,0.43578189693824004,0.4576552074781442,0.31972470604203396,0.06722664538977591
603336.SH,20250822,9.89,9.93,9.36,9.49,9.89,-0.4,-4.0445,357157.31,339990.657,1.3100000000000005,1.4900000000000002,1.9700000000000006,9.238000000000001,8.677999999999999,8.0835,9.254566223653466,8.817144590938797,8.270907384415283,0.5700000000000003,0.40499999999999997,0.0,0.40000000000000036,0.17462778417158673,0.06002666943812567,2.9091699707175933,74.41912202614118,8.529166666666667,7.910000000000001,8.683285901146796,8.035456527728753,0.6478293734180429,0.46734843343162996,0.495690040666124,0.30427866550383786,-0.18092302707682567
603336.SH,20250825,9.47,9.54,9.24,9.33,9.49,-0.16,-1.686,270016.53,252726.483,0.9900000000000002,1.1899999999999995,1.8899999999999997,9.436,8.797,8.178,9.279710815768977,8.910391028949926,8.371773347804304,0.29999999999999893,0.4014285714285713,0.0,0.16000000000000014,0.1621543710164734,0.06716762162111671,2.41417467379095,70.71034450356215,8.675833333333332,7.998846153846154,8.782780377893443,8.131348636785882,0.6514317411075616,0.49676997006271634,0.5268383807544116,0.2491867207063001,-0.2439843104429249
603336.SH,20250826,9.36,9.42,9.1,9.16,9.33,-0.17,-1.8221,226004.03,208273.726,-0.009999999999999787,0.9600000000000009,1.79,9.434000000000001,8.892999999999999,8.267500000000002,9.239807210512652,8.955774478231756,8.446842552775323,0.3200000000000003,0.41285714285714276,0.0,0.16999999999999993,0.15057191594386815,0.07451279150532265,2.02075258357637,66.89566681372936,8.772499999999999,8.069230769230769,8.840814165909837,8.207545034061003,0.6332691318488344,0.523821120502628,0.5481245309732962,0.17028920175107642,-0.16299928008111217
603336.SH,20250827,9.2,9.27,9.01,9.1,9.16,-0.06,-0.655,200203.97,182360.921,-0.20000000000000107,1.0299999999999994,1.83,9.394000000000002,8.995999999999999,8.359,9.193204807008435,8.981997300371436,8.509048023939577,0.2599999999999998,0.412142857142857,0.0,0.0600000000000005,0.1398167790907347,0.0734761635406568,1.9028862198741425,65.55152616200866,8.8525,8.135384615384615,8.880688909616016,8.273652809315744,0.607036100300272,0.5487954911897716,0.5599068448386914,0.09425851092316129,-0.1141575218813576
603336.SH,20250828,8.9,8.9,8.45,8.77,9.1,-0.33,-3.6264,339153.85,292800.667,-1.120000000000001,0.7699999999999996,1.4799999999999995,9.169999999999998,9.072999999999999,8.433000000000002,9.052136538005623,8.943452336667537,8.53390059308819,0.6500000000000004,0.41285714285714276,0.0,0.33000000000000007,0.12982986629853938,0.09179929471632417,1.4142795617301451,58.5797761016802,8.899999999999999,8.202692307692308,8.863659846598168,8.310419267884948,0.5532405787132202,0.5673377291662987,0.5585735916135972,-0.010666025800754042,0.6940415816929104
603336.SH,20250829,8.76,8.85,8.62,8.67,8.77,-0.1,-1.1403,209746.0,182524.82,-0.8200000000000003,0.4900000000000002,1.2199999999999998,9.006,9.122,8.494,8.924757692003748,8.893733730000712,8.546862441365505,0.23000000000000043,0.4064285714285713,0.0,0.09999999999999964,0.12055630442007227,0.09238505937944384,1.3049329104711997,56.61478928705266,8.95,8.239230769230769,8.833866024044603,8.337054877671248,0.49681114637335533,0.5783247126236957,0.5462211025655489,-0.09881991238438714,-0.38156090517622016
603336.SH,20250901,8.67,9.09,8.58,9.03,8.67,0.36,4.1522,287759.15,257364.619,-0.3000000000000007,0.6899999999999995,1.629999999999999,8.946,9.191,8.5755,8.959838461335831,8.918509415455127,8.592875542187837,0.5099999999999998,0.415,0.35999999999999943,0.0,0.1376594255329242,0.08578612656662643,1.6046816780567659,61.607592650398104,9.035833333333333,8.297307692307692,8.864040481883894,8.388384145991896,0.47565633589199763,0.5791012540616837,0.5321081492308386,-0.11290362667768195,0.37194106204647537
603336.SH,20250902,9.07,9.08,8.78,8.98,9.03,-0.05,-0.5537,198268.88,177091.84,-0.17999999999999972,-0.1899999999999995,1.4200000000000008,8.91,9.172,8.6465,8.966558974223888,8.929689521736012,8.629744538169948,0.3000000000000007,0.4171428571428572,0.0,0.049999999999998934,0.12782660942342963,0.08322997466901018,1.5358242019389265,60.565089676351135,9.102500000000001,8.356538461538461,8.88188040774791,8.43220754258509,0.449672865162821,0.570273870368363,0.5156210924172351,-0.13189645450882814,-0.31099018050338284
603336.SH,20250903,8.9,9.19,8.88,8.93,8.98,-0.05,-0.5568,175316.91,158197.169,-0.16999999999999993,-0.370000000000001,1.3899999999999997,8.876000000000001,9.135,8.716,8.954372649482593,8.929745972329464,8.658340296439476,0.3099999999999987,0.4285714285714285,0.0,0.05000000000000071,0.11869613732175609,0.08085640504979522,1.467986824898502,59.48114512154553,9.151666666666669,8.416538461538462,8.88928342194054,8.469081057949158,0.42020236399138255,0.5483499596452764,0.4965373467320646,-0.15266996548136413,-0.11576183816643339
603336.SH,20250904,8.98,9.31,8.92,9.2,8.93,0.27,3.0235,288870.37,264208.068,0.4299999999999997,-0.6900000000000013,1.629999999999999,8.962,9.066,8.7975,9.036248432988396,8.97888306826956,8.709926934873812,0.39000000000000057,0.44,0.2699999999999996,0.0,0.12950355608448777,0.07508094754623841,1.7248524468172612,63.30076510498611,9.154166666666667,8.49076923076923,8.937085972411227,8.523223201804775,0.4138627706064515,0.5223536704439885,0.48000243150694205,-0.13227932180098112,0.6477039778992225
603336.SH,20250905,9.22,9.47,8.91,9.47,9.2,0.27,2.9348,265803.65,246884.85,0.8000000000000007,-0.019999999999999574,1.4700000000000006,9.122,9.064,8.870999999999999,9.180832288658932,9.068177055856912,8.782314845838211,0.5600000000000005,0.4628571428571429,0.27000000000000135,0.0,0.1395390163641673,0.0697180227215071,2.0014769627297726,66.68306928831052,9.168333333333333,8.574615384615385,9.019072745886422,8.593354816485903,0.4257179294005198,0.4972743580320949,0.4691455310856576,-0.08685520337027564,-0.0798514572470689
603336.SH,20250908,9.47,10.42,9.47,10.42,9.47,0.95,10.0317,287914.57,293295.625,1.3900000000000006,1.0899999999999999,2.2799999999999994,9.4,9.173,8.985,9.59388819243929,9.31396304570111,8.938284860520286,0.9499999999999993,0.4714285714285714,0.9499999999999993,0.0,0.19742908662386957,0.06473816395568516,3.049655327868343,75.30654045744727,9.2125,8.688846153846153,9.23460001575005,8.728661867116577,0.505938148633474,0.48312647100816597,0.47650405459522094,0.05886818807650607,0.08318516318342499
603336.SH,20250909,10.45,10.76,10.0,10.07,10.42,-0.35,-3.3589,582083.99,598601.417,1.0899999999999999,0.9100000000000001,1.870000000000001,9.618,9.264,9.0785,9.75259212829286,9.45142431011909,9.046067254756448,0.7599999999999998,0.49071428571428566,0.0,0.34999999999999964,0.18332700900787888,0.0851140093874219,2.1538993442714123,68.29321766985522,9.260833333333332,8.79153846153846,9.363123090250042,8.828020247330164,0.5351028429198781,0.4751338868547889,0.4882238122601524,0.09375806131945141,1.0217246733987793
603336.SH,20250910,9.97,10.5,9.91,10.18,10.07,0.11,1.0924,376309.39,384957.181,1.25,1.08,2.1099999999999994,9.868,9.372,9.184000000000001,9.895061418861907,9.583892617370164,9.154060849541548,0.5899999999999999,0.47857142857142854,0.10999999999999943,0.0,0.17808936550731608,0.07903443728832034,2.253313512660816,69.26210781382329,9.331666666666669,8.892307692307693,9.488796460980804,8.928166895676078,0.5606295653047262,0.4759548853649562,0.5027049628690672,0.115849204871318,-0.35351358830535773
603336.SH,20250911,9.99,10.44,9.9,10.4,10.18,0.22,2.1611,319235.63,325114.491,1.200000000000001,1.6300000000000008,2.4000000000000004,10.108,9.535000000000002,9.304,10.063374279241273,9.732275777848315,9.272721721013781,0.5399999999999991,0.4764285714285713,0.22000000000000064,0.0,0.18108298225679356,0.0733891203391546,2.4674363368841483,71.16024916268242,9.435,9.002307692307694,9.628981620829911,9.037191570070442,0.5917900507594691,0.4865080969634133,0.5205219804471476,0.14253614062464304,-0.15166711625240073
603336.SH,20250912,10.44,10.65,10.08,10.16,10.4,-0.24,-2.3077,260497.8,266917.468,0.6899999999999995,1.4900000000000002,1.9800000000000004,10.246,9.684000000000001,9.403,10.095582852827516,9.81004381823953,9.357224414250563,0.5700000000000003,0.49571428571428566,0.0,0.2400000000000002,0.16814848352416548,0.08528989745778641,1.9714935594498668,66.34688987227229,9.523333333333333,9.101923076923077,9.71067675608685,9.120362564880038,0.5903141912068115,0.4992478586650593,0.5344804225990804,0.1116675372154623,-0.18399522008242006
603336.SH,20250915,10.16,10.38,10.01,10.06,10.16,-0.1,-0.9843,227116.24,230472.072,-0.35999999999999943,1.0300000000000011,1.7200000000000006,10.174000000000001,9.787,9.489,10.083721901885012,9.855490396741434,9.424155422417176,0.370000000000001,0.4992857142857143,0.0,0.09999999999999964,0.15613787755815367,0.0863406190679445,1.8083942325602649,64.39246355066209,9.630833333333335,9.181153846153846,9.76441879361195,9.189965337851888,0.5744534557600627,0.5131123687314195,0.5424750292312769,0.0639568530575716,-0.12814526648593577
603336.SH,20250916,10.0,10.06,9.7,9.94,10.06,-0.12,-1.1928,238084.31,234805.842,-0.13000000000000078,0.9599999999999991,0.7699999999999996,10.148,9.883,9.5275,10.035814601256675,9.87085577915208,9.473283477425065,0.3600000000000012,0.5064285714285716,0.0,0.120000000000001,0.14498517201828554,0.0887448605630914,1.6337303489841104,62.031040862413164,9.736666666666666,9.250384615384617,9.79143128690242,9.24552346097397,0.5459078259284489,0.5270796422799824,0.5431615885707113,0.005492474715475204,0.04829275968992797
603336.SH,20250917,10.01,10.02,9.81,9.92,9.94,-0.02,-0.2012,134644.11,133589.466,-0.2599999999999998,0.9900000000000002,0.6199999999999992,10.096,9.982000000000001,9.5585,9.997209734171118,9.879791092033521,9.515827908146488,0.20999999999999908,0.47500000000000003,0.0,0.019999999999999574,0.1346290883026937,0.08383451338001342,1.605890973475728,61.625409114249955,9.810833333333333,9.31653846153846,9.811211088917432,9.29548468608701,0.5157264028304223,0.5383978236382014,0.5376745514226535,-0.04389629718446253,-0.43446878124812177
603336.SH,20250918,9.92,10.14,9.72,9.81,9.92,-0.11,-1.1089,231353.46,230255.379,-0.5899999999999999,0.6100000000000012,-0.08000000000000007,9.978,10.043000000000001,9.5545,9.934806489447412,9.86710180257288,9.543844297846823,0.41999999999999993,0.48857142857142855,0.0,0.10999999999999943,0.1250127248525013,0.08570347671001242,1.4586657350610903,59.32753339586632,9.88,9.383461538461539,9.811024767545518,9.333596931562045,0.47742783598347316,0.5441433688140851,0.5256252083348175,-0.09639474470268872,0.7182590460139698
603336.SH,20250919,9.85,10.33,9.73,9.92,9.81,0.11,1.1213,231205.32,229709.293,-0.2400000000000002,0.4499999999999993,0.4299999999999997,9.930000000000001,10.088000000000001,9.575999999999999,9.929870992964943,9.876719656650536,9.57966865043284,0.5999999999999996,0.495,0.10999999999999943,0.0,0.12394038736303689,0.0795817998021544,1.5573961341809417,60.89772770692522,9.9625,9.457307692307692,9.827790187923132,9.377034195890783,0.45075599203234873,0.5380120180806267,0.5106513650743238,-0.11979074608395024,-0.0006403189301771621
603336.SH,20250922,9.9,10.04,9.62,9.84,9.92,-0.08,-0.8065,181761.87,178188.2,-0.22000000000000064,-0.5800000000000001,0.5099999999999998,9.886000000000001,10.030000000000001,9.6015,9.899913995309962,9.870043355441346,9.60446211229638,0.41999999999999993,0.5035714285714284,0.0,0.08000000000000007,0.1150875025513914,0.07961167124485766,1.4456109355803182,59.11042163529129,10.015833333333335,9.521153846153847,9.829668620550343,9.411327959158132,0.41834066139221093,0.5250384423553304,0.49218922433790124,-0.14769712589138062,-0.21385083180611938
603336.SH,20250923,9.84,9.89,9.0,9.44,9.84,-0.4,-4.065,245798.58,230087.835,-0.5,-0.6300000000000008,0.27999999999999936,9.785999999999998,9.967,9.6155,9.746609330206642,9.79185365445201,9.58879905398244,0.8900000000000006,0.545,0.0,0.40000000000000036,0.10686696665486344,0.102496551870225,1.0426396274303158,51.04373837797216,10.013333333333334,9.563461538461539,9.769719602004137,9.413451814035307,0.3562677879688305,0.5023315782068976,0.46500493706408713,-0.21747429819051323,0.3523110210078714
603336.SH,20250924,9.38,9.54,9.2,9.27,9.44,-0.17,-1.8008,144612.54,134594.666,-0.6500000000000004,-0.9100000000000001,0.16999999999999993,9.656,9.876,9.623999999999999,9.587739553471096,9.696971171824371,9.558437239317445,0.33999999999999986,0.5414285714285715,0.0,0.16999999999999993,0.09923361189380175,0.10731822673663749,0.9246668987303001,48.04295742501216,9.9175,9.567307692307693,9.69283966323427,9.402825753736396,0.2900139094978744,0.46880089584449813,0.43000673155084457,-0.2799856441059403,-0.41166242701646194
603336.SH,20250925,9.29,9.37,9.0,9.14,9.27,-0.13,-1.4024,172745.1,158059.933,-0.6699999999999999,-1.2599999999999998,0.370000000000001,9.522,9.75,9.642500000000002,9.438493035647397,9.59570368603812,9.518586073668166,0.3699999999999992,0.5278571428571428,0.0,0.129999999999999,0.0921454967585302,0.10893835339830617,0.8458499131304378,45.82441438567088,9.84,9.561153846153847,9.607787407352074,9.383357179385552,0.224430227966522,0.4281471221511326,0.3888914308339801,-0.32892240573491616,0.19453748616821195
603336.SH,20250926,9.15,9.34,8.97,8.98,9.14,-0.16,-1.7505,139427.78,127087.586,-0.9399999999999995,-1.1799999999999997,0.3100000000000005,9.334,9.632000000000001,9.658,9.285662023764932,9.483757561303918,9.467292161890244,0.3699999999999992,0.4864285714285713,0.0,0.16000000000000014,0.08556367556149233,0.11258561386985574,0.7599876451391059,43.181419326329305,9.74,9.526153846153845,9.511204729297909,9.353478869801437,0.15772585949647144,0.3818440558996225,0.3426583165664784,-0.3698649141400139,-0.19286984117060343
603336.SH,20250929,8.99,9.56,8.96,9.3,8.98,0.32,3.5635,206021.38,191580.234,-0.5399999999999991,-0.7599999999999998,0.27000000000000135,9.225999999999999,9.556000000000001,9.671500000000002,9.290441349176621,9.450347095612296,9.451359575043554,0.5999999999999996,0.4749999999999999,0.3200000000000003,0.0,0.10230912730710004,0.10454378430772318,0.9786246784979061,49.45984395791724,9.648333333333333,9.518846153846154,9.478711694021307,9.349517472038366,0.1291942219829405,0.33554254435012154,0.2999654976497708,-0.3415425513336606,0.4776207438718454
603336.SH,20250930,9.23,9.5,9.23,9.35,9.3,0.05,0.5376,136799.63,128218.002,-0.08999999999999986,-0.5899999999999999,0.3699999999999992,9.208,9.496999999999998,9.690000000000001,9.310294232784415,9.432102169137332,9.441706282182263,0.2699999999999996,0.452142857142857,0.049999999999998934,0.0,0.09857276107087853,0.09707637114288581,1.0154145639188572,50.38241670460306,9.580833333333333,9.519615384615385,9.458909894941106,9.34955321485034,0.10935668009076593,0.2903903529346042,0.26184373413796985,-0.30497410809440784,-0.33599304111058764
603336.SH,20251009,9.32,9.44,9.09,9.12,9.35,-0.23,-2.4599,150402.75,138168.282,-0.15000000000000036,-0.8000000000000007,0.1899999999999995,9.178,9.417,9.6995,9.246862821856277,9.37535632020327,9.411067588641096,0.34999999999999964,0.4385714285714285,0.0,0.23000000000000043,0.0915318495658158,0.10657091606125113,0.8588820754173521,46.204226011729,9.5025,9.518076923076922,9.406769911104014,9.332549273009576,0.07422063809443813,0.24558955316915584,0.2243191149292635,-0.30019695366965077,0.09943828064447247
603336.SH,20251010,9.03,9.62,9.03,9.17,9.12,0.05,0.5482,168505.39,156829.86,0.02999999999999936,-0.6400000000000006,-0.02999999999999936,9.184000000000001,9.353,9.698,9.221241881237518,9.338018807439038,9.388108770675277,0.5899999999999999,0.4399999999999999,0.05000000000000071,0.0,0.0885652888825433,0.09895870777116177,0.8949721644238438,47.228776296877975,9.438333333333333,9.52076923076923,9.370343770934166,9.320508586119978,0.04983518481418869,0.20104279681158252,0.18942232890624855,-0.2791742881841197,0.12036109712089715
603336.SH,20251013,9.03,9.33,8.91,9.14,9.17,-0.03,-0.3272,156480.66,142551.996,0.16000000000000014,-0.7799999999999994,-0.33000000000000007,9.216,9.275,9.6815,9.194161254158345,9.302015387904667,9.3644793639443,0.41999999999999993,0.4435714285714284,0.0,0.02999999999999936,0.08223919681950449,0.09403308578750731,0.8745772419438171,46.65463883669772,9.373333333333333,9.535,9.334906267713524,9.30713757974072,0.027768687972804074,0.15764591087609287,0.15709160071955966,-0.25864582549351117,-0.07136110008113099
603336.SH,20251014,9.13,9.53,9.07,9.31,9.14,0.17,1.86,233125.33,217694.402,0.009999999999999787,-0.5299999999999994,-1.1099999999999994,9.218,9.222,9.626,9.232774169438898,9.303467135558364,9.359290853092462,0.4599999999999991,0.45071428571428535,0.16999999999999993,0.0,0.08850782561811131,0.08731643680268537,1.0136444964894546,50.33880102752105,9.331666666666667,9.559615384615386,9.331074534219136,9.307349610871038,0.02372492334809806,0.12069670369601147,0.13041826524526734,-0.21338668379433856,0.48980282930810737
603336.SH,20251015,9.31,9.93,9.21,9.85,9.31,0.54,5.8002,332041.25,320482.212,0.5,0.41000000000000014,-0.22000000000000064,9.318000000000001,9.263,9.614999999999998,9.438516112959267,9.402836747275025,9.406025057559846,0.7199999999999989,0.48714285714285677,0.5399999999999991,0.0,0.12075726664538901,0.08107954845963641,1.4893677744826765,59.829157818682965,9.325833333333334,9.591153846153846,9.410909221262346,9.347545935991702,0.06336328527064339,0.09551330100409691,0.11700726925034255,-0.10728796795939832,0.4243036138544019
603336.SH,20251016,9.85,9.94,9.49,9.73,9.85,-0.12,-1.2183,199348.42,192839.939,0.6100000000000012,0.46000000000000085,-0.4499999999999993,9.440000000000001,9.309,9.592499999999998,9.535677408639511,9.462320975043202,9.436879813982717,0.4499999999999993,0.4892857142857139,0.0,0.11999999999999922,0.11213174759928979,0.08385958071251946,1.337136993132492,57.21260658068279,9.316666666666666,9.62,9.460000110298909,9.375875866658983,0.08412424363992521,0.0799237471900306,0.11043066412825908,-0.05261284097666774,-0.3996275462762533
603336.SH,20251017,9.73,9.78,9.55,9.58,9.73,-0.15,-1.5416,125269.1,121104.302,0.41000000000000014,0.4399999999999995,-0.8200000000000003,9.522,9.353,9.5515,9.550451605759676,9.483717161398983,9.450510307889123,0.22999999999999865,0.46285714285714236,0.0,0.15000000000000036,0.10412233705648337,0.08858389637591095,1.1754093160977492,54.03163935172437,9.328333333333333,9.645,9.478461631791383,9.390996172832393,0.08746545895898983,0.07211703601919932,0.10583762309440524,-0.03674432827083082,-0.371607259290041
603336.SH,20251020,9.61,9.93,9.5,9.56,9.58,-0.02,-0.2088,186284.27,180576.483,0.41999999999999993,0.5800000000000001,-0.5999999999999996,9.606,9.411,9.5215,9.553634403839784,9.49758676841735,9.460937897613968,0.4299999999999997,0.4635714285714281,0.0,0.019999999999999574,0.09668502726673456,0.08368504663477441,1.1553441284282937,53.603696652876785,9.3525,9.658846153846154,9.49100599613117,9.403514974844809,0.0874910212863611,0.06748334705291271,0.10216830273279642,-0.02935456289287064,0.4870727896983373
603336.SH,20251021,9.56,9.61,9.3,9.6,9.56,0.04,0.4184,119758.54,113573.005,0.28999999999999915,0.29999999999999893,-0.46000000000000085,9.664,9.440999999999999,9.4985,9.569089602559856,9.516207355977832,9.47418190736502,0.3099999999999987,0.42214285714285654,0.03999999999999915,0.0,0.09263609674768203,0.0777075433037191,1.1921120242550307,54.38189340073344,9.390833333333333,9.663846153846155,9.507774304418682,9.4180694211526,0.08970488326608184,0.06529981407239226,0.09967561883945351,-0.019941471146743356,-0.35711941754395043
603336.SH,20251022,9.5,9.59,9.27,9.35,9.6,-0.25,-2.6042,107623.37,101168.297,-0.5,0.0,-0.5899999999999999,9.564000000000002,9.440999999999999,9.469,9.496059735039903,9.485987836709134,9.462355059044542,0.33000000000000007,0.4214285714285708,0.0,0.25,0.08601923269427617,0.09001414735345345,0.9556190357112346,48.86529626991935,9.421666666666665,9.622692307692308,9.483501334508116,9.413027241807963,0.07047409270015237,0.06488353125080495,0.0938353136115933,-0.04672244182288185,-0.10133031013905146
603336.SH,20251023,9.26,9.47,9.24,9.44,9.35,0.09,0.9626,90227.71,84300.407,-0.2900000000000009,0.3200000000000003,-0.4800000000000004,9.506,9.472999999999999,9.444999999999999,9.477373156693268,9.477626411852928,9.460226005802205,0.23000000000000043,0.4114285714285709,0.08999999999999986,0.0,0.08630357321611358,0.08358456539963534,1.0325300227796614,50.80023474229359,9.433333333333332,9.598461538461539,9.476808821506868,9.415025223896262,0.06178359761060648,0.06621113267262915,0.08742497041139594,-0.051282745601578916,-0.16163459664940794
603336.SH,20251024,9.55,9.85,9.46,9.66,9.44,0.22,2.3305,162395.84,157478.912,0.08000000000000007,0.4900000000000002,-0.15000000000000036,9.522,9.522,9.437499999999998,9.538248771128846,9.510785246061486,9.47925210048771,0.41000000000000014,0.4142857142857138,0.22000000000000064,0.0,0.09585331798639123,0.07761423929966138,1.234996552840136,55.2572016843049,9.459166666666667,9.578461538461537,9.50499207973658,9.43317150360765,0.07182057612893011,0.07110578691219871,0.08430409155490277,-0.02496703085194532,0.7998444158673648
603336.SH,20251027,9.67,9.8,9.51,9.66,9.66,0.0,0.0,132643.65,127893.659,0.09999999999999964,0.5199999999999996,-0.2599999999999998,9.541999999999998,9.574,9.424499999999998,9.578832514085898,9.537915201323033,9.496466186155546,0.2900000000000009,0.3921428571428568,0.0,-0.0,0.08900665241593471,0.07207036506397128,1.234996552840136,55.2572016843049,9.504166666666665,9.55,9.528839452084798,9.449973614451528,0.07886583763326982,0.07723255516610668,0.08321644077057619,-0.008701206274612738,-0.18320783340262906
603336.SH,20251028,9.67,9.8,9.59,9.68,9.66,0.02,0.207,96148.08,93228.769,0.08000000000000007,0.3699999999999992,-0.16000000000000014,9.558,9.610999999999999,9.4165,9.612555009390599,9.56374880108248,9.513945596997875,0.21000000000000085,0.38785714285714257,0.019999999999999574,0.0,0.0840776058147965,0.06692248184511619,1.2563432122763127,55.68050132802493,9.546666666666667,9.531538461538462,9.55209492099483,9.467012605973638,0.08508231502119123,0.07964578069394533,0.08358961562069919,0.002985398800984085,-0.27513997089193487
603336.SH,20251029,9.61,9.84,9.54,9.7,9.68,0.02,0.2066,107469.83,104148.195,0.34999999999999964,-0.15000000000000036,0.2599999999999998,9.628,9.596,9.429499999999999,9.641703339593732,9.588521746340211,9.531665063950458,0.3000000000000007,0.38428571428571406,0.019999999999999574,0.0,0.07950063397088243,0.06214230457046504,1.2793319224383488,56.12749551060403,9.593333333333332,9.517692307692307,9.574849548534086,9.484270931457072,0.0905786170770142,0.08036293329806633,0.0849874159119622,0.011182402330104008,0.11775326142758129
603336.SH,20251030,9.63,9.64,9.4,9.43,9.7,-0.27,-2.7835,132865.92,126014.319,-0.009999999999999787,-0.3000000000000007,0.16000000000000014,9.626000000000001,9.565999999999999,9.4375,9.571135559729155,9.55969961064199,9.521982676907557,0.29999999999999893,0.3635714285714283,0.0,0.2699999999999996,0.07382201725867654,0.0769892828154318,0.9588609551754338,48.94992432423867,9.603333333333332,9.498076923076923,9.552565002605764,9.480250862460252,0.07231414014551163,0.07867945342990208,0.08245276075867208,-0.020277241226320908,0.23630901807511942
603336.SH,20251031,9.44,9.71,9.4,9.43,9.43,0.0,0.0,139595.28,133491.059,-0.23000000000000043,-0.15000000000000036,0.28999999999999915,9.58,9.551000000000002,9.452,9.52409037315277,9.536117863252537,9.51322242196398,0.3100000000000005,0.3557142857142855,0.0,-0.0,0.06854901602591393,0.07149004832861525,0.9588609551754337,48.94992432423867,9.568333333333333,9.47923076923077,9.533708848358723,9.476528576352086,0.05718027200663656,0.07531159239882158,0.077398263008265,-0.040435982003256876,0.05064775075504678
603336.SH,20251103,9.45,9.5,9.13,9.42,9.43,-0.01,-0.106,122993.79,114315.465,-0.2400000000000002,-0.14000000000000057,0.4399999999999995,9.532,9.536999999999999,9.474,9.489393582101847,9.515005524479347,9.504344096062647,0.3699999999999992,0.3492857142857141,0.0,0.009999999999999787,0.06365265773834865,0.06709790201942843,0.9486534723532458,48.6825126074174,9.5425,9.464230769230769,9.516215179380458,9.47234127440008,0.04387390498037824,0.07021926147818786,0.07069339140268766,-0.053638972844618826,-0.1189258691268072
603336.SH,20251104,9.42,9.42,9.18,9.25,9.42,-0.17,-1.8047,84593.33,78434.909,-0.4299999999999997,-0.34999999999999964,-0.05000000000000071,9.446,9.501999999999999,9.471499999999999,9.409595721401232,9.466822701846738,9.480120848818586,0.2400000000000002,0.3149999999999999,0.0,0.16999999999999993,0.0591060393284666,0.07444805187518354,0.7939232503700875,44.25625512163358,9.515000000000002,9.438461538461537,9.47525899793731,9.455871550370444,0.01938744756686539,0.0645429675744893,0.06043220263552321,-0.08208951013731564,-0.3122146248196758
603336.SH,20251105,9.2,9.28,9.11,9.24,9.25,-0.01,-0.1081,71806.08,66101.924,-0.4599999999999991,-0.10999999999999943,-0.10999999999999943,9.354000000000001,9.491,9.466,9.35306381426749,9.425582210601876,9.45725219655015,0.16999999999999993,0.29499999999999993,0.0,0.009999999999999787,0.05488417937643327,0.0698446195983847,0.785803970184449,44.00281236373812,9.488333333333332,9.415384615384616,9.439065305946954,9.43988106515782,-0.0008157592108659628,0.05758748348321458,0.048182610266245374,-0.09799673895422267,-0.15116144499808673
603336.SH,20251106,9.28,9.5,9.13,9.32,9.24,0.08,0.8658,97730.98,90823.974,-0.10999999999999943,-0.11999999999999922,0.20000000000000107,9.332,9.479,9.475999999999999,9.342042542844993,9.406385445037898,9.44418055878347,0.3699999999999992,0.305,0.08000000000000007,0.0,0.0566781665638309,0.06485571819850008,0.8739116324386289,46.63569067562474,9.464999999999998,9.410769230769231,9.4207475665705,9.43100098625724,-0.010253419686740983,0.04846815061480668,0.036495404275648104,-0.09349764792477817,0.3610404578553793
603336.SH,20251107,9.33,9.95,9.3,9.8,9.32,0.48,5.1502,284767.01,277494.587,0.370000000000001,0.14000000000000057,0.6300000000000008,9.406,9.492999999999999,9.5075,9.49469502856333,9.47795172775828,9.478068124613616,0.6499999999999986,0.3207142857142856,0.4800000000000004,0.0,0.08691544038070016,0.060223166898607225,1.4432226808502535,59.0704519961318,9.5025,9.431153846153846,9.479094094790423,9.458334246534482,0.020759848255940128,0.04201192957288116,0.03334829307170651,-0.025176889631532764,1.9137844519721385
603336.SH,20251110,9.8,10.5,9.71,10.3,9.8,0.5,5.102,327696.9,335696.976,0.8800000000000008,0.6400000000000006,1.1600000000000001,9.581999999999999,9.556999999999999,9.5655,9.76313001904222,9.627415049984046,9.556347350840891,0.7899999999999991,0.3549999999999999,0.5,0.0,0.1164214803535073,0.05592151212013528,2.081872895414575,67.55219848658037,9.574166666666665,9.475769230769231,9.60538731097651,9.520679857902298,0.08470745307421268,0.0419702782454391,0.04362012507220775,0.08217465600400986,0.15075443605633956
603336.SH,20251111,10.29,10.63,10.2,10.41,10.3,0.11,1.068,237178.99,248136.703,1.1600000000000001,0.7300000000000004,1.0999999999999996,9.814000000000002,9.629999999999999,9.6205,9.978753346028148,9.76970322271422,9.637647603141758,0.4300000000000015,0.36214285714285716,0.10999999999999943,0.0,0.1159628031853996,0.051927118397268476,2.2331838693267367,69.07073521283417,9.636666666666665,9.53076923076923,9.729173878518587,9.58655542398361,0.14261845453497735,0.047752482407435,0.06341979096476166,0.15839732714043137,-0.2762244928163801
603336.SH,20251112,10.41,10.6,10.33,10.53,10.41,0.12,1.1527,200278.95,209808.941,1.2899999999999991,0.8300000000000001,0.6799999999999997,10.072,9.713,9.654500000000002,10.162502230685433,9.907939000402543,9.722633545699686,0.2699999999999996,0.36499999999999994,0.11999999999999922,0.0,0.11625117438644243,0.048218038511749294,2.41094781070606,70.68263557532995,9.709166666666667,9.578076923076923,9.852377897208035,9.656440207392231,0.1959376898158034,0.061488432370800754,0.08992337073497002,0.21202863816166675,-0.15557887315398375
603336.SH,20251113,10.57,10.57,10.06,10.36,10.53,-0.17,-1.6144,203798.56,208943.235,1.0399999999999991,0.9299999999999997,0.629999999999999,10.28,9.806000000000001,9.686000000000002,10.228334820456956,9.990131909420262,9.783335112775907,0.5099999999999998,0.37214285714285705,0.0,0.16999999999999993,0.10794751907312512,0.05691675004662434,1.8965861365010837,65.47660063001113,9.765833333333333,9.616923076923078,9.930473605329876,9.7085557475854,0.2219178577444758,0.079792608563894,0.11632226813687117,0.21119117921520927,0.01757353930605281
603336.SH,20251114,10.36,10.51,10.2,10.23,10.36,-0.13,-1.2548,120780.22,124338.732,0.4299999999999997,0.8000000000000007,0.6500000000000004,10.366,9.886000000000001,9.718499999999999,10.228889880304639,10.033744289525668,9.82587462584487,0.3100000000000005,0.3735714285714285,0.0,0.129999999999999,0.10023698199647334,0.0621369821861511,1.6131614132173584,61.73217639974307,9.81,9.659615384615385,9.976554589125278,9.747181247764258,0.22937334136102017,0.10040365705063199,0.13893248278170098,0.18088171715863838,-0.40735489004436537
603336.SH,20251117,10.25,10.32,9.95,10.08,10.23,-0.15,-1.4663,144733.56,145951.872,-0.22000000000000064,0.6600000000000001,0.5199999999999996,10.322,9.952000000000002,9.744499999999999,10.179259920203092,10.042154418702818,9.850077042431074,0.370000000000001,0.3849999999999999,0.0,0.15000000000000036,0.09307719756815382,0.06841291202999747,1.3605209134693994,57.6364693786915,9.864166666666668,9.694615384615386,9.992469267721388,9.77183448867061,0.2206347790507781,0.12276447165995563,0.15527294203551642,0.13072367403052337,0.19832171194919165
603336.SH,20251118,10.03,10.03,9.51,9.75,10.08,-0.33,-3.2738,227313.53,220980.242,-0.6600000000000001,0.5,0.15000000000000036,10.190000000000001,10.001999999999999,9.752,10.036173280135396,9.989035433484124,9.840545895532877,0.5700000000000003,0.4042857142857142,0.0,0.33000000000000007,0.08642882631328568,0.08709770402785479,0.9923203748935197,49.807269322663764,9.890833333333335,9.718076923076925,9.95516630345656,9.770217119139453,0.18494918431710694,0.1434050209408415,0.16120819049183455,0.04748198765054479,0.5705654583498119
603336.SH,20251119,9.72,9.76,9.5,9.57,9.75,-0.18,-1.8462,102818.01,98991.087,-0.9599999999999991,0.33000000000000007,0.22000000000000064,9.998000000000001,10.035,9.763,9.880782186756932,9.912847172850647,9.81477961976784,0.2599999999999998,0.40142857142857136,0.0,0.17999999999999972,0.08025533871947955,0.09373358231157942,0.8562068870119901,46.126694874527715,9.903333333333334,9.728076923076923,9.895909949078627,9.75538622142542,0.14052372765320698,0.16015803731194683,0.15707129792410904,-0.033095140541804124,-0.5476819615620768
603336.SH,20251120,9.55,9.75,9.55,9.66,9.57,0.09,0.9404,106498.55,102810.426,-0.6999999999999993,0.33999999999999986,0.22000000000000064,9.858,10.068999999999999,9.774000000000001,9.807188124504622,9.866874959605074,9.800038703599474,0.1999999999999993,0.3935714285714284,0.08999999999999986,0.0,0.08095138595380244,0.0870383264321809,0.9300659752101125,48.188299630993846,9.9375,9.72076923076923,9.859616110758838,9.748320575393908,0.11129553536492942,0.17021755810183453,0.14791614541227313,-0.07324122009468742,0.03579664691040031
603336.SH,20251121,9.57,9.79,9.09,9.1,9.66,-0.56,-5.7971,161533.01,151072.62,-1.1300000000000008,-0.7000000000000011,-0.5600000000000005,9.632000000000001,9.998999999999999,9.745999999999999,9.571458749669748,9.727443148767787,9.733368350875715,0.6999999999999993,0.417142857142857,0.0,0.5600000000000005,0.07516914409995941,0.12082130311559659,0.6221514100707954,38.35347343091993,9.925833333333332,9.696538461538461,9.742752093719016,9.700296829068433,0.04245526465058269,0.165522870499209,0.12682396925993505,-0.16873740921870473,0.5167625286917052
603336.SH,20251124,9.1,9.64,9.09,9.55,9.1,0.45,4.9451,153438.85,144102.703,-0.5299999999999994,-0.75,-0.10999999999999943,9.526,9.924,9.7405,9.564305833113167,9.695180758082735,9.71590469841136,0.5500000000000007,0.43928571428571417,0.45000000000000107,0.0,0.1019427766642481,0.11219121003591112,0.9086520827399703,47.60700449060116,9.944999999999999,9.695384615384615,9.713097925454552,9.689163730618919,0.02393419483563264,0.15233573053261512,0.10624601437507458,-0.1646236390788839,-0.050108395800957356
603336.SH,20251125,9.59,9.62,9.33,9.36,9.55,-0.19,-1.9895,101597.62,95836.363,-0.39000000000000057,-1.0500000000000007,-0.3200000000000003,9.447999999999999,9.818999999999999,9.7245,9.496203888742112,9.634238802067692,9.682009012848374,0.28999999999999915,0.4478571428571427,0.0,0.19000000000000128,0.09466114975965896,0.11774898074763185,0.8039233049714766,44.56527074936748,9.908333333333333,9.687692307692307,9.658775167692312,9.664781232054555,-0.0060060643622428245,0.12989753562394332,0.0837955986276111,-0.17960332597970785,-0.3378624774625201
603336.SH,20251126,9.37,9.45,9.19,9.24,9.36,-0.12,-1.2821,76151.11,70926.653,-0.33000000000000007,-1.2899999999999991,-0.4599999999999991,9.382000000000001,9.69,9.701500000000001,9.410802592494743,9.562559019873566,9.639912916386624,0.2599999999999998,0.4399999999999999,0.0,0.11999999999999922,0.08789963906254047,0.11790976783708665,0.7454822503254309,42.70924268559258,9.819999999999999,9.673846153846153,9.59434821881657,9.63331595560607,-0.03896773678950005,0.10091024734239046,0.05924293154418887,-0.19642133666737785,-0.25046364275068644
603336.SH,20251127,9.24,9.33,9.15,9.26,9.24,0.02,0.2165,55360.58,51151.37,-0.40000000000000036,-1.0999999999999996,-0.16999999999999993,9.302,9.580000000000002,9.693000000000001,9.360535061663162,9.507548288987461,9.603730733873613,0.17999999999999972,0.4064285714285714,0.019999999999999574,0.0,0.08304966484378755,0.10948764156300904,0.7585300373466652,43.134323624699825,9.724166666666667,9.670384615384616,9.542910031306327,9.605662921857473,-0.06275289055114541,0.06845177712992762,0.03484376712512202,-0.19519331535253487,-0.2730167688954238
603336.SH,20251128,9.3,9.55,9.16,9.53,9.26,0.27,2.9158,87582.24,82439.221,0.4299999999999997,-0.7000000000000011,0.09999999999999964,9.388,9.510000000000002,9.698,9.417023374442108,9.511630418262468,9.596708759218982,0.39000000000000057,0.37785714285714295,0.2699999999999996,0.0,0.0964032602120884,0.10166709573707981,0.9482247871169237,48.6712207640142,9.640833333333333,9.673846153846153,9.540923872643814,9.600058260979143,-0.05913438833532858,0.03736631408702687,0.0160481360330319,-0.15036504873672096,0.5820325581849034
603336.SH,20251201,9.5,9.58,9.15,9.25,9.53,-0.28,-2.9381,177901.57,164272.901,-0.3000000000000007,-0.8300000000000001,-0.16999999999999993,9.328,9.427,9.689499999999999,9.36134891629474,9.464061251305656,9.563688877388604,0.4299999999999997,0.3778571428571428,0.0,0.27999999999999936,0.08951731305408209,0.11440516032728834,0.782458700271845,43.89771836803351,9.548333333333334,9.658076923076923,9.496166353775536,9.574128019425132,-0.07796166564959606,0.008153997424059867,-0.0027538243034936905,-0.15041568269220473,1.0312516555867948
603336.SH,20251202,9.21,9.21,9.02,9.14,9.25,-0.11,-1.1892,106105.9,96621.463,-0.21999999999999886,-0.6099999999999994,-0.10999999999999943,9.284,9.366,9.684000000000001,9.287565944196494,9.405141023795537,9.523337555732548,0.23000000000000043,0.375,0.0,0.10999999999999943,0.0831232192645048,0.11409050601819627,0.7285726233105452,42.148800315672595,9.457500000000001,9.638076923076921,9.44137153011776,9.541970388356603,-0.10059885823884329,-0.01863740100839016,-0.022322831090563613,-0.15655205429655936,-0.4035696256081383
603336.SH,20251203,9.09,9.18,9.05,9.16,9.14,0.02,0.2188,68351.1,62254.328,-0.08000000000000007,-0.41000000000000014,-0.08000000000000007,9.268,9.325,9.68,9.245043962797663,9.360569928559984,9.488733978996114,0.129999999999999,0.3478571428571428,0.019999999999999574,0.0,0.07861441788846871,0.10594118415975369,0.7420571943949799,42.59660341707081,9.380833333333333,9.618076923076922,9.398083602407334,9.513676285515373,-0.11559268310803894,-0.043847203060942204,-0.040976801494058676,-0.14923176322796053,-0.35582187229927825
603336.SH,20251204,9.17,9.19,8.85,9.05,9.16,-0.11,-1.2009,101940.21,91652.229,-0.20999999999999908,-0.6099999999999994,-0.2699999999999996,9.225999999999999,9.264,9.666500000000001,9.180029308531775,9.304102668821805,9.446949790520295,0.33999999999999986,0.3499999999999999,0.0,0.10999999999999943,0.07299910232500666,0.10623109957691411,0.6871726134412587,40.72924180766899,9.3225,9.593076923076923,9.344532278960052,9.479329893995716,-0.134797615035664,-0.06354196747052517,-0.059740964202379745,-0.15011330166656853,0.4914201819721994
603336.SH,20251205,9.03,9.08,8.92,9.05,9.05,0.0,0.0,50508.85,45519.775,-0.47999999999999865,-0.049999999999998934,-0.75,9.13,9.258999999999999,9.629000000000001,9.136686205687852,9.257902183581477,9.409145048565982,0.16000000000000014,0.33499999999999985,0.0,-0.0,0.06778488073036333,0.09864316389284881,0.6871726134412588,40.729241807669,9.279166666666667,9.57846153846154,9.299219620658505,9.447527679625663,-0.14830805896715837,-0.08267999567083528,-0.07745438315533547,-0.1417073516236458,-0.504524760151073
603336.SH,20251208,9.1,9.1,8.91,9.05,9.05,0.0,0.0,82786.8,74536.138,-0.1999999999999993,-0.5,-1.25,9.09,9.209,9.566500000000001,9.107790803791902,9.220101786566662,9.374940758226366,0.1899999999999995,0.30785714285714266,0.0,-0.0,0.06294310353533737,0.09159722361478818,0.6871726134412587,40.72924180766899,9.228333333333333,9.563846153846155,9.260878140557196,9.418081184838577,-0.1572030442813812,-0.09947966010629511,-0.09340411538054463,-0.12759785780167315,0.6390553338672332
603336.SH,20251209,9.0,9.21,8.97,9.08,9.05,0.03,0.3315,103813.66,94599.357,-0.0600000000000005,-0.27999999999999936,-1.33,9.078,9.181000000000001,9.500000000000002,9.098527202527935,9.194628734463633,9.346851162204807,0.2400000000000002,0.3064285714285712,0.02999999999999936,0.0,0.06059002471138465,0.08505456478516046,0.7123665245296257,41.60128771060316,9.226666666666665,9.550769230769232,9.233050734317628,9.393038134109792,-0.1599873997921648,-0.1129262893288134,-0.10672077226286866,-0.10653325505859229,0.2539880753936618
603336.SH,20251210,9.08,9.1,8.96,9.05,9.08,-0.03,-0.3304,63483.27,57269.129,-0.10999999999999943,-0.1899999999999995,-1.4799999999999986,9.056000000000001,9.162,9.426000000000004,9.082351468351957,9.16833260092479,9.318579622947206,0.1399999999999988,0.30214285714285694,0.0,0.02999999999999936,0.05626216580342861,0.08112209587193467,0.6935492136722925,40.95240977192509,9.185,9.543076923076924,9.204889082884145,9.367627901953512,-0.16273881906936616,-0.12403583694194904,-0.11792438162416816,-0.089628874890396,-0.38848827793953133
603336.SH,20251211,9.06,9.07,8.76,8.76,9.05,-0.29,-3.2044,87943.03,77999.491,-0.2900000000000009,-0.5,-1.5999999999999996,8.998000000000001,9.112,9.346000000000002,8.974900978901307,9.094090309847555,9.2653815636189,0.3100000000000005,0.27428571428571413,0.0,0.2900000000000009,0.05224343967461228,0.09604194616679654,0.5439648170381807,35.23168475313314,9.135,9.524615384615384,9.136444608594276,9.322618427734733,-0.18617381914045694,-0.13815132925362997,-0.13157426912742592,-0.10919910002606203,0.38529458233641717
603336.SH,20251212,8.74,9.03,8.67,8.88,8.76,0.12,1.3699,92965.95,82695.176,-0.16999999999999993,-0.6499999999999986,-1.3499999999999996,8.964000000000002,9.047,9.278500000000001,8.943267319267537,9.055164798966182,9.228678557559958,0.35999999999999943,0.2607142857142855,0.120000000000001,0.0,0.05708319398356861,0.08918180715488251,0.6400766681530902,39.02724065173661,9.105,9.507692307692308,9.096991591887464,9.28983187753216,-0.1928402856446958,-0.15091562036419662,-0.1438274724308799,-0.0980256264276318,0.05711561223214618
603336.SH,20251215,8.95,8.95,8.45,8.58,8.88,-0.3,-3.3784,100976.42,87608.142,-0.47000000000000064,-0.6699999999999999,-1.5,8.870000000000001,8.98,9.203500000000002,8.822178212845026,8.968771199154148,9.166899647316152,0.5,0.2757142857142855,0.0,0.3000000000000007,0.05300582298474228,0.10424024950096238,0.5084967010200117,33.708837458920364,9.048333333333334,9.46076923076923,9.017454423904777,9.237251738455704,-0.21979731455092733,-0.1641598932877615,-0.1590214408548894,-0.12155174739207586,0.08616563376160843
603336.SH,20251216,8.57,8.58,8.31,8.41,8.58,-0.17,-1.9814,95010.33,79924.523,-0.6699999999999999,-0.7300000000000004,-1.3399999999999999,8.736,8.907,9.136500000000002,8.684785475230019,8.867176435671574,9.094813966619375,0.2699999999999996,0.27642857142857125,0.0,0.16999999999999993,0.049219692771546406,0.10893737453660791,0.45181640351545604,31.12076722796485,8.955,9.388076923076923,8.923999897150196,9.17597383190343,-0.2519739347532344,-0.17931336569278322,-0.1776119396345584,-0.14872399023735194,-0.059083992084488605
603336.SH,20251217,8.48,8.48,8.18,8.44,8.41,0.03,0.3567,128950.45,106978.455,-0.6100000000000012,-0.7200000000000006,-1.1300000000000008,8.613999999999999,8.834999999999999,9.080000000000002,8.603190316820013,8.789507992822196,9.032450731703243,0.3000000000000007,0.28499999999999986,0.02999999999999936,0.0,0.04784685757357876,0.10115613349827877,0.4730000635541581,32.11134033578181,8.8875,9.31230769230769,8.849538374511704,9.121457251762434,-0.27191887725073016,-0.19454906149445725,-0.19647332715779275,-0.15089110018587482,0.35722557747141803
603336.SH,20251218,8.41,8.7,8.34,8.44,8.44,0.0,0.0,76129.32,64952.5,-0.3200000000000003,-0.6100000000000012,-1.2200000000000006,8.55,8.774000000000001,9.019,8.548793544546676,8.725961085036342,8.97602685249341,0.35999999999999943,0.28285714285714264,0.0,-0.0,0.044429224889751706,0.09393069539125887,0.4730000635541581,32.11134033578181,8.829166666666667,9.231923076923076,8.786532470740672,9.070978936817069,-0.2844464660763961,-0.20967555117326142,-0.21406795494151343,-0.14075702226976539,-0.40962346389640353
603336.SH,20251219,8.47,8.59,8.39,8.57,8.44,0.13,1.5403,62196.41,53027.758,-0.3100000000000005,-0.4800000000000004,-0.5299999999999994,8.488,8.725999999999999,8.9925,8.555862363031117,8.697604524120644,8.937357628446419,0.1999999999999993,0.2664285714285712,0.13000000000000078,0.0,0.050541423111912356,0.08722136000616895,0.5794615345178943,36.687283726397666,8.78,9.163076923076922,8.753219782934416,9.033869385941731,-0.28064960300731556,-0.22339183547614302,-0.22738428455467385,-0.10653063690528342,-0.1830163463958433
603336.SH,20251222,8.58,8.7,8.5,8.61,8.57,0.04,0.4667,67691.94,58180.149,0.02999999999999936,-0.4400000000000013,-0.9400000000000013,8.494,8.682,8.945500000000001,8.573908242020746,8.68167642882598,8.906180711451523,0.1999999999999993,0.26428571428571396,0.03999999999999915,0.0,0.04978846431820427,0.08099126286287117,0.6147387083283622,38.07047574680133,8.743333333333334,9.100769230769231,8.731185970175275,9.002471653649751,-0.2712856834744759,-0.23575831144084425,-0.23616456433863428,-0.07024223827168324,0.08835767209072032
603336.SH,20251223,8.6,8.62,8.42,8.43,8.61,-0.18,-2.0906,66493.75,56220.637,0.019999999999999574,-0.6500000000000004,-0.9299999999999997,8.498000000000001,8.616999999999999,8.899000000000001,8.525938828013832,8.635917078130348,8.860830167503758,0.1999999999999993,0.269285714285714,0.0,0.17999999999999972,0.04623214543833254,0.0880633155155232,0.524987563410363,34.425694740508035,8.691666666666665,9.037307692307694,8.684849667071386,8.960066345971992,-0.2752166789006054,-0.24825585142209305,-0.2439749872510285,-0.062483383299153816,-0.017700630237514278
603336.SH,20251224,8.47,8.49,8.34,8.44,8.43,0.01,0.1186,74290.96,62535.772,0.0,-0.6100000000000012,-0.8000000000000007,8.498,8.556000000000001,8.859,8.497292552009222,8.600295791197556,8.820751103931972,0.15000000000000036,0.25571428571428545,0.009999999999999787,0.0,0.0436441350498802,0.08177307869298582,0.5337225373859359,34.799158542431556,8.640833333333333,8.986923076923075,8.647180487521942,8.92154291293703,-0.27436242541508804,-0.2580545854526076,-0.2500524748838404,-0.04861990106249525,0.11726229908826027
603336.SH,20251225,8.45,8.51,8.37,8.5,8.44,0.06,0.7109,53032.99,44819.562,0.0600000000000005,-0.2599999999999998,-0.7599999999999998,8.51,8.53,8.821000000000002,8.498195034672815,8.582060192798,8.790203379747975,0.14000000000000057,0.25428571428571406,0.0600000000000005,0.0,0.044812411117745934,0.07593214450062968,0.5901639076896389,37.113401004497234,8.5925,8.94576923076923,8.62453733559549,8.890317511978731,-0.2657801763832417,-0.2661590177568905,-0.2531980151837207,-0.025164322399041983,-0.28614477454592063
603336.SH,20251226,8.52,8.6,8.45,8.46,8.5,-0.04,-0.4706,54442.41,46317.382,-0.10999999999999943,-0.41999999999999993,-1.0699999999999985,8.488,8.488,8.767500000000002,8.485463356448545,8.55986743047109,8.758755438819597,0.15000000000000036,0.2514285714285713,0.0,0.03999999999999915,0.041611524609335517,0.07336556275058463,0.5671806096655876,36.191145179279324,8.543333333333335,8.899615384615386,8.59922389935003,8.858442140721047,-0.259218241371018,-0.27053912073690056,-0.2544020604211802,-0.009632361899675645,0.026576287703182596
603336.SH,20251229,8.46,8.64,8.35,8.54,8.46,0.08,0.9456,95837.66,81282.908,-0.07000000000000028,-0.040000000000000924,-0.7100000000000009,8.474,8.484,8.732,8.503642237632363,8.556255170385437,8.737921587503445,0.2900000000000009,0.2549999999999999,0.0799999999999983,0.0,0.04435355856581143,0.06812516541125715,0.6510598293311791,39.432842939126814,8.524999999999999,8.878076923076922,8.590112530219256,8.83485383400097,-0.24474130378171388,-0.26973549507339833,-0.2524699090932869,0.01545721062314609,0.7603493306045782
603336.SH,20251230,8.5,8.83,8.4,8.69,8.54,0.15,1.7564,164562.39,142883.31,0.2599999999999998,0.27999999999999936,-0.45000000000000107,8.526,8.512,8.7095,8.565761491754909,8.580572412133538,8.73335762678883,0.4299999999999997,0.2757142857142857,0.15000000000000036,0.0,0.05189973295396778,0.06325908216759593,0.820431330579012,45.067963663208495,8.509166666666665,8.845,8.605479833262448,8.82412392037127,-0.21864408710882088,-0.2638160739465195,-0.24570474469639372,0.05412131517514568,0.7170952421000263
603336.SH,20251231,8.69,8.69,8.38,8.56,8.69,-0.13,-1.496,105974.0,90062.573,0.120000000000001,0.120000000000001,-0.5999999999999996,8.55,8.524,8.6795,8.563840994503273,8.576831973563802,8.716847376618466,0.3099999999999987,0.2757142857142855,0.0,0.129999999999999,0.04819260917154151,0.06802629058419615,0.7084409389027836,41.46710154099723,8.5075,8.81423076923077,8.598482935837456,8.804559185528953,-0.20607624969149718,-0.2551082721259752,-0.23777904569541444,0.06340559200783452,-0.3560253955961627
603336.SH,20260105,8.55,8.64,8.42,8.58,8.56,0.02,0.2336,76351.64,65308.288,0.08000000000000007,0.14000000000000057,-0.47000000000000064,8.565999999999999,8.538,8.656,8.56922732966885,8.577407978370383,8.703814293130993,0.22000000000000064,0.2657142857142856,0.019999999999999574,0.0,0.04617885137357423,0.06316726982818215,0.7310566294725546,42.231814778659455,8.521666666666667,8.788846153846155,8.595639407247077,8.787925171786068,-0.19228576453899038,-0.2452900678517168,-0.22868038946412964,0.07278924985027851,-0.279524789099213
603336.SH,20260106,8.58,9.16,8.56,8.79,8.58,0.21,2.4476,144241.4,127636.998,0.3299999999999983,0.21999999999999886,-0.26000000000000156,8.632,8.559999999999999,8.643,8.642818219779233,8.616061073212132,8.712022455689945,0.5999999999999996,0.27285714285714274,0.20999999999999908,0.0,0.057880361989747435,0.05865532198331199,0.9867878997615077,49.66750098890581,8.550833333333332,8.77076923076923,8.625541036901373,8.788078862764879,-0.16253782586350596,-0.23320697256160905,-0.21545187674400493,0.10582810176099794,0.8891722561558598
603336.SH,20260107,8.8,8.87,8.67,8.76,8.79,-0.03,-0.3413,96834.63,85044.01,0.22000000000000064,0.15000000000000036,-0.2900000000000009,8.675999999999998,8.575,8.628499999999999,8.681878813186156,8.64223178717356,8.716591745624235,0.1999999999999993,0.26785714285714274,0.0,0.02999999999999936,0.053746050419051186,0.05660851327021823,0.949434057073656,48.70306095395066,8.577499999999999,8.741153846153846,8.646227031224239,8.785998947004517,-0.13977191578027792,-0.21815755443712823,-0.20031588455125954,0.12108793754196323,-0.32866271403355757
603336.SH,20260108,8.69,9.15,8.69,9.1,8.76,0.34,3.8813,177849.08,160587.84,0.41000000000000014,0.6699999999999999,0.019999999999999574,8.758,8.642,8.6295,8.821252542124103,8.725462371323822,8.753106817469547,0.46000000000000085,0.2792857142857142,0.33999999999999986,0.0,0.07419276110340466,0.05256504803663121,1.411446652758724,58.53111662843597,8.621666666666666,8.735384615384614,8.71603825718974,8.809258284263441,-0.09322002707370025,-0.19803062128808513,-0.17889671305574767,0.17135337196409484,0.8366268348420393
603336.SH,20260109,9.05,9.19,8.91,8.97,9.1,-0.13,-1.4286,135663.31,122002.238,0.41000000000000014,0.5300000000000011,-0.08000000000000007,8.84,8.694999999999999,8.625499999999999,8.870835028082737,8.769923758355853,8.773763311043876,0.27999999999999936,0.27357142857142847,0.0,0.129999999999999,0.06889327816744718,0.05809611603401462,1.185849982245129,54.25120625282433,8.651666666666666,8.728846153846153,8.755109294545166,8.821165078021705,-0.06605578347653918,-0.17583902207622928,-0.15632852713990597,0.1805454873267336,-0.23719982133165937
603336.SH,20260112,8.97,8.97,8.76,8.82,8.97,-0.15,-1.6722,122662.59,108101.636,0.2400000000000002,0.3200000000000003,0.0600000000000005,8.888,8.726999999999999,8.628499999999999,8.853890018721826,8.77902852956388,8.778166805230173,0.21000000000000085,0.2742857142857143,0.0,0.15000000000000036,0.06397232972691524,0.06466067917444217,0.9893544352407762,49.73243669979966,8.684166666666668,8.71576923076923,8.765092479999756,8.821078775946024,-0.05598629594626736,-0.15325769480681256,-0.13626008090117825,0.16054756990982177,-0.09583077399482588
603336.SH,20260113,8.76,8.87,8.63,8.67,8.82,-0.15,-1.7007,105245.12,91843.46,-0.11999999999999922,0.20999999999999908,-0.21000000000000085,8.864,8.748000000000001,8.617999999999999,8.79259334581455,8.759205160552265,8.767865204732061,0.23999999999999844,0.2771428571428571,0.0,0.15000000000000036,0.05940287760356416,0.07075634494769632,0.8395413534641346,45.6386235559832,8.703333333333331,8.701153846153845,8.750462867692102,8.809887755505576,-0.059424887813474214,-0.1326669819214526,-0.12089304228363744,0.12293630894032645,-0.14199496358262126
603336.SH,20260114,8.67,8.71,8.43,8.55,8.67,-0.12,-1.3841,131072.2,112593.019,-0.20999999999999908,0.010000000000001563,-0.02999999999999936,8.822,8.748999999999999,8.616499999999998,8.711728897209701,8.72116785863367,8.747116137614722,0.28000000000000114,0.2828571428571429,0.0,0.11999999999999922,0.05515981491759529,0.07427374888000367,0.742655591637245,42.6163147325922,8.707499999999998,8.681923076923077,8.719622426508701,8.79063681065331,-0.07101438414460937,-0.11626368159209576,-0.11091731065583184,0.07980585302244494,0.2453993116260404
603336.SH,20260115,8.55,8.6,8.45,8.49,8.55,-0.06,-0.7018,65537.96,55777.375,-0.6099999999999994,-0.1999999999999993,0.08000000000000007,8.700000000000001,8.729,8.6205,8.637819264806467,8.679137338882093,8.72262888641332,0.15000000000000036,0.2828571428571429,0.0,0.0600000000000005,0.05121982813776706,0.07325419538857487,0.6992067534981837,41.14900979876144,8.709999999999999,8.660384615384617,8.684295899353517,8.768367417271584,-0.08407151791806733,-0.10270760028393688,-0.10554815210827895,0.04295326838042324,-0.4999858093478251
603336.SH,20260116,8.49,8.65,8.45,8.55,8.49,0.06,0.7067,66173.9,56488.803,-0.41999999999999993,-0.009999999999999787,0.11000000000000121,8.616,8.727999999999998,8.626000000000001,8.608546176537645,8.655657822721711,8.706188040088241,0.20000000000000107,0.28714285714285726,0.0600000000000005,0.0,0.051846983270783735,0.06802175286081953,0.7622118085793633,43.25313250476021,8.710833333333332,8.64,8.663634991760668,8.752192053029244,-0.08855706126857577,-0.09118218880944637,-0.10214993394033832,0.02718574534352511,0.009703384115098908
603336.SH,20260119,8.56,8.97,8.54,8.85,8.55,0.3,3.5088,155433.51,137046.885,0.02999999999999936,0.2699999999999996,0.41000000000000014,8.622000000000002,8.754999999999999,8.646500000000001,8.689030784358431,8.690992764045035,8.719884417222694,0.4300000000000015,0.30714285714285733,0.29999999999999893,0.0,0.06957219875144197,0.06316305622790384,1.101469797478019,52.414257811361196,8.724166666666665,8.632307692307693,8.692306531489796,8.759437086138188,-0.0671305546483918,-0.08058138089665591,-0.09514605808194901,0.05603100686711443,1.348864280328045
603336.SH,20260120,8.8,8.87,8.57,8.63,8.85,-0.22,-2.4859,90584.79,78369.752,-0.03999999999999915,-0.15999999999999837,0.0600000000000005,8.614,8.738999999999999,8.6495,8.669353856238956,8.6799031705823,8.71132399653482,0.29999999999999893,0.3078571428571429,0.0,0.21999999999999886,0.06460275598348182,0.07436569506876776,0.8687171675561168,46.48735413996402,8.729999999999999,8.627307692307692,8.682720911260597,8.749849153831654,-0.06712824257105687,-0.0725098616511869,-0.0895424949797706,0.04482850481742745,-0.41721196413823514
603336.SH,20260121,8.64,9.14,8.53,9.09,8.63,0.46,5.3302,204814.8,182525.353,0.5399999999999991,0.33000000000000007,0.4800000000000004,8.722,8.772,8.6735,8.809569237492639,8.754466230476426,8.747388377817217,0.6100000000000012,0.32071428571428584,0.4599999999999991,0.0,0.09284541627037592,0.06905385970671292,1.3445362310624058,57.34764143325442,8.772499999999999,8.635384615384616,8.74537923260512,8.775045512807088,-0.029666280201967155,-0.06544833422099433,-0.07756725202420992,0.09580194364448552,1.2610285898990328
603336.SH,20260122,9.09,9.76,9.09,9.6,9.09,0.51,5.6106,288810.85,274996.281,1.1099999999999994,0.5,1.17,8.944,8.822,8.732,9.073046158328426,8.908199643117076,8.828589484691767,0.6699999999999999,0.34642857142857164,0.5099999999999998,0.0,0.12264217225106333,0.06412144115623343,1.912654644680283,65.66705902375294,8.839999999999998,8.674615384615386,8.876859350665871,8.836153252599155,0.04070609806671577,-0.05358590293841045,-0.053912582006024785,0.1892373601454811,0.410107326228378
603336.SH,20260123,9.6,9.66,9.36,9.4,9.6,-0.2,-2.0833,164847.61,156237.557,0.8499999999999996,0.4299999999999997,0.9600000000000009,9.114,8.865,8.78,9.182030772218951,8.997617889823061,8.88300953376874,0.3000000000000007,0.35214285714285737,0.0,0.1999999999999993,0.1138820170902731,0.0738270525022167,1.5425513173081604,60.669427075371054,8.893333333333333,8.712692307692306,8.957342527486507,8.877919678332551,0.07942284915395526,-0.03854044237171905,-0.027245495774028777,0.21333668985596807,-0.4292194701133977
603336.SH,20260126,9.56,10.0,9.5,9.72,9.4,0.32,3.4043,269781.74,263926.439,0.870000000000001,0.9000000000000004,1.2200000000000006,9.288,8.955000000000002,8.841,9.361353848145967,9.128960091673413,8.96272291150505,0.5999999999999996,0.35214285714285737,0.3200000000000003,0.0,0.12860473015525362,0.06855369160920123,1.8759708942937856,65.22913350812763,8.945,8.761923076923077,9.074674446334736,8.940295998456067,0.13437844787866915,-0.017006738405925346,0.005079292956510807,0.2585983098443167,0.6365523285414937
603336.SH,20260127,9.86,9.86,9.45,9.73,9.72,0.01,0.1029,143294.18,137741.994,1.0999999999999996,1.0600000000000005,1.2699999999999996,9.508,9.061,8.9045,9.484235898763979,9.23824007500552,9.03579691993314,0.41000000000000014,0.36714285714285744,0.009999999999999787,0.0,0.12013296371559264,0.06365699935140115,1.88719174544234,65.36426783643383,9.008333333333335,8.81153846153846,9.175493762283239,8.998792591163026,0.17670117112021266,0.01051721217905488,0.03940366858925118,0.27459500506192297,-0.468851450064782
603336.SH,20260128,9.68,9.97,9.58,9.61,9.73,-0.12,-1.2333,117153.04,113679.761,0.5199999999999996,1.0599999999999987,1.0700000000000003,9.612,9.167,8.957999999999998,9.526157265842652,9.30583278864088,9.090482927558556,0.39000000000000057,0.36214285714285743,0.0,0.120000000000001,0.11155203773590745,0.0676814993977297,1.6481909935294567,62.23837319727383,9.074166666666668,8.85153846153846,9.242340875778124,9.04406721403984,0.1982736617382841,0.04188889880753837,0.07117766721905777,0.25419198903845264,-0.18242987956663698
