open,high,low,close,pre_close,change,pct_chg,vol,amount,mtm_5,mtm_10,mtm_20,ma_5,ma_10,ma_20,ema_5,ema_10,ema_20,tr,atr,u,d,au,ad,rs,rsi,ma_12,ma_26,ema_12,ema_26,dif,dif_ma_9,dea,volume_change_rate
1.5,1.55,1.42,1.469,,-0.105,-6.67,41418,5925050.0,,,,,,,,,,0.1300000000000001,,,,,,,,,,,,,,,
1.56,1.56,1.4,1.4,1.469,-0.069,-4.7,11876,1739542.0,,,,,,,,,,0.1600000000000001,,0.0,0.0690000000000001,,,,,,,,,,,,-0.7132647641122217
1.302,1.4,1.26,1.263,1.4,-0.137,-9.79,106666,13964271.0,,,,,,,,,,0.1399999999999999,,0.0,0.137,,,,,,,,,,,,7.981643651060963
1.137,1.26,1.137,1.137,1.263,-0.126,-9.98,153720,17655128.0,,,,,,,,,,0.1259999999999999,,0.0,0.1259999999999999,,,,,,,,,,,,0.4411340070875442
1.023,1.251,1.023,1.251,1.137,0.114,10.03,9790,1045453.0,,,,1.3039999999999998,,,1.2852222222222225,,,0.2279999999999999,,0.1139999999999998,0.0,,,,,,,,,,,,-0.936312776476711
1.315,1.376,1.301,1.376,1.251,0.125,9.99,7066,966256.0,-0.0930000000000002,,,1.2854,,,1.3154814814814817,,,0.125,,0.125,0.0,,,,,,,,,,,,-0.2782431052093973
1.426,1.514,1.426,1.514,1.376,0.138,10.03,36122,5455891.0,0.1140000000000001,,,1.3082,,,1.3816543209876544,,,0.1380000000000001,,0.1380000000000001,0.0,,,,,,,,,,,,4.112086045853382
1.615,1.66,1.514,1.587,1.514,0.073,4.82,80254,12612980.0,0.324,,,1.373,,,1.4501028806584362,,,0.1459999999999999,,0.0729999999999999,0.0,,,,,,,,,,,,1.2217485189081447
1.52,1.626,1.429,1.438,1.587,-0.149,-9.39,1725,254830.0,0.3009999999999999,,,1.4331999999999998,,,1.446068587105624,,,0.1969999999999998,,0.0,0.149,,,,,,,,,,,,-0.9785057442619682
1.438,1.513,1.352,1.513,1.438,0.075,5.22,7976,1169486.0,0.262,,,1.4856,1.3948,,1.468379058070416,1.439301432915035,,0.1609999999999998,,0.0749999999999999,0.0,,,,,,,,,,,,3.623768115942029
1.488,1.57,1.488,1.567,1.513,0.054,3.57,5391,827434.0,0.191,0.0979999999999998,,1.5238,1.4045999999999998,,1.5012527053802776,1.4625193542032109,,0.082,,0.054,0.0,,,,,,,,,,,,-0.3240972918756268
1.467,1.634,1.467,1.576,1.567,0.009,0.57,42087,6533103.0,0.062,0.1760000000000001,,1.5362,1.4222,,1.5261684702535183,1.483152198893536,,0.1669999999999998,,0.0090000000000001,0.0,,,,,1.42425,,1.4743520342366725,,,,,6.806900389538119
1.508,1.597,1.508,1.559,1.576,-0.017,-1.08,10208,1585271.0,-0.028,0.296,,1.5306,1.4518,,1.537112313502346,1.49694270818562,,0.0889999999999999,,0.0,0.0170000000000001,,,,,1.43175,,1.4873747982002612,,,,,-0.7574547960177727
1.559,1.65,1.559,1.609,1.559,0.05,3.21,241529,38897748.0,0.171,0.472,,1.5648,1.499,,1.5610748756682309,1.51731676124278,,0.0909999999999999,0.1414285714285714,0.05,0.0,,,,,1.4491666666666667,,1.5060863677079133,,,,,22.66075626959248
1.562,1.71,1.562,1.7,1.609,0.091,5.66,27125,4553434.0,0.187,0.449,,1.6021999999999998,1.5439,,1.6073832504454872,1.5505318955622744,,0.1479999999999999,0.1427142857142856,0.0909999999999999,0.0,0.0339129330196295,0.0422038519273092,0.8035506587891613,44.55381693179809,1.4855833333333333,,1.535919234214388,,,,,-0.8876946453634967
1.72,1.763,1.659,1.681,1.7,-0.019,-1.12,45850,7892892.0,0.1140000000000001,0.3050000000000001,,1.625,1.5744,,1.6319221669636583,1.5742533690964062,,0.1039999999999998,0.1387142857142856,0.0,0.0189999999999999,0.0314905806610845,0.0405464339325014,0.7766547537449945,43.71444435717693,1.530916666666667,,1.5582393520275593,,,,,0.6903225806451614
1.681,1.699,1.583,1.584,1.681,-0.097,-5.77,1181,196066.0,0.008,0.07,,1.6266000000000005,1.5814,,1.6159481113091057,1.5760254838061505,,0.1160000000000001,0.1369999999999999,0.0,0.0969999999999999,0.0292412534710071,0.0445788315087513,0.6559448168861655,39.611514236301815,1.5586666666666666,,1.562202528638704,,,,,-0.9742420937840786
1.44,1.545,1.44,1.53,1.584,-0.054,-3.41,1473,224073.0,-0.0289999999999999,-0.0569999999999999,,1.6207999999999998,1.5757,,1.5872987408727373,1.567657214023214,,0.1440000000000001,0.1382857142857142,0.0,0.054,0.0271525925087923,0.045251772115269,0.6000337940274907,37.5013200513177,1.5714999999999997,,1.5572482934635188,,,,,0.2472480948348856
1.53,1.545,1.477,1.545,1.53,0.015,0.98,1112,169054.0,-0.064,0.1069999999999999,,1.608,1.5863999999999998,,1.573199160581825,1.5635377205644474,,0.0679999999999998,0.1268571428571428,0.0149999999999999,0.0,0.0262845501867357,0.0420195026784641,0.625532157956907,38.48168459140936,1.5740833333333333,,1.5553639406229771,,,,,-0.2450780719619824
1.527,1.625,1.527,1.54,1.545,-0.005,-0.32,215,33279.0,-0.1599999999999999,0.0270000000000001,,1.576,1.5890999999999995,1.49195,1.562132773721217,1.5592581350072752,1.5292404230161083,0.098,0.1249285714285713,0.0,0.0049999999999998,0.0244070823162546,0.0393752524871452,0.6198584332690363,38.26621021554951,1.5701666666666665,,1.5530002574502118,,,,,-0.8066546762589928
1.458,1.563,1.458,1.487,1.54,-0.053,-3.44,2078,319543.0,-0.1939999999999999,-0.0799999999999998,0.018,1.5372,1.5811,1.49285,1.5370885158141447,1.5461202922786796,1.5252175255860028,0.1049999999999999,0.1225714285714285,0.0,0.0529999999999999,0.0226637192936649,0.0403484487380634,0.561699891879232,35.9672107810243,1.57425,,1.5428463716886407,,,,,8.665116279069768
1.449,1.451,1.434,1.449,1.487,-0.038,-2.56,273,39537.0,-0.135,-0.127,0.0490000000000001,1.5102,1.5684,1.4953,1.50772567720943,1.5284620573189196,1.5179587136254309,0.0530000000000001,0.1159285714285714,0.0,0.038,0.0210448822012603,0.0401807023996303,0.5237559560794024,34.37269294927105,1.5689166666666663,,1.5284084683519268,,,,,-0.868623676612127
1.449,1.564,1.432,1.5,1.449,0.051,3.52,62326,9511269.0,-0.03,-0.0589999999999999,0.2370000000000001,1.5042,1.5625,1.5071499999999998,1.5051504514729537,1.5232871378063886,1.5162483599468184,0.1320000000000001,0.1112857142857142,0.0509999999999999,0.0,0.0231845334725988,0.0373106522282282,0.6213918033589912,38.32459261676737,1.5633333333333332,,1.5240379347593227,,,,,227.3003663003663
1.5,1.583,1.5,1.502,1.5,0.002,0.13,1110,166724.0,-0.0429999999999999,-0.1069999999999999,0.365,1.4956,1.5518,1.5254,1.5041003009819691,1.5194167491143178,1.5148913732852167,0.0829999999999999,0.1057142857142857,0.002,0.0,0.0216713525102704,0.0346456056404976,0.6255151875578276,38.48104233941985,1.5571666666666666,,1.5206474832578885,,,,,-0.9821904181240574
1.506,1.559,1.506,1.556,1.502,0.054,3.6,2625,407838.0,0.016,-0.1439999999999999,0.3050000000000001,1.4988,1.5374,1.54065,1.521400200654646,1.526068249275351,1.5188064805913866,0.0569999999999999,0.1039285714285714,0.054,0.0,0.0239805416166796,0.0321709195233192,0.745410512723992,42.70688799511468,1.5569166666666667,,1.526086331987444,,,,,1.364864864864865
1.568,1.6,1.56,1.586,1.556,0.03,1.93,65059,10390604.0,0.0989999999999999,-0.0949999999999999,0.2100000000000002,1.5186,1.5279000000000005,1.55115,1.5429334671030974,1.536964931225287,1.525205863392207,0.044,0.0951428571428571,0.03,0.0,0.0244105029297739,0.0298729967002249,0.8171427585499021,44.96855047327103,1.555,1.4968846153846154,1.5353038193739912,1.517517510014171,0.0177863093598205,,,23.784380952380957
1.608,1.7,1.608,1.699,1.586,0.113,7.12,82185,13627128.0,0.25,0.1149999999999999,0.185,1.5686,1.5394,1.5604,1.5949556447353983,1.5664258528206894,1.5417576859262825,0.1139999999999998,0.0969285714285714,0.1129999999999999,0.0,0.0307383241490758,0.0277392112216374,1.108118176233466,52.56432911238967,1.5549166666666665,1.505730769230769,1.5604878471626078,1.5309606574205283,0.0295271897420794,,,0.2632379839837686
1.667,1.7,1.643,1.699,1.699,0.0,0.0,3083,521190.0,0.199,0.169,0.1120000000000001,1.6084,1.5563,1.566,1.6296370964902658,1.5905302432169277,1.5567331444094936,0.0569999999999999,0.0945,0.0,-0.0,0.0285427295669989,0.0257578389915205,1.108118176233466,52.56432911238967,1.5564166666666666,1.5172307692307692,1.581797409137591,1.543408016130119,0.0383893930074721,,,-0.9624870718500944
1.647,1.699,1.633,1.633,1.699,-0.066,-3.88,25410,4294089.0,0.131,0.088,0.195,1.6346,1.5651,1.57575,1.630758064326844,1.598252017177486,1.5639966544657322,0.066,0.0886428571428571,0.0,0.066,0.0265039631693562,0.0286322790635547,0.9256672551467392,48.0699483606373,1.5605,1.5314615384615389,1.589674730808731,1.5500444593797398,0.0396302714289911,,,7.241972105092442
1.63,1.71,1.613,1.659,1.633,0.026,1.59,6394,1045235.0,0.1029999999999999,0.119,0.1460000000000001,1.6552,1.5770000000000002,1.58305,1.6401720428845628,1.6092971049633975,1.5730445921356624,0.0969999999999999,0.0881428571428571,0.026,0.0,0.0264679658001164,0.0265871162733008,0.9955184882798273,49.88771059385083,1.5712499999999998,1.5515384615384618,1.6003401568381568,1.5581152401664258,0.042224916671731,,,-0.7483667847304212
1.705,1.736,1.678,1.715,1.659,0.056,3.38,16858,2865302.0,0.129,0.2279999999999999,0.1480000000000001,1.6810000000000005,1.5998,1.59045,1.6651146952563751,1.6285158131518709,1.586564154789409,0.0769999999999999,0.0853571428571428,0.056,0.0,0.0285773968143938,0.0246880365394936,1.1575402834761024,53.65092333808672,1.585416666666667,1.5693846153846152,1.6179801327092096,1.5697363334874312,0.0482437992217783,,,1.6365342508601812
1.688,1.738,1.688,1.738,1.715,0.023,1.34,2299,397369.0,0.0389999999999999,0.2889999999999999,0.1619999999999999,1.6888,1.6286999999999998,1.59855,1.6894097968375834,1.6484220289424396,1.6009866162380368,0.05,0.0786428571428571,0.0229999999999999,0.0,0.0281790113276514,0.0229246053581012,1.229203769812916,55.14093356822539,1.6019166666666669,1.583307692307692,1.6364447276770235,1.5822003087846586,0.0542444188923649,,,-0.8636255783604223
1.738,1.758,1.646,1.646,1.738,-0.092,-5.29,21507,3645804.0,-0.0530000000000001,0.1459999999999999,0.0869999999999999,1.6782,1.6433,1.6029,1.674939864558389,1.647981660043814,1.6052736051677474,0.1120000000000001,0.0817857142857143,0.0,0.092,0.0261662248042477,0.0278585621182368,0.9392525247065328,48.433739945687066,1.6151666666666664,1.5883846153846155,1.637914769572866,1.5869262118376468,0.0509885577352191,,,8.354936929099608
1.59,1.669,1.538,1.66,1.646,0.014,0.85,15100,2390213.0,0.0269999999999999,0.1579999999999999,0.0509999999999999,1.6835999999999998,1.6591,1.60545,1.6699599097055928,1.6501668127631204,1.6104856427708192,0.131,0.0841428571428571,0.014,0.0,0.0252972087468015,0.0258686648240771,0.9779093323462242,49.44156520997928,1.63275,1.5911923076923078,1.6413124973308866,1.5923390850348582,0.0489734122960283,0.0411120298172761,0.0421277944457672,-0.2979030083228716
1.648,1.649,1.616,1.616,1.66,-0.044,-2.65,3299,539940.0,-0.0429999999999999,0.06,-0.0839999999999998,1.675,1.6651,1.6012499999999998,1.651973273137062,1.6439546649880077,1.611010819649789,0.0439999999999998,0.0797857142857142,0.0,0.0439999999999998,0.0234902652648871,0.0271637601937858,0.8647648594048797,46.37393583665344,1.6424166666666669,1.5980384615384615,1.6374182669722888,1.5940917454026464,0.0433265215696423,0.0439498311739229,0.0423675398705422,-0.7815231788079471
1.595,1.595,1.531,1.533,1.616,-0.083,-5.14,3762,576887.0,-0.1820000000000001,-0.0530000000000001,-0.1480000000000001,1.6385999999999998,1.6598,1.59385,1.612315515424708,1.6237810895356426,1.6035812177783804,0.0850000000000001,0.0820714285714285,0.0,0.0830000000000001,0.021812389174538,0.0311520630370869,0.7001908396426306,41.183073294866496,1.6449999999999998,1.5988076923076924,1.621353918207321,1.5895664309283764,0.0317874872789447,0.0442009753446858,0.0402515293522227,0.1403455592603819
1.454,1.454,1.38,1.38,1.533,-0.153,-9.98,298,42036.0,-0.3580000000000001,-0.3190000000000002,-0.2040000000000001,1.5669999999999995,1.6279,1.58365,1.5348770102831388,1.5794572550746169,1.5822877684661536,0.153,0.0835714285714285,0.0,0.153,0.0202543613763567,0.0398554871058664,0.5081950528557326,33.69557882407034,1.6303333333333334,1.5916153846153844,1.5842225461754256,1.5740429916003484,0.0101795545750771,0.0410665488521974,0.0342371343967936,-0.9207868155236576
1.242,1.261,1.242,1.242,1.38,-0.138,-10.0,124,15483.0,-0.4039999999999999,-0.4570000000000001,-0.288,1.4861999999999995,1.5821999999999998,1.56925,1.4372513401887592,1.5181013905155951,1.5498794095646151,0.1379999999999999,0.0875,0.0,0.1379999999999999,0.0188076212780455,0.0468658094554473,0.401307936352297,28.63809773296009,1.6016666666666666,1.578769230769231,1.531572923686899,1.549447214444767,-0.0178742907578683,0.0346771530536575,0.0238148493658612,-0.5838926174496644
1.348,1.348,1.185,1.348,1.242,0.106,8.53,792,102540.0,-0.3119999999999998,-0.2849999999999999,-0.1969999999999998,1.4238,1.5537,1.5594,1.407500893459173,1.4871738649673052,1.5306527991298895,0.163,0.0950714285714285,0.1060000000000001,0.0,0.0250356483296137,0.0435182516372011,0.5752907662359367,36.5196558353833,1.5724166666666666,1.5706538461538462,1.5033309354273758,1.5345251985599695,-0.0311942631325936,0.0265194664087325,0.0128130268661702,5.387096774193548
1.34,1.34,1.228,1.302,1.348,-0.046,-3.41,760,97200.0,-0.314,-0.357,-0.238,1.361,1.518,1.5475,1.372333928972782,1.453505889518704,1.5088763420699003,0.1200000000000001,0.1005,0.0,0.046,0.0232473877346413,0.043695519377401,0.5320313859609295,34.72718580286955,1.5393333333333334,1.558846153846154,1.4723569453616256,1.5173011097777491,-0.0449441644161237,0.0161652482267434,0.0012615886097114,-0.0404040404040404
1.231,1.342,1.231,1.342,1.302,0.04,3.07,192,25605.0,-0.1909999999999998,-0.373,-0.145,1.3228000000000002,1.4807,1.54025,1.362222619315188,1.433232091424394,1.4929833571108622,0.1109999999999999,0.1002857142857143,0.04,0.0,0.0244440028964526,0.0405744108504438,0.6024487450120372,37.59550793042754,1.5150833333333331,1.5450769230769232,1.4523020306906065,1.504315842386805,-0.0520138116961987,0.0043587781613474,-0.0093934914514705,-0.7473684210526316
1.275,1.333,1.268,1.333,1.342,-0.009,-0.67,149,19045.0,-0.0469999999999999,-0.405,-0.1160000000000001,1.3134,1.4402,1.53445,1.3524817462101255,1.4150080748017768,1.4777468469098276,0.074,0.1015,0.0,0.0090000000000001,0.0226980026895631,0.0383190957896978,0.5923418134429358,37.19941336980807,1.4879166666666663,1.5316923076923077,1.4339478721228207,1.4916257799877826,-0.0576779078649618,-0.0077152735720059,-0.0190503747341688,-0.2239583333333333
1.206,1.265,1.206,1.25,1.333,-0.083,-6.23,725,88361.0,0.008,-0.3959999999999999,-0.25,1.3150000000000002,1.4006,1.52195,1.3183211641400838,1.3850066066559992,1.4560566710136535,0.127,0.1058571428571428,0.0,0.0829999999999999,0.0210767167831658,0.0415105889475765,0.5077431401848684,33.675705539778654,1.4491666666666665,1.518846153846154,1.4056481994885406,1.4737275740627616,-0.0680793745742209,-0.0207211387798114,-0.0288561747021792,3.8657718120805367
1.2,1.242,1.16,1.242,1.25,-0.008,-0.64,60,7057.0,-0.1060000000000001,-0.4179999999999999,-0.26,1.2937999999999998,1.3588,1.50895,1.2928807760933894,1.3590054054458176,1.4356703213933055,0.09,0.1053571428571428,0.0,0.008,0.0195712370129396,0.0391169754513211,0.5003259272255087,33.347815840971364,1.4078333333333335,1.507769230769231,1.3804715534133805,1.4565625685766312,-0.0760910151632507,-0.0339897539723551,-0.0383031427943935,-0.9172413793103448
1.215,1.26,1.215,1.22,1.242,-0.022,-1.77,39319,4784229.0,-0.082,-0.3960000000000001,-0.3360000000000001,1.2774,1.3192,1.49215,1.2685871840622598,1.3337316953647598,1.4151302907844194,0.0449999999999999,0.1030714285714285,0.0,0.022,0.0181732915120154,0.0378943343476553,0.4795780642374549,32.413163984329536,1.3723333333333334,1.4952692307692308,1.355783622119014,1.4390394153487327,-0.0832557932297186,-0.0467723406955399,-0.0472936728814585,654.3166666666667
1.208,1.242,1.208,1.242,1.22,0.022,1.8,144,17400.0,-0.1,-0.2909999999999999,-0.3440000000000001,1.2574,1.2901,1.47495,1.25972478937484,1.3170532052984398,1.3986416916620938,0.034,0.1019285714285714,0.022,0.0,0.0184466278325857,0.0351875961799656,0.5242366582315305,34.39338998969931,1.3375,1.4838076923076924,1.3382784494853197,1.4244439031006786,-0.0861654536153588,-0.0574773416055884,-0.0550680290282386,-0.9963376484651186
1.217,1.335,1.217,1.31,1.242,0.068,5.48,10354,1361044.0,-0.0229999999999999,-0.0699999999999998,-0.389,1.2528,1.2831,1.4555000000000002,1.27648319291656,1.315770804335087,1.3901996257895135,0.1179999999999998,0.1023571428571428,0.068,0.0,0.0219861544159724,0.0326741964528252,0.6728904396383837,40.22322225619494,1.312,1.477,1.3339279187952706,1.4159665769450729,-0.082038658149802,-0.0646067157602477,-0.0604621548525513,70.90277777777777
1.201,1.359,1.201,1.32,1.31,0.01,0.76,56,7322.0,0.07,0.078,-0.379,1.2668,1.2909000000000002,1.43655,1.2909887952777068,1.3165397490014348,1.3835139471428932,0.1579999999999999,0.1042857142857142,0.01,0.0,0.0211300005291173,0.0303403252776234,0.6964328937073424,41.052781768772185,1.29425,1.4720384615384616,1.3317851620575367,1.408857941615808,-0.0770727795582713,-0.0697043286964341,-0.0637842797936953,-0.9945914622368168
1.202,1.3,1.202,1.3,1.32,-0.02,-1.52,37519,4696211.0,0.058,-0.048,-0.3329999999999999,1.2784,1.2861,1.4199,1.293992530185138,1.3135325219102647,1.375560237891189,0.1180000000000001,0.1095714285714285,0.0,0.02,0.0196207147770375,0.029601730614936,0.6628232326098378,39.86131656156392,1.2875833333333333,1.464346153846154,1.326895137125608,1.4007943903850075,-0.0738992532593996,-0.0729215607901314,-0.0658072744868361,668.9821428571429
1.28,1.309,1.189,1.261,1.3,-0.039,-3.0,9036,1167454.0,0.0409999999999999,-0.0410000000000001,-0.3980000000000001,1.2866,1.282,1.4,1.2829950201234257,1.3039811542902164,1.3646497390444092,0.1199999999999998,0.1120714285714285,0.0,0.0390000000000001,0.0182192351501062,0.030273035571012,0.6018304674920704,37.57142092785482,1.2891666666666668,1.4550769230769232,1.3167574237216682,1.3904392503564884,-0.0736818266348202,-0.0753291180055338,-0.067382184916433,-0.7591620245742157
1.3,1.3,1.135,1.141,1.261,-0.12,-9.52,449,51538.0,-0.1009999999999999,-0.201,-0.5740000000000001,1.2664,1.2619,1.3713,1.2356633467489504,1.2743482171465408,1.3433497638973226,0.165,0.1129285714285714,0.0,0.1199999999999998,0.0169178612108129,0.0366821044587969,0.4612020346274273,31.563194116754925,1.2719166666666666,1.4391153846153846,1.2897178200721808,1.3719622688486004,-0.0822444487764195,-0.0780587336623624,-0.0703546376884303,-0.9503098716246128
1.13,1.248,1.054,1.247,1.141,0.106,9.29,2750,324231.0,-0.0629999999999999,-0.0859999999999998,-0.4909999999999999,1.2538,1.2533,1.34675,1.239442231165967,1.2693758140289877,1.3341735959071015,0.1939999999999999,0.1169285714285714,0.1060000000000001,0.0,0.0232808711243263,0.0340619541403114,0.6834860686038572,40.59944904508081,1.2673333333333334,1.4260769230769232,1.2831458477533837,1.362705804489445,-0.0795599567360612,-0.0793343539025669,-0.0721957014979565,5.124721603563474
1.245,1.245,1.143,1.212,1.247,-0.035,-2.81,235,27907.0,-0.1080000000000001,-0.038,-0.4339999999999999,1.2322,1.2494999999999998,1.32505,1.2302948207773114,1.2589438478418988,1.3225380153445203,0.104,0.1127142857142857,0.0,0.0350000000000001,0.021617951758303,0.0341289574160034,0.6334196352615832,38.77874500756472,1.2565,1.4073461538461538,1.2722003327144016,1.3515424115643009,-0.0793420788498993,-0.0796955832010834,-0.073624976968345,-0.9145454545454546
1.124,1.228,1.123,1.228,1.212,0.016,1.32,141,16952.0,-0.072,-0.014,-0.4319999999999999,1.2178,1.2481,1.3034500000000002,1.2295298805182076,1.2533176936888262,1.3135343948355185,0.1049999999999999,0.1116428571428571,0.016,0.0,0.0212166694898528,0.0316911747434317,0.669481950783478,40.10117931908723,1.24775,1.389230769230769,1.265400281527571,1.3423911218187972,-0.0769908402912264,-0.0789994773190287,-0.0742981496329213,-0.4
1.231,1.231,1.208,1.213,1.228,-0.015,-1.22,52,6334.0,-0.0479999999999998,-0.0069999999999998,-0.403,1.2082000000000002,1.2474,1.2833,1.2240199203454718,1.2459872039272213,1.303959690565469,0.0230000000000001,0.1053571428571428,0.0,0.0149999999999999,0.0197011930977204,0.0304989479760438,0.6459630382397217,39.24529428865839,1.2446666666666666,1.3730769230769229,1.2573386997540985,1.332806594276664,-0.0754678945225657,-0.0778108596420517,-0.0745320986108502,-0.6312056737588653
1.231,1.276,1.231,1.276,1.213,0.063,5.19,669,82638.0,0.135,0.034,-0.2569999999999999,1.2352,1.2508,1.27045,1.241346613563648,1.2514440759404537,1.3012968628925672,0.0629999999999999,0.1045714285714285,0.0629999999999999,0.0,0.0227939650193118,0.0283204516920406,0.8048588090040242,44.59400397353906,1.2475,1.358346153846154,1.2602096690226985,1.3285986984043183,-0.06838902938162,-0.0762942342233648,-0.0733034847650042,11.865384615384617
1.185,1.222,1.185,1.222,1.276,-0.054,-4.23,135,16416.0,-0.0250000000000001,-0.088,-0.1579999999999999,1.2302,1.242,1.26255,1.2348977423757654,1.246090607587644,1.2937447807123228,0.0909999999999999,0.102,0.0,0.054,0.0211658246607895,0.0301547051426092,0.7019078634889999,41.24241262097774,1.2476666666666667,1.3393846153846156,1.2543312584038218,1.320702498522517,-0.0663712401186953,-0.0751051742856341,-0.0719170358357424,-0.7982062780269058
1.274,1.274,1.228,1.25,1.222,0.028,2.29,42,5198.0,0.038,-0.07,0.008,1.2378,1.235,1.26295,1.2399318282505103,1.246801406208072,1.289578611120673,0.052,0.0992857142857142,0.028,0.0,0.0216539800421617,0.0280007976324228,0.7733344001989453,43.60905648208184,1.2483333333333333,1.3206153846153847,1.25366491095708,1.315465276409738,-0.0618003654526582,-0.0737608534182184,-0.0698937017591255,-0.6888888888888889
1.189,1.286,1.189,1.244,1.25,-0.006,-0.48,610,75832.0,0.016,-0.056,-0.104,1.241,1.2293999999999998,1.25775,1.2412878855003402,1.2462920596247862,1.2852377910139423,0.0969999999999999,0.103,0.0,0.006,0.0201072671820073,0.0264293120872497,0.7607941937961997,43.20744562179405,1.2428333333333332,1.3051538461538463,1.2521780015790678,1.310171552231239,-0.0579935506521711,-0.0720177116423685,-0.0675136715377347,13.523809523809524
1.216,1.249,1.216,1.22,1.244,-0.024,-1.93,95,11538.0,0.0069999999999998,-0.0409999999999999,-0.082,1.2424,1.2253,1.25365,1.2341919236668937,1.2415116851475525,1.2790246680602335,0.0330000000000001,0.1029285714285714,0.0,0.024,0.0186710338118639,0.0262557897953033,0.7111206311989839,41.55876670721345,1.2345,1.2882307692307693,1.2472275397976726,1.303492177991888,-0.0562646381942153,-0.0691310660221236,-0.0652638648690308,-0.8442622950819672
1.195,1.237,1.195,1.195,1.22,-0.025,-2.05,630,75809.0,-0.0809999999999999,0.054,-0.147,1.2262,1.2307,1.2463,1.2211279491112623,1.2330550151207245,1.2710223187211636,0.042,0.0975,0.0,0.0249999999999999,0.0173373885395879,0.0261660905242102,0.6625899472275575,39.8528782356982,1.22575,1.2720384615384617,1.2391925336749536,1.2954557203628592,-0.0562631866879055,-0.066542536016773,-0.0634637292328057,5.631578947368421
1.196,1.2,1.196,1.2,1.195,0.005,0.42,17,2080.0,-0.022,-0.0470000000000001,-0.133,1.2218,1.226,1.23965,1.2140852994075082,1.2270450123715018,1.264258288366767,0.0049999999999998,0.0865714285714285,0.0049999999999998,0.0,0.0164561465010459,0.0242970840581952,0.677288947991906,40.37998037265874,1.2206666666666666,1.2592307692307694,1.233162913109576,1.2883849262619065,-0.0552220131523304,-0.0638625287170431,-0.0618153860167107,-0.973015873015873
1.27,1.27,1.269,1.269,1.2,0.069,5.75,74,9397.0,0.0189999999999999,0.0569999999999999,0.0189999999999999,1.2256,1.2317,1.2406,1.2323901996050055,1.2346731919403195,1.2647098799508845,0.07,0.0831428571428571,0.0689999999999999,0.0,0.0202092788938283,0.0225615780540384,0.8957387131974576,47.25011453116633,1.2313333333333334,1.254961538461539,1.2386763110927184,1.2869490057980617,-0.0482726947053433,-0.060671623651945,-0.0591068477544372,3.352941176470588
1.169,1.3,1.169,1.289,1.269,0.02,1.58,174,22150.0,0.0449999999999999,0.0609999999999999,0.0469999999999999,1.2346,1.2378,1.24295,1.2512601330700035,1.2445507934057158,1.267023224717467,0.131,0.0839285714285714,0.02,0.0,0.020194330401412,0.0209500367644642,0.9639281605302944,49.08164055603832,1.2348333333333332,1.2567692307692309,1.246418417078454,1.2871009312945016,-0.0406825142160476,-0.0568065813956652,-0.0554219810467593,1.351351351351351
1.288,1.33,1.287,1.329,1.289,0.04,3.1,926,122357.0,0.1089999999999999,0.1159999999999998,0.1089999999999999,1.2564,1.2494,1.2484,1.277173422046669,1.2599051946046764,1.272925774744375,0.0430000000000001,0.0752142857142857,0.04,0.0,0.0216090210870255,0.0194536055670025,1.1107977394010198,52.62454657148867,1.2445833333333334,1.2560384615384617,1.259123275989461,1.2902045660134274,-0.0310812900239663,-0.0526612770225925,-0.0505538428422007,4.32183908045977
1.313,1.34,1.313,1.34,1.329,0.011,0.83,344,45709.0,0.145,0.064,0.098,1.2854,1.2558,1.2533,1.2981156146977797,1.2744678864947352,1.2793137961972918,0.0270000000000001,0.0632857142857143,0.0110000000000001,0.0,0.0208512338665236,0.0180640623122166,1.1542937300665812,53.58107457477056,1.2539166666666668,1.2575,1.2715658489141592,1.2938931166790992,-0.0223272677649399,-0.0477675023166197,-0.0449085278267485,-0.6285097192224622
1.335,1.355,1.327,1.328,1.34,-0.012,-0.9,277,37197.0,0.1280000000000001,0.1060000000000001,0.018,1.3110000000000002,1.2664,1.2542,1.3080770764651866,1.2842009980411468,1.2839505775118354,0.028,0.0578571428571428,0.0,0.012,0.0193618600189148,0.0176309150042011,1.0981766978231835,52.33957173209102,1.2634999999999998,1.2569615384615385,1.2802480260042886,1.2964195524806474,-0.0161715264763588,-0.0426976313192531,-0.0391611275566706,-0.1947674418604651
1.333,1.356,1.332,1.356,1.328,0.028,2.11,176,23688.0,0.0870000000000001,0.1060000000000001,0.036,1.3284,1.277,1.256,1.3240513843101245,1.2972553620336655,1.2908124272726131,0.028,0.0523571428571428,0.028,0.0,0.0199788700175637,0.0163715639324725,1.2203397366293334,54.96184734692511,1.2701666666666669,1.2578461538461538,1.2919021758497826,1.3008329189635623,-0.0089307431137797,-0.0372462082594319,-0.0331150506680924,-0.3646209386281588
1.225,1.38,1.225,1.38,1.356,0.024,1.77,1085,148101.0,0.0909999999999999,0.1359999999999999,0.0799999999999998,1.3466,1.2906,1.2600000000000002,1.3427009228734164,1.3122998416639082,1.2993064818180786,0.1549999999999998,0.0617857142857143,0.0239999999999998,0.0,0.0202660935877378,0.0152021665087244,1.3331056186042398,57.138674219204816,1.2833333333333334,1.262846153846154,1.3054556872575085,1.3066971471884836,-0.0012414599309753,-0.0311325217857385,-0.026740332520669,5.164772727272728
1.384,1.407,1.367,1.383,1.38,0.003,0.22,1056,146276.0,0.054,0.163,0.1220000000000001,1.3574,1.3069,1.2661,1.3561339485822776,1.3251544159068338,1.3072772930734995,0.04,0.0601428571428571,0.0030000000000001,0.0,0.0190328011886136,0.014116297472387,1.3482856411777857,57.41574268203383,1.2944166666666668,1.268269230769231,1.317385581525584,1.312349210359707,0.0050363711658769,-0.0243214598019849,-0.0203849917833598,-0.0267281105990783
1.383,1.439,1.383,1.42,1.383,0.037,2.68,48,6691.0,0.0799999999999998,0.2249999999999998,0.2789999999999999,1.3734,1.3294,1.28005,1.377422632388185,1.3423990675601365,1.3180127889712616,0.056,0.0576428571428571,0.0369999999999999,0.0,0.0203161725322841,0.0131079905100736,1.5499074794623091,60.7828908282246,1.3090833333333334,1.2759615384615386,1.3331724151370326,1.320323342925655,0.0128490722113778,-0.016758005872684,-0.0137381789844123,-0.9545454545454546
1.408,1.415,1.342,1.344,1.42,-0.076,-5.35,3598,508681.0,0.016,0.1440000000000001,0.0969999999999999,1.3766,1.3438,1.2849,1.366281754925457,1.342690146185566,1.320487761450189,0.0779999999999998,0.0595,0.0,0.0759999999999998,0.0188650173514066,0.0176002769022112,1.071859122229864,51.73417008566984,1.319416666666667,1.2798846153846155,1.334838197423643,1.3220771693756062,0.0127610280480368,-0.0099764811223084,-0.0084383375779224,73.95833333333333
1.233,1.392,1.233,1.373,1.344,0.029,2.16,686,93947.0,0.0169999999999999,0.104,0.161,1.38,1.3542,1.29295,1.3685211699503048,1.3482010286972812,1.3254889270263617,0.1589999999999998,0.0639285714285714,0.0289999999999999,0.0,0.019588944683449,0.016343114266339,1.1986053798690808,54.51662180233787,1.33425,1.282307692307692,1.3407092439738515,1.325849230903339,0.0148600130705127,-0.0038050892015795,-0.0037786674482354,-0.8093385214007782
1.38,1.42,1.38,1.419,1.373,0.046,3.35,1158,162627.0,0.0390000000000001,0.1300000000000001,0.191,1.3878,1.3672,1.3024999999999998,1.3853474466335367,1.361073568934139,1.3343947435000414,0.0469999999999999,0.0649285714285714,0.046,0.0,0.0214754486346312,0.0151757489616005,1.4151162284623329,58.59412527583881,1.3525,1.2861153846153843,1.3527539756701823,1.332749287873462,0.0200046877967201,0.0018711305562745,0.0009780036007556,0.6880466472303206
1.304,1.47,1.304,1.424,1.419,0.005,0.35,125,18054.0,0.0409999999999999,0.0949999999999999,0.2109999999999998,1.396,1.3767,1.31305,1.3982316310890246,1.3725147382188412,1.3429285774524182,0.1659999999999999,0.0737857142857142,0.0049999999999998,0.0,0.0202986308750147,0.0140917668929147,1.440460307729101,59.0241235707488,1.3654166666666667,1.2908846153846154,1.3637149024901545,1.339508599882835,0.0242063026073189,0.0070415272643032,0.0056236634020683,-0.8920552677029361
1.411,1.443,1.368,1.443,1.424,0.019,1.33,341,48042.0,0.0230000000000001,0.1029999999999999,0.167,1.4006,1.387,1.3214,1.4131544207260165,1.38533024036087,1.3524591891236166,0.0749999999999999,0.0787857142857142,0.0190000000000001,0.0,0.0202058715267994,0.0130852121148494,1.544176078266955,60.69454435397485,1.3782500000000002,1.2978846153846153,1.3759126097993613,1.3471746295211438,0.0287379802782175,0.0120314724592562,0.0102465267772981,1.7280000000000002
1.433,1.448,1.416,1.416,1.443,-0.027,-1.87,15,2130.0,0.0719999999999998,0.0879999999999998,0.1939999999999999,1.4149999999999998,1.3958,1.3311,1.4141029471506776,1.390906560295257,1.3585106949213674,0.032,0.0760714285714285,0.0,0.0270000000000001,0.0187625949891708,0.0140791255352173,1.332653433783114,57.13036555206605,1.3855000000000002,1.3084615384615386,1.3820799005994595,1.35227280511217,0.0298070954872895,0.0163356767482639,0.0141586405192964,-0.9560117302052786
1.413,1.439,1.413,1.439,1.416,0.023,1.62,95,13478.0,0.066,0.0829999999999999,0.189,1.4282,1.4041,1.34055,1.4224019647671184,1.3996508220597557,1.3661763430240943,0.026,0.0685714285714285,0.0230000000000001,0.0,0.0190652667756586,0.0130734737112732,1.458316832749566,59.32176086182004,1.39375,1.315846153846154,1.3908368389687733,1.3586970417705275,0.0321397971982455,0.0200447053181773,0.0177548718550862,5.333333333333333
1.449,1.449,1.448,1.448,1.439,0.009,0.63,14,2028.0,0.0289999999999999,0.068,0.2039999999999999,1.434,1.4109,1.35075,1.430934643178079,1.408441581685255,1.373969072259895,0.01,0.0662142857142856,0.0089999999999998,0.0,0.0183463191488259,0.012139654160468,1.511271977464525,60.179542121533245,1.4037499999999998,1.3249230769230766,1.399631171435116,1.3653120757134516,0.0343190957216643,0.0232983413799315,0.0210677166284018,-0.8526315789473684
1.383,1.383,1.383,1.383,1.448,-0.065,-4.49,5,640.0,-0.0409999999999999,0.0,0.163,1.4258000000000002,1.4108999999999998,1.3589,1.414956428785386,1.403815839560663,1.3748291606160954,0.0649999999999999,0.0689285714285713,0.0,0.0649999999999999,0.0170358677810526,0.015915393149006,1.0704019449319493,51.70019993229536,1.406,1.3308846153846154,1.3970725296758677,1.36662229232727,0.0304502373485975,0.0252540263951781,0.022944220772441,-0.6428571428571428
1.417,1.417,1.4,1.4,1.383,0.017,1.23,25,3501.0,-0.0430000000000001,-0.02,0.2049999999999998,1.4172,1.4089,1.36915,1.4099709525235906,1.4031220505496331,1.3772263834145624,0.034,0.0693571428571428,0.0169999999999999,0.0,0.0170333057966917,0.0147785793526484,1.152567198121059,53.54384286479494,1.4076666666666666,1.338076923076923,1.3975229097257342,1.3690947151178423,0.0284281946078917,0.0269948226796064,0.0240410155395311,4.0
1.399,1.453,1.399,1.451,1.4,0.051,3.64,184,26531.0,0.0350000000000001,0.1069999999999999,0.2510000000000001,1.4242,1.4196,1.3817,1.4236473016823938,1.4118271322678817,1.384252442136985,0.054,0.0712142857142856,0.0510000000000001,0.0,0.0194594982397851,0.0137229665417449,1.4180241699628002,58.64392041972912,1.413333333333333,1.344807692307692,1.4057501543833135,1.3751617732572616,0.0305883811260521,0.0287424191302219,0.0253504886568353,6.36
1.463,1.466,1.463,1.465,1.451,0.014,0.96,83,12159.0,0.026,0.092,0.1960000000000001,1.4294,1.4288,1.3915000000000002,1.437431534454929,1.421494926400994,1.3919426857429866,0.0149999999999999,0.0612142857142856,0.014,0.0,0.0190695340798005,0.012742754645906,1.4965001375057585,59.94392369635136,1.4170833333333333,1.354153846153846,1.4148655152474192,1.381816456719687,0.0330490585277325,0.0301917936558899,0.0268902026310147,-0.5489130434782609
1.494,1.517,1.494,1.517,1.465,0.052,3.55,100,15022.0,0.0689999999999999,0.0979999999999998,0.2279999999999999,1.4432,1.4386,1.4029,1.4639543563032862,1.4388594852371768,1.4038529061484164,0.0519999999999998,0.0620714285714285,0.0519999999999998,0.0,0.0214217102169576,0.0118325578854841,1.8104040076775887,64.41792719950033,1.4315,1.3644230769230767,1.4305785129016624,1.3918300525182286,0.0387484603834338,0.0318075889643471,0.0292618541814985,0.2048192771084338
1.517,1.555,1.517,1.547,1.517,0.03,1.98,254,39479.0,0.1639999999999999,0.123,0.2179999999999999,1.476,1.4509,1.4138000000000002,1.4916362375355243,1.4585213970122357,1.41748596270571,0.038,0.0607857142857142,0.03,0.0,0.0220344452014606,0.0109873751793781,2.005433039441153,66.72692464357996,1.446,1.376076923076923,1.4484895109167912,1.4033241227020634,0.0451653882147278,0.0336328565128483,0.0324425609881444,1.54
1.55,1.569,1.542,1.569,1.547,0.022,1.42,2162,334362.0,0.169,0.1259999999999999,0.2289999999999998,1.5098,1.4634999999999998,1.42525,1.5174241583570165,1.4786084157372836,1.4319158710194522,0.0269999999999999,0.0571428571428571,0.022,0.0,0.0220319848299277,0.0102025626665654,2.1594559670903277,68.34898126714704,1.4585,1.3894999999999995,1.4670295861603615,1.415596409909318,0.0514331762510438,0.0360357543754877,0.0362406840407243,7.511811023622048
1.562,1.572,1.559,1.572,1.569,0.003,0.19,82,12748.0,0.121,0.1560000000000001,0.244,1.534,1.4791,1.43745,1.5356161055713444,1.4955887037850504,1.445257216636647,0.0130000000000001,0.0467142857142856,0.0030000000000001,0.0,0.0206725573420757,0.0094738081903822,2.182074718703144,68.57396232331243,1.4708333333333332,1.404,1.483178880597229,1.427181861027146,0.0559970195700829,0.0386865568612474,0.040191951146596,-0.962072155411656
1.573,1.574,1.572,1.573,1.572,0.001,0.06,10,1515.0,0.1079999999999998,0.1339999999999999,0.2169999999999998,1.5556,1.4925000000000002,1.4483,1.5480774037142295,1.5096634849150412,1.4574231960045856,0.002,0.0434999999999999,0.0009999999999998,0.0,0.0192673746747846,0.0087971076053549,2.1901942705641533,68.65394658792488,1.4816666666666665,1.418346153846154,1.4969975143515015,1.437983204654765,0.0590143096967366,0.0414304695251443,0.0439564228566241,-0.8780487804878049
1.54,1.549,1.539,1.549,1.573,-0.024,-1.53,19,2913.0,0.032,0.1009999999999999,0.169,1.5619999999999998,1.5026,1.45675,1.5483849358094866,1.5168155785668518,1.466144796385101,0.034,0.0340714285714285,0.0,0.024,0.0178911336265857,0.0098830284906866,1.810288581424764,64.416465746268,1.4927499999999998,1.4291153846153846,1.5049978967589628,1.4462066709766344,0.0587912257823284,0.0445794682400033,0.046923383441765,0.8999999999999999
1.537,1.563,1.537,1.556,1.549,0.007,0.45,20,3027.0,0.0090000000000001,0.173,0.173,1.5638,1.5199000000000005,1.4654,1.5509232905396575,1.523940018827424,1.4747024348246156,0.026,0.0305714285714285,0.0070000000000001,0.0,0.017113195510401,0.009177097884209,1.8647720364678169,65.09320856004403,1.5024999999999995,1.4393846153846153,1.512844374180661,1.4543395101635503,0.0585048640171106,0.0479213203965831,0.0492396795568341,0.0526315789473683
1.591,1.6,1.552,1.552,1.556,-0.004,-0.26,18456,2909357.0,-0.0169999999999999,0.1520000000000001,0.1320000000000001,1.5604,1.5351,1.472,1.5512821936931052,1.5290418335860745,1.4820641076984618,0.048,0.0317142857142857,0.0,0.004,0.0158908244025152,0.0088073051781941,1.8042777082210213,64.34019365955092,1.5111666666666668,1.4479615384615383,1.5188683166144057,1.461573620521806,0.0572946960925995,0.0508886887261995,0.0508506828639872,921.8
1.509,1.562,1.509,1.561,1.552,0.009,0.58,928,140126.0,-0.0110000000000001,0.1099999999999998,0.2169999999999998,1.5582,1.5461,1.48285,1.5545214624620702,1.534852409297697,1.4895818117271795,0.0530000000000001,0.0336428571428571,0.0089999999999998,0.0,0.0153986226594784,0.0081782119511802,1.882883783325783,65.3125108343296,1.5259999999999998,1.4564615384615385,1.525350114058343,1.4689385375201909,0.0564115765381523,0.0534845240606906,0.0519628615988202,-0.9497182488079756
1.486,1.556,1.486,1.535,1.561,-0.026,-1.67,196,29126.0,-0.038,0.0699999999999998,0.1619999999999999,1.5505999999999998,1.5531,1.49095,1.5480143083080469,1.5348792439708427,1.4939073534674483,0.0749999999999999,0.0382857142857142,0.0,0.026,0.0142987210409442,0.0094511968118102,1.5129005697010278,60.205349465180994,1.53725,1.464423076923077,1.526834711895521,1.4738319791853616,0.0530027327101594,0.0550683320969935,0.052170835821088,-0.7887931034482758
1.535,1.579,1.526,1.568,1.535,0.033,2.15,278,42514.0,0.0190000000000001,0.0510000000000001,0.149,1.5544,1.5582,1.4983999999999995,1.554676205538698,1.5409011996125077,1.500963795994358,0.0529999999999999,0.0374285714285714,0.0330000000000001,0.0,0.0156345266808768,0.0087761113252523,1.781486822744608,64.04800512363174,1.547,1.472576923076923,1.5331678331423635,1.480807388134594,0.0523604450077697,0.0558677828517759,0.0522087576584244,0.4183673469387754
1.53,1.576,1.53,1.576,1.568,0.008,0.51,38,5954.0,0.02,0.0290000000000001,0.1520000000000001,1.5584,1.5611000000000002,1.5059999999999998,1.561784137025799,1.5472827996829608,1.5081101011377525,0.046,0.0382857142857142,0.008,0.0,0.0150892033465284,0.0081492462305915,1.8516072431196215,64.93205709121384,1.55625,1.4801153846153845,1.5397573972743075,1.4878586927172168,0.0518987045570908,0.0559195082191145,0.0521467470381577,-0.8633093525179856
1.534,1.566,1.52,1.551,1.576,-0.025,-1.59,439,68722.0,-0.0010000000000001,-0.018,0.1079999999999998,1.5582,1.5593,1.5114,1.558189424683866,1.5479586542860588,1.5121948534103475,0.056,0.0384285714285714,0.0,0.0250000000000001,0.0140114031074907,0.0093528714998349,1.4980857063777653,59.96934783114371,1.5590833333333334,1.4865769230769232,1.541487028462876,1.4925358265900155,0.0489512018728603,0.0551366395860897,0.0515076380050982,10.552631578947368
1.593,1.593,1.564,1.573,1.551,0.022,1.42,4055,637297.0,0.012,0.0009999999999998,0.157,1.5606000000000002,1.5594,1.51925,1.5631262831225776,1.552511626234048,1.5179858197522191,0.042,0.0403571428571428,0.022,0.0,0.0145820171712414,0.0086848092498467,1.679025612623409,62.67299590985395,1.56125,1.4924615384615385,1.5463351779301258,1.498496135731496,0.0478390421986298,0.0538949431974112,0.0507739188438045,8.236902050113896
1.58,1.58,1.57,1.576,1.573,0.003,0.19,37,5829.0,0.0410000000000001,0.0030000000000001,0.137,1.5688,1.5597,1.5261,1.5674175220817186,1.5567822396460391,1.5235109797758173,0.01,0.0373571428571428,0.0030000000000001,0.0,0.0137547302304384,0.0080644657320005,1.7055972072468963,63.03958337473454,1.5618333333333334,1.5013846153846155,1.5508989967101063,1.504237162714348,0.0466618339957582,0.0525472329989034,0.0499515018741953,-0.9908754623921086
1.591,1.591,1.52,1.553,1.576,-0.023,-1.46,20,3039.0,-0.0150000000000001,0.004,0.1049999999999999,1.5658,1.5600999999999998,1.53135,1.5626116813878124,1.5560945597103957,1.5263194578924062,0.0709999999999999,0.0397142857142857,0.0,0.0230000000000001,0.0127722494996928,0.0091312896082862,1.3987344666083743,58.3113506759286,1.56025,1.5083076923076923,1.5512222279854746,1.5078492247355075,0.043373003249967,0.0508659151358875,0.0486358021493496,-0.4594594594594594
1.5,1.5,1.448,1.448,1.553,-0.105,-6.76,121,17593.0,-0.1280000000000001,-0.1080000000000001,0.0649999999999999,1.5402,1.5493,1.5346,1.524407787591875,1.5364410033994145,1.5188604619026531,0.1049999999999999,0.0452857142857143,0.0,0.1049999999999999,0.0118599459640005,0.0159790546362657,0.7422182497006659,42.601909940283775,1.5498333333333336,1.5094230769230768,1.5353418852184786,1.5034159488291736,0.0319259363893049,0.0480471640577436,0.0452938289973407,5.05
1.474,1.505,1.474,1.488,1.448,0.04,2.76,92,13569.0,-0.0629999999999999,-0.064,0.088,1.5276,1.5429,1.539,1.5122718583945831,1.5276335482358845,1.5159213702928769,0.0569999999999999,0.0484285714285714,0.04,0.0,0.0138699498237147,0.0148376935908182,0.934778019159101,48.31448413732635,1.5447499999999998,1.5118846153846153,1.5280585182617896,1.5022740266936794,0.0257844915681102,0.0446441546166278,0.0413919615114946,-0.2396694214876032
1.462,1.509,1.462,1.509,1.488,0.021,1.41,886,130376.0,-0.064,-0.052,0.0579999999999998,1.5148,1.5376999999999998,1.5419,1.5111812389297223,1.5242456303748144,1.5152621921697458,0.0469999999999999,0.0516428571428571,0.0209999999999999,0.0,0.0143792391220208,0.0137778583343312,1.0436483503529077,51.067902664011896,1.5408333333333335,1.5144230769230769,1.5251264385292065,1.502772246938592,0.0223541915906144,0.0412387611589006,0.0375844075273186,8.630434782608695
1.478,1.544,1.478,1.544,1.509,0.035,2.32,7,987.0,-0.032,0.0090000000000001,0.0789999999999999,1.5084,1.5386,1.54585,1.5221208259531482,1.5278373339430298,1.5179991262488175,0.066,0.0539285714285714,0.0350000000000001,0.0,0.015852150613305,0.0127937255961647,1.2390566371110243,55.3383338578579,1.540166666666667,1.519346153846154,1.528030063370867,1.5058261545727705,0.0222039087980965,0.0378880349133814,0.0345083077814741,-0.9920993227990972
1.501,1.53,1.481,1.53,1.544,-0.014,-0.91,10,1534.0,-0.0229999999999999,-0.038,0.0130000000000001,1.5038,1.5348,1.5465,1.524747217302099,1.528230545953388,1.519142066606073,0.0629999999999999,0.0565714285714285,0.0,0.014,0.0147198541409261,0.0128798880535815,1.1428557515166438,53.33330303300946,1.5375833333333333,1.5228461538461535,1.52833313054458,1.5076168097896023,0.0207163207549776,0.0344233256020355,0.0317499103761748,0.4285714285714286
1.519,1.521,1.497,1.5,1.53,-0.03,-1.96,492,73953.0,0.052,-0.076,-0.0469999999999999,1.5142,1.5272,1.54415,1.516498144868066,1.5230977194164084,1.5173190126435898,0.0329999999999999,0.0554999999999999,0.0,0.03,0.0136684359880028,0.0141027531926114,0.9692033747824428,49.21804355984919,1.5346666666666666,1.524846153846154,1.5239741873838757,1.5070526016570394,0.0169215857268361,0.0308644793635883,0.0287842454463071,48.2
1.48,1.495,1.48,1.495,1.5,-0.005,-0.33,14,2125.0,0.0070000000000001,-0.0559999999999998,-0.0739999999999998,1.5156,1.5216,1.54045,1.509332096578711,1.5179890431588796,1.5151933923918195,0.02,0.0531428571428571,0.0,0.0049999999999998,0.0126921191317169,0.0134525565359963,0.9434726475785778,48.54571268363743,1.5285833333333334,1.5291538461538463,1.5195166200940484,1.5061598163491106,0.0133568037449378,0.0270331195354003,0.0256987571060332,-0.9715447154471544
1.507,1.511,1.503,1.503,1.495,0.008,0.54,4695,707111.0,-0.006,-0.07,-0.0690000000000001,1.5144000000000002,1.5146000000000002,1.537,1.5072213977191409,1.5152637625845378,1.514032116925932,0.0159999999999997,0.0489285714285714,0.0079999999999997,0.0,0.0123569677651657,0.0124916596405679,0.9892174555441088,49.72897522023449,1.5225,1.5331153846153849,1.5169756016180411,1.505925755878806,0.0110498457392351,0.0230762319513422,0.0227689748326736,334.35714285714283
1.467,1.5,1.467,1.5,1.503,-0.003,-0.2,6,907.0,-0.044,-0.076,-0.0729999999999999,1.5056,1.507,1.53335,1.5048142651460938,1.5124885330237126,1.5126957248377475,0.0359999999999998,0.0477142857142856,0.0,0.0029999999999998,0.011474327210511,0.0118136839519559,0.9712742661116488,49.27139174943392,1.51825,1.535,1.514363970599881,1.5054868109988944,0.0088771596009866,0.0192433604347888,0.0199906117863362,-0.9987220447284344
1.491,1.491,1.491,1.491,1.5,-0.009,-0.6,1,149.0,-0.0389999999999999,-0.0619999999999998,-0.0579999999999998,1.4978,1.5008,1.53045,1.5002095100973962,1.508581527019401,1.5106294653293908,0.0089999999999998,0.0450714285714285,0.0,0.0089999999999998,0.0106547324097602,0.0116127065268162,0.9175063870903938,47.848935120503526,1.5114166666666666,1.536,1.5107695135845147,1.504413713887865,0.0063557996966496,0.0164022341356049,0.0172636493683989,-0.8333333333333334
1.438,1.482,1.438,1.482,1.491,-0.009,-0.6,16,2385.0,-0.018,0.034,-0.074,1.4942,1.5042,1.52675,1.4941396733982644,1.5037485221067823,1.5079028495837346,0.0530000000000001,0.0448571428571428,0.0,0.0090000000000001,0.0098936800947773,0.0114260846320436,0.8658854203679881,46.40614106932778,1.5035833333333333,1.5346538461538464,1.5063434345715123,1.5027534387850603,0.003589995786452,0.013936179048754,0.0145289186520095,15.0
1.495,1.496,1.495,1.495,1.482,0.013,0.88,39,5815.0,0.0,0.0070000000000001,-0.0569999999999999,1.4942,1.5049,1.5238999999999998,1.4944264489321764,1.5021578817237309,1.506674006766236,0.014,0.0428571428571428,0.0130000000000001,0.0,0.0101155600880075,0.0106099357297548,0.9534044640477082,48.80732493423969,1.49875,1.532653846153846,1.5045982907912796,1.502179109986167,0.0024191808051126,0.0117211778503649,0.0121069710826301,1.4375
1.495,1.501,1.495,1.501,1.495,0.006,0.4,14,2079.0,-0.002,-0.008,-0.06,1.4937999999999998,1.5041,1.5209,1.4966176326214509,1.5019473577739617,1.5061336251694517,0.0059999999999997,0.0425714285714285,0.0059999999999997,0.0,0.0098215915102927,0.0098520831776295,0.9969050538056736,49.92250642592076,1.5031666666666668,1.5300384615384617,1.504044707592621,1.5020917685057102,0.001952939086911,0.0094710701046776,0.0100761646834863,-0.641025641025641
1.461,1.564,1.461,1.564,1.501,0.063,4.2,29,4416.0,0.064,0.02,0.0290000000000001,1.5066,1.5061,1.52235,1.519078421747634,1.513229656360514,1.511644708486647,0.1029999999999999,0.0448571428571428,0.0630000000000001,0.0,0.0136200492595575,0.0091483629506559,1.4887963379919165,59.81993445044807,1.5095,1.5297307692307691,1.513268598732218,1.5066775634312133,0.0065910353010047,0.0079015939431251,0.00937913880699,1.0714285714285716
1.525,1.568,1.525,1.554,1.564,-0.01,-0.64,66,10213.0,0.0629999999999999,0.024,-0.014,1.5192,1.5085000000000002,1.52165,1.5307189478317562,1.5206424461131478,1.5156785457736326,0.0430000000000001,0.0404285714285713,0.0,0.01,0.0126471885981605,0.0092091941684662,1.3733219613792644,57.864966647051695,1.51325,1.529,1.5195349681580308,1.5101829291029754,0.0093520390550554,0.0070605332018161,0.0093737188566031,1.2758620689655171
1.559,1.586,1.559,1.58,1.554,0.026,1.67,579,91107.0,0.098,0.08,0.004,1.5388,1.5165000000000002,1.52185,1.547145965221171,1.53143472863803,1.521804398557096,0.032,0.0386428571428571,0.026,0.0,0.013600960841149,0.0085513945850043,1.5904962291179467,61.39735743446745,1.51625,1.5301923076923076,1.528837280749103,1.5153545639842363,0.0134827167648665,0.0070745235373637,0.0101955184382558,7.772727272727273
1.589,1.589,1.57,1.586,1.58,0.006,0.38,48,7647.0,0.0909999999999999,0.0909999999999999,0.0350000000000001,1.557,1.5256,1.5235999999999998,1.5600973101474471,1.5413556870674792,1.5279182653611822,0.0189999999999999,0.0366428571428571,0.006,0.0,0.0130580350667813,0.0079405806860754,1.6444685323429449,62.18521839947852,1.5209166666666667,1.531346153846154,1.537631545249241,1.5205875592446634,0.0170439860045776,0.0077405391224018,0.0115652119515201,-0.917098445595855
1.587,1.595,1.58,1.583,1.586,-0.003,-0.19,61,9634.0,0.082,0.08,0.01,1.5734,1.5336,1.5241,1.5677315400982983,1.5489273803279373,1.5331641448505935,0.0149999999999999,0.0329999999999999,0.0,0.0030000000000001,0.0121253182762969,0.0075876820656415,1.5980266662994038,61.50924803922865,1.5278333333333334,1.5325384615384616,1.5446113075185883,1.5252107030043178,0.0194006045142707,0.0089098107794334,0.0131322904640702,0.2708333333333332
1.56,1.567,1.548,1.567,1.583,-0.016,-1.01,231,36023.0,0.0029999999999998,0.0669999999999999,-0.0090000000000001,1.574,1.5403,1.52365,1.5674876933988655,1.552213311177403,1.536386607245775,0.0349999999999999,0.0309999999999999,0.0,0.016,0.0112592241137042,0.0081885619180957,1.3749940742125657,57.89463178633183,1.5338333333333332,1.5327692307692309,1.548055721746498,1.528306206485479,0.0197495152610185,0.0103980013976966,0.0144557354234599,2.7868852459016398
1.57,1.58,1.568,1.57,1.567,0.003,0.19,53,8288.0,0.016,0.0789999999999999,0.0170000000000001,1.5772,1.5482,1.5245000000000002,1.5683251289325773,1.5554472545996931,1.5395878827461775,0.0130000000000001,0.0295714285714285,0.0030000000000001,0.0,0.0106692795341539,0.0076036646382317,1.4031759739255378,58.3883989000389,1.5394166666666669,1.5341153846153843,1.5514317645547289,1.5313946356347032,0.0200371289200256,0.0122254606347603,0.015572014122773,-0.7705627705627706
1.576,1.584,1.576,1.584,1.57,0.014,0.89,69,10896.0,0.004,0.102,0.1360000000000001,1.578,1.5584000000000002,1.5313,1.5735500859550515,1.5606386628542943,1.5438176081989226,0.014,0.0291428571428571,0.014,0.0,0.0109071881388572,0.0070605457355009,1.5448080853035484,60.70430592487219,1.5464166666666666,1.5347307692307692,1.5564422623155398,1.535291329291392,0.0211509330241479,0.0143067664368753,0.016687797903048,0.3018867924528301
1.547,1.547,1.547,1.547,1.584,-0.037,-2.34,2,309.0,-0.0390000000000001,0.0519999999999998,0.0589999999999999,1.5702,1.5636,1.53425,1.564700057303368,1.5581589059716954,1.5441206931323586,0.0370000000000001,0.0306428571428571,0.0,0.0370000000000001,0.010128103271796,0.0091990781829651,1.1009911069732272,52.40341586021083,1.5510833333333334,1.5336153846153846,1.5549896065746875,1.5361586382327703,0.0188309683419172,0.0161821030207649,0.0171164319908218,-0.9710144927536232
1.558,1.559,1.555,1.555,1.547,0.008,0.52,806,125298.0,-0.028,0.054,0.046,1.5646,1.5690000000000002,1.53655,1.561466704868912,1.557584559431387,1.5451568175959434,0.012,0.0289285714285714,0.008,0.0,0.0099760958952391,0.0085420011698961,1.1678874419260257,53.87214388254559,1.5571666666666666,1.5337692307692308,1.5549912055631974,1.5375542946599725,0.0174369109032248,0.0173872003099005,0.0171805277733024,402.0
1.56,1.568,1.545,1.545,1.555,-0.01,-0.64,11,1751.0,-0.022,-0.0190000000000001,0.0009999999999998,1.5602,1.5671,1.5366,1.5559778032459417,1.5552964577165893,1.545141882586806,0.0230000000000001,0.0299285714285714,0.0,0.01,0.0092635176170078,0.008646143943475,1.071404510215064,51.72357716377788,1.5613333333333337,1.5326923076923078,1.553454097015013,1.5381058283888631,0.0153482686261496,0.018053448040022,0.0168140759438719,-0.9863523573200992
1.51,1.51,1.51,1.51,1.545,-0.035,-2.27,2,302.0,-0.06,-0.044,-0.02,1.5482,1.5627,1.5356,1.540651868830628,1.547060738131755,1.541795036626158,0.0349999999999999,0.0286428571428571,0.0,0.0349999999999999,0.0086018377872215,0.0105285622332268,0.8170002320046347,44.96423377465758,1.562083333333333,1.5301538461538462,1.5467688513203957,1.5360239151748736,0.010744936145522,0.0177492501934282,0.0156002479842019,-0.8181818181818181
1.382,1.382,1.382,1.382,1.51,-0.128,-8.48,232,31996.0,-0.2020000000000001,-0.1980000000000001,-0.1180000000000001,1.5078,1.5429,1.5296999999999998,1.487767912553752,1.5170496948350722,1.5265764617093809,0.1280000000000001,0.0367857142857143,0.0,0.1280000000000001,0.00798742080242,0.0189193792165677,0.4221819707184363,29.685509970651985,1.5469166666666665,1.5235769230769232,1.521419797271104,1.5246147362730311,-0.003194939001927,0.015500480748261,0.0118412105869761,115.0
1.42,1.42,1.415,1.415,1.382,0.033,2.39,18,2501.0,-0.1319999999999999,-0.171,-0.08,1.4814,1.5257999999999998,1.5257,1.463511941702501,1.498495204865059,1.5159501320227733,0.038,0.0390714285714286,0.0330000000000001,0.0,0.0097740336022471,0.0175679949868129,0.556354530473389,35.74728762502238,1.5353333333333332,1.522307692307692,1.5050475207678573,1.5164951261787327,-0.0114476054108754,0.0120729018676892,0.0071834473874058,-0.9224137931034484
1.415,1.415,1.34,1.34,1.415,-0.075,-5.3,13,1728.0,-0.2149999999999998,-0.2429999999999998,-0.1629999999999998,1.4384,1.5014999999999998,1.5175500000000002,1.4223412944683345,1.4696778948895937,1.4991929765920329,0.0749999999999999,0.0370714285714285,0.0,0.0749999999999999,0.0090758883449437,0.0216702810591834,0.4188172880710105,29.51876126632375,1.5153333333333334,1.5166153846153847,1.4796555944958791,1.5034214131284562,-0.023765818632577,0.0072378647684008,0.0009935941834092,-0.2777777777777778
1.347,1.357,1.347,1.357,1.34,0.017,1.27,10,1356.0,-0.1879999999999999,-0.2099999999999999,-0.143,1.4007999999999998,1.4805,1.5104000000000002,1.4005608629788897,1.4491910049096677,1.4856507883451726,0.0169999999999999,0.0352142857142857,0.0169999999999999,0.0,0.0096418963203049,0.0201224038406703,0.4791622510237696,32.39416437866285,1.49625,1.5107692307692309,1.4607855030349748,1.4925753825263484,-0.0317898794913735,0.0014793082782454,-0.0055631005515473,-0.2307692307692307
1.357,1.357,1.355,1.355,1.357,-0.002,-0.15,102,13841.0,-0.155,-0.215,-0.1360000000000001,1.3698,1.459,1.5036,1.3853739086525931,1.432065367653364,1.473207856121823,0.002,0.0330714285714285,0.0,0.002,0.0089531894402831,0.0188279464234795,0.4755266049152332,32.22758595684905,1.47725,1.5035,1.4445108102603632,1.482384613450323,-0.0378738031899594,-0.0050789957455443,-0.0120252410792297,9.2
1.22,1.312,1.22,1.311,1.355,-0.044,-3.25,2569,318209.0,-0.0709999999999999,-0.2730000000000001,-0.171,1.3556,1.4317,1.49505,1.3605826057683954,1.4100534826254796,1.4577594888721257,0.135,0.0413571428571428,0.0,0.044,0.0083136759088343,0.0206259502503739,0.4030687463082411,28.727654818682037,1.4559166666666667,1.495076923076923,1.4239706856049226,1.4696894568984469,-0.0457187712935243,-0.0122511890383711,-0.0187639471220886,24.186274509803923
1.314,1.314,1.207,1.207,1.311,-0.104,-7.93,7096,870575.0,-0.2079999999999999,-0.3399999999999998,-0.288,1.3139999999999998,1.3977,1.4806500000000002,1.3093884038455972,1.3731346676026652,1.433877632789066,0.1069999999999999,0.0479285714285714,0.0,0.1039999999999998,0.0077198419153461,0.0265812395182043,0.290424451804033,22.50611815345061,1.4256666666666666,1.4838076923076924,1.3905905801272422,1.450230978609673,-0.0596403984824307,-0.0208153345256662,-0.026939237394157,1.7621642662514598
1.207,1.233,1.207,1.233,1.207,0.026,2.15,13,1576.0,-0.1069999999999999,-0.3219999999999998,-0.2679999999999998,1.2926,1.3655000000000002,1.46725,1.2839256025637316,1.3476556371294537,1.4147464296662975,0.026,0.0472857142857143,0.026,0.0,0.0090255674928214,0.0246825795526183,0.3656654878223228,26.77562632159721,1.3964166666666664,1.4737307692307693,1.3663458754922817,1.4341397950089565,-0.0677939195166748,-0.0300533554304244,-0.0351101738186606,-0.9981679819616686
1.204,1.26,1.203,1.239,1.233,0.006,0.49,3255,393202.0,-0.1179999999999998,-0.3059999999999998,-0.3249999999999999,1.269,1.3349,1.451,1.2689504017091546,1.32790006674228,1.3980086744599838,0.0569999999999999,0.0504285714285714,0.006,0.0,0.0088094555290485,0.0229195381560027,0.384364443519176,27.764686193621664,1.37075,1.4635769230769229,1.346754202339623,1.4196849953786634,-0.0729307930390403,-0.0393506586731536,-0.0426742976627365,249.3846153846154
1.265,1.273,1.252,1.262,1.239,0.023,1.86,50,6269.0,-0.0929999999999999,-0.248,-0.292,1.2504000000000002,1.3100999999999998,1.4364,1.2666336011394366,1.3159182364255018,1.385055467368557,0.0339999999999998,0.0518571428571428,0.0229999999999999,0.0,0.0098230658484021,0.0212824282877168,0.461557568319005,31.579841829279477,1.3463333333333336,1.4544230769230768,1.3337150942873732,1.4080046253506142,-0.0742895310632409,-0.0472500577910774,-0.0489973443428374,-0.9846390168970814
1.251,1.251,1.251,1.251,1.262,-0.011,-0.87,1,125.0,-0.06,-0.131,-0.3290000000000002,1.2384,1.297,1.41995,1.2614224007596244,1.304114920711774,1.3722882800001228,0.0110000000000001,0.0499999999999999,0.0,0.0110000000000001,0.009121418287802,0.0205479691243084,0.4439085066081437,30.74353427357528,1.3218333333333332,1.4451923076923074,1.3209896951662388,1.3963746531024206,-0.0753849579361818,-0.054354208071667,-0.0542748670615063,-0.98
1.187,1.225,1.18,1.225,1.251,-0.026,-2.08,42,4966.0,0.018,-0.1899999999999999,-0.361,1.2420000000000002,1.278,1.4019,1.2492816005064165,1.2897303896732697,1.3582608247620158,0.0709999999999999,0.0542142857142857,0.0,0.0259999999999998,0.0084698884101018,0.0209373999011435,0.404533917778361,28.80200418500662,1.2980833333333333,1.4353076923076922,1.3062220497560482,1.3836802343540933,-0.0774581845980451,-0.0603200265122745,-0.0589115305688141,41.0
1.221,1.239,1.207,1.237,1.225,0.012,0.98,12,1474.0,0.004,-0.1029999999999999,-0.3459999999999998,1.2428,1.2677,1.3846,1.2451877336709445,1.2801430460963112,1.346712174784681,0.032,0.0548571428571428,0.012,0.0,0.0087220392379517,0.0194418713367761,0.4486213845810802,30.968850063663453,1.286,1.4253846153846157,1.295572503639733,1.3728150318093455,-0.0772425281696127,-0.0653703208098567,-0.0625777300889738,-0.7142857142857143
1.23,1.23,1.192,1.192,1.237,-0.045,-3.64,10,1217.0,-0.0470000000000001,-0.165,-0.375,1.2334,1.2512,1.36585,1.227458489113963,1.2641170377151636,1.331977681948045,0.0450000000000001,0.0555714285714285,0.0,0.0450000000000001,0.0080990364352409,0.0212674519555778,0.3808183722317871,27.579179122325737,1.2674166666666669,1.4135,1.2796382723105433,1.359421325749394,-0.0797830534388508,-0.0700269041708446,-0.0660187947589492,-0.1666666666666666
1.14,1.2,1.088,1.2,1.192,0.008,0.67,174,19922.0,-0.062,-0.155,-0.3700000000000001,1.221,1.2357,1.34735,1.218305659409309,1.2524593944942248,1.319408378905374,0.1119999999999998,0.0544285714285714,0.008,0.0,0.0080919624041522,0.0197483482444651,0.4097538844252549,29.065632586804917,1.25575,1.3995,1.2673862304166137,1.3476123386568464,-0.0802261082402329,-0.0738610527204789,-0.0688602574552059,16.4
1.127,1.127,1.085,1.114,1.2,-0.086,-7.17,62,6796.0,-0.1369999999999998,-0.1969999999999998,-0.47,1.1936,1.216,1.32385,1.1835371062728726,1.2272849591316384,1.2998456761524813,0.1149999999999999,0.0599285714285714,0.0,0.0859999999999998,0.0075139650895699,0.0244806090841462,0.3069353815398347,23.48512297357828,1.2355,1.3825769230769231,1.2437883488140575,1.3303077209785614,-0.0865193721645039,-0.0768476053518203,-0.0723920803970655,-0.6436781609195402
1.082,1.137,1.082,1.137,1.114,0.023,2.06,5,557.0,-0.088,-0.07,-0.4099999999999999,1.1760000000000002,1.209,1.30335,1.1680247375152484,1.210869512016795,1.2843365641379594,0.0549999999999999,0.0584999999999999,0.0229999999999999,0.0,0.0086201104403149,0.0227319941495643,0.3792060821236909,27.494519277336156,1.2173333333333332,1.3655384615384618,1.2273593720734333,1.315988630535705,-0.0886292584622716,-0.0791626430124422,-0.0756395160101067,-0.9193548387096774
1.089,1.119,1.089,1.108,1.137,-0.029,-2.55,96,10620.0,-0.129,-0.125,-0.4469999999999998,1.1502,1.1965,1.281,1.1480164916768325,1.1921659643773777,1.26754260564863,0.048,0.0607142857142857,0.0,0.0289999999999999,0.0080043882660067,0.0231797088531669,0.3453187577424279,25.66817386252054,1.200416666666667,1.347153846153846,1.2089963917544435,1.300582065310838,-0.0915856735563944,-0.0812354075143704,-0.0788287475193643,18.2
1.126,1.132,1.126,1.13,1.108,0.022,1.99,29,3278.0,-0.062,-0.1090000000000002,-0.415,1.1378,1.1856,1.26025,1.1420109944512216,1.180863061763309,1.25444330987257,0.0239999999999998,0.0622857142857142,0.0219999999999997,0.0,0.0090040748184348,0.0215240153636549,0.4183269090970325,29.494392753456065,1.1940000000000002,1.3297307692307692,1.1968431007152982,1.2879463567692944,-0.0911032560539961,-0.0831035991800099,-0.0812836492262907,-0.6979166666666667
1.141,1.148,1.103,1.148,1.13,0.018,1.59,7,785.0,-0.052,-0.1140000000000001,-0.3620000000000001,1.1274000000000002,1.1742,1.24215,1.1440073296341478,1.1748879596245254,1.244305851789468,0.0449999999999999,0.0558571428571428,0.018,0.0,0.0096466409028323,0.0199865856948224,0.4826557697311602,32.55346113269953,1.1869166666666666,1.3136153846153844,1.1893287775283292,1.277579959971569,-0.0882511824432397,-0.0845331796807941,-0.0826771558696805,-0.7586206896551724
1.128,1.181,1.128,1.181,1.148,0.033,2.87,4,465.0,0.0669999999999999,-0.0699999999999998,-0.2009999999999998,1.1408,1.1671999999999998,1.2321000000000002,1.1563382197560983,1.1759992396927934,1.238276723047614,0.0530000000000001,0.0519999999999999,0.0330000000000001,0.0,0.0113147379812014,0.0185589724309065,0.6096640330344385,37.875234864081406,1.1820833333333334,1.2986538461538462,1.1880474271393555,1.270425888862564,-0.0823784617232084,-0.0850798771391456,-0.082617417040386,-0.4285714285714286
1.19,1.19,1.17,1.173,1.181,-0.008,-0.68,43,5033.0,0.036,-0.052,-0.242,1.148,1.162,1.22,1.1618921465040657,1.1754539233850128,1.2320598922811743,0.02,0.0515714285714285,0.0,0.008,0.0105065424111156,0.0178047601144132,0.5900973865191489,37.11077016552549,1.1746666666666667,1.2828461538461542,1.1857324383486854,1.2632091563542258,-0.0774767180055404,-0.0851058982320265,-0.0815892772334169,9.75
1.192,1.213,1.174,1.209,1.173,0.036,3.07,14,1656.0,0.1009999999999999,-0.028,-0.131,1.1682,1.1591999999999998,1.21345,1.1775947643360438,1.1815532100422832,1.22986371206392,0.04,0.0503571428571428,0.036,0.0,0.0123275036674645,0.0165329915348123,0.7456305558197018,42.71411000075979,1.1711666666666665,1.2698461538461538,1.1893120632181182,1.25919366329095,-0.0698816000728317,-0.0840057367469132,-0.0792477418012999,-0.6744186046511628
1.225,1.225,1.182,1.182,1.209,-0.027,-2.23,9,1037.0,0.052,-0.01,-0.175,1.1786,1.1582,1.2047,1.1790631762240291,1.1816344445800495,1.2253052632959276,0.0430000000000001,0.051,0.0,0.0270000000000001,0.011446967691217,0.0172806349966114,0.6624159177866843,39.84658175486042,1.1675833333333332,1.2555,1.1881871304153306,1.253475614158287,-0.0652884837429563,-0.0823460006916603,-0.0764558901896312,-0.3571428571428571
1.206,1.241,1.206,1.24,1.182,0.058,4.91,5,615.0,0.092,0.04,-0.1149999999999999,1.197,1.1622,1.19895,1.1993754508160197,1.1922463637473135,1.2267047620296487,0.0590000000000001,0.0544285714285714,0.058,0.0,0.0147721842847015,0.0160463039254249,0.9205973134595472,47.93286479201032,1.1678333333333333,1.2437692307692307,1.1961583411206644,1.2524774205169324,-0.056319079396268,-0.0789904126063007,-0.0724285280309585,-0.4444444444444444
1.225,1.225,1.212,1.212,1.24,-0.028,-2.26,310,37573.0,0.0309999999999999,0.0979999999999998,-0.0989999999999999,1.2032,1.172,1.194,1.2035836338773465,1.1958379339750749,1.2253043085030155,0.028,0.0513571428571428,0.0,0.028,0.0137170282643657,0.0169001393593231,0.81165178420843,44.80175446977892,1.1695,1.2323076923076923,1.198595519409793,1.2494790930712336,-0.0508835736614405,-0.0747964476284306,-0.0681195371570549,61.0
1.244,1.249,1.244,1.249,1.212,0.037,3.05,2,249.0,0.076,0.1120000000000001,0.042,1.2184,1.1832,1.1961,1.2187224225848978,1.2055037641614246,1.2275610410265378,0.0370000000000001,0.0517142857142857,0.0370000000000001,0.0,0.0153800976740539,0.0156929865479429,0.9800618656663528,49.4965274903939,1.1735833333333334,1.227192307692308,1.2063500548852095,1.2494436046955866,-0.043093549810377,-0.0694084338788731,-0.0631143396877194,-0.9935483870967742
1.27,1.27,1.219,1.251,1.249,0.002,0.16,22,2651.0,0.0419999999999998,0.1429999999999998,0.0179999999999997,1.2268,1.1975,1.197,1.2294816150565986,1.2137758070411655,1.2297933228335345,0.0509999999999999,0.0521428571428571,0.0019999999999997,0.0,0.0144243764116214,0.0145720589373755,0.9898653631316776,49.7453436534929,1.1849999999999998,1.2208846153846151,1.213219277210562,1.249558893236654,-0.0363396160260922,-0.0633235849868838,-0.0577593949553939,10.0
1.253,1.253,1.211,1.237,1.251,-0.014,-1.12,79,9716.0,0.0550000000000001,0.1070000000000002,-0.002,1.2378,1.2082,1.1969,1.2319877433710658,1.2179983875791354,1.2304796730398644,0.0419999999999998,0.0471428571428571,0.0,0.0139999999999997,0.0133940638107913,0.0145311975847058,0.921745350492561,47.96396932904296,1.1933333333333334,1.216923076923077,1.2168778499473984,1.248628604848754,-0.0317507549013555,-0.0570457597044522,-0.0525576669445863,2.590909090909091
1.237,1.237,1.237,1.237,1.237,0.0,0.0,1,124.0,-0.0029999999999998,0.0890000000000001,-0.0249999999999999,1.2372,1.2170999999999998,1.19565,1.2336584955807106,1.2214532262011106,1.2311006565598772,0.0,0.0389285714285714,0.0,-0.0,0.0124373449671634,0.013493254900084,0.921745350492561,47.96396932904296,1.2040833333333334,1.2123076923076923,1.2199735653401065,1.2477672267118094,-0.0277936613717031,-0.0509807818876183,-0.0476048658300096,-0.9873417721518988
1.122,1.163,1.122,1.163,1.237,-0.074,-5.98,315,35364.0,-0.0489999999999999,-0.018,-0.0879999999999998,1.2274,1.2153,1.19125,1.210105663720474,1.210825366891818,1.224614879744651,0.1149999999999999,0.0432142857142857,0.0,0.074,0.0115489631837946,0.0178151652643637,0.6482658461157454,39.3301752653208,1.2068333333333332,1.204923076923077,1.2112084014416284,1.241488172881305,-0.0302797714396765,-0.0457366767136334,-0.044139846951943,314.0
1.152,1.152,1.07,1.105,1.163,-0.058,-4.99,17,1865.0,-0.1440000000000001,-0.068,-0.1200000000000001,1.1986,1.2085,1.18525,1.175070442480316,1.1915843910933055,1.2132229864356363,0.0929999999999999,0.0464285714285714,0.0,0.058,0.0107240372420949,0.0206855106026234,0.5184323195161974,34.142603055326184,1.20325,1.197,1.1948686473736856,1.2313779378530605,-0.0365092904793746,-0.0420286423143604,-0.0426137356574293,-0.946031746031746
1.107,1.107,1.088,1.094,1.105,-0.011,-1.0,14,1572.0,-0.1569999999999998,-0.1149999999999999,-0.143,1.1672,1.197,1.1781,1.1480469616535445,1.1738417745308862,1.2018684162989093,0.0189999999999999,0.0460714285714285,0.0,0.0109999999999998,0.0099580345819453,0.0199936884167217,0.4980589061104356,33.24695070927466,1.196,1.192653846153846,1.17935039393158,1.221201794308389,-0.0418514003768089,-0.039424521940344,-0.0424612686013052,-0.1764705882352941
1.12,1.178,1.12,1.142,1.094,0.048,4.39,14,1636.0,-0.0950000000000002,-0.04,-0.05,1.1482,1.193,1.1756,1.1460313077690296,1.168052360979816,1.19616666236568,0.0839999999999998,0.0488571428571428,0.0479999999999998,0.0,0.012675317826092,0.0185655678155273,0.68273256988623,40.5728504994938,1.1934166666666668,1.1891538461538462,1.1736041794805678,1.2153349947299898,-0.041730815249422,-0.0378036037018056,-0.0423151779309286,0.0
1.174,1.192,1.158,1.192,1.142,0.05,4.38,6,700.0,-0.0450000000000001,-0.048,-0.008,1.1392,1.1882,1.1752,1.1613542051793533,1.1724064771653038,1.1957698373784724,0.05,0.0486428571428571,0.05,0.0,0.0153413665527998,0.017239455828704,0.8898985388654876,47.08710655968318,1.192,1.1873461538461538,1.1764343057143267,1.2136064766018424,-0.0371721708875156,-0.0362801145047028,-0.041286576522246,-0.5714285714285714
1.19,1.19,1.144,1.152,1.192,-0.04,-3.36,510,58747.0,-0.0110000000000001,-0.06,0.0379999999999998,1.137,1.1822,1.1770999999999998,1.1582361367862355,1.168696208589794,1.1916012814376655,0.048,0.0506428571428571,0.0,0.04,0.0142455546561712,0.0188652089837965,0.7551230770041736,43.023938713921765,1.1895,1.1831153846153846,1.1726751817582766,1.2090430338905946,-0.036367852132318,-0.0355328147626963,-0.0403028316442604,84.0
1.17,1.17,1.157,1.157,1.152,0.005,0.43,57,6678.0,0.052,-0.092,0.02,1.1474,1.173,1.1781,1.1578240911908235,1.1665696252098314,1.188305921300745,0.018,0.0490714285714285,0.0050000000000001,0.0,0.0135851578950161,0.0175176940563825,0.7755106266436045,43.67817432383475,1.182583333333333,1.1795,1.1702636153339263,1.2051879943431432,-0.0349243790092168,-0.0353755662052657,-0.0392271411172517,-0.888235294117647
1.174,1.174,1.101,1.174,1.157,0.017,1.47,78,8984.0,0.0799999999999998,-0.0769999999999999,0.0659999999999998,1.1634,1.1653,1.1814,1.1632160607938826,1.167920602444407,1.186943452605436,0.0729999999999999,0.0512142857142857,0.0169999999999999,0.0,0.0138290751882292,0.0162664301952123,0.8501604237849038,45.95063286705249,1.1794166666666668,1.1775384615384614,1.1708384437440915,1.202877772539947,-0.0320393287958558,-0.0354076299713213,-0.0377895786529725,0.368421052631579
1.176,1.176,1.153,1.16,1.174,-0.014,-1.19,10,1157.0,0.018,-0.0770000000000001,0.03,1.167,1.1576,1.1828999999999998,1.1621440405292551,1.1664804929090604,1.1843774095001562,0.0229999999999999,0.0486428571428571,0.0,0.014,0.0128412841033557,0.0161045423241257,0.7973703222921527,44.36316280527439,1.172,1.174576923076923,1.1691709908603851,1.199701641240692,-0.0305306503803068,-0.0357117398611661,-0.0363377929984394,-0.8717948717948718
1.151,1.151,1.139,1.139,1.16,-0.021,-1.81,12,1369.0,-0.0529999999999999,-0.098,-0.0089999999999998,1.1564,1.1478,1.18245,1.1544293603528368,1.1614840396528674,1.1800557514525225,0.0209999999999999,0.0481428571428571,0.0,0.0209999999999999,0.0119240495245446,0.0164542178724024,0.7246804203646787,42.01824360083169,1.1626666666666667,1.1725384615384615,1.1645292999587875,1.195205223371011,-0.0306759234122235,-0.0357557567470047,-0.0352054190811962,0.1999999999999999
1.127,1.137,1.088,1.137,1.139,-0.002,-0.18,89,10053.0,-0.0149999999999999,-0.026,-0.044,1.1534,1.1452,1.1802499999999998,1.148619573568558,1.1570323960796187,1.1759552036951393,0.0509999999999999,0.049142857142857,0.0,0.002,0.0110723317013628,0.0154217737386594,0.7179674588018793,41.791679762234494,1.1543333333333334,1.170115384615385,1.1602940230420509,1.1908937253435288,-0.0305997023014779,-0.0350991358383495,-0.0342842757252525,6.416666666666667
1.17,1.17,1.161,1.161,1.137,0.024,2.11,6,655.0,0.004,0.056,-0.012,1.1542,1.1507999999999998,1.17965,1.1527463823790387,1.157753778610597,1.1745308985813163,0.0329999999999999,0.0478571428571428,0.024,0.0,0.0119957365798369,0.0143202184716123,0.837678321990456,45.58351219396963,1.148,1.1719230769230768,1.1604026348817351,1.1886793753180822,-0.0282767404363468,-0.0335908402894093,-0.0330827686674714,-0.9325842696629214
1.161,1.161,1.141,1.154,1.161,-0.007,-0.6,147,16807.0,-0.02,0.0599999999999998,-0.0550000000000001,1.1502,1.1568,1.1769,1.1531642549193593,1.15707127340867,1.1725755749069056,0.02,0.0462857142857142,0.0,0.0070000000000001,0.0111388982527057,0.01379734572364,0.8073218194149203,44.66951102688909,1.14725,1.172576923076923,1.159417614130699,1.186110532701928,-0.0266929185712287,-0.0319199628807211,-0.0318047986482229,23.5
1.169,1.169,1.141,1.144,1.154,-0.01,-0.87,175759,20172420.0,-0.016,0.002,-0.038,1.1469999999999998,1.1569999999999998,1.175,1.1501095032795727,1.1546946782434573,1.1698540915824382,0.028,0.0482857142857142,0.0,0.01,0.0103432626632267,0.01352610674338,0.7646888243203446,43.33278557565855,1.1505,1.1739615384615385,1.1570456734952068,1.1829912339832669,-0.0259455604880598,-0.030672561725226,-0.0306329510161903,1194.639455782313
1.136,1.176,1.136,1.173,1.144,0.029,2.53,104,12123.0,0.034,-0.0189999999999999,-0.0669999999999999,1.1538,1.1551,1.17165,1.1577396688530486,1.1580229185628286,1.1701537019079202,0.04,0.0429285714285713,0.0290000000000001,0.0,0.0116758867587105,0.01255995626171,0.9296120556012916,48.17611150919207,1.1570833333333332,1.1756153846153845,1.159500185265175,1.1822511425770987,-0.0227509573119237,-0.0291595734118489,-0.029056552275337,-0.999408280657036
1.184,1.222,1.184,1.222,1.173,0.049,4.18,485,57727.0,0.0849999999999999,0.07,0.01,1.1708,1.1621,1.17215,1.179159779235366,1.1696551151877688,1.1750914445833565,0.0489999999999999,0.0397857142857142,0.0489999999999999,0.0,0.0143418948473741,0.0116628165287307,1.2297110918313412,55.15114026819213,1.1637499999999998,1.1784615384615384,1.169115541378225,1.1851955023862024,-0.0160799610079773,-0.0270657491894889,-0.026461234021865,3.6634615384615374
1.215,1.235,1.215,1.235,1.222,0.013,1.06,7,853.0,0.074,0.078,-0.014,1.1855999999999998,1.1699,1.17145,1.1977731861569108,1.1815360033354472,1.1807970212897034,0.02,0.0398571428571428,0.0130000000000001,0.0,0.0142460452154188,0.0108297582052499,1.3154536736113562,56.811919348819245,1.1673333333333331,1.1805384615384615,1.1792516119354213,1.188884724431669,-0.0096331124962476,-0.0245761696006436,-0.0230956097167415,-0.9855670103092784
1.254,1.254,1.226,1.236,1.235,0.001,0.08,34,4195.0,0.082,0.062,-0.0149999999999999,1.202,1.1761,1.1707,1.2105154574379406,1.1914385481835477,1.186054447833541,0.028,0.0358571428571428,0.0009999999999998,0.0,0.0132998991286031,0.0100562040477321,1.3225566093801142,56.94399886912131,1.1743333333333332,1.1829615384615386,1.1879821331761258,1.192374744844138,-0.0043926116680121,-0.0216719430770553,-0.0193550101069957,3.8571428571428568
1.259,1.259,1.23,1.25,1.236,0.014,1.13,28,3478.0,0.1060000000000001,0.09,0.0129999999999999,1.2232,1.1850999999999998,1.17135,1.2236769716252938,1.2020860848774482,1.1921445004208229,0.0289999999999999,0.0343571428571428,0.014,0.0,0.0133499063337029,0.0093379037586084,1.429647025586013,58.84175810439759,1.1820833333333332,1.1845384615384615,1.1975233434567218,1.1966432822630906,0.0008800611936312,-0.0181657225652936,-0.0153079958468703,-0.1764705882352941
1.273,1.273,1.229,1.26,1.25,0.01,0.8,245,30274.0,0.0869999999999999,0.121,0.0229999999999999,1.2406,1.1972,1.1725,1.235784647750196,1.212615887627003,1.1986069289521732,0.0439999999999998,0.0340714285714285,0.01,0.0,0.013110627309867,0.0086709106329935,1.5120242688213197,60.19146739895091,1.18925,1.1875384615384614,1.2071351367710723,1.2013363724658246,0.0057987643052477,-0.0141214484978797,-0.0110866438164467,7.75
1.253,1.263,1.221,1.225,1.26,-0.035,-2.78,20,2419.0,0.0030000000000001,0.088,0.062,1.2412,1.206,1.1756,1.2321897651667977,1.214867544422093,1.201120554766252,0.0419999999999998,0.0357857142857142,0.0,0.0349999999999999,0.0121741539305908,0.0105515598734939,1.1537776477175543,53.5699517979611,1.1946666666666668,1.1869615384615384,1.2098835772678305,1.2030892337646524,0.006794343503178,-0.010224661393488,-0.0075104463525217,-0.9183673469387756
1.25,1.26,1.235,1.242,1.225,0.017,1.39,144,17884.0,0.0069999999999998,0.0809999999999999,0.137,1.2426,1.2141,1.18245,1.2354598434445316,1.2198007181635309,1.2050138352647042,0.0349999999999999,0.0330714285714285,0.0169999999999999,0.0,0.0125188572212628,0.0097978770253872,1.2777112009903069,56.096277721020186,1.20325,1.188115384615385,1.214824565380472,1.2059715127450483,0.0088530526354233,-0.0062751090371933,-0.0042377465549327,6.2
1.242,1.242,1.203,1.229,1.242,-0.013,-1.05,7,804.0,-0.0069999999999998,0.0750000000000001,0.135,1.2412,1.2216,1.1892,1.2333065622963546,1.2214733148610708,1.207298231906161,0.0389999999999999,0.0342142857142856,0.0,0.0129999999999999,0.0116246531340298,0.0100266000950024,1.1593813480028885,53.69044004548554,1.2109166666666666,1.1873461538461538,1.217005401475784,1.2076773266157856,0.0093280748599984,-0.0023558162207424,-0.0015245822719464,-0.9513888888888888
1.229,1.273,1.215,1.249,1.229,0.02,1.63,38,4663.0,-0.0009999999999998,0.1050000000000002,0.1070000000000002,1.241,1.2321000000000002,1.19455,1.23853770819757,1.2264781667045126,1.2112698288674788,0.0579999999999998,0.0368571428571428,0.02,0.0,0.0122228921958848,0.0093104143739308,1.3128193552919547,56.76272780613397,1.21825,1.1872692307692307,1.2219276474025864,1.2107382653849867,0.0111893820175996,0.001415332593649,0.0010182105859627,4.428571428571429
1.252,1.278,1.242,1.273,1.249,0.024,1.92,555,69133.0,0.0129999999999999,0.0999999999999998,0.0809999999999999,1.2436,1.2421000000000002,1.1986,1.25002513879838,1.2349366818491463,1.2171488927848615,0.036,0.0357857142857142,0.0239999999999998,0.0,0.013064114181893,0.0086453847757929,1.5111084724039767,60.176949303880015,1.2281666666666669,1.188653846153846,1.2297849324175731,1.2153502457268397,0.0144346866907334,0.0048058490046169,0.0037015058069168,13.605263157894736
1.25,1.255,1.238,1.255,1.273,-0.018,-1.41,68,8557.0,0.0299999999999998,0.0329999999999999,0.1029999999999999,1.2496,1.2454,1.20375,1.251683425865587,1.2385845578765744,1.2207537601386844,0.0349999999999999,0.0359285714285713,0.0,0.018,0.0121309631689006,0.009313571577522,1.3025038856391422,56.56902008995245,1.2374166666666666,1.1893461538461538,1.2336641735841003,1.2182872645618883,0.0153769090222117,0.0075847402844457,0.0060365864499758,-0.8774774774774775
1.255,1.292,1.255,1.27,1.255,0.015,1.2,31,3910.0,0.028,0.0349999999999999,0.1129999999999999,1.2552,1.2489,1.2094,1.257788950577058,1.2442964564444698,1.2254438782207144,0.0370000000000001,0.037142857142857,0.0150000000000001,0.0,0.012335894371122,0.0086483164648418,1.4263925726205071,58.78655369769787,1.2455,1.1934615384615386,1.239254300725008,1.222117837557304,0.017136463167704,0.0099768597106364,0.0082565617935214,-0.5441176470588236
1.301,1.301,1.267,1.273,1.27,0.003,0.24,333,42226.0,0.0439999999999998,0.0369999999999999,0.0989999999999999,1.264,1.2526,1.21435,1.2628593003847053,1.2495152825454752,1.2299730326758844,0.034,0.0375714285714285,0.0029999999999998,0.0,0.0116690447731847,0.008030579574496,1.4530762898164926,59.23485934166331,1.24975,1.1999230769230769,1.2444459467673143,1.2258868866271335,0.0185590601401808,0.0119411929269197,0.0103170614628533,9.741935483870968
1.307,1.307,1.271,1.271,1.273,-0.002,-0.16,6,798.0,0.0219999999999997,0.0209999999999999,0.1109999999999999,1.2684,1.2547,1.2199000000000002,1.265572866923137,1.253421594809934,1.2338803628972288,0.036,0.0372857142857142,0.0,0.002,0.0108355415751001,0.0075998238906034,1.425762192792047,58.77584361025093,1.25275,1.2067307692307692,1.248531185726189,1.2292285987288274,0.0193025869973615,0.0134416176704879,0.0121141665697549,-0.981981981981982
1.269,1.284,1.237,1.237,1.271,-0.034,-2.68,142,17990.0,-0.0359999999999998,-0.0229999999999999,0.098,1.2612,1.2524,1.2248,1.256048577948758,1.250435850299037,1.234177471192731,0.0469999999999999,0.037142857142857,0.0,0.0339999999999998,0.0100615743197358,0.0094855507555603,1.0607264226421298,51.47342272062174,1.2528333333333337,1.2103846153846154,1.246757157152929,1.2298042580822477,0.0169528990706813,0.0145703460668771,0.0130819130699402,22.666666666666668
1.271,1.307,1.271,1.278,1.237,0.041,3.31,11,1435.0,0.0230000000000001,0.0529999999999999,0.141,1.2658,1.2577,1.23185,1.2633657186325054,1.2554475138810302,1.2383510453648516,0.0699999999999998,0.0407142857142856,0.0409999999999999,0.0,0.0122714618683261,0.0088080114158774,1.3932159359155047,58.21522057442517,1.2551666666666668,1.2136923076923076,1.2515637483601707,1.2333743130391182,0.0181894353210525,0.0156077219208359,0.0141034175201627,-0.9225352112676056
1.276,1.276,1.276,1.276,1.278,-0.002,-0.16,1,128.0,0.006,0.034,0.1149999999999999,1.267,1.2611,1.2376,1.2675771457550038,1.2591843295390246,1.2419366600920088,0.002,0.0388571428571428,0.0,0.002,0.0113949288777314,0.0083217248861719,1.3692989174235024,57.79342181578965,1.2565,1.2184615384615385,1.2553231716893751,1.2365317713325168,0.0187914003568583,0.0166592025315981,0.0150410140875018,-0.9090909090909092
1.279,1.316,1.279,1.293,1.276,0.017,1.33,211,27255.0,0.02,0.0639999999999998,0.139,1.271,1.2674999999999998,1.24455,1.276051430503336,1.265332633259202,1.2467998353213414,0.04,0.039642857142857,0.0169999999999999,0.0,0.0117952911007506,0.007727315965731,1.5264408952681765,60.41862677757787,1.2621666666666669,1.223692307692308,1.2611196068140866,1.2407146030856635,0.0204050037284229,0.0176831604994674,0.016113812015686,210.0
1.286,1.321,1.284,1.3,1.293,0.007,0.54,45,5878.0,0.0290000000000001,0.0509999999999999,0.1560000000000001,1.2768000000000002,1.2726,1.25235,1.284034287002224,1.2716357908484377,1.25186651767169,0.0369999999999999,0.0391428571428571,0.0070000000000001,0.0,0.0114527703078398,0.0071753648253217,1.5961237632716987,61.48103514372614,1.267,1.2285384615384616,1.2671012057657656,1.2451061139682071,0.0219950917975584,0.0185232055113368,0.0172900679720605,-0.7867298578199052
1.306,1.306,1.288,1.3,1.3,0.0,0.0,3,389.0,0.0629999999999999,0.0270000000000001,0.127,1.2894,1.2753,1.2587,1.2893561913348162,1.2767929197850854,1.2564506588458146,0.018,0.0374285714285714,0.0,-0.0,0.0106347152858512,0.0066628387663701,1.5961237632716987,61.48103514372614,1.2729166666666665,1.233923076923077,1.2721625587248786,1.24917232774834,0.0229902309765386,0.0193691301729287,0.0184301005729561,-0.9333333333333332
1.303,1.303,1.27,1.27,1.3,-0.03,-2.31,115,14659.0,-0.008,0.0150000000000001,0.048,1.2878,1.2768000000000002,1.2611,1.2829041275565445,1.2755578434605244,1.2577410722890705,0.0329999999999999,0.0372857142857142,0.0,0.03,0.0098750927654333,0.0083297788544865,1.18551679917822,54.24423182763857,1.2746666666666668,1.2389615384615384,1.2718298573825897,1.2507151182855,0.0211147390970898,0.0198111608317493,0.0189670282777828,37.333333333333336
1.275,1.275,1.228,1.228,1.27,-0.042,-3.31,49,6222.0,-0.048,-0.042,-0.0070000000000001,1.2782,1.2726000000000002,1.26075,1.264602751704363,1.266910962831338,1.254908589213921,0.0469999999999999,0.0378571428571428,0.0,0.042,0.0091697289964738,0.0107347946505946,0.8542062792012367,46.068567924881336,1.2709166666666667,1.2424615384615385,1.2650868024006527,1.2490325169310184,0.0160542854696343,0.0195328525350219,0.0183844797161531,-0.5739130434782609
1.216,1.237,1.216,1.237,1.228,0.009,0.73,8,930.0,-0.0559999999999998,-0.0359999999999998,0.0010000000000001,1.267,1.269,1.2608,1.2554018344695754,1.2614726059529129,1.2532030092887854,0.0210000000000001,0.0352142857142857,0.0090000000000001,0.0,0.0091576054967257,0.0099680236041236,0.9186982154554016,47.88132954182944,1.2694166666666666,1.2453846153846155,1.2607657558774754,1.2481412193805728,0.0126245364969026,0.0187908469238598,0.017232491072303,-0.8367346938775511
1.2,1.227,1.2,1.227,1.237,-0.01,-0.81,23949,2934468.0,-0.0729999999999999,-0.0439999999999998,-0.0229999999999999,1.2524000000000002,1.2646000000000002,1.25965,1.2459345563130504,1.2552048594160197,1.2507074845946151,0.0370000000000001,0.0352857142857142,0.0,0.01,0.0085034908183881,0.0099703076324005,0.8528814889075589,46.03000753223616,1.2658333333333334,1.2481923076923078,1.2555710242040177,1.2465752031301598,0.0089958210738578,0.017906727146435,0.015585157072614,2992.625
1.218,1.222,1.218,1.222,1.227,-0.005,-0.41,2000,244000.0,-0.078,-0.0150000000000001,-0.038,1.2368,1.2631,1.25775,1.237956370875367,1.2491676122494706,1.2479734384427472,0.0090000000000001,0.0334285714285714,0.0,0.0050000000000001,0.0078960986170747,0.0096152856586576,0.8212027075831118,45.09123032619013,1.2615833333333335,1.2511923076923075,1.2504062512495533,1.244754817713111,0.0056514335364423,0.0165136158370339,0.0135984123653797,-0.9164892062299052
1.221,1.227,1.221,1.227,1.222,0.005,0.41,1000,122744.0,-0.0429999999999999,-0.0509999999999999,0.002,1.2282,1.258,1.25785,1.2343042472502446,1.2451371372950213,1.2459759681148663,0.006,0.0312142857142857,0.0050000000000001,0.0,0.0076892344301408,0.008928479540182,0.8612031192473337,46.27131291267136,1.2579166666666668,1.2532692307692308,1.2468052895188528,1.2434396460306585,0.0033656434881945,0.0147996428516268,0.0115518585899426,-0.5
1.232,1.24,1.23,1.24,1.227,0.013,1.06,391,48111.0,0.012,-0.036,-0.002,1.2306,1.2544,1.25775,1.236202831500163,1.24420311233229,1.245406828294403,0.0129999999999999,0.0297142857142857,0.0129999999999999,0.0,0.0080685748279878,0.0082907310015976,0.9732042719071512,49.321009779009096,1.2581666666666669,1.2539615384615386,1.245758321900568,1.2431848574357949,0.0025734644647732,0.0128183607112213,0.0097561797649087,-0.609
1.226,1.226,1.191,1.191,1.24,-0.049,-3.95,20,2342.0,-0.046,-0.1019999999999998,-0.038,1.2214,1.2442,1.25585,1.2211352210001087,1.2345298191809644,1.240225225599698,0.0489999999999999,0.0306428571428571,0.0,0.0489999999999999,0.0074922480545601,0.0111985359300549,0.6690381761826804,40.08525303554545,1.250916666666667,1.2522692307692307,1.237333964685096,1.2393193124405506,-0.0019853477554545,0.0101538674275532,0.0074078742608361,-0.948849104859335
1.221,1.221,1.21,1.21,1.191,0.019,1.6,6,683.0,-0.0170000000000001,-0.09,-0.0390000000000001,1.2180000000000002,1.2352,1.2539,1.2174234806667392,1.2300698520571525,1.237346632685441,0.03,0.0294285714285714,0.0189999999999999,0.0,0.0083142303363773,0.0103986405064796,0.7995497422183739,44.43054412226129,1.2454166666666666,1.2512692307692308,1.2331287393489274,1.2371475115190285,-0.004018772170101,0.0071528670779265,0.0051225449746486,-0.7
1.24,1.24,1.237,1.237,1.21,0.027,2.23,5105,632973.0,0.0150000000000001,-0.0629999999999999,-0.0359999999999998,1.221,1.2289,1.2521,1.2239489871111595,1.231329878955852,1.2373136200487322,0.03,0.0265714285714285,0.0270000000000001,0.0,0.0096489281694932,0.0096558804703024,0.9992799930746192,49.98199334440712,1.24075,1.2507692307692306,1.2337243179106308,1.2371365847398412,-0.0034122668292104,0.0044276441972265,0.0034155826138768,849.8333333333334
1.257,1.257,1.242,1.244,1.237,0.007,0.57,2281,284019.0,0.0169999999999999,-0.026,-0.0109999999999998,1.2244,1.2263,1.25155,1.2306326580741065,1.2336335373275154,1.237950418139329,0.0199999999999997,0.0278571428571428,0.0069999999999998,0.0,0.0094597190145294,0.0089661747224237,1.0550451343393248,51.33926825789696,1.2360833333333334,1.2501538461538464,1.235305192078226,1.2376449858702232,-0.0023397937919971,0.0023838576126008,0.002264507332702,-0.553183153770813
1.254,1.262,1.254,1.262,1.244,0.018,1.45,7,879.0,0.022,0.034,-0.008,1.2288,1.2297,1.25115,1.241088438716071,1.23879107599524,1.240240854507012,0.018,0.0262857142857142,0.018,0.0,0.0100697390849201,0.008325733670822,1.2094716793800506,54.74031148113258,1.2329166666666669,1.251576923076923,1.2394120856046529,1.2394490609909474,-3.697538629454655e-05,0.0009770229589122,0.0018042107889027,-0.9969311705392372
1.252,1.252,1.238,1.238,1.262,-0.024,-1.9,41,5102.0,0.0469999999999999,0.0009999999999998,-0.0349999999999999,1.2382,1.2298,1.2494,1.2400589591440474,1.2386472439961052,1.2400274397920583,0.024,0.0253571428571428,0.0,0.024,0.0093504720074258,0.0094453241229061,0.989957770189137,49.7476773135264,1.23025,1.251423076923077,1.2391948416654754,1.239341723139766,-0.0001468814742906,-3.883287977091143e-05,0.001413992336264,4.857142857142857
1.203,1.203,1.172,1.189,1.238,-0.049,-3.96,12,1377.0,-0.0209999999999999,-0.038,-0.0819999999999998,1.234,1.226,1.2453,1.2230393060960316,1.2296204723604496,1.2351676836213863,0.066,0.0287857142857142,0.0,0.0489999999999999,0.0086825811497525,0.0122706581141271,0.7075888733104193,41.43789435326146,1.227,1.2498846153846157,1.2314725583323254,1.2356127066108944,-0.004140148278569,-0.0011267864147721,0.0003031642132974,-0.7073170731707317
1.172,1.184,1.16,1.16,1.189,-0.029,-2.44,102,11999.0,-0.0770000000000001,-0.062,-0.0770000000000001,1.2186,1.2198,1.24145,1.202026204064021,1.2169622046585495,1.2280088566098255,0.0290000000000001,0.0285,0.0,0.0290000000000001,0.0080623967819131,0.0134656111059752,0.598739761490328,37.45073312821027,1.2205833333333334,1.2464615384615385,1.2204767801273522,1.230011765380458,-0.0095349852531056,-0.0025601896082499,-0.0016644656799831,7.5
1.18,1.18,1.175,1.175,1.16,0.015,1.29,3,353.0,-0.0689999999999999,-0.052,-0.1029999999999999,1.2048,1.2146,1.2363000000000002,1.193017469376014,1.2093327129024496,1.222960394075557,0.02,0.0265714285714285,0.0150000000000001,0.0,0.0085579398689193,0.0125037817412627,0.6844281231075854,40.63267014593003,1.2162499999999998,1.2426923076923078,1.2134803524154518,1.2259368197967202,-0.0124564673812683,-0.0042301820355879,-0.0038228660202402,-0.9705882352941176
1.135,1.16,1.135,1.15,1.175,-0.025,-2.13,20,2317.0,-0.1120000000000001,-0.09,-0.1260000000000001,1.1824,1.2056,1.23,1.1786783129173428,1.198544946920186,1.21601178511598,0.04,0.0279285714285714,0.0,0.0250000000000001,0.0079466584497108,0.0133963687597439,0.5931949614279425,37.23304277188248,1.21025,1.238653846153846,1.2037141443515362,1.2203118701821485,-0.0165977258306122,-0.0058537795994943,-0.0063778379823146,5.666666666666667
1.161,1.175,1.161,1.174,1.15,0.024,2.09,5,583.0,-0.064,-0.0170000000000001,-0.119,1.1696,1.2039000000000002,1.22405,1.177118875278229,1.194082229298334,1.212010662723982,0.0250000000000001,0.0270714285714285,0.024,0.0,0.0090933257033029,0.0124394852769051,0.7310049813865996,42.23009114630261,1.205833333333333,1.2349615384615384,1.1991427375282229,1.216881361279767,-0.0177386237515442,-0.007378207552988,-0.0086499951361605,-0.75
1.2,1.2,1.2,1.2,1.174,0.026,2.21,1,120.0,0.0109999999999998,-0.01,-0.1,1.1718,1.2029,1.21905,1.1847459168521526,1.1951581876077275,1.2108667900836028,0.026,0.0282857142857142,0.026,0.0,0.0103009452959241,0.011550950614269,0.8917833380050331,47.13982410615039,1.2025,1.2321538461538462,1.1992746240623424,1.2156308900738584,-0.0163562660115159,-0.0088164296843553,-0.0101912493112316,-0.8
1.17,1.17,1.14,1.14,1.2,-0.06,-5.0,25,2838.0,-0.02,-0.0970000000000002,-0.1600000000000001,1.1678,1.1931999999999998,1.21105,1.1698306112347685,1.1851294262245045,1.2041175719804025,0.06,0.0321428571428571,0.0,0.06,0.0095651634890724,0.0150115969989641,0.6371849370678189,38.91954553460591,1.19825,1.2271153846153846,1.1901554511296744,1.2100286019202393,-0.0198731507905649,-0.0107645804619739,-0.0121276296070982,24.0
1.152,1.189,1.152,1.166,1.14,0.026,2.28,177,20789.0,-0.0090000000000001,-0.078,-0.104,1.166,1.1854,1.20585,1.168553740823179,1.18165134872914,1.200487327029888,0.0490000000000001,0.0347142857142857,0.026,0.0,0.01073908038271,0.0139393400704666,0.7704152656023523,43.51607674034781,1.194583333333333,1.2243846153846154,1.1864392278789553,1.2067672240002216,-0.0203279961212663,-0.0130191383214152,-0.0137677029099319,6.08
1.155,1.155,1.154,1.155,1.166,-0.011,-0.94,9,996.0,0.0050000000000001,-0.1069999999999999,-0.0729999999999999,1.1669999999999998,1.1747,1.2022,1.1640358272154527,1.1768056489602057,1.1961552006460892,0.012,0.0320714285714286,0.0,0.0109999999999998,0.0099720032125165,0.0137293872082904,0.7263254405480627,42.07349457339131,1.18775,1.2196538461538462,1.1816024235898852,1.20293261481502,-0.0213301912251349,-0.0153728394048424,-0.0152802005729725,-0.9491525423728814
1.188,1.188,1.162,1.162,1.155,0.007,0.61,6,700.0,-0.012,-0.076,-0.0750000000000001,1.1646,1.1671,1.19845,1.1633572181436351,1.1741137127856225,1.1929023243940806,0.0329999999999999,0.0322857142857143,0.0069999999999998,0.0,0.0097597172687653,0.0127487166934125,0.7655450743374266,43.360267911864,1.1809166666666666,1.2152692307692308,1.178586666114518,1.1999005692731666,-0.0213139031586484,-0.0172810343915179,-0.0164869410901076,-0.3333333333333333
1.176,1.176,1.176,1.176,1.162,0.014,1.2,1,118.0,-0.024,-0.0130000000000001,-0.0510000000000001,1.1598,1.1658,1.1959,1.1675714787624234,1.1744566740973277,1.191292579213692,0.014,0.0311428571428571,0.014,0.0,0.0100625946067106,0.0118380940724545,0.8500181317299041,45.94647572102842,1.1737499999999998,1.2107692307692306,1.178188717481515,1.1981301567344136,-0.0199414392528982,-0.0184373070581615,-0.0171778407226658,-0.8333333333333334
1.155,1.182,1.155,1.175,1.176,-0.001,-0.09,350,40430.0,0.0350000000000001,0.0150000000000001,-0.0469999999999999,1.1667999999999998,1.1673,1.19355,1.1700476525082824,1.174555460625086,1.1897409050028642,0.0269999999999999,0.0316428571428571,0.0,0.0009999999999998,0.0093438378490884,0.0110639444958506,0.8445304342038893,45.78566005436466,1.1685,1.2059615384615383,1.177698145561282,1.1964168117911236,-0.0187186662298415,-0.0191331069302252,-0.0174860058241009,349.0
1.175,1.19,1.175,1.19,1.175,0.015,1.28,561,66430.0,0.024,0.0149999999999999,-0.0370000000000001,1.1716,1.1688,1.1917,1.1766984350055216,1.1773635586932525,1.1897655807168772,0.0149999999999999,0.0314285714285714,0.0149999999999999,0.0,0.0097478494312964,0.010273662746147,0.9488192937764296,48.68687911734514,1.1685833333333333,1.2017307692307693,1.179590738551854,1.1959414923991885,-0.0163507538473344,-0.0191056655987498,-0.0172589554287476,0.6028571428571428
1.204,1.21,1.204,1.206,1.19,0.016,1.34,204,24603.0,0.0509999999999999,0.056,-0.034,1.1818,1.1744,1.19,1.1864656233370146,1.1825701843853882,1.1913117158866984,0.02,0.0311428571428571,0.016,0.0,0.0101944316147752,0.0095398296928508,1.068617778618733,51.65854174047926,1.1724166666666669,1.1992692307692308,1.183653701851569,1.1966865670362856,-0.0130328651847166,-0.018582803535769,-0.0164137373799414,-0.6363636363636364
1.206,1.206,1.206,1.206,1.206,0.0,0.0,11,1282.0,0.044,0.032,0.0149999999999999,1.1906,1.1776,1.19075,1.1929770822246764,1.186830150860772,1.192710600087965,0.0,0.0264285714285714,0.0,-0.0,0.0094662579280055,0.0088584132862186,1.068617778618733,51.65854174047926,1.1749999999999998,1.1984230769230768,1.1870915938744044,1.1973764509595235,-0.0102848570851192,-0.0179082025439472,-0.015187961320977,-0.946078431372549
1.217,1.217,1.217,1.217,1.206,0.011,0.91,18,2164.0,0.0410000000000001,0.0170000000000001,0.0070000000000001,1.1988,1.1793,1.1911,1.2009847214831175,1.1923155779769954,1.1950238762700636,0.0110000000000001,0.0251428571428571,0.0110000000000001,0.0,0.009575810933148,0.0082256694800601,1.16413757644418,53.79221677565132,1.180583333333333,1.1976538461538462,1.191692887124496,1.1988300471847442,-0.0071371600602481,-0.0164930924628008,-0.0135778010688312,0.6363636363636365
1.214,1.214,1.214,1.214,1.217,-0.003,-0.25,3914,475173.0,0.0389999999999999,0.074,-0.0230000000000001,1.2066,1.1867,1.18995,1.2053231476554118,1.1962582001629962,1.1968311261491051,0.0030000000000001,0.0239285714285714,0.0,0.0030000000000001,0.0088918244379232,0.0078524073743415,1.1323692230968592,53.10380635921528,1.1839166666666665,1.1971538461538462,1.1951247506438043,1.1999537473932818,-0.0048289967494774,-0.014770981421491,-0.0118280402049604,216.44444444444449
1.23,1.23,1.23,1.23,1.214,0.016,1.32,3,369.0,0.04,0.064,-0.014,1.2146,1.1931,1.18925,1.213548765103608,1.2023930728606331,1.1999900665158572,0.016,0.0222142857142857,0.016,0.0,0.0093995512637858,0.0072915211333171,1.28910704528256,56.31484328962156,1.186416666666667,1.1974615384615386,1.2004901736216806,1.2021793957345202,-0.0016892221128395,-0.0125886515201248,-0.0098002765865362,-0.9992335206949412
1.203,1.207,1.203,1.207,1.23,-0.023,-1.87,106,12785.0,0.0010000000000001,0.052,-0.0549999999999999,1.2148,1.1983,1.1865,1.2113658434024053,1.203230695976882,1.2006576792286323,0.0269999999999999,0.0223571428571428,0.0,0.0229999999999999,0.0087281547449439,0.0084135553380802,1.0373919697704816,50.9176430045195,1.192,1.1966923076923075,1.2014916853721913,1.2025364775319631,-0.0010447921597718,-0.0103365280758052,-0.0080491797011833,34.333333333333336
1.196,1.206,1.196,1.206,1.207,-0.001,-0.08,9,1033.0,0.0,0.044,-0.032,1.2148,1.2027,1.1849,1.209577228934937,1.2037342057992668,1.2011664716830484,0.0110000000000001,0.0212857142857143,0.0,0.0010000000000001,0.0081047151203051,0.0078840156710744,1.0279932788617296,50.69017188453015,1.1953333333333334,1.1953846153846155,1.2021852722380082,1.2027930347518176,-0.0006077625138094,-0.008188341771462,-0.0065608962637086,-0.9150943396226416
1.24,1.24,1.203,1.203,1.206,-0.003,-0.25,4,485.0,-0.014,0.0270000000000001,0.014,1.2120000000000002,1.2054,1.1856,1.207384819289958,1.2036007138357636,1.20134109342752,0.0369999999999999,0.0196428571428571,0.0,0.0029999999999998,0.0075258068974261,0.0075351574088548,0.9987590821370632,49.968957793012,1.1993333333333334,1.1958461538461538,1.2023106149706224,1.2028083655109425,-0.0004977505403198,-0.0061637955837374,-0.0053482671190308,-0.5555555555555556
1.2,1.225,1.2,1.204,1.203,0.001,0.08,10,1236.0,-0.01,0.0289999999999999,0.044,1.21,1.2083,1.1878,1.2062565461933057,1.20367331132017,1.201594322624899,0.0250000000000001,0.0179285714285714,0.0009999999999998,0.0,0.0070596778333243,0.0069969318796509,1.008967638209518,50.22319021070718,1.2028333333333334,1.1956153846153847,1.2025705203597574,1.202896634732354,-0.0003261143725965,-0.0043832800865443,-0.0043438365697439,1.5
1.21,1.215,1.207,1.207,1.204,0.003,0.25,506,61370.0,-0.0229999999999999,0.0170000000000001,0.032,1.2054,1.21,1.1894,1.2065043641288704,1.2042781638074118,1.2021091490415754,0.0110000000000001,0.0178571428571428,0.0030000000000001,0.0,0.0067697008452297,0.0064971510311044,1.0419491270589922,51.027183451906346,1.2054166666666666,1.1944615384615385,1.2032519787659486,1.2032005877151426,5.139105080598228e-05,-0.0029294738381528,-0.003464791045634,49.6
1.203,1.203,1.172,1.172,1.207,-0.035,-2.9,1005,120843.0,-0.0350000000000001,-0.034,0.022,1.1984,1.2066,1.1905,1.195002909419247,1.1984094067515187,1.1992416110376158,0.0350000000000001,0.018,0.0,0.0350000000000001,0.0062861507848561,0.008533068814597,0.7366811309552355,42.41890568305047,1.2051666666666667,1.1916923076923076,1.1984439820327255,1.2008894330695763,-0.0024454510368507,-0.0020584287216786,-0.0032609230438773,0.9861660079051384
1.203,1.248,1.2,1.248,1.172,0.076,6.48,504475,61684502.0,0.042,0.042,0.074,1.2068,1.2108,1.1942,1.212668606279498,1.2074258782512426,1.2038852671292717,0.076,0.0224285714285714,0.076,0.0,0.0112657114430807,0.0079235638992686,1.4217985222685674,58.70837351641988,1.21,1.191153846153846,1.2060679847969218,1.2043791046940524,0.0016888801028693,-0.0010777575924433,-0.002270962414528,500.9651741293532
1.25,1.267,1.225,1.265,1.248,0.017,1.36,787987,99136924.0,0.0619999999999998,0.0479999999999998,0.0649999999999999,1.2192,1.2156,1.19745,1.230112404186332,1.2178939003873803,1.2097057178788646,0.0419999999999998,0.0235,0.0169999999999999,0.0,0.0116753034828606,0.0073575950493208,1.5868369222003202,61.34275062266326,1.2149166666666666,1.1921923076923078,1.2151344486743183,1.208869541383382,0.0062649072909366,0.0001548984120471,-0.000563788473435,0.5619941523365874
1.243,1.276,1.243,1.27,1.265,0.005,0.4,425,54217.0,0.066,0.056,0.1300000000000001,1.2324,1.2212,1.20395,1.2434082694575548,1.2273677366805835,1.2154480304618298,0.0329999999999999,0.0247857142857143,0.0050000000000001,0.0,0.0111984960912277,0.0068320525457979,1.6391115285135467,62.10846001785912,1.22025,1.1953076923076922,1.2235753027244234,1.2133977235031312,0.0101775792212921,0.0014734318936172,0.0015844850655103,-0.9994606510005876
1.233,1.274,1.233,1.245,1.27,-0.025,-1.97,17,2131.0,0.038,0.0150000000000001,0.0790000000000001,1.24,1.2227,1.2079,1.2439388463050367,1.2305736027386591,1.2182625037511794,0.0409999999999999,0.0262857142857143,0.0,0.0249999999999999,0.0103986035132829,0.0081297630782409,1.2790782970188206,56.12261319376068,1.2225833333333334,1.198576923076923,1.226871409997589,1.2157386328732696,0.0111327771243194,0.0028264951474052,0.0034941434772721,-0.96
1.245,1.275,1.245,1.271,1.245,0.026,2.09,23,2879.0,0.0989999999999999,0.0639999999999998,0.1159999999999998,1.2598,1.2291,1.2137,1.2529592308700246,1.2379238567861757,1.2232851224415433,0.0299999999999998,0.0284285714285714,0.0259999999999998,0.0,0.0115129889766198,0.0075490657155094,1.5250879261743018,60.39741865483966,1.2273333333333334,1.2022692307692309,1.2336604238441138,1.2198320674752496,0.0138283563688641,0.0044305083565911,0.0055609860555905,0.3529411764705883
1.27,1.285,1.245,1.285,1.271,0.014,1.1,55297,7026489.0,0.0369999999999999,0.0789999999999999,0.123,1.2672,1.237,1.21985,1.2636394872466832,1.2464831555523257,1.229162729828063,0.0399999999999998,0.0304999999999999,0.014,0.0,0.011690632621147,0.0070098467358302,1.6677443975189017,62.51514946746637,1.2319166666666663,1.2074615384615384,1.2415588201757886,1.2246593217363424,0.0168994984394461,0.0063635360210096,0.0078286885323616,2403.217391304348
1.285,1.325,1.272,1.272,1.285,-0.013,-1.01,60005,7742454.0,0.0070000000000001,0.0689999999999999,0.096,1.2686,1.2439,1.22465,1.2664263248311225,1.251122581815539,1.233242469844438,0.0529999999999999,0.0340714285714285,0.0,0.0129999999999999,0.0108555874339222,0.007437714826128,1.45953262362083,59.341868841412726,1.2373333333333334,1.211230769230769,1.2462420786102826,1.2281660386447617,0.018076039965521,0.008408219836356,0.0098781588189935,0.0851402426894767
1.272,1.301,1.269,1.301,1.272,0.029,2.28,50010,6471272.0,0.0309999999999999,0.0969999999999999,0.1259999999999999,1.2748,1.2536,1.23095,1.2779508832207482,1.2601912033036229,1.2396955679544917,0.032,0.0352142857142856,0.0289999999999999,0.0,0.0121516169029277,0.0069064494814046,1.7594593192414694,63.76101676777451,1.24525,1.2151153846153846,1.2546663742087003,1.2335611468932977,0.0211052273154028,0.0107475349768667,0.0121235725182754,-0.1665694525456211
1.298,1.303,1.298,1.303,1.301,0.002,0.15,30124,3915179.0,0.0579999999999998,0.0959999999999998,0.1129999999999999,1.2864,1.2632,1.2366,1.286300588813832,1.2679746208847822,1.245724561482635,0.0049999999999998,0.0336428571428571,0.002,0.0,0.0114265014098615,0.0064131316613042,1.7817350419931346,64.05121318515324,1.2535833333333333,1.2213846153846153,1.262102316638131,1.2387047656419423,0.0233975509961887,0.0136189796472045,0.0143783682138581,-0.3976404719056189
1.279,1.3,1.279,1.29,1.303,-0.013,-1.0,940,120348.0,0.0190000000000001,0.1180000000000001,0.084,1.2902,1.275,1.2408,1.287533725875888,1.2719792352693673,1.2499412699128605,0.024,0.0345714285714285,0.0,0.0129999999999999,0.0106103227377285,0.0068836222569254,1.5413865464587069,60.651401047453824,1.26075,1.226153846153846,1.2663942679245723,1.2425044126314282,0.0238898552931443,0.0160857546683461,0.0162806656297153,-0.9687956446687028
1.305,1.309,1.291,1.291,1.29,0.001,0.08,276,36011.0,0.006,0.0429999999999999,0.0849999999999999,1.2914,1.2793,1.24505,1.2886891505839255,1.2754375561294822,1.2538516251592546,0.0189999999999999,0.0332857142857142,0.0009999999999998,0.0,0.009923871113605,0.0063919349528593,1.5525613428162026,60.82366432390161,1.26775,1.2313846153846153,1.270179765166946,1.2460966783624334,0.0240830868045125,0.0180655523920768,0.0178411498646747,-0.7063829787234043
1.26,1.305,1.26,1.302,1.291,0.011,0.85,327,42440.0,0.03,0.0370000000000001,0.0849999999999999,1.2974,1.283,1.2493,1.2931261003892838,1.2802670913786671,1.2584371846678972,0.0449999999999999,0.0347142857142856,0.0110000000000001,0.0,0.0100007374626332,0.0059353681705122,1.684939699666556,62.75521568979034,1.2785833333333334,1.2367692307692306,1.2750751859104927,1.2502376651504012,0.0248375207600914,0.0196944347852767,0.0192404240437581,0.1847826086956521
1.305,1.31,1.3,1.306,1.302,0.004,0.31,107,13935.0,0.0050000000000001,0.036,0.092,1.2984,1.2866,1.2539,1.297417400259523,1.2849458020370914,1.262966976604288,0.01,0.034642857142857,0.004,0.0,0.0095721133581594,0.0055114133011899,1.736780175076484,63.46071163819165,1.2834166666666669,1.2417692307692307,1.2798328496165707,1.2543682084725938,0.0254646411439769,0.0212868641207942,0.0204852674638019,-0.672782874617737
1.308,1.31,1.308,1.31,1.306,0.004,0.31,40,5240.0,0.0070000000000001,0.0649999999999999,0.08,1.2998,1.2931,1.2578999999999998,1.3016116001730151,1.2895011107576202,1.2674463121657846,0.004,0.0324285714285713,0.004,0.0,0.009174105261148,0.0051177409225334,1.792608379364099,64.1911838627474,1.2871666666666666,1.2469615384615385,1.2844739496755595,1.2584890819190684,0.0259848677564913,0.0226375876083084,0.0215851875223397,-0.6261682242990654
1.294,1.31,1.287,1.31,1.31,0.0,0.0,10,1326.0,0.02,0.0390000000000001,0.1029999999999999,1.3038,1.2970000000000002,1.26305,1.3044077334486768,1.293228181528962,1.271499044340472,0.0230000000000001,0.028642857142857,0.0,-0.0,0.0085188120282089,0.0047521879994953,1.7926083793640992,64.1911838627474,1.2905,1.251576923076923,1.288401034340858,1.262304705480619,0.0260963288602391,0.0236594576550631,0.0224874157899196,-0.75
1.328,1.34,1.328,1.338,1.31,0.028,2.14,93787,12475365.0,0.0470000000000001,0.0530000000000001,0.1320000000000001,1.3132,1.3023,1.26965,1.3156051556324513,1.3013685121600598,1.2778324686889984,0.03,0.0277857142857142,0.028,0.0,0.0099103254547654,0.0044127459995314,2.245840901746392,69.19134269760542,1.29825,1.256653846153846,1.2960316444422644,1.2679117643339064,0.0281198801083579,0.0247754398931561,0.0236139086536073,9377.7
1.337,1.348,1.312,1.312,1.338,-0.026,-1.94,19003,2547592.0,0.01,0.04,0.1089999999999999,1.3152,1.3062999999999998,1.2751,1.314403437088301,1.3033015099491398,1.281086519290046,0.036,0.0279999999999999,0.0,0.026,0.0092024450651393,0.0059546927138506,1.545410570680576,60.71360701025822,1.3016666666666667,1.2607307692307694,1.2984883145280697,1.271177559568432,0.0273107549596376,0.0254649429647378,0.0243532779148133,-0.7973813001801955
1.307,1.333,1.307,1.333,1.312,0.021,1.6,2013,263145.0,0.0269999999999999,0.032,0.129,1.3206000000000002,1.3095,1.28155,1.3206022913922009,1.3087012354129326,1.2860306603100415,0.026,0.0269285714285713,0.0209999999999999,0.0,0.0100451275604865,0.0055293575200041,1.816689827732283,64.49733335370121,1.3056666666666663,1.2651923076923075,1.3037978046006744,1.2757569996004,0.0280408050002742,0.0259808600763028,0.0250907833319055,-0.8940693574698731
1.33,1.33,1.292,1.322,1.333,-0.011,-0.83,69251,9091402.0,0.012,0.0190000000000001,0.1149999999999999,1.323,1.3114,1.2873,1.3210681942614673,1.3111191926105812,1.2894563117090854,0.0409999999999999,0.0277142857142856,0.0,0.0109999999999998,0.0093276184490232,0.0059201176971466,1.5755798999602344,61.17379235583258,1.3098333333333334,1.269346153846154,1.3065981423544168,1.2791824070374076,0.0274157353170092,0.0263726245233989,0.0255557737289263,33.40188772975658
1.322,1.331,1.322,1.331,1.322,0.009,0.68,5031,668051.0,0.0209999999999999,0.0409999999999999,0.159,1.3272,1.3155,1.29525,1.3243787961743116,1.3147338848632026,1.2934128534510774,0.0089999999999998,0.0254999999999999,0.0089999999999998,0.0,0.0093042171312358,0.0054972521473505,1.6925214419571706,62.86009149575764,1.3123333333333334,1.2732307692307692,1.3103522742998912,1.2830207472568589,0.0273315270430323,0.0267335623276789,0.0259109243917475,-0.9273512295851324
1.331,1.337,1.305,1.305,1.331,-0.026,-1.95,20010,2666243.0,-0.0330000000000001,0.014,0.0569999999999999,1.3206,1.3169,1.2981,1.317919197449541,1.3129640876153477,1.2945163912176414,0.032,0.0239999999999999,0.0,0.026,0.0086396301932904,0.0069617341368254,1.2410169684000685,55.377401684114375,1.3125,1.277,1.3095288474845233,1.2846488400526472,0.024880007431876,0.0267382830689883,0.0257047409997732,2.977340488968396
1.261,1.27,1.261,1.264,1.305,-0.041,-3.14,16,2055.0,-0.048,-0.038,-0.0009999999999998,1.311,1.3131,1.29805,1.2999461316330274,1.3040615262307391,1.2916100682445328,0.044,0.0248571428571428,0.0,0.0409999999999999,0.0080225137509125,0.0093930388413379,0.8540914060321088,46.0652265176034,1.3103333333333331,1.2792307692307692,1.3025244094099813,1.2831192963450435,0.0194051130649375,0.0260650021713172,0.024444815412806,-0.9992003998001
1.26,1.269,1.26,1.269,1.264,0.005,0.4,241,30314.0,-0.064,-0.0370000000000001,-0.0010000000000001,1.2982,1.3094,1.298,1.2896307544220185,1.2976867032796957,1.2894567284117202,0.0089999999999998,0.0251428571428571,0.0049999999999998,0.0,0.0078066199115616,0.008722107495528,0.8950382594532528,47.23061684841576,1.3085000000000002,1.2817692307692308,1.297366807962292,1.2820734225417072,0.0152933854205847,0.0248770596895498,0.0226145294143618,14.0625
1.263,1.263,1.263,1.263,1.269,-0.006,-0.47,26,3284.0,-0.0590000000000001,-0.0470000000000001,0.0179999999999997,1.2864,1.3047,1.2989,1.2807538362813458,1.2913800299561145,1.2869370399915565,0.006,0.0238571428571428,0.0,0.006,0.0072490042035929,0.0085276712458475,0.8500567147359007,45.94760300941629,1.30525,1.2840384615384617,1.292079606737324,1.2806605764275067,0.0114190303098171,0.0232462487395029,0.0203754295934528,-0.892116182572614
1.26,1.26,1.26,1.26,1.263,-0.003,-0.24,12,1512.0,-0.0709999999999999,-0.05,-0.0109999999999998,1.2722,1.2997,1.29835,1.2738358908542309,1.2856745699640937,1.2843716076114085,0.0029999999999998,0.0227142857142857,0.0,0.0029999999999998,0.0067312181890505,0.0081328375854298,0.8276592417276019,45.285205405426325,1.3014166666666669,1.2860769230769231,1.2871442826238897,1.2791301633588026,0.0080141192650868,0.0210122753124728,0.0179031675277796,-0.5384615384615384
1.262,1.277,1.262,1.277,1.26,0.017,1.35,36,4504.0,-0.028,-0.0610000000000001,-0.008,1.2666,1.2936,1.2979500000000002,1.2748905939028206,1.2840973754251674,1.2836695497436552,0.0169999999999999,0.0207142857142857,0.0169999999999999,0.0,0.0074647026041183,0.0075519206150419,0.9884508835077188,49.70959512784373,1.2986666666666666,1.2901153846153846,1.2855836237586755,1.2789723734803728,0.0066112502783028,0.0187123303478801,0.0156447840778843,2.0
1.277,1.295,1.277,1.295,1.277,0.018,1.41,808,103892.0,0.0309999999999999,-0.0170000000000001,0.0229999999999999,1.2728,1.2918999999999998,1.2991,1.281593729268547,1.2860796708024096,1.2847486402442594,0.018,0.0212857142857142,0.018,0.0,0.0082172238466813,0.0070124977139675,1.1717970089764502,53.95518108429057,1.2974166666666669,1.291923076923077,1.287032297026572,1.2801596050744193,0.0068726919521526,0.0163603177869777,0.013890365652738,21.444444444444443
1.262,1.295,1.262,1.294,1.295,-0.001,-0.08,10,1231.0,0.0250000000000001,-0.0389999999999999,-0.0069999999999998,1.2777999999999998,1.288,1.29875,1.2857291528456982,1.287519730656517,1.2856297221257584,0.0329999999999999,0.0233571428571428,0.0,0.0009999999999998,0.0076302792862041,0.0065830335915412,1.1590825384832415,53.68403096333217,1.29375,1.2930384615384616,1.2881042513301764,1.2811848195133513,0.006919431816825,0.0140829507314017,0.0124961788855554,-0.9876237623762376
1.295,1.296,1.295,1.296,1.294,0.002,0.15,40,5134.0,0.0330000000000001,-0.026,-0.0069999999999998,1.2844,1.2854,1.2984,1.289152768563799,1.2890615978098774,1.286617367637591,0.002,0.0218571428571428,0.002,0.0,0.0072281164800466,0.0061128169064311,1.182452638560482,54.17999078964722,1.2924166666666668,1.2940384615384617,1.2893189818947648,1.2822822402901402,0.0070367416046246,0.0118279745715786,0.0114042914293692,3.0
1.274,1.274,1.274,1.274,1.296,-0.022,-1.7,135,17152.0,0.014,-0.0569999999999999,-0.016,1.2872,1.2797,1.2976,1.2841018457091993,1.2863231254808087,1.285415713576868,0.022,0.0212857142857142,0.0,0.022,0.0067118224457576,0.0072476156988289,0.9260731700829696,48.08089248463376,1.2875,1.295153846153846,1.2869622154494162,1.2816687410093892,0.005293474440027,0.0096516931280398,0.0101821280315008,2.375
1.226,1.29,1.226,1.276,1.274,0.002,0.16,26,3290.0,-0.0009999999999998,-0.0289999999999999,-0.0149999999999999,1.287,1.2768000000000002,1.29685,1.2814012304727995,1.284446193575207,1.2845189789504996,0.064,0.0232857142857142,0.002,0.0,0.006375263699632,0.0067299288631983,0.9473003101851984,48.64685252862232,1.2836666666666667,1.2953461538461537,1.2852757207648906,1.2812488342679529,0.0040268864969377,0.0079430012871509,0.0089510797245882,-0.8074074074074074
1.279,1.335,1.279,1.335,1.276,0.059,4.62,1310,170891.0,0.04,0.0709999999999999,0.0329999999999999,1.295,1.2838999999999998,1.2985000000000002,1.2992674869818666,1.293637794743351,1.2893266952409284,0.0589999999999999,0.0256428571428571,0.0589999999999999,0.0,0.0101341734353726,0.0062492196586841,1.6216702226636903,61.85637723023867,1.284,1.2972692307692308,1.2929256098779844,1.2852304020999563,0.0076952077780281,0.0070987593268669,0.0086999053352761,49.38461538461539
1.311,1.322,1.311,1.32,1.335,-0.015,-1.12,159,20909.0,0.026,0.0510000000000001,0.014,1.3001999999999998,1.289,1.2992,1.3061783246545775,1.2984309229718325,1.2922479623608398,0.024,0.0244285714285714,0.0,0.0149999999999999,0.0094103039042746,0.0068742753973495,1.3689157562559715,57.78659509697035,1.28525,1.299115384615385,1.297090900665987,1.28780592787033,0.0092849727956569,0.0068616418252935,0.0088169188273523,-0.8786259541984733
1.324,1.324,1.316,1.323,1.32,0.003,0.23,51,6729.0,0.0269999999999999,0.06,0.0129999999999999,1.3056,1.295,1.29985,1.3117855497697186,1.3028980278860447,1.2951767278502837,0.008,0.0243571428571428,0.0029999999999998,0.0,0.0089524250539692,0.0063832557261103,1.402485727988294,58.37644368287907,1.290166666666667,1.2999615384615384,1.3010769159481428,1.2904128961762316,0.0106640197719112,0.0071560752149407,0.0091863390162641,-0.679245283018868
1.315,1.34,1.315,1.33,1.323,0.007,0.53,106,14121.0,0.056,0.07,0.02,1.3168000000000002,1.302,1.30085,1.3178570331798125,1.3078256591794912,1.2984932299597804,0.0250000000000001,0.0238571428571428,0.0070000000000001,0.0,0.0088129661215429,0.005927308888531,1.4868410415720823,59.78834258872293,1.29525,1.3009999999999995,1.30552662118689,1.293345274237251,0.0121813469496387,0.0077749748450891,0.009785340602939,1.0784313725490198
1.311,1.34,1.311,1.34,1.33,0.01,0.75,21,2756.0,0.064,0.0630000000000001,0.002,1.3296,1.3083,1.3009499999999998,1.325238022119875,1.3136755393286743,1.3024462556778964,0.0290000000000001,0.0227857142857142,0.01,0.0,0.0088977542557184,0.0055039296822073,1.6166184470856002,61.7827352278356,1.3016666666666667,1.3029230769230769,1.3108302179273683,1.2968011798493069,0.0140290380780618,0.0085701244146346,0.0106340800979636,-0.8018867924528301
1.316,1.333,1.316,1.332,1.34,-0.008,-0.6,15,1942.0,-0.0029999999999998,0.0370000000000001,0.02,1.3290000000000002,1.312,1.3019500000000002,1.3274920147465834,1.3170072594507338,1.3052608979942872,0.024,0.0238571428571428,0.0,0.008,0.0082622003803099,0.0056822204191925,1.4540443296432377,59.250939849754985,1.3076666666666668,1.3045,1.3140871074770042,1.2994084998604691,0.014678607616535,0.0094322550590468,0.0114429856016779,-0.2857142857142857
1.319,1.319,1.315,1.315,1.332,-0.017,-1.28,5033,661804.0,-0.0050000000000001,0.0209999999999999,-0.018,1.328,1.3141,1.3010499999999998,1.3233280098310556,1.3166423031869638,1.3061884315186407,0.0170000000000001,0.0246428571428571,0.0,0.0170000000000001,0.0076720432102878,0.006490633246393,1.1820176736301098,54.17085699693935,1.3108333333333333,1.305,1.314227552480542,1.300563425796731,0.0136641266838113,0.0101686311789564,0.0118872138181045,334.53333333333336
1.309,1.311,1.309,1.311,1.315,-0.004,-0.3,23,3034.0,-0.012,0.0149999999999999,-0.0110000000000001,1.3256,1.3156,1.3005,1.319218673220704,1.315616429880243,1.306646676135913,0.006,0.0248571428571428,0.0,0.004,0.0071240401238386,0.0063127308716507,1.1285195375319084,53.01898890909244,1.3121666666666667,1.3051923076923075,1.313731005945074,1.3013365053673434,0.0123945005777306,0.0109576340831457,0.0119886711700298,-0.9954301609378104
1.308,1.311,1.304,1.311,1.311,0.0,0.0,589,77130.0,-0.0190000000000001,0.0369999999999999,-0.02,1.3218,1.3193,1.2995,1.3164791154804694,1.314777078992926,1.307061278408683,0.0069999999999998,0.0241428571428571,0.0,-0.0,0.006615180114993,0.0058618215236756,1.1285195375319084,53.01898890909244,1.313583333333333,1.3052307692307692,1.3133108511842932,1.3020523197845773,0.0112585313997159,0.0117611501834544,0.011842643215967,24.608695652173918
1.311,1.318,1.311,1.312,1.311,0.001,0.08,829,108861.0,-0.028,0.036,0.0070000000000001,1.3161999999999998,1.3229,1.29985,1.3149860769869797,1.3142721555396668,1.3075316328459512,0.0070000000000001,0.0233571428571428,0.0010000000000001,0.0,0.0062140958210649,0.0054431199862702,1.141642263396624,53.306860950063175,1.3149166666666667,1.3053076923076925,1.313109181771325,1.3027891849857198,0.0103199967856051,0.0120527934065185,0.0115381139298946,0.4074702886247878
1.305,1.305,1.305,1.305,1.312,-0.007,-0.53,5,604.0,-0.0270000000000001,-0.03,0.0409999999999999,1.3108,1.3199,1.3019,1.3116573846579866,1.312586309077909,1.3072905249558606,0.0070000000000001,0.0215,0.0,0.0070000000000001,0.005770231833846,0.0055543257015366,1.0388717089906416,50.95326520102349,1.3175,1.3040384615384617,1.3118616153449674,1.3029529490608518,0.0089086662841155,0.0120109815719028,0.0110122244007388,-0.993968636911942
1.304,1.337,1.304,1.337,1.305,0.032,2.45,16548,2168463.0,0.022,0.0169999999999999,0.068,1.3152,1.3216,1.3053,1.3201049231053246,1.3170251619728346,1.3101199987695882,0.0329999999999999,0.0237142857142857,0.032,0.0,0.007643786702857,0.0051575881514269,1.4820467393741572,59.71067006368512,1.3225833333333332,1.305,1.3157290591380493,1.305474952834122,0.0102541063039272,0.0119654356310157,0.0108606007813765,3308.6
1.337,1.337,1.313,1.315,1.337,-0.022,-1.65,6596,870345.0,0.004,-0.008,0.052,1.316,1.3208,1.3079,1.3184032820702165,1.3166569507050463,1.3105847607915322,0.024,0.0238571428571428,0.0,0.022,0.0070978019383672,0.0063606175691821,1.115898238051107,52.73874792196664,1.3209166666666667,1.3043076923076922,1.315616896193734,1.3061805118834464,0.0094363843102875,0.0116604397821989,0.0105757574871587,-0.601401982112642
1.315,1.316,1.315,1.315,1.315,0.0,0.0,4665,613385.0,0.004,-0.0150000000000001,0.0549999999999999,1.3168,1.3193,1.31065,1.3172688547134777,1.3163556869404922,1.3110052597637671,0.0010000000000001,0.0193571428571429,0.0,-0.0,0.0065908160856267,0.0059062877428119,1.115898238051107,52.73874792196664,1.3205,1.3040384615384617,1.3155219890870056,1.3068338072994874,0.0086881817875181,0.0110670113054718,0.0101982423472306,-0.2927531837477258
1.31,1.33,1.31,1.312,1.315,-0.003,-0.23,75024,9895480.0,0.0,-0.028,0.0350000000000001,1.3168000000000002,1.3165,1.3123999999999998,1.3155125698089851,1.3155637438604026,1.3110999969291226,0.02,0.0165714285714286,0.0,0.0029999999999998,0.0061200435080819,0.0056986957611825,1.073937575290384,51.78254100247042,1.319583333333333,1.303307692307692,1.3149801446120817,1.3072164882402662,0.0077636563718153,0.0102986833893918,0.0097113251521475,15.082315112540194
1.318,1.399,1.318,1.322,1.312,0.01,0.76,147854,19548465.0,0.0170000000000001,-0.01,0.0270000000000001,1.3202,1.3155,1.31375,1.3176750465393237,1.3167339722494202,1.3121380924596824,0.0869999999999999,0.0210714285714286,0.01,0.0,0.0063971832575047,0.0052916460639552,1.2089212279483292,54.729033007265215,1.3189166666666667,1.3039615384615384,1.316060122364069,1.3083115631854316,0.0077485591786374,0.0096413981110392,0.0093187719574455,0.9707560247387504
1.323,1.341,1.317,1.34,1.322,0.018,1.36,17583,2333465.0,0.0030000000000001,0.0250000000000001,0.046,1.3208,1.318,1.31605,1.3251166976928823,1.320964159113162,1.3147916074635222,0.024,0.0222142857142857,0.018,0.0,0.0072259558819686,0.0049136713451012,1.470581846946807,59.52370486183976,1.3189166666666667,1.3068846153846154,1.3197431804619046,1.3106588548013254,0.0090843256605792,0.0092736008980224,0.0092718826980722,-0.8810786316230876
1.34,1.34,1.34,1.34,1.34,0.0,0.0,16,2094.0,0.0250000000000001,0.0290000000000001,0.044,1.3258,1.3209,1.31825,1.3300777984619216,1.324425221092587,1.3171924067527103,0.0,0.0204285714285714,0.0,-0.0,0.0067098161761137,0.0045626948204511,1.470581846946807,59.52370486183976,1.319583333333333,1.3096153846153848,1.3228596142369962,1.31283227296419,0.010027341272806,0.0091368019950324,0.009422974413019,-0.9990900301427516
1.419,1.419,1.416,1.416,1.34,0.076,5.67,347,49225.0,0.1009999999999999,0.1049999999999999,0.1419999999999999,1.346,1.3314,1.3253499999999998,1.3587185323079478,1.3410751808939347,1.3266026537286428,0.0789999999999999,0.024,0.0759999999999998,0.0,0.011659115020677,0.0042367880475618,2.751875923410093,73.34666656324028,1.328,1.3155,1.3371889043543812,1.3204743268186945,0.0167145775356867,0.0098473109672637,0.0108812950375525,20.6875
1.416,1.416,1.341,1.379,1.416,-0.037,-2.61,184,25181.0,0.0669999999999999,0.0669999999999999,0.1029999999999999,1.3594,1.3381,1.3305,1.365479021538632,1.3479706025495828,1.331592877183058,0.0749999999999999,0.0276428571428571,0.0,0.0369999999999999,0.0108263210906286,0.0065770174727359,1.6460836747823082,62.20830015580405,1.3336666666666668,1.3200769230769231,1.3436213806075532,1.3248095618691615,0.0188118187383916,0.010947661239961,0.0124673997777203,-0.4697406340057637
1.303,1.398,1.303,1.39,1.379,0.011,0.8,36,4995.0,0.0679999999999998,0.0849999999999999,0.0549999999999999,1.373,1.3466,1.33325,1.3736526810257548,1.3556123111769312,1.3371554603084808,0.0949999999999999,0.0332142857142857,0.0109999999999998,0.0,0.0108387267270123,0.0061072305103976,1.7747367990383165,63.96054572287414,1.34025,1.3244230769230767,1.3507565528217758,1.3296384832121866,0.0211180696095891,0.0121547682739234,0.0141975337440941,-0.8043478260869565
1.301,1.39,1.301,1.384,1.39,-0.006,-0.43,39,5229.0,0.0439999999999998,0.0469999999999999,0.0639999999999998,1.3818,1.3513000000000002,1.33645,1.3771017873505031,1.3607737091447618,1.3416168450410064,0.0889999999999999,0.0391428571428571,0.0,0.006,0.0100645319607971,0.0060995711882264,1.650039265091951,62.26471006778453,1.3462500000000002,1.327846153846154,1.3558709293107334,1.333665262233506,0.0222056670772272,0.0135735774702501,0.0157991604107207,0.0833333333333332
1.283,1.31,1.283,1.31,1.384,-0.074,-5.35,15,1954.0,-0.03,-0.0049999999999998,-0.0129999999999999,1.3758,1.3508,1.3358,1.3547345249003355,1.351542125663896,1.338605716941863,0.1009999999999999,0.0458571428571428,0.0,0.0739999999999998,0.0093456368207402,0.0109496018176388,0.8535138515891293,46.04842045595507,1.346666666666667,1.3284615384615384,1.348813863262928,1.331912279845839,0.0169015834170891,0.0144861776513135,0.0160196450119944,-0.6153846153846154
1.302,1.303,1.302,1.302,1.31,-0.008,-0.61,43,5619.0,-0.1139999999999998,-0.0129999999999999,-0.028,1.353,1.3495,1.3344,1.337156349933557,1.3425344664522785,1.335119458185495,0.008,0.0459285714285714,0.0,0.008,0.0086780913335445,0.0107389159735217,0.8080975170065124,44.69324853365207,1.34375,1.3286923076923076,1.3416117304532469,1.3296965554128135,0.0119151750404331,0.0149474575033822,0.0151987510176821,1.8666666666666667
1.321,1.321,1.291,1.291,1.302,-0.011,-0.84,6,730.0,-0.088,-0.0210000000000001,-0.0490000000000001,1.3354,1.3474,1.33195,1.3217708999557047,1.333164563460955,1.3309176050249716,0.03,0.0475714285714285,0.0,0.0110000000000001,0.0080582276668627,0.0107575648325559,0.7490754452602424,42.82693735654088,1.34175,1.329346153846154,1.3338253103835167,1.3268301439007533,0.0069951664827634,0.0148637472038406,0.0135580341106984,-0.8604651162790697
1.397,1.397,1.307,1.307,1.291,0.016,1.24,31,4226.0,-0.0829999999999999,-0.0150000000000001,-0.0250000000000001,1.3188,1.3459,1.3306999999999998,1.3168472666371365,1.3284073701044177,1.328639737879736,0.1060000000000001,0.0527857142857142,0.016,0.0,0.0086254971192297,0.0099891673445162,0.8634850955785485,46.337107692855774,1.3410833333333334,1.3305384615384617,1.3296983395552835,1.325361244352549,0.0043370952027341,0.0143362771529689,0.0117138463291055,4.166666666666667
1.308,1.33,1.308,1.308,1.307,0.001,0.08,552,73350.0,-0.0759999999999998,-0.032,-0.0069999999999998,1.3036,1.3427,1.33035,1.3138981777580911,1.3246969391763417,1.3266740485578563,0.0230000000000001,0.0527142857142857,0.0010000000000001,0.0,0.0080808187535704,0.0092756553913364,0.8711857451192045,46.557951148976144,1.34075,1.3295,1.3263601334698554,1.3240752262523603,0.002284907217495,0.0134760067023788,0.0098280585067834,16.806451612903224
1.3,1.3,1.3,1.3,1.308,-0.008,-0.61,60,7800.0,-0.01,-0.04,-0.0109999999999998,1.3016,1.3387,1.3298,1.3092654518387277,1.3202065865988248,1.3241336629809175,0.008,0.0532142857142857,0.0,0.008,0.0075036174140297,0.0091845371490981,0.8169837295248441,44.96373392063846,1.3389166666666668,1.3287307692307695,1.3223047283206468,1.322291876159593,1.2852161053844569e-05,0.0116202594385307,0.0078650172376375,-0.8913043478260869
1.3,1.3,1.272,1.272,1.3,-0.028,-2.15,23,2971.0,-0.03,-0.1439999999999999,-0.0389999999999999,1.2956,1.3243,1.3278500000000002,1.296843634559152,1.3114417526717657,1.3191685522208303,0.028,0.0537857142857142,0.0,0.028,0.006967644741599,0.0105284987813054,0.6617890058524639,39.82388880428172,1.33325,1.326769230769231,1.3145655393482396,1.318566551999623,-0.0040010126513834,0.0090855003952224,0.0054918112598333,-0.6166666666666667
1.297,1.393,1.297,1.393,1.272,0.121,9.51,17,2239.0,0.102,0.014,0.0809999999999999,1.316,1.3257,1.3319,1.328895756372768,1.3262705249132627,1.3262001186759895,0.121,0.0562142857142857,0.121,0.0,0.0151128129743419,0.0097764631540693,1.5458364375926072,60.72017882870671,1.3376666666666666,1.3291923076923078,1.3266323794485104,1.3240801407403917,0.0025522387081187,0.007022630295059,0.0049038967494904,-0.2608695652173913
1.389,1.389,1.296,1.311,1.393,-0.082,-5.89,136,18244.0,0.004,-0.0789999999999999,0.006,1.3168,1.3178,1.3322,1.322930504248512,1.323494065838124,1.3247524883258952,0.0969999999999999,0.0614285714285714,0.0,0.082,0.0140333263333175,0.0149352872144929,0.9396087354583844,48.443210132085134,1.3289166666666663,1.3280769230769232,1.3242273979948933,1.3231112414262889,0.0011161565686046,0.0046793513496565,0.0041463487133132,7.0
1.299,1.315,1.294,1.315,1.311,0.004,0.31,16,2030.0,0.0069999999999998,-0.0689999999999999,-0.022,1.3182,1.3109000000000002,1.3311,1.3202870028323417,1.3219496902311922,1.3238236799139051,0.0209999999999999,0.0629285714285714,0.004,0.0,0.0133166601666519,0.0138684809848863,0.9602104355310638,48.9850690582066,1.3235833333333331,1.3274230769230768,1.3228077983033713,1.322510408728045,0.0002973895753262,0.0028344409227939,0.0033765568857158,-0.8823529411764706
1.315,1.317,1.315,1.317,1.315,0.002,0.15,6,741.0,0.0169999999999999,0.0069999999999998,0.002,1.3216,1.3116,1.3312,1.3191913352215612,1.3210497465527935,1.3231738056363904,0.002,0.0574285714285714,0.002,0.0,0.0125083272976054,0.0128778752002515,0.971303658647122,49.27214812322289,1.3175,1.3275,1.3219142908720831,1.3221022303037455,-0.0001879394316621,0.0014896504258945,0.0026636576222402,-0.625
1.329,1.333,1.329,1.331,1.317,0.014,1.06,33,4394.0,0.0589999999999999,0.0289999999999999,0.016,1.3334,1.3145000000000002,1.332,1.323127556814374,1.3228588835431947,1.3239191574805438,0.016,0.0532142857142857,0.014,0.0,0.0126148753477764,0.0119580269716621,1.0549294944450989,51.33652990512777,1.3130833333333334,1.328269230769231,1.323312092276378,1.32276132435532,0.0005507679210581,0.0007736061412605,0.0022410796820038,4.5
1.314,1.338,1.314,1.338,1.331,0.007,0.53,47,6285.0,-0.0549999999999999,0.0470000000000001,0.026,1.3223999999999998,1.3192,1.3333,1.3280850378762494,1.3256118138080684,1.3252601901014445,0.024,0.0481428571428571,0.0070000000000001,0.0,0.0122138128229352,0.011103882187972,1.0999587906440105,52.38001791009801,1.315416666666667,1.3293076923076923,1.3255717703877046,1.323890115143815,0.0016816552438896,0.0004785572569445,0.0021291947943809,0.4242424242424243
1.39,1.39,1.317,1.389,1.338,0.051,3.81,31,4162.0,0.078,0.082,0.0669999999999999,1.338,1.3274,1.33665,1.3483900252508332,1.337136938570238,1.3313306481870213,0.0729999999999999,0.047,0.0509999999999999,0.0,0.0149842547641541,0.010310747745974,1.4532655762046929,59.23800465390122,1.3226666666666669,1.3322692307692303,1.3353299595588268,1.3287130695776064,0.0066168899812204,0.0009598886751362,0.0030267338317488,-0.3404255319148936
1.389,1.389,1.381,1.381,1.389,-0.008,-0.58,19,2631.0,0.066,0.0729999999999999,0.0409999999999999,1.3512,1.3347,1.3387,1.3592600168338889,1.3451120406483763,1.3360610626454004,0.008,0.0403571428571428,0.0,0.008,0.0139139508524288,0.0101456943355473,1.3714143549228357,57.83107250219291,1.3301666666666667,1.3351923076923076,1.3423561196266995,1.3325861755348207,0.0097699440918788,0.0020440100007834,0.0043753758837748,-0.3870967741935484
1.319,1.322,1.319,1.322,1.381,-0.059,-4.27,13,1717.0,0.0050000000000001,0.022,-0.018,1.3522,1.3369,1.3378,1.346840011222593,1.3409098514395803,1.334721913822029,0.062,0.0442142857142857,0.0,0.0589999999999999,0.0129200972201125,0.0136352875972939,0.947548566755326,48.653398581683135,1.3314166666666667,1.3346153846153848,1.3392244089148997,1.3318020143840934,0.0074223945308062,0.0033132774654711,0.0049847796131811,-0.3157894736842105
1.325,1.357,1.323,1.357,1.322,0.035,2.65,556,73901.0,0.026,0.0849999999999999,-0.0589999999999999,1.3574000000000002,1.3454,1.33485,1.3502266741483953,1.3438353329960202,1.336843636315169,0.0349999999999999,0.0445714285714285,0.0349999999999999,0.0,0.0144972331329616,0.0126613384832015,1.1450000449949198,53.37995435788588,1.3355,1.336230769230769,1.3419591152356845,1.3336685318371235,0.0082905833985609,0.0039508713199647,0.0056459403702571,41.76923076923077
1.318,1.374,1.317,1.374,1.357,0.017,1.25,104,13903.0,0.036,-0.0189999999999999,-0.0049999999999998,1.3646,1.3435,1.3346,1.3581511160989304,1.3493198179058348,1.3403823376184862,0.0570000000000001,0.0410714285714285,0.0170000000000001,0.0,0.0146760021948929,0.0117569571629728,1.2482823566894776,55.52160087790453,1.3416666666666668,1.3385,1.3468884821225022,1.3366560479973366,0.0102324341251656,0.0049637910484715,0.0065632391212388,-0.8129496402877698
1.3,1.39,1.3,1.39,1.374,0.016,1.16,5286,687527.0,0.0009999999999998,0.0789999999999999,0.0,1.3648,1.3514000000000002,1.3346,1.3687674107326204,1.3567162146502283,1.3451078292738683,0.0899999999999998,0.0458571428571428,0.0159999999999997,0.0,0.0147705734666863,0.0109171745084747,1.3529666907147286,57.50046084603759,1.3515,1.3415,1.3535210233344248,1.3406074518493858,0.012913571485039,0.0063655890384396,0.0078333055939988,49.82692307692308
1.349,1.349,1.315,1.326,1.39,-0.064,-4.6,1769,233905.0,-0.0549999999999999,0.0110000000000001,-0.0579999999999998,1.3538,1.3525,1.3317,1.3545116071550805,1.3511314483501866,1.3432880360096904,0.0749999999999999,0.0506428571428571,0.0,0.0639999999999998,0.0137155325047801,0.0147088049007265,0.9324708973536416,48.25277827627744,1.3459166666666669,1.341653846153846,1.3492870197445133,1.3395254183790608,0.0097616013654524,0.0074710935714523,0.0082189647482895,-0.6653424139235717
1.295,1.341,1.235,1.34,1.326,0.014,1.06,3223,402126.0,0.018,0.0230000000000001,0.03,1.3574,1.3548000000000002,1.3332000000000002,1.3496744047700535,1.3491075486501527,1.3429748897230531,0.1059999999999998,0.0562142857142856,0.014,0.0,0.0137358516115815,0.013658175979246,1.0056871160873528,50.14177475743193,1.3483333333333334,1.3416538461538463,1.3478582474761265,1.3395605725732045,0.0082976749029222,0.0083318610138817,0.0082347067792161,0.8219332956472583
1.34,1.348,1.331,1.348,1.34,0.008,0.6,441,58970.0,-0.0089999999999998,0.0170000000000001,0.046,1.3556,1.3565,1.3355,1.3491162698467027,1.3489061761683063,1.343453471654191,0.0170000000000001,0.0487857142857142,0.008,0.0,0.01332614792504,0.0126825919807285,1.0507432506927137,51.23719170294899,1.3510833333333334,1.3419615384615384,1.3478800555567223,1.3401857153455594,0.0076943402111631,0.0089999371213565,0.0081266334656055,-0.8631709587340987
1.34,1.414,1.329,1.393,1.348,0.045,3.34,55,7523.0,0.0189999999999999,0.0549999999999999,0.102,1.3594000000000002,1.362,1.3406,1.3637441798978018,1.356923235046796,1.3481721886395062,0.0849999999999999,0.0479285714285714,0.0449999999999999,0.0,0.0155885659303943,0.0117766925535336,1.3236794507059555,56.96480425920232,1.3574166666666667,1.341076923076923,1.3548215854710728,1.3440978845792215,0.010723700891851,0.0094562494447599,0.0086460469508546,-0.8752834467120182
1.41,1.41,1.322,1.38,1.393,-0.013,-0.93,89,12111.0,-0.01,-0.0090000000000001,0.0729999999999999,1.3574000000000002,1.3611,1.3442500000000002,1.3691627865985343,1.3611190104928332,1.351203408769077,0.0879999999999998,0.0527142857142857,0.0,0.0130000000000001,0.0144750969353661,0.0118640716568526,1.2200783469649188,54.95654460271163,1.3615000000000002,1.3411153846153847,1.3586951877062925,1.3467573005363165,0.0119378871699757,0.0096971320089929,0.0093044149946788,0.6181818181818182
1.318,1.377,1.318,1.375,1.38,-0.005,-0.36,106,14122.0,0.0489999999999999,-0.006,0.0669999999999999,1.3672,1.3605,1.3476,1.371108524399023,1.3636428267668634,1.3534697507910696,0.0619999999999998,0.0569999999999999,0.0,0.0049999999999998,0.0134411614399828,0.0113737808242203,1.181767228304599,54.165596264039735,1.3645833333333333,1.3405384615384617,1.3612036203668625,1.3488493523484413,0.0123542680184212,0.0102451179520612,0.0099143855994273,0.1910112359550562
1.318,1.333,1.318,1.333,1.375,-0.042,-3.05,62,8204.0,-0.0070000000000001,0.0109999999999998,0.0329999999999999,1.3658,1.3616,1.34925,1.358405682932682,1.3580714037183428,1.3515202507157296,0.0569999999999999,0.0599285714285713,0.0,0.042,0.012481078479984,0.0135613679082045,0.9203406739251618,47.92590639888871,1.3599166666666669,1.338576923076923,1.3568646018488837,1.3476753262485568,0.0091892756003268,0.0103449726411463,0.0097693635996072,-0.4150943396226415
1.332,1.337,1.33,1.33,1.333,-0.003,-0.23,50,6659.0,-0.018,-0.0269999999999999,0.058,1.3622,1.3589,1.35215,1.3489371219551214,1.3529675121331897,1.3494707030285171,0.0069999999999998,0.0587142857142856,0.0,0.0029999999999998,0.0115895728742709,0.0128069844861899,0.9049415876757092,47.504952043168025,1.3556666666666668,1.339346153846154,1.3527315861798246,1.3463660428227378,0.0063655433570868,0.0099153181113598,0.0090885995511031,-0.1935483870967742
1.333,1.334,1.316,1.334,1.33,0.004,0.3,45,5978.0,-0.0589999999999999,-0.04,-0.0589999999999999,1.3504,1.3549,1.3492,1.3439580813034144,1.3495188735635189,1.3479973027400871,0.018,0.0547857142857142,0.004,0.0,0.0110474605261087,0.0118921998800335,0.9289669394690296,48.158779731328025,1.356666666666667,1.340576923076923,1.3498498036906208,1.3454500396506832,0.0043997640399375,0.0089693395063485,0.00815083244887,-0.0999999999999999
1.314,1.334,1.314,1.333,1.334,-0.001,-0.07,113,15016.0,-0.0469999999999999,-0.0569999999999999,0.022,1.341,1.3492,1.3503,1.3403053875356097,1.3465154420065153,1.3465689881934122,0.02,0.0556428571428571,0.0,0.0010000000000001,0.0102583562028152,0.0111141856028882,0.922996661145316,47.997829626786206,1.354666666666667,1.3421923076923077,1.347257526199756,1.3445278144913737,0.0027297117083826,0.0081880184333408,0.0070666083007725,1.511111111111111
1.332,1.34,1.332,1.332,1.333,-0.001,-0.08,725,96639.0,-0.0429999999999999,0.006,0.0170000000000001,1.3324,1.3498,1.35115,1.33753692502374,1.3438762707326035,1.3451814655083252,0.008,0.0517857142857142,0.0,0.0009999999999998,0.0095256164740427,0.0103917437741105,0.9166523618273136,47.82569755912273,1.3511666666666666,1.3431538461538464,1.3449102144767169,1.3435998282327533,0.0013103862439636,0.0074116530267898,0.0059153638894107,5.415929203539823
1.312,1.33,1.312,1.329,1.332,-0.003,-0.23,6,774.0,-0.004,-0.0110000000000001,0.012,1.3316,1.3487000000000002,1.35175,1.33469128334916,1.3411714942357664,1.3436403735551514,0.02,0.0507142857142856,0.0,0.0030000000000001,0.0088452152973253,0.0098637620759598,0.8967385090201181,47.27791968980405,1.3460833333333333,1.3439615384615389,1.342462489172607,1.3425183594747714,-5.587030216469557e-05,0.0065505185253089,0.0047211170510956,-0.9917241379310344
1.339,1.35,1.339,1.35,1.329,0.021,1.58,5384,722686.0,0.02,0.002,0.0190000000000001,1.3356,1.3489,1.3527,1.33979418889944,1.342776677101991,1.3442460522641846,0.0210000000000001,0.0481428571428571,0.0210000000000001,0.0,0.0097134142046592,0.0091592076419626,1.0605081339304432,51.46828185082248,1.3480833333333333,1.3458846153846151,1.3436221062229747,1.3430725550692328,0.0005495511537418,0.0054200574432968,0.0038868038716249,896.3333333333334
1.323,1.343,1.32,1.343,1.35,-0.007,-0.52,60,7879.0,0.0089999999999998,-0.05,0.0049999999999998,1.3374,1.3439,1.35295,1.3408627925996268,1.342817281265265,1.3441273806199765,0.03,0.0438571428571428,0.0,0.0070000000000001,0.0090195989043264,0.0090049785246796,1.0016235885079328,50.04055678893012,1.3483333333333334,1.3486153846153843,1.3435263975732863,1.34306718061966,0.0004592169536261,0.0041446496414802,0.0032012864880251,-0.9888558692421991
1.34,1.342,1.329,1.342,1.343,-0.001,-0.07,205,27308.0,0.0090000000000001,-0.0379999999999998,-0.0469999999999999,1.3392,1.3401,1.3506,1.3412418617330846,1.3426686846715803,1.3439247729418835,0.014,0.0394999999999999,0.0,0.0009999999999998,0.0083753418397317,0.0084331943443453,0.9931399061552018,49.82790736807755,1.3478333333333332,1.346653846153846,1.3432915671773962,1.342988130203389,0.0003034369740071,0.0028056684143231,0.0026217165852215,2.4166666666666665
1.341,1.341,1.341,1.341,1.342,-0.001,-0.07,88,11751.0,0.0089999999999998,-0.034,-0.04,1.341,1.3367,1.3486,1.34116124115539,1.3423652874585654,1.3436462231378945,0.0010000000000001,0.0319999999999999,0.0,0.0010000000000001,0.0077771031368937,0.0079022518911778,0.9841628998913824,49.60091230136688,1.3435,1.3478076923076925,1.3429390183808736,1.3428408612994345,9.815708143934287e-05,0.0017955441344467,0.0021170046844651,-0.5707317073170732
1.342,1.368,1.342,1.368,1.341,0.027,2.01,80,10786.0,0.0390000000000001,0.0350000000000001,0.046,1.3488,1.3402,1.3509,1.350107494103593,1.3470261442842806,1.3459656304580951,0.0270000000000001,0.0327142857142857,0.0270000000000001,0.0,0.0091501671985442,0.0073378053275222,1.2469896365639737,55.49601192067941,1.3425,1.349846153846154,1.3467945540145854,1.3447045012031795,0.0020900528114056,0.001320489629371,0.0021116143098532,-0.0909090909090909
1.366,1.376,1.366,1.376,1.368,0.008,0.58,9,1180.0,0.0259999999999998,0.0459999999999998,0.0189999999999999,1.354,1.3448,1.35185,1.3587383294023956,1.352294118050775,1.348826046604943,0.0099999999999997,0.0273571428571428,0.0079999999999997,0.0,0.0090680123986481,0.0068136763755564,1.3308545781802965,57.097280569914304,1.3425833333333337,1.3521153846153846,1.351287699550803,1.3470226862992405,0.0042650132515624,0.0013055173195515,0.002542294098195,-0.8875
1.373,1.376,1.351,1.376,1.376,0.0,0.0,35,4797.0,0.0329999999999999,0.0419999999999998,0.0019999999999997,1.3605999999999998,1.349,1.35195,1.3644922196015972,1.3566042784051793,1.3514140421663774,0.0249999999999999,0.0228571428571428,0.0,-0.0,0.0084202972273161,0.0063269852058738,1.3308545781802965,57.097280569914304,1.3461666666666667,1.3538461538461537,1.3550895919276025,1.3491691539807782,0.0059204379468242,0.0016600424571562,0.0032179228679209,2.888888888888889
1.344,1.368,1.344,1.368,1.376,-0.008,-0.58,472,63548.0,0.026,0.0350000000000001,-0.0219999999999997,1.3658,1.3525,1.35085,1.3656614797343982,1.3586762277860556,1.3529936571981511,0.0319999999999998,0.0207142857142857,0.0,0.0079999999999997,0.007818847425365,0.006446486262597,1.2128851450022375,54.810126397274495,1.3493333333333333,1.355,1.3570758085541252,1.3505640314636835,0.0065117770904417,0.0022379747734315,0.003876693712425,12.485714285714286
1.348,1.366,1.348,1.366,1.368,-0.002,-0.15,119,16059.0,0.0250000000000001,0.034,0.04,1.3708,1.3559,1.35285,1.3657743198229322,1.3600078227340453,1.3542323565126129,0.02,0.0180714285714285,0.0,0.002,0.0072603583235532,0.006128880100983,1.184614187898492,54.22532703763319,1.352,1.3541153846153846,1.3584487610842595,1.3517074365404478,0.0067413245438119,0.0029932186452067,0.0044496198787024,-0.7478813559322034
1.351,1.364,1.348,1.363,1.366,-0.003,-0.22,279,37757.0,-0.0050000000000001,0.034,0.0229999999999999,1.3698,1.3593000000000002,1.354,1.3648495465486217,1.3605518549642186,1.3550673701780784,0.018,0.0188571428571428,0.0,0.0030000000000001,0.0067417613004422,0.0059053886651985,1.1416287195748256,53.306565659124686,1.3545,1.3534230769230768,1.3591489516866813,1.3525439227226368,0.0066050289640444,0.0036660495130181,0.0048807016957708,1.3445378151260503
1.358,1.365,1.354,1.364,1.363,0.001,0.07,12,1633.0,-0.0119999999999997,0.014,0.016,1.3674,1.3607,1.3548,1.3645663643657475,1.3611787904252697,1.3559180968277853,0.0109999999999998,0.0183571428571428,0.0010000000000001,0.0,0.0063316354932678,0.0054835751891129,1.1546546322258262,53.58884969110022,1.3571666666666669,1.3550384615384616,1.3598952668118072,1.3533925210394786,0.0065027457723285,0.0043375527150961,0.0052051105110823,-0.956989247311828
1.363,1.363,1.35,1.35,1.364,-0.014,-1.03,26,3487.0,-0.0259999999999998,0.0070000000000001,-0.0429999999999999,1.3622,1.3614000000000002,1.35265,1.3597109095771651,1.3591462830752206,1.3553544685584724,0.014,0.0179285714285714,0.0,0.014,0.0058793758151772,0.0060918912470334,0.9651150318943016,49.11239373931025,1.3589166666666666,1.3547692307692307,1.3583729180715292,1.3531412231847024,0.0052316948868267,0.0048851369276316,0.0052104273862312,1.1666666666666663
1.352,1.372,1.35,1.372,1.35,0.022,1.63,29,3875.0,0.004,0.03,-0.0079999999999997,1.363,1.3644000000000005,1.3522500000000002,1.3638072730514437,1.3614833225160896,1.3569397572671893,0.022,0.0189285714285714,0.022,0.0,0.007030848971236,0.0056567561579596,1.242911798724602,55.41509922197408,1.36075,1.3546923076923074,1.360469392214371,1.354538169615465,0.0059312225989058,0.0055332553184612,0.0053545864287661,0.1153846153846154
1.34,1.369,1.34,1.369,1.372,-0.003,-0.22,15,2052.0,0.0029999999999998,0.028,-0.006,1.3636,1.3672,1.35195,1.3655381820342958,1.3628499911495278,1.3580883518131714,0.032,0.0197857142857142,0.0,0.0030000000000001,0.0065286454732906,0.0054669878609625,1.1941942508980077,54.42518365952628,1.3629166666666668,1.3538846153846154,1.36178179341216,1.3556094163106158,0.0061723771015442,0.0059868469062544,0.0055181445633218,-0.4827586206896551
1.368,1.371,1.368,1.371,1.369,0.002,0.15,104,14244.0,0.008,0.0029999999999998,0.038,1.3652000000000002,1.3675000000000002,1.35385,1.367358788022864,1.3643318109405227,1.359318032592869,0.0029999999999998,0.0184999999999999,0.002,0.0,0.006205170796627,0.0050764887280366,1.2223351865940066,55.00228741225039,1.3653333333333333,1.3556153846153849,1.3631999790410585,1.3567494595468663,0.0064505194941919,0.0062296809332133,0.0057046195494958,5.933333333333334
1.379,1.379,1.379,1.379,1.371,0.008,0.58,2,276.0,0.0149999999999999,0.0030000000000001,0.0489999999999999,1.3682,1.3678,1.3563,1.3712391920152427,1.366998754405882,1.3611925056792626,0.008,0.0169285714285714,0.008,0.0,0.0063333728825822,0.0047138823903197,1.3435576788229264,57.329831945836325,1.3685,1.3571153846153845,1.3656307514962802,1.3583976477285802,0.0072331037677,0.0063755326910883,0.0060103163931366,-0.9807692307692308
1.341,1.341,1.341,1.341,1.379,-0.038,-2.76,5,621.0,-0.0090000000000001,-0.0349999999999999,0.0069999999999998,1.3664,1.3643,1.35665,1.3611594613434952,1.362271708150267,1.359269409900285,0.038,0.0186428571428571,0.0,0.038,0.0058809891052549,0.0070914622195825,0.8293055681823933,45.33444726822732,1.36625,1.3568461538461538,1.3618414051122372,1.3571089330820187,0.0047324720302184,0.0061778321288413,0.005754747520553,1.5
1.35,1.35,1.326,1.327,1.341,-0.014,-1.04,3242,430245.0,-0.0450000000000001,-0.0410000000000001,-0.006,1.3574,1.3602,1.35635,1.3497729742289968,1.355858670304764,1.3561961327669247,0.024,0.0202857142857142,0.0,0.014,0.0054609184548795,0.0075849292038981,0.7199696013079512,41.85943755985281,1.3621666666666667,1.3543076923076924,1.3564811889411237,1.35487864174261,0.0016025471985137,0.0056068568682526,0.0049243074561451,647.4
1.327,1.327,1.324,1.324,1.327,-0.003,-0.23,13,1715.0,-0.0449999999999999,-0.042,-0.008,1.3483999999999998,1.356,1.3559500000000002,1.3411819828193314,1.3500661847948068,1.35312983440817,0.0029999999999998,0.0185714285714285,0.0,0.0029999999999998,0.0050708528509595,0.0072574342607625,0.698711509985735,41.13185234093119,1.3578333333333334,1.352153846153846,1.3514840829501815,1.352591334946861,-0.0011072519966794,0.0047499367615055,0.0037179955655802,-0.9959901295496608
1.323,1.34,1.323,1.333,1.324,0.009,0.68,55,7348.0,-0.038,-0.03,0.004,1.3408,1.353,1.35615,1.3384546552128878,1.346963242104842,1.3512127073216775,0.0170000000000001,0.0190714285714285,0.0089999999999998,0.0,0.0053515062187481,0.0067390460992794,0.7941044088302563,44.261883807977874,1.3549166666666668,1.3505384615384617,1.3486403778809228,1.3511401249507973,-0.0024997470698744,0.0037496597790385,0.0024744470384892,3.230769230769231
1.335,1.341,1.335,1.341,1.333,0.008,0.6,10,1370.0,-0.038,-0.0230000000000001,-0.0090000000000001,1.3332,1.3507000000000002,1.3557,1.3393031034752587,1.345879016267598,1.3502400685291367,0.008,0.0178571428571428,0.008,0.0,0.0055406843459804,0.0062576856636166,0.8854206880660386,46.9614390926332,1.3528333333333336,1.3508461538461538,1.3474649351300116,1.3503890045840714,-0.0029240694540597,0.0028434637411622,0.0013947437399794,-0.8181818181818181
1.349,1.349,1.329,1.329,1.341,-0.012,-0.89,34,4536.0,-0.012,-0.0210000000000001,-0.014,1.3308,1.3485999999999998,1.355,1.3358687356501724,1.3428101042189438,1.3482172048596952,0.02,0.0169999999999999,0.0,0.012,0.0051449211784104,0.0066678509733583,0.7716011049087872,43.55388483168247,1.35,1.3508076923076924,1.3446241758792403,1.3488046338741402,-0.0041804579948996,0.0017199436751838,0.0002797033930036,2.4
1.326,1.339,1.326,1.338,1.329,0.009,0.68,9079,1209825.0,0.0110000000000001,-0.034,-0.004,1.333,1.3452,1.3548,1.336579157100115,1.3419355398154993,1.3472441377302005,0.0129999999999999,0.0164999999999999,0.0090000000000001,0.0,0.0054202839513811,0.0061915759038327,0.8754288141773122,46.67886125879609,1.3478333333333332,1.3509615384615383,1.3436050718978187,1.348004290624204,-0.0043992187263852,0.000545321916525,-0.0006560810308741,266.02941176470586
1.272,1.295,1.272,1.291,1.338,-0.047,-3.51,381,49057.0,-0.0330000000000001,-0.078,-0.05,1.3264,1.3374,1.3523,1.32138610473341,1.3326745325763174,1.3418875531844672,0.066,0.0199285714285714,0.0,0.0470000000000001,0.0050331208119967,0.0091064633392732,0.5526976417167914,35.59596066016324,1.3429166666666663,1.3493461538461538,1.335511983913539,1.3437817505779668,-0.0082697666644278,-0.0010902654344326,-0.0021788181575848,-0.958035025883908
1.284,1.291,1.28,1.291,1.291,0.0,0.0,311,40071.0,-0.042,-0.08,-0.0770000000000001,1.318,1.3294,1.34845,1.3112574031556068,1.3250973448351686,1.337041119547851,0.0109999999999998,0.0199285714285714,0.0,-0.0,0.0046736121825684,0.0084560016721823,0.5526976417167914,35.59596066016324,1.3361666666666665,1.3477692307692308,1.3286639863883791,1.3398719912758952,-0.011208004887516,-0.0031392775072344,-0.003984655503571,-0.1837270341207348
1.291,1.291,1.291,1.291,1.291,0.0,0.0,6,775.0,-0.05,-0.088,-0.0849999999999999,1.308,1.3206,1.3442,1.3045049354370712,1.3188978275924106,1.3326562510194846,0.0,0.0189285714285714,0.0,-0.0,0.0043397827409563,0.0078520015527407,0.5526976417167913,35.59596066016324,1.3296666666666666,1.3463076923076922,1.3228695269440132,1.3362518437739772,-0.013382316829964,-0.0051520318250325,-0.0058641877688496,-0.9807073954983924
1.3,1.309,1.3,1.309,1.291,0.018,1.39,12,1561.0,-0.02,-0.032,-0.0669999999999999,1.3039999999999998,1.3174,1.34085,1.306003290291381,1.3170982225756085,1.3304032747319148,0.018,0.0186428571428571,0.018,0.0,0.0053155125451737,0.0072911442989735,0.7290368050899936,42.16433120126951,1.3245,1.3447307692307693,1.320735753568011,1.3342331886796084,-0.0134974351115972,-0.006829807637267,-0.0073908372373992,1.0
1.349,1.393,1.349,1.392,1.309,0.083,6.34,109,14722.0,0.0539999999999998,0.0649999999999999,0.0239999999999998,1.3148,1.3239,1.34205,1.334668860194254,1.3307167275618614,1.3362696295193517,0.084,0.0223571428571428,0.0829999999999999,0.0,0.0108644045062328,0.0067703482776182,1.604703932609911,61.607920674577365,1.3255833333333331,1.3466153846153843,1.3316994837883172,1.3385122117403785,-0.0068127279520611,-0.0074637494100872,-0.0072752153803315,8.083333333333334
1.392,1.392,1.306,1.38,1.392,-0.012,-0.86,265,36466.0,0.0889999999999999,0.0559999999999998,0.0139999999999997,1.3325999999999998,1.3295,1.34275,1.3497792401295028,1.3396773225506138,1.3404344267079846,0.0859999999999998,0.0282857142857142,0.0,0.012,0.0100883756129304,0.0071438948292169,1.4121674316468364,58.543507930654734,1.3288333333333333,1.348076923076923,1.3391303324362684,1.341585381241091,-0.0024550488048225,-0.0074587829361926,-0.0063111820652297,1.4311926605504586
1.272,1.393,1.272,1.391,1.38,0.011,0.8,48,6327.0,0.1,0.058,0.028,1.3526,1.3353,1.3441500000000002,1.3635194934196686,1.3490087184505022,1.3452501955929383,0.121,0.0363571428571428,0.0110000000000001,0.0,0.0101534916405782,0.00663361662713,1.5306117629789926,60.483863442458,1.3341666666666665,1.35,1.347110281292227,1.3452457233713806,0.0018645579208464,-0.0069267132278696,-0.0046760340680145,-0.8188679245283019
1.305,1.317,1.305,1.312,1.391,-0.079,-5.68,208,27231.0,0.0210000000000001,-0.0289999999999999,-0.052,1.3568,1.3324,1.34155,1.346346328946446,1.342279860550411,1.3420835102983728,0.086,0.0397857142857142,0.0,0.0789999999999999,0.0094282422376798,0.0118026440109064,0.7988245878607776,44.40814258664135,1.3331666666666666,1.3478461538461537,1.3417086995549614,1.3427830771957228,-0.0010743776407613,-0.0065815931885209,-0.0039557027825638,3.333333333333333
1.287,1.306,1.287,1.306,1.312,-0.006,-0.46,19,2404.0,-0.0029999999999998,-0.0229999999999999,-0.044,1.3562,1.3301,1.33935,1.332897552630964,1.3356835222685182,1.3386469855080516,0.0250000000000001,0.0398571428571428,0.0,0.006,0.0087547963635598,0.0113881694386988,0.7687623907148426,43.46329358598294,1.3309166666666667,1.345153846153846,1.3362150534695827,1.3400584048108544,-0.0038433513412716,-0.0065198301457305,-0.0039332324943054,-0.908653846153846
1.295,1.307,1.295,1.307,1.306,0.001,0.08,11,1461.0,-0.0849999999999999,-0.0310000000000001,-0.0650000000000001,1.3392,1.327,1.3360999999999998,1.3242650350873095,1.3304683364015149,1.335632986888237,0.012,0.0405,0.0009999999999998,0.0,0.0082008823375912,0.010574728764506,0.7755170388026794,43.678377726279074,1.3280833333333333,1.3425,1.3317204298588776,1.3376096340841246,-0.0058892042252469,-0.0062553232080438,-0.0043244268404937,-0.4210526315789473
1.295,1.305,1.292,1.305,1.307,-0.002,-0.15,83,10750.0,-0.0749999999999999,0.014,-0.064,1.3242,1.3284,1.3329,1.317843356724873,1.3258377297830577,1.3327155595655478,0.0149999999999999,0.0403571428571428,0.0,0.002,0.0076151050277633,0.0099622481384699,0.7643962408803143,43.32338865667342,1.3260833333333333,1.340076923076923,1.3276095944959734,1.3351941056334486,-0.0075845111374752,-0.0058527127913726,-0.00497644369989,6.545454545454546
1.301,1.301,1.301,1.301,1.305,-0.004,-0.31,30,3903.0,-0.09,0.01,-0.07,1.3062,1.3294,1.3294,1.312228904483249,1.3213217789134106,1.3296950300831147,0.004,0.0400714285714285,0.0,0.004,0.0070711689543516,0.0095363732714363,0.7414945653953624,42.578057958339066,1.323,1.3375769230769232,1.323515810727362,1.33266120891986,-0.0091453981924978,-0.0053819440538763,-0.0058102345984116,-0.6385542168674698
1.309,1.31,1.309,1.309,1.301,0.008,0.61,6,818.0,-0.0030000000000001,0.018,-0.07,1.3056,1.3312,1.3259,1.3111526029888327,1.3190814554746086,1.3277240748371038,0.0090000000000001,0.0392857142857142,0.008,0.0,0.0071375140290408,0.008855203752048,0.8060248221154757,44.62977541866472,1.3245,1.3355,1.321282609076999,1.330908526777648,-0.0096259177006494,-0.0049517754526599,-0.0065733712188591,-0.8
1.311,1.324,1.311,1.324,1.309,0.015,1.15,356,46728.0,0.018,0.0150000000000001,-0.0169999999999999,1.3092,1.3327,1.3250499999999998,1.315435068659222,1.319975736297407,1.327369401043094,0.0150000000000001,0.0394285714285714,0.0150000000000001,0.0,0.0076991201698236,0.0082226891983303,0.93632630203109,48.35581177867283,1.32725,1.3339615384615384,1.3217006692189988,1.330396784053378,-0.0086961148343791,-0.0051610406618064,-0.0069979199419631,58.333333333333336
1.318,1.323,1.317,1.318,1.324,-0.006,-0.45,35,4647.0,0.0110000000000001,-0.0739999999999998,-0.0089999999999998,1.3114,1.3253,1.3246,1.3162900457728148,1.31961651151606,1.3264770771342278,0.0070000000000001,0.0352142857142857,0.0,0.006,0.0071491830148362,0.0080639256841638,0.8865636037390515,46.99357084923815,1.3295,1.3327307692307693,1.321131335492999,1.3294785037531276,-0.0083471682601286,-0.0058157206012848,-0.0072677696055962,-0.901685393258427
1.316,1.316,1.316,1.316,1.318,-0.002,-0.15,10,1316.0,0.0110000000000001,-0.0639999999999998,-0.008,1.3136,1.3189,1.3241999999999998,1.3161933638485437,1.3189589639676855,1.3254792602643013,0.002,0.0345714285714286,0.0,0.002,0.006638527085205,0.007630788135295,0.8699661119537031,46.52309506533143,1.3300833333333333,1.330576923076923,1.320341899263307,1.3284800960677108,-0.0081381968044038,-0.0069271377929793,-0.0074418550453577,-0.7142857142857143
1.316,1.318,1.316,1.318,1.316,0.002,0.15,10,1352.0,0.0170000000000001,-0.0729999999999999,-0.0149999999999999,1.3170000000000002,1.3116,1.32345,1.316795575899029,1.3187846068826516,1.3247669497629393,0.002,0.0347142857142857,0.002,0.0,0.0063072037219761,0.0070857318399168,0.8901273523286733,47.09351204467885,1.3239166666666666,1.3286153846153848,1.319981607068952,1.3277037926552877,-0.0077221855863356,-0.0076657831202653,-0.0074979211535533,0.0
1.322,1.322,1.322,1.322,1.318,0.004,0.3,5,612.0,0.0130000000000001,0.01,-0.0189999999999999,1.3196,1.3126000000000002,1.3225,1.318530383932686,1.3193692238130783,1.3245034307378976,0.004,0.0337142857142857,0.004,0.0,0.0061424034561207,0.0065796081370656,0.9335515623670706,48.28169987999744,1.3190833333333334,1.326730769230769,1.3202921290583445,1.3272812894956367,-0.0069891604372924,-0.0080153174642676,-0.0073961690103011,-0.5
1.314,1.314,1.314,1.314,1.322,-0.008,-0.61,5,608.0,-0.01,0.008,-0.0149999999999999,1.3176,1.3134,1.32175,1.317020255955124,1.3183930013016096,1.323503104000955,0.008,0.0282857142857143,0.0,0.008,0.005703660352112,0.0066810646987037,0.8537053013748933,46.05399254896126,1.3126666666666666,1.324230769230769,1.3193241092032144,1.3262974902737377,-0.0069733810705232,-0.0081357815581872,-0.0073116114223455,0.0
1.25,1.25,1.25,1.25,1.314,-0.064,-4.87,2,250.0,-0.068,-0.0569999999999999,-0.088,1.3039999999999998,1.3077,1.31735,1.2946801706367494,1.3059579101558625,1.3165028083818164,0.064,0.0267142857142857,0.0,0.064,0.0052962560412469,0.0107752743630821,0.4915193676545999,32.954273227273575,1.3075,1.3207307692307693,1.308658861633489,1.3206458243275347,-0.0119869626940456,-0.0086249428422506,-0.0082466816766856,-0.6
1.25,1.25,1.25,1.25,1.25,0.0,0.0,2,250.0,-0.066,-0.0549999999999999,-0.0409999999999999,1.2908000000000002,1.3022,1.3153,1.2797867804244998,1.295783744672978,1.3101692075835485,0.0,0.0180714285714286,0.0,-0.0,0.0049179520383007,0.0100056119085762,0.4915193676545999,32.954273227273575,1.3028333333333333,1.3177692307692306,1.299634421382183,1.3154128003032728,-0.0157783789210896,-0.009361940700983,-0.0097530211255664,0.0
1.251,1.251,1.251,1.251,1.25,0.001,0.08,2,250.0,-0.0670000000000001,-0.05,-0.04,1.2774,1.2972,1.3133,1.2701911869496665,1.2876412456415274,1.3045340449565437,0.0009999999999998,0.012,0.0009999999999998,0.0,0.0046380983212792,0.0092909253436779,0.4992073609153753,33.29808630412359,1.2981666666666667,1.3149615384615383,1.292152202708001,1.3106414817622896,-0.0184892790542885,-0.0103467586291652,-0.0115002727113108,0.0
1.25,1.258,1.25,1.258,1.251,0.007,0.56,549,69075.0,-0.064,-0.0509999999999999,-0.0329999999999999,1.2646,1.2921,1.31165,1.2661274579664443,1.2822519282521587,1.3001022311511583,0.008,0.0107857142857143,0.0070000000000001,0.0,0.004806805584045,0.0086272878191295,0.5571630024196897,35.780647340959746,1.29425,1.312076923076923,1.286898017676001,1.306742112742861,-0.0198440950668599,-0.0115854230994408,-0.0131690371824206,273.5
1.274,1.274,1.274,1.274,1.258,0.016,1.27,2,255.0,-0.04,-0.05,-0.0349999999999999,1.2566000000000002,1.2871,1.3099,1.2687516386442963,1.2807515776608571,1.2976163043748576,0.016,0.0110714285714285,0.016,0.0,0.0056063194708989,0.0080110529749059,0.6998230430456922,41.17034687279978,1.292,1.3095,1.2849137072643084,1.3043167710582046,-0.0194030637938962,-0.0128138559365261,-0.0144158425047157,-0.9963570127504554
1.274,1.279,1.274,1.279,1.274,0.005,0.39,14,1818.0,0.0289999999999999,-0.0390000000000001,-0.1129999999999999,1.2624,1.2832,1.30425,1.2721677590961975,1.2804331089952468,1.2958433230058235,0.0049999999999998,0.0103571428571428,0.0049999999999998,0.0,0.0055630109372632,0.0074388349052698,0.7478336336409803,42.78631668639646,1.2895,1.307576923076923,1.2840039061467226,1.3024414546835228,-0.0184375485368002,-0.0139582283512368,-0.0152201837111326,6.0
1.29,1.29,1.285,1.285,1.279,0.006,0.47,17,2190.0,0.0349999999999999,-0.0310000000000001,-0.0949999999999999,1.2694,1.2801,1.2995,1.2764451727307984,1.2812634528142928,1.2948106255766976,0.0110000000000001,0.0108571428571428,0.006,0.0,0.0055942244417444,0.0069074895548934,0.8098780891795081,44.7476597468871,1.28625,1.305538461538461,1.284157151354919,1.301149495077336,-0.0169923437224168,-0.0149882459219125,-0.0155746157133895,0.2142857142857142
1.295,1.295,1.295,1.295,1.285,0.01,0.78,500,64750.0,0.044,-0.0230000000000001,-0.096,1.2782,1.2778,1.2947,1.2826301151538655,1.2837610068480576,1.2948286612360598,0.01,0.0109285714285714,0.01,0.0,0.0059089226959055,0.0064140974438296,0.9212399324537884,47.95028027952709,1.284333333333333,1.3056923076923077,1.2858252819157008,1.3006939769234591,-0.0148686950077583,-0.0158637497630754,-0.0154334315722632,28.41176470588235
1.302,1.304,1.301,1.304,1.295,0.009,0.69,18,2282.0,0.046,-0.018,-0.008,1.2874,1.276,1.2943,1.2897534101025774,1.2874408237847743,1.2957021220707208,0.0090000000000001,0.0105,0.0090000000000001,0.0,0.0061297139319123,0.0059559476264132,1.0291752574734772,50.71889447119031,1.2833333333333334,1.3061923076923077,1.2886213923902083,1.3009388675217213,-0.0123174751315129,-0.0164575379920742,-0.0148102402841132,-0.964
1.33,1.33,1.306,1.306,1.304,0.002,0.15,9,1132.0,0.032,-0.008,0.0,1.2937999999999998,1.2752,1.2943,1.295168940068385,1.2908152194602698,1.2966828723497,0.026,0.0118571428571428,0.002,0.0,0.0058347343653471,0.0055305227959551,1.0550059335465647,51.338340017627935,1.282333333333333,1.306769230769231,1.2912950243301764,1.301313766223816,-0.0100187418936397,-0.0162388467920291,-0.0138519406060185,-0.5
1.305,1.312,1.305,1.312,1.306,0.006,0.46,322,42209.0,0.0330000000000001,0.062,0.0050000000000001,1.3004,1.2814,1.29455,1.3007792933789235,1.2946669977402208,1.298141646411633,0.0070000000000001,0.0122142857142857,0.006,0.0,0.0058465390535366,0.0051354854533868,1.1384588870134629,53.23735209159977,1.2815,1.3068846153846154,1.2944804052024568,1.302105339096126,-0.0076249338936693,-0.0153329084556491,-0.0126065392635486,34.77777777777778
1.312,1.312,1.312,1.312,1.312,0.0,0.0,5,607.0,0.0270000000000001,0.062,0.0070000000000001,1.3058,1.2876,1.2949000000000002,1.3045195289192826,1.2978184526965442,1.2994614896105254,0.0,0.0120714285714285,0.0,-0.0,0.0054289291211411,0.0047686650638592,1.138458887013463,53.237352091599774,1.2813333333333332,1.3038076923076924,1.297175727479002,1.3028382769408575,-0.0056625494618556,-0.0139077162787121,-0.01121774130321,-0.984472049689441
1.311,1.311,1.309,1.309,1.312,-0.003,-0.23,233,30460.0,0.014,0.058,0.008,1.3086,1.2934,1.2953,1.3060130192795218,1.2998514612971723,1.3003699191714275,0.0030000000000001,0.012,0.0,0.0030000000000001,0.0050411484696311,0.0046423318450121,1.0859086851034638,52.05926284589977,1.28625,1.3010769230769232,1.298994846328386,1.3032947008711644,-0.0042998545427783,-0.012180578442703,-0.0098341639511237,45.6
1.31,1.31,1.305,1.307,1.309,-0.002,-0.15,16,2046.0,0.0029999999999998,0.0489999999999999,-0.002,1.3092,1.2982999999999998,1.2952,1.3063420128530143,1.3011511956067774,1.3010013554408155,0.0050000000000001,0.0117857142857143,0.0,0.002,0.004681066436086,0.0044535938560827,1.051076184168121,51.24510694830278,1.291,1.297846153846154,1.3002264084317112,1.3035691674733003,-0.0033427590415893,-0.0103961001368911,-0.0085358829692168,-0.9313304721030042
1.31,1.31,1.301,1.301,1.307,-0.006,-0.46,7,867.0,-0.0050000000000001,0.0269999999999999,-0.0230000000000001,1.3082,1.301,1.29405,1.30456134190201,1.3011237054964542,1.301001226351214,0.0090000000000001,0.0078571428571428,0.0,0.006,0.0043467045477941,0.0045640514377911,0.9523785187438352,48.7804239598271,1.2951666666666666,1.297423076923077,1.3003454225191402,1.3033788587715749,-0.0030334362524344,-0.0086845321052949,-0.0074353936258603,-0.5625
1.32,1.324,1.32,1.324,1.301,0.023,1.77,107,14194.0,0.012,0.0450000000000001,0.006,1.3106,1.3055,1.29435,1.31104089460134,1.305283031769826,1.3031915857463363,0.0230000000000001,0.0095,0.0230000000000001,0.0,0.0056790827943803,0.0042380477636631,1.3400233105139832,57.26538297687509,1.3006666666666666,1.2981153846153848,1.3039845882854262,1.304906350714421,-0.0009217624289947,-0.0068989119615814,-0.0061326673864872,14.285714285714286
1.33,1.33,1.33,1.33,1.324,0.006,0.45,10,1330.0,0.018,0.0450000000000001,0.014,1.3142,1.31,1.29505,1.3173605964008934,1.309777025993494,1.305744768056209,0.006,0.0098571428571429,0.006,0.0,0.0057020054519245,0.0039353300662586,1.44892686405476,59.16578748520604,1.3053333333333332,1.299,1.3079869593184374,1.3067651395503896,0.0012218197680478,-0.0051110769864918,-0.0046617699555802,-0.9065420560747663
1.333,1.333,1.328,1.328,1.33,-0.002,-0.15,9,1232.0,0.0190000000000001,0.0330000000000001,0.01,1.318,1.3133,1.29555,1.3209070642672622,1.313090293994677,1.307864313955618,0.0049999999999998,0.0096428571428571,0.0,0.002,0.0052947193482156,0.003797092204383,1.3944142157264177,58.23613168381479,1.309416666666667,1.2998846153846155,1.3110658886540625,1.3083380921762868,0.0027277964777756,-0.0034393801410153,-0.003183856668909,-0.0999999999999999
1.326,1.326,1.326,1.326,1.328,-0.002,-0.15,5,614.0,0.0190000000000001,0.022,0.004,1.3218,1.3155,1.29575,1.3226047095115083,1.3154375132683718,1.309591522150321,0.002,0.0086428571428571,0.0,0.002,0.0049165251090574,0.0036687284754985,1.3401169211328214,57.26709247006716,1.3128333333333333,1.300846153846154,1.3133634442457451,1.30964638164471,0.0037170626010352,-0.001913179641607,-0.0018036728149202,-0.4444444444444444
1.328,1.333,1.328,1.333,1.326,0.007,0.53,15,1945.0,0.032,0.0269999999999999,0.0189999999999999,1.3282,1.3182,1.2967,1.3260698063410057,1.3186306926741225,1.3118209009931474,0.0069999999999998,0.0087857142857143,0.0069999999999998,0.0,0.0050653447441247,0.0034066764415343,1.4868875371807586,59.78909439814707,1.316,1.301769230769231,1.3163844528233228,1.3113762793006574,0.0050081735226654,-0.000509501039792,-0.000441303547403,2.0
1.33,1.33,1.33,1.33,1.333,-0.003,-0.23,10,1330.0,0.006,0.018,0.08,1.3294,1.3199999999999998,1.3007,1.327379870894004,1.3206978394606457,1.3135522437557048,0.0029999999999998,0.0082142857142857,0.0,0.0029999999999998,0.0047035344052586,0.0033776281242818,1.392555436001019,58.20368527504522,1.3181666666666667,1.3019999999999998,1.3184791523889654,1.3127558141672753,0.0057233382216901,0.000755597591713,0.0007916248064155,-0.3333333333333333
1.34,1.341,1.34,1.341,1.33,0.011,0.83,232,31145.0,0.0109999999999998,0.0289999999999999,0.0909999999999999,1.3316,1.3229,1.30525,1.3319199139293358,1.3243891413768916,1.316166315778971,0.0109999999999998,0.0082857142857143,0.0109999999999998,0.0,0.0051532819477402,0.0031363689725474,1.6430726081168023,62.16524673105734,1.3210833333333334,1.3028846153846154,1.3219438981752785,1.3148479760808105,0.0070959220944681,0.0020217949958515,0.002052484264026,22.2
1.344,1.344,1.344,1.344,1.341,0.003,0.22,11,1414.0,0.016,0.0350000000000001,0.0930000000000002,1.3348,1.3264,1.3098999999999998,1.335946609286224,1.3279547520356385,1.3188171428476403,0.0030000000000001,0.0078571428571428,0.0030000000000001,0.0,0.0049994760943301,0.0029123426173655,1.716651078248714,63.18997283064232,1.32375,1.3039615384615384,1.325337144609851,1.3170073852600097,0.0083297593498414,0.0033187414837883,0.0033079392811891,-0.9525862068965516
1.33,1.33,1.33,1.33,1.344,-0.014,-1.04,1,133.0,0.004,0.0230000000000001,0.072,1.3356,1.3287,1.3135,1.333964406190816,1.328326615301886,1.319882176862151,0.014,0.007,0.0,0.014,0.0046423706590208,0.0037043181446965,1.2532321678869154,55.61930926373194,1.32525,1.304423076923077,1.3260545069775662,1.3179698011666754,0.0080847058108908,0.0045540906019355,0.0042632925871295,-0.9090909090909092
1.34,1.34,1.34,1.34,1.33,0.01,0.75,38,5063.0,0.0070000000000001,0.0390000000000001,0.066,1.3370000000000002,1.3326,1.3168000000000002,1.3359762707938776,1.3304490488833611,1.3217981600181368,0.01,0.0072142857142857,0.01,0.0,0.0050250584690908,0.0034397239915039,1.4608900253341954,59.36429544980592,1.3278333333333334,1.305115384615385,1.328199967442556,1.3196016677469216,0.0085982996956344,0.0056118752824499,0.0051302940088304,37.0
1.341,1.341,1.341,1.341,1.34,0.001,0.07,5,621.0,0.0109999999999998,0.0169999999999999,0.062,1.3392000000000002,1.3343,1.3199,1.3376508471959183,1.332367403631841,1.323626906683076,0.0009999999999998,0.0072857142857142,0.0009999999999998,0.0,0.0047375542927271,0.0031940294206822,1.4832531792131307,59.73024384421122,1.3306666666666669,1.3061538461538462,1.3301692032206245,1.3211867293952977,0.0089824738253265,0.0064741701777031,0.0059007299721297,-0.868421052631579
1.341,1.35,1.341,1.35,1.341,0.009,0.67,579,78150.0,0.0090000000000001,0.02,0.0650000000000001,1.341,1.3363,1.32315,1.3417672314639455,1.3355733302442334,1.3261386298561164,0.0090000000000001,0.0077142857142857,0.0090000000000001,0.0,0.0050420147003895,0.002965884462062,1.7000037475782237,62.963014370000295,1.33475,1.31,1.333220095032836,1.3233210457363869,0.009899049296449,0.0072709760464445,0.0067003938369935,114.8
1.35,1.35,1.35,1.35,1.35,0.0,0.0,5,625.0,0.006,0.022,0.0550000000000001,1.3422,1.3385,1.3259,1.3445114876426305,1.3381963611089185,1.328411141298391,0.0,0.0073571428571428,0.0,-0.0,0.0046818707932188,0.0027540355719147,1.7000037475782237,62.963014370000295,1.3369166666666663,1.313846153846154,1.335801618873938,1.3252972645707286,0.0105043543032092,0.0080251195689083,0.0074611859302367,-0.9913644214162348
1.339,1.342,1.339,1.341,1.35,-0.009,-0.67,176904,23722758.0,0.0109999999999998,0.0149999999999999,0.0369999999999999,1.3443999999999998,1.34,1.3277500000000002,1.3433409917617536,1.3387061136345697,1.3296100802223538,0.0110000000000001,0.0074999999999999,0.0,0.0090000000000001,0.004347451450846,0.0032001758882065,1.3585039081343873,57.60023985751988,1.3378333333333334,1.3173076923076923,1.336601369816409,1.326460430158082,0.0101409396583269,0.0085954269173152,0.0079971366758547,35379.8
1.343,1.468,1.343,1.36,1.341,0.019,1.42,2552,345738.0,0.02,0.0270000000000001,0.054,1.3484,1.3427000000000002,1.33045,1.348893994507836,1.342577729337375,1.3325043582964156,0.127,0.0149285714285714,0.0190000000000001,0.0,0.0053940620614999,0.0029715918961918,1.8152095745087231,64.47866584943297,1.3405000000000002,1.3212307692307694,1.340201159075423,1.328944842738965,0.011256316336458,0.0092102022634005,0.0086489726079754,-0.9855740966852078
1.346,1.346,1.34,1.34,1.36,-0.02,-1.47,19373,2607663.0,-0.0009999999999998,0.01,0.028,1.3481999999999998,1.3437,1.33185,1.3459293296718906,1.342109051276034,1.333218228934852,0.02,0.0159285714285714,0.0,0.02,0.0050087719142499,0.0041879067607495,1.196008459690127,54.46283480432916,1.3416666666666668,1.3237692307692308,1.340170211525358,1.3297637432768192,0.0104064682485387,0.0095780407249639,0.009000471736088,6.591300940438871
1.348,1.352,1.337,1.35,1.34,0.01,0.75,15449,2087812.0,0.0,0.0090000000000001,0.038,1.3482,1.3446,1.3337500000000002,1.3472862197812605,1.343543769225846,1.3348164928458184,0.0150000000000001,0.0166428571428571,0.01,0.0,0.0053652882060892,0.0038887705635531,1.379687517791481,57.9776759543593,1.3430833333333334,1.3264999999999998,1.3416824866753028,1.3312627252563145,0.0104197614189884,0.0098102631770913,0.0092843296726681,-0.2025499406390337
1.343,1.343,1.343,1.343,1.35,-0.007,-0.52,6,756.0,-0.0070000000000001,-0.0010000000000001,0.034,1.3468,1.3445,1.3354500000000002,1.3458574798541738,1.343444902093874,1.33559587447955,0.0070000000000001,0.017,0.0,0.0070000000000001,0.0049820533342257,0.004111001237585,1.2118831998095712,54.78965615878391,1.344166666666667,1.3287307692307695,1.3418851810329484,1.3321321530151058,0.0097530280178426,0.0099956323111971,0.009378069341703,-0.9996116253479188
1.349,1.349,1.349,1.349,1.343,0.006,0.45,1,135.0,0.008,0.0189999999999999,0.042,1.3484000000000005,1.3464,1.3375499999999998,1.3469049865694491,1.3444549198949878,1.33687245786245,0.006,0.0169285714285714,0.006,0.0,0.0050547638103524,0.0038173582920432,1.3241523125791848,56.97356001206872,1.344833333333333,1.3308076923076924,1.342979768566341,1.3333816231621352,0.0095981454042057,0.0101067262788161,0.0094220845542036,-0.8333333333333334
1.331,1.346,1.331,1.346,1.349,-0.003,-0.22,43,5761.0,-0.014,0.006,0.0450000000000001,1.3456,1.347,1.3398,1.346603324379633,1.3447358435504444,1.3377417475898357,0.018,0.018,0.0,0.0029999999999998,0.0046937092524701,0.0037589755568973,1.2486671385392916,55.52921182236032,1.345,1.332423076923077,1.3434444195561348,1.3343163177427178,0.009128101813417,0.0101229071663817,0.0093632880060462,42.0
1.335,1.335,1.309,1.312,1.346,-0.034,-2.53,4015,525551.0,-0.028,-0.0289999999999999,-0.012,1.34,1.3441,1.3392,1.3350688829197557,1.338783871995818,1.33529015258128,0.0370000000000001,0.0198571428571429,0.0,0.034,0.0043584443058651,0.0059190487314046,0.7363420210988549,42.40766002039484,1.3435,1.3326538461538462,1.3386068165474987,1.3326632571691832,0.0059435593783154,0.0096834082865891,0.0086793422805001,92.3720930232558
1.345,1.345,1.336,1.345,1.312,0.033,2.52,20,2631.0,-0.0050000000000001,-0.0050000000000001,0.0149999999999999,1.339,1.3436,1.33995,1.338379255279837,1.3399140770874876,1.3362148999544914,0.0329999999999999,0.022,0.0329999999999999,0.0,0.006404269712589,0.0054962595363043,1.16520511272931,53.81499913698855,1.3439166666666666,1.333923076923077,1.339590383232499,1.3335770899714658,0.006013293261033,0.0091844015041251,0.0081461324766067,-0.9950186799501868
1.346,1.348,1.346,1.348,1.345,0.003,0.22,9,1163.0,0.0050000000000001,-0.002,0.02,1.34,1.3434,1.34095,1.341586170186558,1.3413842448897624,1.3373372904350158,0.0030000000000001,0.0212142857142857,0.0030000000000001,0.0,0.0061611075902612,0.0051036695694254,1.207191709112713,54.69355942796658,1.3445,1.335307692307692,1.3408841704274992,1.3346454536772832,0.006238716750216,0.0087508211810017,0.0077646493313285,-0.55
1.347,1.359,1.347,1.359,1.348,0.011,0.82,13,1755.0,0.01,0.018,0.0329999999999999,1.342,1.3452000000000002,1.3426,1.347390780124372,1.34458710945526,1.339400405631681,0.012,0.0213571428571429,0.0109999999999998,0.0,0.0065067427623854,0.0047391217430379,1.3729849358574242,57.858982377455646,1.34525,1.3372307692307692,1.343671221130961,1.3364494941456326,0.0072217269853283,0.0083025334753206,0.0076560648621285,0.4444444444444444
1.365,1.365,1.353,1.358,1.359,-0.001,-0.07,15,1985.0,0.012,-0.002,0.0250000000000001,1.3443999999999998,1.345,1.34385,1.3509271867495816,1.3470258168270308,1.341171795571521,0.012,0.0221428571428571,0.0,0.0009999999999998,0.006041975422215,0.0044720416185352,1.3510552757767214,57.46590859418954,1.3459166666666669,1.3391923076923078,1.345875648649275,1.3380458279126228,0.0078298207366518,0.0080162393073331,0.0076908160370331,0.1538461538461537
1.354,1.354,1.354,1.354,1.358,-0.004,-0.29,5,627.0,0.042,0.014,0.024,1.3528000000000002,1.3464,1.34505,1.3519514578330545,1.348293850131207,1.3423935293266145,0.004,0.0217857142857143,0.0,0.004,0.0056104057491997,0.0044383243600684,1.2640819584247842,55.83198760632582,1.3470000000000002,1.3412307692307692,1.3471255488570786,1.3392276184376135,0.0078979304194648,0.0077360358629416,0.0077322389135195,-0.6666666666666667
1.356,1.356,1.356,1.356,1.354,0.002,0.15,5,628.0,0.0110000000000001,0.006,0.0150000000000001,1.355,1.347,1.3458,1.353300971888703,1.3496949682891692,1.3436893836764603,0.002,0.0219285714285714,0.002,0.0,0.0053525196242568,0.004121301191492,1.2987450748094962,56.49800358646237,1.346666666666667,1.3424615384615384,1.3484908490329126,1.3404700170718646,0.0080208319610479,0.0075435696344089,0.0077899575230252,0.0
1.32,1.32,1.32,1.32,1.356,-0.036,-2.65,59,7739.0,-0.028,-0.0229999999999999,-0.024,1.3494,1.3447,1.3446000000000002,1.3422006479258022,1.344295883145684,1.34143325189775,0.036,0.0237142857142857,0.0,0.036,0.0049701967939528,0.0063983511063855,0.7767933818124761,43.71883584010667,1.345,1.342076923076923,1.3441076414893876,1.3389537195109855,0.0051539219784018,0.0070497670315418,0.0072627504141005,10.8
1.332,1.34,1.332,1.339,1.32,0.019,1.44,17550,2338711.0,-0.02,-0.01,0.0089999999999998,1.3454000000000002,1.3437,1.34505,1.3411337652838682,1.343332995301014,1.341201513621774,0.02,0.0160714285714286,0.0189999999999999,0.0,0.0059723255943847,0.0059413260273579,1.005217617562816,50.13010103035993,1.3440833333333335,1.3425,1.3433218504910205,1.3389571476953572,0.004364702795663,0.0065205004740135,0.006683140890413,296.45762711864404
1.308,1.339,1.308,1.31,1.339,-0.029,-2.17,3,396.0,-0.048,-0.036,-0.03,1.3358,1.3401,1.34355,1.3307558435225788,1.3372724507008296,1.3382299408958906,0.0309999999999999,0.0168571428571428,0.0,0.0289999999999999,0.0055457309090715,0.0075883741682609,0.7308193805554606,42.22389630978846,1.3413333333333333,1.3418846153846151,1.33819541195394,1.3368121737919971,0.0013832381619427,0.0060137981166388,0.0056231603447189,-0.9998290598290598
1.34,1.34,1.34,1.34,1.31,0.03,2.29,3,402.0,-0.014,0.028,-0.0009999999999998,1.3330000000000002,1.3429,1.3435,1.3338372290150526,1.3377683687552242,1.3383985179534248,0.03,0.0179285714285714,0.03,0.0,0.0072924644155664,0.0070463474419566,1.034928305144924,50.85821955143615,1.3405833333333332,1.3421538461538465,1.338473040884103,1.337048309066664,0.0014247318174389,0.0055039579562395,0.0047834746392629,0.0
1.265,1.3,1.265,1.3,1.34,-0.04,-2.99,4,543.0,-0.056,-0.0449999999999999,-0.05,1.3218,1.3384,1.341,1.3225581526767018,1.3309013926179103,1.3347415162435747,0.0750000000000001,0.0227857142857143,0.0,0.04,0.0067715741001688,0.0094001797675311,0.720366446986291,41.87284913910155,1.33675,1.341,1.3325541115173178,1.3343039898765408,-0.0017498783592229,0.0046163362774129,0.0034768040395657,0.3333333333333332
1.272,1.3,1.272,1.3,1.3,0.0,0.0,3,384.0,-0.02,-0.048,-0.05,1.3178,1.3336,1.3385,1.3150387684511349,1.3252829575964722,1.331432800410853,0.028,0.0243571428571428,0.0,-0.0,0.006287890235871,0.0087287383555646,0.7203664469862912,41.872849139101554,1.33575,1.339423076923077,1.3275457866684996,1.3317629535893896,-0.0042171669208899,0.0033453480656109,0.0019380098474746,-0.25
1.261,1.3,1.256,1.3,1.3,0.0,0.0,9033,1135882.0,-0.0389999999999999,-0.0589999999999999,-0.0409999999999999,1.31,1.3277,1.33645,1.31002584563409,1.3206860562152951,1.3284392003717245,0.044,0.0262142857142857,0.0,-0.0,0.0058387552190231,0.0081052570444528,0.7203664469862912,41.872849139101554,1.332,1.3377307692307692,1.3233079733348845,1.3294101422123978,-0.0061021688775135,0.0017973492195925,0.000329974102477,3010.0
1.284,1.284,1.284,1.284,1.3,-0.016,-1.23,10,1284.0,-0.026,-0.074,-0.076,1.3048,1.3203,1.33265,1.30135056375606,1.3140158641761506,1.3242068955744175,0.016,0.0247142857142857,0.0,0.016,0.0054217012748071,0.0086691672555633,0.6254004698464947,38.47670044697099,1.3266666666666669,1.3359615384615384,1.317260592821825,1.3260464279744424,-0.0087858351526173,-5.640251063880145e-05,-0.0014931877485418,-0.9988929480792648
1.249,1.265,1.249,1.265,1.284,-0.019,-1.48,2,251.0,-0.0750000000000001,-0.0890000000000001,-0.0750000000000001,1.2898,1.3114,1.3289,1.289233709170707,1.3051038888713955,1.318568143614949,0.0349999999999999,0.0248571428571428,0.0,0.0190000000000001,0.0050344368980352,0.009407083880166,0.5351750831785294,34.86085001265569,1.3188333333333333,1.333076923076923,1.3092205016184673,1.321524470346706,-0.0123039687282386,-0.0023147136983373,-0.0036553439444812,-0.8
1.233,1.233,1.233,1.233,1.265,-0.032,-2.53,1,123.0,-0.0669999999999999,-0.123,-0.1169999999999999,1.2764,1.2991,1.32305,1.270489139447138,1.2919940908947782,1.3104187966040015,0.0319999999999998,0.0269285714285714,0.0,0.0319999999999998,0.0046748342624613,0.0110208636030112,0.4241803937382887,29.784175909406407,1.3084166666666668,1.328923076923077,1.2974942706002417,1.3149671021728755,-0.017472831572634,-0.0048287974262301,-0.0064188414701117,-0.5
1.221,1.249,1.221,1.249,1.233,0.016,1.3,47,5779.0,-0.0509999999999999,-0.0709999999999999,-0.0939999999999998,1.2662,1.292,1.31835,1.2633260929647587,1.2841769834593642,1.3045693874036204,0.028,0.0280714285714285,0.016,0.0,0.0054837746722854,0.010233659059939,0.5358566901796078,34.88975850454791,1.2996666666666667,1.3250384615384616,1.2900336135848198,1.31008065016007,-0.0200470365752503,-0.0075412129118872,-0.0091444804911394,46.0
1.25,1.25,1.25,1.25,1.249,0.001,0.08,1,125.0,-0.05,-0.0889999999999999,-0.0989999999999999,1.2562000000000002,1.2831,1.3134,1.2588840619765058,1.2779629864667523,1.29937230288899,0.0009999999999998,0.0272857142857142,0.0009999999999998,0.0,0.0051635050528365,0.0095026834128005,0.5433733639785419,35.206864175614776,1.2908333333333333,1.3211923076923076,1.283874596110232,1.3056302316296946,-0.0217556355194625,-0.0101121988764878,-0.0116667114968041,-0.9787234042553192
1.199,1.22,1.199,1.22,1.25,-0.03,-2.4,2,242.0,-0.064,-0.09,-0.1260000000000001,1.2433999999999998,1.2741000000000002,1.3071000000000002,1.2459227079843371,1.2674242616546156,1.291813035947181,0.0509999999999999,0.0306428571428571,0.0,0.03,0.0047946832633482,0.0109667774547433,0.4372007440776869,30.420297643128297,1.2825,1.3165384615384614,1.2740477351701962,1.2992872515089766,-0.0252395163387804,-0.0130748931160677,-0.0143812724651993,1.0
1.211,1.211,1.202,1.202,1.22,-0.018,-1.48,4134,499334.0,-0.0629999999999999,-0.1380000000000001,-0.1100000000000001,1.2308,1.2603000000000002,1.3016,1.2312818053228916,1.2555289413537765,1.2832594134760211,0.018,0.0317857142857142,0.0,0.018,0.0044522058873947,0.0114691504936902,0.3881896823870372,27.963734878041485,1.2710833333333336,1.3104615384615386,1.2629634682209352,1.2920807884342376,-0.0291173202133023,-0.0161157199887432,-0.0173284820148199,2066.0
1.224,1.224,1.224,1.224,1.202,0.022,1.83,1,122.0,-0.0090000000000001,-0.076,-0.121,1.229,1.2527,1.29555,1.2288545368819277,1.2497964065621807,1.2776156598116382,0.022,0.0307857142857142,0.022,0.0,0.0057056197525808,0.0106499254584266,0.5357426936792609,34.88492544253969,1.2639166666666668,1.306,1.2569690884946374,1.2870377670687383,-0.0300686785741011,-0.0189881101724333,-0.0198765213266762,-0.9997581035316884
1.202,1.246,1.201,1.246,1.224,0.022,1.8,5978,721252.0,-0.0030000000000001,-0.054,-0.102,1.2284,1.2473,1.29045,1.2345696912546185,1.2491061508236023,1.2746046445914825,0.0449999999999999,0.0325714285714285,0.022,0.0,0.0068695040559679,0.0098892164971104,0.6946459366093479,40.990623563480014,1.2560833333333334,1.302,1.2552815364185392,1.2839979324710542,-0.0287163960525149,-0.0215008020807668,-0.0216444962718439,5977.0
1.244,1.248,1.236,1.236,1.246,-0.01,-0.8,9051,1128649.0,-0.014,-0.064,-0.123,1.2256,1.2409,1.2843,1.2350464608364125,1.24672321431022,1.2709280117732458,0.012,0.0312142857142857,0.0,0.01,0.0063788251948273,0.0098971296044597,0.6445126465710831,39.19171116834731,1.25075,1.2978846153846153,1.2523151462003024,1.280442530065791,-0.0281273838654885,-0.0236498630488636,-0.0229410737905728,0.5140515222482436
1.231,1.231,1.231,1.231,1.236,-0.005,-0.4,5,570.0,0.0110000000000001,-0.0529999999999999,-0.127,1.2278,1.2356,1.27795,1.2336976405576083,1.2438644480719985,1.2671253439853176,0.0049999999999998,0.0294285714285714,0.0,0.0049999999999998,0.0059231948237682,0.0095473346327126,0.6204029764991443,38.2869561150471,1.245,1.293346153846154,1.2490358929387175,1.276780120431288,-0.0277442274925703,-0.0253654473560116,-0.0239017045309723,-0.9994475748536074
1.219,1.219,1.219,1.219,1.231,-0.012,-0.97,1,122.0,0.0170000000000001,-0.0459999999999998,-0.135,1.2312,1.231,1.2712,1.2287984270384056,1.2393436393316348,1.2625419778914777,0.012,0.0249285714285713,0.0,0.012,0.0055001094792133,0.0097225250160902,0.5657079277359526,36.13112750562478,1.23825,1.2884615384615383,1.2444149863327612,1.2725001115104515,-0.0280851251776905,-0.0265445910899067,-0.024738388660316,-0.8
1.199,1.2,1.199,1.2,1.219,-0.019,-1.56,1232,147740.0,-0.024,-0.0330000000000001,-0.1560000000000001,1.2264,1.2277,1.2634,1.2191989513589372,1.2321902503622466,1.2565855990446704,0.02,0.0243571428571428,0.0,0.0190000000000001,0.0051072445164124,0.0103852018006552,0.4917809604903571,32.96603010194646,1.23125,1.284153846153846,1.2375819115123363,1.2671297328800477,-0.0295478213677113,-0.0276002338446246,-0.025700275201795,1231.0
1.2,1.2,1.168,1.168,1.2,-0.032,-2.67,8,901.0,-0.078,-0.0810000000000001,-0.1520000000000001,1.2108,1.2196,1.2558,1.2021326342392915,1.220519295750929,1.2481488753261305,0.032,0.0234999999999999,0.0,0.032,0.0047424413366686,0.0119291159577513,0.3975517845131798,28.44630080392064,1.2231666666666667,1.277346153846154,1.2268770020489,1.2597867897037478,-0.0329097876548478,-0.0288395840818897,-0.0271421776924056,-0.9935064935064936
1.25,1.25,1.25,1.25,1.168,0.082,7.02,31,3829.0,0.014,0.0,-0.0889999999999999,1.2136,1.2196,1.25135,1.2180884228261943,1.2258794237962145,1.2483251729141178,0.082,0.0282142857142856,0.082,0.0,0.0102608383840495,0.0110770362464833,0.9263162235572724,48.08744339216908,1.2245833333333334,1.2735769230769232,1.2304343863490692,1.2590618423182849,-0.0286274559692156,-0.0292160218186047,-0.0274392333477676,2.875
1.25,1.25,1.25,1.25,1.25,0.0,0.0,2,250.0,0.0189999999999999,0.03,-0.06,1.2174,1.2226,1.2483499999999998,1.228725615217463,1.2302649831059935,1.2484846802556304,0.0,0.0257142857142856,0.0,-0.0,0.0095279213566173,0.0102858193717345,0.9263162235572724,48.08744339216908,1.2246666666666666,1.2693846153846156,1.2334444807569047,1.2583905947391527,-0.0249461139822479,-0.0287525544595987,-0.0269406094746637,-0.935483870967742
1.153,1.205,1.153,1.205,1.25,-0.045,-3.6,24,2776.0,-0.014,0.0030000000000001,-0.135,1.2146,1.2229,1.2416,1.2208170768116422,1.2256713498139948,1.2443432821360467,0.0969999999999999,0.0303571428571428,0.0,0.0449999999999999,0.0088473555454304,0.0127654037023249,0.6930729142407837,40.93579835878332,1.2209166666666669,1.2635,1.229068406794304,1.2544357358695857,-0.0253673290752816,-0.0282301822930632,-0.0266259533947873,11.0
1.233,1.256,1.233,1.234,1.205,0.029,2.41,6,745.0,0.034,0.01,-0.066,1.2213999999999998,1.2239,1.2383000000000002,1.2252113845410948,1.2271856498478138,1.2433582076468994,0.0509999999999999,0.0319999999999999,0.0289999999999999,0.0,0.0102868301493282,0.0118535891521588,0.867824084104917,46.461767544923184,1.2220833333333332,1.2588846153846154,1.229827113441334,1.2529219776570235,-0.0230948642156896,-0.027605567644527,-0.0259197355589677,-0.75
1.234,1.236,1.234,1.236,1.234,0.002,0.16,8,988.0,0.068,-0.01,-0.064,1.235,1.2229,1.2351,1.2288075896940631,1.228788258966393,1.2426574259662422,0.002,0.0320714285714285,0.002,0.0,0.0096949137100905,0.0110069042127189,0.8808029508322267,46.8312191047172,1.2249166666666669,1.2542692307692307,1.2307767882965135,1.2516684978305777,-0.0208917095340641,-0.0268016038299243,-0.024914130353987,0.3333333333333332
1.233,1.233,1.233,1.233,1.236,-0.003,-0.24,9,1110.0,-0.0169999999999999,-0.0029999999999998,-0.0669999999999999,1.2316,1.2226,1.23175,1.2302050597960423,1.2295540300634125,1.2417376711123145,0.0029999999999998,0.0286428571428571,0.0,0.0029999999999998,0.0090024198736554,0.010434982483239,0.8627153795529068,46.31493297489055,1.225666666666667,1.250923076923077,1.2311188208662809,1.2502856461394236,-0.0191668252731429,-0.0258485591388768,-0.0237646693378182,0.125
1.348,1.348,1.242,1.242,1.233,0.009,0.73,66,8772.0,-0.008,0.0109999999999998,-0.042,1.23,1.2237,1.22965,1.234136706530695,1.2318169336882463,1.2417626548159035,0.1149999999999999,0.0355714285714285,0.0089999999999998,0.0,0.0090022470255372,0.009689626591579,0.9290602625864612,48.16128768008462,1.2253333333333334,1.2471923076923075,1.2327928484253146,1.2496718945735406,-0.0168790461482259,-0.0246034392467141,-0.0223875446998997,6.333333333333333
1.211,1.23,1.211,1.23,1.242,-0.012,-0.97,2,244.0,0.0249999999999999,0.0109999999999998,-0.0349999999999999,1.235,1.2248,1.2279,1.2327578043537968,1.2314865821085652,1.2406424019762938,0.0309999999999999,0.0362142857142856,0.0,0.012,0.008359229380856,0.0098546532636091,0.8482520041293187,45.89482398689005,1.2248333333333334,1.2441153846153847,1.2323631794368046,1.2482147171977227,-0.015851537760918,-0.0230816299570704,-0.0210803433121034,-0.9696969696969696
1.229,1.35,1.229,1.35,1.23,0.12,9.76,753,94890.0,0.1160000000000001,0.1500000000000001,0.1169999999999999,1.2582,1.2398,1.23375,1.2718385362358646,1.2530344762706442,1.2510574113118849,0.121,0.0416428571428571,0.1200000000000001,0.0,0.0163335701393662,0.0091507494590656,1.784943431402181,64.09262792470749,1.23475,1.2445,1.2504611518311424,1.2557543677756693,-0.0052932159445269,-0.020013121989257,-0.0179229178385881,375.5
1.268,1.39,1.268,1.39,1.35,0.04,2.96,33,4197.0,0.1539999999999999,0.2219999999999999,0.1409999999999998,1.289,1.262,1.2408,1.31122569082391,1.2779372987668909,1.2642900388059912,0.1219999999999998,0.0494999999999999,0.0399999999999998,0.0,0.0180240294151258,0.0084971244977038,2.1211916360642324,67.96095476979484,1.249,1.2479615384615386,1.2719286669340435,1.2656984886811753,0.0062301782528682,-0.0161400515201365,-0.0130922986202968,-0.9561752988047808
1.386,1.388,1.386,1.388,1.39,-0.002,-0.14,44,6105.0,0.1549999999999998,0.1379999999999999,0.1379999999999999,1.3199999999999998,1.2758,1.2477,1.33681712721594,1.2979486989910922,1.2760719398720872,0.004,0.0494285714285714,0.0,0.002,0.0167365987426168,0.0080330441764392,2.0834690280560038,67.56899482689282,1.2646666666666666,1.251346153846154,1.2897857950980367,1.2747578598899771,0.0150279352080595,-0.0116984904989912,-0.0074682518546255,0.3333333333333332
1.404,1.525,1.404,1.524,1.388,0.136,9.8,162,23646.0,0.282,0.274,0.304,1.3763999999999998,1.3032,1.2629,1.39921141814396,1.3390489355381665,1.2996841360747458,0.137,0.0583571428571428,0.1360000000000001,0.0,0.0252554131181442,0.0074592553066935,3.385782102870397,77.1990496439501,1.2943333333333331,1.2599615384615386,1.325818749698339,1.2932202406388678,0.0325985090594709,-0.0052578418173521,0.0005451003281937,2.6818181818181817
1.381,1.524,1.372,1.524,1.524,0.0,0.0,694,95518.0,0.294,0.3189999999999999,0.322,1.4351999999999998,1.3351000000000002,1.279,1.4408076120959734,1.372676401803954,1.3210475516866746,0.1519999999999999,0.0677857142857142,0.0,-0.0,0.0234514550382767,0.0069264513562154,3.385782102870397,77.1990496439501,1.3171666666666668,1.2691923076923075,1.3563081728216713,1.3103150376285813,0.04599313519309,0.0024186025614011,0.0096347073011729,3.283950617283951
1.384,1.518,1.372,1.473,1.524,-0.051,-3.35,925,129092.0,0.123,0.2390000000000001,0.2490000000000001,1.4598,1.359,1.29145,1.4515384080639824,1.3909170560214168,1.335519213430801,0.1519999999999999,0.0763571428571428,0.0,0.0509999999999999,0.0217763511069712,0.0100745619736286,2.161518402881776,68.36962900204902,1.33575,1.2771923076923075,1.374260761618337,1.3223657755820195,0.0518949860363175,0.0105060131803324,0.0180867630482019,0.3328530259365994
1.336,1.434,1.326,1.335,1.473,-0.138,-9.37,828,110809.0,-0.0549999999999999,0.0989999999999999,0.0889999999999999,1.4488,1.3689,1.2959,1.412692272042655,1.3807503185629773,1.3354697645326294,0.147,0.0809999999999999,0.0,0.1380000000000001,0.0202208974564733,0.0192120932612266,1.052508812107563,51.27913731229357,1.3465833333333332,1.2811153846153844,1.3682206444462852,1.3233016440574257,0.0449190003888595,0.0176266604761105,0.0234532105163334,-0.1048648648648649
1.275,1.395,1.275,1.349,1.335,0.014,1.05,865,113707.0,-0.0389999999999999,0.1159999999999998,0.1129999999999999,1.441,1.3805,1.3015500000000002,1.3914615146951037,1.3749775333697083,1.336758358386665,0.1200000000000001,0.0895714285714285,0.014,0.0,0.0197765476381538,0.0178398008854247,1.1085632493976678,52.574341780562655,1.3561666666666667,1.2849615384615385,1.3652636222237795,1.3252052259790978,0.0400583962446818,0.0239530429642114,0.0267742476620031,0.0446859903381642
1.344,1.44,1.28,1.366,1.349,0.017,1.26,2497,330108.0,-0.1579999999999999,0.1240000000000001,0.135,1.4094000000000002,1.3929,1.3083,1.3829743431300692,1.373345254575216,1.3395432766355535,0.1599999999999999,0.0940714285714285,0.0170000000000001,0.0,0.0195782228068571,0.0165655293936086,1.1818652058539596,54.16765447668384,1.367,1.2894230769230768,1.365376911112429,1.3282270610917573,0.0371498500206717,0.0298420860510547,0.0288493681337368,1.886705202312139
1.3,1.39,1.28,1.365,1.366,-0.001,-0.07,2629,348414.0,-0.159,0.135,0.1459999999999999,1.3776,1.4064,1.3156,1.376982895420046,1.3718279355615404,1.341967726479787,0.1099999999999998,0.0982857142857142,0.0,0.0010000000000001,0.018179778320653,0.0154537058654937,1.17640250687353,54.05261679115913,1.378,1.2950000000000002,1.3653189247874398,1.330950982492368,0.0343679422950717,0.0342488814110101,0.0299530829660038,0.0528634361233479
1.343,1.44,1.281,1.377,1.365,0.012,0.88,12670,1650282.0,-0.096,0.0269999999999999,0.177,1.3584,1.4091,1.32445,1.3769885969466973,1.3727683109139874,1.345304133481712,0.159,0.1094999999999999,0.012,0.0,0.0177383655834635,0.0143498697322442,1.2361342586689386,55.27996603409444,1.38925,1.3017307692307691,1.3671160132816798,1.3343620208262668,0.0327539924554129,0.0371959718779595,0.0305132648638856,3.819322936477748
1.318,1.35,1.276,1.289,1.377,-0.088,-6.39,7059,912293.0,-0.046,-0.1009999999999999,0.121,1.3492000000000002,1.3989999999999998,1.3305,1.3476590646311315,1.357537708929626,1.3399418350548824,0.1009999999999999,0.1164999999999999,0.0,0.088,0.016471339470359,0.0196105933227982,0.8399205061893933,45.649825813884135,1.3941666666666668,1.304230769230769,1.3550981650844982,1.331001871135432,0.024096293949066,0.0382035672936269,0.0292298706809217,-0.4428571428571428
1.285,1.288,1.279,1.285,1.289,-0.004,-0.31,592,76016.0,-0.064,-0.1029999999999999,0.0349999999999999,1.3364,1.3886999999999998,1.33225,1.3267727097540878,1.3443490345787847,1.3347092793353696,0.01,0.1089999999999999,0.0,0.004,0.0152948152224762,0.0184955509425983,0.8269456405999626,45.2638339216484,1.38875,1.3057307692307694,1.344313831994575,1.3275943251254,0.0167195068691752,0.0364392337169274,0.0267277979185724,-0.9161354299475848
1.284,1.289,1.278,1.285,1.285,0.0,0.0,7512,962252.0,-0.0810000000000001,-0.2390000000000001,0.0349999999999999,1.3201999999999998,1.3648,1.334,1.312848473169392,1.3335583010190055,1.3299750622558104,0.0109999999999998,0.1075714285714285,0.0,-0.0,0.0142023284208707,0.0171744401609841,0.8269456405999626,45.2638339216484,1.38,1.3076153846153846,1.3351886270723328,1.324439189930926,0.0107494371414067,0.0325232672667404,0.0235321257631393,11.68918918918919
1.27,1.286,1.27,1.283,1.285,-0.002,-0.16,437,56030.0,-0.082,-0.2410000000000001,0.0779999999999998,1.3037999999999998,1.3407,1.3379,1.302898982112928,1.3243658826519136,1.3255012468028762,0.016,0.1000714285714285,0.0,0.002,0.0131878763908085,0.0160905515780567,0.8196037486243397,45.04297978304222,1.37125,1.3096153846153844,1.3271596075227432,1.321369620306413,0.0057899872163302,0.0274004896200751,0.0199836980537775,-0.9418264110756124
1.282,1.283,1.28,1.281,1.283,-0.002,-0.16,685,87781.0,-0.096,-0.1920000000000001,0.0469999999999999,1.2845999999999995,1.3215,1.34025,1.2955993214086186,1.316481176715202,1.3212630328216497,0.0029999999999998,0.0915714285714285,0.0,0.002,0.0122458852200365,0.0150840836081955,0.8118415104370718,44.80753453105458,1.351,1.312,1.3200581294423213,1.3183792780614934,0.0016788513808279,0.0225960286191827,0.0163227287191875,0.5675057208237986
1.284,1.286,1.28,1.286,1.281,0.005,0.39,1279,164414.0,-0.0029999999999998,-0.0489999999999999,0.05,1.284,1.3165999999999998,1.34275,1.2923995476057455,1.3109391445851653,1.3179046487433972,0.006,0.0917142857142856,0.0050000000000001,0.0,0.0117283219900339,0.014006649064753,0.8373396046273229,45.57348040169008,1.3311666666666666,1.3153076923076925,1.3148184172204256,1.315980813019901,-0.0011623957994755,0.0180159406142763,0.0128257038154549,0.8671532846715329
1.286,1.294,1.282,1.287,1.286,0.001,0.08,1490,191706.0,0.002,-0.062,0.0539999999999998,1.2844,1.3104,1.34545,1.2905996984038306,1.3065865728424078,1.3149613488630736,0.012,0.0827857142857142,0.0009999999999998,0.0,0.01096201327646,0.0130061741315563,0.8428315018375302,45.73567908933201,1.3156666666666668,1.319884615384615,1.3105386607249754,1.313834086129538,-0.0032954254045627,0.0135220211225836,0.0096014779714514,0.164972634870993
1.291,1.291,1.281,1.281,1.287,-0.006,-0.47,71,9096.0,-0.004,-0.0850000000000001,0.0389999999999999,1.2836,1.3018999999999998,1.3474,1.287399798935887,1.301934468689243,1.311726934685638,0.01,0.0726428571428571,0.0,0.006,0.0101790123281415,0.0125057331221594,0.8139476693377414,44.87161802384893,1.3111666666666666,1.321076923076923,1.3059942513826714,1.311401931601424,-0.0054076802187525,0.0091025075099364,0.0065996463334106,-0.9523489932885906
1.278,1.28,1.26,1.279,1.281,-0.002,-0.16,959,122181.0,-0.004,-0.086,0.0489999999999999,1.2828,1.2933,1.34985,1.284599865957258,1.2977645652911984,1.3086100837631962,0.0209999999999999,0.0632857142857142,0.0,0.002,0.0094519400189885,0.0117553236134337,0.804056130635741,44.56935219373664,1.3053333333333332,1.322192307692308,1.3018412896314913,1.309001788519837,-0.0071604988883458,0.0046675640272966,0.0038476172890593,12.507042253521126
1.267,1.283,1.267,1.282,1.279,0.003,0.23,106,13535.0,0.0010000000000001,-0.0949999999999999,-0.068,1.283,1.2838,1.34645,1.2837332439715057,1.2948982806927989,1.3060757900714632,0.016,0.0539285714285714,0.0030000000000001,0.0,0.0089910871604893,0.0109156576410456,0.8236871708655072,45.16603417649706,1.2983333333333331,1.325153846153846,1.2987887835343388,1.3070016560368862,-0.0082128725025474,0.001077656643784,0.0014355193307379,-0.8894681960375391
1.28,1.28,1.277,1.278,1.282,-0.004,-0.31,212,27069.0,-0.008,-0.0109999999999998,-0.1119999999999998,1.2814,1.2826999999999995,1.34085,1.2818221626476705,1.2918258660213806,1.3034019053027524,0.0050000000000001,0.0457142857142856,0.0,0.004,0.0083488666490258,0.0104216820952566,0.8011054811224503,44.4785432901576,1.2910833333333331,1.3268461538461538,1.2955905091444406,1.3048533852193391,-0.0092628760748985,-0.0018092747944464,-0.0007041597503893,1.0
1.272,1.272,1.234,1.234,1.278,-0.044,-3.44,1548,192911.0,-0.0529999999999999,-0.0509999999999999,-0.1539999999999999,1.2708,1.2776,1.33315,1.2658814417651136,1.2813120721993112,1.2967922000358236,0.044,0.0374285714285714,0.0,0.044,0.0077525190312382,0.0128201333741669,0.6047143820562669,37.68361453091679,1.2791666666666666,1.326769230769231,1.286115046199142,1.299604986314203,-0.0134899401150609,-0.0045025389340539,-0.0032613158233236,6.30188679245283
1.268,1.268,1.229,1.246,1.234,0.012,0.97,602,74224.0,-0.0349999999999999,-0.0389999999999999,-0.278,1.2638,1.2737,1.3192499999999998,1.2592542945100758,1.2748916954358,1.2919548476514595,0.0389999999999999,0.0323571428571428,0.012,0.0,0.0080559105290069,0.0119044095617264,0.6767165130900173,40.35962595984087,1.2755833333333333,1.3272692307692309,1.279943500630043,1.295634246587225,-0.015690745957182,-0.0068892870644441,-0.0057472018500953,-0.6111111111111112
1.251,1.271,1.251,1.267,1.246,0.021,1.69,244,30612.0,-0.012,-0.016,-0.2570000000000001,1.2614,1.2721,1.3064,1.2618361963400506,1.2734568417202,1.2895781954941776,0.0249999999999999,0.0227857142857142,0.0209999999999999,0.0,0.0089804883483636,0.0110540945930316,0.8124128369613154,44.82493284054441,1.2740833333333332,1.328230769230769,1.2779521928408055,1.2935131912844675,-0.0155609984436619,-0.0088048259338319,-0.0077099611688086,-0.5946843853820598
1.274,1.283,1.271,1.278,1.267,0.011,0.87,322,41057.0,-0.004,-0.0029999999999998,-0.195,1.2606,1.2718,1.29665,1.2672241308933672,1.274282870498345,1.2884755102090175,0.016,0.0167142857142857,0.0110000000000001,0.0,0.0091247391806233,0.0102645164078151,0.8889594811964079,47.06080199419464,1.2735,1.330076923076923,1.277959547788374,1.292364066004137,-0.0144045182157628,-0.0102761728689749,-0.0090488725781994,0.319672131147541
1.289,1.289,1.272,1.272,1.278,-0.006,-0.47,220,28064.0,-0.006,-0.014,-0.0629999999999999,1.2594,1.2704,1.2935,1.268816087262245,1.2738678031350097,1.2869064139986353,0.0169999999999999,0.0172142857142856,0.0,0.006,0.0084729720962931,0.0099599080929712,0.8507078596711727,45.96662056767423,1.2725833333333332,1.3270769230769233,1.2770426942824702,1.2908556166704972,-0.013812922388027,-0.0114447836449154,-0.0100016825401649,-0.3167701863354037
1.287,1.287,1.273,1.285,1.272,0.013,1.02,977,124579.0,0.0509999999999999,-0.002,-0.064,1.2696,1.2702,1.2902999999999998,1.2742107248414969,1.2758918389286442,1.28672485076067,0.0149999999999999,0.0174999999999999,0.0129999999999999,0.0,0.0087963312322721,0.0092484860863304,0.951110392572626,48.74713374462347,1.2729166666666667,1.3230384615384616,1.27826689516209,1.2904218672874974,-0.0121549721254072,-0.0121944827456548,-0.0104323404572134,3.4409090909090905
1.285,1.285,1.283,1.283,1.285,-0.002,-0.16,176,22613.0,0.0369999999999999,0.002,-0.0830000000000001,1.277,1.2704,1.28615,1.2771404832276645,1.277184231850709,1.2863701030691774,0.002,0.0164999999999999,0.0,0.002,0.0081680218585384,0.0087307370801639,0.9355477989477003,48.33503979887915,1.2726666666666666,1.319,1.278995065137153,1.2898720993402757,-0.0108770342031223,-0.0126074311139633,-0.0105212792063952,-0.8198567041965199
1.267,1.286,1.267,1.286,1.283,0.003,0.23,241,30607.0,0.0190000000000001,0.0070000000000001,-0.0789999999999999,1.2808,1.2711,1.2822,1.2800936554851097,1.2787870987869436,1.286334855157827,0.0190000000000001,0.0176428571428571,0.0030000000000001,0.0,0.0077988774400714,0.0081071130030093,0.961979614343166,49.03107082818588,1.2725833333333332,1.3098461538461537,1.2800727474237448,1.2895852771669216,-0.0095125297431768,-0.0127518374740333,-0.0103195293137515,0.3693181818181819
1.284,1.289,1.284,1.289,1.286,0.003,0.23,69,8881.0,0.0109999999999998,0.0069999999999998,-0.088,1.283,1.2717999999999998,1.2777999999999998,1.2830624369900732,1.2806439899165902,1.2865886784761291,0.0049999999999998,0.0175714285714285,0.0029999999999998,0.0,0.0074561004800663,0.0075280335027944,0.9904446463075112,49.75996936889919,1.2732499999999998,1.3008076923076926,1.2814461708970148,1.2895419233027052,-0.0080957524056903,-0.0126221570663435,-0.0098747739321393,-0.7136929460580913
1.285,1.304,1.285,1.3,1.289,0.011,0.85,4976,646528.0,0.028,0.022,0.0110000000000001,1.2886,1.274,1.27835,1.2887082913267156,1.28416326447721,1.2878659471926883,0.0190000000000001,0.0180714285714285,0.0110000000000001,0.0,0.0077092361600615,0.0069903168240233,1.1028450289359577,52.445378226183344,1.275,1.294153846153846,1.284300606143628,1.290316595650653,-0.006015989507025,-0.011791718109895,-0.0091030170471164,71.1159420289855
1.3,1.3,1.293,1.293,1.3,-0.007,-0.54,130,16879.0,0.008,0.0589999999999999,0.008,1.2902,1.2799,1.27875,1.2901388608844773,1.2857699436631718,1.2883549046029088,0.0070000000000001,0.0178571428571428,0.0,0.0070000000000001,0.0071585764343429,0.0069910084794503,1.0239690676080797,50.59213028478756,1.2759166666666666,1.2925384615384616,1.2856389744292236,1.2905153663431972,-0.0048763919139735,-0.0105901232162052,-0.0082576920204879,-0.9738745980707396
1.302,1.302,1.295,1.295,1.293,0.002,0.15,427,55459.0,0.012,0.0489999999999999,0.01,1.2926,1.2848,1.27925,1.2917592405896516,1.2874481357244132,1.2889877708312032,0.0090000000000001,0.017,0.002,0.0,0.0067901066890326,0.0064916507309181,1.0459753567290808,51.12355597485255,1.2773333333333332,1.2904615384615383,1.2870791322093431,1.2908475614288863,-0.0037684292195432,-0.0092798377468587,-0.0073598394602989,2.2846153846153845
1.303,1.303,1.303,1.303,1.295,0.008,0.62,1,130.0,0.0169999999999999,0.036,0.02,1.2959999999999998,1.2884,1.28025,1.295506160393101,1.2902757474108837,1.290322268847279,0.008,0.0164285714285714,0.008,0.0,0.006876527639816,0.0060279613929954,1.1407716790964706,53.28787232358857,1.2830833333333334,1.2880384615384617,1.2895284964848288,1.2917477420637835,-0.0022192455789546,-0.0079259185649911,-0.0063317206840301,-0.9976580796252928
1.294,1.309,1.294,1.299,1.303,-0.004,-0.31,96,12413.0,0.01,0.0209999999999999,0.018,1.2979999999999998,1.2905,1.28115,1.2966707735954008,1.2918619751543592,1.2911487194332525,0.0149999999999999,0.0171428571428571,0.0,0.004,0.0063853470941149,0.0058831070077814,1.0853698709999955,52.046876004760215,1.2875,1.2855,1.290985650871778,1.2922849463553552,-0.0012992954835771,-0.0065355155756078,-0.0053252356439395,95.0
1.299,1.299,1.299,1.299,1.299,0.0,0.0,4,520.0,-0.0010000000000001,0.0269999999999999,0.0129999999999999,1.2978,1.2932,1.2818,1.297447182396934,1.2931597978535667,1.2918964604396093,0.0,0.0139999999999999,0.0,-0.0,0.0059292508731067,0.0054628850786542,1.0853698709999955,52.046876004760215,1.290166666666667,1.2825,1.2922186276607353,1.29278235773644,-0.0005637300757046,-0.0052475997923075,-0.0043729345302925,-0.9583333333333334
1.303,1.304,1.299,1.299,1.299,0.0,0.0,76,9887.0,0.006,0.014,0.012,1.299,1.2946,1.2824,1.2979647882646228,1.2942216527892818,1.292572988016789,0.0050000000000001,0.0115714285714285,0.0,-0.0,0.005505732953599,0.0050726790016074,1.0853698709999955,52.046876004760215,1.2919166666666666,1.2828846153846152,1.2932619157129297,1.293242923830037,1.899188289278264e-05,-0.0040369302271947,-0.0034945492476554,18.0
1.301,1.309,1.3,1.309,1.299,0.01,0.77,254,33054.0,0.014,0.026,0.028,1.3017999999999998,1.2972,1.2838,1.301643192176415,1.2969086250094124,1.2941374653485238,0.01,0.0105,0.01,0.0,0.005826752028342,0.0047103447872069,1.2370117882171128,55.29750870034552,1.295,1.2838076923076922,1.295683159449402,1.2944101146574416,0.0012730447919604,-0.0028385330566239,-0.0025410304397322,2.3421052631578947
1.307,1.309,1.296,1.296,1.309,-0.013,-0.99,84,10973.0,-0.0069999999999998,0.01,0.0170000000000001,1.3004,1.2982,1.28465,1.2997621281176104,1.2967434204622463,1.2943148496010457,0.0129999999999999,0.0102857142857142,0.0,0.0129999999999999,0.005410555454889,0.0053024630166921,1.0203853261883369,50.50449104742796,1.2959166666666666,1.2842307692307693,1.295731904149494,1.2945278839420755,0.0012040202074183,-0.0018052249885007,-0.0017920203103021,-0.6692913385826771
1.3,1.3,1.3,1.3,1.296,0.004,0.31,1,130.0,0.0010000000000001,0.0110000000000001,0.018,1.3006,1.2993,1.28555,1.2998414187450738,1.2973355258327468,1.294856292496184,0.004,0.0093571428571428,0.004,0.0,0.0053098014938255,0.004923715658357,1.0784135117171547,51.88637899232022,1.2973333333333332,1.2848846153846152,1.2963885342803412,1.2949332258722923,0.0014553084080488,-0.0009750807757147,-0.0011425545666319,-0.988095238095238
1.296,1.299,1.296,1.299,1.3,-0.001,-0.08,605,78589.0,0.0,-0.0010000000000001,0.0209999999999999,1.3006,1.2992,1.2866,1.2995609458300492,1.2976381574995202,1.2952509313060712,0.004,0.0085714285714285,0.0,0.0010000000000001,0.0049305299585522,0.0046434502541886,1.0618246537915748,51.49927040783713,1.2984166666666666,1.285576923076923,1.2967902982372117,1.2952344684002706,0.0015558298369411,-0.0002603894700575,-0.0006028776859173,604.0
1.31,1.31,1.295,1.3,1.299,0.001,0.08,27,3482.0,0.0010000000000001,0.0070000000000001,0.066,1.3008000000000002,1.2999,1.2898999999999998,1.299707297220033,1.298067583408698,1.2957032235626358,0.0150000000000001,0.0095,0.0010000000000001,0.0,0.0046497778186556,0.0043117752360323,1.078390584879928,51.885848248404585,1.2993333333333337,1.2861153846153843,1.2972840985084098,1.2955874707409911,0.0016966277674184,0.0003468390840492,-0.0001429765952501,-0.9553719008264464
1.305,1.318,1.305,1.311,1.3,0.011,0.85,26,3383.0,0.002,0.016,0.0649999999999999,1.3012,1.3015,1.29315,1.303471531480022,1.3004189318798438,1.2971600594138133,0.018,0.0094285714285714,0.0109999999999998,0.0,0.0051033651173231,0.0040037912906014,1.2746331531573194,56.036866928983976,1.30025,1.2870384615384616,1.2993942371994236,1.296729139574992,0.0026650976244315,0.0008895438844255,0.0004186382486861,-0.037037037037037
1.311,1.311,1.308,1.308,1.311,-0.003,-0.23,118,15469.0,0.012,0.0050000000000001,0.0410000000000001,1.3036,1.302,1.2952,1.3049810209866817,1.3017973079016905,1.2981924347077358,0.0029999999999998,0.0092857142857143,0.0,0.0029999999999998,0.0047388390375143,0.0039320919127013,1.2051699560244435,54.6520213887353,1.3015,1.2880769230769231,1.300718200707205,1.2975640181249926,0.0031541825822121,0.0013843747806243,0.0009657471153913,3.5384615384615383
1.314,1.316,1.314,1.316,1.308,0.008,0.61,93,12176.0,0.016,0.0170000000000001,0.038,1.3068,1.3037,1.2971,1.308654013991121,1.3043796155559284,1.2998883933069991,0.008,0.0085,0.008,0.0,0.0049717791062633,0.0036512282046512,1.3616730665943717,57.65713662297717,1.30325,1.2895,1.30306924675225,1.29892964641203,0.0041396003402198,0.0019069670490603,0.001600517760357,-0.211864406779661
1.316,1.316,1.316,1.316,1.316,0.0,0.0,1,132.0,0.0170000000000001,0.0170000000000001,0.044,1.3102,1.3054,1.2993,1.3111026759940807,1.3064924127275777,1.301422832039666,0.0,0.008,0.0,-0.0,0.0046166520272445,0.0033904261900332,1.3616730665943713,57.65713662297716,1.3043333333333331,1.2908076923076923,1.30505859340575,1.300194117048176,0.0048644763575738,0.0024453542129138,0.0022533094798004,-0.989247311827957
1.299,1.315,1.299,1.315,1.316,-0.001,-0.08,17,2261.0,0.0149999999999999,0.016,0.03,1.3132,1.307,1.3008000000000002,1.3124017839960538,1.308039246777109,1.3027158956549358,0.0170000000000001,0.0085714285714285,0.0,0.0010000000000001,0.0042868911681556,0.0032196814621737,1.3314643757526563,57.10850183258003,1.3056666666666663,1.2922307692307693,1.3065880405740962,1.3012908491186816,0.0052971914554145,0.0028924816199642,0.0028620858749232,16.0
1.326,1.326,1.326,1.326,1.315,0.011,0.84,3,398.0,0.0150000000000001,0.0170000000000001,0.0430000000000001,1.3161999999999998,1.3087,1.30295,1.316934522664036,1.31130483827218,1.304933429402085,0.0110000000000001,0.0087857142857143,0.0110000000000001,0.0,0.0047663989418587,0.0029897042148756,1.5942710714133417,61.45352692634364,1.3079166666666666,1.2957692307692308,1.309574495870389,1.3031211565913718,0.0064533392790171,0.0034757392945863,0.003580336555742,-0.8235294117647058
1.33,1.33,1.33,1.33,1.326,0.004,0.3,2,266.0,0.022,0.034,0.044,1.3206,1.3121,1.3051499999999998,1.321289681776024,1.3147039585863292,1.3073207218399816,0.004,0.008,0.004,0.0,0.0047116561602974,0.0027761539138131,1.6971883788049378,62.92435456647351,1.3105,1.299,1.3127168811210983,1.305112182029048,0.0076046990920504,0.0041590049261421,0.0043852090630036,-0.3333333333333333
1.322,1.36,1.322,1.33,1.33,0.0,0.0,140,18572.0,0.014,0.03,0.0410000000000001,1.3234,1.3151,1.3072,1.324193121184016,1.3174850570251784,1.3094806530933167,0.038,0.0107142857142857,0.0,-0.0,0.0043751092917047,0.0025778572056835,1.6971883788049378,62.92435456647351,1.31225,1.301423076923077,1.3153758224870833,1.3069557241009702,0.0084200983861131,0.0049217014316056,0.0051921869276255,69.0
1.331,1.333,1.329,1.333,1.33,0.003,0.23,280,37327.0,0.0169999999999999,0.034,0.0329999999999999,1.3268,1.3185,1.30885,1.3271287474560107,1.3203059557478731,1.311720590893953,0.004,0.0106428571428571,0.0029999999999998,0.0,0.0042768871994401,0.0023937245481347,1.786708166891116,64.11536694509309,1.3153333333333337,1.303538461538461,1.3180872344121477,1.3088849297231206,0.0092023046890268,0.0057556655340066,0.0059942104799058,1.0
1.335,1.345,1.335,1.345,1.333,0.012,0.9,413,55266.0,0.03,0.0449999999999999,0.052,1.3328,1.323,1.31145,1.3330858316373406,1.3247957819755325,1.3148900584278624,0.012,0.0107857142857143,0.012,0.0,0.0048285381137658,0.002222744223268,2.172331869416204,68.47744683837169,1.3190833333333334,1.3063461538461536,1.3222276598872018,1.3115601201140006,0.0106675397732012,0.0066448257727587,0.0069288763385649,0.4750000000000001
1.346,1.355,1.346,1.355,1.345,0.01,0.74,21,2845.0,0.0289999999999999,0.044,0.06,1.3386,1.3274,1.31445,1.3403905544248935,1.330287457979981,1.3187100528633042,0.01,0.0105714285714285,0.01,0.0,0.0051979282484968,0.0020639767787488,2.51840442296436,71.57802572458483,1.3237500000000002,1.3090384615384616,1.3272695583660938,1.314777888994445,0.0124916693716488,0.0076823243049184,0.0080414349451816,-0.9491525423728814
1.368,1.372,1.368,1.371,1.355,0.016,1.18,77,10552.0,0.0409999999999999,0.0629999999999999,0.068,1.3468,1.3337,1.3178500000000002,1.3505937029499293,1.3376897383472572,1.323690047828704,0.0170000000000001,0.0115,0.016,0.0,0.0059695048021756,0.001916549865981,3.1147140536934903,75.69697463904279,1.3296666666666666,1.312423076923077,1.333997318617464,1.318942489809671,0.0150548288077927,0.008895127467982,0.0094441137177039,2.6666666666666665
1.376,1.376,1.375,1.375,1.371,0.004,0.29,17,2339.0,0.0449999999999999,0.0589999999999999,0.076,1.3558,1.3396,1.32165,1.3587291352999529,1.3444734222841197,1.328576709940256,0.0049999999999998,0.0115714285714285,0.004,0.0,0.0058288258877345,0.0017796534469824,3.27525895427441,76.60960398667318,1.335,1.3158461538461537,1.3403054234455465,1.323094897971918,0.0172105254736285,0.0102669107030992,0.0109973960688888,-0.7792207792207793
1.36,1.37,1.36,1.37,1.375,-0.005,-0.36,7,903.0,0.0370000000000001,0.054,0.0710000000000001,1.3632000000000002,1.3450000000000002,1.3252,1.3624860901999687,1.3491146182324611,1.332521785184041,0.0149999999999999,0.0115714285714285,0.0,0.0049999999999998,0.0054124811814677,0.0020096782007693,2.693207887409856,72.9232680508184,1.3401666666666667,1.3189615384615383,1.3448738198385393,1.326569349973998,0.0183044698645411,0.0117121638596688,0.0124588108280192,-0.5882352941176471
1.354,1.354,1.354,1.354,1.37,-0.016,-1.17,1,135.0,0.0090000000000001,0.0390000000000001,0.0550000000000001,1.3649999999999998,1.3489,1.32795,1.3596573934666458,1.3500028694629227,1.3345673294522276,0.016,0.0114285714285714,0.0,0.016,0.0050258753827915,0.0030089869007144,1.670288222789602,62.55085906212333,1.3433333333333335,1.3210384615384616,1.3462778475556871,1.3286012499759243,0.0176765975797628,0.0129591925597517,0.013502368178368,-0.8571428571428572
1.358,1.368,1.358,1.368,1.354,0.014,1.03,263,35900.0,0.0130000000000001,0.042,0.0590000000000001,1.3676,1.3531,1.3309,1.362438262311097,1.3532750750151183,1.3377513933139202,0.014,0.0122142857142857,0.014,0.0,0.0056668842840206,0.0027940592649491,2.0281904378731497,66.97697781839803,1.3476666666666668,1.323923076923077,1.3496197171625044,1.3315196759036336,0.0181000412588707,0.0141253416893984,0.0144219027944685,262.0
1.379,1.379,1.378,1.378,1.368,0.01,0.73,70,9648.0,0.0069999999999998,0.0479999999999998,0.0819999999999998,1.3690000000000002,1.3579,1.335,1.3676255082073985,1.35777051592146,1.3415845939506896,0.0109999999999998,0.0124285714285714,0.0099999999999997,0.0,0.0059763925494477,0.002594483603167,2.3034998340912574,69.72907370297825,1.3529166666666663,1.3271153846153845,1.3539859145221191,1.3349626628737348,0.0190232516483843,0.0153034698296508,0.0153421725652517,-0.7338403041825095
1.378,1.378,1.378,1.378,1.378,0.0,0.0,5,638.0,0.0029999999999998,0.0479999999999998,0.0779999999999998,1.3696000000000002,1.3627,1.3389,1.3710836721382655,1.36144860393574,1.3450527278601476,0.0,0.0124285714285714,0.0,-0.0,0.0055495073673443,0.0024091633457979,2.3034998340912574,69.72907370297825,1.3572499999999998,1.3299999999999998,1.357680389211024,1.3381506137719763,0.0195297754390473,0.016450966579653,0.0161796931400108,-0.9285714285714286
1.38,1.38,1.377,1.377,1.378,-0.001,-0.07,9,1276.0,0.0069999999999998,0.044,0.078,1.371,1.3671,1.3428,1.3730557814255104,1.364276130492878,1.3480953252068004,0.0029999999999998,0.0114285714285714,0.0,0.0009999999999998,0.0051531139839626,0.0023085088210981,2.2322262478994555,69.06157170619242,1.3611666666666666,1.333,1.3606526370247125,1.3410283460851635,0.0196242909395489,0.0174461611536917,0.0168686126999184,0.8
1.367,1.367,1.367,1.367,1.377,-0.01,-0.73,5,633.0,0.0129999999999999,0.022,0.0669999999999999,1.3736,1.3693,1.3461500000000002,1.371037187617007,1.3647713794941727,1.3498957704252004,0.01,0.0113571428571428,0.0,0.01,0.0047850344136795,0.0028579010481625,1.6743177363527293,62.60728534957804,1.3642500000000002,1.3356153846153846,1.361629154405526,1.342952172301077,0.0186769821044485,0.0181334181240028,0.0172302865808244,-0.4444444444444444
1.374,1.388,1.371,1.388,1.367,0.021,1.54,71,9748.0,0.0199999999999997,0.0329999999999999,0.0769999999999999,1.3776,1.3726,1.35,1.376691458411338,1.3689947650406866,1.3535247446704195,0.0209999999999999,0.0125714285714285,0.0209999999999999,0.0,0.0059432462412738,0.002653765259008,2.239552357202605,69.1315376404809,1.3688333333333336,1.3390384615384616,1.3656862075739065,1.3462890484269234,0.019397159146983,0.0186158992728017,0.0176636610940562,13.2
1.389,1.389,1.389,1.389,1.388,0.001,0.07,1,139.0,0.0110000000000001,0.018,0.0809999999999999,1.3798,1.3744,1.3540500000000002,1.380794305607559,1.3726320804878345,1.356903340416094,0.0010000000000001,0.0099285714285714,0.0010000000000001,0.0,0.00559015722404,0.0024642105976503,2.2685387480154224,69.40528850676236,1.3724999999999998,1.3421153846153844,1.3692729448702283,1.3494528226175215,0.019820122252707,0.0189058544704771,0.0180949533257863,-0.9859154929577464
1.389,1.397,1.389,1.391,1.389,0.002,0.14,12,1668.0,0.0130000000000001,0.016,0.0749999999999999,1.3824,1.376,1.3578,1.3841962037383726,1.375971702217319,1.3601506413288469,0.008,0.0102142857142857,0.002,0.0,0.0053337174223228,0.002288195554961,2.330970974381484,69.97872369074948,1.3755,1.3457692307692308,1.3726155687363473,1.35253039131252,0.0200851774238273,0.0191037108659533,0.0184929981453945,11.0
1.359,1.377,1.359,1.375,1.391,-0.016,-1.15,204,28099.0,-0.002,0.0049999999999998,0.0589999999999999,1.382,1.3764999999999998,1.36075,1.3811308024922484,1.3757950290868972,1.3615648659641948,0.032,0.0116428571428571,0.0,0.016,0.0049527376064426,0.0032676101581781,1.5157063929572776,60.24973332343151,1.3758333333333337,1.3486538461538464,1.3729824043153709,1.3541948067708518,0.018787597544519,0.0192271553064818,0.0185519180252194,16.0
1.372,1.372,1.369,1.369,1.375,-0.006,-0.44,4000,548250.0,0.002,0.0149999999999999,0.054,1.3824,1.378,1.3634499999999998,1.377087201661499,1.3745595692529158,1.3622729739676047,0.006,0.0113571428571428,0.0,0.006,0.0045989706345539,0.0034627808611653,1.3281148357179515,57.04679233781796,1.3753333333333335,1.351346153846154,1.3723697267283907,1.355291487750789,0.017078238977602,0.0191136217196741,0.0182571822156959,18.607843137254903
1.361,1.363,1.361,1.363,1.369,-0.006,-0.44,16000,2177900.0,-0.0249999999999999,-0.0050000000000001,0.0369999999999999,1.3774000000000002,1.3775,1.3653,1.3723914677743327,1.372457829388749,1.362342214542119,0.008,0.0107142857142856,0.0,0.006,0.0042704727320857,0.0036440107996535,1.1719154982997797,53.95769306942094,1.37475,1.3537692307692308,1.3709282303086383,1.3558624886581376,0.0150657416505006,0.018673898386576,0.0176188941026569,3.0
1.364,1.366,1.364,1.366,1.363,0.003,0.22,37,5036.0,-0.0229999999999999,-0.0119999999999997,0.036,1.3728,1.3763,1.3671,1.370260978516222,1.3712836785907945,1.362690575061917,0.0030000000000001,0.0105714285714285,0.0030000000000001,0.0,0.0041797246797939,0.003383724313964,1.2352438591243902,55.26215200556556,1.37575,1.3558846153846154,1.3701700410303863,1.3566134154242016,0.0135566256061847,0.0180102150718135,0.0168064404033624,-0.9976875
1.364,1.365,1.362,1.362,1.366,-0.004,-0.29,285,38822.0,-0.0289999999999999,-0.0159999999999997,0.032,1.367,1.3747,1.3687,1.367507319010815,1.369595737028832,1.362624806008401,0.004,0.0097857142857142,0.0,0.004,0.0038811729169515,0.0034277440058237,1.132282022915776,53.10188852820903,1.37525,1.3579615384615384,1.368913111641096,1.3570124216890755,0.0119006899520204,0.0171520371843103,0.015825290313094,6.702702702702703
1.472,1.472,1.472,1.472,1.362,0.11,8.08,1,147.0,0.0969999999999999,0.0949999999999999,0.139,1.3864,1.3842,1.37565,1.4023382126738766,1.3882146939326805,1.373041491150458,0.1099999999999998,0.0164999999999999,0.1099999999999998,0.0,0.0114610891371692,0.0031829051482649,3.600826478733448,78.26477471770924,1.3830833333333334,1.3639615384615384,1.3847726329270813,1.3655300200824774,0.0192426128446039,0.0172148850443275,0.016508754819396,-0.9964912280701754
1.386,1.49,1.386,1.49,1.472,0.018,1.22,7,981.0,0.121,0.123,0.145,1.4106,1.3965,1.3829,1.4315588084492512,1.4067211132176476,1.3841803967551765,0.104,0.0229285714285714,0.018,0.0,0.0119281541988,0.0029555547805316,4.035842704513905,80.14235037358009,1.3924166666666666,1.3706538461538462,1.4009614586306074,1.3747500185948864,0.0262114400357209,0.0179720273652984,0.018449291862661,6.0
1.48,1.58,1.389,1.416,1.49,-0.074,-4.97,301,43286.0,0.0529999999999999,0.028,0.0609999999999999,1.4212,1.3993,1.38595,1.4263725389661674,1.4084081835417115,1.3872108351594452,0.191,0.0357857142857142,0.0,0.074,0.0110761431846,0.0080301580104937,1.3793182114381626,57.97115345090572,1.3956666666666668,1.3745384615384617,1.403275080379745,1.377805572773043,0.0254695076067017,0.0185997368490756,0.0198533350114691,42.0
1.401,1.403,1.401,1.403,1.416,-0.013,-0.92,39,5419.0,0.0369999999999999,0.014,0.032,1.4286,1.4007,1.3875499999999998,1.4185816926441115,1.4074248774432183,1.3887145651442598,0.0149999999999999,0.0368571428571428,0.0,0.0129999999999999,0.0102849900999857,0.0083851467240298,1.2265724665868232,55.087920334659984,1.3986666666666665,1.3775000000000002,1.4032327603213224,1.3796718266417063,0.0235609336796158,0.0189859319886077,0.0205948547450985,-0.8704318936877077
1.372,1.49,1.372,1.479,1.403,0.076,5.42,18,2647.0,0.1169999999999999,0.088,0.104,1.452,1.4095,1.39275,1.438721128429408,1.420438536089906,1.3973131779876635,0.1179999999999998,0.0450714285714285,0.076,0.0,0.0149789193785581,0.0077862076723134,1.923775990694533,65.79765333655219,1.40625,1.3832307692307693,1.4148892587334267,1.3870294691126912,0.0278597896207355,0.0199939533304095,0.0220478417202259,-0.5384615384615384
1.479,1.51,1.38,1.474,1.479,-0.005,-0.34,108,15152.0,0.002,0.0989999999999999,0.1039999999999998,1.4524,1.4194,1.3979500000000002,1.4504807522862722,1.4301769840735592,1.4046166848459811,0.1300000000000001,0.0536428571428571,0.0,0.0050000000000001,0.013908996565804,0.0075871928385767,1.833220383576424,64.7044753102587,1.413333333333333,1.3887692307692308,1.4239832189282842,1.3934717306598994,0.0305114882683847,0.0214865365849409,0.0237405710298576,5.0
1.396,1.48,1.396,1.477,1.474,0.003,0.2,19,2719.0,-0.0129999999999999,0.1080000000000001,0.123,1.4498000000000002,1.4302,1.4041,1.4593205015241817,1.4386902596965483,1.4115103339082686,0.084,0.0581428571428571,0.0030000000000001,0.0,0.0131297825253894,0.0070452504929641,1.8636360110263952,65.07936077945966,1.4205,1.3943076923076925,1.4321396467854712,1.3996590098702772,0.0324806369151939,0.0234215249476846,0.0254885842069249,-0.8240740740740741
1.482,1.482,1.482,1.482,1.477,0.005,0.34,1,148.0,0.066,0.119,0.1139999999999998,1.463,1.4421,1.4098000000000002,1.4668803343494543,1.4465647579335394,1.4182236354408144,0.0049999999999998,0.0584285714285714,0.0049999999999998,0.0,0.0125490837735759,0.0065420183148952,1.918228162859673,65.73263143961762,1.4294166666666668,1.3995769230769233,1.4398104703569372,1.4057583424724789,0.0340521278844583,0.0256988029786039,0.0272012929424316,-0.9473684210526316
1.558,1.558,1.402,1.411,1.482,-0.071,-4.79,82,11639.0,0.008,0.0449999999999999,0.0330000000000001,1.4646,1.4466,1.41145,1.4482535562329697,1.4400984383092597,1.417535670160737,0.1560000000000001,0.069,0.0,0.0709999999999999,0.0116527206468919,0.0111461598638313,1.045447112660241,51.11093345750538,1.4329166666666666,1.4017307692307692,1.435378090302024,1.4061466134004434,0.0292314769015804,0.0276244459729995,0.0276073297342613,81.0
1.378,1.456,1.37,1.452,1.411,0.041,2.91,476,65405.0,-0.0270000000000001,0.0899999999999998,0.074,1.4592,1.4556,1.41515,1.44950237082198,1.442262358616667,1.4208179872882856,0.0859999999999998,0.0728571428571428,0.0409999999999999,0.0,0.0137489548863996,0.0103500055878433,1.3284007211115427,57.05206621295774,1.4403333333333332,1.404846153846154,1.4379353071786358,1.4095431605559663,0.0283921466226695,0.028641060837229,0.027764293111943,4.804878048780488
1.384,1.403,1.384,1.387,1.452,-0.065,-4.48,175,24259.0,-0.0869999999999999,-0.0849999999999999,0.01,1.4418,1.4471,1.41565,1.4286682472146532,1.4322146570500005,1.417597226594163,0.068,0.0772857142857142,0.0,0.0649999999999999,0.0127668866802282,0.0142535766172831,0.8956970606765314,47.24895550330586,1.4420833333333334,1.4053076923076924,1.4300991060742303,1.40787329681108,0.0222258092631506,0.0281982129736101,0.0266565963421845,-0.6323529411764706
1.398,1.398,1.388,1.388,1.387,0.001,0.07,63,8733.0,-0.0890000000000001,-0.102,0.0209999999999999,1.424,1.4369,1.4167,1.4151121648097689,1.4241756284954548,1.4147784431090047,0.0109999999999998,0.0775,0.0009999999999998,0.0,0.0119263947744976,0.0132354640017629,0.9010938168022744,47.39870325379075,1.44425,1.406,1.4236223205243488,1.406401200751,0.0172211197733487,0.0272817254365708,0.0247695010284173,-0.64
1.397,1.397,1.357,1.396,1.388,0.008,0.58,49,6643.0,-0.086,-0.02,0.008,1.4068,1.4349,1.4171,1.4087414432065126,1.4190527869508265,1.412990019955766,0.04,0.0801428571428571,0.008,0.0,0.0116459380048906,0.0122900737159227,0.9475889465009876,48.65446316089509,1.4379166666666665,1.4076153846153845,1.419372732751372,1.405630741436111,0.0137419913152609,0.0261907318405314,0.0225639990857861,-0.2222222222222222
1.394,1.394,1.356,1.385,1.396,-0.011,-0.79,17,2285.0,-0.026,-0.018,-0.004,1.4016,1.4331,1.4168999999999998,1.400827628804342,1.4128613711415854,1.4103243037695028,0.0399999999999998,0.0827142857142857,0.0,0.0109999999999998,0.0108140852902556,0.0121979255933567,0.8865511768775809,46.99322169170657,1.4291666666666665,1.4082692307692306,1.4140846200203918,1.4041025383667696,0.0099820816536222,0.0242043198441855,0.0200476155993533,-0.653061224489796
1.377,1.382,1.377,1.382,1.385,-0.003,-0.22,101,13954.0,-0.07,-0.0970000000000002,-0.0090000000000001,1.3876,1.4234,1.41645,1.394551752536228,1.4072502127522062,1.40762675102955,0.008,0.0754285714285714,0.0,0.0030000000000001,0.0100416506266659,0.011540930908117,0.8700901778732071,46.52664284150899,1.4263333333333332,1.408423076923077,1.4091485246326392,1.4024653133025644,0.0066832113300747,0.0215567335177066,0.0173747347454976,4.941176470588236
1.39,1.39,1.377,1.377,1.382,-0.005,-0.36,2,277.0,-0.01,-0.0969999999999999,0.002,1.3856,1.4137,1.41655,1.3887011683574857,1.4017501740699867,1.4047099175981643,0.0129999999999999,0.0689285714285714,0.0,0.0049999999999998,0.0093243898676183,0.0110737215575372,0.8420285645769924,45.71202535995189,1.4241666666666666,1.4083846153846156,1.4042025977660793,1.4005789937986708,0.0036236039674084,0.0183503965235082,0.0146245085898797,-0.9801980198019802
1.336,1.355,1.336,1.355,1.377,-0.022,-1.6,62,8393.0,-0.0329999999999999,-0.1220000000000001,-0.014,1.379,1.4015,1.41585,1.3774674455716571,1.393250142420898,1.3999756397316727,0.0409999999999999,0.0582142857142856,0.0,0.022,0.0086583620199313,0.0118541700177131,0.7304064314071379,42.21010845487805,1.4138333333333335,1.4075384615384616,1.3966329673405289,1.3972027720358065,-0.0005698046952777,0.0145035151257597,0.0115856459328482,30.0
1.374,1.386,1.369,1.386,1.355,0.031,2.29,124,17029.0,-0.01,-0.096,0.0229999999999999,1.377,1.3919,1.417,1.380311630381105,1.3919319347080077,1.3986446264238943,0.0309999999999999,0.0593571428571428,0.0309999999999999,0.0,0.0102541933042219,0.0110074435878764,0.93156900804069,48.22861643372701,1.4065,1.4082692307692306,1.3949971262112166,1.3963729370701912,-0.0013758108589745,0.011102705374587,0.0089933545744837,1.0
1.385,1.385,1.385,1.385,1.386,-0.001,-0.07,10,1385.0,0.0,-0.026,0.0189999999999999,1.377,1.3893,1.4179499999999998,1.38187442025407,1.390671582942915,1.3973451381930473,0.0009999999999998,0.0509999999999999,0.0,0.0009999999999998,0.0095217509253489,0.0102926261887424,0.925104123159876,48.05475776766844,1.3988333333333332,1.408153846153846,1.3934591067941065,1.395530497287214,-0.0020713904931075,0.0077178679172784,0.0067804055609654,-0.9193548387096774
1.396,1.396,1.396,1.396,1.385,0.011,0.79,1,140.0,0.014,-0.056,0.0339999999999998,1.3798,1.3836999999999997,1.41965,1.3865829468360469,1.391640386044203,1.3972170297937094,0.0109999999999998,0.0424999999999999,0.0109999999999998,0.0,0.0096273401449668,0.0095574386038322,1.007313836272679,50.18217969060234,1.3916666666666666,1.408423076923077,1.393850013441167,1.3955652752659389,-0.0017152618247717,0.0050577489075092,0.005081272083818,-0.9
1.395,1.395,1.395,1.395,1.396,-0.001,-0.07,1,140.0,0.018,0.008,-0.0769999999999999,1.3834,1.3845,1.4158,1.3893886312240311,1.392251224945257,1.3970058840990704,0.0009999999999998,0.0365714285714285,0.0,0.0009999999999998,0.0089396729917549,0.0089461929892728,0.9992711986511278,49.981773324465344,1.3903333333333332,1.408576923076923,1.3940269344502183,1.3955234030240171,-0.001496468573799,0.0029780168689373,0.0037657239522946,0.0
1.381,1.381,1.381,1.381,1.395,-0.014,-1.0,1,138.0,0.026,-0.0069999999999998,-0.1089999999999999,1.3885999999999998,1.3838,1.41035,1.3865924208160207,1.3902055476824828,1.395481514184873,0.014,0.0372142857142856,0.0,0.014,0.0083011249209153,0.0093071792043247,0.8919055643688527,47.14323913236103,1.3844166666666666,1.4088076923076922,1.3920227906886462,1.3944475953926088,-0.0024248047039625,0.0011817062001346,0.0025276182210431,0.0
1.38,1.38,1.38,1.38,1.381,-0.001,-0.07,3,414.0,-0.006,-0.016,-0.036,1.3874,1.3822,1.40855,1.3843949472106805,1.388349993558395,1.3940070842625043,0.0010000000000001,0.026142857142857,0.0,0.0010000000000001,0.0077081874265642,0.0087138092611587,0.8845944632874874,46.938186465028686,1.3838333333333337,1.4092307692307693,1.3901731305827003,1.3933774031413044,-0.0032042725586038,-0.0002834442678904,0.0013812400651137,2.0
1.325,1.341,1.325,1.341,1.38,-0.039,-2.83,395,52912.0,-0.044,-0.044,-0.062,1.3786,1.3778,1.40545,1.3699299648071204,1.379740903820505,1.3889587905232184,0.0549999999999999,0.0239285714285713,0.0,0.0389999999999999,0.007157602610381,0.0108771085996473,0.6580427642887666,39.68792473039985,1.379916666666667,1.4083846153846151,1.3826080335699773,1.3894975955012077,-0.0068895619312303,-0.0017915301858132,-0.000272920334155,130.66666666666666
1.332,1.367,1.332,1.341,1.341,0.0,0.0,15,1956.0,-0.0549999999999999,-0.0409999999999999,-0.1380000000000001,1.3676,1.3737,1.3985499999999995,1.3602866432047471,1.372697103125868,1.384391286663864,0.0349999999999999,0.0215714285714285,0.0,-0.0,0.0066463452810681,0.0101001722711011,0.6580427642887666,39.68792473039985,1.375333333333333,1.4074230769230769,1.3762067976361343,1.3859051810196368,-0.0096983833835022,-0.003271751002581,-0.0021580129440245,-0.9620253164556962
1.356,1.356,1.344,1.344,1.341,0.003,0.22,6,758.0,-0.0509999999999999,-0.0329999999999999,-0.1299999999999999,1.3574,1.3703999999999998,1.39205,1.354857762136498,1.3674794480120736,1.3805444974577816,0.0150000000000001,0.0218571428571428,0.0030000000000001,0.0,0.0063858920467061,0.0093787313945939,0.6808908132700223,40.50773601084834,1.371916666666667,1.4067307692307691,1.3712519056921135,1.3828010935367008,-0.011549187844587,-0.0044916824636154,-0.004036247924137,-0.6
1.35,1.35,1.336,1.336,1.344,-0.008,-0.6,106,14163.0,-0.0449999999999999,-0.0189999999999999,-0.141,1.3484,1.3685,1.3850000000000002,1.3485718414243322,1.3617559120098783,1.3763021643665645,0.014,0.0199999999999999,0.0,0.008,0.0059297569005128,0.0092802505806943,0.6389651711397194,38.98589075540816,1.3680833333333335,1.4015,1.3658285355856346,1.3793343458673155,-0.0135058102816809,-0.0058394601772494,-0.0059301603956457,16.666666666666668
1.309,1.335,1.309,1.335,1.336,-0.001,-0.07,8,1004.0,-0.0449999999999999,-0.0509999999999999,-0.147,1.3394,1.3634,1.3776499999999998,1.3440478942828882,1.3568912007353549,1.372368624903082,0.0270000000000001,0.0190714285714285,0.0,0.0010000000000001,0.0055062028361905,0.0086888041106447,0.6337123919556181,38.78971568533182,1.3645833333333333,1.3955384615384614,1.3610856839570755,1.3760503202475145,-0.0149646362904387,-0.0072720430436196,-0.0077370555746043,-0.9245283018867924
1.317,1.318,1.317,1.318,1.335,-0.017,-1.27,52,6804.0,-0.0229999999999999,-0.0669999999999999,-0.0929999999999999,1.3348,1.3567,1.373,1.3353652628552588,1.3498200733289267,1.367190660626598,0.018,0.0197857142857142,0.0,0.0169999999999999,0.0051129026336054,0.0092824609598844,0.5508132655447364,35.517704019075346,1.3615000000000002,1.3917692307692309,1.3544571171944486,1.3717502965254762,-0.0172931793310275,-0.0090029227665369,-0.009648280325889,5.5
1.319,1.319,1.308,1.308,1.318,-0.01,-0.76,101,13212.0,-0.0329999999999999,-0.0879999999999998,-0.1439999999999999,1.3282000000000005,1.3479,1.3658,1.3262435085701727,1.3422164236327585,1.3615534548526362,0.0109999999999998,0.0196428571428571,0.0,0.01,0.0047476953026336,0.0093337137484641,0.5086609071780134,33.71605274305648,1.3549999999999998,1.3881153846153844,1.3473098683953026,1.3670280523384035,-0.019718183943101,-0.0110275578075705,-0.0116622610493314,0.9423076923076924
1.332,1.332,1.332,1.332,1.308,0.024,1.83,12,1598.0,-0.012,-0.0629999999999999,-0.0549999999999999,1.3258,1.3416,1.36305,1.3281623390467818,1.340358892063166,1.358738840104766,0.024,0.0184285714285714,0.024,0.0,0.0061228599238741,0.008667019909288,0.7064550431357013,41.39898358163323,1.3505833333333337,1.3824615384615382,1.3449545040267945,1.3644333817948182,-0.0194788777680237,-0.0129224548146884,-0.0132255843930698,-0.8811881188118812
1.338,1.338,1.336,1.336,1.332,0.004,0.3,9,1155.0,0.0,-0.0449999999999999,-0.0519999999999998,1.3258,1.3371,1.36045,1.3307748926978546,1.3395663662334991,1.3565732362852645,0.006,0.0166428571428571,0.004,0.0,0.0059712270721688,0.0080479470586246,0.7419565547178504,42.59328699721947,1.3455833333333336,1.3771538461538464,1.3435768880226724,1.3623272053655724,-0.0187503173429,-0.0146497931240546,-0.0143305309830359,-0.25
1.319,1.319,1.319,1.319,1.336,-0.017,-1.27,1,132.0,-0.016,-0.0609999999999999,-0.0769999999999999,1.3226,1.331,1.3565999999999998,1.3268499284652364,1.3358270269183177,1.3529948328295247,0.0170000000000001,0.0177857142857142,0.0,0.0170000000000001,0.0055447108527281,0.00868737941158,0.6382489574862157,38.95921645911293,1.3392499999999998,1.3710769230769229,1.3397958283268767,1.3591177827459002,-0.0193219544190235,-0.0160311700671427,-0.0153288156702334,-0.8888888888888888
1.326,1.326,1.326,1.326,1.319,0.007,0.53,4,530.0,0.008,-0.0149999999999999,-0.0589999999999999,1.3241999999999998,1.3295,1.35365,1.3265666189768244,1.3340402947513506,1.35042389636957,0.0070000000000001,0.0175,0.0070000000000001,0.0,0.0056486600775333,0.0080668523107529,0.7002310021225755,41.184462655274736,1.3346666666666664,1.365076923076923,1.337673393199665,1.3566646136536114,-0.0189912204539464,-0.0170637075194143,-0.016061296626976,3.0
1.295,1.296,1.278,1.279,1.326,-0.047,-3.54,61,7851.0,-0.0290000000000001,-0.062,-0.1029999999999999,1.3184,1.3233,1.3485,1.3107110793178829,1.324032968432923,1.343621620524849,0.048,0.0208571428571428,0.0,0.0470000000000001,0.0052451843577095,0.0108477914314134,0.4835255536459079,32.593004714856235,1.3262500000000002,1.36,1.3286467173227934,1.3509116793088995,-0.0222649619861061,-0.0182543490906942,-0.017302029698802,14.25
1.281,1.284,1.281,1.284,1.279,0.005,0.39,6,723.0,-0.048,-0.06,-0.0929999999999999,1.3088000000000002,1.3173,1.3438500000000002,1.301807386211922,1.3167542468996642,1.337943370951054,0.0050000000000001,0.0202142857142857,0.0050000000000001,0.0,0.0052276711893016,0.0100729491863124,0.5189811933535088,34.166400191416166,1.3215,1.3535384615384616,1.321777991580825,1.3459552586193515,-0.0241772670385265,-0.0194400665081215,-0.0186770771667469,-0.9016393442622952
1.315,1.315,1.295,1.295,1.284,0.011,0.86,6,731.0,-0.0410000000000001,-0.0410000000000001,-0.06,1.3006,1.3132,1.34085,1.2995382574746146,1.3127989292815434,1.3338535260985729,0.0309999999999999,0.0223571428571428,0.0109999999999998,0.0,0.0056399803900658,0.0093534528158615,0.6029837858915141,37.61633718310876,1.3176666666666663,1.35,1.3176583005683904,1.342180795017918,-0.0245224944495277,-0.0205020507480203,-0.0198461606233031,0.0
1.318,1.318,1.318,1.318,1.295,0.023,1.78,5,610.0,-0.0009999999999998,-0.0169999999999999,-0.0679999999999998,1.3004,1.3115,1.33745,1.3056921716497432,1.3137445785030808,1.3323436664701374,0.0230000000000001,0.0200714285714286,0.0230000000000001,0.0,0.0068799817907754,0.0086853490433,0.7921364767812913,44.20067818741028,1.3155,1.3473076923076923,1.317710869711715,1.340389625016591,-0.0226787553048759,-0.0211004480784478,-0.0204126795596176,-0.1666666666666666
1.303,1.303,1.297,1.303,1.318,-0.015,-1.14,324,42224.0,-0.0230000000000001,-0.0150000000000001,-0.082,1.2958,1.31,1.33335,1.3047947810998288,1.311791018775248,1.3295490315682197,0.0210000000000001,0.0190714285714286,0.0,0.0150000000000001,0.0063885545200057,0.0091363955402071,0.6992423316056324,41.150241999027344,1.31275,1.3437307692307692,1.3154476589868358,1.33762002316351,-0.0221723641766742,-0.0213731347710671,-0.0207646164830289,63.8
1.296,1.318,1.296,1.318,1.303,0.015,1.15,6,780.0,0.0390000000000001,0.01,-0.0779999999999998,1.3036,1.311,1.32945,1.3091965207332192,1.3129199244524756,1.3284491237998175,0.022,0.0195714285714286,0.0150000000000001,0.0,0.0070036577685767,0.0084837958587638,0.8255335094304487,45.2214930685117,1.3113333333333332,1.3411538461538464,1.315840326835015,1.336166688114361,-0.020326361279346,-0.0214672996056585,-0.0206769654422924,-0.9814814814814816
1.317,1.317,1.317,1.317,1.318,-0.001,-0.08,10,1317.0,0.0329999999999999,-0.0150000000000001,-0.078,1.3101999999999998,1.3095,1.32555,1.3117976804888127,1.313661756370207,1.327358731056978,0.0010000000000001,0.0186428571428572,0.0,0.0010000000000001,0.0065033964993927,0.0079492390117092,0.8181156070176289,44.99799703934318,1.31125,1.3386538461538462,1.3160187380911663,1.3347469334392232,-0.0187281953480566,-0.0214648416062314,-0.0202872114234452,0.6666666666666667
1.303,1.303,1.303,1.303,1.317,-0.014,-1.06,1,130.0,0.008,-0.0330000000000001,-0.078,1.3118,1.3062,1.32165,1.3088651203258752,1.3117232552119875,1.3250388519086942,0.014,0.0177142857142857,0.0,0.014,0.0060388681780075,0.0083814362251586,0.7205051754591463,41.87753607116393,1.3108333333333333,1.3358076923076925,1.3140158553079102,1.3323953087400215,-0.0183794534321113,-0.0213601192743523,-0.0199056598251784,-0.9
1.302,1.317,1.302,1.317,1.303,0.014,1.07,19,2447.0,-0.0010000000000001,-0.002,-0.0629999999999999,1.3116,1.3059999999999998,1.3185,1.311576746883917,1.3126826633552624,1.3242732469650091,0.0149999999999999,0.0175,0.014,0.0,0.006607520451007,0.0077827622090758,0.8489942610994418,45.91654387259244,1.309583333333333,1.3343461538461538,1.3144749544913086,1.33125491550002,-0.0167799610087113,-0.0211144237804373,-0.019280520061885,18.0
1.313,1.314,1.313,1.314,1.317,-0.003,-0.23,30,3942.0,0.0110000000000001,-0.012,-0.0269999999999999,1.3138,1.3047999999999995,1.31715,1.3123844979226114,1.312922179108851,1.3232948424921511,0.004,0.017,0.0,0.0029999999999998,0.0061355547045065,0.0074411363369989,0.8245453955734097,45.19182682841801,1.3077500000000002,1.3315769230769232,1.3144018845695689,1.3299767736111294,-0.0155748890415605,-0.0203710823421544,-0.0185393938578201,0.5789473684210527
1.3,1.3,1.3,1.3,1.314,-0.014,-1.07,14,1820.0,-0.018,0.0210000000000001,-0.0409999999999999,1.3101999999999998,1.3069,1.3151000000000002,1.3082563319484075,1.3105726919981506,1.3210762860643273,0.014,0.0162857142857143,0.0,0.014,0.0056973007970417,0.0079096265986419,0.72029959012477,41.87059011462812,1.3061666666666667,1.3283076923076924,1.3121862100204045,1.327756271862157,-0.0155700618417526,-0.0194147262091796,-0.0179455274546066,-0.5333333333333333
1.301,1.309,1.301,1.309,1.3,0.009,0.69,51,6668.0,-0.008,0.0249999999999999,-0.0350000000000001,1.3086,1.3094,1.31335,1.3085042212989386,1.3102867479984868,1.3199261635820103,0.0089999999999998,0.0165,0.0089999999999998,0.0,0.0059332078829673,0.0073446532701675,0.8078268183287604,44.6849670631368,1.30475,1.3249615384615387,1.3116960238634188,1.326366918390886,-0.0146708945274671,-0.0183201039956173,-0.0172906008691787,2.642857142857143
1.301,1.31,1.301,1.301,1.309,-0.008,-0.61,57,7405.0,-0.002,0.006,-0.0350000000000001,1.3082,1.31,1.3116,1.3060028141992923,1.3085982483623984,1.318123671812295,0.0090000000000001,0.0159285714285714,0.0,0.008,0.0055094073198982,0.0073914637508698,0.745374327141887,42.705700178509225,1.3065833333333332,1.3213461538461535,1.3100504817305851,1.3244878873989685,-0.0144374056683833,-0.0174043984804515,-0.0167199618290196,0.1176470588235294
1.294,1.308,1.294,1.308,1.301,0.007,0.54,15,1956.0,-0.0089999999999998,-0.01,-0.0269999999999999,1.3064,1.309,1.31025,1.3066685427995284,1.3084894759328711,1.3171595125920763,0.014,0.0164285714285714,0.0070000000000001,0.0,0.0056158782256198,0.0068635020543791,0.8182234347896357,45.00125887357195,1.3085833333333332,1.3185384615384614,1.3097350230028029,1.323266562406452,-0.0135315394036492,-0.0164443068390042,-0.0160822773439456,-0.736842105263158
1.284,1.309,1.284,1.309,1.308,0.001,0.08,13,1672.0,-0.0050000000000001,0.006,-0.0090000000000001,1.3054,1.3096,1.3098,1.3074456951996856,1.308582298490531,1.316382416154736,0.0249999999999999,0.0147857142857143,0.0009999999999998,0.0,0.0052861726380755,0.0063732519076377,0.8294309898123648,45.33819501425606,1.30975,1.3158076923076925,1.3096219425408333,1.3222097800059742,-0.0125878374651409,-0.0155844708596481,-0.0153833893681846,-0.1333333333333333
1.308,1.308,1.308,1.308,1.309,-0.001,-0.08,10,1308.0,0.008,-0.01,0.0,1.307,1.3086,1.3098,1.307630463466457,1.3084764260377073,1.3155840908066658,0.0009999999999998,0.0145,0.0,0.0009999999999998,0.0049085888782129,0.0059894481999493,0.8195394157102,45.04103668401812,1.3089166666666667,1.3145384615384617,1.3093724129191666,1.3211572037092354,-0.0117847907900687,-0.0148129814643161,-0.0146636696525614,-0.2307692307692307
1.292,1.307,1.292,1.307,1.308,-0.001,-0.08,17,2187.0,-0.002,-0.01,-0.0250000000000001,1.3066,1.3076,1.30855,1.3074203089776382,1.3082079849399422,1.314766558348888,0.016,0.0134285714285714,0.0,0.0010000000000001,0.004557975386912,0.0056330590428101,0.8091474547439274,44.725345776663445,1.30925,1.3132307692307692,1.309007426316218,1.3201085219529958,-0.0111010956367778,-0.0140042750426124,-0.0139511548494047,0.7
1.315,1.324,1.315,1.324,1.307,0.017,1.3,31,4077.0,0.0230000000000001,0.0210000000000001,-0.012,1.3112,1.3097,1.30795,1.312946872651759,1.3110792604054071,1.315645933744232,0.0170000000000001,0.013,0.0170000000000001,0.0,0.005446691430704,0.0052306976826093,1.0412934872555917,51.01145395097273,1.30975,1.3124615384615386,1.3113139761137227,1.3203967795861071,-0.0090828034723844,-0.0131490353163538,-0.0129774845740006,0.8235294117647058
1.335,1.339,1.335,1.339,1.324,0.015,1.13,37,4969.0,0.0309999999999999,0.022,0.02,1.3174,1.3119,1.30895,1.321631248434506,1.3161557585135149,1.3178701305304958,0.0149999999999999,0.0125714285714285,0.0149999999999999,0.0,0.0061290706142251,0.0048570764195658,1.2618847398684816,55.78908233590429,1.311583333333333,1.312576923076923,1.3155733644039191,1.3217747959130624,-0.0062014315091432,-0.0121075400349741,-0.0116222739610292,0.1935483870967742
1.339,1.339,1.339,1.339,1.339,0.0,0.0,1,134.0,0.03,0.0249999999999999,0.0129999999999999,1.3234,1.3143999999999998,1.3096,1.3274208322896708,1.320309256965603,1.319882499051401,0.0,0.0109999999999999,0.0,-0.0,0.0056912798560662,0.0045101423895968,1.2618847398684814,55.78908233590428,1.3145833333333332,1.3127307692307693,1.3191774621879315,1.3230507369565394,-0.0038732747686078,-0.0108078970268469,-0.0100724741225449,-0.972972972972973
1.331,1.336,1.331,1.336,1.339,-0.003,-0.22,352,46887.0,0.028,0.036,0.0570000000000001,1.329,1.318,1.31245,1.3302805548597807,1.3231621193354932,1.3214174991417438,0.008,0.0114999999999999,0.0,0.0029999999999998,0.0052847598663472,0.0044022750760542,1.200461074114429,54.55497887403221,1.3161666666666665,1.313423076923077,1.3217655449282495,1.3240099416264253,-0.0022443966981755,-0.0094271750458145,-0.008506858637671,351.0
1.336,1.336,1.336,1.336,1.336,0.0,0.0,5,619.0,0.0290000000000001,0.0270000000000001,0.052,1.3348,1.3207,1.3150499999999998,1.3321870365731874,1.3254962794563123,1.322806308747292,0.0,0.0104999999999999,0.0,-0.0,0.004907277018751,0.004087826856336,1.200461074114429,54.55497887403221,1.318,1.3145000000000002,1.3239554610931346,1.324898094098542,-0.0009426330054074,-0.0079277558610394,-0.0069940135112183,-0.9857954545454546
1.34,1.34,1.34,1.34,1.336,0.004,0.3,3,402.0,0.016,0.0390000000000001,0.0450000000000001,1.338,1.3246,1.3173,1.3347913577154582,1.3281333195551648,1.3244438031523118,0.004,0.0097142857142857,0.004,0.0,0.0048424715174116,0.0037958392237406,1.275731460680677,56.05808430046939,1.3213333333333332,1.3148076923076923,1.3264238516941906,1.326016753794946,0.0004070978992445,-0.0063790183829401,-0.0055137912291257,-0.4
1.351,1.351,1.351,1.351,1.34,0.011,0.82,50,6755.0,0.012,0.0429999999999999,0.0329999999999999,1.3404,1.3289,1.3189499999999998,1.3401942384769725,1.332290897817862,1.3269729647568536,0.0109999999999998,0.0102142857142857,0.0109999999999998,0.0,0.0052822949804536,0.0035247078506163,1.4986476055114877,59.97834997643479,1.3248333333333335,1.3153846153846152,1.330204797587392,1.32786736462495,0.0023374329624421,-0.0047206550020976,-0.0039435463908121,15.666666666666668
1.349,1.349,1.349,1.349,1.351,-0.002,-0.15,71,9578.0,0.01,0.04,0.046,1.3424,1.3329,1.32125,1.3431294923179815,1.3353289163964326,1.329070777637153,0.002,0.0093571428571428,0.0,0.002,0.0049049881961355,0.0034158001470008,1.4359704856978337,58.94859950597761,1.3288333333333335,1.3165384615384617,1.3330963671893317,1.3294327450231018,0.0036636221662298,-0.0030041646736199,-0.0024221126794037,0.4199999999999999
1.336,1.349,1.336,1.349,1.349,0.0,0.0,55,7364.0,0.0129999999999999,0.0409999999999999,0.0309999999999999,1.345,1.3370000000000002,1.3228,1.345086328211988,1.3378145679607176,1.330968798814567,0.0129999999999999,0.0096428571428571,0.0,-0.0,0.0045546318964115,0.003171814422215,1.4359704856978337,58.94859950597761,1.3322500000000002,1.317423076923077,1.3355430799294343,1.3308821713176868,0.0046609086117475,-0.0012528308682282,-0.0010055084211735,-0.2253521126760563
1.32,1.32,1.32,1.32,1.349,-0.029,-2.15,10,1320.0,-0.016,0.0130000000000001,0.0030000000000001,1.3418,1.3382999999999998,1.32295,1.3367242188079922,1.3345755556042234,1.329924151308418,0.0289999999999999,0.0110714285714285,0.0,0.0289999999999999,0.0042293010466678,0.0050166848206282,0.8430469917658142,45.74202369946602,1.3331666666666666,1.319,1.3331518368633677,1.3300760845534136,0.0030757523099538,9.811977425375516e-05,-0.000189256274948,-0.8181818181818181
1.307,1.328,1.307,1.328,1.32,0.008,0.61,26,3422.0,-0.012,0.004,0.0250000000000001,1.3394,1.3387,1.3241999999999998,1.333816145871995,1.3333800000398193,1.3297408988028545,0.0210000000000001,0.0115714285714285,0.008,0.0,0.0044986366861916,0.0046583501905834,0.9657145775097292,49.12791452832116,1.334833333333333,1.3206923076923078,1.3323592465766956,1.32992230051242,0.0024369460642754,0.0010579395046336,0.0003359841928966,1.6
1.31,1.327,1.31,1.327,1.328,-0.001,-0.08,8,1060.0,-0.024,-0.012,0.01,1.3346,1.3375,1.3247,1.3315440972479968,1.3322200000325797,1.32947986082163,0.018,0.0110714285714285,0.0,0.0010000000000001,0.0041773054943207,0.0043970394626845,0.9500268373234816,48.71865448926054,1.3365,1.3219230769230768,1.3315347471033578,1.3297058338077965,0.0018289132955613,0.0016915159562079,0.0006345700134295,-0.6923076923076923
1.327,1.327,1.327,1.327,1.327,0.0,0.0,1,133.0,-0.022,-0.012,0.0129999999999999,1.3302,1.3363,1.3253499999999998,1.3300293981653313,1.331270909117565,1.3292436836005224,0.0,0.0109999999999999,0.0,-0.0,0.0038789265304407,0.0040829652153499,0.9500268373234816,48.71865448926054,1.33675,1.3222692307692308,1.330837093702841,1.3295054016738856,0.0013316920289556,0.0020888591481114,0.0007739944165348,-0.875
1.302,1.302,1.302,1.302,1.327,-0.025,-1.88,1,130.0,-0.0469999999999999,-0.034,0.002,1.3208,1.3329,1.32545,1.3206862654435545,1.325948925641644,1.3266490470671393,0.0249999999999999,0.0116428571428571,0.0,0.0249999999999999,0.0036018603496949,0.0055770391285392,0.6458373819296412,39.24065579142681,1.3336666666666666,1.322230769230769,1.326400617748558,1.327467964512857,-0.0010673467642989,0.0020750020637901,0.000405726180368,0.0
1.323,1.34,1.323,1.339,1.302,0.037,2.84,13,1725.0,0.0189999999999999,0.0029999999999998,0.03,1.3245999999999998,1.3332000000000002,1.32695,1.3267908436290363,1.328321848252254,1.3278253282988404,0.038,0.0131428571428571,0.0369999999999999,0.0,0.0059874417532881,0.0051786791907864,1.156171589841018,53.62150189198376,1.3336666666666668,1.3230384615384614,1.3283389842487798,1.328322189363757,1.6794885023152517e-05,0.0020316350622099,0.000327939921299,12.0
1.338,1.343,1.338,1.343,1.339,0.004,0.3,3,402.0,0.0149999999999999,0.0029999999999998,0.042,1.3276,1.3335,1.32905,1.3321938957526909,1.3309906031154803,1.3292705351275222,0.0049999999999998,0.0124285714285714,0.004,0.0,0.0058454816280533,0.0048087735343017,1.2155867990781015,54.86523026693892,1.33425,1.3240384615384615,1.330594525133583,1.329409434596071,0.0011850905375119,0.0019035970149955,0.0004993700445416,-0.7692307692307692
1.332,1.355,1.332,1.354,1.343,0.011,0.82,12,1575.0,0.0270000000000001,0.0030000000000001,0.046,1.3330000000000002,1.3338,1.33135,1.3394625971684606,1.3351741298217568,1.3316257222582344,0.0229999999999999,0.0140714285714285,0.0110000000000001,0.0,0.0062136615117637,0.004465289710423,1.3915472264340816,58.1860651152162,1.33575,1.326,1.334195367420724,1.3312309579593251,0.0029644094613987,0.0018259067144587,0.000992377927913,3.0
1.354,1.354,1.33,1.348,1.354,-0.006,-0.44,24,3240.0,0.0210000000000001,-0.0009999999999998,0.0390000000000001,1.3372000000000002,1.3337,1.3333,1.3423083981123072,1.3375061062178009,1.3331851772812595,0.024,0.0152142857142856,0.0,0.006,0.0057698285466378,0.0045749118739642,1.2611890033278748,55.77547924882602,1.3364166666666666,1.3271923076923076,1.3363191570483048,1.3324731092215971,0.0038460478267074,0.001735366627232,0.0015631119076719,1.0
1.321,1.321,1.321,1.321,1.348,-0.027,-2.0,111,14663.0,0.0189999999999999,-0.028,0.0129999999999999,1.341,1.3309,1.33395,1.335205598741538,1.3345049959963826,1.3320246842068542,0.0270000000000001,0.0171428571428571,0.0,0.0270000000000001,0.0053576979361636,0.0061767038829667,0.8674040455360584,46.44972509348188,1.3339166666666664,1.3274615384615382,1.333962363656258,1.3316232492792568,0.0023391143770012,0.0016535179680151,0.0017183124015378,3.625
1.316,1.321,1.314,1.316,1.321,-0.005,-0.38,70,9239.0,-0.0229999999999999,-0.004,0.0090000000000001,1.3363999999999998,1.3305000000000002,1.3344,1.328803732494359,1.3311404512697675,1.3304985238062013,0.0069999999999998,0.0173571428571428,0.0,0.0049999999999998,0.0049750052264377,0.006092653605612,0.8165580301258494,44.95083650420344,1.3311666666666666,1.3280769230769232,1.3311989230937569,1.3304659715548677,0.0007329515388894,0.0014641852429722,0.0015212402290081,-0.3693693693693693
1.323,1.323,1.323,1.323,1.316,0.007,0.53,1,132.0,-0.02,-0.0050000000000001,-0.0010000000000001,1.3324000000000005,1.3299999999999998,1.33435,1.3268691549962393,1.329660369220719,1.329784378681801,0.0069999999999998,0.0170714285714285,0.0069999999999998,0.0,0.0051196477102635,0.005657464062354,0.904936850475253,47.504821498386406,1.329,1.3286153846153843,1.329937550310102,1.3299129366248774,2.4613685224439408e-05,0.0012637075084903,0.0012219149202513,-0.9857142857142858
1.31,1.31,1.262,1.309,1.323,-0.014,-1.06,7,846.0,-0.0450000000000001,-0.018,-0.03,1.3234,1.3282,1.33285,1.320912769997493,1.3259039384533151,1.327804914045439,0.0609999999999999,0.0212857142857142,0.0,0.014,0.0047539585881018,0.0062533594864715,0.760224739739739,43.18907254150645,1.3280833333333335,1.3289230769230769,1.3267163887239324,1.3283638302082197,-0.0016474414842873,0.0009326926736855,0.0006480436393436,6.0
1.269,1.269,1.258,1.26,1.309,-0.049,-3.74,997,125607.0,-0.088,-0.0669999999999999,-0.0789999999999999,1.3058,1.3215,1.3289,1.300608513331662,1.313921404189076,1.3213473031839689,0.0509999999999999,0.0239999999999999,0.0,0.0489999999999999,0.0044143901175231,0.0093066909517236,0.4743243479795182,32.172320061698365,1.3224166666666666,1.3270769230769233,1.3164523289202503,1.3232998427853886,-0.0068475138651382,0.0002904518847034,-0.0008510678615527,141.42857142857142
1.225,1.276,1.225,1.276,1.26,0.016,1.27,10,1235.0,-0.0449999999999999,-0.026,-0.06,1.2968,1.3189,1.3259,1.2924056755544415,1.3070266034274258,1.317028512404543,0.0509999999999999,0.0255714285714285,0.016,0.0,0.0052419336805572,0.0086419273123147,0.606569980412525,37.75559034513852,1.3181666666666667,1.3258076923076922,1.3102288937017503,1.3197961507272116,-0.0095672570254612,-0.000774442772017,-0.0025943056943344,-0.9899699097291876
1.24,1.24,1.196,1.239,1.276,-0.037,-2.9,35,4237.0,-0.0769999999999999,-0.0999999999999998,-0.0969999999999999,1.2814,1.3089,1.32105,1.2746037837029611,1.2946581300769846,1.3095972255088726,0.08,0.0297857142857142,0.0,0.0369999999999999,0.0048675098462317,0.0106675039328637,0.4562932319374386,31.332510646251546,1.3108333333333333,1.323153846153846,1.2992706023630196,1.313811250673344,-0.0145406483103243,-0.0025217470884433,-0.0049835742175324,2.5
1.23,1.23,1.193,1.195,1.239,-0.044,-3.55,106,12836.0,-0.1279999999999999,-0.1479999999999999,-0.145,1.2558,1.2940999999999998,1.3138,1.2480691891353075,1.2765384700629874,1.298683204031837,0.046,0.0317857142857142,0.0,0.044,0.0045198305715008,0.0130483965090877,0.3463897321293836,25.72730048836236,1.3019166666666668,1.318846153846154,1.2832289712302474,1.3050104172901331,-0.0217814460598857,-0.0052712865908082,-0.008343148586003,2.0285714285714285
1.205,1.212,1.205,1.212,1.195,0.017,1.42,543,65781.0,-0.0969999999999999,-0.1420000000000001,-0.139,1.2364000000000002,1.2799,1.30685,1.2360461260902051,1.2648042027788078,1.2904276607907097,0.0169999999999999,0.0329999999999999,0.0169999999999999,0.0,0.0054112712449651,0.01211636818701,0.4466083533815458,30.87278960733002,1.2913333333333334,1.3145384615384614,1.2722706679640554,1.2981207567501232,-0.0258500887860677,-0.008570857325561,-0.011844536626016,4.122641509433962
1.233,1.233,1.233,1.233,1.212,0.021,1.73,11,1356.0,-0.0269999999999999,-0.1149999999999999,-0.1159999999999998,1.231,1.2684,1.30105,1.2350307507268037,1.259021620455388,1.284958359763023,0.0210000000000001,0.0327142857142856,0.0210000000000001,0.0,0.0065247518703247,0.0112509133165093,0.5799308631016185,36.706091174340095,1.282166666666667,1.3104615384615386,1.266229026738816,1.2932969969908548,-0.0270679702520386,-0.0118383111732321,-0.0148892233512205,-0.9797421731123388
1.213,1.213,1.212,1.213,1.233,-0.02,-1.62,14,1698.0,-0.0629999999999999,-0.1079999999999998,-0.1359999999999999,1.2184,1.2576,1.29425,1.2276871671512024,1.2506540530998629,1.2781051826427352,0.0210000000000001,0.0314999999999999,0.0,0.02,0.0060586981653015,0.0118758480796158,0.5101697263794532,33.782277413450494,1.2704166666666667,1.3056153846153846,1.2580399457020752,1.2873490712878284,-0.0293091255857531,-0.0151763197426368,-0.017773203798127,0.2727272727272727
1.218,1.218,1.218,1.218,1.213,0.005,0.41,235,28623.0,-0.0210000000000001,-0.098,-0.102,1.2142000000000002,1.2478,1.28915,1.224458111434135,1.2447169525362516,1.272380879533903,0.0049999999999998,0.0314999999999999,0.0049999999999998,0.0,0.00598307686778,0.0110275732167861,0.5425560774035578,35.17253507676637,1.2595833333333333,1.3010769230769232,1.2518799540556025,1.2822121030442857,-0.0303321489886831,-0.018549293373071,-0.0202849928362382,15.785714285714285
1.215,1.215,1.215,1.215,1.218,-0.003,-0.25,234,28431.0,0.02,-0.1079999999999998,-0.1129999999999999,1.2182,1.237,1.2835,1.221305407622757,1.239313870256933,1.2669160338640075,0.0029999999999998,0.0300714285714285,0.0,0.0029999999999998,0.0055557142343671,0.0104541751298728,0.5314349688376363,34.701765314984094,1.25075,1.296423076923077,1.2462061149701251,1.277233428744709,-0.0310273137745837,-0.0218137236275484,-0.0224334570239073,-0.0042553191489361
1.223,1.226,1.223,1.226,1.215,0.011,0.91,597,73142.0,0.014,-0.0829999999999999,-0.1009999999999999,1.221,1.2287,1.27845,1.2228702717485047,1.2368931665738545,1.2630192687341022,0.0109999999999998,0.0291428571428571,0.0109999999999998,0.0,0.0059445917890552,0.0097074483348818,0.612374290748932,37.97966106644445,1.24325,1.2920384615384617,1.2430974818977982,1.2734383599488046,-0.0303408780510063,-0.0244240974259782,-0.0240149412293271,1.551282051282051
1.254,1.256,1.254,1.256,1.226,0.03,2.45,305,38287.0,0.0229999999999999,-0.004,-0.0709999999999999,1.2256,1.2283,1.2749,1.2339135144990032,1.240367136287699,1.262350766949902,0.03,0.0293571428571428,0.03,0.0,0.0076628352326941,0.0090140591681046,0.8500981732856077,45.94881426080811,1.2376666666666667,1.2883846153846157,1.2450824846827524,1.2721466295822266,-0.0270641448994741,-0.0263681960786463,-0.0246247819633565,-0.4891122278056952
1.262,1.262,1.262,1.262,1.256,0.006,0.48,516,65119.0,0.0489999999999999,-0.014,-0.04,1.2353999999999998,1.2269,1.2729,1.2432756763326689,1.24430038423539,1.2623173605737208,0.006,0.0292857142857142,0.006,0.0,0.0075440612875016,0.0083701977989542,0.901300240293507,47.40441415788028,1.23375,1.2850384615384616,1.2476851793469443,1.2713950273909504,-0.0237098480440061,-0.0273869960490554,-0.0244417951794865,0.6918032786885246
1.268,1.268,1.268,1.268,1.262,0.006,0.48,1,127.0,0.05,0.0289999999999999,-0.0709999999999999,1.2454,1.2298,1.26935,1.2515171175551123,1.248609405283501,1.2628585643286043,0.006,0.0292142857142857,0.006,0.0,0.0074337711955372,0.0077723265276004,0.9564409278404756,48.88677773144919,1.2344166666666667,1.281923076923077,1.250810536370491,1.2711435438805097,-0.0203330075100183,-0.0272260584324035,-0.0236200376455928,-0.998062015503876
1.268,1.272,1.268,1.272,1.268,0.004,0.32,248,31500.0,0.0569999999999999,0.0769999999999999,-0.0709999999999999,1.2568,1.2375000000000005,1.2658,1.2583447450367418,1.2528622406865009,1.26372917724969,0.004,0.0251428571428571,0.004,0.0,0.0071885018244274,0.0072171603470575,0.9960291137716324,49.90053035296504,1.2340833333333334,1.2800769230769231,1.254070453851954,1.271206985074546,-0.0171365312225919,-0.026257885369795,-0.0223233363609926,247.0
1.278,1.295,1.278,1.294,1.272,0.022,1.73,889,114582.0,0.068,0.082,-0.06,1.2704,1.2456999999999998,1.2628,1.2702298300244943,1.260341833288955,1.2666121127497194,0.0229999999999999,0.0231428571428571,0.022,0.0,0.0082464659798255,0.0067016488936962,1.2305129842869462,55.16726389648516,1.2386666666666666,1.2787692307692309,1.2602134609516535,1.2728953565505057,-0.0126818955988519,-0.0246594326305521,-0.0203950482085645,2.5846774193548385
1.266,1.267,1.266,1.267,1.294,-0.027,-2.09,183,23127.0,0.0109999999999998,0.0339999999999998,-0.0810000000000001,1.2726,1.2491,1.25875,1.2691532200163298,1.2615524090545995,1.2666490543926032,0.028,0.0214999999999999,0.0,0.0270000000000001,0.0076574326955522,0.0081515311155751,0.939385814392736,48.43728398038625,1.2446666666666668,1.2764615384615383,1.2612575438821685,1.2724586634726902,-0.0112011195905217,-0.0226474319644152,-0.0185562624849559,-0.7941507311586051
1.274,1.305,1.274,1.305,1.267,0.038,3.0,935,119270.0,0.0429999999999999,0.0919999999999998,-0.016,1.2812,1.2583,1.25795,1.2811021466775534,1.2694519710446723,1.2703015254028316,0.038,0.0184999999999999,0.038,0.0,0.0098247589315842,0.007569278893034,1.2979781919022575,56.4834860694564,1.2524166666666667,1.2756153846153848,1.267987152515681,1.2748691328450836,-0.0068819803294026,-0.0200418576689396,-0.0162214060538453,4.109289617486339
1.282,1.282,1.282,1.282,1.305,-0.023,-1.76,21,2678.0,0.014,0.064,-0.034,1.284,1.2647,1.25625,1.281401431118369,1.2717334308547317,1.271415665840657,0.0229999999999999,0.0168571428571428,0.0,0.0229999999999999,0.009122990436471,0.0086714732578173,1.0520692580406363,51.268701283755725,1.2565000000000002,1.274846153846154,1.2701429752055762,1.2753973452269292,-0.0052543700213529,-0.017178197251914,-0.0140279988473468,-0.9775401069518715
1.29,1.29,1.276,1.281,1.282,-0.001,-0.08,29,3665.0,0.0089999999999998,0.0659999999999998,-0.042,1.2858,1.2713,1.25415,1.2812676207455795,1.2734182616084169,1.272328459570118,0.014,0.0166428571428571,0.0,0.0010000000000001,0.0084713482624374,0.0081235108822589,1.0428186021068968,51.048027516068615,1.2621666666666669,1.2726153846153847,1.2718132867124106,1.275812356691601,-0.0039990699791905,-0.0142513296883789,-0.0120222130737155,0.3809523809523809
1.33,1.402,1.301,1.39,1.281,0.109,8.51,2241,296440.0,0.0959999999999998,0.1639999999999999,0.0809999999999999,1.305,1.2876999999999998,1.2582,1.31751174716372,1.294614941315977,1.2835352729443923,0.121,0.0237857142857142,0.1089999999999999,0.0,0.0156519662436919,0.0075432601049547,2.0749604316853696,67.47925632812435,1.2765,1.2744230769230769,1.2899958579874242,1.2842707006403713,0.0057251573470529,-0.0106080738832092,-0.0084727389895618,76.27586206896552
1.339,1.341,1.325,1.341,1.39,-0.049,-3.53,790,105383.0,0.074,0.0849999999999999,0.0809999999999999,1.3198,1.2962,1.26225,1.325341164775813,1.3030485883494358,1.2890081040925456,0.0649999999999999,0.0269285714285713,0.0,0.0489999999999999,0.0145339686548567,0.0105044558117436,1.383600342114649,58.04665814434168,1.287,1.273923076923077,1.297842649066282,1.2884728709633066,0.0093697781029753,-0.0069325598668779,-0.0049042355710544,-0.6474788041053101
1.343,1.343,1.32,1.32,1.341,-0.021,-1.57,114,15137.0,0.0150000000000001,0.058,0.044,1.3228000000000002,1.302,1.26445,1.323560776517209,1.306130663194993,1.2919597132265888,0.0229999999999999,0.0282142857142856,0.0,0.0209999999999999,0.0134958280366527,0.0112541375394762,1.1991881198637606,54.52867396983074,1.2948333333333333,1.272846153846154,1.301251472286854,1.2908082138549135,0.0104432584319404,-0.0035129747622158,-0.0018347367704554,-0.8556962025316456
1.33,1.33,1.319,1.319,1.32,-0.001,-0.08,188,24865.0,0.0369999999999999,0.0509999999999999,0.0799999999999998,1.3302,1.3071,1.26845,1.3220405176781391,1.308470542614085,1.2945349786335802,0.0110000000000001,0.0287857142857142,0.0,0.0010000000000001,0.0125318403197489,0.0105216991437993,1.1910472014526434,54.359723545115344,1.3000833333333337,1.2727692307692309,1.3039820150119534,1.2928964943101051,0.0110855207018483,-0.0003771912150558,0.0007493147240053,0.6491228070175439
1.317,1.32,1.3,1.314,1.319,-0.005,-0.38,412,54177.0,0.0330000000000001,0.042,0.119,1.3367999999999998,1.3113,1.2744,1.3193603451187597,1.309475898502433,1.296388790192287,0.02,0.0294285714285714,0.0,0.0049999999999998,0.0116367088683383,0.0101272920620994,1.1490444629209169,53.467691466893626,1.3044166666666668,1.2726923076923078,1.3055232434716528,1.294459716953801,0.0110635265178518,0.0022611890201334,0.0028121570827746,1.1914893617021276
1.385,1.385,1.298,1.316,1.314,0.002,0.15,39,5171.0,-0.0739999999999998,0.022,0.104,1.322,1.3135,1.2796,1.3182402300791731,1.310662098774718,1.2982565244596882,0.0869999999999999,0.0334999999999999,0.002,0.0,0.0109483725205998,0.0094039140576637,1.1642357058418071,53.794311899542514,1.3084166666666666,1.2724230769230769,1.3071350521683216,1.2960552934757417,0.0110797586925799,0.0047368421627002,0.0044656774047356,-0.9053398058252428
1.316,1.438,1.297,1.304,1.316,-0.012,-0.91,1666,217203.0,-0.0369999999999999,0.0370000000000001,0.0709999999999999,1.3146,1.3172,1.28315,1.313493486719449,1.3094508080884055,1.298803522130194,0.141,0.0431428571428571,0.0,0.012,0.0101663459119855,0.0095893487678306,1.0601706286969763,51.46033119438834,1.3110833333333332,1.2722307692307693,1.3066527364501184,1.2966437902553165,0.010008946194802,0.0066136117765008,0.0055743311627489,41.71794871794872
1.31,1.316,1.304,1.304,1.304,0.0,0.0,1819,238447.0,-0.016,-0.0009999999999998,0.0909999999999999,1.3114,1.3171,1.2877,1.3103289911462994,1.3084597520723316,1.2992984247844614,0.012,0.0435714285714285,0.0,-0.0,0.0094401783468437,0.0089043952844141,1.0601706286969763,51.46033119438834,1.3119166666666666,1.273923076923077,1.3062446231501,1.2971886946808484,0.0090559284692517,0.0082036449421235,0.0062706506240495,0.0918367346938775
1.305,1.305,1.293,1.294,1.304,-0.01,-0.77,166,21511.0,-0.0249999999999999,0.012,0.076,1.3064,1.3183,1.2915,1.304885994097533,1.3058307062409984,1.298793812900227,0.012,0.0441428571428571,0.0,0.01,0.0087658798934977,0.0089826527640988,0.9758676110171516,49.3893217124394,1.3141666666666667,1.2746153846153847,1.3043608349731617,1.2969524950748597,0.007408339898302,0.0094711349285116,0.0064981884789,-0.908741066520066
1.259,1.265,1.205,1.225,1.294,-0.069,-5.33,1036,127664.0,-0.0889999999999999,-0.0559999999999998,0.01,1.2886,1.3127,1.292,1.2782573293983557,1.2911342141971804,1.291765830719253,0.0889999999999999,0.0488571428571428,0.0,0.0689999999999999,0.0081397456153907,0.0132696061380918,0.6134127517187412,38.01957999063061,1.3075,1.274076923076923,1.2921514757465211,1.29162268062487,0.0005287951216512,0.0088937613479114,0.0053043098074502,5.240963855421687
1.213,1.251,1.213,1.251,1.225,0.026,2.12,603,73169.0,-0.0650000000000001,-0.139,0.0249999999999999,1.2756,1.2988,1.29325,1.269171552932237,1.2838370843431477,1.2878833706507529,0.0379999999999998,0.0495714285714285,0.0259999999999998,0.0,0.0094154780714342,0.0123217771282281,0.7641331257213103,43.314935510259474,1.3049166666666665,1.2762307692307693,1.2858204794778256,1.288613593171176,-0.0027931136933503,0.0075423289260974,0.0036848251072901,-0.4179536679536679
1.264,1.264,1.263,1.263,1.251,0.012,0.96,4020,508126.0,-0.0410000000000001,-0.078,0.0069999999999998,1.2674,1.291,1.2936,1.2671143686214914,1.2800485235534842,1.2855135258268715,0.0130000000000001,0.0477857142857142,0.012,0.0,0.0096000867806175,0.0114416501904975,0.8390473944563159,45.624022359922186,1.303416666666667,1.2781923076923078,1.282309636481237,1.2867162899733111,-0.0044066534920741,0.005892338712318,0.0020665293874172,5.666666666666667
1.257,1.262,1.257,1.259,1.263,-0.004,-0.32,4048,508856.0,-0.0450000000000001,-0.0610000000000001,-0.0030000000000001,1.2584,1.2849,1.29345,1.2644095790809944,1.2762215192710324,1.2829884281290744,0.006,0.0465714285714285,0.0,0.004,0.0089143662962877,0.0109101037483191,0.8170743837024582,44.966479690148574,1.2925,1.2791923076923075,1.2787235385610465,1.2846632314567694,-0.0059396928957229,0.0040006483125879,0.0004652849307892,0.0069651741293532
1.254,1.263,1.251,1.262,1.259,0.003,0.24,65,8162.0,-0.032,-0.0569999999999999,-0.006,1.252,1.2792,1.29315,1.2636063860539963,1.273635788494481,1.2809895302120198,0.012,0.0464285714285714,0.0030000000000001,0.0,0.0084919115608386,0.0101308106234391,0.8382262660394886,45.599732825354046,1.2859166666666668,1.281076923076923,1.2761506864747316,1.282984473571083,-0.0068337870963512,0.0020120579110098,-0.0009945294746388,-0.9839426877470356
1.267,1.277,1.267,1.277,1.262,0.015,1.19,46,5802.0,0.0519999999999998,-0.0370000000000001,0.0049999999999998,1.2624,1.2755,1.2934,1.2680709240359975,1.2742474633136662,1.280609574953732,0.0149999999999999,0.0388571428571428,0.0149999999999999,0.0,0.0089567750207787,0.0094071812931935,0.9521210170850312,48.77366765441461,1.282333333333333,1.2833461538461537,1.2762813500940036,1.282541179232484,-0.0062598291384805,8.543704089198418e-05,-0.0020475894074072,-0.2923076923076922
1.299,1.299,1.28,1.295,1.277,0.018,1.41,442,56770.0,0.044,-0.0210000000000001,0.0009999999999998,1.2712,1.2734,1.29345,1.2770472826906651,1.2780206518020905,1.2819800916248052,0.022,0.0357857142857142,0.018,0.0,0.0096027196621516,0.0087352397722511,1.0993080799746568,52.365257413191486,1.280333333333333,1.2864230769230771,1.2791611423872338,1.2834640548448928,-0.004302912457659,-0.0015047694760481,-0.0024986540174575,8.608695652173912
1.265,1.288,1.264,1.264,1.295,-0.031,-2.39,22,2796.0,0.0010000000000001,-0.04,-0.0029999999999998,1.2714,1.2694,1.2933,1.2726981884604436,1.2754714423835285,1.2802677019462525,0.0309999999999999,0.0363571428571428,0.0,0.0309999999999999,0.0089168111148551,0.0103255797885189,0.8635651747875485,46.339413639557705,1.276166666666667,1.2878846153846153,1.276828658943044,1.2820222730045303,-0.0051936140614865,-0.0030880519794635,-0.0030376460262633,-0.9502262443438914
1.274,1.293,1.274,1.293,1.264,0.029,2.29,45,5790.0,0.034,-0.0110000000000001,-0.012,1.2782,1.2683,1.2927,1.279465458973629,1.2786584528592504,1.2814803017608951,0.0289999999999999,0.0376428571428571,0.0289999999999999,0.0,0.0103513246066511,0.0095880383750532,1.0796081744503505,51.91401859803208,1.27425,1.2893076923076925,1.2793165575671912,1.2828354379671578,-0.0035188803999666,-0.00430218756816,-0.003133892901004,1.0454545454545454
1.279,1.279,1.279,1.279,1.293,-0.014,-1.08,49,6267.0,0.0169999999999999,-0.0150000000000001,-0.0030000000000001,1.2816,1.2668,1.29255,1.2793103059824191,1.2787205523393868,1.2812440825455718,0.014,0.0372142857142856,0.0,0.014,0.0096119442776046,0.0099031784911209,0.9705918444489958,49.25382428548447,1.272166666666667,1.2899615384615382,1.279267856403008,1.282551331451072,-0.0032834750480641,-0.0047257731425728,-0.003163809330416,0.0888888888888888
1.277,1.277,1.263,1.266,1.279,-0.013,-1.02,81,10234.0,-0.0109999999999998,0.0409999999999999,-0.0149999999999999,1.2794,1.2709,1.2917999999999998,1.274873537321613,1.2764077246413164,1.279792265160279,0.016,0.0321428571428571,0.0,0.0129999999999999,0.0089253768292043,0.0101243800274693,0.881572679511047,46.85296981140989,1.269,1.2898846153846155,1.2772266477256222,1.2813253068991408,-0.0040986591735185,-0.0048708337514804,-0.0033507792990365,0.653061224489796
1.276,1.276,1.275,1.276,1.266,0.01,0.79,41,5231.0,-0.0189999999999999,0.0250000000000001,-0.1139999999999998,1.2756,1.2734,1.2860999999999998,1.2752490248810755,1.2763335928883497,1.2794310970497764,0.01,0.0227857142857142,0.01,0.0,0.0090021356271183,0.0094012100255073,0.9575507410954304,48.91575584700258,1.2674999999999998,1.2900384615384617,1.2770379326909111,1.2809308397214263,-0.0038929070305153,-0.0048137508113072,-0.0034592048453323,-0.4938271604938271
1.273,1.273,1.272,1.272,1.276,-0.004,-0.31,34,4326.0,0.008,0.0090000000000001,-0.0689999999999999,1.2772,1.2743,1.2826499999999998,1.2741660165873838,1.2755456669086498,1.2787233735212264,0.004,0.0222142857142856,0.0,0.004,0.0083591259394669,0.0090154093093996,0.927204262456682,48.11136424505095,1.2714166666666666,1.2891923076923075,1.2762628661230786,1.280269296038358,-0.0040064299152793,-0.0045989438134801,-0.0035686498593217,-0.1707317073170732
1.292,1.292,1.268,1.268,1.272,-0.004,-0.31,23,2921.0,-0.0249999999999999,0.0090000000000001,-0.052,1.2722,1.2752,1.28005,1.2721106777249225,1.2741737274707134,1.2777020998525384,0.024,0.0230714285714285,0.0,0.004,0.0077620455152193,0.0086571657872996,0.8966035427676018,47.274167876921766,1.2728333333333337,1.2892307692307692,1.2749916559502974,1.2793604592947758,-0.0043688033444784,-0.0043250567299387,-0.003728680556353,-0.3235294117647058
1.282,1.282,1.265,1.265,1.268,-0.003,-0.24,20,2532.0,-0.014,0.0029999999999998,-0.054,1.2694,1.2755,1.27735,1.269740451816615,1.2725057770214927,1.2764923760570583,0.0170000000000001,0.0179285714285714,0.0,0.0030000000000001,0.0072076136927036,0.0082530825167782,0.8733238372512119,46.618946488860566,1.273,1.2876923076923077,1.27345447811179,1.278296721569237,-0.0048422434574468,-0.0041675472098238,-0.0039513931365718,-0.1304347826086956
1.26,1.26,1.26,1.26,1.265,-0.005,-0.4,40,5040.0,-0.006,-0.0169999999999999,-0.054,1.2682,1.2738,1.27465,1.2664936345444102,1.2702319993812212,1.2749216735754336,0.0049999999999998,0.0155714285714285,0.0,0.0049999999999998,0.0066927841432248,0.0080207194798655,0.834436880634686,45.48735851549082,1.2730833333333331,1.2868461538461538,1.2713845584022838,1.2769414088604043,-0.0055568504581207,-0.0043068736543196,-0.0042724846008816,1.0
1.229,1.252,1.229,1.25,1.26,-0.01,-0.79,207,25781.0,-0.026,-0.0449999999999999,-0.066,1.263,1.2693,1.27135,1.26099575636294,1.266553454039181,1.2725481808539638,0.0309999999999999,0.0168571428571428,0.0,0.01,0.0062147281329945,0.0081620966598751,0.7614131995699229,43.22740398197504,1.2720833333333332,1.285653846153846,1.268094626340394,1.274945748944819,-0.0068511226044249,-0.0044910412702016,-0.0047882122015902,4.175
1.27,1.27,1.258,1.269,1.25,0.019,1.52,83,10522.0,-0.0030000000000001,0.0049999999999998,-0.0350000000000001,1.2624,1.2697999999999998,1.2696,1.263663837575293,1.2669982805775115,1.272210258867872,0.02,0.0178571428571428,0.0189999999999999,0.0,0.0071279618377806,0.0075790897555983,0.9404772957749308,48.46628702240758,1.2714166666666666,1.281,1.2682339145957182,1.2745053230970549,-0.0062714085013364,-0.0047968777259094,-0.0050848514615395,-0.5990338164251208
1.271,1.271,1.238,1.238,1.269,-0.031,-2.44,10,1241.0,-0.03,-0.0549999999999999,-0.066,1.2564,1.2643,1.2662999999999998,1.2551092250501956,1.2617258659270547,1.2689521389756937,0.0329999999999999,0.0193571428571428,0.0,0.0309999999999999,0.0066188217065105,0.0092520119159127,0.7153926915211497,41.70431033414073,1.2666666666666666,1.2770384615384616,1.2635825431194538,1.2718012250898654,-0.0082186819704115,-0.0053452340506146,-0.0057116175633139,-0.8795180722891567
1.359,1.359,1.202,1.225,1.238,-0.013,-1.05,211,26059.0,-0.0399999999999998,-0.0539999999999998,-0.0689999999999999,1.2483999999999995,1.2589,1.26285,1.2450728167001306,1.2550484357584992,1.2647662209780086,0.157,0.0294999999999999,0.0,0.0129999999999999,0.006146048727474,0.0095197253504903,0.6456119794629884,39.232333473512426,1.2634166666666666,1.2733846153846151,1.2576467672549223,1.2683344676758013,-0.0106877004208787,-0.0060773497447658,-0.0067068341348268,20.1
1.185,1.257,1.18,1.257,1.225,0.032,2.61,352,43252.0,-0.0030000000000001,-0.0090000000000001,0.0319999999999998,1.2478,1.258,1.26445,1.2490485444667536,1.2554032656205902,1.264026580884865,0.0769999999999999,0.0334285714285714,0.0319999999999998,0.0,0.0079927595326545,0.0088397449683125,0.9041844036571008,47.48407779837709,1.2604166666666667,1.271,1.2575472646003192,1.2674948774775938,-0.0099476128772746,-0.0067500948388501,-0.0073549898833164,0.6682464454976302
1.245,1.258,1.242,1.248,1.257,-0.009,-0.72,199,24729.0,-0.002,-0.028,-0.0029999999999998,1.2474,1.2552,1.2643,1.2486990296445024,1.2540572173259374,1.262500239848211,0.016,0.0323571428571428,0.0,0.0089999999999998,0.0074218481374648,0.0088511917562901,0.8385139924451972,45.60824643656836,1.2578333333333334,1.2684615384615383,1.2560784546618085,1.2660508124792536,-0.009972357817445,-0.0074129757168686,-0.0078784634701421,-0.4346590909090909
1.27,1.27,1.208,1.237,1.248,-0.011,-0.88,20,2455.0,-0.0319999999999998,-0.0349999999999999,-0.0259999999999998,1.241,1.2517,1.263,1.244799353096335,1.2509559050848578,1.260071645576953,0.062,0.0347142857142857,0.0,0.0109999999999998,0.0068917161276459,0.0090046780594123,0.7653484202516584,43.35395842949544,1.2554166666666666,1.2654230769230768,1.253143307790761,1.2638989004437533,-0.0107555926529923,-0.0081226189733701,-0.0084538893067121,-0.8994974874371859
1.237,1.237,1.226,1.235,1.237,-0.002,-0.16,44,5366.0,-0.0029999999999998,-0.0329999999999999,-0.0239999999999998,1.2404,1.2484,1.2618,1.2415329020642234,1.2480548314330655,1.2576838698077193,0.0110000000000001,0.0345,0.0,0.002,0.0063994506899569,0.0085043439123114,0.7524919918505094,42.93839831221884,1.252,1.2627692307692309,1.2503520296691053,1.2617582411516235,-0.0114062114825181,-0.0088519487539336,-0.0090443537418733,1.2000000000000002
1.228,1.234,1.222,1.234,1.235,-0.001,-0.08,146,17888.0,0.0089999999999998,-0.0309999999999999,-0.028,1.2422,1.2453,1.2604,1.2390219347094824,1.2454994075361443,1.2554282631593652,0.0130000000000001,0.0342857142857143,0.0,0.0010000000000001,0.0059423470692457,0.0079683193471463,0.7457466010538193,42.71791797295493,1.2488333333333337,1.260076923076923,1.247836332796935,1.259702075140392,-0.0118657423434569,-0.0095529367411932,-0.0096086314621901,2.3181818181818183
1.226,1.234,1.22,1.234,1.234,0.0,0.0,79,9697.0,-0.0229999999999999,-0.026,-0.0429999999999999,1.2376,1.2427,1.25825,1.2373479564729883,1.2434086061659362,1.253387476191807,0.014,0.0345714285714285,0.0,-0.0,0.0055178937071567,0.007399153679493,0.7457466010538194,42.717917972954936,1.246,1.2577692307692308,1.245707666212791,1.2577982177225853,-0.0120905515097942,-0.0101350955084564,-0.0101050154717109,-0.458904109589041
1.248,1.248,1.234,1.236,1.234,0.002,0.16,13,1561.0,-0.012,-0.014,-0.0589999999999999,1.2352,1.2413,1.2553,1.236898637648659,1.2420615868630385,1.2517315260783013,0.014,0.0352857142857143,0.002,0.0,0.005266615585217,0.0068706427023863,0.7665389998213357,43.39213569011847,1.2435833333333333,1.2581923076923078,1.244214179103131,1.2561835349283197,-0.0119693558251887,-0.0107682007666622,-0.0104778835424064,-0.8354430379746836
1.256,1.256,1.252,1.255,1.236,0.019,1.54,105,13178.0,0.0179999999999997,-0.014,-0.0090000000000001,1.2388,1.2399,1.25485,1.242932425099106,1.2444140256152132,1.2520428093089393,0.02,0.035,0.0189999999999999,0.0,0.0062475716148443,0.0063798825093587,0.9792612333659236,49.47609829656472,1.2431666666666668,1.2583461538461538,1.2458735361641875,1.25609586567437,-0.0102223295101824,-0.0109908282710812,-0.0104267727359616,7.076923076923077
1.255,1.26,1.255,1.26,1.255,0.005,0.4,20,2469.0,0.0249999999999999,0.022,-0.0329999999999999,1.2438,1.2421000000000002,1.2532,1.2486216167327375,1.2472478391397197,1.2528006369938025,0.0050000000000001,0.0341428571428571,0.0050000000000001,0.0,0.0061584593566412,0.0059241766158331,1.0395468865971853,50.96950177652365,1.244,1.2582307692307693,1.248046838292774,1.256385060809602,-0.0083382225168278,-0.0107297751706311,-0.0100090626921349,-0.8095238095238095
1.257,1.257,1.257,1.257,1.26,-0.003,-0.24,38,4777.0,0.0229999999999999,0.0319999999999998,-0.022,1.2484,1.2453,1.2521,1.2514144111551584,1.2490209592961343,1.253200576327726,0.0030000000000001,0.034,0.0,0.0030000000000001,0.0057185694025954,0.0057153068575593,1.0005708433715546,50.0142670121742,1.243,1.2581538461538462,1.2494242477861932,1.2564306118607425,-0.0070063640745492,-0.0104029697481061,-0.0094085229686177,0.8999999999999999
1.26,1.262,1.257,1.26,1.257,0.003,0.24,178,22362.0,0.026,0.0030000000000001,-0.006,1.2536,1.2456,1.2518,1.254276274103439,1.2510171485150188,1.25384814048699,0.0050000000000001,0.0321428571428571,0.0030000000000001,0.0,0.0055243858738385,0.0053070706534479,1.040948243311859,51.00316711719775,1.2448333333333337,1.258076923076923,1.2510512865883172,1.2566950109821688,-0.0056437243938516,-0.0099220104788179,-0.0086555632536645,3.684210526315789
1.26,1.26,1.25,1.25,1.26,-0.01,-0.79,24,3016.0,0.014,0.002,-0.026,1.2564,1.2458,1.2505000000000002,1.2528508494022927,1.2508322124213789,1.2534816509168003,0.01,0.0314285714285714,0.0,0.01,0.0051297868828501,0.0056422798924874,0.9091691622176236,47.621194612297465,1.246916666666667,1.2570384615384615,1.2508895501901145,1.2561990842427488,-0.0053095340526343,-0.0093168928565559,-0.0079863574134585,-0.8651685393258427
1.252,1.267,1.249,1.267,1.25,0.017,1.36,41,5159.0,0.012,0.0299999999999998,-0.0050000000000001,1.2588,1.2488,1.25025,1.257567232934862,1.2537718101629465,1.2547691127342482,0.0179999999999997,0.0303571428571428,0.0169999999999999,0.0,0.0059776592483608,0.0052392599001668,1.1409358119780275,53.29145346603867,1.24775,1.2559615384615386,1.2533680809300969,1.2569991520766193,-0.0036310711465223,-0.0084529883747786,-0.0071153001600712,0.7083333333333333
1.247,1.248,1.243,1.248,1.267,-0.019,-1.5,38,4735.0,-0.012,0.0129999999999999,-0.02,1.2564,1.2501,1.24925,1.254378155289908,1.2527223901333195,1.2541244353309864,0.0239999999999998,0.0208571428571428,0.0,0.0189999999999999,0.0055506835877636,0.0062221699072978,0.8920816484380114,47.14815817670766,1.24775,1.255346153846154,1.2525422223254663,1.256332548219092,-0.0037903258936253,-0.0075557198803529,-0.0064503053067821,-0.073170731707317
1.253,1.262,1.252,1.262,1.248,0.014,1.12,32,4020.0,0.0050000000000001,0.028,-0.0029999999999998,1.2574,1.2529,1.2491,1.256918770193272,1.2544092282908976,1.2548744891089876,0.014,0.0163571428571428,0.014,0.0,0.0061542061886376,0.0057777291996336,1.0651600267156576,51.57760236186842,1.2498333333333334,1.2541538461538464,1.2539972650446254,1.2567523594621222,-0.0027550944174967,-0.0065184468700976,-0.005711263128925,-0.1578947368421053
1.244,1.244,1.244,1.244,1.262,-0.018,-1.43,24,2986.0,-0.016,0.01,-0.016,1.2542,1.2539,1.2483,1.2526125134621813,1.2525166413289162,1.25383882347956,0.018,0.0165,0.0,0.018,0.0057146200323063,0.0066507485425169,0.8592446392723904,46.21471651028414,1.2505833333333334,1.2528076923076925,1.2524592242685293,1.2558077402427057,-0.0033485159741764,-0.0055605757755407,-0.0052387136979753,-0.25
1.244,1.283,1.244,1.28,1.244,0.036,2.89,475,60077.0,0.03,0.044,0.03,1.2602,1.2583,1.2498,1.261741675641454,1.2575136156327495,1.2563303641005543,0.0389999999999999,0.0148571428571428,0.036,0.0,0.0078778614585702,0.0061756950751943,1.2756234500976071,56.05599863382022,1.2544166666666663,1.253346153846154,1.2566962666887556,1.257599759483987,-0.0009034927952313,-0.0045251494738794,-0.0043716695174265,18.791666666666668
1.268,1.269,1.268,1.268,1.28,-0.012,-0.94,30,3805.0,0.0010000000000001,0.0130000000000001,-0.0009999999999998,1.2604,1.2596,1.24975,1.2638277837609695,1.2594202309722495,1.25744175799574,0.012,0.0149285714285714,0.0,0.012,0.0073151570686723,0.0065917168555376,1.1097498920219826,52.60101665218711,1.25725,1.2530384615384615,1.2584353025827932,1.2583701476703584,6.51549124348616e-05,-0.003591440870628,-0.0034843046314542,-0.936842105263158
1.269,1.281,1.258,1.258,1.268,-0.01,-0.79,33,4180.0,0.01,-0.002,0.02,1.2624,1.2594,1.25075,1.2618851891739795,1.2591620071591132,1.2574949239009077,0.0229999999999999,0.0156428571428571,0.0,0.01,0.0067926458494814,0.0068351656515706,0.993779257993637,49.84399622020787,1.259083333333333,1.2525000000000002,1.258368332954671,1.258342729324406,2.560363026526957e-05,-0.0028101111256486,-0.0027823229791103,0.1
1.258,1.258,1.256,1.256,1.258,-0.002,-0.16,85,10670.0,-0.006,-0.0009999999999998,0.0309999999999999,1.2612,1.2593,1.2523,1.25992345944932,1.2585870967665471,1.2573525501960592,0.002,0.0147857142857142,0.0,0.002,0.0063074568602327,0.0064897966764584,0.9719036165051064,49.28758223120737,1.2591666666666663,1.2520384615384614,1.258003974038568,1.2581691938188946,-0.0001652197803265,-0.0022013883908125,-0.0022589023393535,1.5757575757575757
1.246,1.258,1.235,1.258,1.256,0.002,0.16,77,9594.0,0.014,-0.002,0.0010000000000001,1.264,1.2591,1.25235,1.2592823062995468,1.258480351899902,1.2574142120821488,0.0229999999999999,0.0154285714285714,0.002,0.0,0.0059997813702161,0.0060262397709971,0.9956094676304932,49.88999520094681,1.259,1.2517692307692307,1.2580033626480192,1.258156660943421,-0.0001532982954017,-0.0016284733066756,-0.0018377815305632,-0.0941176470588235
1.236,1.242,1.234,1.242,1.258,-0.016,-1.27,210,25955.0,-0.038,-0.008,-0.006,1.2564,1.2583,1.25205,1.2535215375330313,1.2554839242817382,1.255946191883849,0.024,0.0157142857142856,0.0,0.016,0.0055712255580578,0.0067386512159259,0.8267567766218571,45.258174881428,1.25775,1.251076923076923,1.2555413068560162,1.2569598712439085,-0.0014185643878921,-0.0013826392223833,-0.001753938102029,1.727272727272727
1.229,1.229,1.229,1.229,1.242,-0.013,-1.05,6,692.0,-0.0389999999999999,-0.0379999999999998,-0.008,1.2486000000000002,1.2545000000000002,1.25165,1.2453476916886876,1.250668665321422,1.2533798878949112,0.0129999999999999,0.0162857142857142,0.0,0.0129999999999999,0.0051732808753394,0.0071858904147883,0.7199220384286676,41.85782973549156,1.2551666666666668,1.250269230769231,1.2514580288781676,1.2548887696702855,-0.0034307407921179,-0.0013426853222158,-0.0020892986400467,-0.9714285714285714
1.218,1.218,1.218,1.218,1.229,-0.011,-0.9,1,122.0,-0.04,-0.03,-0.0170000000000001,1.2406,1.2515,1.2508,1.2362317944591252,1.2447289079902544,1.2500103747620623,0.0110000000000001,0.0168571428571428,0.0,0.0110000000000001,0.0048037608128152,0.007458326813732,0.6440802250674595,39.17571753781248,1.2525000000000002,1.2483076923076923,1.246310639819988,1.2521562682132272,-0.005845628393239,-0.0016860779861872,-0.0028405645906852,-0.8333333333333334
1.2,1.213,1.198,1.213,1.218,-0.005,-0.41,137,16452.0,-0.0429999999999999,-0.0489999999999999,-0.0209999999999999,1.232,1.2466,1.24975,1.2284878629727505,1.23896001562839,1.2464855771656755,0.02,0.0179285714285713,0.0,0.0049999999999998,0.0044606350404712,0.0072827320413226,0.6124947362008354,37.98429368172211,1.248,1.2473461538461537,1.2411859260015283,1.2492558039011363,-0.008069877899608,-0.0022106737556796,-0.0038864272524698,136.0
1.215,1.215,1.186,1.186,1.213,-0.027,-2.23,17,2019.0,-0.072,-0.058,-0.048,1.2176,1.2408,1.24735,1.2143252419818336,1.2293309218777737,1.2407250460070398,0.0290000000000001,0.0192857142857142,0.0,0.0270000000000001,0.0041420182518661,0.0086911083240852,0.4765811329709902,32.27598689494791,1.2428333333333332,1.2458461538461536,1.2326957835397547,1.2445701887973484,-0.0118744052575936,-0.0034296640292754,-0.0054840228534945,-0.8759124087591241
1.191,1.191,1.191,1.191,1.186,0.005,0.42,1,119.0,-0.0509999999999999,-0.0889999999999999,-0.0449999999999999,1.2074,1.2319,1.2451,1.2065501613212226,1.222361663354542,1.235989327339703,0.0050000000000001,0.0183571428571428,0.0050000000000001,0.0,0.0042033026624471,0.0080703148723649,0.5208350267522386,34.24664855756827,1.2369166666666669,1.2433076923076922,1.2262810476105617,1.2406020266642117,-0.0143209790536498,-0.0050281233588404,-0.0072514140935256,-0.9411764705882352
1.213,1.213,1.213,1.213,1.191,0.022,1.85,1,121.0,-0.016,-0.0549999999999999,-0.0419999999999998,1.2042,1.2264,1.243,1.208700107547482,1.2206595427446252,1.2337998675930644,0.022,0.0182142857142857,0.022,0.0,0.0054744953294152,0.0074938638100531,0.7305304003618416,42.21424831422164,1.2343333333333333,1.2419615384615386,1.224237809516629,1.238557432096492,-0.0143196225798629,-0.0066220373821879,-0.008665055790793,0.0
1.213,1.223,1.21,1.222,1.213,0.009,0.74,44,5355.0,0.004,-0.036,-0.038,1.205,1.2228,1.2411,1.213133405031655,1.2209032622456024,1.2326760706794393,0.0130000000000001,0.0181428571428571,0.0089999999999998,0.0,0.0057263170915998,0.0069585878236207,0.82291367684719,45.142767169889005,1.2295,1.2413846153846153,1.2238935311294552,1.2373309556449,-0.0134374245154447,-0.0080967267972011,-0.0096195295357234,43.0
1.216,1.22,1.216,1.216,1.222,-0.006,-0.49,60,7302.0,0.0029999999999998,-0.04,-0.0409999999999999,1.2056,1.2188,1.23905,1.2140889366877698,1.2200117600191291,1.2310878734718738,0.006,0.0172857142857143,0.0,0.006,0.0053172944421998,0.0068901172647907,0.7717277134558861,43.55791849925822,1.2251666666666667,1.240653846153846,1.2226791417249236,1.2357508848563887,-0.013071743131465,-0.0095321095567637,-0.0103099722548717,0.3636363636363635
1.188,1.188,1.188,1.188,1.216,-0.028,-2.3,24,2851.0,0.002,-0.07,-0.072,1.206,1.2117999999999998,1.23545,1.2053926244585134,1.214191440015651,1.2269842664745525,0.028,0.0165,0.0,0.028,0.0049374876963284,0.0083979660315913,0.5879385172260346,37.02526960887017,1.2193333333333334,1.2388846153846154,1.2173438891518584,1.232213782274434,-0.0148698931225756,-0.0110267016383952,-0.0112219564284125,-0.6
1.196,1.196,1.185,1.185,1.188,-0.003,-0.25,24,2846.0,-0.006,-0.0569999999999999,-0.0649999999999999,1.2048,1.2061,1.2322,1.1985950829723424,1.2088839054673508,1.2229857649055471,0.0109999999999998,0.0164285714285714,0.0,0.0029999999999998,0.0045848100037335,0.0080123970293348,0.5722145304267535,36.39544854425399,1.2134166666666666,1.237,1.212367906205419,1.2287164650689204,-0.0163485588635017,-0.0124620147574378,-0.0122472769154303,0.0
1.189,1.196,1.189,1.19,1.185,0.005,0.42,47,5560.0,-0.0230000000000001,-0.0390000000000001,-0.0769999999999999,1.2002000000000002,1.2022,1.22835,1.195730055314895,1.2054504681096505,1.2198442634859714,0.0109999999999998,0.0155714285714285,0.0049999999999998,0.0,0.0046144664320382,0.0074400829558109,0.6202170673963059,38.279874954841496,1.20775,1.2352307692307691,1.2089266898661235,1.2258485787675188,-0.0169218889013953,-0.0136927103694552,-0.0131821993126233,0.9583333333333331
1.185,1.185,1.185,1.185,1.19,-0.005,-0.42,14,1659.0,-0.0369999999999999,-0.0329999999999999,-0.0629999999999999,1.1928,1.1989,1.2252,1.19215337020993,1.201732201180623,1.216525762201593,0.0049999999999998,0.0157857142857142,0.0,0.0049999999999998,0.0042848616868926,0.0072657913161101,0.5897309047938183,37.0962722694445,1.203,1.2325384615384616,1.2052456606559503,1.222822758118073,-0.0175770974621225,-0.0147490680986235,-0.0140611789425232,-0.7021276595744681
1.185,1.185,1.185,1.185,1.185,0.0,0.0,22,2607.0,-0.0309999999999999,-0.028,-0.0769999999999999,1.1866,1.1961,1.22135,1.1897689134732867,1.1986899827841462,1.2135233086585842,0.0,0.0141428571428571,0.0,-0.0,0.0039788001378289,0.0067468062221022,0.5897309047938183,37.0962722694445,1.1993333333333334,1.2296538461538462,1.202130943631958,1.220021072331549,-0.0178901286995909,-0.0154174818144009,-0.0148269688939367,0.5714285714285714
1.148,1.161,1.148,1.161,1.185,-0.024,-2.03,30,3470.0,-0.0269999999999999,-0.0249999999999999,-0.0829999999999999,1.1812,1.1936,1.2172,1.1801792756488578,1.191837258641574,1.208521088786338,0.0370000000000001,0.0150714285714285,0.0,0.024,0.003694600127984,0.0079791772062378,0.4630302138290286,31.648711656965062,1.194583333333333,1.2259615384615383,1.1958031061501184,1.2156491410477306,-0.0198460348976121,-0.0160313769081745,-0.0158307820946718,0.3636363636363635
1.126,1.131,1.102,1.102,1.161,-0.059,-5.08,17370,1960148.0,-0.0829999999999999,-0.0889999999999999,-0.1779999999999999,1.1646,1.1847,1.2083,1.1541195170992389,1.1755032116158333,1.1983762231876391,0.0589999999999999,0.0183571428571428,0.0,0.0589999999999999,0.0034307001188422,0.0116235216915065,0.2951515220511139,22.788956892370894,1.1853333333333331,1.2198846153846152,1.1813718590501003,1.2072306861553062,-0.0258588271052058,-0.0173135107443237,-0.0178363910967786,578.0
1.102,1.11,1.102,1.107,1.102,0.005,0.45,1188,131857.0,-0.0829999999999999,-0.1060000000000001,-0.161,1.148,1.1741,1.20025,1.1384130113994924,1.1630480822311362,1.1896737257411971,0.008,0.0181428571428571,0.0049999999999998,0.0,0.0035427929674964,0.0107932701421132,0.3282409242842099,24.71245376369496,1.17875,1.2143846153846154,1.169930034580854,1.1998061908845428,-0.0298761563036886,-0.0191400364985731,-0.0202443441381606,-0.9316062176165804
1.089,1.138,1.089,1.09,1.107,-0.017,-1.54,2126,233070.0,-0.0949999999999999,-0.1319999999999999,-0.1679999999999999,1.129,1.1609000000000005,1.19185,1.122275340932995,1.1497666127345658,1.1801809899563214,0.0489999999999999,0.0202142857142857,0.0,0.0169999999999999,0.0032897363269609,0.0112366079891051,0.2927695199610628,22.64669111087031,1.1703333333333334,1.207576923076923,1.1576331061837997,1.1916723989671694,-0.0340392927833697,-0.0214697642376736,-0.0230033338672024,0.7895622895622896
1.1,1.1,1.071,1.084,1.09,-0.006,-0.55,41,4397.0,-0.1009999999999999,-0.1319999999999999,-0.1719999999999999,1.1088,1.1477,1.18325,1.1095168939553302,1.1378090467828266,1.1710208956747667,0.0290000000000001,0.0202142857142857,0.0,0.006,0.0030547551607494,0.0108625645613119,0.2812185965392801,21.949306488282648,1.1595833333333334,1.2012692307692308,1.1463049360016766,1.183696665710342,-0.0373917297086654,-0.0239721905250169,-0.025881013035495,-0.9807149576669802
1.087,1.088,1.087,1.088,1.084,0.004,0.37,25,2678.0,-0.0729999999999999,-0.0999999999999998,-0.1699999999999999,1.0942,1.1377000000000002,1.17475,1.1023445959702205,1.1287528564586762,1.1631141437057415,0.004,0.0201428571428571,0.004,0.0,0.0031222726492673,0.0100866670926467,0.3095445324594388,23.63757205553653,1.1484166666666666,1.1945769230769232,1.1373349458475726,1.1766080238058725,-0.0392730779582997,-0.0265193593133278,-0.0285594260200559,-0.3902439024390244
1.067,1.067,1.067,1.067,1.088,-0.021,-1.93,8,854.0,-0.0350000000000001,-0.1180000000000001,-0.175,1.0872,1.1259,1.166,1.090563063980147,1.1175250643752803,1.1539604157337662,0.0210000000000001,0.0200714285714285,0.0,0.0210000000000001,0.0028992531743196,0.0108661908717434,0.2668141217599014,21.061820923596443,1.136,1.187769230769231,1.126514184947946,1.1684889109313632,-0.0419747259834171,-0.0293030078779969,-0.0312424860127282,-0.6799999999999999
1.09,1.103,1.084,1.093,1.067,0.026,2.44,5508,604668.0,-0.014,-0.0969999999999999,-0.1360000000000001,1.0844,1.1162,1.1592,1.0913753759867646,1.113065961761593,1.14815466185436,0.036,0.0217142857142857,0.026,0.0,0.0045493065190111,0.0100900343809046,0.4508712604211432,31.075897133028132,1.128083333333333,1.1805769230769232,1.121358156494416,1.1628971397512622,-0.0415389832568462,-0.0319654396329662,-0.0333017854615518,687.5
1.093,1.093,1.067,1.089,1.093,-0.004,-0.37,27,2852.0,-0.0010000000000001,-0.096,-0.129,1.0842,1.1066,1.15275,1.0905835839911764,1.1086903323503945,1.142520884534897,0.026,0.0231428571428571,0.0,0.004,0.0042243560533674,0.0096550319251257,0.4375289575557232,30.436183929099265,1.120083333333333,1.1736923076923076,1.1163799785721982,1.157423277547465,-0.0410432989752669,-0.0345380141080413,-0.0348500881642948,-0.9950980392156864
1.087,1.1,1.087,1.1,1.089,0.011,1.01,422,46173.0,0.016,-0.0849999999999999,-0.1129999999999999,1.0874,1.0981,1.1471,1.093722389327451,1.10711027192305,1.1384712764839546,0.0130000000000001,0.0220714285714285,0.0110000000000001,0.0,0.0047083306209841,0.0089653867876167,0.5251675953889002,34.43343518290451,1.1125833333333337,1.1676153846153847,1.113859981868783,1.153169701432838,-0.039309719564055,-0.036700645737646,-0.0357420144442468,14.62962962962963
1.087,1.109,1.0,1.089,1.1,-0.011,-1.0,1907,203687.0,0.0009999999999998,-0.072,-0.0969999999999999,1.0876,1.0909,1.14225,1.092148259551634,1.103817495209768,1.1337597263426256,0.1089999999999999,0.0290714285714285,0.0,0.0110000000000001,0.0043720212909138,0.0091107163027869,0.4798767896632233,32.42680694873451,1.1045833333333337,1.1611923076923076,1.1100353692735858,1.1484163902155908,-0.038381020942005,-0.0380920006084015,-0.0362698157437985,3.518957345971564
1.074,1.118,1.066,1.116,1.089,0.027,2.48,23479,2567963.0,0.0490000000000001,0.014,-0.0749999999999999,1.0974,1.0923,1.1385,1.1000988397010896,1.1060324960807193,1.132068323833804,0.052,0.032,0.0270000000000001,0.0,0.0059883054844199,0.0084599508525879,0.7078416398350758,41.44656174933357,1.098833333333333,1.1557307692307697,1.1109530047699572,1.146015176125547,-0.0350621713555898,-0.0386682245030572,-0.0360282868661567,11.312008390141584
1.099,1.101,1.09,1.091,1.116,-0.025,-2.24,3047,335244.0,-0.002,-0.016,-0.1220000000000001,1.097,1.0907,1.1324,1.0970658931340598,1.1032993149751338,1.1281570548972513,0.026,0.0335,0.0,0.0250000000000001,0.0055605693783899,0.0096413829345459,0.5767398117199519,36.57799514117856,1.093,1.1499230769230768,1.1078833117284252,1.1419399778940251,-0.0340566661655998,-0.0386701548788605,-0.0356339627260454,-0.8702244558967588
1.076,1.104,1.076,1.076,1.091,-0.015,-1.37,88,9603.0,-0.0129999999999999,-0.014,-0.1459999999999999,1.0943999999999998,1.0893000000000002,1.1251,1.09004392875604,1.098335803161473,1.1231897163356082,0.028,0.0355,0.0,0.0149999999999999,0.0051633858513621,0.010024141296364,0.5150950788408152,33.99754154273337,1.090833333333333,1.1440384615384616,1.1029781868471291,1.13705553508706,-0.034077348239931,-0.0383018902712234,-0.0353226398288225,-0.9711191335740073
1.067,1.101,1.067,1.101,1.076,0.025,2.32,46,4929.0,0.0009999999999998,0.0169999999999999,-0.1149999999999999,1.0946000000000002,1.091,1.11935,1.0936959525040266,1.0988202025866596,1.1210764100179311,0.034,0.0352857142857143,0.0249999999999999,0.0,0.0065802868619791,0.0093081312037666,0.7069396335234642,41.41562007463614,1.0903333333333334,1.1395384615384616,1.1026738504091094,1.134384754710241,-0.0317109043011316,-0.0374616487537603,-0.0346002927232843,-0.4772727272727273
1.101,1.101,1.101,1.101,1.101,0.0,0.0,1,110.0,0.012,0.0129999999999999,-0.0869999999999999,1.097,1.0923,1.115,1.0961306350026845,1.099216529389085,1.1191643709686043,0.0,0.0310714285714286,0.0,-0.0,0.0061102663718377,0.0086432646892118,0.7069396335234642,41.41562007463614,1.0912499999999998,1.1352307692307693,1.102416334961554,1.13191180991689,-0.0294954749553357,-0.0360750653061957,-0.0335793291696946,-0.9782608695652174
1.11,1.11,1.109,1.109,1.101,0.008,0.73,23,2553.0,-0.0070000000000001,0.042,-0.076,1.0956,1.0965,1.1112,1.1004204233351231,1.1009953422274332,1.118196335638261,0.0090000000000001,0.0311428571428571,0.008,0.0,0.0062452473452779,0.0080258886399824,0.7781378019832027,43.761389084430114,1.0933333333333333,1.1322692307692308,1.1034292065059303,1.130214638811935,-0.0267854323060046,-0.0344357818672133,-0.0322205497969566,22.0
1.062,1.101,1.062,1.101,1.109,-0.008,-0.72,51,5556.0,0.01,0.008,-0.0889999999999999,1.0976,1.0973000000000002,1.10675,1.1006136155567487,1.1009961890951725,1.1165585893869978,0.0469999999999999,0.031,0.0,0.008,0.0057991582491866,0.0080240394514122,0.7227230479488654,41.95236424156308,1.0944166666666668,1.1288076923076924,1.103055482428095,1.1280505914925325,-0.0249951090644375,-0.0326526496548989,-0.0307754616504528,1.2173913043478262
1.072,1.107,1.072,1.107,1.101,0.006,0.54,35,3729.0,0.0309999999999999,0.018,-0.078,1.1038,1.0991,1.10285,1.102742410371166,1.1020877910778684,1.115648247540617,0.0349999999999999,0.0314285714285714,0.006,0.0,0.0058135040885304,0.0074508937763114,0.7802425135912269,43.82787781071852,1.09775,1.124730769230769,1.103662331285311,1.1264912884190117,-0.0228289571337005,-0.030821453829304,-0.0291861607471023,-0.3137254901960784
1.09,1.105,1.09,1.091,1.107,-0.016,-1.45,35,3818.0,-0.01,-0.0090000000000001,-0.094,1.1018,1.0981999999999998,1.09815,1.0988282735807775,1.1000718290637104,1.1133007953938916,0.0169999999999999,0.0323571428571428,0.0,0.016,0.0053982537964925,0.0080615442208605,0.669630240633509,40.106499291689325,1.0975833333333334,1.1196923076923075,1.1017142803183402,1.1238623040916775,-0.0221480237733373,-0.0290177874772298,-0.0277785333523493,0.0
1.1,1.1,1.089,1.091,1.091,0.0,0.0,22,2404.0,-0.01,0.002,-0.07,1.0998,1.0984,1.09465,1.0962188490538518,1.098422405597581,1.111176910118283,0.0110000000000001,0.0316428571428571,0.0,-0.0,0.0050126642396002,0.0074857196336562,0.6696302406335088,40.10649929168932,1.09775,1.1148846153846157,1.100065929500134,1.121428059344146,-0.0213621298440118,-0.02749556064261,-0.0264952526506818,-0.3714285714285714
1.095,1.095,1.083,1.095,1.091,0.004,0.37,22,2397.0,-0.014,-0.0210000000000001,-0.0070000000000001,1.097,1.0963,1.0943,1.0958125660359013,1.0978001500343844,1.1096362520117795,0.012,0.0299285714285714,0.004,0.0,0.0049403310796287,0.0069510253741093,0.7107341455017735,41.54556377860271,1.0973333333333333,1.1113076923076923,1.0992865557308826,1.1194704253186536,-0.0201838695877709,-0.025954138800629,-0.0252329760380996,0.0
1.071,1.11,1.071,1.11,1.095,0.015,1.37,114,12492.0,0.0090000000000001,0.0190000000000001,0.0030000000000001,1.0988000000000002,1.0981999999999998,1.09445,1.1005417106906008,1.1000183045735872,1.1096708946773244,0.0390000000000001,0.0308571428571428,0.0150000000000001,0.0,0.0056588788596553,0.006454523561673,0.8767306843928435,46.71584962530103,1.0990833333333334,1.108423076923077,1.1009347779261316,1.1187689123320868,-0.0178341344059551,-0.0241493372635206,-0.0237532077116707,4.181818181818182
1.08,1.101,1.08,1.082,1.11,-0.028,-2.52,22,2385.0,-0.0249999999999999,0.006,-0.008,1.0938,1.0988,1.09405,1.0943611404604008,1.0967422491965713,1.107035571374722,0.03,0.0320714285714285,0.0,0.028,0.0052546732268227,0.0079934861644106,0.6573694028793262,39.66342094510053,1.0962500000000002,1.1042692307692308,1.0980217351682653,1.1160452891963766,-0.0180235540281112,-0.0226285205665183,-0.0226072769749588,-0.8070175438596492
1.093,1.188,1.084,1.177,1.082,0.095,8.78,544,59673.0,0.086,0.076,0.0929999999999999,1.111,1.1064,1.0987,1.121907426973601,1.1113345675244672,1.1136988502914151,0.1059999999999998,0.0318571428571428,0.0949999999999999,0.0,0.0116650537106211,0.0074225228669527,1.5715753147164293,61.11333025024503,1.1034166666666667,1.1039615384615384,1.1101722374500709,1.120560452959608,-0.0103882155095373,-0.0205054917392074,-0.0201634646818745,23.727272727272727
1.177,1.177,1.063,1.159,1.177,-0.018,-1.53,267,29562.0,0.068,0.058,0.0709999999999999,1.1246,1.1122,1.1022500000000002,1.1342716179824004,1.1200010097927455,1.1180132455017566,0.1140000000000001,0.0362857142857143,0.0,0.018,0.0108318355884339,0.0081780569478846,1.324499897403582,56.97999379922627,1.1103333333333334,1.1029615384615383,1.1176842009192909,1.1234078268144518,-0.0057236258951611,-0.0181652910268914,-0.0172754969245319,-0.5091911764705883
1.135,1.135,1.11,1.13,1.159,-0.029,-2.5,200,22540.0,0.0349999999999999,0.0209999999999999,0.0629999999999999,1.1316000000000002,1.1143,1.1054,1.1328477453216004,1.1218190080122463,1.119154841168256,0.0489999999999999,0.0379285714285714,0.0,0.0290000000000001,0.0100581330464029,0.0096653385944643,1.0406394921501798,50.995753838600834,1.11275,1.1017692307692308,1.1195789392393998,1.1238961359393072,-0.0043171966999073,-0.0158677452086103,-0.014683836879607,-0.2509363295880149
1.146,1.146,1.113,1.113,1.13,-0.017,-1.5,130,14623.0,0.0029999999999998,0.012,0.02,1.1322,1.1155,1.1064,1.1262318302144003,1.1202155520100197,1.1185686658188982,0.0329999999999999,0.0382857142857142,0.0,0.0169999999999999,0.0093396949716598,0.010189242980574,0.916623049373358,47.82489961565728,1.11375,1.1021923076923077,1.1185667947410305,1.123089014758618,-0.0045222200175873,-0.0138336633068199,-0.012651513507203,-0.35
1.113,1.117,1.111,1.111,1.113,-0.002,-0.18,93,10346.0,0.0289999999999999,0.004,0.022,1.138,1.1159,1.1075000000000002,1.1211545534762668,1.118539997099107,1.1178478405028127,0.006,0.0362857142857142,0.0,0.002,0.0086725739022555,0.0096042970533901,0.9029889281896264,47.45108680420271,1.1139166666666669,1.102346153846154,1.1174026724731796,1.1221935321839054,-0.0047908597107257,-0.0119050895220853,-0.0110793827479076,-0.2846153846153846
1.11,1.11,1.104,1.104,1.111,-0.007,-0.63,131,14540.0,-0.0729999999999999,0.0130000000000001,0.004,1.1234000000000002,1.1172,1.1077,1.115436368984178,1.1158963612629056,1.116528998550164,0.0069999999999998,0.0367857142857142,0.0,0.0069999999999998,0.0080531043378087,0.0094182758352908,0.8550508053324652,46.09312062368134,1.1141666666666663,1.1028846153846157,1.1153407228619212,1.1208458631332456,-0.0055051402713244,-0.0101432017917867,-0.0099645342525909,0.4086021505376345
1.123,1.123,1.114,1.114,1.104,0.01,0.91,17,1899.0,-0.0449999999999999,0.0230000000000001,0.0250000000000001,1.1144,1.1195,1.10895,1.1149575793227855,1.1155515683060135,1.1162881415453862,0.0189999999999999,0.0374999999999999,0.01,0.0,0.0081921683136795,0.0087455418470558,0.9367250716932372,48.36644526289313,1.11475,1.1040384615384615,1.115134457806241,1.1203387621604126,-0.0052043043541716,-0.0084788056547201,-0.0090124882729071,-0.8702290076335878
1.112,1.112,1.095,1.095,1.114,-0.019,-1.71,52,5697.0,-0.0349999999999999,0.0,-0.0210000000000001,1.1074,1.1195,1.1079,1.1083050528818572,1.111814919523102,1.1142606994934448,0.0190000000000001,0.0354999999999999,0.0,0.0190000000000001,0.007607013434131,0.0094780031436946,0.80259663547291,44.52447206872486,1.1150833333333334,1.1043076923076922,1.1120368489129733,1.118461816815197,-0.0064249679022236,-0.0072111204876389,-0.0084949841987704,2.0588235294117645
1.095,1.095,1.095,1.095,1.095,0.0,0.0,11,1205.0,-0.018,-0.0150000000000001,0.004,1.1038,1.118,1.1081,1.1038700352545714,1.1087576614279926,1.112426347160736,0.0,0.0329999999999999,0.0,-0.0,0.007063655331693,0.008801002919145,0.80259663547291,44.52447206872486,1.1154166666666667,1.1053846153846154,1.1094157952340544,1.1167239044585158,-0.0073081092244613,-0.0060205155094555,-0.0082576092039086,-0.7884615384615384
1.089,1.107,1.037,1.107,1.095,0.012,1.1,440,46731.0,-0.004,0.0249999999999999,0.0309999999999999,1.103,1.1204999999999998,1.10965,1.1049133568363811,1.108438086622903,1.1119095521930469,0.07,0.0367857142857143,0.012,0.0,0.0074162513794293,0.0081723598534918,0.9074797870361172,47.57480489196579,1.1164166666666666,1.105923076923077,1.109044134428815,1.1160036152393666,-0.0069594808105513,-0.005639544987346,-0.0079979835252371,39.0
1.016,1.085,1.016,1.085,1.107,-0.022,-1.99,45,4727.0,-0.0190000000000001,-0.092,-0.016,1.0992,1.1113,1.10885,1.0982755712242542,1.1041766163278297,1.1093467376984707,0.0909999999999999,0.0424999999999999,0.0,0.022,0.0068865191380414,0.0091600484353852,0.7517994240553196,42.91583920691932,1.1143333333333334,1.1057692307692308,1.1053450368243822,1.1137070511475615,-0.0083620143231795,-0.0059326992571258,-0.0080707896848256,-0.8977272727272727
1.089,1.089,1.088,1.089,1.085,0.004,0.37,21,2287.0,-0.0250000000000001,-0.07,-0.012,1.0942,1.1043,1.10825,1.0951837141495029,1.1014172315409516,1.1074089531557592,0.004,0.0419285714285714,0.004,0.0,0.0066803391996099,0.0085057592614292,0.7853901097228421,43.989831995023394,1.1149166666666666,1.105346153846154,1.1028304157744773,1.111876899210705,-0.009046483436228,-0.0064581755611614,-0.0082659284351061,-0.5333333333333333
1.08,1.095,1.056,1.095,1.089,0.006,0.55,383,41115.0,0.0,-0.0349999999999999,-0.014,1.0942,1.1008,1.10755,1.0951224760996685,1.1002504621698694,1.106227148093306,0.0389999999999999,0.0419285714285714,0.006,0.0,0.0066317435424949,0.0078982050284699,0.8396519865703782,45.64189274384024,1.1080833333333333,1.105576923076923,1.1016257364245576,1.1106267585284308,-0.0090010221038732,-0.0069558202374154,-0.0084129471688595,17.238095238095237
1.07,1.141,1.07,1.098,1.095,0.003,0.27,152,16691.0,0.0030000000000001,-0.0149999999999999,-0.0029999999999998,1.0948,1.0993,1.1074000000000002,1.0960816507331124,1.099841287229893,1.1054436101796576,0.0709999999999999,0.0448571428571428,0.0030000000000001,0.0,0.0063723332894596,0.0073340475264364,0.8688699202575142,46.49172801378233,1.103,1.1048846153846152,1.1010679308207796,1.1096914430818805,-0.0086235122611006,-0.0073816705207904,-0.0084550601873077,-0.6031331592689295
1.073,1.095,1.066,1.095,1.098,-0.003,-0.27,124,13255.0,-0.012,-0.016,-0.012,1.0924,1.0977,1.1068,1.0957211004887415,1.0989610531880942,1.104448980638738,0.032,0.0395714285714285,0.0,0.0030000000000001,0.0059171666259267,0.0070244727031195,0.8423645269913298,45.72192498554842,1.1000833333333333,1.1050384615384616,1.1001344030021982,1.108603188038778,-0.0084687850365798,-0.0077109643835965,-0.0084578051571621,-0.1842105263157895
1.086,1.098,1.086,1.087,1.095,-0.008,-0.73,115,12504.0,0.002,-0.0170000000000001,-0.004,1.0928,1.096,1.1066,1.0928140669924944,1.0967863162448044,1.102787172958858,0.012,0.0322857142857142,0.0,0.008,0.005494511866932,0.0070941532243252,0.7745127139475622,43.64650125411553,1.0979166666666669,1.1054615384615385,1.0981137256172446,1.107002951887757,-0.0088892262705126,-0.0081204001520789,-0.0085440893798322,-0.0725806451612903
1.065,1.095,1.065,1.095,1.087,0.008,0.74,103,10979.0,0.006,-0.0190000000000001,0.004,1.094,1.0941,1.1068,1.0935427113283298,1.0964615314730215,1.1020455374389668,0.03,0.0309285714285714,0.008,0.0,0.0056734753050083,0.0065874279940163,0.8612580373040568,46.2728982248774,1.0965833333333332,1.1052307692307692,1.0976346909068992,1.106113844340516,-0.0084791534336168,-0.0083486429889003,-0.0085311021905892,-0.1043478260869564
1.089,1.09,1.05,1.09,1.095,-0.005,-0.46,11,1192.0,-0.0049999999999998,-0.0049999999999998,-0.0049999999999998,1.093,1.0936,1.10655,1.09236180755222,1.095286707568836,1.1008983433971604,0.0449999999999999,0.0317857142857142,0.0,0.0049999999999998,0.0052682270689362,0.006474040280158,0.8137464150605656,44.86550094895115,1.0954166666666667,1.1048076923076922,1.0964601230750686,1.1049202262412186,-0.0084601031661499,-0.0084766423157546,-0.0085169023857013,-0.8932038834951457
1.1,1.15,1.05,1.088,1.09,-0.002,-0.18,29,3106.0,-0.01,-0.0069999999999998,-0.022,1.091,1.0929,1.10545,1.09090787170148,1.0939618516472294,1.099669929740288,0.0999999999999998,0.0384999999999999,0.0,0.002,0.0048919251354408,0.0061544659744324,0.79485777576209,44.28527911770593,1.09325,1.104,1.0951585656789042,1.1036668761492765,-0.0085083104703722,-0.0086487345001792,-0.0085151840026355,1.6363636363636362
1.096,1.096,1.096,1.096,1.088,0.008,0.74,2,219.0,0.0010000000000001,-0.0109999999999998,0.014,1.0912000000000002,1.0918,1.10615,1.092605247800987,1.094332424075006,1.0993204126221654,0.008,0.0385714285714285,0.008,0.0,0.0051139304829093,0.0057148612619729,0.8948477046919296,47.22531011205552,1.0933333333333335,1.1038076923076925,1.0952880171129191,1.1030989593974785,-0.0078109422845591,-0.0085875042736658,-0.0083743356590202,-0.9310344827586208
1.035,1.088,1.035,1.088,1.096,-0.008,-0.73,48,5010.0,0.0010000000000001,0.0030000000000001,-0.0889999999999999,1.0914,1.0920999999999998,1.1017,1.0910701652006578,1.093181074243187,1.0982422780867211,0.0610000000000001,0.0415714285714285,0.0,0.008,0.0047486497341301,0.0058780854575463,0.8078565322717021,44.68587622141521,1.09275,1.103076923076923,1.0941667837109317,1.101980517960628,-0.0078137342496962,-0.0084505321418289,-0.0082622153771554,23.0
1.037,1.07,1.037,1.07,1.088,-0.018,-1.65,57,6090.0,-0.0249999999999999,-0.0189999999999999,-0.0889999999999999,1.0864,1.0901999999999998,1.09725,1.0840467768004385,1.088966333471698,1.095552537316557,0.0510000000000001,0.0438571428571428,0.0,0.018,0.0044094604674065,0.006743936496293,0.6538407456580138,39.53468599528729,1.0896666666666668,1.1022692307692308,1.090448816986173,1.0996115907042852,-0.0091627737181121,-0.008468504543411,-0.0084423270453467,0.1875
1.066,1.066,1.066,1.066,1.07,-0.004,-0.37,2,213.0,-0.024,-0.0289999999999999,-0.0639999999999998,1.0816,1.0873000000000002,1.09405,1.0780311845336257,1.0847906364768438,1.0927380099530757,0.004,0.0441428571428571,0.0,0.004,0.0040944990054489,0.0065479410322721,0.6253109160984838,38.47331054660767,1.0880833333333333,1.1013076923076923,1.0866874605267618,1.0971218432447083,-0.0104343827179467,-0.0086697123719495,-0.0088407381798667,-0.9649122807017544
1.065,1.065,1.065,1.065,1.066,-0.001,-0.09,1000,106500.0,-0.0230000000000001,-0.0330000000000001,-0.048,1.077,1.084,1.09165,1.0736874563557506,1.0811923389355995,1.0900962947194492,0.0010000000000001,0.0392142857142857,0.0,0.0010000000000001,0.0038020347907739,0.0061516595299669,0.6180502630636351,38.19722274222876,1.0860833333333333,1.1001538461538465,1.0833509281380291,1.094742447448804,-0.0113915193107749,-0.0089944606246378,-0.0093508944060484,499.0
1.058,1.058,1.048,1.048,1.065,-0.017,-1.6,600,63180.0,-0.048,-0.0469999999999999,-0.0629999999999999,1.0674,1.0793,1.0885,1.0651249709038335,1.075157368220036,1.0860871237937877,0.0169999999999999,0.0339285714285714,0.0,0.0169999999999999,0.0035304608771472,0.0069265409921121,0.5097004235112031,33.76169308648411,1.0821666666666667,1.0977692307692308,1.0779123238091015,1.091280043934078,-0.0133677201249764,-0.0094920710529116,-0.010154259549834,-0.4
1.04,1.04,1.04,1.04,1.048,-0.008,-0.76,400,41600.0,-0.048,-0.0469999999999999,-0.064,1.0578,1.0746,1.0853,1.056749980602556,1.0687651194527568,1.081697873908665,0.008,0.0342142857142857,0.0,0.008,0.0032782851002081,0.0070032166355327,0.4681113366642004,31.885274977021112,1.0773333333333337,1.0961538461538465,1.0720796586077013,1.087481522161183,-0.015401863553482,-0.0102612610662299,-0.0112037803505636,-0.3333333333333333
1.05,1.05,1.05,1.05,1.04,0.01,0.96,3,315.0,-0.02,-0.0449999999999999,-0.064,1.0538,1.0701,1.0821,1.054499987068371,1.0653532795522556,1.0786790287745065,0.01,0.0321428571428571,0.01,0.0,0.0037584075930504,0.0065029868758518,0.5779509731146664,36.626674907007256,1.0735833333333331,1.0912692307692309,1.0686827880526704,1.0847051131122067,-0.0160223250595363,-0.0111015079432729,-0.0121674892923581,-0.9925
1.055,1.059,1.055,1.059,1.05,0.009,0.86,19,2008.0,-0.0070000000000001,-0.0310000000000001,-0.036,1.0524,1.0670000000000002,1.0803,1.055999991378914,1.0641981378154817,1.0768048355578863,0.0089999999999998,0.0277142857142857,0.0089999999999998,0.0,0.0041328070506897,0.0060384878132909,0.6844109284435781,40.63206411727478,1.07125,1.0874230769230768,1.0671931283522595,1.0828010306594509,-0.0156079023071913,-0.0118903514806972,-0.0128555718953248,5.333333333333333
1.05,1.05,1.031,1.05,1.059,-0.009,-0.85,8,838.0,-0.0149999999999999,-0.038,-0.0449999999999999,1.0494,1.0632,1.07805,1.0539999942526093,1.061616658212667,1.074251994076183,0.028,0.0274285714285714,0.0,0.0089999999999998,0.003837606547069,0.0062500243980559,0.6140146506088394,38.04269374985044,1.0675,1.0843461538461538,1.0645480316826812,1.080371324684677,-0.0158232930019954,-0.0127806126715235,-0.0134491161166589,-0.5789473684210527
1.048,1.05,1.03,1.05,1.05,0.0,0.0,60,6198.0,0.002,-0.046,-0.0569999999999999,1.0497999999999998,1.0586,1.0752,1.052666662835073,1.0595045385376365,1.071942280354642,0.02,0.028,0.0,-0.0,0.0035634917937069,0.005803594083909,0.6140146506088394,38.04269374985044,1.0641666666666667,1.081923076923077,1.0623098729622686,1.0781215969302562,-0.0158117239679875,-0.0136692781957781,-0.0139216376869246,6.5
1.025,1.025,1.025,1.025,1.05,-0.025,-2.38,1,103.0,-0.0150000000000001,-0.0630000000000001,-0.06,1.0468,1.0523000000000002,1.0722,1.0434444418900486,1.053230986076248,1.067471586987533,0.0250000000000001,0.0276428571428571,0.0,0.0250000000000001,0.003308956665585,0.0071747659350584,0.4611936745443221,31.562802561963373,1.0589166666666667,1.0786153846153843,1.056569892506535,1.0741866638243114,-0.0176167713177763,-0.0146086112624074,-0.014660664413095,-0.9833333333333332
1.01,1.02,1.01,1.02,1.025,-0.005,-0.49,37,3741.0,-0.03,-0.05,-0.0689999999999999,1.0408,1.0473,1.06875,1.0356296279266992,1.0471889886078392,1.0629504834649108,0.0149999999999999,0.0255,0.0,0.0049999999999998,0.0030726026180432,0.0070194255111256,0.4377285025923008,30.445838821658825,1.0525833333333334,1.0753846153846154,1.0509437551978371,1.0701728368743624,-0.019229081676525,-0.0155858000355828,-0.015574347865781,36.0
1.02,1.02,1.02,1.02,1.02,0.0,0.0,2,204.0,-0.0389999999999999,-0.046,-0.0749999999999999,1.033,1.0427,1.065,1.030419751951133,1.0422455361336866,1.0588599612301577,0.0,0.0183571428571428,0.0,-0.0,0.0028531310024687,0.0065180379746166,0.4377285025923008,30.445838821658825,1.0469166666666665,1.0717692307692308,1.0461831774750932,1.0664563304392245,-0.0202731529641313,-0.0165726482192891,-0.016514108885451,-0.945945945945946
1.02,1.02,1.02,1.02,1.02,0.0,0.0,3,306.0,-0.03,-0.0449999999999999,-0.078,1.027,1.0382000000000002,1.0611,1.0269465013007553,1.038200893200289,1.055159012541571,0.0,0.0177857142857143,0.0,-0.0,0.0026493359308638,0.0060524638335726,0.4377285025923008,30.445838821658825,1.04275,1.0688846153846154,1.042154996325079,1.0630151207770595,-0.0208601244519808,-0.0174051375889562,-0.017383311998757,0.5
1.02,1.02,1.02,1.02,1.02,0.0,0.0,1027,104754.0,-0.03,-0.028,-0.0749999999999999,1.021,1.0354,1.05735,1.0246310008671702,1.0348916398911456,1.0518105351566596,0.0,0.0134285714285714,0.0,-0.0,0.0024600976500878,0.0056201449883174,0.4377285025923008,30.44583882165882,1.0389166666666667,1.0659999999999998,1.03874653535199,1.0598288155343143,-0.0210822801823244,-0.0180362949921609,-0.0181231056354705,341.3333333333333
1.02,1.02,1.012,1.019,1.02,-0.001,-0.1,42,4233.0,-0.006,-0.0210000000000001,-0.068,1.0197999999999998,1.0333,1.05395,1.0227540005781135,1.0320022508200282,1.0486857222845969,0.008,0.0103571428571428,0.0,0.0010000000000001,0.0022843763893672,0.005290134632009,0.4318181952393355,30.15873081338759,1.0350833333333334,1.0626153846153843,1.0357086068362993,1.056804458828069,-0.0210958519917696,-0.0186000202068535,-0.0187176549067303,-0.9591041869522884
1.016,1.033,1.016,1.029,1.019,0.01,0.98,492,50582.0,0.0089999999999998,-0.0210000000000001,-0.066,1.0215999999999998,1.0312,1.05065,1.0248360003854091,1.0314563870345683,1.0468108915908256,0.0169999999999999,0.0112857142857142,0.01,0.0,0.0028354923615553,0.0049122678725798,0.5772267382613558,36.59757498770642,1.0335,1.0604615384615383,1.0346765134768687,1.054744869285249,-0.0200683558083802,-0.0190956261514301,-0.0189877950870603,10.714285714285714
1.027,1.037,1.027,1.037,1.029,0.008,0.78,88,9104.0,0.0169999999999999,-0.022,-0.0530000000000001,1.025,1.029,1.048,1.0288906669236062,1.0324643166646468,1.045876520963128,0.01,0.0119285714285714,0.008,0.0,0.0032043857643013,0.004561391595967,0.7025017907110964,41.262910532251325,1.03325,1.0584615384615383,1.035033972941966,1.0534304345233787,-0.0183964615814127,-0.0193815337713653,-0.0188695283859308,-0.8211382113821138
1.023,1.029,1.023,1.029,1.037,-0.008,-0.77,9,921.0,0.0089999999999998,-0.0210000000000001,-0.0590000000000001,1.0268,1.0269,1.04505,1.028927111282404,1.0318344409074385,1.044269233252354,0.014,0.0117142857142857,0.0,0.008,0.0029755010668512,0.0048070064819693,0.6189925222718338,38.23319217084704,1.0315,1.055923076923077,1.0341056694124326,1.051620772706832,-0.0175151032943994,-0.0195707981409666,-0.0185986433676245,-0.8977272727272727
1.001,1.001,1.0,1.0,1.029,-0.029,-2.82,269,26907.0,-0.02,-0.05,-0.096,1.0227999999999997,1.0219,1.04025,1.019284740854936,1.0260463607424497,1.0400531157997488,0.0289999999999999,0.0132142857142857,0.0,0.0289999999999999,0.0027629652763618,0.0065350774475429,0.4227899819918276,29.715557977147476,1.0265833333333332,1.0521538461538462,1.0288586433489817,1.0477970117655853,-0.0189383684166037,-0.0197176422630586,-0.0186665883774203,28.88888888888889
1.006,1.006,0.992,0.996,1.0,-0.004,-0.4,388,38576.0,-0.0229999999999999,-0.0289999999999999,-0.092,1.0182,1.019,1.03565,1.0115231605699575,1.0205833860620042,1.0358575809616777,0.014,0.0134999999999999,0.0,0.004,0.0025656106137646,0.0063540004870041,0.4037787877120952,28.7637048833158,1.0220833333333337,1.0483461538461538,1.023803467449138,1.0439601960792455,-0.0201567286301074,-0.01982071414679,-0.0189646164279578,0.4423791821561338
0.997,1.0,0.991,0.994,0.996,-0.002,-0.2,73,7247.0,-0.0349999999999999,-0.026,-0.076,1.0112,1.0164,1.03185,1.0056821070466384,1.0157500431416395,1.031871144679613,0.009,0.0134999999999999,0.0,0.002,0.0023823527127814,0.0060430004522181,0.3942334162670711,28.27599824157092,1.0174166666666666,1.044769230769231,1.0192183186108092,1.040259440814116,-0.0210411222033068,-0.0199060440622539,-0.0193799175830276,-0.8118556701030928
0.98,0.98,0.956,0.959,0.994,-0.035,-3.52,131,12774.0,-0.0779999999999999,-0.061,-0.1070000000000001,0.9956,1.0103,1.0265,0.990121404697759,1.0054318534795232,1.024931035662507,0.038,0.0142142857142857,0.0,0.035,0.0022121846618684,0.008111357562774,0.2727268086443372,21.428542778543022,1.0119166666666666,1.0395384615384615,1.009953961901454,1.0342402229760337,-0.0242862610745795,-0.0202867259092093,-0.020361186281338,0.7945205479452055
0.94,0.94,0.909,0.919,0.959,-0.04,-4.17,553,50988.0,-0.1099999999999998,-0.1009999999999999,-0.1459999999999999,0.9736,1.0002,1.0192,0.966414269798506,0.9897169710287008,1.014842365599411,0.0499999999999999,0.0163571428571428,0.0,0.0399999999999999,0.002054171471735,0.0103891177368615,0.1977233797675243,16.508267527173267,1.0035,1.0329615384615385,0.9959610446858456,1.025703910162994,-0.0297428654771483,-0.0212490131641897,-0.0222375221205,3.221374045801527
0.919,0.927,0.9,0.904,0.919,-0.015,-1.63,344,31494.0,-0.0959999999999999,-0.1159999999999999,-0.144,0.9544,0.9886,1.012,0.945609513199004,0.9741320672053004,1.0042859498280383,0.027,0.0164999999999999,0.0,0.015,0.0019074449380396,0.0107184664699429,0.1779587540240549,15.10738414364047,0.9938333333333332,1.0258846153846155,0.981813191657254,1.0166888057064758,-0.0348756140492217,-0.02278009783724,-0.0247651405062444,-0.3779385171790235
0.892,0.892,0.878,0.878,0.904,-0.026,-2.88,120,10574.0,-0.118,-0.1409999999999999,-0.162,0.9308,0.9745,1.0039,0.923073008799336,0.9566535095316095,0.9922587165110824,0.026,0.0172857142857142,0.0,0.026,0.0017711988710368,0.0118100045792326,0.1499744440532547,13.041545821196486,0.982,1.0174999999999998,0.965841931402292,1.0064155608393297,-0.0405736294370375,-0.0250584615737575,-0.027926838292403,-0.6511627906976745
0.89,0.89,0.879,0.885,0.878,0.007,0.8,310,27470.0,-0.1089999999999999,-0.1439999999999999,-0.165,0.909,0.9601,0.99565,0.9103820058662242,0.9436255987076804,0.982043600652884,0.012,0.0181428571428571,0.007,0.0,0.0021446846659627,0.0109664328235732,0.1955681214179864,16.35775644352541,0.97075,1.0096923076923077,0.9534047111865548,0.9974218155919716,-0.044017104405417,-0.0279051996653135,-0.0311448915150058,1.5833333333333337
0.878,0.878,0.871,0.871,0.885,-0.014,-1.58,32,2792.0,-0.0879999999999999,-0.1659999999999999,-0.1879999999999999,0.8914,0.9435,0.9862499999999998,0.8972546705774829,0.930420944397193,0.9714680196383236,0.014,0.0191428571428571,0.0,0.014,0.0019914929041082,0.0111831161933179,0.1780803194460422,15.11614416322474,0.9584166666666666,1.0020384615384614,0.9407270633117,0.9880572366592332,-0.0473301733475329,-0.0312179852267728,-0.0343819478815112,-0.896774193548387
0.86,0.884,0.86,0.884,0.871,0.013,1.49,1281,110552.0,-0.035,-0.1449999999999999,-0.166,0.8844,0.929,0.97795,0.8928364470516553,0.9219807726886124,0.9631377320537212,0.024,0.0208571428571428,0.013,0.0,0.0027778148395291,0.0103843221795095,0.267500833613418,21.10458837733629,0.9463333333333334,0.9950384615384616,0.9319998228022076,0.9803492932029936,-0.0483494704007858,-0.0344858854472374,-0.0371754523853661,39.03125
0.899,0.936,0.899,0.936,0.884,0.052,5.88,2579,236417.0,0.032,-0.0639999999999999,-0.1139999999999999,0.8907999999999999,0.9226,0.97225,0.9072242980344368,0.9245297231088648,0.9605531861438432,0.052,0.0239999999999999,0.052,0.0,0.0062936852081341,0.0096425848809731,0.6526968946421136,39.49283723821924,0.9379166666666668,0.990076923076923,0.9326152346787911,0.9770641603731424,-0.0444489256943511,-0.0371850184543756,-0.0386301470471631,1.013270882123341
0.925,0.925,0.906,0.911,0.936,-0.025,-2.67,232,21149.0,0.033,-0.0849999999999999,-0.1139999999999998,0.8974,0.9141,0.96655,0.9084828653562912,0.9220697734527076,0.9558338350825246,0.03,0.0249285714285714,0.0,0.025,0.005844136264696,0.0107395431037608,0.5441699156316538,35.240287362356575,0.9280833333333334,0.9848076923076924,0.9292898139589773,0.9721705188640206,-0.0428807049050434,-0.0396116387545686,-0.0394802586187392,-0.9100426521907716
0.905,0.905,0.905,0.905,0.911,-0.006,-0.66,2,181.0,0.02,-0.0889999999999999,-0.1149999999999999,0.9014,0.9052,0.9608,0.9073219102375276,0.918966178279488,0.9509925174556176,0.006,0.0246428571428571,0.0,0.006,0.0054266979600748,0.010401004310635,0.5217474964918609,34.2860755608052,0.9201666666666668,0.9796153846153848,0.92555291950375,0.9671949248740932,-0.0416420053703431,-0.0415400547874312,-0.03991260796906,-0.9913793103448276
0.886,0.909,0.886,0.909,0.905,0.004,0.44,26,2321.0,0.038,-0.0499999999999999,-0.1109999999999999,0.909,0.9002000000000001,0.95525,0.9078812734916852,0.9171541458650354,0.946993230078892,0.023,0.0252857142857142,0.004,0.0,0.0053247909629266,0.0096580754313039,0.551330438533111,35.53920072982205,0.9129166666666668,0.9741923076923076,0.923006316503173,0.9628841896982344,-0.0398778731950614,-0.0426661667560882,-0.0399056610142603,12.0
0.913,0.914,0.913,0.914,0.909,0.005,0.55,61,5575.0,0.03,-0.005,-0.1059999999999999,0.915,0.8996999999999999,0.94995,0.9099208489944568,0.9165806647986652,0.943851017690426,0.005,0.0235714285714285,0.005,0.0,0.0053015916084319,0.0089682129004965,0.591153629742486,37.15251743718543,0.90625,0.9686153846153848,0.9216207293488388,0.9592631386094764,-0.0376424092606375,-0.0429735884462455,-0.0394530106635357,1.3461538461538465
0.904,0.904,0.89,0.89,0.914,-0.024,-2.63,11,983.0,-0.046,-0.014,-0.13,0.9058,0.8983000000000001,0.94345,0.9032805659963048,0.9117478166534534,0.9387223493389568,0.024,0.0242857142857143,0.0,0.024,0.0049229064935439,0.0100419119790324,0.4902359733707032,32.89653330954417,0.9005000000000001,0.9624615384615384,0.9167560017567096,0.9541325357495152,-0.0373765339928054,-0.0426183556191086,-0.0390377153293897,-0.819672131147541
0.903,0.903,0.902,0.902,0.89,0.012,1.35,184,16597.0,-0.009,0.024,-0.1169999999999998,0.904,0.9007,0.9376,0.9028537106642032,0.9099754863528254,0.9352249827352468,0.013,0.0245714285714285,0.012,0.0,0.0054284131725764,0.0093246325519587,0.582158400594155,36.79520333586919,0.8990833333333333,0.9567692307692308,0.9144858476402928,0.9502708664347362,-0.0357850187944434,-0.0417036794401116,-0.0383871760224004,15.727272727272728
0.915,0.915,0.913,0.914,0.902,0.012,1.33,118,10775.0,0.009,0.029,-0.1149999999999998,0.9058,0.9036,0.93185,0.906569140442802,0.9107072161068572,0.9332035558080805,0.013,0.0227857142857142,0.012,0.0,0.0058978122316781,0.0086585873696759,0.6811517837578723,40.51697118241735,0.8999166666666666,0.9525,0.9144111018494784,0.9475841355877188,-0.0331730337382402,-0.0401306639279679,-0.0373443475655684,-0.3586956521739131
0.915,0.944,0.915,0.944,0.914,0.03,3.28,2062,191336.0,0.0349999999999999,0.0729999999999999,-0.0929999999999999,0.9128,0.9109,0.9272,0.9190460936285348,0.916760449541974,0.9342317885882632,0.0299999999999999,0.0213571428571428,0.0299999999999999,0.0,0.0076193970722725,0.0080401168432705,0.9476724307371106,48.65666401502932,0.9054166666666666,0.9495769230769232,0.9189632400264818,0.9473186440627024,-0.0283554040362207,-0.0379091009985718,-0.0355465588596988,16.47457627118644
0.956,0.956,0.956,0.956,0.944,0.012,1.27,9,860.0,0.0419999999999999,0.0719999999999999,-0.0729999999999999,0.9212,0.9181,0.92355,0.9313640624190233,0.923894913261615,0.9363049515798572,0.012,0.0202857142857142,0.012,0.0,0.0079322972813959,0.0074658227830369,1.0624813248204752,51.51471249869168,0.9113333333333332,0.9471153846153846,0.9246612030993308,0.9479617074654652,-0.0233005043661345,-0.0355592764065477,-0.033097347960986,-0.995635305528613
0.94,0.941,0.94,0.941,0.956,-0.015,-1.57,28,2633.0,0.0509999999999999,0.0049999999999998,-0.059,0.9314,0.9186,0.9206,0.9345760416126824,0.9270049290322304,0.9367520990484424,0.016,0.0195714285714285,0.0,0.015,0.0073657046184391,0.0080039782985343,0.9202554459434176,47.92359515956472,0.9171666666666668,0.944076923076923,0.9271748641609722,0.9474460254309864,-0.0202711612700141,-0.0330471048915445,-0.0305321106227916,2.111111111111111
0.946,0.946,0.946,0.946,0.941,0.005,0.53,18,1703.0,0.0439999999999999,0.0349999999999999,-0.05,0.9402,0.9221,0.9181,0.9383840277417884,0.9304585782990976,0.9376328515200192,0.005,0.0190714285714285,0.005,0.0,0.007196725717122,0.0074322655629247,0.9683084728595218,49.19495527308184,0.9223333333333332,0.9412307692307692,0.930071038905438,0.9473389124360984,-0.0172678735306605,-0.0303388680204686,-0.0278792632043654,-0.3571428571428571
0.959,0.959,0.959,0.959,0.946,0.013,1.37,2,192.0,0.0449999999999999,0.0539999999999999,-0.035,0.9492,0.9275,0.91635,0.9452560184945256,0.9356479276992616,0.939667818041922,0.013,0.019,0.013,0.0,0.0076112453087561,0.0069013894512872,1.1028569482246144,52.4456477724615,0.92425,0.9389230769230767,0.9345216483046012,0.9482026967000912,-0.0136810483954898,-0.0274281097094051,-0.0250396202425903,-0.8888888888888888
0.98,0.98,0.98,0.98,0.959,0.021,2.19,20,1960.0,0.036,0.0709999999999999,0.021,0.9564,0.9346,0.9174,0.9568373456630171,0.9437119408448504,0.9435089782284056,0.021,0.0187857142857142,0.021,0.0,0.0085675849295593,0.0064084330619095,1.3369235266703965,57.2086981628885,0.93,0.9370384615384616,0.9415183177962012,0.9505580525000844,-0.0090397347038833,-0.0242500347586546,-0.0218396431348489,9.0
0.978,0.986,0.978,0.986,0.98,0.006,0.61,6,551.0,0.03,0.0719999999999999,0.0669999999999999,0.9624,0.9418,0.9207500000000002,0.9665582304420116,0.9514006788730592,0.9475557422066528,0.008,0.0156428571428571,0.006,0.0,0.0083841860060193,0.0059506878432017,1.4089440123460215,58.48803480384253,0.93675,0.9350769230769232,0.9483616535198623,0.9531833819445226,-0.0048217284246601,-0.0206328341399718,-0.0184360601928111,-0.7
0.977,0.977,0.977,0.977,0.986,-0.009,-0.91,5,452.0,0.036,0.0869999999999999,0.0729999999999999,0.9696,0.9505,0.9244,0.9700388202946744,0.9560551008961392,0.9503599572345904,0.009,0.0141428571428571,0.0,0.009,0.0077853155770179,0.0061684958544016,1.262109233884408,55.79346987223787,0.9424166666666666,0.9330769230769232,0.9527675529783451,0.954947575874558,-0.0021800228962127,-0.0168989457068351,-0.0151848527334914,-0.1666666666666666
0.988,1.005,0.988,1.001,0.977,0.024,2.46,152,15176.0,0.0549999999999999,0.0989999999999998,0.1229999999999998,0.9806,0.9604,0.93055,0.980359213529783,0.9642269007332048,0.9551828184503438,0.0279999999999999,0.0157142857142857,0.0239999999999999,0.0,0.0089435073215166,0.0057278890076586,1.5613967570877332,60.95880119966327,0.9496666666666668,0.9331153846153846,0.9601879294432152,0.9583588665505168,0.0018290628926984,-0.013009823858953,-0.0117820696082534,29.4
0.997,0.997,0.997,0.997,1.001,-0.004,-0.4,4,399.0,0.038,0.0829999999999999,0.1119999999999999,0.9882,0.9687,0.93615,0.9859061423531889,0.9701856460544404,0.9591654071693586,0.0039999999999998,0.0143571428571428,0.0,0.0039999999999998,0.0083046853699797,0.0056044683642544,1.4817971715118303,59.70661859563517,0.9585833333333332,0.9331538461538462,0.9658513249134896,0.96122117273196,0.0046301521815297,-0.0093447620569807,-0.0084996252502968,-0.9736842105263158
0.98,0.98,0.974,0.974,0.997,-0.023,-2.31,63,6148.0,-0.006,0.03,0.1029999999999999,0.987,0.9717,0.9413,0.9819374282354592,0.9708791649536328,0.9605782255341816,0.023,0.0156428571428571,0.0,0.023,0.0077114935578383,0.0068470063382362,1.1262576923252523,52.96901200595255,0.9645833333333332,0.9323846153846154,0.9671049672344912,0.9621677525295926,0.0049372147048986,-0.0062072377157548,-0.0058122572592577,14.75
0.957,0.957,0.957,0.957,0.974,-0.017,-1.75,1,96.0,-0.029,0.001,0.0729999999999999,0.9812,0.9718,0.94495,0.9736249521569728,0.9683556804166088,0.9602374421499738,0.017,0.0151428571428571,0.0,0.017,0.0071606725894213,0.0075722201712194,0.9456503413143909,48.60330354505289,0.9681666666666668,0.9323076923076924,0.9655503568907232,0.9617849560459192,0.0037654008448042,-0.0035365085918861,-0.0038967256384453,-0.9841269841269842
0.937,0.937,0.935,0.935,0.957,-0.022,-2.3,10,937.0,-0.0419999999999999,-0.0059999999999998,-0.001,0.9728,0.9712,0.9449,0.9607499681046486,0.9622910112499524,0.9578338762309286,0.0219999999999999,0.0157857142857142,0.0,0.0219999999999999,0.0066491959758912,0.0086027758732751,0.7729128450907601,43.595648101426704,0.9674166666666668,0.932923076923077,0.9608503019844582,0.9598008852277028,0.0010494167567554,-0.0015012541155066,-0.0029074971594052,9.0
0.935,0.935,0.935,0.935,0.935,0.0,0.0,50,4675.0,-0.0659999999999998,-0.0109999999999998,0.024,0.9596,0.9701,0.9461,0.9521666454030993,0.9573290092045066,0.9556592213517926,0.0,0.0148571428571428,0.0,-0.0,0.0061742534061847,0.0079882918823269,0.7729128450907602,43.595648101426704,0.9656666666666668,0.9341153846153846,0.9568733324483876,0.9579637826182432,-0.0010904501698556,-0.0001022987571028,-0.0025440877614952,4.0
0.93,0.93,0.926,0.926,0.935,-0.009,-0.96,10,927.0,-0.0709999999999999,-0.0329999999999999,0.021,0.9454,0.9668,0.94715,0.9434444302687328,0.951632825712778,0.9528345336040028,0.009,0.0133571428571428,0.0,0.009,0.0057332353057429,0.008060556747875,0.7112703855418436,41.56388093612877,0.9644166666666666,0.9359615384615384,0.9521235889947895,0.955596095016892,-0.0034725060221023,0.0005162822075395,-0.0027297714136167,-0.8
0.962,0.972,0.962,0.963,0.926,0.037,4.0,55,5295.0,-0.011,-0.017,0.0539999999999999,0.9432,0.9651,0.94985,0.9499629535124886,0.9536995846740912,0.9538026732607644,0.0459999999999999,0.0157857142857142,0.0369999999999999,0.0,0.007966575641047,0.0074848026944553,1.064366819842634,51.55899666725753,0.9658333333333332,0.9389615384615384,0.9537968829955912,0.9561445324230482,-0.0023476494274569,0.0007911798738954,-0.0026533470163847,4.5
0.967,0.967,0.967,0.967,0.963,0.004,0.42,5,484.0,0.01,-0.019,0.0529999999999999,0.9452,0.9632000000000002,0.9525,0.9556419690083258,0.9561178420060744,0.955059561521644,0.004,0.0149285714285714,0.004,0.0,0.0076832488095436,0.0069501739305656,1.1054757602186096,52.50479635556712,0.9665,0.9426538461538462,0.9558281317655004,0.956948641132452,-0.0011205093669517,0.0009089035993688,-0.0023467794864981,-0.9090909090909092
0.966,0.966,0.966,0.966,0.967,-0.001,-0.1,1,97.0,0.0309999999999999,-0.011,0.0759999999999999,0.9514,0.9621,0.9563,0.9590946460055504,0.95791459800497,0.9561015080433922,0.001,0.0146428571428571,0.0,0.001,0.0071344453231476,0.0065251615069538,1.0933745188597286,52.23023921468649,0.9653333333333332,0.9458076923076923,0.957393034570808,0.957619112159678,-0.0002260775888699,0.0006805546569723,-0.0019226391069725,-0.8
0.956,0.956,0.947,0.947,0.966,-0.019,-1.97,7,692.0,0.0119999999999999,-0.0539999999999999,0.0449999999999999,0.9538,0.9567,0.95855,0.9550630973370338,0.95593012564043,0.9552346977535452,0.019,0.0150714285714285,0.0,0.019,0.00662484208578,0.0074162213993142,0.8932907648081455,47.1819110625972,0.9620833333333332,0.9462307692307692,0.955794106175299,0.9568325112589612,-0.001038405083662,5.071496083995807e-05,-0.0017457923023104,6.0
0.935,0.935,0.935,0.935,0.947,-0.012,-1.27,61,5704.0,0.009,-0.0619999999999999,0.021,0.9556,0.9505,0.9596,0.9483753982246892,0.9521246482512608,0.953307583681779,0.0119999999999999,0.0144285714285714,0.0,0.0119999999999999,0.0061516390796528,0.0077436341565061,0.7944124109329614,44.27145098266044,0.9585833333333332,0.9471538461538462,0.9525950129175608,0.9552152882027416,-0.002620275285181,-0.0007890061491688,-0.0019206888988845,7.7142857142857135
0.938,0.938,0.938,0.938,0.935,0.003,0.32,1,94.0,-0.025,-0.036,-0.006,0.9506,0.9469,0.9593,0.9449169321497928,0.9495565303873952,0.9518497185692288,0.0029999999999998,0.0140714285714285,0.0029999999999998,0.0,0.0059265220025347,0.0071905174310414,0.8242135645134587,45.18185702304473,0.9533333333333333,0.9484230769230768,0.950349626314859,0.9539400816692052,-0.0035904553543463,-0.00160632350463,-0.0022546421899768,-0.9836065573770492
0.939,0.951,0.939,0.951,0.938,0.013,1.39,58,5456.0,-0.016,-0.006,-0.005,0.9474,0.9463,0.95905,0.9469446214331952,0.9498189794078686,0.9517687929912068,0.013,0.0143571428571428,0.013,0.0,0.0064317704309251,0.0066769090431098,0.963285614555784,49.06497594715674,0.9495,0.9500384615384616,0.9504496838048806,0.9537222978418568,-0.003272614036976,-0.002086549148378,-0.0024582365593767,57.0
0.916,0.924,0.916,0.924,0.951,-0.027,-2.84,28,2573.0,-0.0419999999999999,-0.011,-0.0169999999999999,0.939,0.9452,0.9582,0.939296414288797,0.9451246195155288,0.9491241460396632,0.0349999999999999,0.0148571428571428,0.0,0.0269999999999999,0.0059723582572876,0.0081285583971734,0.7347376946156196,42.35439726110417,0.9453333333333336,0.9504230769230768,0.9463805016810528,0.9515206461498672,-0.0051401444688145,-0.0025365151815956,-0.0029946181412642,-0.5172413793103448
0.902,0.902,0.902,0.902,0.924,-0.022,-2.38,1,90.0,-0.0449999999999999,-0.033,-0.0439999999999999,0.93,0.9418999999999998,0.956,0.9268642761925312,0.9372837796036144,0.944636132131124,0.022,0.0161428571428571,0.0,0.022,0.0055457612389099,0.0091193756545182,0.6081294870403011,37.81595275387553,0.94075,0.9508846153846154,0.93955273219166,0.947852450138766,-0.0082997179471059,-0.0030728720621516,-0.0040556381024326,-0.9642857142857144
0.883,0.883,0.883,0.883,0.902,-0.019,-2.11,117,10331.0,-0.052,-0.043,-0.0759999999999999,0.9196,0.9376,0.9522,0.912242850795021,0.9274140014938664,0.9387660243091122,0.019,0.0158571428571428,0.0,0.019,0.0051496354361306,0.0098251345363383,0.5241287452181664,34.388744839474946,0.9364166666666668,0.950153846153846,0.9308523118544816,0.9430485649433018,-0.0121962530888202,-0.0041671613578586,-0.0056837610997101,116.0
0.898,0.914,0.898,0.914,0.883,0.031,3.51,2,181.0,-0.0239999999999999,-0.0489999999999999,-0.0659999999999999,0.9148,0.9327,0.9489,0.9128285671966808,0.9249750921313452,0.936407355327292,0.031,0.0168571428571428,0.031,0.0,0.0069960900478356,0.0091233392123141,0.766834366784555,43.40159899538911,0.9346666666666666,0.950153846153846,0.9282596484922536,0.940896819391946,-0.0126371708996925,-0.005446790417052,-0.0070744430597066,-0.9829059829059827
0.906,0.906,0.906,0.906,0.914,-0.008,-0.88,1,91.0,-0.0449999999999999,-0.0609999999999999,-0.0799999999999999,0.9058,0.9266,0.9449,0.9105523781311204,0.9215250753801912,0.9335114167246928,0.008,0.0158571428571428,0.0,0.008,0.006496369330133,0.0090431006971488,0.7183785238818893,41.80560417265004,0.9330000000000002,0.9486923076923076,0.9248350871857532,0.9383118698073576,-0.0134767826216044,-0.0069190909762447,-0.0083549109720861,-0.5
0.919,0.935,0.919,0.931,0.906,0.025,2.76,91,8500.0,0.007,-0.0349999999999999,-0.0459999999999999,0.9072,0.9231,0.9426,0.9173682520874136,0.9232477889474292,0.933272234179484,0.029,0.0179285714285714,0.025,0.0,0.0078180572351235,0.0083971649330668,0.9310353312624856,48.2143084691147,0.9303333333333332,0.9477307692307692,0.925783535311022,0.9377702498216276,-0.0119867145106056,-0.0081355698014607,-0.00908127167979,90.0
0.921,0.922,0.921,0.922,0.931,-0.009,-0.97,1010,93022.0,0.02,-0.0249999999999999,-0.0789999999999998,0.9112,0.9206,0.93865,0.918912168058276,0.9230209182297148,0.932198688067152,0.01,0.0179999999999999,0.0,0.009,0.0072596245754718,0.0084402245807048,0.8601222048128967,46.24009124709166,0.9265833333333332,0.947,0.92520145295548,0.9366020831681736,-0.0114006302126935,-0.0091111647934065,-0.0095451433863707,10.0989010989011
0.922,0.926,0.922,0.926,0.922,0.004,0.43,1010,93522.0,0.043,-0.009,-0.0709999999999999,0.9198,0.9197,0.9351,0.9212747787055172,0.9235625694606756,0.9316083368226614,0.004,0.0149999999999999,0.004,0.0,0.0070267942486524,0.0078373513963688,0.896577669326924,47.27344858199824,0.92325,0.9462307692307692,0.9253243063469448,0.9358167436742348,-0.0104924373272901,-0.0098780516792892,-0.0097346021745546,0.0
0.929,0.929,0.926,0.926,0.926,0.0,0.0,56,5188.0,0.012,-0.0119999999999999,-0.0479999999999999,0.9222,0.9185,0.9327,0.9228498524703448,0.9240057386496436,0.9310742095062174,0.003,0.0149285714285714,0.0,-0.0,0.0065248803737487,0.0072775405823424,0.896577669326924,47.27344858199824,0.9215,0.9449615384615384,0.9254282592166456,0.9350895774761434,-0.0096613182594977,-0.0105879077040138,-0.0097199453915432,-0.9445544554455444
0.921,0.921,0.921,0.921,0.926,-0.005,-0.54,5,426.0,0.015,-0.0299999999999999,-0.0359999999999999,0.9252,0.9155,0.9309,0.92223323498023,0.9234592407133448,0.9301147609818158,0.005,0.0152142857142857,0.0,0.005,0.0060588174899095,0.0071148591121751,0.8515723775248762,45.99184929855301,0.9203333333333332,0.9426923076923076,0.9247469885679308,0.9340459050705032,-0.0092989165025721,-0.0110499934855424,-0.009635739613749,-0.9107142857142856
0.923,0.923,0.923,0.923,0.921,0.002,0.22,1,92.0,-0.008,-0.001,-0.012,0.9236,0.9154,0.9303,0.9224888233201534,0.9233757424018276,0.9294371646978332,0.002,0.0139999999999999,0.002,0.0,0.0057689019549159,0.0066066548898769,0.8731955961186062,46.61529196032328,0.9190833333333334,0.9402692307692307,0.9244782210959416,0.9332276898800956,-0.0087494687841539,-0.01109996580077,-0.00945848544783,-0.8
0.915,0.915,0.915,0.915,0.923,-0.008,-0.87,12,1064.0,-0.007,0.013,-0.02,0.9222,0.9167000000000002,0.9293,0.9199925488801024,0.92185288014695,0.928062196631373,0.008,0.0137142857142857,0.0,0.008,0.0053568375295648,0.0067061795406,0.7987912487481015,44.40711223740017,0.9160833333333336,0.9378846153846152,0.9230200332350276,0.931877490629718,-0.0088574573946905,-0.0107289885014223,-0.0093382798372021,11.0
0.905,0.905,0.905,0.905,0.915,-0.01,-1.09,10,905.0,-0.021,0.022,-0.021,0.918,0.9189,0.92825,0.914995032586735,0.9187887201202316,0.9258657969521946,0.01,0.0142142857142857,0.0,0.01,0.004974206277453,0.0069414524305571,0.7165944486712882,41.7451221065034,0.9145,0.9341923076923078,0.9202477204296386,0.929886565397887,-0.0096388449682484,-0.0103958411757062,-0.0093983928634113,-0.1666666666666666
0.928,0.928,0.928,0.928,0.905,0.023,2.54,70,6496.0,0.002,0.014,-0.0349999999999999,0.9184,0.9203,0.9265,0.91933002172449,0.9204634982801896,0.926069054385319,0.023,0.0149285714285714,0.023,0.0,0.0062617629719207,0.006445634399803,0.9714734940771736,49.27651814725058,0.9166666666666666,0.9315384615384616,0.9214403788250788,0.9297468198128584,-0.0083064409877796,-0.0098213587719479,-0.009180002488285,6.0
0.942,0.971,0.942,0.971,0.928,0.043,4.63,14,1351.0,0.0499999999999999,0.0649999999999999,0.004,0.9284,0.9267999999999998,0.9267,0.9365533478163268,0.9296519531383368,0.9303481920629076,0.0429999999999999,0.0155,0.0429999999999999,0.0,0.0088859227596406,0.0059852319426742,1.4846413380047407,59.75274238965062,0.924,0.931423076923077,0.9290649359289128,0.932802610937832,-0.0037376750089189,-0.0089047988273161,-0.0080915369924118,-0.8
0.97,0.97,0.964,0.966,0.971,-0.005,-0.51,6050,583850.0,0.0429999999999999,0.0349999999999999,0.0,0.937,0.9303,0.9267,0.946368898544218,0.9362606889313664,0.9337436023426308,0.007,0.0144285714285714,0.0,0.005,0.0082512139910949,0.0059148582324832,1.3949977610250777,58.24630752172428,0.9283333333333332,0.9317692307692308,0.9347472534783108,0.9352616767942888,-0.0005144233159779,-0.0076952202832366,-0.006576114257125,431.1428571428572
0.965,0.965,0.964,0.964,0.966,-0.002,-0.21,5800,559125.0,0.0489999999999999,0.0419999999999999,0.017,0.9468,0.9345,0.92755,0.952245932362812,0.9413042000347543,0.9366251640242848,0.002,0.0132142857142857,0.0,0.002,0.0076618415631595,0.0056352255015916,1.359633533919016,57.62053786635494,0.9331666666666668,0.9328846153846156,0.9392476760201092,0.9373904414761932,0.0018572345439158,-0.0063230345197692,-0.0048894444969168,-0.0413223140495867
0.974,1.06,0.974,1.06,0.964,0.096,9.96,17856,1763810.0,0.155,0.134,0.125,0.9778,0.9479,0.9338,0.9881639549085416,0.9628852545738898,0.9483751484029244,0.096,0.0178571428571428,0.096,0.0,0.0139717100229338,0.005232709394335,2.670071844245673,72.75257699470092,0.9439166666666666,0.9376923076923076,0.9578249566324,0.9464726309964754,0.0113523256359246,-0.0039881851980556,-0.0016410904703485,2.0786206896551724
1.049,1.049,0.993,0.999,1.06,-0.061,-5.75,4450,443560.0,0.0709999999999999,0.0729999999999999,0.061,0.992,0.9552,0.93685,0.9917759699390276,0.9694515719240916,0.9531965628407412,0.067,0.0220714285714285,0.0,0.061,0.0129737307355814,0.0092160872947397,1.407726546056754,58.4670442896538,0.9503333333333334,0.9405,0.964159578688954,0.9503635472189588,0.0137960314699951,-0.0014220798677704,0.0014463339177201,-0.7507840501792115
0.989,0.993,0.979,0.992,0.999,-0.007,-0.7,16120,1595469.0,0.021,0.0709999999999999,0.041,0.9962,0.9623,0.9389,0.9918506466260184,0.9735512861197112,0.95689212828448,0.02,0.0214285714285714,0.0,0.007,0.0120470356830399,0.0090577953451154,1.3300185336530574,57.0818864503976,0.9558333333333332,0.9416153846153846,0.9684427204291148,0.9534477289064432,0.0149949915226714,0.0012161934996546,0.0041560654387104,2.62247191011236
0.993,1.007,0.99,1.0,0.992,0.008,0.81,1483,147814.0,0.034,0.0769999999999999,0.0759999999999999,1.003,0.97,0.9427,0.9945670977506792,0.9783601431888548,0.9609976398764344,0.0169999999999999,0.0219285714285714,0.008,0.0,0.0117579617056799,0.0084108099633214,1.3979583128087514,58.29785719549518,0.962,0.9428846153846154,0.9732976865169432,0.9568960452837436,0.0164016412331995,0.0040227600138646,0.0066051805976082,-0.9080024813895782
0.99,1.012,0.986,1.012,1.0,0.012,1.2,2648,267769.0,0.048,0.0969999999999999,0.1099999999999999,1.0126000000000002,0.9797,0.9482,1.0003780651671197,0.984476480790881,0.96585500750725,0.026,0.0235,0.012,0.0,0.0117752501552742,0.0078100378230842,1.507707186829488,60.12293599300535,0.9695833333333334,0.9446538461538462,0.9792518885912596,0.96097781970717,0.0182740688840895,0.0071241948863466,0.0089389582549045,0.7855697909642616
1.005,1.07,1.005,1.069,1.012,0.057,5.63,448,47334.0,0.0089999999999998,0.1639999999999999,0.1859999999999999,1.0143999999999995,0.9961,0.9575,1.0232520434447463,0.999844393374357,0.9756783401256072,0.0650000000000001,0.0279285714285714,0.0569999999999999,0.0,0.0150055894298974,0.0072521779785782,2.0691148885509465,67.41731618681305,0.98175,0.9493461538461538,0.9930592903464504,0.968979462691824,0.0240798276546263,0.0107226691799473,0.0119671321348488,-0.8308157099697885
1.066,1.099,1.066,1.092,1.069,0.023,2.15,149,16229.0,0.093,0.164,0.178,1.033,1.0125,0.9664,1.0461680289631643,1.0165999582153828,0.986756593446978,0.0329999999999999,0.0299285714285714,0.0230000000000001,0.0,0.0155766187563333,0.0067341652658226,2.313073430999409,69.81654585004644,0.9964999999999998,0.9553846153846154,1.008280937985458,0.9780920950850224,0.0301888429004356,0.0144922822809867,0.0156114742879662,-0.6674107142857143
1.07,1.087,1.07,1.083,1.092,-0.009,-0.82,651,70527.0,0.0909999999999999,0.1119999999999999,0.1769999999999999,1.0512,1.0237,0.97525,1.0584453526421096,1.0286726930853132,0.9959226321663132,0.022,0.0313571428571428,0.0,0.0090000000000001,0.014464003130881,0.0068960106039781,2.0974450245968344,67.71532692076882,1.0113333333333332,0.9609615384615384,1.0197761782953876,0.9858630510046504,0.0339131272907372,0.0183175656817328,0.0192718048885204,3.369127516778524
1.083,1.083,1.063,1.063,1.083,-0.02,-1.85,94,10030.0,0.0629999999999999,0.0969999999999999,0.1319999999999999,1.0638,1.0334,0.98185,1.059963568428073,1.034914021615256,1.0023109529123786,0.02,0.0322142857142857,0.0,0.02,0.0134308600501037,0.0078320098465511,1.7148676154969478,63.16579142600465,1.0225833333333334,0.9652692307692308,1.026425997019174,0.99157689907838,0.034849097940794,0.0219833282813859,0.0223872634989751,-0.8556067588325653
1.07,1.07,1.07,1.07,1.063,0.007,0.66,609,65195.0,0.058,0.1060000000000001,0.148,1.0754,1.044,0.98925,1.0633090456187153,1.0412932904124823,1.0087575288254853,0.0070000000000001,0.032,0.0070000000000001,0.0,0.0129715129036678,0.0072725805717975,1.7836190023071496,64.07554341412495,1.0308333333333335,0.9708846153846152,1.033129689785455,0.9973860176651668,0.0357436721202882,0.0246934778907597,0.0250585452232377,5.47872340425532
1.074,1.115,1.074,1.1,1.07,0.03,2.8,110,12129.0,0.0310000000000001,0.04,0.174,1.0816,1.048,0.99795,1.0755393637458104,1.0519672376102127,1.017447287984963,0.0449999999999999,0.0335714285714285,0.03,0.0,0.0141878334105486,0.0067531105309548,2.100933095277307,67.75164219044291,1.042,0.9785,1.043417429818462,1.004987053393673,0.038430376424789,0.0274306273301812,0.027732911463548,-0.819376026272578
1.094,1.123,1.094,1.123,1.1,0.023,2.09,223,24817.0,0.0309999999999999,0.124,0.1969999999999999,1.0878,1.0604,1.0078,1.0913595758305403,1.0648822853174469,1.0274999272244902,0.0289999999999999,0.0325714285714285,0.0229999999999999,0.0,0.0148172738812237,0.0062707454930294,2.362920628447538,70.26394284953311,1.05525,0.9877307692307692,1.0556609021540833,1.0137287531422898,0.0419321490117934,0.0304236448289725,0.0305727589731971,1.0272727272727271
1.131,1.145,1.129,1.145,1.123,0.022,1.96,221,25093.0,0.062,0.153,0.2239999999999999,1.1001999999999998,1.0757,1.019,1.1092397172203603,1.0794491425324564,1.038690410345967,0.022,0.0336428571428571,0.022,0.0,0.0153303257468506,0.0058228351006702,2.6327940739874425,72.472978659581,1.0623333333333334,0.9966153846153848,1.0694053787457627,1.023452549205824,0.0459528295399387,0.033707110196388,0.0336487730865454,-0.0089686098654708
1.145,1.17,1.145,1.158,1.145,0.013,1.14,324,37338.0,0.0949999999999999,0.1579999999999999,0.2349999999999998,1.1192,1.0915,1.03075,1.1254931448135737,1.093731116617464,1.0500532284082562,0.0249999999999999,0.0352857142857142,0.0129999999999999,0.0,0.0151638739077898,0.0054069183077652,2.804531721149199,73.71555625516142,1.0755833333333331,1.0063076923076923,1.083035320477184,1.0334190270424295,0.0496162934347543,0.0371895795909063,0.0368422771561872,0.4660633484162895
1.146,1.148,1.137,1.137,1.158,-0.021,-1.81,480,54974.0,0.0669999999999999,0.125,0.2219999999999999,1.1326,1.104,1.04185,1.1293287632090492,1.1015981863233797,1.0583338733217555,0.0209999999999999,0.0299285714285714,0.0,0.0209999999999999,0.0140807400572334,0.0065207098572105,2.159387607418707,68.3482964340351,1.0876666666666668,1.014230769230769,1.0913375788653097,1.0410916917059532,0.0502458871593562,0.0400969195358763,0.039522999156821,0.4814814814814814
1.125,1.148,1.125,1.139,1.137,0.002,0.18,17,1896.0,0.0389999999999999,0.07,0.2339999999999999,1.1404,1.111,1.05355,1.1325525088060329,1.1083985160827652,1.0660163615768263,0.0229999999999999,0.0267857142857142,0.002,0.0,0.0132178300531453,0.0060549448674097,2.182981074574132,68.58291090738592,1.0992499999999998,1.0225769230769233,1.0986702590398771,1.0483441589869935,0.0503261000528834,0.0423343925528149,0.0416836193360335,-0.9645833333333332
1.18,1.182,1.176,1.176,1.139,0.037,3.25,499,58881.0,0.0529999999999999,0.0839999999999998,0.2479999999999999,1.151,1.1194000000000002,1.06595,1.1470350058706886,1.120689694976808,1.0764909938076048,0.0429999999999999,0.0284285714285714,0.0369999999999999,0.0,0.0149165564779206,0.0056224488054519,2.6530355355937547,72.62550582231162,1.1129166666666668,1.0321923076923076,1.1105671422645114,1.0578001472101797,0.0527669950543319,0.0444292667487699,0.0439002944796932,28.352941176470587
1.182,1.184,1.145,1.145,1.176,-0.031,-2.64,17,1942.0,0.0,0.062,0.174,1.1509999999999998,1.1256,1.07465,1.146356670580459,1.12510975043557,1.0830156610640234,0.0389999999999999,0.0299999999999999,0.0,0.0309999999999999,0.0138510881580692,0.0074351310336339,1.862924553099562,65.0706827423257,1.11925,1.0406153846153847,1.115864504993048,1.064259395564981,0.0516051094280669,0.0462910458029113,0.0454412574693679,-0.9659318637274548
1.136,1.136,1.136,1.136,1.145,-0.009,-0.79,4,454.0,-0.022,0.0729999999999999,0.1699999999999999,1.1465999999999998,1.1329,1.08315,1.1429044470536394,1.127089795810921,1.0880617885817354,0.0090000000000001,0.0287857142857142,0.0,0.0090000000000001,0.0128617247182071,0.0075469073883743,1.704237783283246,63.021003323683736,1.1229166666666666,1.0488846153846152,1.118962273455656,1.0695735144120195,0.0493887590436363,0.0478071665721722,0.0462307577842216,-0.7647058823529411
1.147,1.147,1.135,1.135,1.136,-0.001,-0.09,152,17352.0,-0.002,0.0649999999999999,0.171,1.1462,1.1394,1.0917,1.140269631369093,1.1285280147543897,1.092532094431094,0.012,0.0249999999999999,0.0,0.0009999999999998,0.011943030095478,0.0070792711463476,1.6870423308534703,62.78436001853474,1.12725,1.0570384615384616,1.1214296160009396,1.07441992075187,0.0470096952490697,0.0487604242193145,0.0463865452771912,37.0
1.163,1.166,1.161,1.166,1.135,0.031,2.73,287,33377.0,0.0269999999999999,0.0659999999999998,0.1059999999999998,1.1516,1.146,1.097,1.1488464209127287,1.1353411029808642,1.099529037818609,0.0309999999999999,0.0248571428571428,0.0309999999999999,0.0,0.0133042422315153,0.0065736089216085,2.0238870900552217,66.9299821647197,1.1358333333333333,1.0666923076923078,1.1282865981546413,1.0812036303258057,0.0470829678288358,0.0493327374212081,0.0465258297875201,0.888157894736842
1.175,1.178,1.175,1.175,1.166,0.009,0.77,233,27393.0,-0.0009999999999998,0.052,0.176,1.1514,1.1511999999999998,1.1058,1.1575642806084858,1.142551811529798,1.1067167485025506,0.012,0.0241428571428571,0.0090000000000001,0.0,0.0129967963578356,0.0061040654272079,2.1292033174979546,68.042984154843,1.1445833333333333,1.077076923076923,1.1354732753616197,1.0881515095609309,0.0473217658006885,0.0494848414501803,0.0466850169901538,-0.1881533101045296
1.167,1.167,1.167,1.167,1.175,-0.008,-0.68,1,117.0,0.022,0.022,0.175,1.1558,1.1534,1.11455,1.1607095204056574,1.1469969367061983,1.1124580105499269,0.008,0.0232857142857142,0.0,0.008,0.0120684537608474,0.0062394893252644,1.934205370298605,65.91922262420803,1.1501666666666666,1.0862692307692308,1.1403235406906012,1.0939921384823434,0.0463314022082577,0.0491198535361252,0.0466142940337746,-0.9957081545064378
1.178,1.199,1.178,1.199,1.167,0.032,2.74,59,7057.0,0.0630000000000001,0.0410000000000001,0.199,1.1684,1.1575,1.1245,1.1734730136037717,1.1564520391232531,1.1207001047832672,0.032,0.0250714285714285,0.032,0.0,0.0134921356350725,0.005793811516317,2.328714974084828,69.95837709790901,1.1565,1.0950384615384616,1.1493506882766626,1.1017704985947625,0.0475801896819001,0.0488236649275189,0.0468074731633997,58.0
1.179,1.2,1.179,1.2,1.199,0.001,0.08,201,24118.0,0.0649999999999999,0.0629999999999999,0.1879999999999999,1.1814,1.1638,1.1339,1.1823153424025146,1.1643698501917523,1.1282524757562895,0.0209999999999999,0.0233571428571428,0.0009999999999998,0.0,0.0125998402325673,0.00537996783658,2.3419917395968635,70.07772376718597,1.1610833333333332,1.1040384615384615,1.157142890080253,1.1090467579581134,0.0480961321221395,0.0485758907129918,0.0470652049551477,2.406779661016949
1.19,1.19,1.19,1.19,1.2,-0.01,-0.83,16,1904.0,0.024,0.0509999999999999,0.121,1.1862,1.1689,1.13995,1.1848768949350097,1.1690298774296155,1.1341331923509286,0.01,0.0219999999999999,0.0,0.01,0.0116998516445268,0.0057099701339672,2.04902151325228,67.20259284319262,1.16375,1.112730769230769,1.1621978300679063,1.1150432944056603,0.0471545356622458,0.0479522841138711,0.0470830710965673,-0.9203980099502488
1.178,1.187,1.173,1.187,1.19,-0.003,-0.25,28,3313.0,0.012,0.0110000000000001,0.0949999999999999,1.1886,1.17,1.1446999999999998,1.1855845966233398,1.172297172442413,1.139168126412745,0.0169999999999999,0.0216428571428571,0.0,0.0029999999999998,0.010864147955632,0.0055164008386838,1.9694268551783023,66.32346749824373,1.1679166666666665,1.117615384615385,1.1660135485189975,1.120373420745982,0.0456401277730156,0.047289508374421,0.0467944824318569,0.75
1.175,1.175,1.16,1.16,1.187,-0.027,-2.27,48,5571.0,-0.0070000000000001,0.0149999999999999,0.0769999999999999,1.1872,1.1715,1.14855,1.1770563977488933,1.1700613229074286,1.1411521143734358,0.0270000000000001,0.0217857142857142,0.0,0.0270000000000001,0.0100881373873726,0.0070509436359207,1.430749968838082,58.86043349501685,1.1696666666666666,1.1238076923076925,1.1650883872083826,1.1233087229129464,0.0417796642954362,0.0464440534023988,0.0457915188045728,0.7142857142857142
1.148,1.175,1.148,1.173,1.16,0.013,1.12,400,46914.0,-0.026,0.0370000000000001,0.1100000000000001,1.182,1.1751999999999998,1.1540500000000002,1.1757042651659289,1.1705956278333507,1.1441852463378703,0.0270000000000001,0.0222142857142857,0.0130000000000001,0.0,0.0102961275739889,0.0065473048047835,1.5725749573269348,61.128440702887744,1.1694166666666663,1.1307692307692307,1.166305558407093,1.126989558252728,0.0393160001543648,0.045589198391876,0.0444964150745312,7.333333333333334
1.21,1.225,1.21,1.218,1.173,0.045,3.84,108,13166.0,0.018,0.0829999999999999,0.1479999999999999,1.1856000000000002,1.1835,1.16145,1.1898028434439527,1.179214604590923,1.1512152228771209,0.052,0.0242857142857142,0.0449999999999999,0.0,0.0127749756044182,0.0060796401758704,2.101271659977683,67.7551627319486,1.1755,1.1391538461538462,1.1742585494213864,1.1337310724562295,0.0405274769651566,0.0448608105181339,0.0437026274526563,-0.73
1.23,1.242,1.225,1.225,1.218,0.007,0.57,629,77236.0,0.0350000000000001,0.0590000000000001,0.125,1.1926,1.1894000000000002,1.1677,1.201535228962635,1.187539221938028,1.1582423445078711,0.024,0.0229285714285714,0.0070000000000001,0.0,0.0123624773469598,0.0056453801633082,2.189839654609776,68.65046183262358,1.1829166666666666,1.1473461538461538,1.1820649264334808,1.1404917337557685,0.0415731926777125,0.0442220801711365,0.0432767404976675,4.824074074074074
1.213,1.238,1.16,1.238,1.225,0.013,1.06,88,10772.0,0.0509999999999999,0.0629999999999999,0.1149999999999999,1.2028,1.1957,1.17345,1.213690152641757,1.1967139088583862,1.165838311697598,0.078,0.0257142857142857,0.0129999999999999,0.0,0.0124080146793198,0.0052421387230719,2.366975643873957,70.29975545503426,1.1915,1.1538461538461535,1.1906703223667914,1.147714568292378,0.0429557540744134,0.0438470081562649,0.0432125432130167,-0.8600953895071543
1.226,1.25,1.226,1.244,1.238,0.006,0.48,328,40876.0,0.084,0.0769999999999999,0.0989999999999999,1.2196,1.2034,1.1784,1.2237934350945046,1.2053113799750432,1.1732822820121125,0.024,0.0267857142857143,0.006,0.0,0.0119502993450827,0.0048677002428525,2.455019567531893,71.05660386420463,1.1980000000000002,1.1596923076923076,1.198874888156516,1.1548468224929425,0.0440280656635734,0.0434523277097842,0.043375647703128,2.727272727272727
1.243,1.243,1.243,1.243,1.244,-0.001,-0.08,48,5966.0,0.07,0.044,0.0850000000000001,1.2336000000000005,1.2078000000000002,1.18265,1.2301956233963365,1.212163856343217,1.1799220646776254,0.0009999999999998,0.026,0.0,0.0009999999999998,0.0110967065347196,0.0045914359397916,2.416827040654141,70.73308106902148,1.2036666666666669,1.165846153846154,1.2056633669016674,1.1613766874934652,0.0442866794082021,0.0430290551860134,0.0435578540441429,-0.8536585365853658
1.161,1.255,1.161,1.252,1.243,0.009,0.72,18,2165.0,0.034,0.052,0.1149999999999999,1.2404000000000002,1.213,1.1884,1.237463748930891,1.2194067915535411,1.186786629946423,0.0939999999999998,0.0305,0.0089999999999998,0.0,0.0109469417822396,0.0042634762298065,2.567609432347295,71.97002589652719,1.21075,1.1731153846153846,1.2127920796860263,1.1680895254569124,0.0447025542291139,0.0427566128045543,0.0437867940811371,-0.625
1.239,1.255,1.23,1.255,1.252,0.003,0.24,20105,2510263.0,0.0299999999999998,0.0649999999999999,0.1159999999999998,1.2464,1.2195,1.1942,1.2433091659539277,1.2258782839983515,1.193283141380097,0.0249999999999999,0.0314285714285714,0.0029999999999998,0.0,0.0103793030835082,0.0039589422133917,2.6217364447499643,72.38893510736844,1.2154166666666668,1.1802307692307692,1.2192856058881762,1.17452733838603,0.0447582675021462,0.0426586283300132,0.0439810887653389,1115.9444444444443
1.243,1.243,1.243,1.243,1.255,-0.012,-0.96,19,2362.0,0.0050000000000001,0.056,0.0670000000000001,1.2474,1.2251,1.19755,1.2432061106359518,1.2289913232713785,1.1980180802962783,0.0119999999999997,0.0317142857142856,0.0,0.0119999999999997,0.0096379242918291,0.0045333034838637,2.1260267101320656,68.01051005870156,1.219,1.1857307692307693,1.2229339742130725,1.179599387394472,0.0433345868186001,0.0428313974992537,0.0438517883759911,-0.999054961452375
1.233,1.233,1.212,1.212,1.243,-0.031,-2.49,24,2932.0,-0.032,0.052,0.0669999999999999,1.241,1.2303000000000002,1.2009,1.2328040737573012,1.2259019917674914,1.1993496916966329,0.0310000000000001,0.0316428571428571,0.0,0.0310000000000001,0.008949501128127,0.0064237818064449,1.3931826138845589,58.21463877439662,1.2208333333333334,1.1891538461538462,1.221251824334138,1.1819994327726593,0.0392523915614788,0.0428243298778219,0.0429319090130887,0.263157894736842
1.213,1.234,1.213,1.234,1.212,0.022,1.82,31,3781.0,-0.0090000000000001,0.0609999999999999,0.098,1.2392,1.2364000000000002,1.2058,1.2332027158382008,1.2273743569006743,1.2026497210588585,0.022,0.0317142857142857,0.022,0.0,0.009881679618975,0.0059649402488417,1.656626756805138,62.35828019730552,1.22475,1.192576923076923,1.223213082128886,1.185851326641351,0.0373617554875349,0.042472583046975,0.0418178783079779,0.2916666666666667
1.229,1.238,1.229,1.238,1.234,0.004,0.32,146,17923.0,-0.014,0.02,0.1029999999999999,1.2364,1.2384,1.21095,1.2348018105588006,1.2293062920096427,1.2060164142913483,0.0089999999999998,0.0316428571428571,0.004,0.0,0.0094615596461911,0.0055388730882101,1.7082102253490277,63.075244652725495,1.23125,1.1956538461538462,1.225487992570596,1.1897141913345843,0.0357738012360115,0.0418282062201194,0.0406090628935846,3.709677419354839
1.235,1.235,1.235,1.235,1.238,-0.003,-0.24,5,572.0,-0.0199999999999997,0.01,0.0690000000000001,1.2324,1.2393999999999998,1.2144,1.2348678737058671,1.230341511644253,1.2087767557874105,0.0029999999999998,0.0306428571428571,0.0,0.0029999999999998,0.0087857339571775,0.0053575250104808,1.6398866902142455,62.11958627971101,1.2364166666666667,1.199423076923077,1.2269513783289656,1.1930686956801706,0.033882682648795,0.0408200871728284,0.0392637868446267,-0.9657534246575342
1.215,1.215,1.205,1.205,1.235,-0.03,-2.43,62,7503.0,-0.038,-0.0329999999999999,0.03,1.2248,1.2361,1.2159,1.2249119158039117,1.2257339640725706,1.208417064760038,0.03,0.0308571428571428,0.0,0.03,0.0081581815316648,0.0071177017954465,1.1461819792568362,53.4056287087886,1.2353333333333334,1.2019615384615383,1.2235742432014325,1.1939524960001582,0.0296217472012743,0.0392193851214619,0.0373353789159562,11.4
1.195,1.195,1.195,1.195,1.205,-0.01,-0.83,20,2390.0,-0.0169999999999999,-0.0489999999999999,0.028,1.2214,1.2312,1.2173,1.2149412772026076,1.2201459706048303,1.207139249068606,0.01,0.0296428571428571,0.0,0.01,0.007575454279403,0.0073235802386289,1.034392200613248,50.84526967324395,1.2328333333333332,1.2026923076923075,1.2191782057858274,1.1940300888890354,0.0251481168967919,0.0370928781757496,0.0348979265121234,-0.6774193548387097
1.2,1.2,1.18,1.18,1.195,-0.015,-1.26,14,1620.0,-0.054,-0.0630000000000001,-0.0190000000000001,1.2106,1.2249,1.2163499999999998,1.2032941848017384,1.212846703222134,1.2045545586811195,0.02,0.0273571428571428,0.0,0.0150000000000001,0.0070343504023028,0.0078718959358697,0.8936030734666538,47.19062225805951,1.228,1.2040384615384616,1.213150789511085,1.1929908230454032,0.0201599664656815,0.0343659239798127,0.031950334502835,-0.3
1.16,1.174,1.16,1.165,1.18,-0.015,-1.27,41,4785.0,-0.0729999999999999,-0.0869999999999999,-0.0349999999999999,1.1960000000000002,1.2162000000000002,1.2146,1.1905294565344924,1.2041473026362914,1.2007874578543465,0.02,0.0270714285714285,0.0,0.0149999999999999,0.0065318968021383,0.0083810462261647,0.7793653233586122,43.80018611847137,1.2214166666666666,1.2051538461538462,1.2057429757401483,1.1909174287457438,0.0148255469944047,0.0310400661456192,0.0285253770011489,1.9285714285714284
1.126,1.137,1.126,1.134,1.165,-0.031,-2.66,274,31006.0,-0.1010000000000002,-0.121,-0.056,1.1758,1.2041,1.2118,1.1716863043563284,1.1913932476115112,1.194426747582504,0.0390000000000001,0.0242857142857142,0.0,0.0310000000000001,0.0060653327448427,0.0099966857814386,0.6067343595118835,37.76195834239866,1.2123333333333333,1.2051153846153846,1.1947055948570486,1.186701322912726,0.0080042719443227,0.0271144756040328,0.0244211559897837,5.682926829268292
1.1,1.1,1.054,1.054,1.134,-0.08,-7.05,140,15079.0,-0.151,-0.189,-0.133,1.1456,1.1852,1.2051500000000002,1.1324575362375524,1.1664126571366908,1.1810527716222654,0.0799999999999998,0.0282857142857142,0.0,0.0799999999999998,0.0056320946916396,0.0149969225113359,0.3755500295065535,27.30180810953661,1.1958333333333335,1.2008076923076922,1.1730585802636564,1.176871595289561,-0.0038130150259045,0.0223294304276569,0.018774321786646,-0.4890510948905109
1.065,1.065,1.046,1.049,1.054,-0.005,-0.47,323,33883.0,-0.1460000000000001,-0.163,-0.1109999999999999,1.1164,1.1689,1.1996,1.1046383574917016,1.145064901293656,1.1684763171820498,0.0189999999999999,0.0295714285714285,0.0,0.0050000000000001,0.0052298022136654,0.014282856617669,0.3661594002978185,26.80209939030518,1.1786666666666668,1.1959615384615383,1.1539726448384784,1.167399625268112,-0.0134269804296336,0.0166862375479715,0.0123340613433901,1.307142857142857
1.043,1.065,1.043,1.056,1.049,0.007,0.67,14,1480.0,-0.1239999999999998,-0.1779999999999999,-0.1169999999999999,1.0916,1.1511,1.19375,1.0884255716611344,1.1288712828766276,1.1577642869742355,0.022,0.0244285714285714,0.0070000000000001,0.0,0.0053562449126893,0.0132626525735498,0.4038592493459021,28.767787763201447,1.1630833333333332,1.1916923076923078,1.1388999302479432,1.1591478011741778,-0.0202478709262345,0.0104616073077219,0.0058176748894651,-0.956656346749226
1.05,1.05,1.043,1.044,1.056,-0.012,-1.14,261,27243.0,-0.121,-0.1939999999999999,-0.1739999999999999,1.0674,1.1317,1.18505,1.0736170477740896,1.1134401405354226,1.1469295929766892,0.0130000000000001,0.0235714285714285,0.0,0.012,0.0049736559903543,0.0131724631040105,0.3775798004581295,27.40892399355458,1.1490833333333332,1.1857307692307693,1.1242999409790289,1.150618334420535,-0.0263183934415061,0.003772598853244,-0.000609538776729,17.642857142857142
1.054,1.065,1.054,1.062,1.044,0.018,1.72,386,40956.0,-0.0719999999999998,-0.173,-0.163,1.053,1.1144000000000005,1.1769,1.0697446985160597,1.1040873877108004,1.1388410603122427,0.0209999999999999,0.0242142857142857,0.018,0.0,0.0059041091339005,0.0122315728822955,0.4826941874700632,32.55520872403833,1.13475,1.1804230769230768,1.1147153346745629,1.1440540133523471,-0.0293386786777842,-0.0027785595777624,-0.0063553667569401,0.4789272030651341
1.076,1.076,1.066,1.066,1.062,0.004,0.38,160,17110.0,0.012,-0.139,-0.1719999999999999,1.0554,1.1004999999999998,1.1683,1.0684964656773732,1.0971624081270184,1.1319038164729815,0.014,0.0229999999999999,0.004,0.0,0.0057681013386218,0.0113578891049887,0.507849767267791,33.68039563968033,1.1204166666666666,1.1756538461538462,1.1072206678015533,1.1382722345855063,-0.0310515667839532,-0.009022968875623,-0.0112946067623427,-0.5854922279792747
1.066,1.079,1.066,1.079,1.066,0.013,1.22,65,6968.0,0.03,-0.1160000000000001,-0.165,1.0614,1.0889000000000002,1.16005,1.0719976437849157,1.093860152103924,1.126865357761269,0.0129999999999999,0.0223571428571428,0.0129999999999999,0.0,0.0062846655287203,0.0105466113117752,0.5958942965598372,37.33920835761909,1.1074166666666667,1.1715,1.1028790266013142,1.1338816986902838,-0.0310026720889695,-0.0147077064928065,-0.0152362198276681,-0.59375
1.075,1.084,1.075,1.082,1.079,0.003,0.28,368,39779.0,0.026,-0.0979999999999998,-0.161,1.0666,1.0791,1.152,1.0753317625232772,1.0917037608123017,1.1225924665459102,0.0090000000000001,0.0223571428571428,0.0030000000000001,0.0,0.0060500465623831,0.0097932819323627,0.617775185496323,38.1867141389484,1.0971666666666666,1.1685,1.0996668686626505,1.1300386098984108,-0.0303717412357602,-0.0197296274072692,-0.0182633241092865,4.661538461538462
1.06,1.06,1.06,1.06,1.082,-0.022,-2.03,70,7420.0,0.016,-0.1049999999999999,-0.1919999999999999,1.0698,1.0686,1.1424,1.0702211750155182,1.0859394406646103,1.1166312792558235,0.022,0.0237142857142857,0.0,0.022,0.0056179003793557,0.0106651903657653,0.5267510646025523,34.50143751756135,1.0859166666666666,1.164153846153846,1.0935642734837812,1.1248505647207507,-0.0312862912369695,-0.0240952455385239,-0.0208679175348231,-0.8097826086956521
1.006,1.053,1.006,1.053,1.06,-0.007,-0.66,321,33777.0,-0.0090000000000001,-0.0809999999999999,-0.2019999999999999,1.068,1.0605,1.1323,1.064480783343679,1.079950451452863,1.1105711574219357,0.054,0.0254285714285714,0.0,0.0070000000000001,0.0052166217808303,0.010403391053925,0.5014347488997108,33.397039016658894,1.0753333333333333,1.1578076923076923,1.087323616024738,1.119528300667362,-0.032204684642624,-0.0272498754959372,-0.0231352709563833,3.5857142857142854
1.015,1.026,1.015,1.024,1.053,-0.029,-2.75,120,12275.0,-0.042,-0.03,-0.219,1.0596,1.0575,1.12135,1.050987188895786,1.069777642097797,1.1023262852865132,0.038,0.0274285714285714,0.0,0.0289999999999999,0.0048440059393425,0.0117317202643589,0.4128981794817111,29.22349150688079,1.063583333333333,1.1500769230769232,1.0775815212517013,1.1124521302475574,-0.0348706089958561,-0.0296325008921842,-0.0254823385642778,-0.6261682242990654
1.024,1.024,1.024,1.024,1.024,0.0,0.0,5,474.0,-0.0549999999999999,-0.0249999999999999,-0.1879999999999999,1.0486,1.0550000000000002,1.11195,1.0419914592638575,1.0614544344436518,1.09486663906875,0.0,0.026,0.0,-0.0,0.0044980055151037,0.0108937402454761,0.412898179481711,29.223491506880784,1.0544166666666668,1.141846153846154,1.0693382102899012,1.1059001205995902,-0.036561910309689,-0.0314451719347902,-0.0276982529133601,-0.9583333333333334
1.048,1.048,1.048,1.048,1.024,0.024,2.34,51,5345.0,-0.034,-0.008,-0.1859999999999999,1.0417999999999998,1.0542000000000002,1.10265,1.0439943061759052,1.059008173635715,1.090403149633631,0.024,0.0262857142857142,0.024,0.0,0.0058910051211677,0.0101156159422278,0.5823674163602479,36.80355209157466,1.0539166666666666,1.1343076923076922,1.0660554087068397,1.1016112227773984,-0.0355558140705589,-0.032471552004685,-0.0292697651447998,9.2
1.059,1.063,1.059,1.063,1.048,0.015,1.43,24,2548.0,0.0029999999999998,0.0189999999999999,-0.175,1.0424,1.0561,1.0939,1.0503295374506034,1.0597339602474032,1.0877933258589996,0.0149999999999999,0.0245714285714285,0.0149999999999999,0.0,0.0065416476125129,0.0093930719463544,0.696433248874647,41.05279411003267,1.0550833333333334,1.1273846153846154,1.0655853458288642,1.0987511322012948,-0.0331657863724306,-0.032896786192979,-0.030048969390326,-0.5294117647058824
1.05,1.05,1.05,1.05,1.063,-0.013,-1.22,7,735.0,-0.0029999999999998,-0.012,-0.185,1.0418,1.0549,1.08465,1.0502196916337356,1.0579641492933298,1.0841939614914755,0.0129999999999999,0.0197857142857142,0.0,0.0129999999999999,0.006074387068762,0.0096507096644719,0.629423874507819,38.62861495741504,1.0545833333333334,1.119615384615385,1.063187600316731,1.0951399372234212,-0.0319523369066898,-0.032996871762172,-0.0304296428935988,-0.7083333333333333
0.973,1.011,0.973,1.005,1.05,-0.045,-4.29,398,39832.0,-0.0190000000000001,-0.0610000000000001,-0.2000000000000001,1.038,1.0488,1.07465,1.0351464610891572,1.0483343039672697,1.0766516794446686,0.077,0.0239285714285714,0.0,0.0450000000000001,0.0056405022781361,0.0121756589741525,0.4632605339973996,31.659470288031624,1.0513333333333332,1.11,1.054235661806465,1.088462904836501,-0.0342272430300361,-0.0333551574222905,-0.0311891629208862,55.85714285714285
0.959,0.992,0.959,0.992,1.005,-0.013,-1.29,59,5778.0,-0.032,-0.0869999999999999,-0.203,1.0316,1.0401,1.0645,1.0207643073927717,1.0380917032459478,1.0685896147356524,0.0459999999999999,0.0256428571428571,0.0,0.0129999999999999,0.0052376092582692,0.0122345404759987,0.4281002027451867,29.97690231555634,1.0455,1.100346153846154,1.0446609446054704,1.0813175044782417,-0.0366565598727712,-0.0340534706041806,-0.0322826423112632,-0.8517587939698492
0.992,1.04,0.992,1.04,0.992,0.048,4.84,129,13254.0,-0.008,-0.042,-0.1399999999999999,1.03,1.0359,1.0575,1.0271762049285145,1.038438666292139,1.0658667942846378,0.048,0.0281428571428571,0.048,0.0,0.0082920657398214,0.0113606447277131,0.7298939398741872,42.19298785029974,1.0433333333333332,1.0937307692307692,1.0439438762046287,1.0782569485909643,-0.0343130723863358,-0.0343897796207768,-0.0326887283262777,1.1864406779661016
1.037,1.037,1.037,1.037,1.04,-0.003,-0.29,103,10681.0,-0.026,-0.0230000000000001,-0.1280000000000001,1.0248,1.0336,1.0511,1.0304508032856765,1.038177090602659,1.063117575781339,0.0030000000000001,0.0268571428571428,0.0,0.0030000000000001,0.0076997753298342,0.0107634558185908,0.7153627477649935,41.70329271153083,1.0398333333333334,1.0861538461538462,1.0428755875577629,1.0752008783249671,-0.0323252907672044,-0.0344031803012858,-0.0326160408144631,-0.2015503875968992
1.018,1.018,0.982,0.982,1.037,-0.055,-5.3,100,10044.0,-0.068,-0.0709999999999999,-0.1519999999999999,1.0112,1.0265,1.0435,1.0143005355237842,1.0279630741294483,1.0553920923735924,0.0549999999999999,0.0297857142857142,0.0,0.0549999999999999,0.0071497913777032,0.0139232089744057,0.5135160573145366,33.92868247633124,1.0315,1.0763076923076922,1.033510112548876,1.0682971095601548,-0.0347869970112786,-0.0343938900807772,-0.0330502320538262,-0.0291262135922329
1.0,1.027,1.0,1.027,0.982,0.045,4.58,31,3109.0,0.022,0.0029999999999998,-0.0270000000000001,1.0155999999999998,1.0268000000000002,1.04215,1.0185336903491895,1.0277879697422758,1.0526880835761074,0.0449999999999999,0.0320714285714285,0.0449999999999999,0.0,0.0098533777078672,0.0129286940476624,0.7621324838798211,43.25057797026568,1.02875,1.0683076923076924,1.032508556772126,1.0652380644075508,-0.0327295076354248,-0.0339680675614145,-0.0329860871701459,-0.69
1.028,1.028,0.997,0.997,1.027,-0.03,-2.92,9,904.0,0.005,-0.027,-0.0519999999999999,1.0166,1.0241,1.03955,1.0113557935661264,1.022190157061862,1.047384456568859,0.031,0.0336428571428571,0.0,0.0299999999999999,0.0091495650144481,0.014148073044258,0.6467004365772284,39.2725004628915,1.0240833333333332,1.0603076923076924,1.0270457018841066,1.0601833929699545,-0.0331376910858478,-0.0336993872297799,-0.0330164079532863,-0.7096774193548387
1.022,1.022,1.022,1.022,0.997,0.025,2.51,7,715.0,-0.018,-0.026,-0.034,1.013,1.0215,1.03785,1.0149038623774178,1.0221555830506144,1.0449668892765869,0.025,0.0338571428571428,0.025,0.0,0.0102817389419875,0.0131374963982395,0.7826254432591387,43.902966055969685,1.0239166666666666,1.053653846153846,1.0262694400557826,1.0573549934906985,-0.0310855534349159,-0.0334682502367227,-0.0326302370496122,-0.2222222222222222
1.03,1.063,1.03,1.042,1.022,0.02,1.96,147,15549.0,0.0050000000000001,-0.0209999999999999,-0.002,1.0139999999999998,1.0194,1.03775,1.023935908251612,1.0257636588595935,1.0446843283931022,0.0409999999999999,0.0329285714285714,0.02,0.0,0.0109759004461313,0.0121991037983653,0.899730064400477,47.36094254972044,1.0254166666666666,1.0483461538461538,1.0286895262010467,1.0562175865654615,-0.0275280603644147,-0.0329766639542477,-0.0316098017125727,20.0
1.069,1.069,1.067,1.069,1.042,0.027,2.59,365,39018.0,0.0869999999999999,0.0189999999999999,0.0069999999999998,1.0314,1.0213,1.0381,1.0389572721677414,1.0336248117942128,1.047000106641378,0.0269999999999999,0.0321428571428571,0.0269999999999999,0.0,0.0121204789856933,0.0113277392413392,1.0699821674444217,51.690405080417214,1.0271666666666666,1.0446538461538462,1.0348911375547318,1.057164432005057,-0.0222732944503252,-0.0316484474453909,-0.0297425002601232,1.4829931972789114
1.007,1.058,1.007,1.058,1.069,-0.011,-1.03,67,7068.0,0.0310000000000001,0.0530000000000001,-0.008,1.0376,1.0266,1.0376999999999998,1.0453048481118277,1.0380566641952649,1.0480477155326755,0.062,0.0365714285714285,0.0,0.0109999999999998,0.0112547304867152,0.0113043292955292,0.9956124058741268,49.89006898050548,1.02675,1.0417307692307691,1.0384463471616965,1.0572263259306085,-0.018779978768912,-0.0296621606560732,-0.027549995961881,-0.8164383561643835
1.06,1.067,1.042,1.045,1.058,-0.013,-1.23,93,9770.0,0.0479999999999999,0.0529999999999999,-0.034,1.0472,1.0318999999999998,1.036,1.045203232074552,1.039319088887035,1.047757456910516,0.0249999999999999,0.0366428571428571,0.0,0.0130000000000001,0.0104508211662356,0.0114254486315629,0.9146967881300628,47.77240938620767,1.026333333333333,1.0413846153846154,1.039454601444512,1.0563206721579703,-0.0168660707134584,-0.0277236049146424,-0.0254132109121965,0.3880597014925373
1.067,1.067,1.053,1.067,1.045,0.022,2.11,82,8703.0,0.0449999999999999,0.0269999999999999,-0.0150000000000001,1.0562,1.0346,1.03525,1.0524688213830349,1.0443519818166649,1.0495900800618954,0.022,0.0371428571428571,0.022,0.0,0.0112757625115045,0.0106093451578798,1.0628141835059153,51.52253615493271,1.0315,1.0420769230769231,1.0436923550684334,1.0571117334796023,-0.0134193784111689,-0.025622947986194,-0.0230144444119909,-0.1182795698924731
1.046,1.065,1.044,1.044,1.067,-0.023,-2.16,92,9651.0,0.002,0.0070000000000001,-0.016,1.0566,1.0353,1.03445,1.0496458809220233,1.0442879851227258,1.049057691484572,0.0229999999999999,0.0378571428571428,0.0,0.0229999999999999,0.0104703509035398,0.0114943919323169,0.9109095083231016,47.66889820557021,1.0358333333333334,1.0416153846153846,1.0437396850579053,1.056140493962595,-0.0124008089046894,-0.0231355937521286,-0.0208917173105306,0.1219512195121952
1.07,1.074,1.07,1.074,1.044,0.03,2.87,140,15000.0,0.0050000000000001,0.092,0.0210000000000001,1.0576,1.0445,1.0355,1.0577639206146825,1.0496901696458665,1.051433149438422,0.03,0.0344999999999999,0.03,0.0,0.0118653258390013,0.0106733639371514,1.1116763101931622,52.64425730530043,1.0386666666666666,1.042769230769231,1.04839511812592,1.0574634203357358,-0.0090683022098159,-0.0205065709270609,-0.0185270342903877,0.5217391304347827
1.088,1.088,1.08,1.08,1.074,0.006,0.56,64,6915.0,0.022,0.0530000000000001,0.056,1.062,1.0497999999999998,1.0383,1.065175947076455,1.0552010478920726,1.054153801872858,0.014,0.0322142857142857,0.006,0.0,0.0114463739933583,0.0099109807987835,1.1549183905959444,53.59453033748303,1.04225,1.0434615384615389,1.0532574076450092,1.0591327966071629,-0.0058753889621536,-0.0174774262466504,-0.0159967052247409,-0.5428571428571429
1.065,1.065,1.065,1.065,1.08,-0.015,-1.39,8,852.0,0.02,0.0679999999999999,0.0409999999999999,1.066,1.0566,1.04035,1.06511729805097,1.0569826755480594,1.055186773123062,0.0150000000000001,0.0298571428571428,0.0,0.0150000000000001,0.0106287758509756,0.010274482170299,1.0344828746407109,50.847460430130205,1.0491666666666666,1.0434230769230768,1.0550639603150078,1.0595674042658916,-0.0045034439508837,-0.0145238585262024,-0.0136980529699694,-0.875
1.065,1.065,1.065,1.065,1.065,0.0,0.0,25,2623.0,-0.002,0.0429999999999999,0.0169999999999999,1.0656,1.0609000000000002,1.0412,1.0650781987006468,1.0584403709029575,1.0561213661589608,0.0,0.0296428571428571,0.0,-0.0,0.0098695775759059,0.0095405905867062,1.0344828746407109,50.847460430130205,1.0523333333333331,1.0428846153846154,1.0565925818050066,1.0599698187647144,-0.0033772369597078,-0.0118404337034572,-0.0116338897679171,2.125
1.078,1.078,1.076,1.077,1.065,0.012,1.13,108,11626.0,0.0329999999999999,0.0349999999999999,0.014,1.0722,1.0643999999999998,1.0418999999999998,1.0690521324670978,1.0618148489206016,1.058109807477155,0.0130000000000001,0.0266428571428571,0.012,0.0,0.0100217506061983,0.0088591198305129,1.1312354723638678,53.078859048322514,1.059,1.0426923076923076,1.0597321846042362,1.061231313671032,-0.0014991290667956,-0.0095321931052872,-0.0096069376276928,3.3200000000000003
1.041,1.055,1.029,1.029,1.077,-0.048,-4.46,113,11826.0,-0.0450000000000001,-0.04,-0.0210000000000001,1.0632,1.0604,1.04085,1.055701421644732,1.0558485127532196,1.0553374448602832,0.048,0.0268571428571428,0.0,0.048,0.0093059112771842,0.0116548969854762,0.7984550432990315,44.39671963300065,1.059583333333333,1.0415,1.0550041562035846,1.0588438089546592,-0.0038396527510746,-0.0078721568810831,-0.0084534806523692,0.0462962962962962
1.046,1.046,1.045,1.045,1.029,0.016,1.55,47,4912.0,-0.0350000000000001,-0.0130000000000001,0.04,1.0562,1.0591000000000002,1.04285,1.052134281096488,1.0538760558889977,1.054352926302161,0.0170000000000001,0.0258571428571428,0.016,0.0,0.009784060471671,0.0108224043436565,0.9040560822702854,47.48053855600418,1.0598333333333334,1.0411923076923078,1.053465055249187,1.0578183416246845,-0.0043532863754973,-0.0064818475101985,-0.0076334417969948,-0.584070796460177
0.956,1.051,0.956,1.051,1.045,0.006,0.57,14,1452.0,-0.014,0.006,0.0589999999999999,1.0534,1.0597,1.0458,1.0517561873976586,1.0533531366364526,1.054033599987669,0.0949999999999999,0.0308571428571428,0.006,0.0,0.0095137704379802,0.0100493754619667,0.946702655700984,48.63108666999213,1.0583333333333331,1.0422307692307693,1.053085815980081,1.0573132792821154,-0.004227463302034,-0.0054605236091835,-0.0069522460980026,-0.7021276595744681
1.045,1.045,1.025,1.029,1.051,-0.022,-2.09,118,12201.0,-0.036,-0.038,-0.0110000000000001,1.0462,1.0558999999999998,1.0452499999999998,1.044170791598439,1.048925293611643,1.0516494476078913,0.026,0.0297857142857143,0.0,0.022,0.0088342154066959,0.0109029915003977,0.8102561032331075,44.7591974299103,1.0559166666666666,1.042423076923077,1.0493803058292996,1.055215999335292,-0.0058356935059924,-0.0047310663426617,-0.0067289355796006,7.428571428571429
1.04,1.04,1.04,1.04,1.029,0.011,1.07,248,25792.0,-0.0369999999999999,-0.004,0.0030000000000001,1.0388,1.0555,1.0454,1.0427805277322928,1.047302512954981,1.0505399764071397,0.0110000000000001,0.0286428571428571,0.0110000000000001,0.0,0.0089889143062176,0.0101242063932264,0.8878635971143041,47.03007137122878,1.0555,1.0421153846153846,1.0479371818555612,1.0540888882734187,-0.0061517064178575,-0.0044070001435552,-0.006613489747252,1.1016949152542377
1.031,1.059,1.031,1.051,1.04,0.011,1.06,1117,116024.0,0.022,-0.0230000000000001,0.0689999999999999,1.0432,1.0532,1.04885,1.0455203518215286,1.0479747833268025,1.0505837881778883,0.028,0.0262142857142857,0.0109999999999998,0.0,0.0091325632843449,0.0094010487937102,0.9714408982171296,49.27567948375481,1.0541666666666667,1.041653846153846,1.0484083846470131,1.0538600817346468,-0.0054516970876337,-0.0043599232686085,-0.0063811312153283,3.504032258064516
1.054,1.067,1.054,1.067,1.051,0.016,1.52,443,46708.0,0.022,-0.0130000000000001,0.04,1.0476,1.0519,1.05085,1.0526802345476858,1.05143391363102,1.0521472369228513,0.016,0.0255714285714286,0.016,0.0,0.0096230944783203,0.0087295453084452,1.1023591880565218,52.43438867720661,1.0560833333333333,1.0423076923076924,1.0512686331628571,1.054833409013562,-0.0035647758507046,-0.0042556268130331,-0.0058178601424036,-0.603401969561325
1.05,1.05,1.05,1.05,1.067,-0.017,-1.59,3,315.0,-0.0009999999999998,-0.0149999999999999,0.053,1.0474,1.0504,1.0535,1.0517868230317906,1.0511732020617437,1.051942738168294,0.0169999999999999,0.0252142857142857,0.0,0.0169999999999999,0.0089357305870117,0.0093202920721277,0.958739331113236,48.94675447030224,1.0540833333333333,1.0440384615384617,1.05107345883011,1.054475378716261,-0.003401919886151,-0.0042583693604156,-0.0053346720911531,-0.9932279909706546
1.049,1.049,1.049,1.049,1.05,-0.001,-0.1,146,15315.0,0.02,-0.016,0.0269999999999999,1.0514,1.0488,1.05485,1.0508578820211938,1.050778074414154,1.0516624773903611,0.0010000000000001,0.0236428571428571,0.0,0.0010000000000001,0.0082974641165109,0.0087259854955472,0.9508913486900752,48.7413791305472,1.0515,1.0462307692307693,1.050754465163939,1.0540697951076492,-0.0033153299437098,-0.0044601694578505,-0.0049308036616644,47.66666666666666
1.037,1.037,1.029,1.029,1.049,-0.02,-1.91,108,11164.0,-0.0110000000000001,-0.048,-0.0130000000000001,1.0492,1.0439999999999998,1.0542,1.0435719213474626,1.0468184245206713,1.0495041462103267,0.02,0.0229285714285714,0.0,0.02,0.0077047881081887,0.0095312722458652,0.8083693246230692,44.701561435276126,1.0485,1.0458076923076922,1.0474076243694872,1.0522127732478233,-0.004805148878336,-0.004567446805324,-0.0049056727049987,-0.2602739726027397
1.032,1.033,1.031,1.033,1.029,0.004,0.39,735,75861.0,-0.018,0.004,-0.036,1.0456,1.0444,1.0524,1.040047947564975,1.044305983698731,1.047932322761724,0.004,0.0222142857142857,0.004,0.0,0.0074401603861752,0.0088504670854463,0.8406517209029349,45.67141688763107,1.0458333333333332,1.045653846153846,1.0451910667741815,1.0507896048590957,-0.0055985380849141,-0.0047058081063703,-0.0050442457809818,5.805555555555555
1.047,1.051,1.047,1.047,1.033,0.014,1.36,279,29305.0,-0.02,0.002,-0.0110000000000001,1.0416,1.0446,1.05185,1.0423652983766505,1.044795804844416,1.0478435301177504,0.018,0.0224285714285714,0.014,0.0,0.0079087203585912,0.0082182908650572,0.9623315222655056,49.04021116444672,1.0433333333333332,1.0481538461538462,1.0454693641935382,1.0505088933880515,-0.0050395291945133,-0.0047960376499792,-0.0050433024636881,-0.6204081632653061
1.047,1.051,1.047,1.051,1.047,0.004,0.38,265,27783.0,0.0009999999999998,0.0,0.006,1.0417999999999998,1.0446,1.05215,1.0452435322511002,1.0459238403272495,1.0481441462970122,0.004,0.0227142857142857,0.004,0.0,0.0076295260472633,0.0076312700889817,0.9997714611462968,49.9942858757077,1.0451666666666666,1.049076923076923,1.0463202312406863,1.0505452716556034,-0.0042250404149171,-0.0046170761954152,-0.0048796500539339,-0.050179211469534
1.052,1.052,1.052,1.052,1.051,0.001,0.1,1,105.0,0.0030000000000001,0.0230000000000001,-0.0149999999999999,1.0424,1.0469000000000002,1.0514,1.0474956881674002,1.047028596631386,1.0485113704592015,0.0010000000000001,0.0218571428571428,0.0010000000000001,0.0,0.0071559884724588,0.0070861793683402,1.009851444691126,50.245078926533296,1.04575,1.0511923076923078,1.0471940418190422,1.050653029310744,-0.0034589874917017,-0.0043178852036201,-0.0045955175414874,-0.9962264150943396
1.05,1.05,1.05,1.05,1.052,-0.002,-0.19,2,210.0,0.0210000000000001,0.01,0.006,1.0466,1.0478999999999998,1.0517,1.048330458778267,1.0475688517893156,1.0486531447011824,0.002,0.0185714285714286,0.0,0.002,0.0066448464387117,0.0067228808420302,0.9883927136071512,49.708123895410175,1.0456666666666667,1.0522692307692307,1.0476257276930356,1.0506046567692071,-0.0029789290761716,-0.0040431332023466,-0.0042721998484243,1.0
1.063,1.063,1.063,1.063,1.05,0.013,1.24,10,1063.0,0.03,0.012,-0.0110000000000001,1.0526,1.0491,1.05115,1.053220305852178,1.0503745151003492,1.0500195118724984,0.0129999999999999,0.0182857142857143,0.0129999999999999,0.0,0.0070987859788037,0.0062426750675994,1.1371384705969492,53.208460108779086,1.0485,1.053076923076923,1.0499910003556456,1.051522830341859,-0.001531829986213,-0.0038172503285142,-0.003724125875982,4.0
1.056,1.057,1.056,1.057,1.063,-0.006,-0.56,7,740.0,0.01,-0.01,-0.0230000000000001,1.0546,1.0480999999999998,1.0499999999999998,1.054480203901452,1.0515791487184674,1.0506843202655938,0.0069999999999998,0.012,0.0,0.006,0.0065917298374606,0.0062253411341995,1.0588543977531353,51.429299658522815,1.0499166666666666,1.0526153846153845,1.0510693079932385,1.051928546612832,-0.0008592386195935,-0.0035347301877856,-0.0031511484247043,-0.3
1.034,1.034,1.033,1.033,1.057,-0.024,-2.27,70,7232.0,-0.018,-0.0170000000000001,-0.032,1.0509999999999995,1.0464,1.0484,1.0473201359343014,1.048201121678746,1.0490000992879185,0.024,0.0118571428571428,0.0,0.024,0.0061208919919277,0.0074949596246138,0.8166677738765151,44.95416198933612,1.0484166666666666,1.051653846153846,1.0482894144558172,1.0505264320489185,-0.0022370175931012,-0.0034149177043846,-0.0029683222583837,9.0
1.027,1.027,1.026,1.026,1.033,-0.007,-0.68,79,8107.0,-0.026,-0.0229999999999999,-0.0389999999999999,1.0458,1.0440999999999998,1.04645,1.0402134239562009,1.044164554100792,1.0468096136414498,0.0069999999999998,0.0115714285714285,0.0,0.0069999999999998,0.0056836854210757,0.0074596053657128,0.761928432192958,43.24400573096123,1.045,1.0509230769230768,1.0448602737703068,1.0487096593045542,-0.0038493855342474,-0.0033087217772637,-0.0031445349135564,0.1285714285714285
1.005,1.005,0.998,1.0,1.026,-0.026,-2.53,191,19130.0,-0.05,-0.0289999999999999,-0.0769999999999999,1.0358,1.0412,1.0426,1.026808949304134,1.0361346351733751,1.042351555199407,0.028,0.0115714285714285,0.0,0.026,0.0052777078909989,0.0087839192681619,0.6008374769709495,37.53269682990143,1.0408333333333333,1.0483461538461538,1.0379586931902596,1.0451015363931058,-0.0071428432028461,-0.0034803112348117,-0.0039441965714144,1.4177215189873418
0.999,0.999,0.999,0.999,1.0,-0.001,-0.1,10,999.0,-0.0639999999999999,-0.0339999999999999,-0.0299999999999999,1.023,1.0378,1.0411,1.0175392995360897,1.0293828833236705,1.0382228356566063,0.001,0.0104999999999999,0.0,0.001,0.0049007287559275,0.0082279250347217,0.5956214641293555,37.32849410209921,1.0366666666666666,1.0466153846153845,1.031965048084066,1.0416866077713942,-0.0097215596873283,-0.0040005368451244,-0.0050996691945972,-0.9476439790575916
1.003,1.003,1.002,1.003,0.999,0.004,0.4,81,8117.0,-0.054,-0.044,-0.042,1.0122,1.0334,1.039,1.0126928663573929,1.0245859954466394,1.0348682798797866,0.0039999999999998,0.0095714285714285,0.0039999999999998,0.0,0.004836390987647,0.0076402161036702,0.6330175641659797,38.76367150339112,1.0345000000000002,1.0438846153846153,1.0275088868403637,1.0388209331216611,-0.0113120462812978,-0.004787981941389,-0.0063421446119373,7.1
1.003,1.003,0.989,0.989,1.003,-0.014,-1.4,115,11443.0,-0.0439999999999999,-0.0619999999999999,-0.0619999999999999,1.0034,1.0272,1.0359,1.004795244238262,1.0181158144563414,1.030499872272188,0.0139999999999999,0.0104999999999999,0.0,0.0139999999999999,0.0044909344885293,0.0080944863819794,0.554814014948176,35.683625797949134,1.0308333333333333,1.0403846153846157,1.0215844427110767,1.035130493631168,-0.0135460509200913,-0.0059087667667656,-0.0077829258735681,0.4197530864197532
0.988,1.006,0.988,1.006,0.989,0.017,1.72,157,15730.0,-0.02,-0.046,-0.0229999999999999,0.9994,1.0226,1.03475,1.0051968294921747,1.0159129391006427,1.0281665511034082,0.018,0.0103571428571428,0.017,0.0,0.0053844391679201,0.0075163087832666,0.7163674781306683,41.73741854575798,1.0274166666666666,1.0381153846153846,1.019186836140142,1.0329726792881184,-0.0137858431479764,-0.0071095349969661,-0.0089835093284498,0.3652173913043477
1.002,1.002,1.0,1.0,1.006,-0.006,-0.6,70,7000.0,0.0,-0.05,-0.04,0.9994,1.0176,1.03275,1.0034645529947832,1.0130196774459803,1.025484022426893,0.006,0.0104999999999999,0.0,0.006,0.0049998363702115,0.0074080010130333,0.6749238237704133,40.29579221406591,1.0231666666666668,1.0356153846153846,1.0162350151955049,1.0305302586001095,-0.0142952434046046,-0.0085276920434541,-0.0100458561436807,-0.554140127388535
1.01,1.01,1.01,1.01,1.0,0.01,1.0,10,1010.0,0.011,-0.0529999999999999,-0.0409999999999999,1.0016,1.0123,1.0307,1.0056430353298556,1.0124706451830747,1.0240093536243318,0.01,0.0099285714285714,0.01,0.0,0.0053569909151964,0.0068788580835309,0.7787616563891476,43.78111331509241,1.0196666666666665,1.0330384615384616,1.015275782088504,1.0290094987038052,-0.013733716615301,-0.0099581895985327,-0.0107834282380048,-0.8571428571428572
1.001,1.013,1.001,1.013,1.01,0.003,0.3,110,11083.0,0.01,-0.044,-0.054,1.0036,1.0078999999999998,1.028,1.0080953568865705,1.0125668915134247,1.0229608437553477,0.012,0.0104999999999999,0.0029999999999998,0.0,0.0051886344212538,0.0063875110775644,0.8123092638505837,44.82177959652888,1.0165833333333334,1.0324230769230769,1.0149256617671958,1.0278236099109308,-0.012897948143735,-0.011142737437492,-0.0112063322191508,10.0
1.015,1.02,1.015,1.02,1.013,0.007,0.69,273,27835.0,0.031,-0.0129999999999999,-0.03,1.0098,1.0066,1.0265,1.0120635712577135,1.0139183657837112,1.0226788586357909,0.0070000000000001,0.0109285714285714,0.0070000000000001,0.0,0.0053180176768785,0.0059312602863098,0.896608380035735,47.274302353279786,1.013,1.0314615384615384,1.0157063291876272,1.0272440832508618,-0.0115377540632346,-0.0119970006073795,-0.0112726165879676,1.481818181818182
1.029,1.049,1.029,1.049,1.02,0.029,2.84,315,32789.0,0.0429999999999999,0.0229999999999999,0.0,1.0184,1.0089,1.0265,1.0243757141718093,1.0202968447321272,1.0251856340038106,0.0289999999999999,0.0128571428571428,0.0289999999999999,0.0,0.0070095878428158,0.0055075988372877,1.2727121291694794,55.999706818767606,1.0123333333333335,1.0313846153846151,1.0208284323895307,1.0288556326396867,-0.008027200250156,-0.012095262501525,-0.0106235333204053,0.1538461538461537
1.05,1.05,1.05,1.05,1.049,0.001,0.1,1,105.0,0.05,0.05,0.0210000000000001,1.0284,1.0139,1.02755,1.0329171427812065,1.025697418417195,1.0275489069558286,0.0010000000000001,0.0119999999999999,0.0010000000000001,0.0,0.0065803315683289,0.0051141989203386,1.2866788466439438,56.26845451132523,1.01375,1.0321923076923076,1.0253163658680644,1.030421882073784,-0.0051055162057196,-0.0115823687813463,-0.0095199298974681,-0.9968253968253968
1.045,1.048,1.045,1.048,1.05,-0.002,-0.19,61,6375.0,0.038,0.049,0.0150000000000001,1.036,1.0188,1.0283000000000002,1.0379447618541375,1.0297524332504322,1.0294966301028925,0.0050000000000001,0.0118571428571428,0.0,0.002,0.0061103078848769,0.0048917561403144,1.2491031256689271,55.53783245476659,1.0155833333333333,1.0325000000000002,1.028806155734516,1.0317239648831331,-0.0029178091486172,-0.010649675766604,-0.0081995057476979,60.0
1.049,1.053,1.049,1.053,1.048,0.005,0.48,258,27054.0,0.04,0.05,0.006,1.044,1.0238,1.0286,1.042963174569425,1.0339792635685354,1.0317350462835693,0.0049999999999998,0.0104999999999999,0.0049999999999998,0.0,0.0060310001788142,0.0045423449874348,1.3277283419681711,57.03966042899718,1.02,1.032576923076923,1.0325282856215137,1.0332999674843828,-0.0007716818628691,-0.0092303014269126,-0.0067139409707322,3.2295081967213117
1.056,1.071,1.056,1.062,1.053,0.009,0.85,521,55339.0,0.042,0.073,0.0110000000000001,1.0524,1.0311,1.02915,1.0493087830462833,1.039073942919711,1.0346174228279912,0.018,0.0112857142857142,0.0090000000000001,0.0,0.0062430715946132,0.0042178917740466,1.4801402997174804,59.6797003736477,1.02525,1.0323846153846152,1.0370623955258962,1.035425895818873,0.0016364997070232,-0.0075167077763571,-0.0050438528351811,1.0193798449612403
1.062,1.062,1.059,1.062,1.062,0.0,0.0,18,1909.0,0.0130000000000001,0.056,0.01,1.0550000000000002,1.0367000000000002,1.02965,1.0535391886975225,1.0432423169343088,1.0372252873205634,0.0030000000000001,0.0095,0.0,-0.0,0.0057971379092837,0.0039166137901861,1.4801402997174804,59.6797003736477,1.030166666666667,1.0328461538461535,1.0408989500603738,1.0373943479804375,0.003504602079936,-0.0055389471669637,-0.0033341618521576,-0.965451055662188
1.067,1.067,1.052,1.052,1.062,-0.01,-0.94,95,10025.0,0.002,0.052,0.002,1.0554,1.0419,1.02975,1.0530261257983482,1.0448346229462526,1.0386324028138432,0.0149999999999999,0.0105,0.0,0.01,0.0053830566300491,0.0043511413766014,1.2371596701033347,55.30046364755852,1.0354166666666669,1.0329615384615385,1.0426068038972394,1.038476248130035,0.0041305557672044,-0.0035540280133519,-0.0018412183282852,4.277777777777778
1.062,1.075,1.062,1.075,1.052,0.023,2.19,183,19609.0,0.0269999999999999,0.0649999999999999,0.012,1.0608,1.0484,1.03035,1.060350750532232,1.0503192369560248,1.042095983498239,0.0229999999999999,0.0118571428571428,0.0229999999999999,0.0,0.0066414097279028,0.004040345563987,1.6437726978355365,62.17526564145615,1.0411666666666666,1.0347307692307692,1.0475903725284332,1.0411817112315138,0.0064086612969194,-0.0014088491866126,-0.0001912424032443,0.9263157894736842
1.078,1.082,1.078,1.082,1.075,0.007,0.65,1169,125973.0,0.0290000000000001,0.0690000000000001,0.0250000000000001,1.0666,1.0553,1.0316,1.067567167021488,1.056079375691293,1.0458963660222165,0.0070000000000001,0.0113571428571428,0.0070000000000001,0.0,0.0066670233187668,0.0037517494522736,1.7770438574266956,63.99048587851132,1.048,1.0366153846153847,1.052884161370213,1.0442052881773276,0.008678873192885,0.000837442730734,0.0015827807159815,5.387978142076503
1.084,1.09,1.08,1.09,1.082,0.008,0.74,763,82738.0,0.028,0.07,0.0570000000000001,1.0722,1.0623,1.03445,1.0750447780143255,1.0622467619292395,1.0500967121153388,0.01,0.0107857142857143,0.008,0.0,0.0067622359388549,0.0034837673485398,1.941069900000427,65.99876799936463,1.0546666666666666,1.0382692307692307,1.05859429039018,1.047597489053081,0.0109968013370989,0.0029512206848734,0.003465584840205,-0.3473053892215568
1.095,1.105,1.091,1.091,1.09,0.001,0.09,850,93534.0,0.0289999999999999,0.042,0.0649999999999999,1.078,1.0665,1.0377,1.0803631853428837,1.0674746233966506,1.0539922633424494,0.0149999999999999,0.0114285714285714,0.0009999999999998,0.0,0.0063506476575081,0.0032349268236441,1.963150328808427,66.25213407913292,1.0611666666666666,1.0398076923076922,1.0635797841763062,1.050812489863964,0.0127672943123422,0.0049370885202136,0.0053259267346324,0.1140235910878113
1.094,1.138,1.092,1.138,1.091,0.047,4.31,3832,418995.0,0.0859999999999998,0.0879999999999998,0.1379999999999999,1.0952000000000002,1.0753,1.0446,1.0995754568952558,1.080297419142714,1.0619930001669782,0.0469999999999999,0.0140714285714285,0.0469999999999999,0.0,0.009254172824829,0.0030038606219552,3.0807597253980816,75.49475913085156,1.071,1.0431153846153849,1.0750290481491822,1.0572708239481148,0.0177582242010674,0.0072344255590675,0.0078123862279194,3.5082352941176467
1.138,1.141,1.11,1.137,1.138,-0.001,-0.09,9814,1114127.0,0.062,0.0889999999999999,0.138,1.1076,1.0842,1.0515,1.1120503045968373,1.090606979298584,1.0691365239605992,0.0309999999999999,0.0154285714285714,0.0,0.0009999999999998,0.0085931604801983,0.002860727720387,3.0038372470609724,75.02395980920421,1.0783333333333334,1.0464615384615383,1.0845630407416156,1.0631766888408472,0.0213863519007684,0.0096964293105828,0.0105271793624892,1.5610647181628394
1.117,1.12,1.11,1.115,1.137,-0.022,-1.93,294,32616.0,0.0329999999999999,0.062,0.1120000000000001,1.1142,1.0904,1.0571,1.1130335363978916,1.0950420739715685,1.0735044740595898,0.0269999999999999,0.0168571428571428,0.0,0.022,0.0079793633030413,0.0042278185975022,1.8873476046856628,65.36613747589054,1.08375,1.0484615384615383,1.08924564985829,1.067015452630414,0.022230197227876,0.0119846179240108,0.0128677829355666,-0.970042796005706
1.122,1.124,1.118,1.118,1.115,0.003,0.27,5657,634999.0,0.028,0.056,0.1290000000000001,1.1198,1.096,1.06355,1.1146890242652612,1.0992162423403742,1.0777421431967718,0.0090000000000001,0.0154285714285714,0.0030000000000001,0.0,0.0076236944956812,0.0039258315548235,1.9419311270027213,66.00872159033807,1.0895833333333331,1.0508076923076923,1.0936693960339376,1.070792085768902,0.0228773102650357,0.0141371410556886,0.0148696884014604,18.24149659863945
1.118,1.123,1.117,1.121,1.118,0.003,0.27,1579,177175.0,0.03,0.0589999999999999,0.1149999999999999,1.1258,1.1019,1.0693,1.1167926828435075,1.1031769255512152,1.0818619390827937,0.006,0.0157857142857142,0.0029999999999998,0.0,0.0072934306031325,0.0036454150151932,2.000713381805704,66.6745912467574,1.09525,1.0541923076923077,1.0978741043364089,1.074511190526761,0.0233629138096478,0.0162740697270712,0.0165683334830979,-0.7208767898179247
1.113,1.132,1.113,1.128,1.121,0.007,0.62,42,4726.0,-0.01,0.0759999999999998,0.1279999999999999,1.1238,1.1095,1.0757,1.1205284552290051,1.1076902118146306,1.0862560401225274,0.0189999999999999,0.0167857142857142,0.0069999999999998,0.0,0.0072724712743374,0.0033850282283937,2.1484226374644817,68.23806346388966,1.10075,1.0581153846153846,1.102508857515423,1.0784733245618157,0.0240355329536072,0.0182326110222587,0.0180617733771997,-0.973400886637112
1.117,1.117,1.108,1.108,1.128,-0.02,-1.77,22,2446.0,-0.0289999999999999,0.0330000000000001,0.098,1.118,1.1128,1.0806,1.1163523034860034,1.1077465369392432,1.0883268934441914,0.0199999999999997,0.0178571428571428,0.0,0.0199999999999997,0.0067530090404561,0.0045718119263656,1.4770968598930356,59.63016157377143,1.1045833333333333,1.0622692307692307,1.1033536486668964,1.0806604857053848,0.0226931629615116,0.0197897543298839,0.0189880512940621,-0.4761904761904761
1.104,1.104,1.099,1.099,1.108,-0.009,-0.81,126,13860.0,-0.016,0.0169999999999999,0.086,1.1148,1.1145,1.0849,1.1105682023240022,1.1061562574957444,1.0893433797828398,0.0090000000000001,0.0172142857142856,0.0,0.0090000000000001,0.0062706512518521,0.0048881110744823,1.282837307970995,56.19486344873132,1.1085,1.0661153846153846,1.102683856564297,1.0820189682457266,0.0206648883185702,0.0208639862167141,0.0193234186989637,4.727272727272728
1.106,1.11,1.106,1.109,1.099,0.01,0.91,46,5097.0,-0.0090000000000001,0.0189999999999999,0.0889999999999999,1.113,1.1164,1.08935,1.1100454682160017,1.1066733015874273,1.0912154388511408,0.0110000000000001,0.0177857142857142,0.01,0.0,0.0065370333052912,0.0045389602834479,1.440205002262236,59.01983648615866,1.1113333333333333,1.070192307692308,1.1036555709390203,1.0840175631904876,0.0196380077485327,0.0216273988207352,0.0193863365088775,-0.6349206349206349
1.109,1.109,1.094,1.097,1.109,-0.012,-1.08,52,5732.0,-0.024,0.006,0.048,1.1082,1.117,1.09175,1.1056969788106676,1.1049145194806222,1.0917663494367464,0.0149999999999999,0.0177857142857142,0.0,0.012,0.0060701023549133,0.005071891691773,1.1968122988035113,54.479497381517405,1.1125833333333333,1.0743461538461538,1.1026316369484015,1.0849792251763772,0.0176524117720244,0.0216156418841749,0.0190395515615069,0.1304347826086955
1.088,1.088,1.07,1.07,1.097,-0.027,-2.46,79,8542.0,-0.0579999999999998,-0.0679999999999998,0.02,1.0966,1.1102,1.09275,1.0937979858737783,1.0985664250296,1.089693363776104,0.0269999999999999,0.0180714285714285,0.0,0.0269999999999999,0.0056365236152766,0.0066381851423606,0.8491061177712492,45.9198155049472,1.1109166666666666,1.0768076923076924,1.097611385110186,1.08386965294109,0.013741732169096,0.0207662396917668,0.0179799876830247,0.5192307692307692
1.07,1.079,1.07,1.079,1.07,0.009,0.84,11,1178.0,-0.0290000000000001,-0.058,0.0309999999999999,1.0908000000000002,1.1044,1.0943,1.0888653239158523,1.0950088932060362,1.0886749481783795,0.0089999999999998,0.0182142857142856,0.0089999999999998,0.0,0.0058767719284711,0.0061640290607634,0.9533978296564476,48.80715106682215,1.1099166666666669,1.079846153846154,1.0947480950932345,1.0835089379084168,0.0112391571848176,0.0195450130203159,0.0166318215833833,-0.8607594936708861
1.075,1.075,1.075,1.075,1.079,-0.004,-0.37,2,215.0,-0.024,-0.04,0.022,1.086,1.1004,1.0954000000000002,1.0842435492772349,1.0913709126231206,1.0873725721613912,0.004,0.0177857142857142,0.0,0.004,0.0054570025050089,0.0060094555564232,0.9080693673116872,47.59100391570576,1.104666666666667,1.0823461538461538,1.0917099266173522,1.0828786462114972,0.008831280405855,0.0179843430359625,0.0150717133478776,-0.8181818181818181
1.064,1.064,1.063,1.063,1.075,-0.012,-1.12,17,1808.0,-0.046,-0.0550000000000001,0.0009999999999998,1.0768,1.0949,1.09545,1.0771623661848233,1.0862125648734622,1.085051374812687,0.012,0.0175714285714285,0.0,0.012,0.005067216611794,0.0064373515881072,0.7871585919208568,44.04525683838782,1.0985,1.0842692307692308,1.0872930148300672,1.0814061538995343,0.0058868609305327,0.0160425593827275,0.0132347428644086,7.5
1.059,1.064,1.059,1.064,1.063,0.001,0.09,6,599.0,-0.0329999999999999,-0.0569999999999999,0.002,1.0702000000000005,1.0892,1.0955499999999998,1.0727749107898823,1.082173916714651,1.0830464819733836,0.0050000000000001,0.0145714285714285,0.0010000000000001,0.0,0.004776701139523,0.0059775407603853,0.7991080832404232,44.41690250210692,1.09425,1.0859615384615384,1.08370947408698,1.080116809166236,0.003592664920744,0.0137711296012982,0.0113063272756757,-0.6470588235294117
1.074,1.075,1.073,1.073,1.064,0.009,0.85,13,1356.0,0.0029999999999998,-0.0549999999999999,0.0209999999999999,1.0708,1.0837,1.0966,1.0728499405265883,1.0805059318574417,1.0820896741663948,0.0109999999999998,0.0131428571428571,0.0089999999999998,0.0,0.0050783653438428,0.0055505735632149,0.9149262298762068,47.77866716752601,1.0904999999999998,1.0868846153846154,1.082061862688983,1.079589638116885,0.002472224572098,0.0115243586691412,0.0095395067349602,1.1666666666666663
1.079,1.084,1.079,1.084,1.073,0.011,1.03,1001,108008.0,0.0050000000000001,-0.024,0.0090000000000001,1.0718,1.0813,1.09705,1.0765666270177257,1.0811412169742702,1.082271609960071,0.0110000000000001,0.0119999999999999,0.0110000000000001,0.0,0.005501339247854,0.0051541040229853,1.0673706280121993,51.629379538901965,1.0874166666666667,1.0881923076923077,1.0823600376599087,1.0799163315897082,0.0024437060702005,0.0094997828637668,0.0081203466020082,76.0
1.079,1.097,1.079,1.095,1.084,0.011,1.01,1017,111450.0,0.02,-0.004,0.0129999999999999,1.0758,1.0809,1.0977,1.082711084678484,1.083660995706221,1.0834838375829217,0.018,0.0126428571428571,0.0109999999999998,0.0,0.0058941007301501,0.0047859537356292,1.2315415183124954,55.18792763684694,1.084666666666667,1.09,1.084304647250692,1.081033640360841,0.0032710068898511,0.0076812272128021,0.0071504786595768,0.0159840159840158
1.099,1.099,1.084,1.084,1.095,-0.011,-1.0,19,2045.0,0.0210000000000001,-0.0249999999999999,-0.006,1.08,1.0784,1.0974,1.0831407231189891,1.0837226328505445,1.0835329959083575,0.0149999999999999,0.0132857142857142,0.0,0.0109999999999998,0.0054730935351394,0.0052298141830842,1.0465177812324686,51.13651055610311,1.0826666666666669,1.0911923076923078,1.0842577784428933,1.0812533707044825,0.0030044077384108,0.0060536712090673,0.0063212644753436,-0.9813176007866272
1.083,1.084,1.083,1.084,1.084,0.0,0.0,18,1950.0,0.02,-0.0129999999999999,-0.0069999999999998,1.084,1.0771000000000002,1.09705,1.083427148745993,1.0837730632413545,1.083577472488514,0.0010000000000001,0.0119999999999999,0.0,-0.0,0.0050821582826294,0.0048562560271496,1.0465177812324684,51.136510556103104,1.0814166666666667,1.0920384615384615,1.0842181202209096,1.0814568247263727,0.0027612954945368,0.0048336226896718,0.0056092706791822,-0.0526315789473684
1.08,1.08,1.078,1.079,1.084,-0.005,-0.46,42,4528.0,0.006,0.0089999999999998,-0.0589999999999999,1.0852,1.078,1.0941,1.0819514324973287,1.0829052335611082,1.0831415227277033,0.006,0.011,0.0,0.0050000000000001,0.0047191469767273,0.0048665234537818,0.9697162710805504,49.23126672191126,1.0789166666666663,1.0926923076923076,1.083415332494616,1.0812748377096044,0.0021404947850114,0.0038226602008045,0.0049155155003481,1.3333333333333337
1.076,1.076,1.076,1.076,1.079,-0.003,-0.28,15,1574.0,-0.008,-0.0029999999999998,-0.0609999999999999,1.0836,1.0777,1.09105,1.079967621664886,1.0816497365499975,1.0824613777060172,0.0029999999999998,0.0105714285714285,0.0,0.0029999999999998,0.0043820650498182,0.0047332003499402,0.9258144016391712,48.07391620143444,1.0771666666666666,1.0936153846153849,1.0822745121108288,1.0808841089903745,0.0013904031204543,0.0029958960579822,0.0042104930243693,-0.6428571428571428
1.065,1.065,1.056,1.056,1.076,-0.02,-1.86,37,3920.0,-0.0389999999999999,-0.0189999999999999,-0.0589999999999999,1.0758,1.0758,1.0881,1.0719784144432574,1.0769861480863616,1.0799412464959204,0.02,0.0112142857142857,0.0,0.02,0.0040690604034026,0.0058236860392302,0.6987087518097923,41.131756757324816,1.076,1.0928846153846157,1.0782322794783936,1.0790408416577542,-0.0008085621793605,0.0022519601568829,0.0032066819836233,1.4666666666666668
1.064,1.067,1.064,1.067,1.056,0.011,1.04,60,6396.0,-0.0170000000000001,0.004,-0.0510000000000001,1.0724,1.0762,1.08555,1.0703189429621716,1.0751704847979322,1.0787087468296424,0.0109999999999998,0.0109285714285714,0.0109999999999998,0.0,0.0045641275174453,0.0054077084649995,0.8440039893026562,45.77018239650511,1.075,1.0923076923076922,1.0765042364817177,1.0781489274608835,-0.0016446909791658,0.0016700317235596,0.0022364073910655,0.6216216216216217
1.059,1.059,1.059,1.059,1.067,-0.008,-0.75,30,3177.0,-0.0250000000000001,-0.0050000000000001,-0.062,1.0674,1.0757,1.08245,1.0665459619747812,1.0722303966528537,1.0768317233220572,0.008,0.0095714285714285,0.0,0.008,0.0042381184090564,0.0055928721460709,0.7577713736999484,43.10978009073551,1.0736666666666668,1.0911153846153847,1.0738112770229915,1.076730488389707,-0.0029192113667153,0.0010709832859137,0.0012052836395093,-0.5
1.07,1.089,1.07,1.088,1.059,0.029,2.74,70,7575.0,0.0090000000000001,0.0150000000000001,-0.0399999999999998,1.0692,1.0772000000000002,1.08045,1.0736973079831875,1.0750975972614256,1.0778953687199566,0.03,0.0110714285714285,0.0290000000000001,0.0,0.0060068242369809,0.0051933812784944,1.1566307025934868,53.63137514469047,1.07575,1.091,1.075994157480993,1.0775652670275069,-0.0015711095465136,0.0006248926618343,0.0006500050023047,1.3333333333333337
1.083,1.083,1.078,1.078,1.088,-0.01,-0.92,11,1187.0,0.002,-0.006,-0.03,1.0696,1.0766,1.07895,1.0751315386554583,1.0756253068502573,1.0779053336037705,0.01,0.0115,0.0,0.01,0.0055777653629108,0.0055367111871734,1.0074149028817916,50.18468785080621,1.0769166666666667,1.0886923076923076,1.0763027486377634,1.0775974694699135,-0.00129472083215,0.0001175895816119,0.0002610598354137,-0.8428571428571429
1.068,1.068,1.068,1.068,1.078,-0.01,-0.93,16,1709.0,0.012,-0.0269999999999999,-0.0309999999999999,1.0719999999999998,1.0739,1.0774,1.072754359103639,1.0742388874229376,1.0769619684986491,0.01,0.0113571428571428,0.0,0.01,0.0051793535512743,0.0058555175309467,0.8845253257122321,46.9362397864267,1.0765,1.0860384615384615,1.0750254026934922,1.0768865458054755,-0.0018611431119832,-0.0004230271795429,-0.0001633807540656,0.4545454545454546
1.065,1.065,1.065,1.065,1.068,-0.003,-0.28,4,426.0,-0.002,-0.0190000000000001,-0.044,1.0716,1.0719999999999998,1.0752,1.0701695727357594,1.0725590897096762,1.0758227334035395,0.0030000000000001,0.0112142857142857,0.0,0.0030000000000001,0.0048093997261833,0.005651551993022,0.8509874335618841,45.97478179116082,1.0749166666666663,1.0841153846153846,1.0734830330483396,1.0760060609309958,-0.0025230278826562,-0.0010101742214532,-0.0006353101797837,-0.75
1.053,1.062,1.053,1.062,1.065,-0.003,-0.28,319,33601.0,0.0030000000000001,-0.022,-0.0349999999999999,1.0722,1.0698,1.07345,1.0674463818238396,1.070639255217008,1.0745062826032026,0.012,0.0112857142857142,0.0,0.0029999999999998,0.0044658711743131,0.0054621554220918,0.8176023619267141,44.98246586013624,1.0721666666666667,1.0819615384615384,1.0717164125793643,1.074968574936107,-0.0032521623567429,-0.0016093583483148,-0.0011586806151755,78.75
1.062,1.074,1.062,1.071,1.062,0.009,0.85,321,34111.0,-0.0170000000000001,-0.008,0.0009999999999998,1.0688,1.069,1.0735,1.068630921215893,1.0707048451775518,1.0741723509267072,0.012,0.0113571428571428,0.0089999999999998,0.0,0.004789737519005,0.005072001463371,0.9443486074670044,48.568893656228255,1.0710833333333334,1.0800384615384615,1.071606195259462,1.0746746064223216,-0.0030684111628596,-0.0021047821575719,-0.0015406267247123,0.006269592476489
1.071,1.079,1.071,1.079,1.071,0.008,0.75,15,1610.0,0.0009999999999998,0.0029999999999998,0.0,1.069,1.0693,1.0735,1.0720872808105957,1.0722130551452695,1.0746321270289256,0.008,0.0106428571428571,0.008,0.0,0.0050190419819332,0.0047097156445588,1.0656783467876254,51.5897525113182,1.0706666666666669,1.0781538461538462,1.0727437036810832,1.074995005946594,-0.0022513022655108,-0.0022650866115886,-0.001682761832872,-0.9532710280373832
1.072,1.075,1.061,1.062,1.079,-0.017,-1.58,11,1178.0,-0.006,0.006,-0.0129999999999999,1.0678,1.0699,1.07285,1.0687248538737304,1.070356136027948,1.0734290673118851,0.018,0.0108571428571428,0.0,0.0169999999999999,0.0046605389832237,0.0055875930985188,0.8340870390972289,45.47696054314749,1.06925,1.0763846153846155,1.0710908261916858,1.074032412913513,-0.0029415867218272,-0.002409186138551,-0.0019345268106631,-0.2666666666666667
1.073,1.073,1.068,1.068,1.062,0.006,0.56,3,321.0,0.0030000000000001,0.0010000000000001,0.0050000000000001,1.0684,1.0699999999999998,1.0731000000000002,1.0684832359158205,1.06992774765923,1.072912013282182,0.0109999999999998,0.0115714285714285,0.006,0.0,0.0047562147701363,0.0051884793057675,0.9166876246088695,47.82665745003358,1.0685833333333334,1.0751923076923078,1.070615314469888,1.073585567512512,-0.0029702530426241,-0.0024148574358742,-0.0021416720570553,-0.7272727272727273
1.078,1.078,1.069,1.069,1.068,0.001,0.09,11,1185.0,0.0069999999999998,0.01,0.0049999999999998,1.0698,1.0710000000000002,1.07335,1.068655490610547,1.0697590662666423,1.0725394405886406,0.01,0.0118571428571428,0.0009999999999998,0.0,0.0044879137151265,0.0048178736410698,0.9315133707263418,48.22712515710145,1.0696666666666668,1.0736538461538463,1.0703668045514436,1.0732458958449187,-0.002879091293475,-0.0025601887410921,-0.0022891559043392,2.6666666666666665
1.066,1.066,1.046,1.046,1.069,-0.023,-2.15,209,21982.0,-0.0249999999999999,-0.042,-0.0269999999999999,1.0648,1.0668,1.072,1.0611036604070314,1.0654392360363438,1.070011874818294,0.0229999999999999,0.0132857142857142,0.0,0.0229999999999999,0.0041673484497603,0.006116596952422,0.6813181385296668,40.52285661567226,1.0679166666666666,1.0716923076923075,1.066618065389683,1.0712276813378878,-0.0046096159482047,-0.0029285104206537,-0.0027532479131123,18.0
1.042,1.047,1.037,1.047,1.046,0.001,0.1,70,7272.0,-0.032,-0.0310000000000001,-0.0370000000000001,1.0584,1.0637,1.0701500000000002,1.0564024402713543,1.0620866476660995,1.067820267692742,0.01,0.0125714285714285,0.0009999999999998,0.0,0.0039411092747775,0.0056796971701061,0.6938942617435085,40.964437829152935,1.0669166666666667,1.0708076923076923,1.063599901483578,1.069433038275822,-0.0058331367922441,-0.0033698430517938,-0.0033692256889387,-0.6650717703349283
1.055,1.055,1.049,1.049,1.047,0.002,0.19,2,210.0,-0.0130000000000001,-0.0190000000000001,-0.046,1.0558,1.0618,1.06785,1.053934960180903,1.059707257181354,1.066027861245814,0.008,0.0123571428571428,0.002,0.0,0.0038024586122933,0.0052740045150985,0.7209812963579401,41.89361603660253,1.0636666666666663,1.069653846153846,1.0613537627937968,1.0679194798850205,-0.0065657170912236,-0.0038190307416347,-0.0040085239693957,-0.9714285714285714
1.046,1.046,1.046,1.046,1.049,-0.003,-0.29,1,105.0,-0.022,-0.0189999999999999,-0.038,1.0514,1.0599,1.06595,1.0512899734539354,1.0572150286029258,1.0641204458890698,0.0029999999999998,0.0119999999999999,0.0,0.0029999999999998,0.003530854425701,0.0051115756211629,0.6907565665433107,40.85488001123289,1.061,1.0685384615384614,1.058991645440905,1.0662958147083523,-0.0073041692674473,-0.0042692537317129,-0.004667653029006,-0.5
1.047,1.06,1.047,1.06,1.046,0.014,1.34,64,6739.0,-0.0089999999999998,-0.002,-0.024,1.0496,1.0597,1.06475,1.054193315635957,1.0577213870387574,1.0637280224710632,0.014,0.0108571428571428,0.014,0.0,0.0042786505381509,0.0047464630767941,0.901439760285843,47.40827341016209,1.0603333333333331,1.0684230769230771,1.059146776911535,1.0658294580632892,-0.0066826811517541,-0.0046708392860345,-0.0050706586535556,63.0
1.058,1.063,1.055,1.056,1.06,-0.004,-0.38,168,17765.0,0.01,-0.0149999999999999,-0.0229999999999999,1.0516,1.0582,1.0636,1.0547955437573049,1.057408407577165,1.062992020330962,0.008,0.0107142857142857,0.0,0.004,0.0039730326425687,0.0046931442855945,0.846560940980185,45.845274975372135,1.059583333333333,1.0681153846153846,1.0586626573866835,1.065101350058601,-0.0064386926719175,-0.0051361048867464,-0.005344265457228,1.625
1.073,1.075,1.047,1.047,1.056,-0.009,-0.85,240,25488.0,0.0,-0.032,-0.0290000000000001,1.0516,1.055,1.06215,1.0521970291715368,1.0555159698358625,1.0614689707756322,0.028,0.0119999999999999,0.0,0.0090000000000001,0.0036892445966709,0.0050007768366235,0.7377342995297276,42.45380319243144,1.0583333333333331,1.067115384615385,1.0568684024041168,1.0637605093135194,-0.0068921069094025,-0.0055750515742548,-0.0056538337476629,0.4285714285714286
1.047,1.047,1.047,1.047,1.047,0.0,0.0,5,485.0,-0.002,-0.0150000000000001,-0.0090000000000001,1.0512,1.0535,1.0617,1.050464686114358,1.0539676116838872,1.0600909735589052,0.0,0.0117857142857142,0.0,-0.0,0.0034257271254801,0.0046435784911504,0.7377342995297276,42.45380319243144,1.0563333333333331,1.0656923076923075,1.055350186649637,1.0625189901051106,-0.0071688034554733,-0.0060415571756825,-0.005956827689225,-0.9791666666666666
1.054,1.054,1.05,1.05,1.047,0.003,0.29,60,6320.0,0.004,-0.018,-0.0169999999999999,1.052,1.0517,1.06085,1.050309790742905,1.0532462277413623,1.059129928458057,0.0070000000000001,0.0114285714285714,0.0030000000000001,0.0,0.0033953180450887,0.0043118943132111,0.7874307203416145,44.05377570052732,1.0539166666666666,1.0639615384615384,1.0545270810112315,1.0615916575047322,-0.0070645764935006,-0.0065066110867964,-0.0061783774500801,11.0
1.045,1.045,1.04,1.045,1.05,-0.005,-0.48,107,11157.0,-0.0150000000000001,-0.024,-0.014,1.049,1.0493,1.06015,1.0485398604952705,1.0517469136065691,1.0577842209858612,0.01,0.0112857142857142,0.0,0.0050000000000001,0.0031527953275824,0.0043610447194103,0.7229449662714535,41.95984087848991,1.0525,1.0624615384615383,1.0530613762402727,1.060362645837715,-0.0073012695974421,-0.0068056837144895,-0.0064029558795525,0.7833333333333334
1.056,1.056,1.056,1.056,1.045,0.011,1.05,20,2112.0,0.0,0.01,-0.032,1.049,1.0503,1.05855,1.0510265736635136,1.0525202020417384,1.057614295177684,0.0110000000000001,0.0115,0.0110000000000001,0.0,0.0037133099470408,0.0040495415251667,0.9169704580046052,47.83435520227523,1.0515,1.0613846153846154,1.0535134722033077,1.060039486886773,-0.0065260146834653,-0.0068826701468474,-0.0064275676403351,-0.8130841121495327
1.049,1.049,1.045,1.045,1.056,-0.011,-1.04,11,1150.0,-0.002,-0.002,-0.0330000000000001,1.0486,1.0501,1.0569,1.0490177157756757,1.051152892579604,1.05641293373219,0.0110000000000001,0.011,0.0,0.0110000000000001,0.0034480735222521,0.0045460028447976,0.7584846820318322,43.13285692972002,1.0495,1.060076923076923,1.0522037072489527,1.058925450821086,-0.0067217435721333,-0.006900006422504,-0.0064864028266947,-0.4499999999999999
1.055,1.055,1.055,1.055,1.045,0.01,0.96,1,106.0,0.008,0.006,-0.0130000000000001,1.0501999999999998,1.0507,1.05625,1.0510118105171171,1.0518523666560398,1.0562783686148387,0.01,0.0109285714285714,0.01,0.0,0.0039160682706627,0.0042212883558835,0.927695040118399,48.12457472844979,1.05025,1.0592692307692306,1.052633906133729,1.058634676686191,-0.0060007705524616,-0.0067551843430612,-0.0063892763718481,-0.9090909090909092
1.063,1.065,1.063,1.065,1.055,0.01,0.95,55,5808.0,0.0149999999999999,0.0189999999999999,0.0,1.0532,1.0526,1.05625,1.0556745403447447,1.0542428454458508,1.0571090001753305,0.01,0.0109285714285714,0.01,0.0,0.0043506348227582,0.0039197677590347,1.10992157959624,52.60487358059238,1.05175,1.0596153846153846,1.0545363821131557,1.0591061821168437,-0.004569800003688,-0.0065204197710538,-0.0060253810982161,54.0
1.065,1.072,1.062,1.072,1.065,0.007,0.66,45,4817.0,0.0270000000000001,0.012,0.01,1.0585999999999998,1.0538,1.05675,1.06111636022983,1.0574714190011507,1.0585271906348226,0.01,0.01,0.0070000000000001,0.0,0.0045398751925612,0.0036397843476751,1.2472923555103073,55.50200677949071,1.0536666666666668,1.0598076923076922,1.0572230925572854,1.0600612797378182,-0.0028381871805327,-0.0061203636053444,-0.0053879423146794,-0.1818181818181817
1.075,1.078,1.074,1.075,1.072,0.003,0.28,97,10430.0,0.0189999999999999,0.0189999999999999,0.004,1.0623999999999998,1.0557,1.05695,1.06574424015322,1.060658433728214,1.0600960296219823,0.006,0.0097142857142857,0.0029999999999998,0.0,0.0044298841073782,0.0033797997514126,1.3106942520860274,56.72296327836411,1.0560833333333333,1.060423076923077,1.059958001394626,1.061167851609091,-0.0012098502144648,-0.0054890017503513,-0.0045523238946365,1.1555555555555554
1.082,1.082,1.082,1.082,1.075,0.007,0.65,10,1082.0,0.0370000000000001,0.0350000000000001,0.0030000000000001,1.0698,1.0592,1.0571,1.0711628267688136,1.0645387185049024,1.0621821220389365,0.0070000000000001,0.0096428571428571,0.0070000000000001,0.0,0.0046134638139941,0.0031383854834545,1.4700118383532297,59.514364082290975,1.0579166666666666,1.0601923076923077,1.0633490781031452,1.0627109737121212,0.0006381043910239,-0.0046215675451849,-0.0035142382375044,-0.8969072164948454
1.08,1.08,1.08,1.08,1.082,-0.002,-0.18,1,108.0,0.0250000000000001,0.0330000000000001,0.018,1.0748000000000002,1.0625,1.058,1.0741085511792092,1.06734986059492,1.063879062797133,0.002,0.0095714285714286,0.0,0.002,0.0042839306844231,0.0030570722346363,1.4013181094926497,58.35620461750152,1.0599166666666666,1.0602692307692307,1.065910758394969,1.0639916423260385,0.0019191160689306,-0.0036233794826926,-0.0024275673762174,-0.9
1.073,1.073,1.073,1.073,1.08,-0.007,-0.65,8,858.0,0.008,0.0229999999999999,0.0049999999999998,1.0764,1.0648,1.05825,1.0737390341194728,1.068377158668571,1.0647477234831204,0.0070000000000001,0.0090714285714286,0.0,0.0070000000000001,0.0039779356355357,0.0033387099321623,1.1914588917161169,54.36829758568245,1.0620833333333335,1.0604615384615383,1.0670014109495891,1.064658928079665,0.0023424828699241,-0.002551851430763,-0.0014735573269891,7.0
1.082,1.084,1.08,1.083,1.073,0.01,0.93,167,18091.0,0.0109999999999998,0.038,0.014,1.0786000000000002,1.0686,1.0589499999999998,1.0768260227463151,1.0710358570924672,1.066486035532347,0.0110000000000001,0.0092857142857143,0.01,0.0,0.0044080830901403,0.0031002306512936,1.4218564958387865,58.70936194121362,1.0650833333333332,1.061153846153846,1.06946273234196,1.0660175259996898,0.0034452063422703,-0.001443937983459,-0.0004898045931372,19.875
1.089,1.104,1.089,1.103,1.083,0.02,1.85,792,86981.0,0.028,0.0469999999999999,0.0569999999999999,1.0842,1.0733,1.0618,1.0855506818308769,1.0768475194392912,1.0699635559578378,0.0210000000000001,0.0087857142857143,0.02,0.0,0.0055217914408446,0.0028787856047726,1.9180974893337663,65.73109693369733,1.0695,1.0627307692307693,1.0746223119816585,1.0687569685182312,0.0058653434634272,-4.5372757285654254e-05,0.0007812250181756,3.74251497005988
1.109,1.12,1.109,1.12,1.103,0.017,1.54,99,11073.0,0.038,0.0750000000000001,0.0730000000000001,1.0918,1.0808,1.0654499999999998,1.0970337878872514,1.0846934249957838,1.0747289315809008,0.0170000000000001,0.01,0.0170000000000001,0.0,0.0063416634807842,0.0026731580615746,2.372348860302252,70.34707732134292,1.07575,1.0646153846153843,1.081603494753711,1.0725527486279918,0.0090507461257192,0.0016270179847344,0.0024351292396843,-0.875
1.119,1.124,1.119,1.12,1.12,0.0,0.0,43,4816.0,0.04,0.0650000000000001,0.0710000000000001,1.0998,1.0873000000000002,1.069,1.1046891919248345,1.0911128022692775,1.0790404619065292,0.0050000000000001,0.0098571428571429,0.0,-0.0,0.0058886875178711,0.0024822182000335,2.372348860302252,70.34707732134292,1.0810833333333332,1.0661923076923077,1.0875106494069862,1.076067359840733,0.011443289566253,0.0034062501591723,0.0042367613049981,-0.5656565656565656
1.12,1.123,1.12,1.123,1.12,0.003,0.27,4,449.0,0.05,0.058,0.0769999999999999,1.1098,1.0931000000000002,1.07285,1.110792794616556,1.0969104745839542,1.083227084582098,0.0029999999999998,0.0093571428571429,0.0029999999999998,0.0,0.005682352695166,0.0023049169000311,2.4653178147503745,71.14261798027795,1.0875833333333331,1.0685384615384614,1.0929705494982191,1.0795438517043825,0.0134266977938366,0.0052134596007689,0.0060747486027658,-0.9069767441860466
1.115,1.115,1.115,1.115,1.123,-0.008,-0.71,30,3345.0,0.032,0.0429999999999999,0.0549999999999999,1.1162,1.0974,1.0756,1.1121951964110377,1.1001994792050531,1.08625307652666,0.008,0.0091428571428571,0.0,0.008,0.005276470359797,0.0027117085500289,1.9458102751273645,66.05348251910881,1.0925833333333337,1.0703461538461538,1.0963596957292625,1.0821702330596137,0.0141894626696488,0.0069244943656704,0.0076976914161424,6.5
1.106,1.106,1.1,1.1,1.115,-0.015,-1.35,165,18184.0,-0.0029999999999998,0.0250000000000001,0.044,1.1156,1.0999,1.0778,1.1081301309406917,1.10016321025868,1.087562307333645,0.0149999999999999,0.0094285714285714,0.0,0.0149999999999999,0.0048995796198115,0.0035894436535982,1.3649969445543118,57.71664727505803,1.0955,1.0715384615384616,1.096919742540145,1.083490956536679,0.0134287860034658,0.0083456812114973,0.0088439103336071,4.5
1.105,1.108,1.105,1.105,1.1,0.005,0.45,95,10507.0,-0.0150000000000001,0.0229999999999999,0.058,1.1126,1.1022,1.0807,1.1070867539604612,1.1010426265752835,1.089223039968536,0.008,0.0092857142857143,0.0049999999999998,0.0,0.0049067525041107,0.0033330548211984,1.472148754620981,59.549359716692464,1.09825,1.0738076923076922,1.0981628590724304,1.0850842190154435,0.0130786400569868,0.0095856283212813,0.009690856278283,-0.4242424242424242
1.111,1.113,1.11,1.113,1.105,0.008,0.72,88,9746.0,-0.0070000000000001,0.0329999999999999,0.066,1.1112,1.1055,1.084,1.109057835973641,1.1032166944706865,1.091487512352485,0.008,0.0091428571428571,0.008,0.0,0.005127698753817,0.0030949794768271,1.6567795658127846,62.36044522218119,1.1014166666666667,1.0763461538461538,1.1004454961382104,1.0871520546439293,0.0132934414942811,0.0108024015017654,0.0104113733214826,-0.0736842105263158
1.12,1.12,1.114,1.114,1.113,0.001,0.09,67,7498.0,-0.0089999999999998,0.0410000000000001,0.064,1.1094,1.1096,1.0872,1.110705223982427,1.1051772954760162,1.0936315587951055,0.0070000000000001,0.0089285714285714,0.0010000000000001,0.0,0.0048328631285444,0.0028739095141965,1.6816337134732224,62.70929937314926,1.1040833333333333,1.0788461538461538,1.1025308044246396,1.0891407913369715,0.013390013087668,0.0119073800290318,0.0110071012747197,-0.2386363636363636
1.116,1.118,1.116,1.118,1.114,0.004,0.36,64,7124.0,0.0030000000000001,0.0350000000000001,0.0730000000000001,1.11,1.1131,1.09085,1.1131368159882848,1.1075086962985587,1.0959523627193812,0.004,0.0087857142857143,0.004,0.0,0.0047733729050769,0.0026686302631825,1.788697734164327,64.14096846176611,1.1072499999999998,1.0816153846153846,1.1049106806670026,1.0912785104971958,0.0136321701698067,0.0127703607741851,0.0115321150537371,-0.044776119402985
1.122,1.122,1.122,1.122,1.118,0.004,0.36,30,3366.0,0.022,0.0190000000000001,0.066,1.1144,1.115,1.09415,1.1160912106588563,1.1101434787897295,1.09843309007944,0.004,0.0085714285714286,0.004,0.0,0.0047181319832857,0.0024780138158123,1.9039974487547484,65.56470803964356,1.1113333333333333,1.084,1.107539806718233,1.0935541763862924,0.0139856303319405,0.013318681241543,0.0120228181093778,-0.53125
1.14,1.148,1.14,1.147,1.122,0.025,2.23,121,13881.0,0.042,0.0269999999999999,0.102,1.1228000000000002,1.1177,1.09925,1.1263941404392377,1.1168446644643242,1.1030585100718744,0.0259999999999998,0.0102857142857143,0.0249999999999999,0.0,0.0061668368416224,0.0023010128289686,2.6800532200364238,72.82647993905636,1.116666666666667,1.0875,1.1136106056846586,1.097513126283604,0.0160974794010546,0.0138358134454099,0.0128377503677132,3.033333333333333
1.15,1.152,1.143,1.152,1.147,0.005,0.44,424,48603.0,0.0389999999999999,0.0319999999999998,0.0969999999999999,1.1306,1.1209,1.1041,1.1349294269594918,1.1232365436526288,1.1077196043507436,0.0089999999999998,0.0104285714285714,0.0049999999999998,0.0,0.0060834913529351,0.0021366547697565,2.847203693850935,74.00709503376905,1.12075,1.0915384615384616,1.1195166663485574,1.101549191003337,0.0179674753452203,0.0143403442844525,0.0138636953632146,2.5041322314049586
1.16,1.168,1.16,1.165,1.152,0.013,1.13,374,43520.0,0.0509999999999999,0.042,0.1,1.1408,1.1251,1.1091000000000002,1.144952951306328,1.1308298993521508,1.1131748801268633,0.016,0.0107857142857142,0.0130000000000001,0.0,0.0065775276848683,0.0019840365719168,3.315225020531582,76.82623744434973,1.1245,1.0960769230769232,1.1265141022949332,1.1062492509290158,0.0202648513659173,0.0150153874729268,0.0151439265637551,-0.1179245283018868
1.166,1.171,1.166,1.171,1.165,0.006,0.52,282,32951.0,0.0529999999999999,0.056,0.0989999999999999,1.1514,1.1307,1.1140500000000002,1.1536353008708853,1.138133554015396,1.1186820344004955,0.006,0.0097142857142857,0.006,0.0,0.0065362757073777,0.0018423196739227,3.5478510053906,78.01159275414493,1.12875,1.1007307692307693,1.1333580865572512,1.1110456027120517,0.0223124838451995,0.0160024650108972,0.016577638020044,-0.2459893048128342
1.175,1.175,1.159,1.161,1.171,-0.01,-0.85,37,4305.0,0.0389999999999999,0.0609999999999999,0.086,1.1592,1.1368,1.11835,1.1560902005805902,1.1422910896489604,1.1227123168385436,0.016,0.0096428571428571,0.0,0.01,0.0060693988711365,0.0024250111257854,2.502833412432577,71.4516826164011,1.131916666666667,1.1051923076923076,1.1376106886253663,1.1147459284370849,0.0228647601882816,0.0170898116921522,0.0178350624536915,-0.8687943262411347
1.171,1.174,1.169,1.174,1.161,0.013,1.12,105,12315.0,0.0269999999999999,0.0689999999999999,0.0919999999999998,1.1646,1.1437,1.12295,1.1620601337203935,1.1480563460764222,1.1275968580920157,0.0129999999999999,0.0102142857142856,0.0129999999999999,0.0,0.0065644418089124,0.0022517960453721,2.9152026545225924,74.45853795473745,1.1368333333333334,1.1097307692307692,1.143209044221464,1.1191351189232266,0.0240739252982373,0.0182876432259251,0.0190828350226007,1.8378378378378375
1.178,1.18,1.172,1.177,1.174,0.003,0.26,73,8583.0,0.0250000000000001,0.064,0.0969999999999999,1.1696,1.1501,1.1278,1.167040089146929,1.1533188286079816,1.1323019192261097,0.008,0.0105714285714285,0.0030000000000001,0.0,0.0063098388225615,0.0020909534707027,3.0176849513733703,75.11004441355789,1.14325,1.1148076923076924,1.1484076528027771,1.1234214064103951,0.024986246392382,0.0195761135931155,0.0202635172965569,-0.3047619047619048
1.169,1.18,1.169,1.18,1.177,0.003,0.25,66,7776.0,0.0149999999999999,0.0659999999999998,0.1069999999999999,1.1726,1.1567,1.13315,1.171360059431286,1.1581699506792575,1.1368445935855278,0.0109999999999998,0.0107857142857142,0.0029999999999998,0.0,0.0060734217638071,0.0019415996513668,3.1280505018280462,75.7754901603756,1.1495,1.119615384615385,1.1532680139100422,1.1276124133429584,0.0256556005670838,0.0209120503039241,0.0213419339506623,-0.0958904109589041
1.192,1.193,1.191,1.191,1.18,0.011,0.93,1549,184543.0,0.02,0.0729999999999999,0.1080000000000001,1.1766,1.164,1.13855,1.177906706287524,1.164139050555756,1.1420022513392871,0.0130000000000001,0.0106428571428571,0.0110000000000001,0.0,0.0064253202092495,0.0018029139619834,3.56385293182858,78.08868920762235,1.156,1.1244615384615384,1.1590729348469588,1.1323077901323688,0.02676514471459,0.0223319963464407,0.0224265761034478,22.46969696969697
1.179,1.183,1.179,1.183,1.191,-0.008,-0.67,759,89767.0,0.022,0.0609999999999999,0.08,1.181,1.1701,1.14255,1.1796044708583495,1.167568314091073,1.1459067988307836,0.012,0.0109285714285714,0.0,0.008,0.0059663687657317,0.0022455629646989,2.6569590163024346,72.65487538848319,1.1617499999999998,1.128730769230769,1.1627540217935806,1.1360627686410822,0.0266912531524983,0.0235090823188233,0.0232795115132579,-0.5100064557779213
1.184,1.187,1.184,1.185,1.183,0.002,0.17,13,1542.0,0.0110000000000001,0.038,0.0649999999999999,1.1831999999999998,1.1739,1.1458000000000002,1.181402980572233,1.1707377115290598,1.1496299608468994,0.004,0.0106428571428571,0.002,0.0,0.0056830567110365,0.0020851656100775,2.7254701897875115,73.15775059101905,1.1673333333333331,1.1329615384615386,1.1661764799791836,1.1396877487417427,0.0264887312374408,0.0244558885290701,0.0239213554580945,-0.9828722002635046
1.18,1.194,1.18,1.194,1.185,0.009,0.76,847,100210.0,0.0169999999999999,0.042,0.0739999999999998,1.1866,1.1781,1.1495000000000002,1.1856019870481551,1.174967218523776,1.1538556788614804,0.014,0.0111428571428571,0.0089999999999998,0.0,0.0059199812316768,0.0019362252093577,3.0574858766767266,75.35419640649378,1.1733333333333331,1.137269230769231,1.1704570215208476,1.1437108784645766,0.0267461430562709,0.0251760320502205,0.0244863129777298,64.15384615384616
1.194,1.194,1.182,1.182,1.194,-0.012,-1.01,5,596.0,0.002,0.0169999999999999,0.0589999999999999,1.187,1.1798,1.15245,1.1844013246987704,1.1762459060649075,1.1565360903984825,0.012,0.0117142857142856,0.0,0.012,0.0054971254294141,0.0026550662658322,2.0704287121403158,67.43125818078589,1.1762499999999998,1.1411923076923076,1.172232864363794,1.1465471096894229,0.0256857546743711,0.0255508399201284,0.0247262013170581,-0.9940968122786304
1.194,1.194,1.194,1.194,1.182,0.012,1.02,1,119.0,0.0029999999999998,0.0229999999999999,0.0789999999999999,1.1876,1.1821,1.1564,1.1876008831325136,1.1794739231440152,1.1601040817891028,0.012,0.0122857142857142,0.012,0.0,0.0059616164701703,0.0024654186754156,2.418094958725536,70.74393742493163,1.17975,1.1458461538461535,1.1755816544616715,1.1500621386013177,0.025519515860354,0.0258458127725809,0.0248848642257173,-0.8
1.188,1.188,1.184,1.184,1.194,-0.01,-0.84,117,13854.0,0.0009999999999998,0.0229999999999999,0.0839999999999998,1.1878,1.1844,1.1606,1.186400588755009,1.1802968462087395,1.162379883523474,0.01,0.0111428571428571,0.0,0.01,0.005535786722301,0.003003603055743,1.843048705026528,64.8264907234268,1.1813333333333331,1.1497307692307692,1.1768767845444914,1.1525760542604793,0.0243007302840121,0.0258710133265559,0.0247680374373762,116.0
1.196,1.196,1.066,1.066,1.184,-0.118,-9.97,1149,137067.0,-0.119,-0.1079999999999998,-0.0389999999999999,1.164,1.1736,1.15865,1.1462670591700062,1.1595156014435142,1.1532008469974289,0.1299999999999999,0.0197857142857142,0.0,0.1179999999999998,0.0051403733849937,0.0112176314089042,0.4582405320354433,31.42420759597331,1.1725833333333333,1.1483076923076925,1.1598188176914928,1.1461630132041474,0.0136558044873453,0.0246120753371074,0.02254559084737,8.820512820512821
1.055,1.058,1.047,1.055,1.066,-0.011,-1.03,20,2109.0,-0.139,-0.1220000000000001,-0.058,1.1362,1.1614,1.15575,1.1158447061133374,1.1405127648174207,1.143848385378626,0.0190000000000001,0.02,0.0,0.0110000000000001,0.0047732038574942,0.0112020863082682,0.4260995430798578,29.87866766716981,1.16375,1.145807692307692,1.1436928457389557,1.1394101974112476,0.0042826483277078,0.0222373028660656,0.0188930023434376,-0.9825935596170584
1.08,1.109,1.08,1.095,1.055,0.04,3.79,1393,154166.0,-0.0869999999999999,-0.0849999999999999,-0.0190000000000001,1.1187999999999998,1.1529,1.1548,1.1088964707422249,1.132237716668799,1.1391961581997094,0.054,0.0234285714285714,0.04,0.0,0.0072894035819589,0.0104019372862491,0.7007736521921935,41.20322838309136,1.157166666666667,1.1448461538461538,1.1362016387021932,1.1361205531585623,8.108554363062126e-05,0.0192724074026257,0.0151306189834762,68.65
1.101,1.131,1.101,1.129,1.095,0.034,3.11,379,42644.0,-0.0649999999999999,-0.062,0.0109999999999998,1.1058,1.1467,1.15535,1.1155976471614832,1.131649040910835,1.138225095514023,0.036,0.0248571428571428,0.034,0.0,0.0091973033261047,0.0096589417658027,0.9522061059181006,48.77590040475202,1.153166666666667,1.145076923076923,1.135093694286471,1.135593104776447,-0.0004994104899758,0.0162512225534619,0.0120046130887858,-0.7279253409906676
1.128,1.14,1.123,1.14,1.129,0.011,0.97,1747,196517.0,-0.044,-0.0430000000000001,0.0179999999999997,1.097,1.1424,1.15625,1.123731764774322,1.133167397108865,1.138394134036497,0.0169999999999999,0.0251428571428571,0.0109999999999998,0.0,0.0093260673742401,0.0089690173539596,1.0398092685284837,50.9758085999188,1.1498333333333333,1.1460384615384616,1.135848510550091,1.135919541459673,-7.103090958193725e-05,0.0133001378704593,0.0095894842891122,3.6094986807387865
1.143,1.149,1.141,1.141,1.14,0.001,0.09,32,3669.0,0.0749999999999999,-0.044,-0.006,1.112,1.138,1.15595,1.1294878431828814,1.1345915067254349,1.1386423117473068,0.0090000000000001,0.0252142857142857,0.0010000000000001,0.0,0.0087313482760801,0.0083283732572482,1.0483858019308998,51.18107150238224,1.1456666666666668,1.1476153846153847,1.1366410473885389,1.1362958717219194,0.0003451756666192,0.0103666970493869,0.0077406225646136,-0.9816828849456212
1.146,1.146,1.146,1.146,1.141,0.005,0.44,10,1146.0,0.0909999999999999,-0.048,-0.006,1.1302,1.1332,1.15565,1.1349918954552545,1.1366657782299012,1.139343043961849,0.0049999999999998,0.0247857142857143,0.0049999999999998,0.0,0.0084648233992172,0.0077334894531591,1.0945671356362112,52.25743863797154,1.1425833333333333,1.1491923076923076,1.1380808862518403,1.137014696038814,0.0010661902130262,0.0076311898870153,0.0064057360942961,-0.6875
1.169,1.169,1.16,1.16,1.146,0.014,1.22,21,2445.0,0.0649999999999999,-0.022,-0.0050000000000001,1.1432,1.131,1.1553999999999998,1.1433279303035029,1.1409083640062827,1.1413103731083396,0.0230000000000001,0.0255,0.014,0.0,0.008860193156416,0.007181097349362,1.2338216188091542,55.233668096869,1.1405,1.151,1.1414530575977109,1.13871731114705,0.0027357464506607,0.0050996599526049,0.0056717381655691,1.1
1.188,1.192,1.188,1.192,1.16,0.032,2.76,40,4760.0,0.0629999999999999,-0.002,0.0209999999999999,1.1558,1.1308,1.15645,1.1595519535356686,1.1501977523687767,1.146137956621831,0.032,0.0269285714285714,0.032,0.0,0.0105130365023862,0.0066681618244076,1.576601885081013,61.18919240918904,1.1403333333333332,1.154,1.149229510274986,1.1426641769880097,0.0065653332869766,0.0031290602862676,0.0058504571898506,0.9047619047619048
1.204,1.205,1.204,1.205,1.192,0.013,1.09,23,2771.0,0.0650000000000001,0.0210000000000001,0.044,1.1687999999999998,1.1329,1.15865,1.1747013023571125,1.1601617973926357,1.15174386551499,0.0130000000000001,0.0275714285714285,0.0130000000000001,0.0,0.0106906767522158,0.0061918645512356,1.7265682515749523,63.32385960181382,1.14225,1.1573461538461538,1.157809585617296,1.1472816453592682,0.0105279402580276,0.0027815198163434,0.006785953803486,-0.425
1.206,1.214,1.197,1.197,1.205,-0.008,-0.66,90,10817.0,0.056,0.131,0.0230000000000001,1.1800000000000002,1.146,1.1598,1.1821342015714085,1.1668596524121562,1.1560539735611817,0.0169999999999999,0.0277857142857143,0.0,0.008,0.0099270569842004,0.0063210170832902,1.5704841251644213,61.09682257088302,1.1424999999999998,1.1602307692307692,1.163838880137712,1.150964486443767,0.012874393693945,0.0037361581903698,0.0080036417815778,2.9130434782608696
1.207,1.223,1.201,1.223,1.197,0.026,2.17,3098,373739.0,0.0770000000000001,0.1680000000000001,0.046,1.1954,1.1628,1.1621,1.195756134380939,1.177066988337219,1.1624297856029735,0.026,0.0287857142857143,0.026,0.0,0.0110751243424718,0.0058695158630552,1.8868889020613304,65.36063444332866,1.14575,1.163153846153846,1.1729405908857562,1.1563004504108954,0.0166401404748608,0.0055760531827287,0.0097309415202344,33.422222222222224
1.231,1.245,1.225,1.23,1.223,0.007,0.57,4102,505839.0,0.07,0.135,0.05,1.2094,1.1763,1.1646,1.2071707562539595,1.186691172275906,1.1688650441169763,0.022,0.0295,0.0069999999999998,0.0,0.0107840440322952,0.0054502647299798,1.978627565185285,66.42749124837985,1.1594166666666668,1.166153846153846,1.1817189615187167,1.1617596763063849,0.019959285212332,0.0078492415940962,0.0117766102586539,0.3240800516462234
1.236,1.249,1.232,1.249,1.23,0.019,1.54,76,9384.0,0.0570000000000001,0.1200000000000001,0.058,1.2208,1.1883,1.1675,1.2211138375026398,1.198020050043923,1.1764969446772642,0.0190000000000001,0.0301428571428571,0.0190000000000001,0.0,0.0113708980299884,0.0050609601064098,2.24678673431685,69.20031767314683,1.1755833333333332,1.1693846153846157,1.1920698905158371,1.1682219225059116,0.0238479680099255,0.0105069081407082,0.0141908818089082,-0.9814724524622136
1.249,1.249,1.207,1.249,1.249,0.0,0.0,217,26655.0,0.044,0.1090000000000002,0.066,1.2296,1.1991999999999998,1.1708,1.23040922500176,1.207289131854119,1.1834019975651435,0.042,0.0238571428571428,0.0,-0.0,0.0105586910278464,0.004699462955952,2.24678673431685,69.20031767314683,1.188416666666667,1.1723846153846154,1.200828368898016,1.17420548380177,0.0266228850962459,0.0134266536328889,0.0166772824663758,1.8552631578947367
1.242,1.249,1.223,1.224,1.249,-0.025,-2.0,6022,739967.0,0.0269999999999999,0.0829999999999999,0.0389999999999999,1.235,1.2075,1.17275,1.22827281666784,1.2103274715170065,1.187268473987511,0.026,0.0243571428571428,0.0,0.0250000000000001,0.0098044988115716,0.0061495013162411,1.5943567303055093,61.4547996303407,1.1963333333333332,1.1748076923076922,1.204393235221398,1.1778939664831205,0.0264992687382776,0.0162525512468057,0.0186416797207561,26.75115207373272
1.23,1.346,1.225,1.236,1.224,0.012,0.98,5788,713954.0,0.0129999999999999,0.09,0.042,1.2376,1.2165,1.17485,1.2308485444452268,1.2149952039684595,1.1919095717029862,0.1220000000000001,0.0292142857142857,0.012,0.0,0.0099613203250308,0.0057102512222239,1.7444627105480095,63.5629955489422,1.2043333333333337,1.1771923076923076,1.2092558144181058,1.1821981171140004,0.0270576973041054,0.0189549902305218,0.020324883237426,-0.0388575224178013
1.248,1.33,1.159,1.16,1.236,-0.076,-6.15,3073,359388.0,-0.07,0.0,-0.022,1.2236,1.2165,1.17375,1.2072323629634845,1.2049960759741942,1.1888705648741302,0.171,0.0388571428571428,0.0,0.076,0.0092497974446715,0.0107309475634936,0.8619739673446006,46.29355632581047,1.2059166666666667,1.1765384615384615,1.2016779968153202,1.180553812142593,0.0211241846727272,0.0205726403844941,0.0204847435244862,-0.4690739460953697
1.172,1.213,1.172,1.208,1.16,0.048,4.14,3348,401028.0,-0.0410000000000001,0.016,0.014,1.2154,1.2181,1.17445,1.2074882419756563,1.205542243978886,1.1906924158384988,0.0530000000000001,0.0414285714285714,0.048,0.0,0.0120176690557664,0.0099644513089584,1.2060542706412831,54.67019949108924,1.2110833333333333,1.1776153846153845,1.2026506126898862,1.1825868630949934,0.0200637495948927,0.0216321747552569,0.0204005447385675,0.0894890986007159
1.229,1.24,1.22,1.23,1.208,0.022,1.82,1550,191132.0,-0.0190000000000001,0.0249999999999999,0.046,1.2116,1.2206,1.17675,1.2149921613171042,1.2099891087099977,1.1944359952824517,0.032,0.0430714285714286,0.022,0.0,0.0127306926946402,0.0092527047868899,1.3758887793197738,57.91048770025742,1.2169166666666666,1.1791153846153846,1.206858210737596,1.186098947310179,0.0207592634274169,0.0225082713923093,0.0204722884763374,-0.537037037037037
1.213,1.221,1.205,1.221,1.23,-0.009,-0.73,3005,364350.0,-0.0029999999999998,0.024,0.155,1.211,1.223,1.1845,1.216994774211403,1.2119910889445435,1.1969659004936466,0.0249999999999999,0.0445,0.0,0.0089999999999998,0.0118213575021659,0.0092346544449692,1.2801082674626625,56.14243348572151,1.2193333333333334,1.1805769230769232,1.2090338706241197,1.188684210472388,0.0203496601517316,0.022920440245295,0.0204477628114163,0.9387096774193548
1.233,1.236,1.223,1.235,1.221,0.014,1.15,2894,355383.0,-0.0009999999999998,0.012,0.1800000000000001,1.2108,1.2242000000000002,1.1934999999999998,1.2229965161409353,1.216174527318263,1.2005881956847275,0.0149999999999999,0.0439285714285714,0.014,0.0,0.0119769748234397,0.0085750362703285,1.3967258499981683,58.27641279870352,1.221833333333333,1.1825,1.2130286597588704,1.1921150096966555,0.0209136500622149,0.0230264807841709,0.020540940261576,-0.0369384359400998
1.232,1.232,1.228,1.23,1.235,-0.005,-0.4,1028,126643.0,0.07,0.0,0.135,1.2248,1.2242,1.20025,1.2253310107606237,1.2186882496240332,1.20338931990523,0.0070000000000001,0.0421428571428571,0.0,0.0050000000000001,0.0111214766217655,0.0083196765367336,1.336767910706759,57.20584849620139,1.2245833333333334,1.1838846153846154,1.2156396351805827,1.194921305274681,0.0207183299059017,0.0226787432170571,0.0205764181904411,-0.6447823082239115
1.218,1.218,1.18,1.184,1.23,-0.046,-3.74,6286,747657.0,-0.024,-0.0650000000000001,0.0549999999999999,1.22,1.2177000000000002,1.203,1.2115540071737492,1.2123812951469362,1.2015427180094935,0.05,0.0447857142857143,0.0,0.046,0.0103270854344965,0.0110111282126812,0.937877139837776,48.39714141611102,1.2213333333333334,1.1839615384615385,1.2107719989989545,1.1941123196987786,0.0166596793001758,0.0215717203508271,0.0197930704123881,5.114785992217898
1.179,1.196,1.165,1.196,1.184,0.012,1.01,3412,399443.0,-0.034,-0.0530000000000001,0.056,1.2132,1.2124,1.2058,1.2063693381158327,1.2094028778474932,1.2010148401038276,0.0309999999999999,0.0457857142857143,0.012,0.0,0.0104465793320325,0.0102246190546326,1.021708415366276,50.536882945168514,1.2185,1.1840384615384616,1.208499383768346,1.1942521478692394,0.0142472358991065,0.020210383368697,0.0186839035097318,-0.457206490614063
1.208,1.274,1.194,1.196,1.196,0.0,0.0,3603,435681.0,-0.0250000000000001,-0.028,0.0549999999999999,1.2082000000000002,1.2096,1.20855,1.202912892077222,1.2069659909661308,1.2005372362844156,0.08,0.0496428571428571,0.0,-0.0,0.0097003950940301,0.0094942891221588,1.021708415366276,50.53688294516851,1.2140833333333334,1.1845,1.2065764016501388,1.1943816183974438,0.0121947832526949,0.0185589484740958,0.0173860794583244,0.0559788980070339
1.194,1.194,1.171,1.172,1.196,-0.024,-2.01,4078,479487.0,-0.0630000000000001,-0.064,0.026,1.1956,1.2032,1.20985,1.192608594718148,1.200608538063198,1.1978194042573282,0.0249999999999999,0.0498571428571428,0.0,0.024,0.0090075097301708,0.0105304113277189,0.8553806161835914,46.10270306386292,1.2076666666666669,1.1885769230769232,1.201256955242425,1.192723720738374,0.0085332345040509,0.0171599540109096,0.0156155104674697,0.1318345822925339
1.16,1.164,1.146,1.164,1.172,-0.008,-0.68,173,19950.0,-0.066,0.004,0.004,1.1824,1.2036,1.21005,1.1830723964787653,1.1939524402335255,1.1945985086137731,0.026,0.0503571428571428,0.0,0.008,0.0083641161780158,0.0103496676614533,0.8081531167582771,44.69494918700045,1.2026666666666668,1.1927692307692306,1.1955251159743596,1.1905960377207168,0.0049290782536428,0.0154783238618818,0.0134782240247043,-0.9575772437469348
1.171,1.171,1.156,1.157,1.164,-0.007,-0.6,259,29990.0,-0.0269999999999999,-0.0509999999999999,-0.0349999999999999,1.177,1.1985,1.2083,1.1743815976525105,1.187233814736521,1.1910176982696044,0.0150000000000001,0.0484285714285714,0.0,0.0069999999999998,0.0077666793081575,0.0101104056856352,0.7681867127441195,43.444886629192,1.1960833333333334,1.195153846153846,1.1895981750552274,1.188107442333997,0.0014907327212303,0.0133373760056388,0.0110807257640095,0.4971098265895954
1.156,1.156,1.108,1.118,1.157,-0.039,-3.37,1087,121684.0,-0.0779999999999998,-0.1119999999999998,-0.0869999999999999,1.1614,1.1873,1.20395,1.1555877317683405,1.1746458484207898,1.184063631767737,0.0489999999999999,0.0500714285714285,0.0,0.0389999999999999,0.007211916500432,0.0121739481366612,0.592405719120298,37.20193365341367,1.192583333333333,1.1947307692307694,1.178583071200577,1.1829142984574048,-0.0043312272568278,0.0105950551824655,0.007998335159842,3.1969111969111967
1.128,1.136,1.113,1.113,1.118,-0.005,-0.45,2443,276131.0,-0.0829999999999999,-0.1080000000000001,-0.084,1.1448,1.1765,1.19975,1.1413918211788936,1.1634375123442824,1.1772956668374766,0.0229999999999999,0.043,0.0,0.0050000000000001,0.006696779607544,0.0116615232697568,0.574262851656054,36.478206358738326,1.1846666666666668,1.1936923076923078,1.1684933679389498,1.1777354615346345,-0.0092420935956845,0.0072444169982545,0.0045502494087367,1.2474701011959524
1.093,1.102,1.075,1.09,1.113,-0.023,-2.07,4907,535877.0,-0.0819999999999998,-0.145,-0.133,1.1284,1.162,1.1931,1.1242612141192625,1.1500852373725947,1.168981793805336,0.038,0.0335,0.0,0.0229999999999999,0.0062184382070051,0.0124714144647742,0.4986153114042727,33.27173475473481,1.173,1.1917307692307693,1.1564174651791117,1.1712365384579948,-0.0148190732788833,0.0032958166443895,0.0006763848712127,1.0085959885386822
1.101,1.115,1.097,1.109,1.09,0.019,1.74,2717,300918.0,-0.0549999999999999,-0.121,-0.121,1.1174000000000002,1.1499,1.18705,1.119174142746175,1.142615194213941,1.1632692420143518,0.0249999999999999,0.0314999999999999,0.0189999999999999,0.0,0.0071314069065047,0.0115805991458617,0.6158063858943876,38.11139696378437,1.1636666666666666,1.1903076923076925,1.1491224705361711,1.1666264244981432,-0.0175039539619721,-0.0005001426069602,-0.0029596828954242,-0.4463012023639698
1.098,1.098,1.073,1.073,1.109,-0.036,-3.25,4333,468938.0,-0.084,-0.1109999999999999,-0.1760000000000001,1.1006,1.1388,1.1782499999999998,1.1037827618307834,1.1299578861750428,1.1546721713463182,0.036,0.0317857142857142,0.0,0.036,0.0066220206988973,0.0133248420640145,0.4969680441302137,33.19830680947956,1.1501666666666666,1.1869615384615384,1.137411321222914,1.159691133794577,-0.022279812571663,-0.0045587035481568,-0.0068237088306719,0.5947736474052263
1.09,1.09,1.079,1.086,1.073,0.013,1.21,1117,121322.0,-0.032,-0.1099999999999998,-0.163,1.0942,1.1278,1.1701,1.0978551745538556,1.1219655432341258,1.1481319645514307,0.0170000000000001,0.0312142857142857,0.0130000000000001,0.0,0.007077590648976,0.0123730676308706,0.5720158379574021,36.38740934701081,1.1381666666666668,1.1828846153846155,1.1295018871886195,1.1542325312912751,-0.0247306441026555,-0.0086615288098624,-0.0104050958850687,-0.7422109393030233
1.097,1.113,1.097,1.112,1.086,0.026,2.39,1046,115813.0,-0.0009999999999998,-0.0839999999999998,-0.1119999999999998,1.094,1.1194,1.1645,1.1025701163692372,1.1201536262824665,1.1446908250703425,0.0269999999999999,0.0320714285714285,0.026,0.0,0.0084291913169063,0.0114892770858084,0.7336572400467294,42.31847121216154,1.1321666666666663,1.1793076923076922,1.126809289159601,1.1511041956400696,-0.0242949064804685,-0.0123091000303646,-0.0131830580041486,-0.063563115487914
1.111,1.112,1.103,1.103,1.112,-0.009,-0.81,2952,327686.0,0.0129999999999999,-0.0689999999999999,-0.133,1.0966,1.1125,1.15785,1.102713410912825,1.1170347851401998,1.1407202703017385,0.0090000000000001,0.0322142857142857,0.0,0.0090000000000001,0.0078271062228416,0.0113114715796792,0.6919617989318717,40.89701075808592,1.1244166666666666,1.1756923076923078,1.1231463215965856,1.1475409218889532,-0.0243946002923676,-0.0155672865354769,-0.0154253664617924,1.8221797323135756
1.113,1.113,1.098,1.098,1.103,-0.005,-0.45,2658,294961.0,-0.0109999999999998,-0.0659999999999998,-0.0619999999999998,1.0943999999999998,1.1059,1.15475,1.1011422739418832,1.1135739151147088,1.136651673130144,0.0149999999999999,0.0297142857142857,0.0,0.0049999999999998,0.0072680272069243,0.0108606521811307,0.6692072525397502,40.09132188477679,1.11625,1.1708846153846155,1.1192776567355724,1.143871223971253,-0.0245935672356805,-0.0184655420862447,-0.01725900661657,-0.0995934959349593
1.073,1.173,1.064,1.128,1.098,0.03,2.73,8506,911254.0,0.0549999999999999,-0.0290000000000001,-0.08,1.1054,1.103,1.15075,1.1100948492945888,1.1161968396393072,1.1358277042606066,0.1089999999999999,0.0352857142857142,0.0299999999999998,0.0,0.0088917395492868,0.0100848913110499,0.8816891798867714,46.85626028523085,1.1125833333333333,1.1669615384615386,1.1206195556993306,1.1426955777511605,-0.0220760220518296,-0.020437185952356,-0.0182224097036219,2.200150489089541
1.123,1.123,1.075,1.079,1.128,-0.049,-4.34,2720,294446.0,-0.0070000000000001,-0.0390000000000001,-0.151,1.104,1.0991,1.1432,1.099729899529726,1.1094337778867058,1.1304155419500728,0.0529999999999999,0.0333571428571428,0.0,0.0489999999999999,0.0082566152957663,0.0128645419316892,0.6418118374994644,39.09168047399182,1.1055,1.160423076923077,1.1142165471302028,1.13797738680663,-0.023760839676427,-0.0220503799613274,-0.019330095698183,-0.6802257230190454
1.072,1.085,1.072,1.073,1.079,-0.006,-0.56,1207,130465.0,-0.0390000000000001,-0.04,-0.1480000000000001,1.0962,1.0951,1.1358,1.0908199330198174,1.1028094546345777,1.124947395097685,0.0129999999999999,0.0324999999999999,0.0,0.006,0.0076668570603545,0.0123742175079971,0.6195831821607787,38.25571844566559,1.0984999999999998,1.153653846153846,1.1078755398794022,1.1331642470431758,-0.0252887071637735,-0.0232136726152041,-0.0205218179913011,-0.55625
1.075,1.096,1.075,1.095,1.073,0.022,2.05,3154,341809.0,-0.008,0.0049999999999998,-0.1400000000000001,1.0946,1.0956,1.1288,1.0922132886798783,1.101389553791927,1.1220952622312388,0.0230000000000001,0.0322857142857142,0.022,0.0,0.0086906529846149,0.0114903448288545,0.7563439665266581,43.063544552858986,1.0965833333333337,1.1486923076923077,1.1058946875902635,1.1303372657807182,-0.0244425781904547,-0.0239846308628133,-0.0213059700311318,1.6130903065451534
1.096,1.096,1.088,1.091,1.095,-0.004,-0.37,360,39305.0,-0.0070000000000001,-0.018,-0.139,1.0932,1.0938,1.12185,1.0918088591199189,1.0995005440115766,1.1191338086854066,0.008,0.0317857142857142,0.0,0.004,0.0080698920571424,0.010955320198222,0.7366185479865826,42.41683061836524,1.09475,1.1431153846153843,1.1036031971917617,1.1274233942414058,-0.0238201970496443,-0.0241557846937001,-0.0218088154348343,-0.885859226379201
1.102,1.124,1.102,1.124,1.091,0.033,3.02,2550,283932.0,-0.0039999999999997,0.0510000000000001,-0.0599999999999998,1.0924,1.0989,1.11885,1.1025392394132794,1.1039549905549262,1.1195972554772726,0.0330000000000001,0.0306428571428571,0.0330000000000001,0.0,0.0098506140530608,0.0101727973269204,0.968328940063805,49.19548355735783,1.0975833333333334,1.1417307692307692,1.1067411668545677,1.1271698094827831,-0.0204286426282158,-0.0236777845298735,-0.0215327808735106,6.083333333333333
1.124,1.124,1.122,1.122,1.124,-0.002,-0.18,308,34569.0,0.0430000000000001,0.036,-0.0739999999999998,1.101,1.1024999999999998,1.11515,1.1090261596088529,1.1072359013631214,1.1198260882889608,0.002,0.0291428571428571,0.0,0.002,0.0091469987635564,0.0095890260892833,0.9539027924618082,48.820381246292406,1.098666666666667,1.138423076923077,1.1090886796461723,1.126786860632207,-0.0176981809860343,-0.0229448150304919,-0.0207658608960153,-0.8792156862745097
1.128,1.129,1.128,1.129,1.122,0.007,0.62,5,564.0,0.056,0.0169999999999999,-0.0669999999999999,1.1122,1.1042,1.1118,1.115684106405902,1.1111930102061902,1.1206997941662027,0.0069999999999998,0.0269285714285714,0.0069999999999998,0.0,0.0089936417090167,0.0089040956543344,1.010056726495142,50.25016026569254,1.1033333333333333,1.1345384615384615,1.1121519597006075,1.1269507968816732,-0.0147988371810656,-0.0218786191292361,-0.0195724561530254,-0.9837662337662336
1.129,1.13,1.11,1.113,1.129,-0.016,-1.42,5940,664074.0,0.018,0.01,-0.0589999999999999,1.1158,1.1052,1.10885,1.1147894042706017,1.111521553805065,1.1199664804360885,0.0199999999999997,0.0265714285714285,0.0,0.016,0.0083512387298012,0.0094109459647391,0.8873963107525604,47.016956942060006,1.1055833333333334,1.130384615384615,1.1122824274389755,1.125917404520068,-0.0136349770810924,-0.0206609980009486,-0.0183849603386388,1187.0
1.102,1.106,1.098,1.103,1.113,-0.01,-0.9,6749,744950.0,0.012,0.0049999999999998,-0.0609999999999999,1.1182,1.1057,1.1058,1.1108596028470676,1.109972180385962,1.1183506251564608,0.0149999999999999,0.0250714285714285,0.0,0.01,0.0077547216776725,0.009453021252972,0.8203431971798906,45.0653040839102,1.1048333333333331,1.1253076923076923,1.110854361679133,1.1242198190000627,-0.0133654573209296,-0.019693157475293,-0.0173810597350969,0.1361952861952862
1.108,1.129,1.108,1.126,1.103,0.023,2.09,4093,455940.0,0.0019999999999997,-0.002,-0.0310000000000001,1.1186,1.1055,1.10425,1.1159064018980451,1.112886329406696,1.1190791370463216,0.026,0.0257142857142856,0.0229999999999999,0.0,0.0088436701292673,0.0087778054491883,1.0075035474937657,50.18688752762437,1.10675,1.1213076923076923,1.1131844598823435,1.1243516842593173,-0.0111672243769738,-0.0182938668864649,-0.0161382926634723,-0.3935397836716551
1.132,1.132,1.126,1.126,1.126,0.0,0.0,2060,232962.0,0.0039999999999997,0.0469999999999999,0.0079999999999997,1.1194,1.1102,1.10465,1.1192709345986969,1.115270633150933,1.1197382668514335,0.006,0.0242142857142856,0.0,-0.0,0.0082119794057482,0.0081508193456749,1.0075035474937653,50.18688752762437,1.1090833333333334,1.119076923076923,1.115156081438906,1.1244737817215902,-0.009317700282684,-0.0165193105663438,-0.0147741741873147,-0.4967016858050329
1.128,1.133,1.128,1.131,1.126,0.005,0.44,1277,144365.0,0.002,0.058,0.018,1.1198,1.116,1.10555,1.123180623065798,1.1181305180325816,1.120810812865583,0.0070000000000001,0.0240714285714285,0.0050000000000001,0.0,0.0079825523053377,0.0075686179638409,1.0546908753320987,51.33087843014972,1.1093333333333333,1.1165769230769231,1.117593607371382,1.1249572052977683,-0.0073635979263864,-0.0146216460925585,-0.013292058935129,-0.3800970873786408
1.142,1.142,1.142,1.142,1.131,0.011,0.97,464,52989.0,0.0289999999999999,0.0469999999999999,0.0519999999999998,1.1256,1.1207,1.10815,1.129453748710532,1.1224704238448395,1.1228288306879084,0.0109999999999998,0.0237857142857142,0.0109999999999998,0.0,0.0081980842835278,0.0070280023949952,1.1664885443644546,53.84235921296538,1.1145833333333333,1.1145,1.121348437006554,1.1262196345349709,-0.0048711975284168,-0.012516201701311,-0.0116078866537865,-0.6366483946750197
1.142,1.145,1.142,1.145,1.142,0.003,0.26,60,6861.0,0.042,0.054,0.036,1.134,1.1261,1.10995,1.134635832473688,1.126566710418505,1.1249403706223933,0.0030000000000001,0.0162142857142857,0.0030000000000001,0.0,0.0078267925489901,0.0065260022239241,1.199324223380952,54.53148792847235,1.1205833333333333,1.1134615384615385,1.1249871390055457,1.1276107727175655,-0.00262363371202,-0.0105378673772892,-0.0098110360654332,-0.8706896551724138
1.136,1.136,1.126,1.127,1.145,-0.018,-1.57,96,10873.0,0.0010000000000001,0.0029999999999998,0.054,1.1342,1.1263999999999998,1.11265,1.1320905549824587,1.1266454903424132,1.125136525801213,0.0190000000000001,0.0137857142857142,0.0,0.018,0.007267735938348,0.0073455734936438,0.9894034747098818,49.73367581225162,1.12325,1.1120384615384615,1.1252968099277694,1.1275655302940424,-0.002268720366273,-0.0088234828639824,-0.0083025729256012,0.6000000000000001
1.137,1.145,1.137,1.145,1.127,0.018,1.6,71,8125.0,0.0190000000000001,0.0229999999999999,0.0589999999999999,1.138,1.1287,1.1156,1.1363937033216391,1.12998267391652,1.1270282852487166,0.018,0.0141428571428571,0.018,0.0,0.008034326228466,0.0068208896726692,1.1779000414944223,54.0842104344778,1.12775,1.111576923076923,1.1283280699388818,1.1288569724944837,-0.0005289025556018,-0.0072379345722642,-0.0067478388516013,-0.2604166666666666
1.143,1.143,1.142,1.142,1.145,-0.003,-0.26,2015,230115.0,0.0109999999999998,0.0129999999999999,0.0299999999999998,1.1402,1.13,1.1171,1.1382624688810927,1.1321676422953344,1.128454162844077,0.0030000000000001,0.0127142857142857,0.0,0.0030000000000001,0.0074604457835755,0.0065479689817643,1.1393526457367833,53.25688815292981,1.12925,1.1124999999999998,1.1304314437944385,1.129830530087485,0.0006009137069535,-0.005656168929148,-0.0052780883398903,27.380281690140844
1.139,1.139,1.124,1.125,1.142,-0.017,-1.49,3707,417549.0,-0.0169999999999999,0.012,0.022,1.1368,1.1312,1.1182,1.1338416459207286,1.1308644346052734,1.1281251949541649,0.0179999999999997,0.0134285714285714,0.0,0.0169999999999999,0.0069275567990344,0.007294542625924,0.9496903581610012,48.70980431255627,1.1295,1.1129615384615383,1.1295958370568326,1.1294727130439677,0.0001231240128651,-0.0041574376698374,-0.0041978458693392,0.8397022332506203
1.124,1.136,1.12,1.125,1.125,0.0,0.0,7709,871310.0,-0.02,0.022,0.0269999999999999,1.1328,1.1334,1.1195499999999998,1.1308944306138191,1.129798173767951,1.1278275573394825,0.0159999999999997,0.0122142857142856,0.0,-0.0,0.0064327313133891,0.0067735038669294,0.9496903581610012,48.70980431255628,1.1291666666666669,1.1143076923076924,1.1288887852019354,1.1291414009666365,-0.0002526157647011,-0.0029447033795849,-0.0034087998484116,1.0795791745346643
1.098,1.123,1.098,1.118,1.125,-0.007,-0.62,2431,270488.0,-0.0089999999999998,-0.0079999999999997,-0.0099999999999997,1.131,1.1326,1.11905,1.1265962870758797,1.1276530512646872,1.126891599497627,0.0269999999999999,0.0139999999999999,0.0,0.0069999999999998,0.0059732505052899,0.0067896821621487,0.8797540683995058,46.80155150022162,1.1295833333333334,1.1146538461538462,1.1272135874785607,1.128316112006145,-0.0011025245275841,-0.0020319060734627,-0.0029475447842461,-0.684654300168634
1.122,1.122,1.122,1.122,1.118,0.004,0.36,350,39270.0,-0.0229999999999999,-0.0039999999999997,0.0430000000000001,1.1263999999999998,1.1322,1.1212,1.12506419138392,1.126625223762017,1.1264257328788052,0.004,0.0137857142857142,0.004,0.0,0.0058323040406263,0.0063047048648524,0.9250716989371526,48.05388284747482,1.1311666666666669,1.1165384615384617,1.1264114970972436,1.1278482518575417,-0.001436754760298,-0.0013733679438973,-0.0026453867794565,-0.8560263266145619
1.136,1.147,1.136,1.146,1.122,0.024,2.14,320,36587.0,0.004,0.0149999999999999,0.0729999999999999,1.1272,1.1337,1.12485,1.1320427942559466,1.1301479103507408,1.1282899487951097,0.0249999999999999,0.0141428571428571,0.0239999999999998,0.0,0.007129996609153,0.0058543688030772,1.217893311641944,54.91216846406002,1.1328333333333334,1.1188461538461538,1.129425112928437,1.12919282579402,0.0002322871344169,-0.0008063140924714,-0.0020698519966818,-0.0857142857142857
1.14,1.162,1.14,1.162,1.146,0.016,1.4,83,9623.0,0.0369999999999999,0.02,0.0669999999999999,1.1346,1.1357,1.1282,1.1420285295039645,1.135939199377879,1.131500429862242,0.022,0.0146428571428571,0.016,0.0,0.0077635682799278,0.0054361996028574,1.428124213071027,58.815945468653496,1.1358333333333333,1.1207692307692307,1.1344366340163696,1.1316229868463148,0.0028136471700548,-0.0002021717722408,-0.0010931521633345,-0.740625
1.168,1.168,1.168,1.168,1.162,0.006,0.52,7,818.0,0.0429999999999999,0.0229999999999999,0.0769999999999999,1.1432,1.138,1.13205,1.1506856863359762,1.1417684358546278,1.1349765793991713,0.006,0.0132142857142857,0.006,0.0,0.0076375991170758,0.0050478996312247,1.513025154032772,60.20732230255427,1.1389166666666666,1.123269230769231,1.139600228783082,1.1343175804132544,0.0052826483698276,0.0006368691984369,0.0001820079432979,-0.9156626506024096
1.173,1.181,1.173,1.181,1.168,0.013,1.11,30,3534.0,0.0629999999999999,0.054,0.0569999999999999,1.1558,1.1434000000000002,1.1349,1.1607904575573176,1.1489014475174226,1.139359762313536,0.0130000000000001,0.0137142857142857,0.0130000000000001,0.0,0.0080206277515704,0.0046873353718515,1.7111273496101786,63.11497502528661,1.1421666666666666,1.1264615384615384,1.1459694243549157,1.13777553741968,0.0081938869352355,0.0016060680307522,0.0017843837416854,3.2857142857142856
1.181,1.181,1.172,1.172,1.181,-0.009,-0.76,19,2193.0,0.0499999999999998,0.0269999999999999,0.0499999999999998,1.1658,1.1461,1.1374,1.1645269717048785,1.1531011843324366,1.1424683563789133,0.0090000000000001,0.0138571428571428,0.0,0.0090000000000001,0.0074477257693153,0.0049953828452907,1.490921917293388,59.854221320329856,1.1444166666666666,1.1281538461538465,1.149974128300313,1.140310682796,0.0096634455043131,0.0026130160082366,0.003360196094211,-0.3666666666666667
1.173,1.173,1.173,1.173,1.172,0.001,0.09,287,33665.0,0.0270000000000001,0.0310000000000001,0.044,1.1712,1.1492,1.1396,1.167351314469919,1.156719150817448,1.1453761319618738,0.0010000000000001,0.0131428571428571,0.0010000000000001,0.0,0.00698717392865,0.0046385697849128,1.5063207524388469,60.10087699162521,1.14825,1.1317692307692306,1.1535165701002652,1.1427321137,0.0107844564002652,0.0037976084957255,0.0048450481554218,14.105263157894736
1.174,1.179,1.174,1.179,1.173,0.006,0.51,215,25325.0,0.0170000000000001,0.054,0.066,1.1746,1.1545999999999998,1.1429,1.1712342096466126,1.1607702143051848,1.148578405108362,0.006,0.0133571428571428,0.006,0.0,0.006916661505175,0.0043072433717047,1.6058209179941083,61.6243774430296,1.1510833333333332,1.135846153846154,1.1574370977771475,1.1454186237962962,0.0120184739808513,0.005161062911898,0.0062797333205077,-0.2508710801393728
1.179,1.179,1.175,1.176,1.179,-0.003,-0.25,32,3763.0,0.008,0.0509999999999999,0.0729999999999999,1.1762,1.1597,1.14655,1.172822806431075,1.1635392662496966,1.1511899855742325,0.004,0.0122857142857142,0.0,0.0030000000000001,0.0064226142548053,0.0042138688451544,1.524160929258814,60.38287462544486,1.1539166666666667,1.1389615384615384,1.1602929288883557,1.1476839109224966,0.0126090179658591,0.0066845676333917,0.007545590249578,-0.8511627906976744
1.182,1.187,1.181,1.181,1.176,0.005,0.43,69,8110.0,0.0,0.0629999999999999,0.0550000000000001,1.1762,1.166,1.1493,1.1755485376207169,1.166713945113388,1.1540290345671629,0.0110000000000001,0.0117857142857142,0.0050000000000001,0.0,0.0063209989508907,0.0039128782133577,1.6154346254151772,61.7654369838719,1.1585833333333333,1.142423076923077,1.163478632136301,1.150151769372682,0.0133268627636191,0.0083249695804936,0.0087018447523862,1.15625
1.169,1.181,1.169,1.179,1.181,-0.002,-0.17,20,2359.0,0.0070000000000001,0.0569999999999999,0.0530000000000001,1.1776,1.1717,1.1519499999999998,1.176699025080478,1.16894777327459,1.1564072217512424,0.012,0.0124285714285714,0.0,0.002,0.005869499025827,0.0037762440552607,1.554321950576851,60.85066724755794,1.1630833333333337,1.1445384615384615,1.1658665348845625,1.1522886753450758,0.0135778595394866,0.0098078109588347,0.0096770477098063,-0.7101449275362319
1.18,1.184,1.18,1.184,1.179,0.005,0.42,88,10407.0,0.0109999999999998,0.038,0.0529999999999999,1.1798,1.1755,1.1545999999999998,1.1791326833869853,1.1716845417701192,1.1590351053939814,0.0049999999999998,0.0115,0.0049999999999998,0.0,0.0058073919525537,0.0035065123370278,1.6561732554679012,62.35185344399367,1.1685833333333333,1.146923076923077,1.168656298748476,1.1546376623565515,0.0140186363919243,0.0110528097612646,0.0105453654462299,3.4000000000000004
1.175,1.175,1.171,1.171,1.184,-0.013,-1.1,17,1994.0,-0.008,0.0090000000000001,0.0290000000000001,1.1782,1.1764,1.15605,1.1764217889246569,1.1715600796300971,1.1601746191659832,0.0129999999999999,0.0112857142857142,0.0,0.0129999999999999,0.005392578241657,0.0041846185986686,1.2886666047349338,56.30643633584993,1.1726666666666663,1.1485384615384615,1.1690168681717872,1.1558496873671773,0.0131671808046098,0.0119288689206849,0.0110697285179059,-0.8068181818181819
1.161,1.161,1.15,1.15,1.171,-0.021,-1.79,19,2188.0,-0.026,-0.018,0.0049999999999998,1.1729999999999998,1.1746,1.1563,1.1676145259497712,1.1676400651518977,1.159205607816842,0.0210000000000001,0.0108571428571428,0.0,0.0210000000000001,0.0050073940815386,0.0053857172701923,0.929754354030512,48.1799329582345,1.1729999999999998,1.1499615384615385,1.1660911961453584,1.1554163771918309,0.0106748189535275,0.0122045280338284,0.0109907466050302,0.1176470588235294
1.142,1.145,1.137,1.137,1.15,-0.013,-1.13,250,28441.0,-0.044,-0.044,0.01,1.1642,1.1702,1.1568,1.1574096839665142,1.162069144215189,1.1570907880247618,0.0129999999999999,0.0115,0.0,0.0129999999999999,0.0046497230757144,0.0059295946080357,0.7841553062351343,43.95106768422716,1.1709166666666666,1.1512692307692307,1.1616156275076108,1.154052201103547,0.0075634264040638,0.0119711925782452,0.0103052825648369,12.157894736842104
1.148,1.157,1.148,1.151,1.137,0.014,1.23,40,4608.0,-0.028,-0.0209999999999999,0.006,1.1586,1.1681,1.1571000000000002,1.155273122644343,1.1600565725397,1.1565107129747845,0.02,0.0111428571428571,0.014,0.0,0.0053175999988777,0.0055060521360331,0.9657736373540337,49.129442932909726,1.1695,1.1522307692307692,1.1599824540449015,1.153826112132914,0.0061563419119874,0.0114569576351032,0.009475494434267,-0.84
1.143,1.143,1.133,1.133,1.151,-0.018,-1.56,6,681.0,-0.0509999999999999,-0.04,-0.0089999999999998,1.1484,1.1641,1.15665,1.147848748429562,1.1551371957143,1.1542715974533764,0.018,0.0108571428571428,0.0,0.018,0.0049377714275293,0.0063984769834594,0.7717104305124287,43.557367909677446,1.1655,1.1525,1.155831307268763,1.1522834371601056,0.0035478701086573,0.0105157794270816,0.0082899695691451,-0.85
1.144,1.144,1.144,1.144,1.133,0.011,0.97,1,114.0,-0.0270000000000001,-0.0350000000000001,0.0189999999999999,1.143,1.1606,1.1576,1.1465658322863748,1.1531122510389726,1.1532933500768645,0.0109999999999998,0.0112142857142857,0.0109999999999998,0.0,0.0053707877541343,0.0059414429132123,0.9039534390191744,47.4777072009097,1.1631666666666665,1.153,1.1540111061504916,1.15166984922232,0.0023412569281715,0.0093749170895608,0.0071002270409503,-0.8333333333333334
1.155,1.197,1.155,1.197,1.144,0.053,4.63,5,591.0,0.0470000000000001,0.0210000000000001,0.072,1.1524,1.1627,1.1612,1.16337722152425,1.1610918417591594,1.157455888164782,0.0530000000000001,0.0140714285714285,0.0530000000000001,0.0,0.0087728743431247,0.0055170541336971,1.5901374412010385,61.392010165441135,1.165166666666667,1.1551153846153843,1.160624782127339,1.155027638168815,0.005597143958524,0.0085160594445502,0.0067996104244651,4.0
1.197,1.197,1.192,1.195,1.197,-0.002,-0.17,84,10026.0,0.058,0.014,0.0769999999999999,1.164,1.1641,1.16505,1.173918147682833,1.1672569614393122,1.1610315178633743,0.0050000000000001,0.0137857142857143,0.0,0.002,0.008146240461473,0.0052658359812901,1.5469985184531083,60.73810044430889,1.1665,1.1570384615384617,1.1659132771846714,1.1579885538600136,0.0079247233246577,0.0078879331984581,0.0070246330045036,15.8
1.194,1.203,1.194,1.201,1.195,0.006,0.5,22,2664.0,0.05,0.022,0.0789999999999999,1.174,1.1663,1.169,1.1829454317885555,1.1733920593594371,1.1648380399716245,0.0090000000000001,0.0143571428571428,0.006,0.0,0.0079929375713677,0.0048897048397694,1.6346462277965692,62.0442399647588,1.1685833333333333,1.1598846153846154,1.1713112345408758,1.16117458690742,0.0101366476334558,0.0074566011141839,0.0076470359302941,-0.7380952380952381
1.2,1.2,1.195,1.195,1.201,-0.006,-0.5,42,5032.0,0.062,0.0110000000000001,0.0490000000000001,1.1864,1.1674,1.17145,1.1869636211923704,1.1773207758395394,1.1677106075933743,0.006,0.0143571428571428,0.0,0.006,0.0074220134591272,0.0049690116369287,1.4936599069255898,59.89830059733804,1.1697499999999998,1.1618076923076923,1.1749556599961255,1.1636801730624258,0.0112754869336999,0.007246412906305,0.0083727261309752,0.9090909090909092
1.202,1.207,1.202,1.203,1.195,0.008,0.67,190,22857.0,0.0590000000000001,0.032,0.0410000000000001,1.1982,1.1706,1.1735,1.1923090807949135,1.181989725686896,1.1710715021082911,0.012,0.0149285714285714,0.008,0.0,0.0074632982120467,0.004614082234291,1.617504377486131,61.795670387363145,1.17175,1.164153846153846,1.1792701738428757,1.1665927528355795,0.0126774210072961,0.0074689242456126,0.0092336651062394,3.523809523809524
1.204,1.204,1.204,1.204,1.203,0.001,0.08,16,1926.0,0.0069999999999998,0.054,0.036,1.1996,1.176,1.1753,1.1962060538632755,1.185991593743824,1.1742075495265492,0.0009999999999998,0.0142142857142857,0.0009999999999998,0.0,0.0070016340540433,0.0042845049318416,1.6341757485231252,62.0374608428971,1.1734166666666666,1.1671923076923076,1.1830747624824334,1.169363660032944,0.0137111024494893,0.008151999361771,0.0101291525748894,-0.9157894736842104
1.208,1.208,1.208,1.208,1.204,0.004,0.33,12,1450.0,0.0129999999999999,0.0709999999999999,0.0269999999999999,1.2022000000000002,1.1831,1.17665,1.2001373692421835,1.1899931221540376,1.1774258781430682,0.004,0.0136428571428571,0.004,0.0,0.0067872316216117,0.0039784688652815,1.705990885297877,63.04496051952077,1.1765,1.1703846153846156,1.1869094144082128,1.172225611141615,0.0146838032665979,0.0090994950678388,0.0110400827132311,-0.25
1.2,1.207,1.2,1.207,1.208,-0.001,-0.08,12,1447.0,0.006,0.056,0.0350000000000001,1.2034,1.1887,1.1784,1.2024249128281226,1.1930852817623945,1.1802424611770617,0.008,0.0138571428571428,0.0,0.0009999999999998,0.0063024293629251,0.0037657210891899,1.6736314808383213,62.5976875584047,1.18125,1.1738076923076923,1.190000273730026,1.1748014917977916,0.0151987819322345,0.0103940408260141,0.0118718225570318,0.0
1.206,1.206,1.206,1.206,1.207,-0.001,-0.08,1,121.0,0.0109999999999998,0.0729999999999999,0.0329999999999999,1.2056,1.1960000000000002,1.18005,1.203616608552082,1.19543341235105,1.1826955601125797,0.0010000000000001,0.013,0.0,0.0010000000000001,0.0058522558370019,0.0035681695828192,1.6401282789866527,62.12305258198193,1.187,1.1770384615384617,1.192461770079253,1.1771124924053624,0.0153492776738906,0.0118393764644273,0.0125673135804035,-0.9166666666666666
1.224,1.227,1.224,1.227,1.206,0.021,1.74,23,2820.0,0.024,0.0830000000000001,0.048,1.2104,1.2043,1.18245,1.211411072368055,1.2011727919235864,1.186915030578048,0.0210000000000001,0.013,0.0210000000000001,0.0,0.0069342375629303,0.0033133003269036,2.09284908664184,67.66735227014318,1.1933333333333334,1.180153846153846,1.1977753439132142,1.1808078633382983,0.0169674805749158,0.013102747199582,0.013447346979306,22.0
1.23,1.23,1.229,1.229,1.227,0.002,0.16,223,27412.0,0.0250000000000001,0.032,0.0530000000000001,1.2154,1.2075,1.1851,1.21727404824537,1.2062322843011162,1.1909231229039483,0.0029999999999998,0.0122857142857143,0.002,0.0,0.006581792022721,0.003076636017839,2.13928198999109,68.14558223223399,1.2013333333333334,1.1827307692307694,1.202579137157335,1.184377651239165,0.01820148591817,0.0142446097099722,0.0143981747670788,8.695652173913043
1.233,1.246,1.233,1.246,1.229,0.017,1.38,146,18127.0,0.038,0.0509999999999999,0.0649999999999999,1.223,1.2126,1.18835,1.2268493654969133,1.2134627780645495,1.196168539770239,0.0169999999999999,0.0120714285714285,0.0169999999999999,0.0,0.0073259497353838,0.0028568763022791,2.564321643726528,71.94417058965274,1.209833333333333,1.1857307692307693,1.2092592699023603,1.1889422696658936,0.0203170002364667,0.0153757599991956,0.0155819398609564,-0.3452914798206278
1.246,1.248,1.239,1.241,1.246,-0.005,-0.4,54,6718.0,0.034,0.04,0.062,1.2298,1.2166,1.19145,1.2315662436646089,1.2184695456891768,1.200438202649264,0.0089999999999998,0.0114285714285714,0.0,0.0049999999999998,0.0068026676114278,0.003009956566402,2.260055074335969,69.3256715853585,1.2135,1.1880384615384616,1.214142459148151,1.1927983978387904,0.0213440613093607,0.0164944904853802,0.0167343641506372,-0.6301369863013699
1.249,1.249,1.246,1.246,1.241,0.005,0.4,6,748.0,0.04,0.0509999999999999,0.062,1.2378,1.2217,1.19455,1.236377495776406,1.223475082836599,1.204777421444572,0.008,0.0112142857142857,0.0049999999999998,0.0,0.0066739056391829,0.0027949596688019,2.387836115733229,70.48263357970696,1.21775,1.190884615384615,1.219043619279205,1.1967392572581392,0.0223043620210654,0.0175641505980212,0.0178483637247229,-0.8888888888888888
1.247,1.247,1.245,1.246,1.246,0.0,0.0,274,34116.0,0.0189999999999999,0.0429999999999999,0.0749999999999999,1.2416,1.226,1.1983,1.2395849971842707,1.2275705223208535,1.2087033813069938,0.002,0.0075714285714285,0.0,-0.0,0.006197198093527,0.0025953196924589,2.387836115733229,70.48263357970696,1.2215,1.1936923076923078,1.2231907547747116,1.2003882011649438,0.0228025536097677,0.0185743118380521,0.0188392017017318,44.66666666666666
1.247,1.247,1.236,1.236,1.246,-0.01,-0.8,143,17748.0,0.0069999999999998,0.032,0.086,1.243,1.2292,1.2026,1.2383899981228472,1.2291031546261528,1.2113030592777565,0.0110000000000001,0.008,0.0,0.01,0.0057545410868465,0.0031242254287118,1.8419096887061728,64.81239344184554,1.2249166666666669,1.1958846153846154,1.2251614078862945,1.203026112189763,0.0221352956965315,0.0194022554413781,0.0194984205006918,-0.4781021897810219
1.258,1.266,1.255,1.26,1.236,0.024,1.94,22,2771.0,0.014,0.052,0.123,1.2457999999999998,1.2344000000000002,1.20875,1.2455933320818982,1.2347207628759431,1.215940863156065,0.03,0.0095,0.024,0.0,0.0070577881520718,0.0029010664695181,2.432825385501789,70.86947666422519,1.229666666666667,1.1991153846153846,1.2305211912884029,1.2072464001757064,0.0232747911126964,0.0202995897947628,0.0202536946230927,-0.8461538461538461
1.265,1.267,1.26,1.26,1.26,0.0,0.0,324,40986.0,0.0189999999999999,0.0529999999999999,0.1089999999999999,1.2496,1.2397,1.2142000000000002,1.2503955547212655,1.2393169878075896,1.220136971426916,0.0069999999999998,0.0095714285714285,0.0,-0.0,0.0065536604269238,0.0026938474359811,2.432825385501789,70.86947666422519,1.2343333333333335,1.202153846153846,1.2350563926286484,1.211154074236765,0.0239023183918833,0.0212499276523175,0.0209834193768508,13.727272727272728
1.263,1.284,1.263,1.284,1.26,0.024,1.9,113,14433.0,0.038,0.078,0.151,1.2572,1.2475,1.22175,1.2615970364808438,1.2474411718425733,1.2262191646243523,0.024,0.0104285714285714,0.024,0.0,0.0077998275392864,0.0025014297619824,3.11814773208132,75.7172383057128,1.2406666666666668,1.2061923076923078,1.2425861783780872,1.2165500687377455,0.0260361096403416,0.0222575531040315,0.021993957429549,-0.6512345679012346
1.284,1.296,1.284,1.296,1.284,0.012,0.93,44,5637.0,0.05,0.0689999999999999,0.1520000000000001,1.2672,1.2544,1.22935,1.2730646909872292,1.2562700496893782,1.2328649584696525,0.012,0.0112142857142857,0.012,0.0,0.0080998398579088,0.0023227562075551,3.487167457162605,77.71422596667841,1.2480833333333334,1.2105,1.250803689396843,1.222435248831246,0.028368440565597,0.0233872147315234,0.0232688540567586,-0.6106194690265487
1.314,1.36,1.314,1.352,1.296,0.056,4.32,533,71392.0,0.1160000000000001,0.123,0.155,1.2904,1.2667000000000002,1.2371,1.299376460658153,1.2736754952004004,1.2442111529011142,0.064,0.0155,0.056,0.0,0.0115212798680581,0.0021568450498726,5.341728126801888,84.23142745943768,1.26025,1.2174615384615384,1.2663723525665596,1.2320326378067092,0.0343397147598503,0.0249452941230104,0.0254830261973769,11.113636363636363
1.353,1.397,1.353,1.376,1.352,0.024,1.78,1114,153721.0,0.1159999999999998,0.1299999999999999,0.1809999999999998,1.3136,1.2797,1.24615,1.3249176404387688,1.2922799506185094,1.2567624716724366,0.0449999999999999,0.0181428571428571,0.0239999999999998,0.0,0.0124126170203397,0.0020027846891674,6.197679205096933,86.10663282559378,1.2726666666666666,1.226153846153846,1.2832381444793963,1.242696886858064,0.0405412576213324,0.0270783159354517,0.028494672482168,1.0900562851782365
1.375,1.404,1.366,1.404,1.376,0.028,2.03,198,27410.0,0.1439999999999999,0.1629999999999998,0.2029999999999998,1.3424,1.296,1.2563,1.351278426959179,1.3125926868696896,1.2707850934179188,0.0379999999999998,0.0207857142857142,0.028,0.0,0.0135260015188868,0.0018597286399412,7.273104918852256,87.91263969442404,1.28725,1.236423076923077,1.3018168914825663,1.2546452656093183,0.0471716258732477,0.0298413452523609,0.032230063160384,-0.822262118491921
1.404,1.447,1.404,1.438,1.404,0.034,2.42,838,119366.0,0.1539999999999999,0.1919999999999999,0.2429999999999998,1.3732,1.3152,1.26845,1.3801856179727865,1.3353940165297458,1.2867103226162122,0.0430000000000001,0.0223571428571428,0.034,0.0,0.0149884299818235,0.0017268908799454,8.679430852224604,89.66881405253108,1.30325,1.2474615384615384,1.322768138946787,1.268227097786406,0.0545410411603808,0.0333678438690957,0.0366922587603833,3.2323232323232327
1.444,1.453,1.433,1.436,1.438,-0.002,-0.14,352,50711.0,0.1399999999999999,0.1899999999999999,0.2329999999999998,1.4011999999999998,1.3342,1.2801,1.3987904119818575,1.3536860135243374,1.300928387128954,0.02,0.0235714285714285,0.0,0.002,0.0139178278402647,0.001746398674235,7.96944480409727,88.851037919948,1.3195,1.2591153846153846,1.340188425262666,1.2806547201725984,0.0595337050900675,0.0375232226905997,0.0412605480263202,-0.5799522673031026
1.456,1.479,1.455,1.477,1.436,0.041,2.86,291,42561.0,0.125,0.2410000000000001,0.2730000000000001,1.4262,1.3582999999999998,1.29375,1.4248602746545718,1.3761067383380945,1.3176971121642918,0.0430000000000001,0.0254285714285714,0.0410000000000001,0.0,0.0158522687088172,0.0016216559117896,9.775358997903924,90.71956674302427,1.33875,1.271923076923077,1.3612363598376405,1.295198814974628,0.0660375448630123,0.0422746397739681,0.0462159473936586,-0.1732954545454545
1.477,1.481,1.433,1.464,1.477,-0.013,-0.88,652,95566.0,0.088,0.2039999999999999,0.256,1.4438,1.3786999999999998,1.30655,1.4379068497697145,1.3920873313675317,1.3316307205295974,0.048,0.0282142857142857,0.0,0.0130000000000001,0.0147199638010445,0.0024343947752332,6.046662583571335,85.80888487081232,1.3569166666666668,1.282192307692308,1.3770461506318497,1.3077026064579889,0.0693435441738608,0.0473236648608545,0.050841466749699,1.2405498281786942
1.401,1.461,1.401,1.456,1.464,-0.008,-0.55,20,2854.0,0.052,0.1959999999999999,0.2489999999999999,1.4542,1.3983,1.3190000000000002,1.4439378998464765,1.403707816573435,1.343475413812493,0.0629999999999999,0.0321428571428571,0.0,0.008,0.0136685378152556,0.0028319380055737,4.826566749820649,82.83723429357809,1.37525,1.2922307692307693,1.389192896688488,1.318687598572212,0.0705052981162761,0.052264685802625,0.0547742330230144,-0.9693251533742332
1.455,1.455,1.358,1.358,1.456,-0.098,-6.73,742,105511.0,-0.0799999999999998,0.074,0.1520000000000001,1.4382,1.4057,1.3266,1.4152919332309843,1.395397304469174,1.3448587077351126,0.0979999999999998,0.039,0.0,0.0979999999999998,0.0126922136855945,0.0096296567194613,1.3180338671828118,56.85999181645543,1.3834166666666663,1.298269230769231,1.384393989505644,1.3215996283076037,0.0627943611980401,0.0560897880951187,0.0563782586580196,36.1
1.358,1.375,1.354,1.371,1.358,0.013,0.96,144,19680.0,-0.0649999999999999,0.0749999999999999,0.1439999999999999,1.4252,1.4132,1.3338,1.400527955487323,1.390961430929324,1.347348354617483,0.0209999999999999,0.0397142857142857,0.0129999999999999,0.0,0.0127141984223378,0.0089418240966426,1.4218797288924003,58.709758041646,1.3926666666666667,1.3050384615384614,1.382333375735545,1.3252589150996332,0.0570744606359117,0.0586158709702366,0.056517499053598,-0.8059299191374663
1.375,1.404,1.369,1.404,1.371,0.033,2.41,276,38674.0,-0.0730000000000001,0.0519999999999998,0.1749999999999998,1.4106,1.4184,1.34255,1.4016853036582153,1.3933320798512652,1.352743749415818,0.0349999999999999,0.0400714285714285,0.0329999999999999,0.0,0.0141631842493136,0.0083031223754539,1.7057660490689102,63.04188973233243,1.4026666666666667,1.312769230769231,1.385666702545461,1.331091588055216,0.0545751144902451,0.0601751884001158,0.0561290221409274,0.9166666666666669
1.392,1.42,1.392,1.414,1.404,0.01,0.71,471,66829.0,-0.05,0.038,0.1679999999999999,1.4006,1.4222,1.35095,1.4057902024388105,1.3970898835146714,1.3585776780428829,0.028,0.0415714285714285,0.01,0.0,0.0138658139457912,0.0077100422057786,1.798409603438867,64.26541708650744,1.4125,1.3208461538461538,1.3900256713846206,1.3372329519029778,0.0527927194816428,0.0607997543566041,0.0554617616090705,0.7065217391304348
1.413,1.434,1.413,1.425,1.414,0.011,0.78,297,42519.0,-0.0309999999999999,0.0210000000000001,0.1839999999999999,1.3944,1.4243,1.36015,1.41219346829254,1.4021644501483674,1.3649036134673702,0.0209999999999999,0.0413571428571428,0.0110000000000001,0.0,0.0136611129496633,0.0071593249053658,1.9081565832309708,65.61395607904313,1.4185833333333333,1.3291923076923076,1.3954063373254484,1.3437342147249796,0.0516721226004688,0.060480985627725,0.0547038338073502,-0.3694267515923567
1.428,1.428,1.393,1.422,1.425,-0.003,-0.21,44,6245.0,0.0639999999999998,-0.016,0.1759999999999999,1.4072,1.4227,1.36895,1.415462312195027,1.4057709137577552,1.370341364565716,0.0349999999999999,0.0429999999999999,0.0,0.0030000000000001,0.0126853191675445,0.0068622302692683,1.848570897475449,64.89467750701758,1.4224166666666669,1.3374615384615385,1.3994976700446102,1.349531680300907,0.0499659897437032,0.0594179061447956,0.0537562649946208,-0.8518518518518519
1.405,1.405,1.353,1.353,1.422,-0.069,-4.85,81,11184.0,-0.018,-0.0829999999999999,0.1069999999999999,1.4036,1.4144,1.3743,1.3946415414633515,1.396176202165436,1.3686898060356476,0.0689999999999999,0.0433571428571428,0.0,0.0689999999999999,0.0117792249412913,0.011300642392892,1.0423500303575983,51.03679657571194,1.4181666666666668,1.3431153846153845,1.3923441823454394,1.34978859287121,0.0425555894742293,0.0568087999904864,0.0515161298905425,0.8409090909090908
1.363,1.363,1.354,1.354,1.353,0.001,0.07,231,31478.0,-0.0499999999999998,-0.123,0.1180000000000001,1.3936,1.4021,1.3802,1.3810943609755677,1.3885078017717205,1.3672907768893954,0.01,0.0408571428571428,0.0010000000000001,0.0,0.0110092803026276,0.0104934536505425,1.0491569953290296,51.19944434323678,1.4111666666666665,1.348,1.386445077369218,1.350100548954824,0.0363445284143939,0.053142242683879,0.0484818095953128,1.851851851851852
1.369,1.371,1.362,1.363,1.354,0.009,0.66,76,10325.0,-0.0509999999999999,-0.1009999999999999,0.1029999999999999,1.3834,1.392,1.38535,1.3750629073170453,1.3838700196314075,1.3668821314713575,0.0169999999999999,0.0393571428571428,0.0089999999999998,0.0,0.0108657602810114,0.0097439212469323,1.115132194282893,52.721631172606834,1.4050833333333337,1.3531538461538462,1.3828381423893383,1.3510560638470592,0.0317820785422791,0.0488396627312127,0.045141863384706,-0.670995670995671
1.4,1.407,1.4,1.407,1.363,0.044,3.23,104,14566.0,-0.018,-0.0489999999999999,0.147,1.3798,1.3870999999999998,1.3927,1.3857086048780305,1.3880754706075151,1.370702880855038,0.044,0.0394285714285714,0.044,0.0,0.0132324916895106,0.0090479268721515,1.462488797322038,59.39067819973425,1.39925,1.3593461538461538,1.386555351252517,1.3552000591176474,0.0313552921348696,0.0453464328353048,0.0423845491347387,0.368421052631579
1.403,1.403,1.403,1.403,1.407,-0.004,-0.28,4,561.0,-0.0189999999999999,0.0449999999999999,0.119,1.376,1.3916,1.39865,1.3914724032520205,1.390789021406149,1.3737787969640818,0.004,0.0382857142857142,0.0,0.004,0.0122873137116884,0.0086873606669978,1.4143897304006674,58.58166610764824,1.3941666666666668,1.3655769230769228,1.3890852972136682,1.3587407954793032,0.030344501734365,0.0423764374017996,0.039976539654664,-0.9615384615384616
1.403,1.426,1.394,1.41,1.403,0.007,0.5,34,4797.0,0.0569999999999999,0.0389999999999999,0.1139999999999998,1.3874,1.3955,1.40435,1.3976482688346803,1.3942819266050306,1.377228435348455,0.032,0.0374999999999999,0.0069999999999998,0.0,0.0119096484465678,0.0080668349050694,1.4763719087747134,59.61834341374066,1.3903333333333334,1.3718846153846156,1.392302943796181,1.3625377735919473,0.0297651702042336,0.0396197769255761,0.0379342657645779,7.5
1.43,1.45,1.43,1.45,1.41,0.04,2.84,282,40510.0,0.0959999999999998,0.046,0.0979999999999998,1.4066,1.4001,1.40925,1.415098845889787,1.4044124854041158,1.384159060553364,0.04,0.0369285714285713,0.04,0.0,0.0139161021289558,0.0074906324118501,1.857800698768849,65.00805670490585,1.398,1.3797307692307692,1.401179413981384,1.3690164570295809,0.0321629569518031,0.0373275810889273,0.036780004002023,7.294117647058824
1.452,1.456,1.438,1.438,1.45,-0.012,-0.83,1257,182304.0,0.0749999999999999,0.024,0.062,1.4216000000000002,1.4025,1.41235,1.422732563926525,1.410519306239731,1.3892867690720911,0.018,0.0337142857142856,0.0,0.012,0.0129220948340304,0.007812730096718,1.6539794251255076,62.32073276330279,1.4035833333333334,1.3875000000000002,1.4068441195227095,1.3741263491014637,0.0327177704212457,0.0352215419579025,0.0359675572858675,3.457446808510638
1.445,1.464,1.436,1.461,1.438,0.023,1.6,482,70172.0,0.054,0.036,0.0570000000000001,1.4324,1.4061,1.4152,1.4354883759510169,1.4196976141961437,1.3961166005890349,0.028,0.0287142857142856,0.0230000000000001,0.0,0.0136419452030282,0.0072546779469524,1.8804342939522196,65.2830129782996,1.4083333333333332,1.395230769230769,1.4151757934422926,1.380561434353207,0.0346143590890855,0.0335158052185005,0.0356969176465111,-0.6165473349244233
1.462,1.462,1.435,1.458,1.461,-0.003,-0.21,613,88875.0,0.0549999999999999,0.036,0.02,1.4434,1.4097000000000002,1.4162,1.4429922506340114,1.426661684342299,1.4020102576757931,0.0269999999999999,0.0291428571428571,0.0,0.0030000000000001,0.012667520545669,0.0069507723793129,1.822462289711916,64.569942930856,1.412,1.4028461538461536,1.421764132912709,1.3862976244011178,0.0354665085115912,0.0327281295559852,0.0356508358195271,0.2717842323651451
1.434,1.436,1.433,1.436,1.458,-0.022,-1.51,31,4449.0,0.026,0.0829999999999999,0.0,1.4486,1.418,1.4162,1.4406615004226744,1.4283595599164265,1.4052473759923845,0.0249999999999999,0.0284285714285714,0.0,0.022,0.0117626976495498,0.008025717209362,1.4656257307233038,59.44234408574878,1.4129166666666666,1.4086923076923077,1.4239542663107538,1.3899792818528869,0.0339749844578669,0.0324648468941489,0.0353156655471951,-0.9494290375203916
1.437,1.452,1.437,1.451,1.436,0.015,1.04,327,47410.0,0.0010000000000001,0.0969999999999999,-0.026,1.4488,1.4277,1.4149,1.4441076669484496,1.4324760035679849,1.4096047687550146,0.016,0.0275714285714285,0.0150000000000001,0.0,0.0119939335317248,0.0074524516944076,1.6093943340451595,61.67693065962282,1.4153333333333336,1.414653846153846,1.4281151484167918,1.3944993350489694,0.0336158133678223,0.0326685952080981,0.0349756951113205,9.548387096774194
1.45,1.455,1.426,1.426,1.451,-0.025,-1.72,745,106909.0,-0.012,0.0629999999999999,-0.038,1.4464,1.434,1.4129999999999998,1.4380717779656331,1.431298548373806,1.4111662193497752,0.0290000000000001,0.0281428571428571,0.0,0.0250000000000001,0.0111372239937445,0.0087058480019499,1.279280776697457,56.12651103700612,1.4214166666666666,1.4175,1.4277897409680549,1.3968327176379345,0.0309570233301201,0.0326243431186815,0.0341719607550805,1.2782874617737003
1.418,1.418,1.379,1.407,1.426,-0.019,-1.33,387,54407.0,-0.054,0.0,-0.0489999999999999,1.4355999999999998,1.434,1.41055,1.4277145186437554,1.4268806304876591,1.4107694365545584,0.0469999999999999,0.0289999999999999,0.0,0.0189999999999999,0.0103417079941913,0.0094411445732392,1.095387102058023,52.27612124662638,1.4258333333333333,1.4186923076923077,1.4245913192806616,1.3975858496647542,0.0270054696159074,0.032253339549964,0.0327386625272458,-0.4805369127516778
1.405,1.414,1.351,1.411,1.407,0.004,0.28,190,25921.0,-0.0469999999999999,0.008,0.0529999999999999,1.4262,1.4348,1.4132,1.4221430124291703,1.4239932431262663,1.410791394977934,0.0629999999999999,0.0285714285714285,0.004,0.0,0.0098887288517491,0.0087667771037221,1.1279776746634314,53.00702578291082,1.4298333333333335,1.4189615384615382,1.4225003470836368,1.398579490430328,0.0239208566533088,0.031603971377639,0.0309751013524584,-0.5090439276485788
1.412,1.426,1.406,1.426,1.411,0.015,1.06,681,96143.0,-0.01,0.016,0.0549999999999999,1.4242,1.4364,1.41595,1.4234286749527802,1.4243581080124,1.412239833551464,0.02,0.0292857142857142,0.0149999999999999,0.0,0.0102538196480527,0.0081405787391705,1.2595934486468092,55.74425122364978,1.4314166666666666,1.4185,1.4230387552246158,1.4006106392873403,0.0224281159372752,0.0305223223760248,0.0292657042694218,2.5842105263157893
1.433,1.452,1.431,1.451,1.426,0.025,1.75,267,38235.0,0.0,0.0010000000000001,0.0470000000000001,1.4242,1.4365,1.4183,1.432619116635187,1.4292020883737817,1.4159312779751343,0.026,0.0299285714285714,0.0250000000000001,0.0,0.0113071182446204,0.0075591088292298,1.495826889129798,59.933118584652206,1.4354166666666668,1.4190769230769231,1.4273404851900595,1.4043431845253154,0.0229973006647441,0.029442270180858,0.0280120235484863,-0.6079295154185023
1.456,1.465,1.456,1.462,1.451,0.011,0.76,317,46269.0,0.036,0.024,0.048,1.4314,1.4388999999999998,1.4207,1.442412744423458,1.435165345033094,1.4203187753108355,0.014,0.0277857142857142,0.0109999999999998,0.0,0.0112851812271475,0.0070191724842848,1.6077651963125046,61.65298925631632,1.43975,1.4185,1.4326727182377428,1.4086140597456625,0.0240586584920803,0.0282694145589685,0.0272213505372051,0.1872659176029962
1.462,1.462,1.438,1.438,1.462,-0.024,-1.64,25,3621.0,0.0309999999999999,-0.0230000000000001,0.0129999999999999,1.4376000000000002,1.4366,1.42135,1.4409418296156389,1.4356807368452589,1.4220027014717085,0.024,0.0292142857142857,0.0,0.024,0.0104790968537798,0.0082320887354073,1.272957227575526,56.0044514754613,1.43875,1.4175,1.433492300047321,1.4107907960607986,0.0227015039865223,0.0268510807228497,0.0263173812270685,-0.9211356466876972
1.439,1.441,1.427,1.427,1.438,-0.011,-0.76,478,68465.0,0.016,-0.0309999999999999,0.0050000000000001,1.4408,1.4335,1.4216000000000002,1.4362945530770928,1.4341024210552118,1.4224786346648792,0.014,0.0279285714285714,0.0,0.0109999999999998,0.0097305899356527,0.0084297966828782,1.1543089711068024,53.58140297367662,1.4378333333333335,1.4163846153846154,1.4324934846554256,1.4119914778340728,0.0205020068213528,0.0253540832076815,0.0251543063459254,18.12
1.435,1.44,1.429,1.44,1.427,0.013,0.91,27,3870.0,0.014,0.004,0.0869999999999999,1.4436,1.4339,1.4259499999999998,1.4375297020513953,1.4351747081360822,1.4241473361253667,0.0129999999999999,0.0259999999999999,0.0129999999999999,0.0,0.0099641192259632,0.0078276683483869,1.2729357942223698,56.00403660578868,1.4360833333333334,1.4195384615384616,1.4336483331699754,1.414066183179697,0.0195821499902784,0.0237947872768433,0.024039875074796,-0.9435146443514644
1.452,1.452,1.44,1.44,1.44,0.0,0.0,296,42666.0,-0.0110000000000001,-0.0110000000000001,0.0859999999999998,1.4414,1.4328,1.43025,1.4383531347009302,1.4360520339295215,1.425657113637237,0.012,0.0255714285714285,0.0,-0.0,0.0092523964241087,0.007268549180645,1.2729357942223698,56.00403660578868,1.434583333333333,1.4221923076923078,1.4346255126822869,1.4159872066478676,0.0186383060344192,0.0224260409106543,0.0229595612667206,9.962962962962964
1.441,1.581,1.403,1.403,1.44,-0.037,-2.57,780,115301.0,-0.0589999999999999,-0.0229999999999999,0.04,1.4296,1.4305,1.43225,1.4265687564672869,1.430042573215063,1.423499293290833,0.1779999999999999,0.0362857142857142,0.0,0.0369999999999999,0.0085915109652438,0.0093922242391703,0.9147472149794746,47.773784853855,1.4318333333333333,1.422153846153846,1.4297600491927045,1.4150251913406182,0.014734857852086,0.021062639603563,0.0213146205837937,1.635135135135135
1.411,1.419,1.403,1.417,1.403,0.014,1.0,38,5376.0,-0.0209999999999999,0.01,0.01,1.4254,1.4315000000000002,1.43275,1.423379170978191,1.4276711962668698,1.4228803129774203,0.016,0.0354999999999999,0.014,0.0,0.0089778316105835,0.0087213510792296,1.0294083484340786,50.72455473184513,1.429,1.4222692307692308,1.427796964701519,1.4151714734635354,0.0126254912379835,0.0198075990018602,0.0195767947146317,-0.9512820512820512
1.418,1.443,1.418,1.443,1.417,0.026,1.83,359,51648.0,0.016,0.032,0.04,1.4286,1.4347,1.43475,1.4299194473187944,1.430458251491075,1.4247964736462375,0.026,0.0355714285714285,0.026,0.0,0.0101937007812561,0.0080983974307132,1.2587306153432865,55.72734556271917,1.430416666666667,1.4229615384615384,1.4301358932089776,1.4172328457995698,0.0129030474094078,0.0187492580543194,0.0182420452535869,8.447368421052632
1.45,1.455,1.441,1.441,1.443,-0.002,-0.14,293,42465.0,0.0010000000000001,0.0150000000000001,0.0310000000000001,1.4288,1.4362,1.4363,1.4336129648791964,1.4323749330381523,1.42633966663231,0.014,0.0354285714285714,0.0,0.002,0.0094655792968807,0.0076627976142337,1.235264165048326,55.26255841987338,1.43325,1.4236923076923076,1.4318072942537503,1.4189933757403423,0.0128139185134079,0.0176177711486154,0.0171564199055511,-0.1838440111420612
1.439,1.441,1.438,1.441,1.441,0.0,0.0,625,89954.0,0.0010000000000001,-0.01,-0.0089999999999998,1.429,1.4352,1.4358499999999998,1.4360753099194643,1.4339431270312155,1.4277358888578042,0.0030000000000001,0.0335714285714285,0.0,-0.0,0.0087894664899606,0.0071154549275027,1.235264165048326,55.26255841987338,1.43575,1.4270769230769231,1.4332215566762505,1.4206234960558726,0.0125980606203777,0.0163443713850928,0.0162447480485164,1.1331058020477816
1.441,1.45,1.441,1.45,1.441,0.009,0.62,790,114257.0,0.0469999999999999,-0.012,0.012,1.4384,1.434,1.43645,1.440716873279643,1.4368625584800854,1.4298562803951562,0.0089999999999998,0.0308571428571428,0.0089999999999998,0.0,0.0088045045978205,0.0066072081469668,1.3325605008921202,57.12865755818397,1.43775,1.4307692307692308,1.435802855649135,1.4227995333850671,0.0130033222640677,0.0152667956381534,0.0155964628916267,0.264
1.447,1.447,1.442,1.442,1.45,-0.008,-0.55,251,36314.0,0.0249999999999999,0.004,-0.0190000000000001,1.4434,1.4344,1.4355,1.4411445821864286,1.4377966387564336,1.431012825119427,0.008,0.0269285714285714,0.0,0.008,0.0081756114122619,0.0067066932793263,1.219022709367619,54.93511644660087,1.437,1.433807692307692,1.436756262472345,1.4242217901713583,0.0125344723009865,0.0143815140247794,0.0149840647734986,-0.6822784810126583
1.417,1.417,1.417,1.417,1.442,-0.025,-1.73,1,142.0,-0.026,-0.01,-0.0409999999999999,1.4382,1.4334,1.43345,1.4330963881242855,1.4340154317098093,1.429678270346148,0.0249999999999999,0.0272857142857142,0.0,0.0249999999999999,0.0075916391685289,0.0080133580450887,0.947373014635455,48.64876977936359,1.43325,1.4341923076923078,1.4337168374765994,1.4236868427512577,0.0100299947253417,0.0133201634397864,0.0139932507638672,-0.99601593625498
1.396,1.396,1.396,1.396,1.417,-0.021,-1.48,6,838.0,-0.0450000000000001,-0.044,-0.04,1.4292,1.429,1.43145,1.4207309254161906,1.4271035350352983,1.4264708160274673,0.0210000000000001,0.0269285714285714,0.0,0.0210000000000001,0.0070493792279197,0.0089409753275824,0.7884351504888777,44.08519650675368,1.42975,1.433923076923077,1.427914247095584,1.4216359655104238,0.0062782815851603,0.0119468273898688,0.0124502569281258,5.0
1.397,1.407,1.387,1.407,1.396,0.011,0.79,241,33790.0,-0.034,-0.0329999999999999,-0.044,1.4224,1.4257,1.42925,1.4161539502774605,1.4234483468470622,1.42461645259628,0.02,0.0273571428571428,0.0110000000000001,0.0,0.0073315664259255,0.008302334232755,0.8830729070145577,46.89531157954953,1.4280833333333334,1.433807692307692,1.4246966706193405,1.420551819917059,0.0041448507022814,0.0107701599287794,0.010789175682957,39.16666666666666
1.391,1.391,1.37,1.371,1.407,-0.036,-2.56,855,118327.0,-0.0789999999999999,-0.032,-0.0549999999999999,1.4066,1.4225,1.4265,1.401102633518307,1.41391228378396,1.419510123777587,0.0369999999999999,0.0282857142857142,0.0,0.036,0.0068078831097879,0.0102807389304154,0.6621978396559548,39.83868970693752,1.4223333333333334,1.4307692307692308,1.4164356443702113,1.4168813147380177,-0.0004456703678064,0.0093178086392472,0.0085422064728043,2.5477178423236517
1.372,1.372,1.345,1.345,1.371,-0.026,-1.9,104,14047.0,-0.0969999999999999,-0.072,-0.062,1.3872,1.4152999999999998,1.4234,1.3824017556788717,1.4013827776414218,1.412413921513055,0.0270000000000001,0.0292142857142857,0.0,0.026,0.0063216057448031,0.0114035432925286,0.5543545179457433,35.66461264437833,1.4144166666666669,1.4271923076923076,1.4054455452363326,1.411556772905572,-0.0061112276692394,0.0072051114082864,0.0056115196443955,-0.8783625730994152
1.348,1.364,1.348,1.364,1.345,0.019,1.41,170,23031.0,-0.0529999999999999,-0.0789999999999999,-0.0469999999999999,1.3766,1.4074,1.42105,1.3762678371192476,1.394585908979345,1.4078030718451449,0.0190000000000001,0.0296428571428571,0.0190000000000001,0.0,0.00722720533446,0.0105890044859194,0.6825198104383007,40.56533576626968,1.411166666666667,1.4234615384615383,1.399069307507666,1.4080340489866408,-0.0089647414789748,0.0047852602980216,0.0026962674197214,0.6346153846153846
1.365,1.37,1.358,1.37,1.364,0.006,0.44,189,25791.0,-0.0259999999999998,-0.0709999999999999,-0.0559999999999998,1.3714,1.4003,1.41825,1.3741785580794983,1.390115743710373,1.4042027792884644,0.012,0.0296428571428571,0.006,0.0,0.00713954781057,0.0098326470226394,0.726106387642247,42.06614336408678,1.40725,1.4200769230769232,1.3945971063526403,1.4052167120246677,-0.0106196056720271,0.0022055195988655,3.309280137176211e-05,0.1117647058823529
1.371,1.373,1.367,1.372,1.37,0.002,0.15,117,15991.0,-0.0349999999999999,-0.0689999999999999,-0.0789999999999999,1.3644,1.3934000000000002,1.4143,1.3734523720529992,1.3868219721266688,1.4011358479276583,0.006,0.0173571428571428,0.002,0.0,0.0067724372526721,0.0091303150924509,0.7417528512539201,42.586573101913885,1.401333333333333,1.4176153846153847,1.3911206284522342,1.402756214837655,-0.0116355863854207,-0.0005321369177442,-0.0023006430359867,-0.3809523809523809
1.372,1.372,1.366,1.37,1.372,-0.002,-0.15,3,411.0,-0.0009999999999998,-0.0799999999999998,-0.0919999999999998,1.3642,1.3854000000000002,1.4097000000000002,1.3723015813686663,1.3837634317400016,1.3981705290774051,0.006,0.0166428571428571,0.0,0.002,0.0062886917346241,0.0086210068715615,0.7294613991515185,42.1785302354476,1.3954166666666667,1.4145,1.3878713009980443,1.4003298285533845,-0.0124585275553399,-0.0033091369017805,-0.0043322199398573,-0.9743589743589745
1.36,1.36,1.36,1.36,1.37,-0.01,-0.73,1,136.0,0.0150000000000001,-0.0819999999999998,-0.0779999999999998,1.3672000000000002,1.3772,1.4058000000000002,1.3682010542457776,1.379442807787274,1.394535240593843,0.01,0.0155,0.0,0.01,0.0058394994678653,0.0087195063807357,0.6697052806528895,40.109191029869706,1.3886666666666667,1.4119615384615385,1.3835834085368068,1.3973424338457263,-0.0137590253089194,-0.0059523613500318,-0.0062175810136697,-0.6666666666666667
1.378,1.396,1.378,1.396,1.36,0.036,2.65,43,5907.0,0.0319999999999998,-0.0210000000000001,-0.0310000000000001,1.3736000000000002,1.3751000000000002,1.4042499999999998,1.377467369497185,1.382453206371406,1.3946747414896674,0.0359999999999998,0.0170714285714285,0.0359999999999998,0.0,0.0079938209344463,0.0080966844963974,0.9872955946354436,49.68035944429076,1.3841666666666663,1.4115384615384614,1.385493653377298,1.3972429943015985,-0.0117493409243003,-0.0079554305177496,-0.0073239329957959,42.0
1.397,1.397,1.39,1.393,1.396,-0.003,-0.21,65,9049.0,0.0229999999999999,-0.0029999999999998,-0.0469999999999999,1.3782,1.3748,1.4019,1.3826449129981235,1.3843708052129686,1.3945152423001754,0.0070000000000001,0.0173571428571428,0.0,0.0029999999999998,0.007422833724843,0.0077326356037976,0.9599357974656813,48.977920537343,1.380083333333333,1.410846153846154,1.386648475934637,1.396928698427406,-0.0102802224927691,-0.0095582164283108,-0.0079151908951905,0.5116279069767442
1.385,1.385,1.385,1.385,1.393,-0.008,-0.57,5,693.0,0.0129999999999999,-0.022,-0.0549999999999999,1.3808,1.3726,1.39915,1.3834299419987492,1.384485204265156,1.3936090287477778,0.008,0.0172857142857143,0.0,0.008,0.0068926313159256,0.0077517330606692,0.8891729451956364,47.06678377206787,1.3774166666666667,1.4092692307692307,1.3863948642523851,1.396045091136487,-0.0096502268841018,-0.0105809449301214,-0.0082621980929728,-0.9230769230769232
1.372,1.372,1.372,1.372,1.385,-0.013,-0.94,2,274.0,0.002,0.0010000000000001,-0.0309999999999999,1.3812000000000002,1.3727,1.3976000000000002,1.3796199613324998,1.3822151671260363,1.3915510260098942,0.0129999999999999,0.0176428571428571,0.0,0.0129999999999999,0.0064003005076452,0.0081266092706214,0.787573303269671,44.05823816170848,1.3754166666666665,1.4062307692307692,1.3841802697520182,1.394263973274525,-0.0100837035225067,-0.01102233113604,-0.0086264991788796,-0.6
1.349,1.349,1.348,1.348,1.372,-0.024,-1.75,50,6743.0,-0.012,0.0030000000000001,-0.0689999999999999,1.3788,1.373,1.39415,1.3690799742216666,1.3759942276485753,1.387403309247047,0.024,0.0175714285714285,0.0,0.024,0.0059431361856706,0.0092604228941484,0.6417780541562498,39.0904271458346,1.3705,1.401846153846154,1.378614074405554,1.3908370122912268,-0.0122229378856728,-0.0113843529590064,-0.0093457869202382,24.0
1.347,1.347,1.345,1.347,1.348,-0.001,-0.07,190,25582.0,-0.0489999999999999,-0.0170000000000001,-0.096,1.369,1.3713000000000002,1.38935,1.3617199828144444,1.3707225498942888,1.3835553750330427,0.0030000000000001,0.0162857142857143,0.0,0.0010000000000001,0.0055186264581227,0.0086703926874236,0.636490947650787,38.8936430454737,1.3685,1.398346153846154,1.3737503706508534,1.3875898261955804,-0.0138394555447269,-0.0117421140559731,-0.010244520645136,2.8
1.345,1.345,1.335,1.335,1.347,-0.012,-0.89,6,802.0,-0.058,-0.0350000000000001,-0.1060000000000001,1.3574,1.3678,1.38405,1.3528133218762963,1.3642275408225997,1.3789310536013244,0.012,0.0157142857142857,0.0,0.012,0.005124438853971,0.008908221781179,0.5752482347035626,36.517941872940135,1.3676666666666668,1.3948076923076924,1.3677887751661069,1.383694283514426,-0.0159055083483192,-0.0122165498296285,-0.0113767181857726,-0.968421052631579
1.346,1.348,1.346,1.346,1.335,0.011,0.82,3,404.0,-0.0389999999999999,-0.026,-0.0949999999999999,1.3496,1.3652000000000002,1.3793000000000002,1.3505422145841977,1.3609134424912177,1.3757947627821507,0.0130000000000001,0.014,0.0110000000000001,0.0,0.0055441217929731,0.0082719202253805,0.6702339531711445,40.12814802971901,1.3661666666666668,1.3911923076923076,1.3644366559097827,1.3809021143652094,-0.0164654584554266,-0.0126617643740826,-0.0123944662397034,-0.5
1.346,1.346,1.327,1.327,1.346,-0.019,-1.41,2022,268334.0,-0.0450000000000001,-0.0430000000000001,-0.123,1.3405999999999998,1.3609,1.37315,1.3426948097227984,1.354747362038269,1.371147642517184,0.0190000000000001,0.0134285714285714,0.0,0.0190000000000001,0.005148113093475,0.0090382116378533,0.5695942183865229,36.2892658315244,1.3625833333333337,1.3868461538461538,1.3586771703852007,1.3769093651529716,-0.0182321947677708,-0.0131587832028438,-0.0135620119453169,673.0
1.36,1.372,1.36,1.371,1.327,0.044,3.32,2054,281432.0,0.0229999999999999,0.0109999999999998,-0.0709999999999999,1.3452,1.362,1.3696,1.3521298731485325,1.35770238712222,1.3711335813250711,0.0450000000000001,0.0152857142857143,0.044,0.0,0.0079232478725125,0.0083926250922924,0.9440726572892046,48.5615932999958,1.3625,1.3856153846153847,1.3605729903259391,1.3764716344008996,-0.0158986440749604,-0.0136198168862505,-0.0140293383712456,0.0158259149357071
1.375,1.405,1.375,1.405,1.371,0.034,2.48,192,26704.0,0.058,0.0090000000000001,-0.012,1.3568000000000002,1.3629,1.369,1.3697532487656885,1.366301953099998,1.3743589545322077,0.034,0.0168571428571428,0.034,0.0,0.0097858730244759,0.0077931518714144,1.2557015679844434,55.66789445052615,1.3654166666666667,1.3851538461538462,1.3674079148911793,1.3785848466674997,-0.0111769317763201,-0.0137194512510895,-0.0134588570522605,-0.9065238558909444
1.4,1.4,1.4,1.4,1.405,-0.005,-0.36,5,648.0,0.0649999999999999,0.0069999999999998,0.004,1.3698,1.3636,1.3692,1.3798354991771256,1.37242887071818,1.3768009588624734,0.0050000000000001,0.0167857142857143,0.0,0.0050000000000001,0.0090868820941562,0.0075936410234562,1.1966436214310754,54.47600192203607,1.36875,1.3835000000000002,1.3724220818309978,1.3801711543217587,-0.0077490724907609,-0.0135082118740516,-0.0123169001399606,-0.9739583333333334
1.406,1.406,1.401,1.402,1.4,0.002,0.14,52,7291.0,0.0559999999999998,0.0169999999999999,-0.0050000000000001,1.381,1.3653,1.36895,1.387223666118084,1.3778054396785109,1.379200867542238,0.006,0.0167857142857143,0.002,0.0,0.0085806762302879,0.0070512380932093,1.2169034879919167,54.89203723046124,1.36925,1.382,1.3769725307800749,1.3817881058534804,-0.0048155750734055,-0.0129228642685959,-0.0108166351266496,9.4
1.394,1.395,1.391,1.391,1.402,-0.011,-0.78,255,35571.0,0.064,0.0189999999999999,0.02,1.3938,1.3672,1.36995,1.388482444078723,1.3802044506460542,1.3803245944429772,0.0109999999999998,0.0168571428571428,0.0,0.0109999999999998,0.0079677707852673,0.0073332925151229,1.0865202456926355,52.073314310542784,1.3690833333333332,1.380076923076923,1.3791306029677557,1.3824704683828524,-0.0033398654150966,-0.0119358562163097,-0.009321281184339,3.903846153846154
1.385,1.385,1.379,1.379,1.391,-0.012,-0.86,4,553.0,0.008,0.0309999999999999,0.034,1.3954,1.3703,1.37165,1.3853216293858153,1.3799854596194987,1.380198442591265,0.012,0.0151428571428571,0.0,0.012,0.0073986443006054,0.0076666287640427,0.965045331959438,49.11058876169266,1.3685833333333333,1.3773461538461538,1.3791105102034855,1.3822133966507892,-0.0031028864473037,-0.0107429040943738,-0.0080776022369319,-0.984313725490196
1.386,1.392,1.37,1.37,1.379,-0.009,-0.65,8,1101.0,-0.0349999999999999,0.0230000000000001,0.006,1.3884,1.3725999999999998,1.37195,1.3802144195905437,1.3781699215068623,1.3792271623444778,0.0219999999999997,0.0162142857142857,0.0,0.0089999999999998,0.006870169707705,0.0077618695666111,0.8851179021685862,46.95292008793571,1.3684166666666666,1.3745769230769231,1.377708893249103,1.3813087006025826,-0.0035998073534795,-0.009375603983836,-0.0071820432602414,1.0
1.363,1.368,1.363,1.368,1.37,-0.002,-0.15,5,684.0,-0.0319999999999998,0.0330000000000001,-0.002,1.382,1.3759,1.3718499999999998,1.3761429463936958,1.376320844869251,1.378157908787861,0.0070000000000001,0.0161428571428571,0.0,0.002,0.0063794433000118,0.0073503074547103,0.8679151640008811,46.46437807924299,1.3700833333333335,1.3726923076923077,1.3762152173646256,1.380322870928317,-0.0041076535636914,-0.008002514551421,-0.0065671653209314,-0.375
1.354,1.361,1.354,1.361,1.368,-0.007,-0.51,37,5013.0,-0.0409999999999999,0.0149999999999999,-0.0110000000000001,1.3738,1.3774000000000002,1.3713,1.3710952975957973,1.3735352367112053,1.376523822236636,0.014,0.0162142857142857,0.0,0.0070000000000001,0.0059237687785824,0.0073252854936596,0.8086741170306218,44.710880164429895,1.37125,1.371346153846154,1.3738744146931443,1.378891547155849,-0.0050171324627044,-0.0065341742953025,-0.006257158749286,6.4
1.347,1.347,1.338,1.338,1.361,-0.023,-1.69,8,1072.0,-0.0529999999999999,0.0110000000000001,-0.032,1.3632,1.3785,1.3697,1.3600635317305316,1.367074284581895,1.372854886785528,0.0229999999999999,0.0161428571428571,0.0,0.0229999999999999,0.005500642437255,0.0084449079583981,0.6513561147560963,39.44370986583357,1.3715000000000002,1.368692307692308,1.3683552739711222,1.3758625436628231,-0.0075072696917009,-0.0056017993638292,-0.006507180937769,-0.7837837837837838
1.342,1.342,1.337,1.337,1.338,-0.001,-0.07,9,1204.0,-0.042,-0.034,-0.0230000000000001,1.3548000000000002,1.3751,1.36855,1.3523756878203546,1.3616062328397325,1.3694401356630967,0.0050000000000001,0.0162857142857143,0.0,0.0010000000000001,0.0051077394060225,0.0079131288185126,0.6454765900023159,39.22733352295261,1.37075,1.3673846153846154,1.3635313856678726,1.372983836724836,-0.0094524510569635,-0.0054101903950118,-0.0070962349616079,0.125
1.338,1.342,1.334,1.338,1.337,0.001,0.07,74,9880.0,-0.032,-0.0669999999999999,-0.0579999999999998,1.3484000000000005,1.3684,1.36565,1.3475837918802365,1.3573141905052355,1.3664458370285162,0.008,0.016,0.0010000000000001,0.0,0.0048143294484495,0.007347905331476,0.655197533346891,39.58425022674178,1.3716666666666668,1.3671153846153847,1.3596034801805077,1.370392441411885,-0.0107889612313778,-0.0057479558106359,-0.0078347802155619,7.222222222222221
1.334,1.334,1.33,1.33,1.338,-0.008,-0.6,3,400.0,-0.038,-0.0699999999999998,-0.0629999999999999,1.3408000000000002,1.3614000000000002,1.3625,1.3417225279201577,1.3523479740497382,1.3629748049305623,0.008,0.0156428571428571,0.0,0.008,0.0044704487735602,0.0073944835220848,0.6045653844800049,37.67782792322469,1.36825,1.3658076923076925,1.3550490986142756,1.3674004087147085,-0.0123513101004328,-0.0065852597025278,-0.0087380861925361,-0.9594594594594594
1.335,1.34,1.335,1.34,1.33,0.01,0.75,81,10814.0,-0.0209999999999999,-0.0619999999999998,-0.0449999999999999,1.3366000000000002,1.3552000000000002,1.36025,1.3411483519467715,1.3501028878588766,1.3607867282705088,0.01,0.015,0.01,0.0,0.0048654167183059,0.0068663061276502,0.7085930379237286,41.47231214197187,1.3628333333333331,1.3646538461538462,1.3527338526736177,1.3653707488099152,-0.0126368961362974,-0.0076182631159946,-0.0095178481812883,26.0
1.34,1.341,1.34,1.34,1.34,0.0,0.0,105,14071.0,0.002,-0.0509999999999999,-0.032,1.3370000000000002,1.3501,1.35865,1.3407655679645147,1.3482659991572623,1.3588070398637937,0.0009999999999998,0.0118571428571428,0.0,-0.0,0.0045178869527127,0.0063758556899609,0.7085930379237286,41.47231214197187,1.3578333333333334,1.3634230769230768,1.350774798416138,1.363491434083255,-0.0127166356671166,-0.0086864574737516,-0.010157605678454,0.2962962962962963
1.341,1.342,1.34,1.34,1.34,0.0,0.0,12,1560.0,0.0030000000000001,-0.0389999999999999,-0.008,1.3376,1.3462,1.3582500000000002,1.34051037864301,1.3467630902195784,1.3570158932100993,0.002,0.0095714285714285,0.0,-0.0,0.0041951807418046,0.0059204374263922,0.7085930379237286,41.47231214197187,1.352666666666667,1.362269230769231,1.3491171371213475,1.3617513278548654,-0.0126341907335179,-0.0096902778493114,-0.0106529226894668,-0.8857142857142857
1.341,1.37,1.341,1.37,1.34,0.03,2.24,92,12519.0,0.032,0.0,0.0230000000000001,1.344,1.3462,1.3594,1.3503402524286734,1.3509879829069276,1.3582524748091374,0.03,0.0113571428571428,0.03,0.0,0.00603838211739,0.0054975490387928,1.0983771267488236,52.34412407318904,1.3509166666666668,1.3626538461538462,1.3523298852565249,1.362362340606357,-0.0100324553498321,-0.0103485891588826,-0.0105288292215398,6.666666666666667
1.366,1.366,1.353,1.353,1.37,-0.017,-1.24,201,27455.0,0.0229999999999999,-0.0150000000000001,0.018,1.3486,1.3447,1.3603,1.351226834952449,1.351353804196577,1.357752239113029,0.0170000000000001,0.0121428571428571,0.0,0.0170000000000001,0.005607069109005,0.006319152678879,0.8873134412064319,47.01463052365231,1.34875,1.3610000000000002,1.352432979832444,1.3616688338947749,-0.0092358540623307,-0.0108173360032855,-0.010270234189698,1.1847826086956523
1.38,1.39,1.38,1.381,1.353,0.028,2.07,129,17894.0,0.0409999999999999,0.02,0.0349999999999999,1.3568,1.3467,1.36205,1.3611512233016327,1.356744021615381,1.3599663115784548,0.0369999999999999,0.0139999999999999,0.028,0.0,0.0072065641726475,0.0058677846303877,1.2281575801754268,55.11987083421325,1.3496666666666668,1.3605384615384617,1.356827906012068,1.3631007721247916,-0.0062728661127235,-0.0106801800500658,-0.0094707605743031,-0.3582089552238806
1.382,1.382,1.38,1.38,1.381,-0.001,-0.07,22,2985.0,0.0399999999999998,0.0419999999999998,0.0529999999999999,1.3648,1.3509,1.3647,1.3674341488677553,1.3609723813216754,1.3618742819043164,0.002,0.0132857142857142,0.0,0.0010000000000001,0.0066918095888869,0.0055200857282171,1.21226551875459,54.79746931268193,1.350666666666667,1.360346153846154,1.360392843548673,1.3643525667822145,-0.0039597232335415,-0.0100698769585745,-0.0083685531061508,-0.8294573643410853
1.364,1.371,1.364,1.371,1.38,-0.009,-0.65,4,548.0,0.0309999999999999,0.034,0.0,1.371,1.3543,1.3647,1.3686227659118368,1.3627955847177344,1.3627433979134291,0.0159999999999997,0.0128571428571428,0.0,0.0089999999999998,0.0062138231896807,0.0057686510333445,1.0771709284827682,51.85759697058577,1.3515,1.3603076923076924,1.362024713771954,1.3648449692427913,-0.0028202554708371,-0.0091844652074033,-0.0072588935790881,-0.8181818181818181
1.36,1.363,1.358,1.363,1.371,-0.008,-0.58,16,2176.0,-0.0070000000000001,0.0249999999999999,-0.042,1.3696,1.3568,1.3626,1.3667485106078914,1.3628327511326916,1.3627678362073885,0.0129999999999999,0.0132857142857142,0.0,0.008,0.0057699786761321,0.0059280331023913,0.9733377962758988,49.324438933506,1.3535833333333336,1.3608846153846152,1.362174757807038,1.3647083048544364,-0.0025335470473983,-0.008093602645955,-0.0063138242727501,3.0
1.348,1.362,1.348,1.361,1.363,-0.002,-0.15,42,5705.0,0.008,0.0309999999999999,-0.0389999999999999,1.3712,1.3599,1.36065,1.3648323404052611,1.3624995236540205,1.3625994708543037,0.0149999999999999,0.0133571428571428,0.0,0.002,0.0053578373421227,0.0056474593093633,0.9487164136339196,48.68417010275888,1.3555833333333334,1.361423076923077,1.3619940258367245,1.3644336156059595,-0.002439589769235,-0.0069605686051703,-0.0055389773720471,1.625
1.361,1.376,1.361,1.376,1.361,0.015,1.1,55,7550.0,-0.0050000000000001,0.0359999999999998,-0.026,1.3702,1.3635,1.35935,1.3685548936035077,1.3649541557169256,1.3638757117253224,0.0149999999999999,0.0127857142857142,0.0149999999999999,0.0,0.0060465632462568,0.0052440693586945,1.1530288470025127,53.55380391710874,1.35875,1.363,1.364148791092613,1.365290384820333,-0.0011415937277201,-0.0056744528341263,-0.0046595006431817,0.3095238095238095
1.376,1.376,1.361,1.365,1.376,-0.011,-0.8,251,34502.0,-0.0149999999999999,0.0249999999999999,-0.026,1.3672,1.366,1.35805,1.367369929069005,1.3649624910411209,1.3639827867991017,0.0149999999999999,0.0134999999999999,0.0,0.0109999999999998,0.0056146658715241,0.0056552072616449,0.9928311398247532,49.82013377771994,1.3616666666666666,1.3637307692307692,1.3642797463091338,1.3652688748336417,-0.0009891285245078,-0.0043805570331251,-0.0039254262194469,3.5636363636363635
1.365,1.371,1.365,1.365,1.365,0.0,0.0,138,18913.0,-0.006,0.0249999999999999,-0.014,1.366,1.3685,1.35735,1.36657995271267,1.3649693108518262,1.3640796642468065,0.006,0.0133571428571428,0.0,-0.0,0.0052136183092724,0.0052512638858131,0.9928311398247532,49.82013377771994,1.3637499999999998,1.3651923076923076,1.364390554569267,1.365248958179298,-0.0008584036100309,-0.003361217950925,-0.0033120216975637,-0.450199203187251
1.367,1.373,1.356,1.373,1.365,0.008,0.59,147,19964.0,0.01,0.0029999999999998,0.0029999999999998,1.368,1.3687999999999998,1.3575000000000002,1.3687199684751137,1.366429436151494,1.364929220032825,0.0169999999999999,0.0139999999999999,0.008,0.0,0.0054126455728958,0.004876173608255,1.1100190452063778,52.60706284752082,1.3665,1.365269230769231,1.3657150846355337,1.3658231094252755,-0.000108024789742,-0.0023470146984152,-0.0026712223159994,0.0652173913043479
1.379,1.385,1.379,1.385,1.373,0.012,0.87,60,8340.0,0.024,0.032,0.0169999999999999,1.3727999999999998,1.372,1.3583500000000002,1.3741466456500755,1.3698059023057678,1.3668407228868416,0.012,0.014142857142857,0.012,0.0,0.0058831708891175,0.0045278754933797,1.2993225846690024,56.50892977489914,1.3702500000000002,1.3644999999999998,1.3686819946916056,1.3672436198382183,0.0014383748533872,-0.0014902101466251,-0.001849302882122,-0.5918367346938775
1.383,1.383,1.382,1.382,1.385,-0.003,-0.22,16,2211.0,0.006,0.0009999999999998,0.0209999999999999,1.374,1.3721,1.3594000000000002,1.376764430433384,1.3720230109774465,1.3682844635642852,0.0030000000000001,0.0142857142857142,0.0,0.0030000000000001,0.0054629443970377,0.0044187415295668,1.236312275901144,55.283525884280174,1.37125,1.363807692307692,1.3707309185852048,1.3683366850353873,0.0023942335498174,-0.0007842149484741,-0.0010005955957341,-0.7333333333333334
1.391,1.397,1.391,1.397,1.382,0.015,1.09,7,977.0,0.032,0.0170000000000001,0.0589999999999999,1.3803999999999998,1.3738,1.36235,1.3835096202889228,1.3765642817088195,1.3710192765581628,0.0150000000000001,0.0152142857142856,0.0150000000000001,0.0,0.0061441626543921,0.0041031171345978,1.4974377900606606,59.958962582378845,1.3749166666666666,1.363615384615385,1.3747723157259426,1.3704598935512846,0.0043124221746579,8.304789914253479e-06,6.20079583442632e-05,-0.5625
1.388,1.388,1.379,1.379,1.397,-0.018,-1.29,37,5110.0,0.014,0.008,0.042,1.3832,1.3745999999999998,1.3644500000000002,1.3820064135259489,1.377007139579943,1.3717793454573854,0.018,0.0143571428571428,0.0,0.018,0.0057052938933641,0.0050957516249836,1.1196177351721763,52.82168178693928,1.37475,1.3631538461538462,1.3754227286911822,1.3710924940289673,0.0043302346622149,0.0007709472020935,0.0009156532991183,4.285714285714286
1.352,1.363,1.352,1.362,1.379,-0.017,-1.23,170,23018.0,-0.0109999999999998,-0.0009999999999998,0.024,1.381,1.3745,1.36565,1.3753376090172993,1.374278568747226,1.3708479792233488,0.0269999999999999,0.0150714285714285,0.0,0.0169999999999999,0.005297772900981,0.0059460550803419,0.8909727255127138,47.11716427698012,1.37325,1.3625000000000005,1.3733576935079237,1.3704189759527474,0.002938717555176,0.0013685369048058,0.0013202661503299,3.5945945945945947
1.363,1.375,1.363,1.373,1.362,0.011,0.81,37,5073.0,-0.012,0.012,0.0429999999999999,1.3786,1.3757,1.3678,1.374558406011533,1.3740461017022758,1.3710529335830297,0.0129999999999999,0.0133571428571428,0.0109999999999998,0.0,0.0057050748366252,0.0055213368603175,1.0332778058930272,50.81832904968959,1.3734166666666665,1.3626153846153846,1.373302663737474,1.3706101629192105,0.0026925008182634,0.0017945474099151,0.0015947130839166,-0.7823529411764706
1.373,1.389,1.358,1.388,1.373,0.015,1.09,332,45935.0,0.006,0.012,0.0479999999999998,1.3798,1.3769,1.3702,1.379038937341022,1.3765831741200438,1.3726669399084557,0.0309999999999999,0.0154285714285713,0.0149999999999999,0.0,0.0063689980625805,0.0051269556560091,1.2422572945634178,55.40208510305208,1.3755,1.3633846153846154,1.375563792393247,1.3718982989992687,0.0036654933939783,0.0023117276230802,0.0020088691459289,7.972972972972974
1.388,1.389,1.388,1.389,1.388,0.001,0.07,73,10133.0,-0.008,0.024,0.0489999999999999,1.3782,1.3793,1.37265,1.3823592915606815,1.3788407788254904,1.3742224694409837,0.0010000000000001,0.0143571428571428,0.0010000000000001,0.0,0.0059854982009676,0.0047607445377228,1.257260950160268,55.698520371382,1.3778333333333332,1.3644615384615384,1.3776309012558243,1.3731650916659894,0.0044658095898348,0.0029033068675098,0.0025002572347101,-0.7801204819277109
1.382,1.389,1.382,1.389,1.389,0.0,0.0,461,63712.0,0.01,0.024,0.0489999999999999,1.3802,1.3817,1.3751,1.3845728610404544,1.3806879099481284,1.375629853303747,0.0070000000000001,0.0139285714285714,0.0,-0.0,0.0055579626151842,0.0044206913564568,1.257260950160268,55.698520371382,1.3789166666666668,1.3664230769230767,1.3793799933703128,1.3743380478388791,0.0050419455314336,0.0034755257920849,0.0030085948940548,5.315068493150685
1.384,1.392,1.384,1.392,1.389,0.003,0.22,511,71120.0,0.0299999999999998,0.0189999999999999,0.0219999999999997,1.3862,1.3836,1.3762,1.3870485740269696,1.3827446535939232,1.3771889148938663,0.008,0.0134285714285714,0.0029999999999998,0.0,0.0053752509998139,0.0041049276881385,1.3094630181540357,56.69989118079472,1.3811666666666664,1.3685384615384617,1.3813215328518031,1.3756463405915549,0.0056751922602482,0.0039462832817361,0.0035419143672935,0.1084598698481562
1.393,1.393,1.386,1.386,1.392,-0.006,-0.43,237,32849.0,0.0129999999999999,0.0009999999999998,0.0329999999999999,1.3887999999999998,1.3837,1.37785,1.3866990493513132,1.3833365347586644,1.378028065856355,0.0070000000000001,0.0128571428571428,0.0,0.006,0.0049913044998272,0.0042402899961286,1.1771139484290638,54.06763156693897,1.3829166666666666,1.3703846153846155,1.3820412970284486,1.376413278325514,0.0056280187029347,0.0043055927431935,0.0039591352344217,-0.5362035225048924
1.386,1.386,1.386,1.386,1.386,0.0,0.0,2,277.0,-0.002,0.004,0.0049999999999998,1.3884,1.3841,1.3781,1.3864660329008756,1.38382080116618,1.3787872976795592,0.0,0.0117857142857143,0.0,-0.0,0.0046347827498395,0.0039374121392623,1.1771139484290636,54.06763156693896,1.384,1.3725384615384617,1.382650328254841,1.3771234058569573,0.0055269223978837,0.0044405372124409,0.0042726926671141,-0.9915611814345991
1.367,1.367,1.364,1.364,1.386,-0.022,-1.59,7,955.0,-0.0249999999999999,-0.0329999999999999,-0.0159999999999997,1.3834,1.3808,1.3773,1.3789773552672506,1.3802170191359653,1.3773789836148391,0.0219999999999997,0.0129285714285714,0.0,0.0219999999999997,0.0043037268391367,0.0052275969864578,0.8232705869036223,45.15350561880919,1.38225,1.3734615384615383,1.3797810469848657,1.376151301719405,0.0036297452654605,0.0043627050572459,0.0041441031867834,2.5
1.35,1.35,1.335,1.344,1.364,-0.02,-1.47,14,1875.0,-0.0449999999999999,-0.0349999999999999,-0.0269999999999999,1.3744,1.3773,1.37595,1.3673182368448338,1.3736321065657895,1.3742000327943784,0.0290000000000001,0.0137857142857143,0.0,0.02,0.0039963177791984,0.0062827686302822,0.6360759108550624,38.87814169469864,1.3790833333333332,1.3736153846153845,1.3742762705256557,1.373769723814264,0.0005065467113916,0.004092463852381,0.003416591891705,1.0
1.348,1.348,1.347,1.348,1.344,0.004,0.3,34,4583.0,-0.0439999999999998,-0.014,-0.0149999999999999,1.3656,1.3759,1.3752,1.3608788245632226,1.368971723553828,1.371704791575866,0.004,0.0132142857142857,0.004,0.0,0.0039965807949699,0.0058339994424049,0.685049910344597,40.65457682523496,1.375,1.373923076923077,1.3702337673678624,1.3718608553835776,-0.0016270880157152,0.0036125095374945,0.002407855910221,1.4285714285714284
1.348,1.348,1.346,1.346,1.348,-0.002,-0.15,4,539.0,-0.0399999999999998,-0.0269999999999999,-0.0149999999999999,1.3576,1.3732,1.37445,1.355919216375482,1.3647950465440408,1.3692567161876883,0.002,0.0131428571428571,0.0,0.002,0.0037111107381863,0.005560142339376,0.6674488730090394,40.02814621863498,1.37225,1.373,1.3665054954651144,1.3699452364662754,-0.003439741001161,0.0028230390491456,0.0012383365279446,-0.8823529411764706
1.346,1.35,1.344,1.35,1.346,0.004,0.3,26,3504.0,-0.0359999999999998,-0.0379999999999998,-0.0259999999999998,1.3504,1.3694,1.37315,1.3539461442503211,1.362105038081488,1.3674227432174322,0.006,0.0125,0.004,0.0,0.0037317456854587,0.0051629893151349,0.7227877994090488,41.95454597815121,1.37125,1.3728846153846157,1.3639661884704812,1.3684678115428477,-0.0045016230723664,0.0018266576422344,9.03446078823957e-05,5.5
1.35,1.35,1.35,1.35,1.35,0.0,0.0,2,270.0,-0.014,-0.0389999999999999,-0.0149999999999999,1.3476,1.3655000000000002,1.3724,1.3526307628335477,1.3599041220666717,1.3657634343395817,0.0,0.0112142857142857,0.0,-0.0,0.0034651924222117,0.0047942043640538,0.7227877994090488,41.95454597815121,1.3693333333333333,1.3716923076923078,1.361817544090407,1.3670998255026368,-0.0052822814122297,0.0006795213151607,-0.00098418059614,-0.9230769230769232
1.36,1.365,1.359,1.359,1.35,0.009,0.67,225,30706.0,0.0149999999999999,-0.03,-0.006,1.3506,1.3625,1.3721,1.354753841889032,1.3597397362363677,1.3651192977358118,0.0149999999999999,0.0103571428571428,0.0089999999999998,0.0,0.0038605358206251,0.0044517611951928,0.8671929268788943,46.44367030291028,1.3669166666666666,1.370884615384615,1.361384075768806,1.3664998384283673,-0.0051157626595612,-0.0005194736759292,-0.0018104970088242,111.5
1.358,1.383,1.358,1.381,1.359,0.022,1.62,134,18499.0,0.0329999999999999,-0.0109999999999998,0.008,1.3572,1.3614000000000002,1.3725,1.3635025612593548,1.3636052387388462,1.3666317455704964,0.0249999999999999,0.0112142857142857,0.022,0.0,0.0051562118334376,0.004133778252679,1.24733633936362,55.50287767414597,1.36625,1.371269230769231,1.3644019102659128,1.3675739244707106,-0.0031720142047977,-0.0014972551101217,-0.0020828004480189,-0.4044444444444445
1.369,1.369,1.347,1.347,1.381,-0.034,-2.46,137,18641.0,0.0009999999999998,-0.0389999999999999,-0.038,1.3574,1.3575000000000002,1.3706,1.3580017075062365,1.3605861044226923,1.3647620555161637,0.034,0.0114285714285714,0.0,0.034,0.0047879109881921,0.0062670798060591,0.7639779827860278,43.30995002439886,1.36275,1.3706538461538462,1.3617246933019262,1.3660499300654727,-0.0043252367635464,-0.0025919394613917,-0.0025312877111244,0.0223880597014924
1.355,1.359,1.353,1.359,1.347,0.012,0.89,60,8134.0,0.0089999999999998,-0.0269999999999999,-0.0229999999999999,1.3592,1.3548,1.36945,1.3583344716708243,1.3602977218003844,1.364213288324148,0.012,0.0122142857142857,0.012,0.0,0.0053030602033212,0.0058194312484834,0.9112677814869272,47.678707835381374,1.36,1.370576923076923,1.3613055097170146,1.365527713023586,-0.0042222033065713,-0.0034643781916175,-0.0028694708302138,-0.5620437956204379
1.352,1.357,1.336,1.336,1.359,-0.023,-1.69,84,11300.0,-0.014,-0.028,-0.0609999999999999,1.3564,1.352,1.3664,1.3508896477805497,1.3558799542003146,1.3615263084837528,0.0229999999999999,0.0133571428571428,0.0,0.0229999999999999,0.0049242701887983,0.0070466147307346,0.6988135973037527,41.13538992228839,1.3558333333333332,1.3690384615384614,1.357412354375935,1.3633404750218387,-0.0059281206459034,-0.0041793412313169,-0.0034812007933517,0.3999999999999999
1.337,1.354,1.336,1.349,1.336,0.013,0.97,9,1211.0,-0.01,0.0049999999999998,-0.03,1.3543999999999998,1.3525,1.3649,1.3502597651870332,1.354629053436621,1.3603333267233952,0.018,0.0140714285714285,0.0129999999999999,0.0,0.0055011080324555,0.0065432851071107,0.840725712299677,45.67360072616857,1.35275,1.368423076923077,1.3561181460104068,1.3622782176128136,-0.0061600716024068,-0.0046830060742826,-0.0040169749551627,-0.8928571428571429
1.349,1.353,1.344,1.344,1.349,-0.005,-0.37,37,4992.0,-0.0369999999999999,-0.004,-0.018,1.347,1.3521,1.364,1.3481731767913556,1.352696498266326,1.3587777717973577,0.0089999999999998,0.0142142857142856,0.0,0.0049999999999998,0.005108171744423,0.0064330504566028,0.7940512481415449,44.26023219593651,1.3510833333333334,1.367615384615385,1.3542538158549595,1.36092427556742,-0.0066704597124602,-0.0050419748199826,-0.0045476719066222,3.1111111111111107
1.346,1.346,1.346,1.346,1.344,0.002,0.15,7,942.0,-0.0009999999999998,0.0,-0.0269999999999999,1.3468,1.3521,1.36265,1.3474487845275704,1.351478953126994,1.3575608411499902,0.002,0.0143571428571428,0.002,0.0,0.0048861594769642,0.0059735468525597,0.8179662096180631,44.99347706742634,1.35125,1.3665769230769231,1.3529839980311198,1.359818773673537,-0.0068347756424171,-0.0053012139944326,-0.0050050926537812,-0.8108108108108107
1.339,1.354,1.338,1.354,1.346,0.008,0.59,87,11685.0,-0.0049999999999998,0.004,-0.0339999999999998,1.3458,1.3524999999999998,1.36095,1.3496325230183803,1.3519373252857223,1.3572217134214195,0.016,0.0139285714285714,0.008,0.0,0.005108576657181,0.0055468649345197,0.9209845052092178,47.94335939263143,1.35175,1.3653846153846154,1.353140306026332,1.3593877534014231,-0.006247447375091,-0.0054084546569728,-0.0052535635980432,11.428571428571429
1.355,1.371,1.355,1.371,1.354,0.017,1.26,334,45617.0,0.0349999999999999,0.0209999999999999,-0.018,1.3528000000000002,1.3546,1.36005,1.356755015345587,1.3554032661428637,1.3585339311908082,0.0169999999999999,0.0130714285714285,0.0169999999999999,0.0,0.0059579640388109,0.0051506602963398,1.156737912427436,53.63368009446789,1.3538333333333334,1.3649615384615386,1.3558879512530502,1.3602479198161326,-0.0043599685630824,-0.0053244775351418,-0.005074844591051,2.839080459770115
1.382,1.402,1.382,1.401,1.371,0.03,2.19,647,89963.0,0.052,0.042,0.012,1.3632000000000002,1.3588,1.36065,1.3715033435637247,1.3636935813896156,1.3625783186964455,0.0309999999999999,0.0149999999999999,0.03,0.0,0.007675252321753,0.0047827559894583,1.6047760618919251,61.60898379595554,1.3580833333333333,1.3651153846153845,1.3628282664448887,1.363266592422345,-0.0004383259774562,-0.0050207343987705,-0.0041475408683321,0.937125748502994
1.4,1.409,1.393,1.409,1.401,0.008,0.57,1016,142777.0,0.0649999999999999,0.028,0.0170000000000001,1.3762,1.3616,1.3615,1.3840022290424834,1.371931112046049,1.366999431201546,0.016,0.0159999999999999,0.008,0.0,0.0076984485844849,0.0044411305616399,1.7334434278919837,63.41610769054056,1.3630000000000002,1.3662692307692306,1.369931610068752,1.366654252242912,0.0032773578258398,-0.0041760016666165,-0.0026625611294977,0.5703245749613601
1.409,1.409,1.387,1.406,1.409,-0.003,-0.21,256,35841.0,0.0599999999999998,0.0589999999999999,0.02,1.3882,1.3675000000000002,1.3625,1.3913348193616557,1.3781254553104036,1.3707137710871131,0.022,0.0171428571428571,0.0,0.0030000000000001,0.0071485593998789,0.0043381926643799,1.6478197150104317,62.23307824429957,1.3669166666666666,1.3679615384615385,1.3754805931350975,1.3695687520767703,0.0059118410583272,-0.0030499967371833,-0.0009476806919327,-0.7480314960629921
1.4,1.413,1.393,1.406,1.406,0.0,0.0,540,75714.0,0.0519999999999998,0.0469999999999999,0.02,1.3986,1.3722,1.3635000000000002,1.3962232129077703,1.3831935543448757,1.374074364316912,0.02,0.0185714285714285,0.0,-0.0,0.0066379480141732,0.0040283217597813,1.647819715010432,62.23307824429957,1.369,1.3692307692307693,1.3801758864989289,1.3722673630340467,0.0079085234648821,-0.0015125918359849,0.0008235601394302,1.109375
1.4,1.42,1.4,1.403,1.406,-0.003,-0.21,309,43714.0,0.032,0.0669999999999999,0.0389999999999999,1.4049999999999998,1.3789,1.36545,1.3984821419385138,1.386794726282171,1.3768291867629203,0.02,0.0189285714285714,0.0,0.0029999999999998,0.0061638088703037,0.0039548702055112,1.558536323572449,60.91515329343795,1.3736666666666668,1.3698076923076925,1.3836872885760167,1.3745438546611544,0.0091434339148623,0.0001877976659338,0.0024875348945166,-0.4277777777777778
1.401,1.415,1.39,1.39,1.403,-0.013,-0.93,36,5033.0,-0.0110000000000001,0.0409999999999999,0.0459999999999998,1.4027999999999998,1.383,1.36775,1.3956547612923424,1.387377503321776,1.3780835499283564,0.0250000000000001,0.0189285714285714,0.0,0.0130000000000001,0.0057235368081392,0.0046009509051176,1.2439899764574611,55.436521085594215,1.37625,1.369846153846154,1.3846584749489372,1.3756887543158836,0.0089697206330536,0.001925595482102,0.003783972042224,-0.883495145631068
1.39,1.411,1.39,1.411,1.39,0.021,1.51,140,19622.0,0.002,0.0669999999999999,0.0629999999999999,1.4032,1.3897,1.3709,1.4007698408615616,1.3916725027178167,1.3812184499351794,0.0210000000000001,0.018,0.0210000000000001,0.0,0.0068147127504149,0.004272311554752,1.5950879665681224,61.46566078365153,1.3825,1.370692307692308,1.3887110172644854,1.3783044021443365,0.0104066151201489,0.0038413055668315,0.005108500657809,2.888888888888889
1.411,1.411,1.398,1.398,1.411,-0.013,-0.92,133,18689.0,-0.008,0.0519999999999998,0.0519999999999998,1.4016,1.3949,1.3735,1.3998465605743746,1.3928229567691228,1.3828166927984955,0.0130000000000001,0.0180714285714285,0.0,0.0130000000000001,0.0063279475539567,0.0048957178722697,1.2925474300305124,56.38040081959436,1.3865833333333333,1.370923076923077,1.3901400915314877,1.37976333531883,0.0103767562126575,0.0056884392988036,0.0061621517687787,-0.05
1.4,1.402,1.388,1.394,1.398,-0.004,-0.29,290,40542.0,-0.012,0.0399999999999998,0.0439999999999998,1.3992,1.3988999999999998,1.3757,1.397897707049583,1.3930369646292822,1.3838817696748291,0.014,0.0174285714285714,0.0,0.004,0.0058759513001027,0.0048317380242505,1.2161154579596989,54.87599725870486,1.39075,1.371230769230769,1.3907339236035663,1.3808179030729908,0.0099160205305757,0.0072746603092101,0.0069129255211381,1.1804511278195489
1.39,1.39,1.37,1.378,1.394,-0.016,-1.15,248,34038.0,-0.0250000000000001,0.0069999999999998,0.0279999999999998,1.3942,1.3996,1.3771,1.3912651380330554,1.3903029710603216,1.3833216011343694,0.0239999999999998,0.0178571428571428,0.0,0.016,0.0054562404929525,0.0056294710225183,0.969227920550104,49.21867653995836,1.3934166666666667,1.370923076923077,1.388774858433787,1.3806091695120284,0.0081656889217585,0.0082306619646784,0.0071634782012622,-0.1448275862068965
1.398,1.41,1.398,1.407,1.378,0.029,2.1,177,24881.0,0.0170000000000001,0.006,0.048,1.3976,1.4002,1.3795,1.396510092022037,1.3933387945038995,1.3855766867406198,0.032,0.0195,0.0290000000000001,0.0,0.0071379376005987,0.0052273659494813,1.3654941455374927,57.7255347730832,1.3978333333333337,1.372576923076923,1.3915787263670505,1.3825640458444708,0.0090146805225796,0.0088681422643162,0.0075337186655257,-0.2862903225806451
1.407,1.407,1.391,1.391,1.407,-0.016,-1.14,34,4755.0,-0.02,-0.018,0.01,1.3936,1.3984,1.38,1.394673394681358,1.392913559139554,1.3860931927653226,0.016,0.0205,0.0,0.016,0.0066280849148417,0.0059968398102326,1.105262959255965,52.499995518212295,1.3995,1.3743846153846155,1.3914896915413504,1.383188931337473,0.0083007602038773,0.0091335777249328,0.007687126973196,-0.807909604519774
1.392,1.41,1.392,1.41,1.391,0.019,1.37,298,41923.0,0.012,0.004,0.0629999999999999,1.396,1.3988,1.38315,1.3997822631209056,1.3960201847505442,1.3883700315495775,0.0189999999999999,0.0207142857142857,0.0189999999999999,0.0,0.0075117931352101,0.0055684941095017,1.3489810687583348,57.42834996415713,1.40025,1.3767692307692307,1.3943374313042196,1.385174936423586,0.0091624948806336,0.0092729078822386,0.0079822005546835,7.764705882352942
1.415,1.435,1.415,1.43,1.41,0.02,1.42,174,24861.0,0.036,0.024,0.0709999999999999,1.4032,1.4012,1.3866999999999998,1.409854842080604,1.402198332977718,1.392334790449618,0.0250000000000001,0.0212857142857143,0.02,0.0,0.0084038079112665,0.0051707445302516,1.6252607070606182,61.90854503286064,1.402,1.38,1.3998239803343395,1.3884953115033205,0.0113286688310192,0.0095157117618116,0.0086514942099507,-0.4161073825503355
1.424,1.434,1.418,1.434,1.43,0.004,0.28,35,4984.0,0.056,0.0309999999999999,0.0979999999999998,1.4144,1.4043,1.3916,1.417903228053736,1.4079804542544962,1.3963029056448923,0.016,0.0202142857142857,0.004,0.0,0.0080892502033189,0.0048014056352336,1.684767090694956,62.75282114914673,1.4043333333333334,1.3832307692307693,1.405081829513672,1.3918660291697411,0.0132158003439308,0.0099874983963535,0.0095643554367467,-0.7988505747126436
1.434,1.452,1.432,1.436,1.434,0.002,0.14,9527,1365704.0,0.0289999999999999,0.046,0.0869999999999999,1.4202,1.4088999999999998,1.39595,1.4239354853691577,1.413074917117315,1.4000835812977597,0.02,0.0205,0.002,0.0,0.0076543037602247,0.0044584480898598,1.7168089895749843,63.19211237016558,1.4068333333333334,1.3865384615384615,1.4098384711269534,1.3951352121942049,0.0147032589327484,0.0104649032644201,0.010592136135947,271.2
1.41,1.41,1.407,1.408,1.436,-0.028,-1.95,99,13955.0,0.0169999999999999,-0.0030000000000001,0.0639999999999998,1.4236,1.4086,1.39915,1.4186236569127717,1.4121522049141666,1.400837525936068,0.0289999999999999,0.021,0.0,0.028,0.0071075677773515,0.0061399875120126,1.1575866829445225,53.65192008715633,1.40725,1.388423076923077,1.4095556294151144,1.3960881594390786,0.0134674699760357,0.0108083159047954,0.0111672029039648,-0.9896084811588118
1.404,1.415,1.404,1.413,1.408,0.005,0.36,249,35097.0,0.0030000000000001,0.0150000000000001,0.0669999999999999,1.4242,1.4101,1.4025,1.4167491046085146,1.4123063494752273,1.4019958567992998,0.0110000000000001,0.0203571428571428,0.0050000000000001,0.0,0.0069570272218264,0.0057014169754403,1.2202277524683456,54.95957570621992,1.409166666666667,1.389653846153846,1.41008553258202,1.3973408883695173,0.0127446442125025,0.0111226074250095,0.0114826911656723,1.5151515151515151
1.403,1.403,1.379,1.379,1.413,-0.034,-2.41,130,18045.0,-0.0509999999999999,-0.0149999999999999,0.0249999999999999,1.414,1.4086,1.40375,1.4041660697390097,1.4062506495706404,1.3998057751993664,0.034,0.0213571428571428,0.0,0.034,0.0064600967059817,0.0077227443343374,0.8365027283446793,45.54867877047239,1.4065,1.3908846153846155,1.4053031429540168,1.3959823040458492,0.0093208389081675,0.0112509574234994,0.0110503207141714,-0.4779116465863453
1.38,1.38,1.358,1.365,1.379,-0.014,-1.02,235,32191.0,-0.0689999999999999,-0.0129999999999999,-0.006,1.4002,1.4072999999999998,1.40345,1.39111071315934,1.3987505314668875,1.3964909394660934,0.0219999999999997,0.0211428571428571,0.0,0.014,0.005998661226983,0.0081711197390276,0.7341296442312134,42.33418456765226,1.4037499999999998,1.3911153846153843,1.3991026594226297,1.3936873185609715,0.0054153408616579,0.0108510307945081,0.0099233247436687,0.8076923076923077
1.371,1.379,1.369,1.378,1.365,0.013,0.95,155,21262.0,-0.058,-0.0290000000000001,-0.0230000000000001,1.3885999999999998,1.4044,1.4023,1.3867404754395598,1.3949777075638168,1.3947298976121796,0.014,0.0206428571428571,0.0129999999999999,0.0,0.006498756853627,0.0075874683290971,0.8565118919449141,46.135545679032376,1.4024166666666666,1.392730769230769,1.3958560964345326,1.3925252949638625,0.0033308014706701,0.0102988131574851,0.008604820089069,-0.3404255319148936
1.383,1.393,1.383,1.393,1.378,0.015,1.09,13,1807.0,-0.0149999999999999,0.002,-0.016,1.3856,1.4045999999999998,1.4015,1.3888269836263734,1.3946181243703957,1.3945651454586387,0.0150000000000001,0.0207857142857142,0.0150000000000001,0.0,0.0071059885069394,0.0070455063055901,1.008584507447148,50.21369545108308,1.4036666666666664,1.3944230769230768,1.395416696983066,1.3925604582998727,0.0028562386831931,0.0095981180244361,0.0074551038078938,-0.9161290322580644
1.394,1.397,1.383,1.383,1.393,-0.01,-0.72,45,6266.0,-0.03,-0.0269999999999999,-0.0229999999999999,1.3796000000000002,1.4019,1.40035,1.3868846557509156,1.3925057381212325,1.3934637030340065,0.014,0.0207857142857142,0.0,0.01,0.0065984178993009,0.0072565415694765,0.909306153093098,47.62495274107882,1.4016666666666666,1.395923076923077,1.393506435908748,1.391852276203586,0.0016541597051622,0.0085231725660076,0.0062949149873475,2.4615384615384617
1.382,1.382,1.346,1.365,1.383,-0.018,-1.3,452,61098.0,-0.014,-0.0649999999999999,-0.0409999999999999,1.3768,1.3954,1.3983,1.3795897705006106,1.3875046948264629,1.390752874173625,0.0369999999999999,0.0217142857142857,0.0,0.018,0.0061271023350651,0.0080239314573711,0.7636035237360504,43.29791324744116,1.3995,1.3966538461538462,1.3891208303843252,1.389863218707024,-0.0007423883226986,0.0069722627141599,0.0048874543253382,9.044444444444444
1.371,1.371,1.346,1.348,1.365,-0.017,-1.25,65,8835.0,-0.0169999999999999,-0.0859999999999998,-0.0549999999999999,1.3734,1.3868,1.3955499999999998,1.3690598470004072,1.3803220230398332,1.3866811718713752,0.0249999999999999,0.0212142857142857,0.0,0.0169999999999999,0.0056894521682747,0.008665079210416,0.6565955174922861,39.63523446485141,1.3943333333333332,1.396423076923077,1.3827945487867368,1.3867622395435406,-0.0039676907568038,0.0048977127486541,0.0031164253089098,-0.8561946902654867
1.348,1.367,1.343,1.363,1.348,0.015,1.11,584,79654.0,-0.0149999999999999,-0.0729999999999999,-0.0269999999999999,1.3704,1.3795,1.3942,1.3670398980002716,1.377172564305318,1.3844258221693395,0.024,0.0217857142857142,0.0149999999999999,0.0,0.0063544912991122,0.0080461449811006,0.7897560029104852,44.126462021984615,1.38875,1.3961153846153846,1.379749233588777,1.3850020736514264,-0.0052528400626492,0.0028176782999113,0.001442572234598,7.984615384615385
1.375,1.398,1.375,1.396,1.363,0.033,2.42,308,42818.0,0.0029999999999998,-0.012,-0.0150000000000001,1.371,1.3783,1.39345,1.3766932653335144,1.3805957344316235,1.3855281248198783,0.0349999999999999,0.0229285714285714,0.0329999999999999,0.0,0.0082577419206042,0.0074714203395934,1.1052439222089894,52.4995659908748,1.3855833333333332,1.395923076923077,1.382249351498196,1.3858167348624315,-0.0035673833642357,0.0010052307913848,0.0004405811148312,-0.4726027397260274
1.391,1.413,1.39,1.406,1.396,0.01,0.72,252,35456.0,0.0229999999999999,-0.0070000000000001,0.008,1.3756,1.3776,1.39385,1.3864621768890095,1.385214691807692,1.3874778272179855,0.0230000000000001,0.0227857142857142,0.01,0.0,0.0083821889262753,0.0069377474581938,1.208200352749294,54.71425413210528,1.3830833333333334,1.3958076923076923,1.3859032974215504,1.3873117915392883,-0.0014084941177381,-0.0001869173226046,7.076606831739243e-05,-0.1818181818181817
1.427,1.438,1.424,1.424,1.406,0.018,1.28,75,10710.0,0.0589999999999999,0.0449999999999999,0.03,1.3874,1.3821,1.39535,1.3989747845926732,1.3922665660244753,1.390956129387701,0.032,0.0239285714285714,0.018,0.0,0.0090691754315414,0.0064421940683228,1.4077774334889617,58.467922072391815,1.3844166666666666,1.3965,1.3917643285874657,1.3900294366104524,0.0017348919770132,-0.0005958560875652,0.0004035912500565,-0.7023809523809523
1.424,1.449,1.409,1.449,1.424,0.025,1.76,793,114189.0,0.1009999999999999,0.084,0.0710000000000001,1.4076,1.3905,1.3988999999999998,1.4156498563951154,1.4025817358382069,1.396484117065063,0.04,0.0253571428571428,0.0250000000000001,0.0,0.0102070914721456,0.0059820373491569,1.7062901610910295,63.04904720206151,1.3874166666666667,1.398153846153846,1.4005698164970863,1.3943976264911595,0.0061721900059268,-0.0002801462503144,0.0015573110012306,9.573333333333334
1.456,1.467,1.441,1.441,1.449,-0.008,-0.55,178,25929.0,0.078,0.0630000000000001,0.034,1.4232,1.3968,1.4006,1.4240999042634104,1.4095668747767147,1.4007237249636284,0.026,0.0251428571428571,0.0,0.008,0.0094780135098495,0.0061261775385029,1.5471333389018465,60.74017858715111,1.3925833333333333,1.3996153846153847,1.4067898447283038,1.397849654158481,0.0089401905698227,0.0003958484037554,0.003033886914949,-0.7755359394703657
1.439,1.447,1.429,1.429,1.441,-0.012,-0.83,381,54929.0,0.0330000000000001,0.036,0.038,1.4298,1.4004,1.4025,1.4257332695089404,1.4131001702718575,1.403416703538521,0.018,0.0256428571428571,0.0,0.012,0.0088010125448602,0.0065457362857527,1.3445412648255215,57.34773300846897,1.397916666666667,1.4011153846153848,1.4102067916931802,1.4001570871837787,0.0100497045094014,0.0013286867153376,0.0044370504338395,1.1404494382022472
1.433,1.435,1.4,1.404,1.429,-0.025,-1.75,104,14856.0,-0.002,0.0209999999999999,-0.006,1.4294,1.4025,1.4022,1.4184888463392935,1.4114455938587924,1.4034722555824712,0.0350000000000001,0.0257142857142857,0.0,0.0250000000000001,0.0081723687916559,0.0078638979796275,1.0392261970879535,50.96179122119874,1.4000833333333336,1.4008461538461536,1.40925190066346,1.4004417473923878,0.0088101532710722,0.0023900802257566,0.005311671001286,-0.7270341207349081
1.413,1.414,1.404,1.404,1.404,0.0,0.0,42,5932.0,-0.02,0.0389999999999999,-0.026,1.4254,1.4064,1.4009,1.4136592308928626,1.41009184952083,1.4035225169555692,0.01,0.0248571428571428,0.0,-0.0,0.0075886281636805,0.0073021909810826,1.0392261970879535,50.96179122119874,1.401,1.401076923076923,1.4084439159460047,1.4007053216596184,0.0077385942863863,0.0036907785638888,0.0057970556583061,-0.5961538461538461
1.378,1.385,1.371,1.38,1.404,-0.024,-1.71,2377,327200.0,-0.0690000000000001,0.0319999999999998,-0.054,1.4116,1.4096,1.3982,1.4024394872619084,1.4046206041534064,1.401282277245515,0.0329999999999999,0.0262142857142857,0.0,0.024,0.0070465832948462,0.008494891625291,0.8295083216679354,45.34050552509567,1.4007500000000002,1.4005384615384615,1.4040679288773883,1.3991715941292762,0.0048963347481123,0.0048184646539734,0.0056169114762673,55.595238095238095
1.388,1.405,1.387,1.405,1.38,0.025,1.81,393,54830.0,-0.036,0.042,-0.0309999999999999,1.4044,1.4138,1.39665,1.403292991507939,1.4046895852164232,1.4016363460792751,0.0250000000000001,0.0269285714285714,0.0250000000000001,0.0,0.0083289702023571,0.0078881136520559,1.055888716839962,51.35923497177091,1.4040833333333331,1.4015769230769233,1.4042113244347134,1.3996033278974778,0.0046079965372356,0.0057268401985814,0.005415128488461,-0.8346655448043753
1.406,1.406,1.384,1.384,1.405,-0.021,-1.49,46,6420.0,-0.0450000000000001,-0.012,-0.024,1.3954,1.4126,1.39545,1.396861994338626,1.4009278424498006,1.3999566940717254,0.022,0.0275,0.0,0.0210000000000001,0.0077340437593316,0.0088246769626234,0.8764109770917295,46.70677094684709,1.4070833333333332,1.4006923076923077,1.401101889906296,1.398447525830998,0.002654364075298,0.0061782688866965,0.0048629756058284,-0.8829516539440203
1.393,1.413,1.392,1.41,1.384,0.026,1.88,106,14818.0,0.006,0.004,-0.0030000000000001,1.3965999999999998,1.413,1.3953,1.4012413295590842,1.402577325640746,1.4009131993982278,0.0290000000000001,0.0269285714285714,0.026,0.0,0.0090387549193794,0.0081943428938646,1.103048168285347,52.449971661119015,1.4109999999999998,1.4014230769230769,1.402470829920712,1.3993032646583312,0.0031675652623808,0.0063374548072929,0.0045238935371389,1.3043478260869563
1.411,1.411,1.381,1.381,1.41,-0.029,-2.06,78,10871.0,-0.0229999999999999,-0.0429999999999999,0.002,1.392,1.4087,1.3954,1.394494219706056,1.3986541755242463,1.3990167042174442,0.03,0.0272857142857143,0.0,0.0289999999999999,0.0083931295679951,0.0096804612585885,0.8670175256936994,46.438638832356695,1.4097499999999998,1.400307692307692,1.3991676253175256,1.3979474672762326,0.0012201580412929,0.0057872290334447,0.0038631464379697,-0.2641509433962264
1.375,1.383,1.368,1.383,1.381,0.002,0.14,36,4945.0,0.0030000000000001,-0.066,0.018,1.3926,1.4021,1.3963,1.3906628131373708,1.3958079617925652,1.3974913038157828,0.0149999999999999,0.0266428571428571,0.002,0.0,0.0079364774559955,0.0089889997401179,0.8829099661194757,46.89071607279669,1.4078333333333333,1.3985,1.3966802983455986,1.396840247477993,-0.0001599491323944,0.004776102399865,0.0030585273238968,-0.5384615384615384
1.384,1.395,1.354,1.354,1.383,-0.029,-2.1,122,16781.0,-0.0509999999999999,-0.0869999999999999,-0.0239999999999998,1.3824,1.3934000000000002,1.3950999999999998,1.378441875424914,1.388206514193917,1.3933492748809464,0.0409999999999999,0.0270714285714286,0.0,0.0289999999999999,0.0073695862091386,0.010418356901538,0.7073654971496226,41.430232620404986,1.402,1.3954230769230769,1.390114098600122,1.3936668958129566,-0.0035527972128346,0.0032647133196165,0.0017362624165505,2.388888888888889
1.355,1.381,1.318,1.323,1.354,-0.031,-2.29,413,55018.0,-0.0609999999999999,-0.1060000000000001,-0.07,1.3702,1.3828,1.3916,1.359961250283276,1.3763507843404776,1.386649343939904,0.0629999999999999,0.0299285714285714,0.0,0.0310000000000001,0.0068431871942002,0.0118884742657139,0.5756152590526936,36.53272940494183,1.3915,1.391076923076923,1.3797888526616415,1.3884323109379229,-0.0086434582762813,0.0013254231476884,-0.0003396817220158,2.3852459016393444
1.324,1.34,1.315,1.316,1.323,-0.007,-0.53,252,33329.0,-0.0939999999999998,-0.0879999999999998,-0.0669999999999999,1.3514000000000002,1.374,1.3882499999999998,1.3453075001888508,1.3653779144603908,1.3799208349932464,0.0250000000000001,0.0294285714285714,0.0,0.0069999999999998,0.0063543881089002,0.0115392975324486,0.5506737382437342,35.51190199863819,1.3810833333333334,1.3875384615384616,1.3699751830213889,1.3830669545721508,-0.0130917715507619,-0.000989061945328,-0.002890099687765,-0.3898305084745762
1.316,1.342,1.316,1.342,1.316,0.026,1.98,68,9076.0,-0.0389999999999999,-0.0619999999999998,-0.0229999999999999,1.3436,1.3678,1.3871,1.3442050001259007,1.3611273845585017,1.3763093268986517,0.026,0.0284285714285714,0.026,0.0,0.0077576461011216,0.0107150619944166,0.7239945139994484,41.995175049592994,1.3738333333333337,1.3848076923076924,1.365671308710406,1.3800249579371766,-0.0143536492267706,-0.0031279490536483,-0.0051828095955661,-0.7301587301587302
1.346,1.346,1.335,1.337,1.342,-0.005,-0.37,258,34581.0,-0.046,-0.0429999999999999,-0.0110000000000001,1.3344,1.3635,1.3865500000000002,1.3418033334172672,1.3567405873660463,1.3725655814797322,0.0110000000000001,0.0273571428571428,0.0,0.0050000000000001,0.00720352852247,0.0103068432805297,0.6989073498457082,41.138638308273954,1.36825,1.3831923076923074,1.3612603381395745,1.3768379240159043,-0.01557758587633,-0.0053707915440445,-0.0072617648517189,2.794117647058824
1.342,1.342,1.33,1.337,1.337,0.0,0.0,332,44418.0,-0.0170000000000001,-0.068,-0.026,1.331,1.3567,1.38525,1.3402022222781782,1.3531513896631289,1.369178383243567,0.012,0.0269285714285714,0.0,-0.0,0.006688990770865,0.0095706401890633,0.6989073498457082,41.138638308273954,1.3626666666666667,1.3821153846153846,1.3575279784257934,1.3738869666813929,-0.0163589882555994,-0.0074833862474776,-0.009081209532495,0.2868217054263566
1.337,1.345,1.332,1.345,1.337,0.008,0.6,48,6375.0,0.022,-0.0389999999999999,-0.0509999999999999,1.3354,1.3527999999999998,1.3827,1.3418014815187855,1.3516693188152873,1.366875680077513,0.0129999999999999,0.0253571428571428,0.008,0.0,0.0067826342872318,0.0088870230327016,0.763206561103053,43.285147522681335,1.35975,1.3808461538461538,1.3556005971295175,1.37174719137166,-0.0161465942421423,-0.0096294039702024,-0.0104942864744245,-0.8554216867469879
1.328,1.35,1.328,1.35,1.345,0.005,0.37,68,9097.0,0.034,-0.0599999999999998,-0.0559999999999998,1.3422,1.3468,1.3799,1.3445343210125238,1.3513658063034168,1.3652684724510833,0.022,0.0262142857142857,0.0050000000000001,0.0,0.0066553032667153,0.0082522356732229,0.8064848763724207,44.64387645425035,1.3551666666666666,1.3791923076923078,1.3547389668018994,1.3701362883070929,-0.0153973215051932,-0.0114757905864786,-0.0114748934805782,0.4166666666666667
1.348,1.363,1.348,1.359,1.35,0.009,0.67,263,35745.0,0.0169999999999999,-0.022,-0.0649999999999999,1.3456,1.3446,1.37665,1.3493562140083493,1.3527538415209772,1.3646714750747897,0.0149999999999999,0.0249285714285714,0.0089999999999998,0.0,0.006822781604807,0.0076627902679927,0.8903782259714995,47.10053330803248,1.3530833333333332,1.3782692307692308,1.355394510370838,1.3693113780621229,-0.0139168676912848,-0.013004337093022,-0.0119632883227195,2.867647058823529
1.359,1.359,1.346,1.347,1.359,-0.012,-0.88,159,21465.0,0.01,-0.036,-0.102,1.3476,1.341,1.37155,1.3485708093388995,1.351707688517163,1.3629884774486194,0.0129999999999999,0.0240714285714285,0.0,0.012,0.0063354400616065,0.0079725909631361,0.7946525904690865,44.27890917101566,1.3478333333333332,1.3775769230769228,1.354103047236863,1.3676586833908544,-0.0135556361539914,-0.0141157636420394,-0.0122817578889739,-0.3954372623574145
1.348,1.364,1.348,1.363,1.347,0.016,1.19,158,21539.0,0.026,0.0089999999999998,-0.078,1.3527999999999998,1.3419,1.3676499999999998,1.3533805395592664,1.353760836059497,1.3629895748344651,0.0170000000000001,0.0237142857142857,0.016,0.0,0.0070257657714918,0.0074031201800549,0.9490276532887014,48.69236471259681,1.3463333333333332,1.3781538461538465,1.3554718092004223,1.3673135957322726,-0.0118417865318503,-0.0144711334482138,-0.0121937636175492,-0.0062893081761006
1.356,1.356,1.345,1.348,1.363,-0.015,-1.1,59,7992.0,0.0030000000000001,0.0250000000000001,-0.0809999999999999,1.3534000000000002,1.3444,1.3636,1.3515870263728444,1.3527134113214063,1.3615619962788017,0.018,0.0229285714285714,0.0,0.0149999999999999,0.0065239253592423,0.0079457544529081,0.8210580125408482,45.08686746312159,1.3434166666666665,1.377576923076923,1.3543223000926652,1.3658829590113637,-0.0115606589186982,-0.0143010098224289,-0.012067142677779,-0.6265822784810127
1.342,1.342,1.335,1.335,1.348,-0.013,-0.96,78,10464.0,-0.0150000000000001,0.0189999999999999,-0.0689999999999999,1.3504,1.3462999999999998,1.36015,1.3460580175818964,1.3494927910811507,1.3590322823474874,0.0130000000000001,0.0217142857142857,0.0,0.0130000000000001,0.006057930690725,0.0083067719919861,0.7292761492152863,42.17233606941369,1.3418333333333334,1.3752307692307693,1.3513496385399475,1.363595332417929,-0.0122456938779815,-0.0140667925614524,-0.0121028529178195,0.3220338983050848
1.335,1.34,1.332,1.337,1.335,0.002,0.15,89,11864.0,-0.022,-0.0050000000000001,-0.0669999999999999,1.346,1.3458,1.3568,1.3430386783879311,1.3472213745209414,1.3569339697429648,0.008,0.0212142857142857,0.002,0.0,0.0057680784985304,0.0077134311354157,0.7477967194192806,42.78510830869061,1.343,1.372576923076923,1.349142001841494,1.3616253077943787,-0.0124833059528848,-0.0137229836810696,-0.0121789435248326,0.1410256410256409
1.343,1.354,1.343,1.354,1.337,0.017,1.27,12,1614.0,0.0070000000000001,0.0170000000000001,-0.0259999999999998,1.3474,1.3475,1.3555,1.3466924522586208,1.3484538518807705,1.3566545440531586,0.0170000000000001,0.0195,0.0170000000000001,0.0,0.0065703586057782,0.0071624717686003,0.9173311697481532,47.84416924013431,1.3461666666666667,1.3698846153846154,1.3498893861735717,1.3610604701799804,-0.0111710840064087,-0.0131465498756039,-0.0119773716211478,-0.8651685393258427
1.353,1.359,1.353,1.359,1.354,0.005,0.37,20,2711.0,-0.004,0.022,-0.046,1.3466,1.3497,1.3532,1.3507949681724138,1.3503713333569938,1.3568779208100006,0.006,0.0154285714285714,0.0049999999999998,0.0,0.0064581901339369,0.0066508666422717,0.9710298644224552,49.26510155679367,1.3475833333333334,1.366423076923077,1.3512910190699454,1.3609078427592411,-0.0096168236892957,-0.0124210198141765,-0.0115052620347774,0.6666666666666667
1.357,1.361,1.357,1.361,1.359,0.002,0.15,152,20627.0,0.0129999999999999,0.016,-0.0229999999999999,1.3492,1.3513000000000002,1.35205,1.354196645448276,1.3523038182011766,1.3572704997804763,0.004,0.0139285714285714,0.002,0.0,0.0061397479815128,0.0061758047392523,0.9941616098206164,49.85361291304999,1.3495833333333334,1.3633461538461538,1.3527847084437998,1.3609146692215195,-0.0081299607777198,-0.0116135352889017,-0.0108302017833659,6.6
1.361,1.361,1.349,1.349,1.361,-0.012,-0.88,5,678.0,0.014,-0.0010000000000001,-0.0609999999999999,1.352,1.3512,1.349,1.3524644302988509,1.3517031239827808,1.3564828331347167,0.012,0.0129285714285714,0.0,0.012,0.0057011945542619,0.0065918186864485,0.8648894676035974,46.37751902341909,1.3505833333333337,1.3602692307692306,1.352202445606292,1.3600321011310368,-0.0078296555247447,-0.0109371783815084,-0.0102300925316416,-0.9671052631578948
1.35,1.373,1.35,1.372,1.349,0.023,1.7,96,13090.0,0.0350000000000001,0.0130000000000001,-0.0089999999999998,1.359,1.3525,1.34855,1.3589762868659008,1.3553934650768205,1.357960658550458,0.024,0.0138571428571428,0.0230000000000001,0.0,0.0069368235146718,0.0061209744945594,1.1332874399064388,53.12399157781299,1.3528333333333336,1.3590384615384616,1.355248223205324,1.3609186121583674,-0.0056703889530433,-0.0100610398036252,-0.009318151815922,18.2
1.371,1.372,1.368,1.372,1.372,0.0,0.0,124,16967.0,0.018,0.0250000000000001,-0.0109999999999998,1.3626,1.355,1.348,1.3633175245772673,1.358412835062853,1.3592977386885097,0.004,0.0132857142857142,0.0,-0.0,0.0064413361207667,0.0056837620306623,1.1332874399064383,53.12399157781298,1.354666666666667,1.3578076923076925,1.357825419635274,1.361739455702192,-0.0039140360669178,-0.009180178640855,-0.0082373286661211,0.2916666666666667
1.372,1.38,1.372,1.38,1.372,0.008,0.58,91,12542.0,0.0209999999999999,0.0169999999999999,0.0259999999999998,1.3668,1.3567,1.3493,1.3688783497181782,1.3623377741423344,1.3612693826229374,0.0079999999999997,0.0129285714285714,0.0079999999999997,0.0,0.0065526692549976,0.0052777790284721,1.2415580909408717,55.38817378673153,1.3564166666666668,1.3578076923076925,1.3612368935375396,1.3630920886131408,-0.0018551950756011,-0.0081017937693997,-0.0069609019480171,-0.2661290322580645
1.379,1.379,1.354,1.375,1.38,-0.005,-0.36,35,4782.0,0.014,0.0269999999999999,0.052,1.3696000000000002,1.3594,1.3519,1.370918899812119,1.3646399970255465,1.362577060468372,0.0259999999999998,0.0132142857142857,0.0,0.0049999999999998,0.0060846214510692,0.0052579376692955,1.1572258618814024,53.64416783285455,1.35875,1.3566538461538462,1.3633542945317645,1.3639741561232783,-0.000619861591514,-0.0068100346264589,-0.0056926938767165,-0.6153846153846154
1.374,1.383,1.372,1.383,1.375,0.008,0.58,25,3448.0,0.034,0.048,0.0669999999999999,1.3763999999999998,1.3642,1.35525,1.3749459332080791,1.3679781793845378,1.364522102328527,0.0109999999999998,0.0129285714285714,0.008,0.0,0.0062214342045642,0.0048823706929172,1.27426502325797,56.029750720632265,1.3604166666666666,1.3566153846153846,1.366376710757647,1.3653834778919245,0.0009932328657225,-0.0053126414243914,-0.0043555085282287,-0.2857142857142857
1.378,1.378,1.372,1.372,1.383,-0.011,-0.8,293,40207.0,0.0,0.0350000000000001,0.03,1.3764,1.3677,1.35675,1.373963955472053,1.3687094194964398,1.3652342830591435,0.0109999999999998,0.0127857142857142,0.0,0.0109999999999998,0.0057770460470954,0.0053193442148517,1.086044785551897,52.062390657857634,1.3624166666666666,1.3551538461538462,1.3672418321795474,1.3658735906406707,0.0013682415388767,-0.0039193830304708,-0.0032107585148076,10.72
1.377,1.377,1.35,1.35,1.372,-0.022,-1.6,319,43101.0,-0.022,-0.004,0.0130000000000001,1.372,1.3673,1.3574,1.365975970314702,1.3653077068607231,1.3637833989582726,0.0269999999999999,0.0134999999999999,0.0,0.022,0.0053643999008743,0.0065108196280766,0.8239208282996169,45.17305880363963,1.3636666666666668,1.3539615384615389,1.3645892426134631,1.364697769111732,-0.0001085264982689,-0.0028629055648012,-0.0025903121114999,0.0887372013651877
1.351,1.356,1.349,1.349,1.35,-0.001,-0.07,4029,543920.0,-0.0309999999999999,-0.01,0.012,1.3658,1.3663,1.358,1.3603173135431348,1.3623426692496827,1.3623754562003418,0.0070000000000001,0.0127142857142856,0.0,0.0010000000000001,0.0049812284793832,0.0061171896546426,0.8143001542551186,44.882328447435896,1.3646666666666667,1.352653846153846,1.362190897596007,1.363534971399752,-0.0013440738037449,-0.0021089181232484,-0.0023410644499489,11.630094043887148
1.351,1.366,1.351,1.366,1.349,0.017,1.26,318,43245.0,-0.0089999999999998,0.0050000000000001,0.0210000000000001,1.364,1.3668,1.35905,1.36221154236209,1.3630076384770131,1.3627206508479284,0.0170000000000001,0.0129999999999999,0.0170000000000001,0.0,0.0058397121594273,0.0056802475364538,1.0280735341109897,50.69212318091059,1.3656666666666668,1.3531153846153847,1.3627769133504677,1.3637175661108816,-0.0009406527604141,-0.0013434733716561,-0.0020609821120419,-0.921072226358898
1.365,1.365,1.365,1.365,1.366,-0.001,-0.07,2000,273000.0,-0.018,0.016,0.0149999999999999,1.3603999999999998,1.3683999999999998,1.3598,1.3631410282413934,1.3633698860266472,1.3629377317195543,0.0010000000000001,0.0124999999999999,0.0,0.0010000000000001,0.0054225898623253,0.0053459441409928,1.0143371721273344,50.35587815996547,1.3661666666666668,1.3547307692307693,1.3631189266811647,1.3638125612137793,-0.0006936345326145,-0.0007905006582751,-0.0017875125961564,5.289308176100629
1.366,1.379,1.366,1.379,1.365,0.014,1.03,2009,277035.0,0.0069999999999998,0.0069999999999998,0.02,1.3618,1.3691,1.3608,1.368427352160929,1.3662117249308932,1.3644674715557872,0.014,0.0122857142857142,0.014,0.0,0.0060352620150164,0.0049640909880648,1.2157839228827712,54.86924561222632,1.3676666666666666,1.3571538461538462,1.3655621687302162,1.3649375566794253,0.0006246120507908,-0.0002862064229741,-0.0013050876667669,0.0044999999999999
1.379,1.4,1.379,1.392,1.379,0.013,0.94,65,9045.0,0.0419999999999998,0.0199999999999997,0.0449999999999999,1.3702,1.3711,1.36305,1.376284901440619,1.370900502216185,1.3670896171219027,0.0209999999999999,0.0133571428571428,0.0129999999999999,0.0,0.0065327432996581,0.0046095130603458,1.4172306736382063,58.63034459616191,1.37125,1.359076923076923,1.369629527387106,1.366942182110579,0.002687345276527,0.0002185202828178,-0.0005066010781081,-0.9676455948232952
1.4,1.405,1.4,1.4,1.392,0.008,0.57,71,9964.0,0.0509999999999999,0.02,0.0369999999999999,1.3804,1.3731,1.3649,1.3841899342937465,1.3761913199950606,1.3702239393007691,0.0130000000000001,0.0139999999999999,0.008,0.0,0.0066375473496825,0.004280262127464,1.550733845736484,60.79559607242104,1.3735833333333334,1.3615,1.3743019077890897,1.3693909093616472,0.0049109984274424,0.0008330602849241,0.0005769188230019,0.0923076923076922
1.39,1.396,1.39,1.396,1.4,-0.004,-0.29,3,418.0,0.0299999999999998,0.0209999999999999,0.0479999999999998,1.3864,1.3752,1.3673,1.3881266228624976,1.3797928981777767,1.3726788022245051,0.01,0.0138571428571428,0.0,0.004,0.0061634368247052,0.0042602434040737,1.4467334938683505,59.129181723058295,1.3755833333333332,1.3637692307692306,1.3776400758215377,1.3713619531126362,0.0062781227089012,0.0014202702674995,0.0017171596001818,-0.9577464788732396
1.404,1.409,1.4,1.402,1.396,0.006,0.43,1979,277156.0,0.0369999999999999,0.0189999999999999,0.0669999999999999,1.3938,1.3771,1.37065,1.3927510819083315,1.3838305530545445,1.375471297250743,0.0130000000000001,0.0130714285714285,0.006,0.0,0.0061517627657976,0.0039559403037827,1.555069665716449,60.862123901439794,1.3774166666666667,1.3659615384615384,1.3813877564643775,1.3736314380672558,0.0077563183971218,0.0021300565850823,0.0029249913595698,658.6666666666666
1.402,1.402,1.396,1.399,1.402,-0.003,-0.21,36,5045.0,0.02,0.0269999999999999,0.062,1.3977999999999997,1.3798,1.37375,1.3948340546055549,1.3865886343173546,1.3777121260840055,0.006,0.0132142857142857,0.0,0.0029999999999998,0.0057123511396692,0.0038876588535125,1.4693550424333368,59.50359576423703,1.3794166666666667,1.367846153846154,1.384097332392935,1.3755105908030147,0.0085867415899203,0.00309619748377,0.0040573414056399,-0.9818089944416372
1.41,1.424,1.405,1.405,1.399,0.006,0.43,78,11055.0,0.0130000000000001,0.0549999999999999,0.0509999999999999,1.4004,1.3853,1.3763,1.3982227030703698,1.3899361553505627,1.380310971218862,0.0249999999999999,0.0144285714285714,0.006,0.0,0.0057328974868357,0.0036099689354045,1.5880739112768454,61.36122714105012,1.38125,1.369615384615385,1.3873131274094066,1.3776949914842729,0.0096181359251337,0.0043142207869787,0.0051695003095386,1.1666666666666663
1.405,1.406,1.397,1.397,1.405,-0.008,-0.57,325,45565.0,-0.0029999999999998,0.048,0.038,1.3998,1.3901,1.3782,1.3978151353802466,1.3912204907413694,1.3819004025313515,0.0089999999999998,0.0132142857142857,0.0,0.008,0.0053234048092046,0.0039235425828756,1.3567852767646102,57.56932080919998,1.3833333333333335,1.3715384615384616,1.388803415500267,1.3791249921150674,0.0096784233851996,0.0054941181364914,0.0060712849246708,3.166666666666667
1.406,1.408,1.406,1.408,1.397,0.011,0.79,52,7268.0,0.012,0.0419999999999998,0.0469999999999999,1.4022,1.3943,1.38055,1.401210090253498,1.394271310606575,1.3843860784807465,0.0109999999999998,0.0132142857142857,0.0109999999999998,0.0,0.0057288758942614,0.0036432895412416,1.5724459528706607,61.12649135022357,1.3881666666666668,1.373269230769231,1.3917567361925338,1.3812638815880254,0.0104928546045084,0.0067370613739495,0.0069555988606383,-0.84
1.413,1.436,1.409,1.415,1.408,0.007,0.5,45,6371.0,0.0130000000000001,0.05,0.066,1.4048000000000005,1.3993,1.38385,1.405806726835665,1.3980401632235613,1.3873016900540085,0.028,0.0144285714285714,0.0070000000000001,0.0,0.0058196704732427,0.0033830545740101,1.7202413812510349,63.23855644236609,1.3936666666666666,1.3758461538461535,1.395332622932144,1.3837628533222457,0.0115697696098981,0.0079531899916281,0.0078784330104903,-0.1346153846153845
1.407,1.417,1.405,1.413,1.415,-0.002,-0.14,128,18064.0,0.014,0.034,0.0409999999999999,1.4076,1.4027,1.3859,1.4082044845571104,1.40076013354655,1.3897491481441029,0.012,0.0133571428571428,0.0,0.002,0.005403979725154,0.0032842649615808,1.645415272022667,62.198751531535294,1.3975833333333334,1.3788461538461536,1.3980506809425832,1.3859285678909683,0.0121221130516149,0.0090014975221934,0.0087271690187152,1.8444444444444448
1.423,1.423,1.409,1.412,1.413,-0.001,-0.07,84,11917.0,0.0069999999999998,0.02,0.0399999999999998,1.409,1.4046999999999998,1.3879,1.409469656371407,1.4028037456289957,1.3918682768922834,0.014,0.0138571428571428,0.0,0.0010000000000001,0.0050179811733572,0.0031211031786107,1.6077588231449784,61.65289553909008,1.4015000000000002,1.3817307692307694,1.4001967300283398,1.3878597850842298,0.0123369449441099,0.009826602690712,0.0094491242037942,-0.34375
1.414,1.414,1.402,1.402,1.412,-0.01,-0.71,32,4499.0,0.0049999999999998,0.002,0.022,1.41,1.4049,1.389,1.4069797709142713,1.4026576100600872,1.3928332029025423,0.012,0.0135,0.0,0.01,0.0046595539466889,0.0036124529515671,1.289858721804952,56.329183522214734,1.4034166666666668,1.383576923076923,1.4004741561778258,1.388907208411324,0.0115669477665019,0.0104142499193343,0.0098726889163357,-0.6190476190476191
1.406,1.416,1.405,1.41,1.402,0.008,0.57,25,3524.0,0.002,0.014,0.0349999999999999,1.4104,1.4063,1.3907500000000002,1.4079865139428476,1.403992590049162,1.394468135959443,0.014,0.0144285714285714,0.008,0.0,0.0048981572362111,0.0033544205978837,1.4602096228783217,59.35305712567492,1.4049166666666666,1.3855384615384616,1.4019396706120064,1.3904696374178924,0.0114700331941139,0.0108268848967779,0.0101921577718913,-0.21875
1.402,1.405,1.382,1.405,1.41,-0.005,-0.35,47,6542.0,-0.01,0.0030000000000001,0.022,1.4084,1.4066,1.39185,1.4069910092952318,1.404175755494769,1.3954711706299725,0.028,0.0154285714285714,0.0,0.0049999999999998,0.004548288862196,0.0034719619837492,1.310005375486448,56.7100574478353,1.405333333333333,1.3872307692307695,1.4024104905178516,1.3915459605721223,0.010864529945729,0.0110799724918677,0.0103266322066589,0.8799999999999999
1.403,1.422,1.403,1.422,1.405,0.017,1.21,127,18030.0,0.0089999999999998,0.0229999999999999,0.0499999999999998,1.4102,1.4088999999999998,1.39435,1.4119940061968212,1.4074165272229928,1.3979977258080702,0.0189999999999999,0.0152857142857142,0.0169999999999999,0.0,0.0054376968006106,0.0032239646991956,1.6866489890435827,62.77891142169677,1.4075,1.3900384615384616,1.405424261207413,1.393801815344558,0.0116224458628551,0.011302673596059,0.0105857949378981,1.702127659574468
1.41,1.41,1.401,1.401,1.422,-0.021,-1.48,122,17102.0,-0.0109999999999998,-0.004,0.0509999999999999,1.408,1.4085,1.3969,1.4083293374645476,1.4062498859097212,1.3982836566834922,0.0209999999999999,0.0158571428571428,0.0,0.0209999999999999,0.0050492898862812,0.0044936815063959,1.123642135984599,52.91108689852949,1.4074166666666663,1.3911538461538462,1.4047436056370417,1.394335014207924,0.0104085914291176,0.0113838033787165,0.010550354236142,-0.0393700787401575
1.403,1.421,1.403,1.421,1.401,0.02,1.43,280,39753.0,0.0190000000000001,0.024,0.072,1.4118,1.4109,1.4005,1.412552891643032,1.4089317248352264,1.400447117951731,0.02,0.0165714285714285,0.02,0.0,0.0061171977515469,0.0041727042559391,1.4660031903387627,59.44855205711933,1.40925,1.3930384615384617,1.4072445893851893,1.3963101983406705,0.0109343910445189,0.0114328629831622,0.0106271615978174,1.2950819672131146
1.421,1.441,1.421,1.433,1.421,0.012,0.84,56,7999.0,0.0230000000000001,0.0250000000000001,0.0669999999999999,1.4164,1.4134,1.4038499999999998,1.419368594428688,1.4133077748651852,1.4035473924325186,0.02,0.0170714285714285,0.012,0.0,0.0065373979121507,0.0038746539519434,1.687221102382991,62.78683584639859,1.4115833333333334,1.395076923076923,1.4112069602490065,1.3990279614265466,0.0121789988224596,0.0115005551178912,0.0109375290427458,-0.8
1.433,1.441,1.433,1.441,1.433,0.008,0.56,110,15781.0,0.036,0.026,0.076,1.4236,1.416,1.4076499999999998,1.4265790629524588,1.418342724889697,1.4071143074389454,0.008,0.0172142857142856,0.008,0.0,0.0066418694898542,0.003597892955376,1.8460442187224373,64.86351148651897,1.41525,1.3976153846153845,1.4157905048260822,1.4021370013208765,0.0136535035052056,0.0116707096127346,0.0114807239352378,0.9642857142857142
1.442,1.442,1.432,1.434,1.441,-0.007,-0.49,95,13624.0,0.012,0.0209999999999999,0.0549999999999999,1.426,1.4181,1.4104,1.4290527086349727,1.4211895021824792,1.4096748495876172,0.01,0.0161428571428571,0.0,0.0070000000000001,0.0061674502405789,0.0038409006014206,1.605730238969921,61.62304197708075,1.4174166666666668,1.3995769230769233,1.4185919656220696,1.404497223445256,0.0140947421768136,0.0118660204163684,0.012003527583553,-0.1363636363636363
1.424,1.429,1.424,1.429,1.434,-0.005,-0.35,34,4847.0,0.028,0.0170000000000001,0.0370000000000001,1.4316,1.4198,1.41225,1.4290351390899818,1.4226095926947555,1.4115153401030822,0.01,0.0162142857142857,0.0,0.0049999999999998,0.0057269180805375,0.0039236934156048,1.4595732831115396,59.342540965686254,1.4185833333333333,1.4017692307692309,1.4201932016802126,1.406312243930793,0.0138809577494198,0.0121231326366926,0.0123790136167263,-0.6421052631578947
1.426,1.432,1.425,1.43,1.429,0.001,0.07,32,4576.0,0.0089999999999998,0.028,0.03,1.4334,1.4226,1.4137499999999998,1.4293567593933212,1.423953303113891,1.4132757839027887,0.0069999999999998,0.0159285714285714,0.0009999999999998,0.0,0.0053892810747848,0.0036434296002045,1.4791780454553909,59.6640506786872,1.42,1.4048461538461536,1.4217019398832569,1.4080668925285118,0.0136350473547448,0.0123636897656516,0.01263022036433,-0.0588235294117647
1.43,1.432,1.428,1.428,1.43,-0.002,-0.14,39,5529.0,-0.0050000000000001,0.018,0.032,1.4324,1.4244,1.41535,1.428904506262214,1.4246890661840923,1.4146780901977611,0.004,0.0142142857142857,0.0,0.002,0.0050043324265859,0.0035260417716185,1.4192493313228367,58.66486405296624,1.4213333333333331,1.4078846153846152,1.4226708722089094,1.4095434190078813,0.0131274532010281,0.012615125682907,0.0127296669316696,0.21875
1.429,1.45,1.429,1.45,1.428,0.022,1.54,41,5954.0,0.0089999999999998,0.0449999999999999,0.048,1.4342,1.4289,1.41775,1.4359363375081426,1.4292910541506212,1.418042081607498,0.022,0.0149285714285714,0.022,0.0,0.0062183086818298,0.0032741816450743,1.8991947777804652,65.50766413957294,1.4253333333333331,1.4111153846153843,1.426875353407539,1.4125402027850753,0.0143351506224636,0.0129165373228635,0.0130507636698284,0.0512820512820513
1.449,1.449,1.449,1.449,1.45,-0.001,-0.07,6,869.0,0.0150000000000001,0.0270000000000001,0.05,1.4372,1.4316,1.42025,1.4402908916720951,1.432874498850508,1.4209904547877366,0.0009999999999998,0.0139999999999999,0.0,0.0009999999999998,0.0057741437759848,0.0031117400989975,1.8555996298806945,64.98108524962306,1.428583333333333,1.414346153846154,1.4302791451909944,1.4152409285046994,0.015038216686295,0.0134309401292166,0.0134482542731217,-0.8536585365853658
1.453,1.461,1.453,1.459,1.449,0.01,0.69,38,5487.0,0.03,0.058,0.054,1.4431999999999998,1.4373999999999998,1.42295,1.4465272611147304,1.437624589968597,1.4246104114746188,0.012,0.0139999999999999,0.01,0.0,0.0060759906491287,0.0028894729490691,2.1028023989932465,67.77107042573945,1.4330833333333333,1.417423076923077,1.4346977382385335,1.418482341208055,0.0162153970304788,0.014017718572101,0.0140016828245931,5.333333333333333
1.465,1.465,1.459,1.459,1.459,0.0,0.0,51,7451.0,0.0290000000000001,0.038,0.062,1.449,1.4411999999999998,1.42605,1.4506848407431536,1.441511028156125,1.4278856103817978,0.006,0.0134285714285714,0.0,-0.0,0.0056419913170481,0.0026830820241356,2.1028023989932465,67.77107042573945,1.4361666666666668,1.4200000000000002,1.4384365477402978,1.4214836492667176,0.0169528984735802,0.0145481518666699,0.0145919259543906,0.3421052631578947
1.462,1.473,1.462,1.473,1.459,0.014,0.96,251,36713.0,0.0450000000000001,0.04,0.0650000000000001,1.458,1.4452,1.4293,1.4581232271621023,1.4472362957641025,1.4321822189168647,0.014,0.0124285714285714,0.014,0.0,0.0062389919372589,0.0024914333081259,2.50417778268842,71.46263511685198,1.4421666666666668,1.4228076923076924,1.4437540019340982,1.4252996752469609,0.0184543266871375,0.0150815766646624,0.0153644061009399,3.9215686274509807
1.473,1.477,1.462,1.477,1.473,0.004,0.27,58,8504.0,0.0270000000000001,0.036,0.062,1.4634,1.4488,1.4324,1.464415484774735,1.4526478783524472,1.4364505790200206,0.0150000000000001,0.0121428571428571,0.004,0.0,0.0060790639417404,0.0023134737861169,2.627677900748473,72.43415685296435,1.4468333333333334,1.4259230769230768,1.448868770867314,1.429129328932371,0.019739441934943,0.0157087655266767,0.0162394132677406,-0.7689243027888446
1.475,1.475,1.461,1.466,1.477,-0.011,-0.74,58,8511.0,0.0169999999999999,0.032,0.0529999999999999,1.4668,1.452,1.43505,1.4649436565164902,1.4550755368338204,1.4392648095895424,0.016,0.0117857142857142,0.0,0.0110000000000001,0.005644845088759,0.0029339399442514,1.9239811298179608,65.80005288672102,1.4495833333333332,1.4283846153846154,1.4515043445800349,1.4318604897521954,0.0196438548278394,0.0163490874242789,0.0169203015797603,0.0
1.465,1.465,1.464,1.464,1.466,-0.002,-0.14,8,1172.0,0.0049999999999998,0.0349999999999999,0.052,1.4678,1.4555,1.43765,1.464629104344327,1.4566981665003986,1.441620542009586,0.002,0.0105,0.0,0.002,0.0052416418681333,0.0028672299482335,1.8281205075172675,64.64082780977839,1.4515,1.4308846153846155,1.4534267531061835,1.4342411942149955,0.019185558891188,0.0169658109283282,0.0173733530420459,-0.8620689655172413
1.468,1.468,1.468,1.468,1.464,0.004,0.27,2,294.0,0.0089999999999998,0.038,0.066,1.4696,1.4593,1.44095,1.4657527362295513,1.458753045318508,1.4441328713420063,0.004,0.0093571428571428,0.004,0.0,0.0051529531632667,0.0026624278090739,1.935433947055618,65.93348656327122,1.4543333333333337,1.4333076923076922,1.4556687910898476,1.4367418464953663,0.0189269445944813,0.0176101988609341,0.0176840713525329,-0.75
1.47,1.473,1.464,1.464,1.468,-0.004,-0.27,92,13520.0,-0.0090000000000001,0.036,0.054,1.4678,1.4629,1.44365,1.465168490819701,1.459707037078779,1.446024978833244,0.0090000000000001,0.0094285714285714,0.0,0.004,0.0047848850801762,0.0027579686798544,1.7349308986455956,63.43600489155962,1.4572500000000002,1.4358846153846154,1.4569505155375633,1.438760968977191,0.0181895465603723,0.0180384650762573,0.0177851663941008,45.0
1.473,1.475,1.46,1.466,1.464,0.002,0.14,147,21513.0,-0.0110000000000001,0.016,0.0609999999999999,1.4655999999999998,1.4645,1.4467,1.4654456605464674,1.4608512121553647,1.4479273618015065,0.0150000000000001,0.0097857142857143,0.002,0.0,0.0045859647173065,0.0025609709170076,1.7907133137868274,64.16686747937354,1.4602500000000005,1.4381153846153845,1.4583427439163996,1.4407786749788805,0.0175640689375191,0.0183191153263933,0.0177409469027845,0.5978260869565217
1.461,1.47,1.461,1.47,1.466,0.004,0.27,22,3231.0,0.004,0.0209999999999999,0.048,1.4664,1.4666,1.4491,1.466963773697645,1.4625146281271166,1.4500295178204106,0.0089999999999998,0.0097142857142857,0.004,0.0,0.0045441100946417,0.0023780444229357,1.9108600540910183,65.64589223056028,1.46375,1.4402307692307692,1.4601361679292613,1.4429432175730377,0.0171929503562238,0.0184277323625872,0.0176313475934723,-0.8503401360544218
1.474,1.484,1.474,1.484,1.47,0.014,0.95,75,11082.0,0.02,0.0249999999999999,0.0829999999999999,1.4704000000000002,1.4691,1.4532500000000002,1.4726425157984302,1.466421059376732,1.4532648018375145,0.014,0.0102142857142857,0.014,0.0,0.0052195308021673,0.0022081841070117,2.3637208444683546,70.27101694112037,1.4665833333333331,1.4429615384615386,1.4638075267093749,1.4459844607157757,0.0178230659935993,0.0185244176425893,0.0176696912734977,2.409090909090909
1.477,1.478,1.472,1.472,1.484,-0.012,-0.81,6447,951618.0,0.004,0.0129999999999999,0.0509999999999999,1.4712,1.4704,1.4558000000000002,1.4724283438656205,1.467435412217326,1.4550491064244178,0.012,0.0107857142857143,0.0,0.012,0.0048467071734411,0.0029075995279394,1.6669101528145618,62.50342371134492,1.4685,1.4452692307692308,1.465067907215625,1.4479115376997922,0.0171563695158327,0.018380200179111,0.0175670269219647,84.96
1.471,1.471,1.457,1.457,1.472,-0.015,-1.02,366,53404.0,-0.0069999999999998,-0.016,0.024,1.4698,1.4688,1.457,1.4672855625770804,1.4655380645414486,1.4552349058125684,0.0149999999999999,0.0102857142857142,0.0,0.0149999999999999,0.0045005138039096,0.0037713424188009,1.1933453142503352,54.407543878160816,1.4683333333333335,1.4473846153846155,1.4638266907209134,1.4485847571294372,0.0152419335914761,0.0178804770298369,0.017102008255867,-0.9432294090274548
1.455,1.455,1.437,1.438,1.457,-0.019,-1.3,75,10799.0,-0.028,-0.0390000000000001,-0.0030000000000001,1.4642000000000002,1.4649,1.45685,1.4575237083847203,1.4605311437157305,1.4535934862113715,0.02,0.0116428571428571,0.0,0.0190000000000001,0.0041790485322017,0.0048591036746008,0.8600451466072186,46.23786407421176,1.4665833333333331,1.4484615384615382,1.4598533536869267,1.4478007010457752,0.0120526526411515,0.0170370101202049,0.0160921371329239,-0.7950819672131147
1.442,1.452,1.442,1.446,1.438,0.008,0.56,55,7957.0,-0.024,-0.02,0.012,1.4594,1.4629,1.45745,1.4536824722564805,1.4578891175855977,1.4528702970483838,0.014,0.0117857142857143,0.008,0.0,0.0044519736370445,0.0045120248407008,0.9866908526046658,49.665042314512974,1.4643333333333333,1.4500384615384616,1.4577220685043226,1.4476673157831252,0.0100547527211973,0.016022476101317,0.0148846602505786,-0.2666666666666667
1.449,1.461,1.445,1.461,1.446,0.015,1.04,4251,619164.0,-0.0229999999999999,-0.0029999999999998,0.032,1.4548,1.4626,1.45905,1.456121648170987,1.4584547325700343,1.4536445544723473,0.016,0.0125,0.0150000000000001,0.0,0.0052054040915413,0.0041897373520793,1.2424177589456669,55.40527646952917,1.463,1.4515384615384617,1.458226365657504,1.4486549220214122,0.0095714436360916,0.0149829759948293,0.0138220169276812,76.2909090909091
1.456,1.474,1.456,1.468,1.461,0.007,0.48,47,6880.0,-0.004,0.0,0.038,1.4540000000000002,1.4626,1.46095,1.460081098780658,1.460190235739119,1.4550117397606952,0.018,0.0127857142857143,0.0069999999999998,0.0,0.005333589513574,0.0038904703983593,1.3709369221324232,57.82258099466439,1.4631666666666667,1.4541153846153845,1.4597300017101955,1.450087890760567,0.0096421109496285,0.0140332609269689,0.0129860357320706,-0.9889437779346036
1.468,1.475,1.468,1.473,1.468,0.005,0.34,265,38874.0,0.016,0.0090000000000001,0.0450000000000001,1.4572,1.4635,1.4632,1.4643873991871057,1.462519283786552,1.456724907402534,0.0070000000000001,0.0122142857142857,0.0050000000000001,0.0,0.0053097616911759,0.0036125796556194,1.4697978168914705,59.510855780955495,1.4639166666666668,1.4561153846153845,1.461771539908627,1.451785084037562,0.0099864558710649,0.0131913039195851,0.0123861197598695,4.638297872340425
1.473,1.49,1.473,1.486,1.473,0.013,0.88,101,14921.0,0.048,0.02,0.036,1.4668,1.4655,1.465,1.4715915994580704,1.46678850491627,1.4595130114594357,0.0169999999999999,0.0122857142857142,0.0129999999999999,0.0,0.0058590644275205,0.0033545382516465,1.7466083222167943,63.59145962272125,1.4654166666666664,1.458153846153846,1.4654989953073,1.4543195222570018,0.011179473050298,0.0125231397744822,0.0121447904179552,-0.6188679245283019
1.486,1.486,1.478,1.481,1.486,-0.005,-0.34,218,32293.0,0.0350000000000001,0.0110000000000001,0.032,1.4738,1.4666,1.4666,1.4747277329720472,1.4693724131133117,1.4615593913204417,0.008,0.0127142857142857,0.0,0.0049999999999998,0.0054405598255547,0.0034720712336718,1.5669493680868969,61.04325186806146,1.4668333333333334,1.4596923076923078,1.467883765260023,1.4562958539416682,0.0115879113183547,0.0118303448105662,0.0120334145980351,1.1584158415841586
1.482,1.493,1.479,1.491,1.481,0.01,0.68,177,26373.0,0.03,0.0070000000000001,0.032,1.4798,1.4673,1.4682,1.480151821981365,1.473304701638164,1.4643632588137327,0.014,0.0134285714285714,0.01,0.0,0.0057662341237294,0.0032240661455524,1.7884974635783837,64.13839305714362,1.4689166666666666,1.4618846153846154,1.4714401090661733,1.4588665314274705,0.0125735776387028,0.0113211457131073,0.0121414472061686,-0.1880733944954128
1.494,1.5,1.494,1.495,1.491,0.004,0.27,382,57188.0,0.0270000000000001,0.0230000000000001,0.036,1.4852,1.4696000000000002,1.47,1.4851012146542435,1.4772493013403158,1.4672810436886152,0.0089999999999998,0.0134285714285714,0.004,0.0,0.005640074543463,0.0029937757065843,1.8839335662516388,65.3251374545448,1.471,1.464423076923077,1.4750647076713774,1.4615430846550652,0.0135216230163122,0.0111300000936446,0.0124174823681974,1.15819209039548
1.494,1.494,1.485,1.485,1.495,-0.01,-0.67,50,7437.0,0.012,0.028,0.012,1.4876,1.4724,1.4706,1.4850674764361624,1.4786585192784405,1.4689685633373186,0.01,0.0130714285714285,0.0,0.01,0.0052372120760728,0.0034942202989712,1.498821375863104,59.981133119025145,1.4710833333333335,1.4665384615384611,1.4765932141834732,1.4632806339398754,0.0133125802435978,0.011269992049472,0.0125965019432774,-0.8691099476439791
1.486,1.49,1.485,1.49,1.485,0.005,0.34,285,42360.0,0.004,0.052,0.0129999999999999,1.4884,1.4776000000000002,1.47125,1.4867116509574416,1.4807206066823602,1.4709715573051931,0.0049999999999998,0.0127857142857142,0.0049999999999998,0.0,0.0052202683563533,0.0032446331347589,1.6088932521923145,61.6695700692362,1.4725833333333334,1.468923076923077,1.4786557966167848,1.4652598462406254,0.0133959503761593,0.0116412362333566,0.0127563916298538,4.7
1.494,1.494,1.475,1.476,1.49,-0.014,-0.94,183,27202.0,-0.0050000000000001,0.03,0.01,1.4874000000000005,1.4806,1.47175,1.4831411006382944,1.4798623145582943,1.4714504566094604,0.0189999999999999,0.0131428571428571,0.0,0.014,0.0048473920451852,0.0040128736251333,1.2079603042630476,54.70933068546399,1.4741666666666668,1.469923076923077,1.4782472125218948,1.4660554131857642,0.0121917993361306,0.0119323868666943,0.0126434731711092,-0.3578947368421052
1.476,1.476,1.462,1.462,1.476,-0.014,-0.95,323,47481.0,-0.0290000000000001,0.0009999999999998,-0.002,1.4816,1.4807,1.47165,1.4760940670921965,1.4766146210022408,1.470550413122845,0.014,0.0132857142857142,0.0,0.014,0.0045011497562434,0.0047262397947666,0.952374393112155,48.7803157259216,1.4761666666666668,1.470423076923077,1.4757476413646804,1.465755012209041,0.0099926291556393,0.0119713333340289,0.0121133043680152,0.7650273224043715
1.466,1.475,1.466,1.468,1.462,0.006,0.41,788,115670.0,-0.0270000000000001,0.0,0.0,1.4762,1.4807,1.47165,1.4733960447281311,1.4750483262745606,1.470307516634955,0.0130000000000001,0.0131428571428571,0.006,0.0,0.0046082104879403,0.0043886512379976,1.0500288671931188,51.2201990906991,1.478,1.4707692307692308,1.474555696539345,1.465921307600964,0.0086343889383808,0.0118211036748417,0.0114175212820883,1.4396284829721364
1.473,1.481,1.46,1.46,1.468,-0.008,-0.54,63,9250.0,-0.0250000000000001,-0.0130000000000001,-0.004,1.4712,1.4794,1.47145,1.4689306964854207,1.472312266951913,1.469325848384007,0.0210000000000001,0.0132142857142857,0.0,0.008,0.0042790525959445,0.0046466047209977,0.9208987751008266,47.94103609402787,1.4779166666666663,1.4708076923076925,1.472316358610215,1.4654826922231148,0.0068336663871002,0.0113382362678197,0.0105007503030907,-0.9200507614213198
1.464,1.481,1.462,1.481,1.46,0.021,1.44,53,7784.0,-0.0089999999999998,-0.0049999999999998,0.0150000000000001,1.4693999999999998,1.4789,1.4722000000000002,1.4729537976569471,1.473891854778838,1.470437672347435,0.0210000000000001,0.0137142857142857,0.0210000000000001,0.0,0.0054734059819485,0.0043147043837836,1.268547157603598,55.91892385184711,1.479,1.4711153846153846,1.473652303439413,1.46663212242881,0.0070201810106027,0.0108307106780695,0.0098046364445931,-0.1587301587301587
1.493,1.493,1.485,1.485,1.481,0.004,0.27,166,24698.0,0.0090000000000001,0.004,0.0150000000000001,1.4712,1.4792999999999998,1.4729500000000002,1.4769691984379651,1.475911517546322,1.4718245606952984,0.012,0.0134285714285714,0.004,0.0,0.0053681626975236,0.0040065112135134,1.3398596463221149,57.26239385461261,1.4799999999999998,1.4714230769230772,1.4753981029102723,1.467992705952602,0.0074053969576703,0.010256468380177,0.0093247885472086,2.1320754716981134
1.48,1.497,1.472,1.497,1.485,0.012,0.81,245,36372.0,0.0350000000000001,0.006,0.0130000000000001,1.4782,1.4799,1.4736,1.4836461322919767,1.4797457870833544,1.4742222215814604,0.0250000000000001,0.0139285714285714,0.012,0.0,0.0058418653619862,0.0037203318411195,1.5702538406434767,61.09333700092265,1.4809166666666669,1.4726153846153849,1.4787214716933073,1.4701413944005572,0.00858007729275,0.0097074077442257,0.0091758462963168,0.4759036144578312
1.508,1.52,1.508,1.515,1.497,0.018,1.2,933,140928.0,0.0469999999999999,0.0199999999999997,0.0429999999999999,1.4876,1.4819,1.47575,1.4940974215279843,1.4861556439772898,1.4781058195260832,0.0229999999999999,0.0150714285714285,0.0179999999999997,0.0,0.0067103035504157,0.0034545938524681,1.942429077624134,66.01447397306683,1.48375,1.474576923076923,1.4843027837404907,1.47346425407459,0.0108385296659005,0.0094325132355927,0.0095083829702336,2.8081632653061224
1.517,1.528,1.517,1.526,1.515,0.011,0.73,1309,199806.0,0.066,0.0409999999999999,0.0689999999999999,1.5008,1.486,1.4792,1.5047316143519898,1.4934000723450551,1.4826671700474086,0.0130000000000001,0.0147857142857143,0.0110000000000001,0.0,0.0070167104396718,0.0032078371487204,2.187364917346452,68.62612139081581,1.4866666666666666,1.4768076923076925,1.4907177400881075,1.4773557908098056,0.0133619492783019,0.0094287353358307,0.0102790962318472,0.4030010718113612
1.527,1.532,1.516,1.518,1.526,-0.008,-0.52,362,55172.0,0.0369999999999999,0.028,0.08,1.5082,1.4888,1.4832,1.5091544095679934,1.497872786464136,1.4860322014714649,0.016,0.0153571428571428,0.0,0.008,0.0065155168368381,0.0035501344952404,1.835287323782604,64.73020594378832,1.4885833333333334,1.4788846153846154,1.4949150108437832,1.480366472972042,0.0145485378717411,0.0096905951731208,0.011132984559826,-0.7234530175706646
1.517,1.523,1.506,1.523,1.518,0.005,0.33,250,37949.0,0.0379999999999998,0.0469999999999999,0.0769999999999999,1.5158,1.4935,1.48705,1.5137696063786623,1.5024413707433837,1.4895529441884685,0.0169999999999999,0.0155714285714285,0.0049999999999998,0.0,0.0064072656342068,0.0032965534598661,1.9436255811446892,66.02828816254785,1.49175,1.4810769230769232,1.4992357784062782,1.48352451201115,0.0157112663951282,0.0103259993108417,0.0120486409268864,-0.3093922651933701
1.525,1.537,1.525,1.525,1.523,0.002,0.13,130,19824.0,0.0279999999999998,0.0629999999999999,0.0639999999999998,1.5214,1.4998,1.49025,1.5175130709191085,1.506542939699132,1.492928854265757,0.014,0.0159285714285714,0.002,0.0,0.0060924609460491,0.0030610853555899,1.9902943689314352,66.55847630287502,1.4946666666666666,1.4831923076923077,1.5031995048053124,1.4865967703806944,0.016602734424618,0.0112113710315348,0.0129594596264327,-0.48
1.525,1.525,1.511,1.516,1.525,-0.009,-0.59,588,89222.0,0.0010000000000001,0.048,0.048,1.5216,1.5046000000000002,1.4926499999999998,1.5170087139460722,1.5082624052083808,1.495126106240447,0.014,0.0162142857142857,0.0,0.0089999999999998,0.0056572851641885,0.0034852935444763,1.6231875714326525,61.87844091324928,1.498,1.4844230769230768,1.5051688117583413,1.4887747873895318,0.0163940243688094,0.0122736330295024,0.0136463725749081,3.523076923076923
1.508,1.517,1.508,1.515,1.516,-0.001,-0.07,180,27128.0,-0.0110000000000001,0.0549999999999999,0.0419999999999998,1.5194,1.5101,1.49475,1.516339142630715,1.5094874224432204,1.4970188580270711,0.0089999999999998,0.0165,0.0,0.0010000000000001,0.0052531933667464,0.0033077725770137,1.588136198737396,61.36215704228228,1.5024166666666667,1.486076923076923,1.506681302257058,1.490717395731048,0.0159639065260099,0.0132673803089921,0.0141098793651285,-0.6938775510204082
1.516,1.537,1.516,1.537,1.515,0.022,1.45,702,107300.0,0.0189999999999999,0.0559999999999998,0.0509999999999999,1.5232,1.5157,1.4973,1.5232260950871437,1.5144897092717255,1.5008265858340166,0.022,0.0167142857142857,0.022,0.0,0.0064493938405503,0.003071503107227,2.099751690100917,67.73935140696888,1.5081666666666669,1.489153846153846,1.5113457172944338,1.494145736788007,0.0171999805064264,0.014355667369965,0.014727899593388,2.9
1.537,1.547,1.537,1.543,1.537,0.006,0.39,256,39463.0,0.02,0.0579999999999998,0.0619999999999998,1.5272,1.5215,1.5004000000000002,1.5298173967247624,1.519673398495048,1.504843101468872,0.01,0.0164285714285714,0.006,0.0,0.006417294280511,0.0028521100281394,2.250016379872021,69.23092430569909,1.5150833333333331,1.4931923076923077,1.516215606941444,1.497764571100007,0.0184510358414369,0.0154524405420414,0.0154725268429978,-0.6353276353276354
1.544,1.552,1.536,1.536,1.543,-0.007,-0.45,138,21275.0,0.0110000000000001,0.0389999999999999,0.0449999999999999,1.5294,1.5254,1.50265,1.531878264483175,1.5226418714959484,1.5078104251385034,0.016,0.0166428571428571,0.0,0.0069999999999998,0.0059589161176173,0.0031483878832723,1.892688048152393,65.43007806739769,1.5196666666666667,1.496653846153846,1.5192593597196833,1.500596825092599,0.0186625346270843,0.0163217744266173,0.0161105283998151,-0.4609375
1.536,1.539,1.494,1.511,1.536,-0.025,-1.63,245,37151.0,-0.0050000000000001,-0.004,0.0159999999999997,1.5284,1.525,1.50345,1.5249188429887832,1.5205251675875942,1.5081141941729317,0.0449999999999999,0.0183571428571428,0.0,0.0250000000000001,0.0055332792520732,0.0047092173201814,1.1749891491225657,54.02275912946875,1.5218333333333334,1.498576923076923,1.517988688993578,1.5013674306412954,0.0166212583522826,0.0166839198792819,0.0162126743903086,0.7753623188405796
1.511,1.517,1.479,1.483,1.511,-0.028,-1.85,298,44515.0,-0.0319999999999998,-0.0429999999999999,-0.002,1.5219999999999998,1.5207000000000002,1.50335,1.5109458953258557,1.5137024098443952,1.505722366156462,0.0379999999999998,0.0195714285714285,0.0,0.0279999999999998,0.0051380450197823,0.0063728446544542,0.8062404308241158,44.63638489457687,1.5206666666666668,1.4991538461538465,1.5126058137637968,1.5000068802234217,0.0125989335403751,0.0164672971757967,0.0154899262203219,0.2163265306122448
1.474,1.474,1.444,1.458,1.483,-0.025,-1.69,596,86960.0,-0.0789999999999999,-0.06,-0.032,1.5062,1.5147,1.50175,1.4932972635505706,1.503574698963596,1.5011773789034657,0.0390000000000001,0.0214999999999999,0.0,0.0250000000000001,0.0047710418040835,0.0077033557505646,0.6193459004841992,38.24667109720098,1.5159166666666666,1.4985769230769228,1.5042049193385971,1.4968952594661311,0.0073096598724662,0.0155337853399454,0.0138538729507508,1.0
1.481,1.491,1.476,1.487,1.458,0.029,1.99,339,50375.0,-0.0559999999999998,-0.0359999999999998,0.0110000000000001,1.495,1.5111,1.5023,1.4911981757003805,1.5005611173338511,1.4998271523412308,0.0330000000000001,0.0220714285714285,0.0290000000000001,0.0,0.0065016816752204,0.0071531160540957,0.9089299860440194,47.61463189792754,1.5126666666666668,1.4986153846153845,1.5015580086711209,1.4961622772834546,0.0053957313876662,0.0142885627802841,0.0121622446381338,-0.4312080536912751
1.482,1.49,1.479,1.479,1.487,-0.008,-0.54,95,14114.0,-0.0569999999999999,-0.0459999999999998,0.0170000000000001,1.4836,1.5065,1.5031500000000002,1.4871321171335872,1.496640914182242,1.4978436140230182,0.0109999999999998,0.0212142857142857,0.0,0.008,0.0060372758412761,0.0072136077645174,0.8369287655162674,45.5613076145089,1.5094166666666666,1.4985384615384614,1.498087545798641,1.4948909974846802,0.0031965483139606,0.0128221765519676,0.0103691053732992,-0.71976401179941
1.491,1.514,1.491,1.514,1.479,0.035,2.37,179,26789.0,0.0030000000000001,-0.002,0.046,1.4842,1.5063,1.5054500000000002,1.4960880780890582,1.4997971116036524,1.4993823174493974,0.0349999999999999,0.0227857142857142,0.0349999999999999,0.0,0.0081060418526135,0.0066983500670519,1.2101550040637388,54.75430464554145,1.5086666666666666,1.499423076923077,1.5005356156757732,1.4963064791524816,0.0042291365232915,0.0115183132183322,0.0091411116032977,0.8842105263157896
1.507,1.515,1.494,1.501,1.514,-0.013,-0.86,449,67518.0,0.0179999999999997,-0.014,0.0409999999999999,1.4878,1.5049,1.5074999999999998,1.4977253853927055,1.5000158185848065,1.4995363824542167,0.0209999999999999,0.0231428571428571,0.0,0.0130000000000001,0.0075270388631411,0.0071484679194053,1.0529583328909018,51.2898053516831,1.5066666666666668,1.4996538461538462,1.500607059417962,1.496654147363409,0.0039529120545529,0.0100464167236796,0.0081034716935487,1.5083798882681565
1.504,1.523,1.504,1.523,1.501,0.022,1.47,303,46014.0,0.0649999999999999,-0.014,0.0419999999999998,1.5008,1.5035,1.5095999999999998,1.5061502569284704,1.504194760660296,1.5017710126966723,0.022,0.0234999999999999,0.022,0.0,0.0085608218014882,0.0066378630680192,1.2896954507443263,56.32606949212728,1.50725,1.5011153846153849,1.504052127199814,1.4986056920031563,0.0054464351966576,0.0086014610964819,0.0075720643941705,-0.3251670378619153
1.523,1.532,1.516,1.527,1.523,0.004,0.26,8083,1233955.0,0.0399999999999998,-0.016,0.0419999999999998,1.5088,1.5019,1.5116999999999998,1.5131001712856469,1.5083411678129697,1.5041737733922274,0.016,0.0236428571428571,0.004,0.0,0.0082350488156676,0.0061637299917321,1.3360495717226195,57.19268922608552,1.50825,1.5025384615384616,1.5075825691690734,1.5007089740769963,0.0068735950920768,0.0072915789259255,0.0074323705337518,25.67656765676568
1.526,1.533,1.521,1.531,1.527,0.004,0.26,2407,367149.0,0.0519999999999998,-0.0050000000000001,0.0339999999999998,1.5192,1.5014,1.5134,1.519066780857098,1.5124609554833386,1.506728652116777,0.012,0.0234999999999999,0.004,0.0,0.0079325453288342,0.0057234635637513,1.3859693943146274,58.08831402519934,1.50775,1.5046538461538463,1.5111852508353698,1.5029527537749967,0.0082324970603731,0.0063594943379356,0.007592395839076,-0.7022145243102809
1.531,1.536,1.514,1.536,1.531,0.005,0.33,899,137605.0,0.022,0.0250000000000001,0.0210000000000001,1.5235999999999998,1.5039,1.51445,1.5247111872380656,1.5167407817590952,1.509516399534227,0.022,0.0244285714285714,0.0050000000000001,0.0,0.007723077805346,0.005314644737769,1.453169155496178,59.23640252203726,1.5071666666666663,1.5074999999999998,1.5150029045530051,1.5054006979398118,0.0096022066131933,0.0060265246793598,0.0079943579938995,-0.6265060240963856
1.537,1.55,1.537,1.55,1.536,0.014,0.91,488,75328.0,0.0490000000000001,0.0669999999999999,0.024,1.5334,1.5106,1.51565,1.533140791492044,1.5227879123483508,1.513371980530967,0.014,0.0238571428571428,0.014,0.0,0.0081714293906785,0.0049350272564998,1.6558022815205404,62.34659458807811,1.508333333333333,1.510653846153846,1.520387073083312,1.5087043499442705,0.0116827231390417,0.0065124205978682,0.0087320310229279,-0.4571746384872079
1.586,1.586,1.55,1.557,1.55,0.007,0.45,1819,282985.0,0.034,0.0989999999999999,0.0389999999999999,1.5402,1.5204999999999995,1.5176,1.541093860994696,1.5290082919213777,1.5175270300042083,0.036,0.0257142857142857,0.0069999999999998,0.0,0.0080877558627729,0.004582525309607,1.764912426302888,63.83248921423694,1.5121666666666669,1.5143846153846154,1.5260198310704949,1.512281805503954,0.0137380255665406,0.0074393421732987,0.0097332299316505,2.7274590163934427
1.552,1.569,1.552,1.564,1.557,0.007,0.45,844,131945.0,0.0370000000000001,0.0769999999999999,0.0410000000000001,1.5476,1.5282,1.51965,1.548729240663131,1.5353704206629453,1.5219530271466648,0.0169999999999999,0.0257857142857142,0.0070000000000001,0.0,0.0080100590154319,0.0042552020732065,1.88241565914542,65.306877346882,1.5189166666666667,1.5175769230769232,1.5318629339827263,1.5161127828740315,0.0157501511086948,0.0088341869282691,0.0109366141670593,-0.5360087960417812
1.55,1.572,1.495,1.56,1.564,-0.004,-0.26,3746,579848.0,0.0290000000000001,0.0809999999999999,0.0350000000000001,1.5534,1.5363,1.5214,1.5524861604420874,1.5398485259969552,1.525576548370792,0.0769999999999999,0.0280714285714285,0.0,0.004,0.0074379119429011,0.0042369733536917,1.7554776303750723,63.70865112543552,1.5274166666666666,1.5204615384615383,1.5361917133699992,1.5193636878463257,0.0168280255236736,0.0102340634838672,0.0121148964383822,3.4383886255924168
1.526,1.564,1.526,1.552,1.56,-0.008,-0.51,778,120814.0,0.016,0.038,0.036,1.5566,1.5401,1.5232,1.5523241069613918,1.5420578849065998,1.5280930675735738,0.038,0.0280714285714285,0.0,0.008,0.0069066325184081,0.0045057609712852,1.5328448540487432,60.5187029753716,1.5328333333333333,1.5225769230769228,1.5386237574669224,1.5217811924503013,0.016842565016621,0.0116662471463192,0.01306043015403,-0.792311799252536
1.552,1.554,1.515,1.516,1.552,-0.036,-2.32,620,95627.0,-0.034,0.0150000000000001,0.0010000000000001,1.5498,1.5416,1.52325,1.5402160713075943,1.5373200876508544,1.526941346852281,0.0390000000000001,0.0280714285714285,0.0,0.036,0.0064133016242361,0.0067553494733362,0.9493663724652344,48.70127985559912,1.5359166666666668,1.5226153846153847,1.5351431793950885,1.5213529559725012,0.013790223422587,0.012593334726978,0.0132063888077414,-0.2030848329048843
1.522,1.528,1.514,1.524,1.516,0.008,0.53,130,19805.0,-0.0329999999999999,0.0010000000000001,-0.0129999999999999,1.5432,1.5417,1.5226000000000002,1.534810714205063,1.534898253532517,1.5266612185806352,0.014,0.0267142857142857,0.008,0.0,0.006526637222505,0.0062728245109551,1.040462268808358,50.99149759902172,1.5367499999999998,1.5225384615384614,1.5334288441035362,1.5215490333078714,0.0118798107956648,0.0131495809162655,0.012941073205326,-0.7903225806451613
1.523,1.533,1.52,1.533,1.524,0.009,0.59,105,15986.0,-0.0310000000000001,0.006,-0.01,1.537,1.5423,1.5221,1.5342071428033754,1.5345531165266049,1.527264912049146,0.0129999999999999,0.0268571428571428,0.0089999999999998,0.0,0.006703305992326,0.0058247656173154,1.1508284509163718,53.5062873297057,1.5394166666666669,1.5231153846153846,1.5333628680876077,1.522397253062844,0.0109656150247634,0.0134532606900867,0.0125459815692135,-0.1923076923076923
1.516,1.527,1.506,1.525,1.533,-0.008,-0.52,258,39306.0,-0.0350000000000001,-0.006,-0.0110000000000001,1.53,1.5417,1.52155,1.5311380952022504,1.5328161862490404,1.5270492061397034,0.0269999999999999,0.0262857142857142,0.0,0.008,0.0062244984214456,0.0059801395017929,1.0408617423689648,51.00109041001312,1.539583333333333,1.5231923076923075,1.5320762729972064,1.522590049132263,0.0094862238649433,0.0134403737180589,0.0119340300283595,1.4571428571428573
1.529,1.547,1.529,1.547,1.525,0.022,1.44,59,9098.0,-0.0050000000000001,0.0109999999999998,0.036,1.529,1.5428000000000002,1.5233500000000002,1.5364253968015005,1.5353950614764875,1.528949281745446,0.022,0.0263571428571428,0.022,0.0,0.0073513199627709,0.0055529866802362,1.3238497381841658,56.96795779999999,1.5412499999999998,1.5240384615384617,1.5343722309976362,1.5243981936409845,0.0099740373566519,0.0132505197422378,0.011542031494018,-0.7713178294573644
1.547,1.555,1.545,1.553,1.547,0.006,0.39,482,74799.0,0.0369999999999999,0.0029999999999998,0.0699999999999998,1.5364,1.5431,1.52685,1.541950264534334,1.5385959593898533,1.5312398263411178,0.01,0.0255,0.006,0.0,0.0072547971082873,0.0051563447745051,1.4069650935984208,58.453905182937376,1.5430833333333334,1.5254615384615384,1.5372380416133846,1.5265168459638745,0.0107211956495103,0.0129153164181233,0.0113778643251164,7.169491525423728
1.553,1.573,1.553,1.573,1.553,0.02,1.29,6132,954400.0,0.0489999999999999,0.016,0.1149999999999999,1.5462,1.5447000000000002,1.5326,1.5523001763562227,1.544851239500789,1.5352169857372018,0.02,0.0257857142857142,0.02,0.0,0.0081651687434096,0.004788034433469,1.7053279079060022,63.03590418456787,1.546166666666667,1.5276923076923077,1.5427398813651716,1.5299600425591429,0.0127798388060287,0.0125852817178271,0.0116582592212989,11.721991701244812
1.573,1.576,1.57,1.573,1.573,0.0,0.0,92,14447.0,0.04,0.0089999999999998,0.0859999999999998,1.5542,1.5456,1.5369,1.5592001175708152,1.549969195955191,1.5388153680479446,0.006,0.0253571428571428,0.0,-0.0,0.0075819424045946,0.0044460319739355,1.7053279079060022,63.03590418456787,1.5480833333333337,1.529076923076923,1.5473952842320682,1.533148187554762,0.0142470966773062,0.0122985118460085,0.0121760267125004,-0.984996738421396
1.566,1.575,1.566,1.575,1.573,0.002,0.13,484,76014.0,0.05,0.0149999999999999,0.0959999999999998,1.5642,1.5471,1.5417,1.5644667450472105,1.5545202512360652,1.54226152347195,0.0089999999999998,0.0244285714285714,0.002,0.0,0.0071832322328379,0.0041284582615115,1.739930932523923,63.50272964439884,1.549583333333333,1.5303076923076924,1.5516421635809807,1.5362483218099647,0.0153938417710159,0.0121375425964968,0.0128195897242035,4.260869565217392
1.576,1.593,1.576,1.582,1.575,0.007,0.44,204,32477.0,0.0350000000000001,0.03,0.068,1.5712,1.5501,1.5451,1.5703111633648068,1.5595165691931443,1.5460461402841452,0.018,0.0247142857142857,0.0070000000000001,0.0,0.0071701442162066,0.0038335683856893,1.8703577176222412,65.16113675098364,1.5510833333333334,1.5320769230769231,1.5563125999531375,1.5396373350092267,0.0166752649439108,0.0124581027655328,0.0135907247681449,-0.578512396694215
1.582,1.591,1.575,1.587,1.582,0.005,0.32,232,36571.0,0.034,0.0709999999999999,0.086,1.5779999999999998,1.5572,1.5494,1.5758741089098711,1.5645135566125723,1.5499465078761312,0.016,0.0232857142857142,0.0049999999999998,0.0,0.007015133915049,0.0035597420724257,1.9706860138517133,66.3377416752494,1.5533333333333337,1.535,1.5610337384218855,1.5431456805640988,0.0178880578577866,0.0131256857724352,0.0144501913860733,0.1372549019607842
1.589,1.599,1.569,1.585,1.587,-0.002,-0.13,266,42011.0,0.012,0.0609999999999999,0.062,1.5804,1.5633,1.5525,1.578916072606581,1.5682383645011957,1.553284935697452,0.03,0.0242142857142857,0.0,0.002,0.0065140529211169,0.0034483319243953,1.8890446348952048,65.38648147136456,1.5560833333333337,1.5389230769230768,1.5647208555877492,1.5462460005223138,0.0184748550654354,0.0139600457769543,0.0152551241219457,0.146551724137931
1.586,1.605,1.586,1.605,1.585,0.02,1.26,539,86398.0,0.032,0.072,0.078,1.5868,1.5705,1.5564,1.587610715071054,1.5749222982282507,1.5582101799167425,0.02,0.0201428571428571,0.02,0.0,0.0074773348553228,0.0032020225012242,2.3351912275644384,70.01671173348997,1.5634999999999997,1.544576923076923,1.570917647035788,1.550598148631772,0.020319498404016,0.0151637429479624,0.0162679989783598,1.026315789473684
1.666,1.666,1.597,1.598,1.605,-0.007,-0.44,202,33191.0,0.0230000000000001,0.0730000000000001,0.0670000000000001,1.5914,1.5778,1.55975,1.5910738100473696,1.5791182440049325,1.5619996865913384,0.0689999999999999,0.0223571428571428,0.0,0.0069999999999998,0.0069432395085141,0.0034733066082796,1.9990286754307216,66.65587067598213,1.5696666666666668,1.548846153846154,1.5750841628764358,1.5541093968812705,0.0209747659951653,0.0163860461300195,0.0172093523817209,-0.6252319109461967
1.599,1.619,1.593,1.619,1.598,0.021,1.31,190,30409.0,0.0369999999999999,0.072,0.0829999999999999,1.5988,1.585,1.5638999999999998,1.6003825400315796,1.586369472367672,1.567428287868354,0.026,0.0214285714285714,0.0209999999999999,0.0,0.0079472938293345,0.0032252132791168,2.464114196972024,71.13259138875681,1.5768333333333333,1.5542307692307693,1.58184044551083,1.5589161082233989,0.0229243372874314,0.0177419507564552,0.018352349362863,-0.0594059405940594
1.62,1.649,1.62,1.649,1.619,0.03,1.85,142,23244.0,0.062,0.096,0.0989999999999999,1.6112000000000002,1.5946,1.56885,1.616588360021053,1.5977568410280951,1.575197022357082,0.03,0.0225714285714285,0.03,0.0,0.0095224871272392,0.002994840902037,3.179630383958647,76.07443940885338,1.5871666666666668,1.559423076923077,1.59217268466301,1.5655889890957395,0.0265836955672704,0.0192757126188153,0.0199986186037445,-0.2526315789473684
1.644,1.661,1.644,1.661,1.649,0.012,0.73,178,29489.0,0.076,0.088,0.104,1.6263999999999998,1.6034,1.5740500000000002,1.6313922400140357,1.609255597204805,1.5833687345135503,0.0170000000000001,0.0228571428571428,0.012,0.0,0.0096994523324364,0.0027809236947487,3.4878527414298075,77.7176289505122,1.596666666666667,1.565576923076923,1.6027615024071622,1.572656471384944,0.0301050310222181,0.0210377053238056,0.0220199010874392,0.2535211267605635
1.661,1.676,1.66,1.676,1.661,0.015,0.9,297,49345.0,0.0709999999999999,0.1029999999999999,0.1119999999999998,1.6405999999999998,1.6137,1.57965,1.646261493342691,1.6213909431675677,1.5921907597979743,0.016,0.0220714285714285,0.0149999999999999,0.0,0.0100780628801195,0.0025822862879809,3.902767453410213,79.60335648176763,1.6069166666666668,1.5714615384615382,1.6140289635752911,1.5803115475786518,0.0337174159966393,0.0230736580155415,0.0243594040692792,0.6685393258426966
1.676,1.685,1.675,1.675,1.676,-0.001,-0.06,386,64707.0,0.0769999999999999,0.1,0.1149999999999999,1.656,1.6237,1.5854,1.655840995561794,1.6311380444098282,1.600077354102929,0.01,0.0212142857142857,0.0,0.0009999999999998,0.0093582012458252,0.0024692658388394,3.789871911978349,79.12261500147356,1.6154166666666665,1.577153846153846,1.6234091230252463,1.58732550701727,0.0360836160079762,0.0252301414671043,0.0267042464570186,0.2996632996632997
1.671,1.683,1.671,1.679,1.675,0.004,0.24,194,32511.0,0.06,0.0969999999999999,0.127,1.668,1.6334,1.5917499999999998,1.6635606637078628,1.639840218153496,1.6075937965693168,0.012,0.0213571428571428,0.004,0.0,0.0089754725854091,0.0022928897074937,3.914480734103765,79.65197028730714,1.62425,1.5828461538461538,1.631961565636747,1.594116210201176,0.0378453554355708,0.027447618975747,0.0289324682527291,-0.4974093264248704
1.675,1.688,1.657,1.662,1.679,-0.017,-1.01,309,51658.0,0.0129999999999999,0.0749999999999999,0.1459999999999999,1.6706,1.6408999999999998,1.59905,1.6630404424719083,1.6438692693983146,1.6127753397531914,0.0309999999999999,0.0221428571428571,0.0,0.0170000000000001,0.008334367400737,0.0033433975855299,2.492783818714181,71.36954212161531,1.6315,1.5876923076923075,1.6365828632310937,1.5991446390751631,0.0374382241559303,0.029554659985802,0.0306336194333693,0.5927835051546391
1.652,1.674,1.652,1.671,1.662,0.009,0.54,37,6172.0,0.01,0.086,0.147,1.6726,1.6495000000000002,1.6064,1.6656936283146058,1.6488021295077118,1.6183205454909828,0.022,0.0232857142857142,0.0090000000000001,0.0,0.0083819125863987,0.0031045834722777,2.6998509337064203,72.97188405917142,1.6389166666666666,1.5923461538461536,1.641877807349387,1.604467258402929,0.037410548946458,0.0314536656016289,0.0319890053359871,-0.8802588996763754
1.681,1.681,1.64,1.64,1.671,-0.031,-1.86,215,35491.0,-0.036,0.0349999999999999,0.1069999999999999,1.6654,1.653,1.61175,1.6571290855430707,1.6472017423244911,1.6203852554442226,0.0410000000000001,0.0255714285714285,0.0,0.0310000000000001,0.0077832045445131,0.0050971132242579,1.5269828630589592,60.42711588516743,1.643333333333333,1.5955384615384614,1.6415889139110198,1.6070993133360454,0.0344896005749744,0.0329553138882743,0.0324891243837845,4.8108108108108105
1.635,1.639,1.603,1.627,1.64,-0.013,-0.79,56,9063.0,-0.048,0.0289999999999999,0.102,1.6558,1.6559,1.61685,1.647086057028714,1.6435286982654929,1.6210152311162014,0.0369999999999999,0.0269285714285714,0.0,0.0129999999999999,0.0072272613627621,0.0056616051368109,1.2765392831392528,56.07367694437313,1.6468333333333331,1.5979615384615384,1.6393444656170169,1.608573438274116,0.0307710273429007,0.033827168338882,0.0321455049756077,-0.7395348837209302
1.627,1.64,1.615,1.64,1.627,0.013,0.8,90,14586.0,-0.0390000000000001,0.0209999999999999,0.0929999999999999,1.6479999999999997,1.658,1.6215,1.6447240380191428,1.6428871167626755,1.62282330434323,0.0249999999999999,0.0275714285714285,0.0129999999999999,0.0,0.0076395998368505,0.0052572047698958,1.4531676377905045,59.23637730274844,1.64975,1.6010384615384616,1.6394453170605527,1.6109013317352927,0.02854398532526,0.034044978311992,0.0314252010455382,0.6071428571428572
1.635,1.657,1.635,1.649,1.64,0.009,0.55,376,61849.0,-0.0129999999999999,0.0,0.096,1.6454,1.658,1.6263,1.646149358679429,1.6439985500785528,1.625316322977208,0.022,0.027,0.0090000000000001,0.0,0.0077367712770755,0.0048816901434747,1.5848550501340437,61.31311115692375,1.654,1.604769230769231,1.640915268282006,1.6137234553104562,0.0271918129715498,0.0337212874174733,0.0305785234307405,3.177777777777778
1.644,1.644,1.623,1.623,1.649,-0.026,-1.58,665,108699.0,-0.048,-0.038,0.05,1.6358,1.6542,1.6288,1.638432905786286,1.640180631882452,1.6250957207889023,0.026,0.0274285714285714,0.0,0.026,0.0071841447572844,0.0063901408475122,1.124254524073797,52.92466186762562,1.6543333333333334,1.6088846153846152,1.6381590731616973,1.614410606768941,0.0237484663927562,0.0326136263503752,0.0292125120231437,0.7686170212765957
1.62,1.62,1.572,1.573,1.623,-0.05,-3.08,540,85455.0,-0.0669999999999999,-0.1029999999999999,0.0,1.6224,1.6439,1.6288,1.6166219371908574,1.627965971540188,1.6201342235709115,0.0509999999999999,0.0261428571428571,0.0,0.05,0.0066709915603355,0.0095051307869756,0.7018305912714441,41.23974471202235,1.648,1.610769230769231,1.62813460036759,1.611343154415686,0.016791445951904,0.0304700518997005,0.0267282988088957,-0.1879699248120301
1.578,1.588,1.578,1.584,1.573,0.011,0.7,471,74555.0,-0.0429999999999999,-0.0909999999999999,0.0090000000000001,1.6138,1.6347999999999998,1.62925,1.6057479581272385,1.619972158532881,1.6166928689451106,0.0150000000000001,0.0253571428571428,0.0110000000000001,0.0,0.006980206448883,0.0088261928736202,0.7908513386043782,44.16063586945713,1.6415833333333334,1.6127307692307693,1.621344661849499,1.6093177355700796,0.0120269262794197,0.027601337549017,0.0237880243030005,-0.1277777777777777
1.579,1.579,1.54,1.544,1.584,-0.04,-2.53,460,71071.0,-0.0959999999999998,-0.135,-0.038,1.5946,1.6213000000000002,1.6273500000000003,1.5851653054181591,1.6061590387996298,1.609769738569386,0.044,0.0263571428571428,0.0,0.04,0.0064816202739628,0.0110528933826474,0.5864184200074424,36.96492757596016,1.6305833333333333,1.6134615384615385,1.6094454831034224,1.6044793847871108,0.0049660983163115,0.0239933235668371,0.0200236391056627,-0.0233545647558386
1.549,1.561,1.548,1.56,1.544,0.016,1.04,660,102374.0,-0.0889999999999999,-0.1019999999999998,-0.0269999999999999,1.5768,1.6111,1.626,1.576776870278773,1.5977664862906062,1.6050297634675397,0.0169999999999999,0.0263571428571428,0.016,0.0,0.0071615045401083,0.0102634009981725,0.6977710937518115,41.099244551858,1.6210000000000002,1.6139615384615384,1.6018384857028958,1.6011846155436211,0.0006538701592746,0.019909248146039,0.0161496853163851,0.4347826086956521
1.561,1.578,1.55,1.556,1.56,-0.004,-0.26,438,68107.0,-0.0669999999999999,-0.1149999999999999,-0.0289999999999999,1.5634,1.5996,1.62455,1.5698512468525154,1.5901725796923143,1.600360262184917,0.028,0.0272142857142857,0.0,0.004,0.0066499685015291,0.0098160152125888,0.6774611038704087,40.3860991058035,1.61075,1.6140769230769232,1.5947864109793732,1.5978376069848343,-0.0030511960054611,0.0157380485259906,0.0123095090520158,-0.3363636363636363
1.555,1.565,1.534,1.558,1.556,0.002,0.13,923,143490.0,-0.0149999999999999,-0.0819999999999998,-0.0469999999999999,1.5604,1.5914,1.6222,1.5659008312350102,1.5843230197482572,1.596325951500639,0.0309999999999999,0.0287142857142857,0.002,0.0,0.006317827894277,0.0091148712688324,0.6931340781389133,40.93793203316797,1.6020833333333335,1.6135,1.589126963136393,1.5948866731341058,-0.0057597099977131,0.0116790777103668,0.00869566524207,1.1073059360730593
1.557,1.557,1.513,1.519,1.558,-0.039,-2.5,540,82575.0,-0.0650000000000001,-0.1080000000000001,-0.0790000000000001,1.5474,1.5806,1.6182500000000002,1.5502672208233403,1.5724461070667557,1.5889615751672448,0.0450000000000001,0.0310714285714285,0.0,0.0390000000000001,0.0058665544732572,0.0112495233210587,0.5214936051801662,34.27510989232282,1.5894166666666667,1.6114230769230768,1.5783381995769477,1.589265438087135,-0.0109272385101872,0.0072933861730949,0.0047710844916186,-0.4149512459371615
1.523,1.533,1.519,1.533,1.519,0.014,0.92,170,26024.0,-0.0110000000000001,-0.1069999999999999,-0.086,1.5452,1.5699,1.6139500000000002,1.5445114805488935,1.5652740876000728,1.5836319013417928,0.014,0.0298571428571428,0.014,0.0,0.0064475148680246,0.0104459859409831,0.6172241571500539,38.16565282067975,1.5805,1.6098076923076925,1.5713630919497248,1.5850976278584583,-0.0137345359087335,0.0027460140752856,0.0010699604115481,-0.6851851851851851
1.534,1.54,1.534,1.538,1.533,0.005,0.33,247,37864.0,-0.022,-0.1109999999999999,-0.1109999999999999,1.5408,1.5588000000000002,1.6084,1.5423409870325957,1.5603151625818776,1.5792860059759075,0.0070000000000001,0.0287857142857143,0.0050000000000001,0.0,0.00634412094888,0.0096998440880557,0.6540436002153962,39.5421015582796,1.5730833333333336,1.6081153846153846,1.5662303085728442,1.5816089146837575,-0.0153786061109135,-0.001601438425122,-0.0022197528929441,0.4529411764705882
1.536,1.544,1.536,1.539,1.538,0.001,0.07,487,74877.0,-0.0170000000000001,-0.084,-0.1220000000000001,1.5374,1.5504000000000002,1.6023,1.5412273246883972,1.5564396784760814,1.5754492435020118,0.008,0.0264285714285714,0.0009999999999998,0.0,0.00596239802396,0.009006998081766,0.6619739417986996,39.83058489366368,1.5646666666666669,1.6062692307692308,1.5620410303308685,1.5784526987812573,-0.0164116684503889,-0.0052906733587101,-0.0050581360044331,0.97165991902834
1.541,1.55,1.538,1.55,1.539,0.011,0.71,378,58336.0,-0.008,-0.0229999999999999,-0.1259999999999999,1.5358,1.5481,1.596,1.5441515497922649,1.5552688278440665,1.5730255060256295,0.012,0.0246428571428571,0.0110000000000001,0.0,0.0063222267365343,0.0083636410759256,0.7559179882470747,43.049732009506,1.5564166666666666,1.604923076923077,1.5601885641261193,1.5763450914641273,-0.0161565273380079,-0.008422168205091,-0.0072778142711481,-0.2238193018480493
1.552,1.562,1.552,1.562,1.55,0.012,0.77,155,24170.0,0.0430000000000001,-0.022,-0.1129999999999999,1.5444,1.5459,1.59035,1.5501010331948433,1.5564926773269634,1.5719754578327123,0.012,0.0237142857142857,0.012,0.0,0.0067277819696389,0.0077662381419309,0.86628581903957,46.41763925985244,1.5513333333333332,1.603269230769231,1.5604672465682548,1.575282492096414,-0.0148152455281593,-0.0106200952989211,-0.0087853005225503,-0.58994708994709
1.569,1.569,1.563,1.563,1.562,0.001,0.06,357,55807.0,0.03,0.0189999999999999,-0.1160000000000001,1.5504000000000002,1.5478,1.58455,1.5544006887965622,1.5576758269038788,1.5711206523248349,0.0069999999999998,0.0226428571428571,0.0009999999999998,0.0,0.0063186546860933,0.0072115068460787,0.8761906243671006,46.7005118236676,1.5504999999999998,1.6019230769230768,1.5608569009423694,1.5743726778670502,-0.0135157769246807,-0.0121945005304717,-0.0097313958029764,1.303225806451613
1.564,1.566,1.554,1.554,1.563,-0.009,-0.58,160,25004.0,0.016,-0.006,-0.1079999999999998,1.5536,1.5472,1.5791499999999998,1.554267125864375,1.557007494739537,1.5694901140081838,0.012,0.0216428571428571,0.0,0.0089999999999998,0.0058673222085152,0.0073392563570731,0.7994436933464931,44.42726917782782,1.548,1.599423076923077,1.559801993105082,1.5728635906176391,-0.0130615975125572,-0.0133067673645935,-0.0103974361448925,-0.5518207282913166
1.555,1.557,1.546,1.546,1.554,-0.008,-0.51,77,11953.0,0.0070000000000001,-0.01,-0.125,1.5550000000000002,1.5462,1.5729,1.5515114172429167,1.555006132059621,1.567252960293119,0.0109999999999998,0.0187857142857142,0.0,0.008,0.0054482277650498,0.0073864523315678,0.7375973634549144,42.44926810825314,1.5481666666666667,1.5954615384615385,1.557678609550454,1.5708736950163324,-0.0131950854658784,-0.0141329201943896,-0.0109569660090897,-0.51875
1.541,1.559,1.541,1.559,1.546,0.013,0.84,222,34443.0,0.0089999999999998,0.0009999999999998,-0.0809999999999999,1.5568,1.5463,1.56885,1.554007611495278,1.5557322898669623,1.5664669640747264,0.018,0.019,0.0129999999999999,0.0,0.0059876400675463,0.0068588485935987,0.8729803531651762,46.60915698821475,1.5480833333333333,1.5915384615384616,1.5578819003888456,1.5699941620521598,-0.0121122616633142,-0.014264589433626,-0.0111880251399346,1.883116883116883
1.56,1.568,1.56,1.561,1.559,0.002,0.13,85,13287.0,-0.0010000000000001,0.042,-0.066,1.5566,1.5505,1.56555,1.5563384076635187,1.5566900553456964,1.5659463008295145,0.0090000000000001,0.0165,0.002,0.0,0.0057028086341501,0.0063689308369131,0.895410670986995,47.24098501148191,1.5484999999999998,1.5871153846153847,1.558361608021331,1.569327927826074,-0.0109663198047429,-0.0139570098665159,-0.0111436840728963,-0.6171171171171171
1.56,1.56,1.543,1.547,1.561,-0.014,-0.9,9,1396.0,-0.016,0.014,-0.0929999999999999,1.5534,1.5518999999999998,1.5609,1.5532256051090123,1.5549282271010243,1.5641418912267036,0.018,0.0165714285714285,0.0,0.014,0.0052954651602822,0.006914007205705,0.7659039111085624,43.37177726888657,1.547583333333333,1.5821923076923077,1.5566136683257414,1.5676740072463646,-0.0110603389206231,-0.0134772024009281,-0.0111270150424416,-0.8941176470588236
1.545,1.545,1.523,1.523,1.547,-0.024,-1.55,92,14079.0,-0.0310000000000001,-0.0150000000000001,-0.1260000000000001,1.5472,1.5504,1.5546000000000002,1.5431504034060084,1.549123094900838,1.5602236158717795,0.024,0.0162857142857143,0.0,0.024,0.0049172176488335,0.0081344352624403,0.604494041711549,37.67505680898147,1.5479166666666666,1.5761923076923077,1.5514423347371658,1.5643648215244117,-0.0129224867872459,-0.0130895155494677,-0.0114861093914025,9.22222222222222
1.522,1.541,1.522,1.541,1.523,0.018,1.18,258,39557.0,-0.0050000000000001,0.002,-0.082,1.5462,1.5505999999999998,1.5505,1.5424336022706724,1.547646168555231,1.5583927953125625,0.0189999999999999,0.0154285714285714,0.018,0.0,0.0058517021024882,0.007553404172266,0.7747105767190438,43.65278411487649,1.5485833333333332,1.5715384615384616,1.549835821700679,1.5626340940040848,-0.0127982723034059,-0.0127163761011786,-0.0117485419738032,1.8043478260869563
1.543,1.556,1.543,1.548,1.541,0.007,0.45,158,24477.0,-0.0109999999999998,-0.002,-0.0249999999999999,1.544,1.5504,1.54925,1.5442890681804484,1.5477105015451889,1.5574030052827947,0.0150000000000001,0.0132857142857142,0.0070000000000001,0.0,0.0059337233808819,0.0070138753028185,0.8459978435170554,45.82875578582652,1.5494166666666669,1.5668076923076923,1.5495533875928822,1.5615500870408192,-0.011996699447937,-0.0124032043144872,-0.0117981734686299,-0.3875968992248062
1.551,1.551,1.519,1.533,1.548,-0.015,-0.97,93,14209.0,-0.028,-0.0290000000000001,-0.0510000000000001,1.5383999999999998,1.5475,1.5467,1.5405260454536325,1.5450358649006088,1.555078909541576,0.032,0.0145714285714285,0.0,0.0150000000000001,0.0055098859965332,0.0075843127811886,0.7264845419085897,42.07883269580146,1.5489166666666667,1.5626923076923078,1.547006712578593,1.5594352657785364,-0.0124285531999437,-0.0122824016784054,-0.0119242494148927,-0.4113924050632911
1.533,1.537,1.533,1.537,1.533,0.004,0.26,104,15981.0,-0.01,-0.026,-0.0070000000000001,1.5364,1.5449,1.54635,1.5393506969690882,1.5435747985550434,1.5533571086328544,0.004,0.0143571428571428,0.004,0.0,0.0054020369967809,0.0070425761539608,0.7670541118313224,43.408637386682535,1.5478333333333334,1.5592307692307692,1.5454672183357323,1.5577733942393857,-0.0123061759036533,-0.0121984659440827,-0.0120006347126448,0.118279569892473
1.55,1.55,1.547,1.55,1.537,0.013,0.85,83,12863.0,0.0270000000000001,-0.004,-0.01,1.5417999999999998,1.5445,1.5458500000000002,1.542900464646059,1.5447430169995808,1.553037384001154,0.0130000000000001,0.0147142857142857,0.0130000000000001,0.0,0.0059447486398679,0.0065395350001065,0.9090476065608885,47.61785947279333,1.546833333333333,1.5557692307692306,1.5461645693610042,1.5571975872586905,-0.0110330178976862,-0.0119582362142836,-0.0118071113496531,-0.2019230769230768
1.547,1.552,1.536,1.536,1.55,-0.014,-0.9,329,50974.0,-0.0049999999999998,-0.01,-0.02,1.5408,1.5435,1.5448499999999998,1.5406003097640395,1.5431533775451116,1.5514147760010442,0.016,0.015,0.0,0.014,0.0055201237370202,0.0070724253572417,0.7805135378866852,43.83642815842259,1.5445833333333334,1.5514230769230768,1.5446007894593112,1.5556273956098987,-0.0110266061505874,-0.0118376078239806,-0.01165101030984,2.963855421686747
1.538,1.542,1.538,1.541,1.536,0.005,0.33,70,10787.0,-0.0070000000000001,-0.018,-0.0170000000000001,1.5394,1.5417,1.544,1.5407335398426931,1.5427618543550912,1.550422892572373,0.006,0.0145714285714285,0.0049999999999998,0.0,0.0054829720415188,0.0065672521174387,0.8348959265564436,45.50099624033152,1.5435,1.548269230769231,1.5440468218501864,1.5545438848239803,-0.0104970629737939,-0.0117854681760974,-0.0114202208426307,-0.7872340425531915
1.554,1.554,1.554,1.554,1.541,0.013,0.84,2,311.0,0.0210000000000001,-0.0069999999999998,0.0350000000000001,1.5436,1.541,1.54575,1.5451556932284622,1.544805153563256,1.5507635694702422,0.0130000000000001,0.015,0.0130000000000001,0.0,0.0060199026099817,0.0060981626804788,0.9871666148317718,49.67709337826927,1.5441666666666665,1.5475384615384615,1.5455780800270809,1.5545035970592411,-0.0089255170321602,-0.0115482657440459,-0.0109212800805366,-0.9714285714285714
1.54,1.54,1.538,1.54,1.554,-0.014,-0.9,12,1847.0,0.0030000000000001,-0.0069999999999998,0.0070000000000001,1.5442,1.5402999999999998,1.5461,1.543437128818975,1.5439314892790277,1.5497384676159334,0.016,0.0152857142857143,0.0,0.014,0.0055899095664116,0.0066625796318732,0.8390007887740616,45.62264431291338,1.5425833333333336,1.545846153846154,1.5447199138690686,1.5534292565363343,-0.0087093426672657,-0.0110801386196037,-0.0104788925978825,5.0
1.558,1.562,1.558,1.562,1.54,0.022,1.43,49,7645.0,0.012,0.0390000000000001,0.024,1.5466,1.5442,1.5473,1.5496247525459834,1.5472166730464771,1.550906232604892,0.022,0.0160714285714286,0.022,0.0,0.0067620588830965,0.0061866810867394,1.0930026597928832,52.22175206891726,1.5426666666666666,1.5465384615384616,1.547378388658443,1.5540641264225317,-0.0066857377640889,-0.0104009681152352,-0.0097202616311238,3.083333333333333
1.564,1.573,1.564,1.573,1.562,0.011,0.7,51,8002.0,0.0369999999999999,0.032,0.034,1.5539999999999998,1.5474,1.549,1.5574165016973225,1.5519045506743905,1.5530104009282355,0.0109999999999998,0.0155714285714286,0.0109999999999998,0.0,0.0070647689628753,0.0057447752948294,1.229772898033786,55.152383416185565,1.5448333333333333,1.5470384615384616,1.5513201750186822,1.5554667837245664,-0.0041466087058841,-0.0095287358105626,-0.0086055310460758,0.0408163265306122
1.558,1.561,1.558,1.558,1.573,-0.015,-0.95,21,3274.0,0.0170000000000001,0.01,0.008,1.5574,1.5484,1.5494,1.5576110011315485,1.5530128141881374,1.5534856008398323,0.0149999999999999,0.016,0.0,0.0149999999999999,0.0065601426083842,0.0064058627737702,1.024084161659807,50.59493972918738,1.54775,1.547115384615385,1.5523478404004234,1.5556544293745984,-0.003306588974175,-0.0085151842299216,-0.0075457426316956,-0.5882352941176471
1.556,1.56,1.556,1.557,1.558,-0.001,-0.06,202,31457.0,0.0029999999999998,0.024,-0.0050000000000001,1.558,1.5508,1.54915,1.5574073340876988,1.5537377570630213,1.5538203055217532,0.004,0.015,0.0,0.0010000000000001,0.0060915609934996,0.0060197297185009,1.0119326412244,50.2965467376964,1.5490833333333336,1.5470769230769232,1.5530635572618967,1.5557541012727762,-0.0026905440108795,-0.0074467806862801,-0.0065747029075324,8.619047619047619
1.549,1.555,1.549,1.554,1.557,-0.003,-0.19,6428,995701.0,0.014,0.0170000000000001,-0.0089999999999998,1.5608,1.5525,1.5486999999999995,1.556271556058466,1.5537854375970173,1.5538374192815865,0.008,0.0138571428571428,0.0,0.0029999999999998,0.0056564494939639,0.0058040347386079,0.9745719570452768,49.356112526970826,1.549583333333333,1.548423076923077,1.5532076253754512,1.5556241678451632,-0.002416542469712,-0.0064893945276163,-0.0057430708199683,30.821782178217823
1.554,1.562,1.554,1.554,1.554,0.0,0.0,57,8882.0,-0.008,0.004,0.0,1.5592,1.5529,1.5487,1.5555143707056442,1.553824448943014,1.5538529031595305,0.008,0.0130714285714285,0.0,-0.0,0.0052524173872522,0.0053894608287074,0.9745719570452768,49.356112526970826,1.5513333333333332,1.5492307692307692,1.5533295291638434,1.5555038591158918,-0.0021743299520484,-0.0055058082833342,-0.0050293226463843,-0.9911325451151214
1.554,1.571,1.552,1.571,1.554,0.017,1.09,613,95205.0,-0.002,0.0349999999999999,0.0249999999999999,1.5588000000000002,1.5564,1.5499500000000002,1.560676247137096,1.5569472764079204,1.5554859600014797,0.0189999999999999,0.0133571428571428,0.0169999999999999,0.0,0.0060915304310199,0.0050044993409426,1.2172107569650696,54.89828845279437,1.5541666666666665,1.5504999999999998,1.5560480631386366,1.5566517214036035,-0.0006036582649671,-0.0044065410934645,-0.0041441897701009,9.75438596491228
1.58,1.589,1.58,1.589,1.571,0.018,1.15,83,13137.0,0.0309999999999999,0.048,0.03,1.565,1.5612,1.55145,1.5701174980913977,1.562775044333753,1.5586777733346722,0.018,0.0123571428571428,0.018,0.0,0.0069421354002328,0.0046470351023038,1.4938848636609434,59.90191790442035,1.557416666666667,1.552423076923077,1.5611175918865388,1.559047890188522,0.0020697016980169,-0.0031848501234449,-0.0029014114764773,-0.8646003262642741
1.59,1.598,1.59,1.592,1.589,0.003,0.19,115,18311.0,0.0350000000000001,0.038,0.0310000000000001,1.572,1.565,1.553,1.5774116653942651,1.5680886726367067,1.56185131873137,0.0090000000000001,0.0127142857142857,0.0030000000000001,0.0,0.0066605543002161,0.0043151040235678,1.5435443187089224,60.68478175730824,1.5620833333333335,1.5540384615384617,1.565868731596302,1.5614887872115943,0.0043799443847076,-0.0017304848954478,-0.0014451403042403,0.3855421686746987
1.593,1.594,1.587,1.588,1.592,-0.004,-0.25,525,83547.0,0.034,0.048,0.0410000000000001,1.5788,1.5698,1.55505,1.5809411102628437,1.5717089139754872,1.5643416693283825,0.0070000000000001,0.0122857142857142,0.0,0.004,0.0061848004216293,0.004292596593313,1.4408063481352908,59.02993284313717,1.566,1.5550384615384614,1.569273542119948,1.563452580751476,0.0058209613684718,-0.0003408516584966,8.080030302087815e-06,3.565217391304348
1.589,1.589,1.589,1.589,1.588,0.001,0.06,1,159.0,0.0349999999999999,0.0269999999999999,0.066,1.5858,1.5725,1.55835,1.5836274068418956,1.5748527477981256,1.5666900817732985,0.0009999999999998,0.0112142857142857,0.0009999999999998,0.0,0.00581445753437,0.0039859825509335,1.458726288956867,59.328535083738124,1.5689166666666667,1.5560384615384617,1.5723083817938022,1.565344982177293,0.0069633996165094,0.0008935937106582,0.0013991439475435,-0.998095238095238
1.584,1.587,1.581,1.584,1.589,-0.005,-0.31,56,8860.0,0.0130000000000001,0.0110000000000001,0.0430000000000001,1.5884,1.5736,1.5605,1.5837516045612638,1.5765158845621026,1.5683386454139367,0.008,0.0113571428571428,0.0,0.0049999999999998,0.0053991391390579,0.0040584123687239,1.330357452255523,57.08812830271542,1.5725833333333332,1.5571923076923075,1.5741070922870632,1.566726835349345,0.0073802569377181,0.0020810210342018,0.0025953665455784,55.0
1.58,1.593,1.58,1.588,1.584,0.004,0.25,175,27696.0,-0.0009999999999998,0.03,0.04,1.5882,1.5766000000000002,1.5625,1.585167736374176,1.578603905550811,1.5702111553745142,0.0129999999999999,0.0113571428571428,0.004,0.0,0.0052992006291252,0.0037685257709579,1.4061733821653393,58.440235129685874,1.57475,1.558807692307692,1.576244462704438,1.5683026253234675,0.0079418373809705,0.0032623967444074,0.0036646607126568,2.125
1.601,1.601,1.597,1.597,1.588,0.009,0.57,217,34717.0,0.0049999999999998,0.04,0.064,1.5892,1.5806,1.5657,1.5891118242494509,1.581948649996118,1.5727624739102748,0.0129999999999999,0.0111428571428571,0.0089999999999998,0.0,0.0055635434413305,0.0034993453587466,1.5898812123314303,61.38819049929349,1.57675,1.5602692307692307,1.5794376222883706,1.5704283567809885,0.0090092655073821,0.0045319309640845,0.0047335816716019,0.24
1.594,1.6,1.591,1.6,1.597,0.003,0.19,89,14213.0,0.012,0.046,0.0630000000000001,1.5916,1.5852,1.56885,1.5927412161663006,1.5852307136331871,1.575356524014058,0.0090000000000001,0.0102142857142857,0.0030000000000001,0.0,0.0053804331955212,0.0032493921188362,1.6558276129038765,62.34695372767052,1.5802500000000002,1.5617692307692308,1.5826010650132367,1.5726188488712856,0.0099822161419511,0.0058826583078623,0.0057833085656717,-0.5898617511520737
1.6,1.602,1.592,1.592,1.6,-0.008,-0.5,172,27533.0,0.0030000000000001,0.038,0.042,1.5922,1.589,1.57095,1.592494144110867,1.5864614929726075,1.5769416169651,0.01,0.0101428571428571,0.0,0.008,0.0049961165386982,0.003588721253205,1.392171803323064,58.19698239855269,1.5831666666666664,1.5635,1.5840470550112005,1.5740544896956348,0.0099925653155656,0.007060016483477,0.0066251599156505,0.9325842696629214
1.598,1.611,1.598,1.611,1.592,0.019,1.19,196,31342.0,0.0269999999999999,0.04,0.0749999999999999,1.5976,1.593,1.5747000000000002,1.598662762740578,1.5909230397048608,1.5801852724922334,0.0189999999999999,0.0104285714285714,0.0189999999999999,0.0,0.0059963939287912,0.0033323840208332,1.7994306452387376,64.27845063063818,1.5879166666666666,1.5668846153846152,1.5881936619325543,1.5767911941626247,0.0114024677699295,0.0080969904914673,0.0075806214865063,0.1395348837209302
1.608,1.608,1.596,1.596,1.611,-0.015,-0.93,102,16281.0,0.008,0.0070000000000001,0.0550000000000001,1.5992000000000002,1.5937,1.5774500000000002,1.5977751751603857,1.5918461233948862,1.5816914370167825,0.0149999999999999,0.0112142857142857,0.0,0.0149999999999999,0.0055680800767347,0.0041657851622023,1.3366219955978442,57.20317612844599,1.5914166666666667,1.5690000000000002,1.5893946370198535,1.5782140686690969,0.0111805683507566,0.0088526153765839,0.0083006108593564,-0.4795918367346938
1.597,1.597,1.582,1.582,1.596,-0.014,-0.88,106,16784.0,-0.0149999999999999,-0.01,0.028,1.5962,1.5927,1.57885,1.592516783440257,1.5900559191412704,1.581720823967565,0.0149999999999999,0.0117142857142856,0.0,0.014,0.0051703600712536,0.0048682290791878,1.062061786154942,51.50484788020505,1.5923333333333334,1.5703076923076924,1.5882570005552608,1.5784945080269417,0.009762492528319,0.0092905632832336,0.0085929871931489,0.0392156862745098
1.594,1.607,1.594,1.607,1.582,0.025,1.58,559,89660.0,0.0069999999999998,0.0189999999999999,0.0669999999999999,1.5976,1.5946,1.5822,1.5973445222935043,1.5931366611155848,1.5841283645420827,0.0249999999999999,0.0129285714285714,0.0249999999999999,0.0,0.0065867629233069,0.0045204984306744,1.457087757980765,59.301412953121385,1.5938333333333334,1.573153846153846,1.5911405389313744,1.580606025950872,0.0105345129805025,0.0096873536570106,0.0089812923506196,4.273584905660377
1.611,1.612,1.61,1.612,1.607,0.005,0.31,80,12885.0,0.02,0.0230000000000001,0.05,1.6016,1.5969,1.5847,1.6022296815290034,1.5965663590945691,1.5867828060142657,0.0050000000000001,0.0119285714285714,0.0050000000000001,0.0,0.0064734227144993,0.0041976056856262,1.5421702749894062,60.66353187124072,1.5955,1.5760384615384615,1.594349686788086,1.5829315055100666,0.0114181812780194,0.010136011917044,0.0094686701360996,-0.8568872987477638
1.609,1.613,1.609,1.61,1.612,-0.002,-0.12,413,66512.0,-0.0009999999999998,0.026,0.0370000000000001,1.6014,1.5995,1.58655,1.6048197876860024,1.599008839259193,1.58899396734624,0.004,0.0109285714285714,0.0,0.002,0.0060110353777494,0.0040406338509386,1.4876466414676457,59.801364738441045,1.5973333333333333,1.578346153846154,1.5967574272822265,1.5849365791759875,0.0118208481062389,0.0105670131087405,0.0099391057301274,4.1625
1.615,1.624,1.612,1.619,1.61,0.009,0.56,74,11955.0,0.0229999999999999,0.0309999999999999,0.0609999999999999,1.606,1.6026,1.5896,1.6095465251240015,1.6026435957575216,1.5918516847418362,0.014,0.0112857142857142,0.0089999999999998,0.0,0.0062245328507672,0.0037520171473002,1.658983050023163,62.39163690828008,1.5998333333333334,1.5815384615384618,1.6001793615464992,1.5874597955333218,0.0127195660131773,0.0109792687204956,0.0104951977867374,-0.8208232445520581
1.611,1.612,1.61,1.61,1.619,-0.009,-0.56,354,57003.0,0.028,0.0130000000000001,0.0530000000000001,1.6116,1.6039,1.5922500000000002,1.609697683416001,1.6039811238016084,1.5935800957188042,0.0089999999999998,0.0114285714285713,0.0,0.0089999999999998,0.0057799233614267,0.0041268730653501,1.4005575819512943,58.34301132709554,1.602,1.5841923076923077,1.601690229000884,1.5891294403086311,0.0125607886922525,0.0112657767816402,0.0109083159678404,3.783783783783784
1.616,1.616,1.61,1.61,1.61,0.0,0.0,326,52532.0,0.0030000000000001,0.01,0.056,1.6122,1.6049,1.59505,1.6097984556106677,1.6050754649285883,1.5951438961265372,0.006,0.0117857142857142,0.0,-0.0,0.0053670716927534,0.0038320964178251,1.4005575819512943,58.34301132709554,1.6038333333333332,1.586346153846154,1.60296865530844,1.590675407693177,0.012293247615263,0.0115214081482732,0.0111853022973249,-0.0790960451977401
1.595,1.595,1.583,1.583,1.61,-0.027,-1.68,87,13788.0,-0.0290000000000001,-0.0090000000000001,0.0289999999999999,1.6064,1.604,1.5965,1.6008656370737784,1.6010617440324817,1.5939873345906763,0.0270000000000001,0.0131428571428571,0.0,0.0270000000000001,0.0049837094289853,0.0054869466736948,0.9082846481592272,47.59691637384278,1.602666666666667,1.588,1.599896554491757,1.590106858975164,0.009789695516593,0.0113422112312358,0.0109061809411786,-0.7331288343558282
1.59,1.593,1.59,1.59,1.583,0.007,0.44,19,3024.0,-0.02,-0.0209999999999999,0.0190000000000001,1.6024,1.6019,1.59745,1.5972437580491858,1.5990505178447574,1.5936075884391834,0.01,0.0129285714285714,0.0070000000000001,0.0,0.0051277301840578,0.005095021911288,1.0064196530141143,50.15997782429191,1.6018333333333334,1.5890769230769233,1.598374007646871,1.5900989434955222,0.0082750641513491,0.0110193774313016,0.0103799575832127,-0.7816091954022988
1.6,1.605,1.6,1.605,1.59,0.015,0.94,201,32161.0,-0.014,0.0089999999999998,0.016,1.5996,1.6028000000000002,1.59825,1.5998291720327906,1.600132241872983,1.594692580016404,0.0149999999999999,0.0130714285714285,0.0149999999999999,0.0,0.0058328923137679,0.0047310917747674,1.2328850488330798,55.21489113276984,1.602916666666667,1.5903076923076922,1.5993933910858142,1.5912027254588168,0.0081906656269974,0.0108447299978215,0.0099420991919696,9.578947368421051
1.609,1.613,1.608,1.613,1.605,0.008,0.5,34,5476.0,0.0029999999999998,0.0309999999999999,0.0209999999999999,1.6001999999999998,1.6059,1.5993,1.6042194480218606,1.6024718342597135,1.5964361438243655,0.008,0.0129999999999999,0.008,0.0,0.0059876857199273,0.0043931566479983,1.3629574813034608,57.68015260907795,1.6030833333333334,1.592423076923077,1.6014867155341506,1.5928173383877935,0.008669377146357,0.0106374926829164,0.0096875547828471,-0.8308457711442786
1.596,1.596,1.596,1.596,1.613,-0.017,-1.05,112,17875.0,-0.014,-0.0109999999999998,0.008,1.5974,1.6048000000000002,1.5997,1.601479632014574,1.6012951371215838,1.596394606317283,0.0169999999999999,0.0134999999999999,0.0,0.0169999999999999,0.0055599938827897,0.0052936454588556,1.0503147454819717,51.22700052742741,1.6030833333333334,1.593923076923077,1.6006426054519736,1.5930530910998089,0.0075895143521647,0.0102120852467103,0.0092679466967106,2.294117647058824
1.607,1.607,1.607,1.607,1.596,0.011,0.69,7,1125.0,0.024,-0.0050000000000001,0.018,1.6021999999999998,1.6042999999999998,1.6006,1.6033197546763829,1.6023323849176592,1.597404643810875,0.0109999999999998,0.0129285714285714,0.0109999999999998,0.0,0.0059485657483047,0.0049155279260802,1.2101580619130574,54.75436724491889,1.6051666666666666,1.5959615384615389,1.60162066615167,1.594086195462786,0.0075344706888837,0.0097358210892264,0.0089212514951452,-0.9375
1.599,1.599,1.595,1.598,1.607,-0.009,-0.56,22,3456.0,0.008,-0.012,0.014,1.6038,1.6031,1.6012999999999995,1.6015465031175886,1.601544678568994,1.5974613444003156,0.012,0.0127142857142856,0.0,0.0089999999999998,0.0055236681948544,0.0052072759313601,1.0607596500866754,51.474205157406885,1.6044166666666666,1.5976538461538463,1.6010636405898744,1.594376106909987,0.0066875336798872,0.0090655952744164,0.0084745079320936,2.142857142857143
1.597,1.597,1.597,1.597,1.598,-0.001,-0.06,2,319.0,-0.008,-0.022,0.0089999999999998,1.6021999999999998,1.6009,1.6017500000000002,1.6000310020783926,1.6007183733746313,1.5974174068383808,0.0010000000000001,0.0117142857142857,0.0,0.0010000000000001,0.0051291204666505,0.0049067562219773,1.0453179727326216,51.1078466364835,1.6031666666666666,1.5986538461538464,1.600438465114509,1.5945704693610991,0.0058679957534097,0.008321951614545,0.0079532054963569,-0.9090909090909092
1.606,1.611,1.606,1.607,1.597,0.01,0.63,19,3055.0,-0.006,-0.0030000000000001,0.01,1.6010000000000002,1.6006,1.6022500000000002,1.6023540013855953,1.6018604873065163,1.5983300347585352,0.014,0.0109285714285714,0.01,0.0,0.0054770404333183,0.0045562736346932,1.2020876866600003,54.58854767419627,1.6029166666666663,1.599346153846154,1.601447932019969,1.595491175334351,0.005956756685618,0.0076178970668066,0.0075539157342091,8.5
1.615,1.621,1.615,1.62,1.607,0.013,0.81,413,66913.0,0.024,0.01,0.02,1.6058,1.6016,1.6032499999999998,1.6082360009237304,1.6051585805235131,1.6003938409720082,0.014,0.0115714285714285,0.0130000000000001,0.0,0.0060143946880813,0.0042308255179294,1.421565286158332,58.70439646141279,1.603,1.6004230769230767,1.6043020963245893,1.597306643828103,0.0069954524964863,0.0073074256201281,0.0074422230866645,20.73684210526316
1.613,1.614,1.613,1.614,1.62,-0.006,-0.37,324,52262.0,0.0070000000000001,0.0310000000000001,0.022,1.6072,1.6047,1.6043500000000002,1.6101573339491535,1.6067661113374196,1.6016896656413409,0.0070000000000001,0.0117857142857142,0.0,0.006,0.005584795067504,0.0043571951237916,1.2817408697190082,56.17381389486407,1.6033333333333335,1.6014230769230768,1.6057940815054217,1.598543188729725,0.0072508927756966,0.0071936288006112,0.0074039570244709,-0.2154963680387409
1.587,1.587,1.587,1.587,1.614,-0.027,-1.67,3,417.0,-0.0110000000000001,-0.0030000000000001,-0.024,1.605,1.6044,1.60315,1.6024382226327691,1.6031722729124342,1.600290649865975,0.0270000000000001,0.0127142857142857,0.0,0.0270000000000001,0.0051858811341109,0.005974538329235,0.8679969645076968,46.46672243048607,1.601416666666667,1.6013461538461538,1.6029026843507417,1.5976881377127083,0.0052145466380331,0.0068629489129485,0.0069660749471834,-0.9907407407407408
1.58,1.591,1.58,1.591,1.587,0.004,0.25,46,7292.0,-0.006,-0.014,-0.0050000000000001,1.6038,1.6030000000000002,1.6029,1.5986254817551795,1.6009591323829009,1.5994058260692157,0.0109999999999998,0.0128571428571428,0.004,0.0,0.0051011753388172,0.0055477855914325,0.9194975643426134,47.90303365961923,1.602083333333333,1.6016153846153849,1.6010715021429351,1.5971927201043596,0.0038787820385755,0.0063306605676394,0.0063486163654618,14.333333333333334
1.593,1.593,1.585,1.585,1.591,-0.006,-0.38,88,13993.0,-0.022,-0.028,0.0029999999999998,1.5994000000000002,1.6001999999999998,1.60305,1.5940836545034531,1.598057471949646,1.5980338426340523,0.008,0.013,0.0,0.006,0.0047368056717589,0.0055800866206159,0.8488767278734543,45.91310578341356,1.6016666666666666,1.6015,1.5985989633517144,1.5962895556521848,0.0023094076995295,0.00574398205068,0.0055407746322753,0.9130434782608696
1.579,1.582,1.579,1.58,1.585,-0.005,-0.32,9,1422.0,-0.04,-0.016,-0.0269999999999999,1.5914,1.5985999999999998,1.6017,1.5893891030023022,1.5947742952315285,1.5963163338117616,0.006,0.0115,0.0,0.0049999999999998,0.0043984624094904,0.0055386518620005,0.7941395341468034,44.26297503802866,1.5995833333333334,1.6008461538461538,1.5957375843745276,1.5950829219001712,0.0006546624743564,0.0049795589157325,0.0045635522006915,-0.8977272727272727
1.584,1.584,1.57,1.57,1.58,-0.01,-0.63,78,12298.0,-0.044,-0.0369999999999999,-0.042,1.5826,1.5949,1.5996,1.5829260686682014,1.590269877916705,1.5938100163058797,0.014,0.0117857142857142,0.0,0.01,0.0040842865230982,0.0058573195861433,0.6972961715731615,41.08276347120156,1.596,1.5996923076923075,1.5917779560092156,1.593224927685344,-0.0014469716761282,0.0040757249872863,0.0033614474253276,7.666666666666666
1.574,1.575,1.571,1.575,1.57,0.005,0.32,15,2358.0,-0.012,-0.0230000000000001,-0.0350000000000001,1.5802,1.5926,1.59785,1.580284045778801,1.587493536477304,1.5920185861815102,0.0049999999999998,0.0110714285714285,0.0049999999999998,0.0,0.0041496946285912,0.0054389396157045,0.7629602315512547,43.27722304206005,1.59425,1.5990384615384616,1.5891967320077978,1.591874933041985,-0.0026782010341872,0.0031261475664422,0.0021535177334246,-0.8076923076923077
1.57,1.572,1.565,1.565,1.575,-0.01,-0.63,398,62339.0,-0.026,-0.032,-0.054,1.575,1.5894,1.59515,1.5751893638525345,1.5834038025723394,1.589445387497557,0.01,0.0112142857142857,0.0,0.01,0.0038532878694061,0.0057647296431542,0.6684247324559325,40.0632236775828,1.59075,1.5972692307692309,1.585474157852752,1.5898841972610973,-0.0044100394083452,0.0019742813337796,0.0008408063050706,25.53333333333333
1.565,1.565,1.56,1.56,1.565,-0.005,-0.32,30,4685.0,-0.0249999999999999,-0.0469999999999999,-0.05,1.5699999999999998,1.5847000000000002,1.59265,1.5701262425683564,1.579148565741005,1.586641064878742,0.0049999999999998,0.0103571428571428,0.0,0.0049999999999998,0.0035780530215914,0.0057101060972146,0.6266176075671839,38.522736053765655,1.5875833333333336,1.5958846153846156,1.5815550566446364,1.5876705530195343,-0.0061154963748981,0.0005175092369591,-0.0005504542309231,-0.9246231155778896
1.576,1.576,1.576,1.576,1.56,0.016,1.03,11,1734.0,-0.004,-0.044,-0.034,1.5692,1.5802999999999998,1.59095,1.5720841617122376,1.5785760992426403,1.5856276301283856,0.016,0.0107142857142857,0.016,0.0,0.0044653349486206,0.005302241375985,0.8421598776783467,45.71589512305041,1.5858333333333334,1.5956538461538463,1.5807004325454617,1.58680606761068,-0.0061056350652184,-0.0009665494120314,-0.0016614903977821,-0.6333333333333333
1.576,1.577,1.572,1.577,1.576,0.001,0.06,21,3310.0,0.0069999999999998,-0.0370000000000001,-0.006,1.5706,1.5766,1.59065,1.5737227744748252,1.5782895357439783,1.5848059510685393,0.0049999999999998,0.0102142857142857,0.0009999999999998,0.0,0.0042178110237191,0.0049235098491289,0.8566675304742888,46.14006096478952,1.5833333333333333,1.5945,1.5801311352307752,1.5860796922321112,-0.005948557001336,-0.0022068942608502,-0.0025189037184929,0.9090909090909092
1.572,1.572,1.548,1.551,1.577,-0.026,-1.65,55,8479.0,-0.024,-0.036,-0.0390000000000001,1.5658,1.573,1.5887,1.5661485163165505,1.5733278019723458,1.5815863366810594,0.0289999999999999,0.0122142857142857,0.0,0.026,0.0039165388077391,0.006428973431334,0.6092012744446048,37.857369623005226,1.5775833333333331,1.5921538461538465,1.5756494221183484,1.583481196511214,-0.0078317743928657,-0.003508067197677,-0.0035814778533675,1.619047619047619
1.545,1.545,1.533,1.533,1.551,-0.018,-1.16,21,3225.0,-0.032,-0.058,-0.072,1.5594,1.5672,1.5851000000000002,1.5550990108777003,1.56599547434101,1.5769590665209583,0.018,0.0124999999999999,0.0,0.018,0.0036367860357578,0.0072554753290958,0.501247109362166,33.3887143719551,1.570833333333333,1.5891923076923076,1.569087972561679,1.5797418486214947,-0.0106538760598153,-0.0049484320598264,-0.004995957494657,-0.6181818181818182
1.392,1.535,1.392,1.535,1.533,0.002,0.13,27,4047.0,-0.0250000000000001,-0.05,-0.078,1.5544,1.5622,1.5812000000000002,1.5483993405851335,1.5603599335517353,1.5729629649475338,0.143,0.0217142857142857,0.002,0.0,0.0035198727474893,0.0067372270913033,0.5224512547651833,34.31645204599762,1.5664999999999998,1.5859615384615384,1.5638436690906516,1.576427637612495,-0.0125839685218434,-0.0064193910594042,-0.0065135597000943,0.2857142857142858
1.535,1.57,1.485,1.485,1.535,-0.05,-3.26,69,10451.0,-0.0909999999999999,-0.0949999999999999,-0.1109999999999999,1.5361999999999998,1.5527000000000002,1.57565,1.527266227056756,1.5466581274514195,1.5645855397144357,0.0849999999999999,0.0272857142857142,0.0,0.0499999999999998,0.0032684532655258,0.0098274251562102,0.3325849053615485,24.95787728222193,1.5576666666666668,1.581153846153846,1.551713873845936,1.5696552200115697,-0.0179413461656336,-0.0082520993360159,-0.0087991169932022,1.5555555555555554
1.485,1.492,1.48,1.491,1.485,0.006,0.4,120,17857.0,-0.0859999999999998,-0.0789999999999999,-0.1159999999999998,1.519,1.5448,1.56985,1.515177484704504,1.5365384679147978,1.5575773930749657,0.012,0.0262142857142856,0.006,0.0,0.0034635637465597,0.0091254662164809,0.3795492377479217,27.512554634695466,1.5498333333333332,1.576576923076923,1.542373277869638,1.56382890741812,-0.021455629548482,-0.0103384802820486,-0.0113304195042581,0.7391304347826086
1.489,1.489,1.462,1.463,1.491,-0.028,-1.88,144,21249.0,-0.0879999999999998,-0.1119999999999998,-0.135,1.5014,1.5336,1.5631,1.497784989803003,1.5231678373848343,1.5485700223059211,0.0290000000000001,0.0274999999999999,0.0,0.028,0.0032161663360911,0.0104736472010179,0.307072242778866,23.493134711974548,1.5400833333333332,1.5719615384615386,1.5301620043512325,1.5563600994612223,-0.02619809510999,-0.0127593753600092,-0.0143039546254045,0.1999999999999999
1.458,1.469,1.438,1.456,1.463,-0.007,-0.48,44,6402.0,-0.0769999999999999,-0.1089999999999999,-0.141,1.486,1.5227,1.5560500000000002,1.4838566598686689,1.5109555033148645,1.5397538297053577,0.0310000000000001,0.0291428571428571,0.0,0.0070000000000001,0.0029864401692275,0.0102255295438024,0.2920572627984412,22.6040494649502,1.5305833333333332,1.566807692307692,1.5187524652202735,1.5489260180196502,-0.0301735527993767,-0.0154324927405068,-0.0174778742601989,-0.6944444444444444
1.479,1.484,1.477,1.477,1.456,0.021,1.44,652,96373.0,-0.0579999999999998,-0.0829999999999999,-0.1299999999999999,1.4744,1.5144,1.54955,1.4815711065791126,1.5047817754394346,1.5337772744953235,0.028,0.0307142857142857,0.0210000000000001,0.0,0.0042731230142827,0.0094951345763879,0.4500329068435647,31.0360478524034,1.5224166666666663,1.5618846153846155,1.5123290090325392,1.5435981648330095,-0.0312691558004702,-0.0182284394888681,-0.0202361305682532,13.818181818181818
1.47,1.475,1.46,1.475,1.477,-0.002,-0.14,21,3084.0,-0.01,-0.1009999999999999,-0.145,1.4724000000000002,1.5043000000000002,1.5423,1.4793807377194086,1.499366907177719,1.528179438829102,0.0170000000000001,0.0309285714285714,0.0,0.002,0.0039678999418339,0.0089597678209316,0.4428574513464734,30.693084125060256,1.514916666666667,1.5565769230769233,1.5065860845659949,1.5385168192898235,-0.0319307347238286,-0.0211153481247006,-0.0225750513993683,-0.9677914110429447
1.488,1.508,1.486,1.508,1.475,0.033,2.24,745,111275.0,0.0169999999999999,-0.0689999999999999,-0.1060000000000001,1.4758,1.4974,1.537,1.488920491812939,1.5009365604181335,1.5262575875120448,0.0329999999999999,0.0329285714285714,0.0329999999999999,0.0,0.00604162137456,0.0083197844051508,0.726175232475937,42.068453932938695,1.5105833333333332,1.5531923076923075,1.5068036100173805,1.536256314157244,-0.0294527041398637,-0.0235176736521448,-0.0239505819474674,34.476190476190474
1.507,1.509,1.503,1.503,1.508,-0.005,-0.33,46,6934.0,0.0399999999999998,-0.048,-0.084,1.4838,1.4926,1.5328000000000002,1.493613661208626,1.5013117312512,1.5240425791775642,0.006,0.0326428571428571,0.0,0.0050000000000001,0.0056100769906629,0.00808265694764,0.6940882221038632,40.97119695702065,1.5045,1.5491923076923075,1.5062184392454756,1.5337928834789296,-0.027574444233454,-0.0253977367825491,-0.0246753544046647,-0.938255033557047
1.499,1.501,1.486,1.486,1.503,-0.017,-1.13,52,7794.0,0.03,-0.0469999999999999,-0.1049999999999999,1.4898000000000002,1.4879000000000002,1.52755,1.491075774139084,1.498527780114618,1.5204194763987486,0.0169999999999999,0.0335,0.0,0.0169999999999999,0.0052093572056155,0.0087196100228086,0.5974300676279124,37.39945051335237,1.496916666666667,1.5448846153846154,1.5031079101307872,1.5302526698878978,-0.0271447597571106,-0.0270156024753566,-0.0251692354751539,0.1304347826086955
1.476,1.476,1.473,1.473,1.486,-0.013,-0.87,18,2655.0,-0.004,-0.0619999999999998,-0.1119999999999998,1.489,1.4817,1.52195,1.4850505160927223,1.493886365548324,1.515903335789344,0.0129999999999999,0.0332857142857142,0.0,0.0129999999999999,0.0048372602623573,0.0090253521640365,0.535963602797951,34.89429058225247,1.4904166666666665,1.5401153846153846,1.49847592395682,1.526011731377683,-0.0275358074208631,-0.0280816537259377,-0.0256425498642957,-0.6538461538461539
1.479,1.483,1.479,1.483,1.473,0.01,0.68,18,2664.0,0.008,-0.002,-0.0969999999999999,1.4906,1.4815,1.5171,1.484367010728482,1.4919070263577194,1.5127696847617875,0.01,0.0336428571428571,0.01,0.0,0.0052060273864746,0.0083806841523196,0.6211936032732711,38.31705244944528,1.48625,1.5353461538461537,1.4960950125788477,1.5228256772015585,-0.0267306646227107,-0.0286677687341853,-0.0258601728159787,0.0
1.485,1.49,1.485,1.49,1.483,0.007,0.47,18,2681.0,-0.018,-0.0010000000000001,-0.08,1.487,1.4814,1.5131,1.486244673818988,1.4915602942926796,1.510601143355903,0.0069999999999998,0.0320714285714285,0.0069999999999998,0.0,0.0053341682874407,0.0077820638557254,0.6854439113238961,40.6684498201716,1.4825000000000002,1.5303461538461538,1.495157318335948,1.5203941455569987,-0.0252368272210505,-0.0285609611909698,-0.0257355036969931,0.0
1.484,1.5,1.484,1.5,1.49,0.01,0.67,170,25432.0,-0.0029999999999998,0.0369999999999999,-0.0749999999999999,1.4864000000000002,1.4851,1.50935,1.4908297825459922,1.493094786239465,1.5095915106553408,0.016,0.0319285714285714,0.01,0.0,0.0056674419811949,0.007226202151745,0.78429053909409,43.95531567926631,1.4837500000000003,1.5259615384615384,1.4959023462842638,1.518883468108332,-0.0229811218240683,-0.0277618021937133,-0.0251846273224081,8.444444444444445
1.5,1.5,1.488,1.488,1.5,-0.012,-0.8,19,2833.0,0.002,0.032,-0.0769999999999999,1.4868,1.4883,1.5055,1.4898865216973285,1.492168461468653,1.5075351763072131,0.012,0.0225714285714285,0.0,0.012,0.0052626246968239,0.0075671877123346,0.6954531718891719,41.01871897259526,1.4835,1.5221538461538462,1.4946866007020694,1.5165958038040113,-0.0219092031019418,-0.0267218074494324,-0.0245295424783149,-0.888235294117647
1.503,1.517,1.503,1.517,1.488,0.029,1.95,27,4067.0,0.0439999999999998,0.0399999999999998,-0.0430000000000001,1.4956,1.4923,1.50335,1.4989243477982188,1.4966832866561706,1.5084365880874786,0.0289999999999999,0.0185714285714285,0.0289999999999999,0.0,0.0069581515041936,0.0070266743043107,0.9902481889511938,49.75501017654624,1.4880000000000002,1.5193076923076925,1.4981194313632893,1.5166257442629736,-0.0185063128996842,-0.0252302050245274,-0.0233248965625887,0.4210526315789473
1.515,1.515,1.489,1.489,1.517,-0.028,-1.85,131,19664.0,0.006,0.014,-0.0869999999999999,1.4968,1.4937,1.499,1.495616231865479,1.4952863254459576,1.5065854844600997,0.0279999999999998,0.0197142857142857,0.0,0.0279999999999998,0.0064611406824655,0.0085247689968599,0.7579256030099362,43.1147712799796,1.4907500000000002,1.5156153846153846,1.4967164419227834,1.514579392836087,-0.0178629509133032,-0.0239424546660207,-0.0222325074327316,3.851851851851852
1.512,1.512,1.502,1.504,1.489,0.015,1.01,11,1654.0,0.014,-0.004,-0.0729999999999999,1.4996,1.4933,1.49535,1.4984108212436529,1.496870629910329,1.506339247844852,0.0229999999999999,0.0192857142857142,0.0149999999999999,0.0,0.0070710592051465,0.0079158569256557,0.893277793112818,47.18154918218009,1.493,1.5126923076923076,1.4978369893192784,1.5137957341074877,-0.0159587447882092,-0.0226518213943269,-0.0209777549038272,-0.916030534351145
1.495,1.507,1.495,1.507,1.504,0.003,0.2,23,3459.0,0.0069999999999998,0.004,-0.044,1.501,1.4937,1.49315,1.501273880829102,1.4987123335629964,1.506402176621533,0.0119999999999997,0.0179285714285713,0.0029999999999998,0.0,0.0067802692619217,0.0073504385738231,0.9224305725195916,47.98251680478782,1.4956666666666667,1.510269230769231,1.4992466832701583,1.513292346395822,-0.0140456631256633,-0.0211963662130549,-0.0195913365481944,1.0909090909090908
1.517,1.517,1.507,1.507,1.507,0.0,0.0,9,1361.0,0.0189999999999999,0.0209999999999999,-0.026,1.5048,1.4958,1.49185,1.5031825872194011,1.500219182006088,1.5064591121813868,0.01,0.016642857142857,0.0,-0.0,0.0062959643146416,0.0068254072471215,0.9224305725195918,47.98251680478782,1.4955833333333333,1.507653846153846,1.5004395012285956,1.512826246662798,-0.0123867454342023,-0.019513137103426,-0.018150418325396,-0.6086956521739131
1.509,1.516,1.509,1.516,1.507,0.009,0.6,2004,303804.0,-0.0009999999999998,0.0429999999999999,-0.0189999999999999,1.5046,1.5001,1.4909,1.5074550581462676,1.5030884216413447,1.5073677681641118,0.0090000000000001,0.0160714285714285,0.0090000000000001,0.0,0.0064891097207386,0.0063378781580413,1.0238615446567738,50.58950536215708,1.4966666666666668,1.5057692307692307,1.502833424116504,1.5130613395025907,-0.0102279153860866,-0.0176794982993566,-0.0165659177375341,221.66666666666663
1.555,1.556,1.513,1.513,1.516,-0.003,-0.2,1508,228179.0,0.0239999999999998,0.0299999999999998,0.0279999999999998,1.5094,1.5031,1.4923,1.5093033720975118,1.5048905267974635,1.5079041711961012,0.0430000000000001,0.0167857142857142,0.0,0.0030000000000001,0.006025601883543,0.0060994582896098,0.9878913171367012,49.69543901221069,1.4989166666666665,1.5039615384615383,1.504397512713965,1.5130567958357322,-0.0086592831217671,-0.0158375489549918,-0.0149845908143807,-0.24750499001996
1.508,1.513,1.466,1.513,1.513,0.0,0.0,21,3164.0,0.0089999999999998,0.0229999999999999,0.0219999999999997,1.5112,1.5054,1.4933999999999998,1.5105355813983412,1.506364976470652,1.508389488225044,0.0469999999999999,0.0197142857142856,0.0,-0.0,0.0055952017490042,0.0056637826974948,0.9878913171367012,49.69543901221069,1.50225,1.5015384615384617,1.505720972296432,1.513052588736789,-0.0073316164403569,-0.0140987150234683,-0.0134539959395759,-0.9860742705570292
1.484,1.484,1.459,1.459,1.513,-0.054,-3.57,2227,327750.0,-0.0479999999999998,-0.0409999999999999,-0.004,1.5016,1.5013,1.4932,1.493357054265561,1.497753162566897,1.5036857274417064,0.0539999999999998,0.0223571428571428,0.0,0.0539999999999998,0.0051955444812182,0.0091163696476738,0.569913757560718,36.302233470852045,1.50025,1.497,1.4985331304046732,1.5090486932748044,-0.0105155628701312,-0.0128327549977116,-0.012866309325687,105.04761904761904
1.459,1.46,1.415,1.415,1.459,-0.044,-3.02,2129,302876.0,-0.0919999999999998,-0.0729999999999999,-0.0409999999999999,1.4832,1.4940000000000002,1.49115,1.4672380361770407,1.4827071330092794,1.495239467685353,0.0449999999999999,0.024642857142857,0.0,0.044,0.0048244341611312,0.0116080575299828,0.4156108072922669,29.3591151714385,1.4939999999999998,1.4917692307692303,1.485681879573185,1.5020821234025967,-0.0164002438294117,-0.0125987473232368,-0.0135730962264319,-0.0440053884149079
1.415,1.415,1.35,1.389,1.415,-0.026,-1.84,196,26974.0,-0.127,-0.1279999999999999,-0.088,1.4578000000000002,1.4812,1.48675,1.441158690784694,1.4656694724621375,1.4851214231438912,0.0649999999999999,0.0285714285714285,0.0,0.026,0.0044798317210504,0.0126360534206983,0.3545277605199343,26.17353227104398,1.4847499999999998,1.4862307692307692,1.470807744254233,1.493705669817219,-0.0228979255629857,-0.0131581889509793,-0.0154380620937427,-0.9079379990605918
1.42,1.42,1.41,1.414,1.389,0.025,1.8,31,4379.0,-0.0989999999999999,-0.0750000000000001,-0.0610000000000001,1.438,1.4737,1.4837,1.4321057938564627,1.456275022923567,1.4783479542730444,0.0309999999999999,0.0302857142857142,0.0249999999999999,0.0,0.0059455580266896,0.0117334781763627,0.506717440244368,33.63055518639153,1.4785833333333331,1.4815769230769231,1.4620680912920434,1.4878015461270548,-0.0257334548350114,-0.0142442678450685,-0.0174971406419964,-0.8418367346938775
1.391,1.391,1.383,1.383,1.414,-0.031,-2.19,7,972.0,-0.1299999999999999,-0.121,-0.125,1.412,1.4616,1.47745,1.4157371959043086,1.4429522914829185,1.4692671967232307,0.0309999999999999,0.0313571428571428,0.0,0.0309999999999999,0.0055208753104975,0.0131096583066225,0.42113037436747,29.633479233382133,1.4674166666666666,1.477653846153846,1.449903769554806,1.4800384686361618,-0.0301346990813557,-0.0160319385068121,-0.0200246523298683,-0.7741935483870968
1.388,1.423,1.388,1.403,1.383,0.02,1.45,174,24452.0,-0.056,-0.1039999999999998,-0.0999999999999998,1.4007999999999998,1.4511999999999998,1.4724499999999998,1.4114914639362055,1.435688238486024,1.462956035130542,0.04,0.0333571428571428,0.02,0.0,0.0065550985026048,0.0121732541418637,0.5384836647796513,35.00093482349554,1.46025,1.4742692307692309,1.4426878050079128,1.4743319154038537,-0.0316441103959408,-0.018171645724783,-0.0223485439430828,23.857142857142858
1.398,1.398,1.33,1.33,1.403,-0.073,-5.2,287,38861.0,-0.0849999999999999,-0.1769999999999998,-0.1559999999999999,1.3838,1.4335,1.4646500000000002,1.384327642624137,1.4164721951249286,1.4502935555943,0.0729999999999999,0.0364999999999999,0.0,0.0729999999999999,0.0060868771809902,0.0165180217031592,0.3684991635424522,26.927247992506427,1.44575,1.4691538461538465,1.42535121962208,1.4636406624109757,-0.0382894427888953,-0.021289593213984,-0.0255367237122453,0.6494252873563218
1.318,1.351,1.29,1.351,1.33,0.021,1.58,344,45670.0,-0.038,-0.165,-0.1220000000000001,1.3762,1.417,1.45855,1.3732184284160915,1.404568159647669,1.440837026490081,0.0609999999999999,0.0388571428571428,0.0209999999999999,0.0,0.0071521002394909,0.0153381630100764,0.4662944470463873,31.80087382760413,1.4327499999999995,1.4651153846153848,1.4139125704494524,1.455296909639792,-0.0413843391903396,-0.0249257105549365,-0.0287062468078642,0.1986062717770034
1.376,1.381,1.371,1.381,1.351,0.03,2.22,79,10882.0,-0.0329999999999999,-0.1319999999999999,-0.102,1.3696,1.4038,1.45345,1.3758122856107278,1.400283039711729,1.4351382620624542,0.03,0.0393571428571428,0.03,0.0,0.0087840930795273,0.0142425799379281,0.6167487293601343,38.14746955788404,1.42225,1.461423076923077,1.4088490980726136,1.4497934348516597,-0.0409443367790458,-0.0286604572592352,-0.0311538648021005,-0.7703488372093024
1.384,1.393,1.373,1.391,1.381,0.01,0.72,33,4574.0,0.008,-0.1219999999999998,-0.0989999999999999,1.3712,1.3916,1.4485,1.3808748570738183,1.3985952143095963,1.430934618056506,0.02,0.0399285714285714,0.01,0.0,0.0088709435738467,0.0132252527995046,0.6707579589086587,40.14692585075571,1.4118333333333333,1.4581923076923076,1.4061030829845191,1.4454383656033885,-0.0393352826188693,-0.0318626483424284,-0.0327901483654543,-0.5822784810126582
1.4,1.4,1.391,1.393,1.391,0.002,0.14,17,2321.0,-0.01,-0.066,-0.1069999999999999,1.3692,1.385,1.44315,1.3849165713825458,1.3975779026169424,1.4273217972892198,0.0089999999999998,0.0398571428571428,0.002,0.0,0.0083801618900005,0.0122805918852543,0.682390716042187,40.560775183514245,1.4018333333333333,1.453769230769231,1.4040872240638238,1.44155404222536,-0.037466818161536,-0.0342033788237755,-0.0337254823246706,-0.4848484848484848
1.393,1.399,1.393,1.399,1.393,0.006,0.43,61,8527.0,0.0689999999999999,-0.016,-0.0889999999999999,1.3829999999999998,1.3834,1.4387,1.3896110475883638,1.3978364657774982,1.424624483261675,0.006,0.0396428571428571,0.006,0.0,0.0082101503264291,0.0114034067505933,0.7199734698582018,41.85956832912998,1.3923333333333332,1.449769230769231,1.403304574207851,1.4384018909494074,-0.0350973167415564,-0.0355588667325056,-0.0339998492080478,2.588235294117647
1.399,1.403,1.399,1.403,1.399,0.004,0.29,23,3226.0,0.052,0.014,-0.1139999999999998,1.3934000000000002,1.3847999999999998,1.433,1.394074031725576,1.3987752901815893,1.422565008665325,0.004,0.0368571428571428,0.004,0.0,0.0079094253031127,0.0105888776969795,0.7469559597773917,42.757572427445375,1.3876666666666668,1.446576923076923,1.4032577166374125,1.4357795286568589,-0.0325218120194465,-0.0363131286418873,-0.0337042417703275,-0.6229508196721312
1.393,1.395,1.393,1.395,1.403,-0.008,-0.57,13,1812.0,0.014,-0.0189999999999999,-0.094,1.3962,1.3829,1.4283,1.3943826878170509,1.3980888737849366,1.4199397697448175,0.01,0.0342142857142856,0.0,0.008,0.0073444663528904,0.0104039578614809,0.7059300364991044,41.38094888978027,1.386,1.443576923076923,1.401987298693195,1.4327588228304249,-0.0307715241372299,-0.0363838869814289,-0.033117698243708,-0.4347826086956522
1.395,1.395,1.383,1.383,1.395,-0.012,-0.86,4006,556031.0,-0.008,0.0,-0.121,1.3946,1.3829,1.42225,1.3905884585447006,1.3953454421876752,1.4164216964357874,0.012,0.0312142857142856,0.0,0.012,0.0068198616133982,0.0105179608713751,0.6484015007090019,39.33516806616075,1.3855000000000002,1.4397307692307693,1.3990661758173188,1.4290729841022451,-0.0300068082849263,-0.0362019645246495,-0.0324955202519517,307.15384615384613
1.362,1.382,1.362,1.382,1.383,-0.001,-0.07,33,4532.0,-0.0110000000000001,-0.0210000000000001,-0.125,1.3924,1.3808,1.416,1.3877256390298005,1.3929189981535524,1.413143439632379,0.0209999999999999,0.0294999999999999,0.0,0.0010000000000001,0.0063327286410126,0.0098381065234198,0.6436938475851474,39.161419782086426,1.3828333333333334,1.435576923076923,1.3964406103069622,1.425586096390968,-0.0291454860840056,-0.0351859693352173,-0.0318255134183625,-0.991762356465302
1.386,1.386,1.386,1.386,1.382,0.004,0.29,83,11504.0,-0.0130000000000001,0.0559999999999998,-0.121,1.3898,1.3864,1.4099499999999998,1.387150426019867,1.39166099848927,1.410558350143581,0.004,0.0251428571428571,0.004,0.0,0.0061661051666546,0.0091353846288898,0.6749694092961168,40.29741710803921,1.3830833333333334,1.4311923076923077,1.394834362567429,1.4226537929546,-0.0278194303871706,-0.0336787572459763,-0.0310242968121241,1.5151515151515151
1.398,1.405,1.398,1.4,1.386,0.014,1.01,111,15575.0,-0.0030000000000001,0.0489999999999999,-0.1160000000000001,1.3892,1.3913,1.40415,1.391433617346578,1.3931771805821298,1.4095527929870495,0.0190000000000001,0.0242857142857142,0.014,0.0,0.0067256690833221,0.0084828571553977,0.7928542188220784,44.22301660103692,1.3828333333333334,1.427807692307692,1.395629076018594,1.420975734217222,-0.0253466581986279,-0.0319456818481521,-0.0298887690894248,0.3373493975903614
1.394,1.394,1.387,1.387,1.4,-0.013,-0.93,15,2088.0,-0.008,0.006,-0.1259999999999999,1.3876000000000002,1.3919,1.39785,1.389955744897719,1.3920540568399242,1.407404907940664,0.0129999999999999,0.0229999999999999,0.0,0.0129999999999999,0.0062452641487991,0.0088055102157264,0.7092450063421906,41.49463673788846,1.3875833333333334,1.4228076923076922,1.3943015258618874,1.4184590131640946,-0.0241574873022072,-0.0302592601463007,-0.0287425127319813,-0.8648648648648649
1.392,1.401,1.389,1.401,1.387,0.014,1.01,23,3201.0,0.018,0.01,-0.1119999999999998,1.3912,1.3928999999999998,1.3922500000000002,1.393637163265146,1.393680591959938,1.4067949167082197,0.014,0.0211428571428571,0.014,0.0,0.0067991738524563,0.0081765452003174,0.831546048591817,45.401318150376326,1.39175,1.419423076923077,1.395332060344674,1.4171657529297172,-0.0218336925850433,-0.0285222461933571,-0.0273607487025937,0.5333333333333334
1.396,1.396,1.373,1.376,1.401,-0.025,-1.78,30,4173.0,-0.006,-0.0170000000000001,-0.0830000000000001,1.39,1.3912,1.3881,1.3877581088434303,1.390465938876313,1.403862067497913,0.028,0.0179285714285714,0.0,0.0250000000000001,0.0063135185772808,0.0093782205431518,0.6732107171323773,40.23466442326856,1.391333333333333,1.4145,1.392357897214724,1.4141164378978863,-0.0217585406831624,-0.0270401599646466,-0.0262403070987074,0.3043478260869565
1.373,1.373,1.363,1.37,1.376,-0.006,-0.44,57,7798.0,-0.0159999999999997,-0.0289999999999999,-0.0449999999999999,1.3868,1.3883,1.38585,1.3818387392289535,1.3867448590806195,1.4006371086885878,0.0129999999999999,0.0144999999999999,0.0,0.0059999999999997,0.0058625529646179,0.0091369190757838,0.641633456090886,39.085062119699096,1.3895833333333334,1.4092307692307693,1.3889182207201511,1.410848553609154,-0.0219303328890028,-0.0258633289501529,-0.0253783122567665,0.8999999999999999
1.355,1.355,1.323,1.323,1.37,-0.047,-3.43,63,8435.0,-0.0769999999999999,-0.08,-0.066,1.3714,1.3803,1.38255,1.362225826152636,1.375154884702325,1.393243098337294,0.0470000000000001,0.0157142857142857,0.0,0.0470000000000001,0.0054437991814309,0.011841424856085,0.4597250117779122,31.49394633020486,1.38375,1.402153846153846,1.378776955993974,1.4043412533418094,-0.0255642973478353,-0.0252847481957757,-0.0254155092749803,0.1052631578947369
1.322,1.347,1.317,1.347,1.323,0.024,1.81,152,20072.0,-0.04,-0.048,-0.0669999999999999,1.3634,1.3755,1.3792000000000002,1.357150550768424,1.3700358147564478,1.3888389937337422,0.03,0.0164285714285714,0.024,0.0,0.006769242097043,0.0109956087949361,0.6156314055262245,38.1046941412796,1.3794166666666667,1.395653846153846,1.373888193533363,1.400093753094268,-0.0262055595609052,-0.02486238722644,-0.0255735193321652,1.4126984126984126
1.34,1.34,1.34,1.34,1.347,-0.007,-0.52,6,754.0,-0.0609999999999999,-0.0429999999999999,-0.0429999999999999,1.3512,1.3712,1.37705,1.351433700512283,1.3645747575280027,1.3841876609971957,0.0069999999999998,0.0162857142857142,0.0,0.0069999999999998,0.0062857248043971,0.0107102081667263,0.5868910021679216,36.98369965965804,1.3741666666666668,1.3890000000000002,1.3686746252974606,1.395642363976174,-0.0269677386787132,-0.0246204152925186,-0.0258523632014748,-0.9605263157894736
1.34,1.34,1.339,1.339,1.34,-0.001,-0.07,15,2009.0,-0.0369999999999999,-0.0429999999999999,-0.064,1.3438,1.3669,1.37385,1.3472891336748554,1.3599248016138203,1.3798840742355578,0.0010000000000001,0.0159285714285714,0.0,0.0010000000000001,0.0058367444612258,0.010016621869103,0.5827058800362327,36.81706673275851,1.3694999999999995,1.3823076923076922,1.3641092983286205,1.3914466333112725,-0.0273373349826517,-0.024566849136461,-0.0261493575577102,1.5
1.34,1.34,1.337,1.337,1.339,-0.002,-0.15,29,3883.0,-0.0330000000000001,-0.0489999999999999,0.0069999999999998,1.3372,1.362,1.3742,1.3438594224499036,1.355756655865853,1.3757998766893142,0.0030000000000001,0.0158571428571428,0.0,0.002,0.0054198341425668,0.00944400602131,0.5738914323367926,36.46321598464532,1.3656666666666668,1.377615384615385,1.359938637047294,1.3874135493622892,-0.0274749123149951,-0.0248033218160573,-0.0264144685091672,0.9333333333333332
1.322,1.323,1.316,1.323,1.337,-0.014,-1.05,51,6739.0,0.0,-0.0769999999999999,-0.028,1.3372,1.3542999999999998,1.3728,1.336906281633269,1.3498009002538796,1.3707713170046176,0.0209999999999999,0.0166428571428571,0.0,0.014,0.0050327031323835,0.009769434162645,0.515147863079613,33.999840915364494,1.36075,1.374076923076923,1.3542557698092488,1.382642175335453,-0.0283864055262041,-0.0252732016187237,-0.0268088559125746,0.7586206896551724
1.335,1.335,1.335,1.335,1.323,0.012,0.91,1,134.0,-0.012,-0.052,-0.046,1.3348,1.3491,1.3705,1.3362708544221795,1.3471098274804467,1.36736452490894,0.012,0.0166428571428571,0.012,0.0,0.0055303671943561,0.0090716174367417,0.6096340848719105,37.87407899730349,1.3564999999999998,1.372,1.3512933436847487,1.3791131253106046,-0.0278197816258558,-0.0259383226232584,-0.0270110410552308,-0.9803921568627452
1.341,1.341,1.315,1.315,1.335,-0.02,-1.5,16,2133.0,-0.0250000000000001,-0.086,-0.076,1.3298,1.3405,1.3667,1.3291805696147865,1.3412716770294562,1.3623774272985645,0.026,0.017,0.0,0.02,0.0051353409661878,0.0098522161912602,0.5212371375633577,34.264029235984175,1.3494166666666667,1.3681923076923077,1.3457097523486334,1.3743640049172263,-0.0286542525685931,-0.0267045128327507,-0.0273396833579033,15.0
1.31,1.31,1.266,1.266,1.315,-0.049,-3.73,22,2802.0,-0.0729999999999999,-0.1099999999999998,-0.127,1.3152,1.3295,1.36035,1.308120379743191,1.327585917569555,1.3531986246987011,0.0489999999999999,0.0202142857142857,0.0,0.0489999999999999,0.0047685308971744,0.012648486463313,0.3770040716733623,27.37857348636737,1.3393333333333333,1.3636923076923078,1.3334467135257668,1.3663370415900244,-0.0328903280642576,-0.0279222900744457,-0.0284498122991741,0.375
1.257,1.259,1.252,1.259,1.266,-0.007,-0.55,18,2263.0,-0.078,-0.1110000000000002,-0.1400000000000001,1.2996,1.3184,1.35335,1.291746919828794,1.3151157507387268,1.3442273271083487,0.014,0.0198571428571428,0.0,0.0070000000000001,0.0044279215473762,0.012245023144505,0.3616098961285593,26.557525555353127,1.3275,1.358153846153846,1.321993372983341,1.3583861496203928,-0.0363927766370517,-0.0291254544399142,-0.0300384051667497,-0.1818181818181817
1.254,1.254,1.18,1.18,1.259,-0.079,-6.27,33,3999.0,-0.143,-0.143,-0.2230000000000001,1.271,1.3041,1.3422,1.2544979465525294,1.2905492506044127,1.328586629288506,0.0789999999999999,0.0245714285714285,0.0,0.0789999999999999,0.0041116414368493,0.0170132357770403,0.2416731003280464,19.46350454593863,1.3111666666666666,1.3523846153846153,1.3001482386782115,1.3451723607596229,-0.0450241220814113,-0.0312164058310815,-0.033035548549682,0.8333333333333333
1.18,1.18,1.154,1.154,1.18,-0.026,-2.2,30,3480.0,-0.181,-0.193,-0.2410000000000001,1.2348,1.2848,1.3301500000000002,1.2209986310350196,1.2657221141308832,1.3119593312610294,0.026,0.0254285714285714,0.0,0.026,0.0038179527627887,0.0176551475072517,0.2162515357756432,17.78016548507235,1.2931666666666668,1.344807692307692,1.2776638942661789,1.331011445147799,-0.0533475508816201,-0.0341474960758489,-0.0370979490160696,-0.0909090909090909
1.15,1.15,1.145,1.145,1.154,-0.009,-0.78,71,8130.0,-0.1699999999999999,-0.195,-0.238,1.2008,1.2653,1.31825,1.1956657540233464,1.243772638834359,1.2960584425695028,0.0089999999999998,0.0240714285714285,0.0,0.0089999999999998,0.0035452418511609,0.0170369226853052,0.2080916792689805,17.224825138676344,1.278333333333333,1.3357307692307692,1.2572540643790744,1.3172328195812957,-0.059978755202221,-0.03777432054469,-0.0416741102532999,1.3666666666666667
1.15,1.184,1.15,1.184,1.145,0.039,3.41,28,3295.0,-0.082,-0.155,-0.1979999999999999,1.1844,1.2498,1.30835,1.1917771693488977,1.232904886319021,1.285386209943836,0.0389999999999999,0.0259285714285714,0.0389999999999999,0.0,0.006077724576078,0.0158199996363548,0.3841798176854078,27.755051242390174,1.26475,1.3277692307692308,1.2459842083207553,1.3073637218345326,-0.0613795135137773,-0.0415414984556658,-0.0456151909053954,-0.6056338028169015
1.202,1.24,1.202,1.23,1.184,0.046,3.89,202,24426.0,-0.0289999999999999,-0.1069999999999999,-0.1559999999999999,1.1786,1.2391,1.30055,1.2045181128992652,1.232376725170108,1.2801113328063278,0.056,0.0265714285714285,0.046,0.0,0.0089293156777867,0.0146899996623294,0.6078499580013437,37.8051418900392,1.2555833333333333,1.3215,1.2435250993483316,1.3016330757727157,-0.0581079764243839,-0.0448438952221302,-0.0481137480091931,6.214285714285714
1.249,1.259,1.249,1.255,1.23,0.025,2.03,34,4270.0,0.0749999999999999,-0.068,-0.145,1.1936,1.2323,1.2933,1.22134540859951,1.236490047866452,1.2777197773009634,0.0289999999999999,0.0264999999999999,0.0249999999999999,0.0,0.0100772217008019,0.013640713972163,0.7387605752431116,42.48776891780048,1.2485833333333332,1.3159615384615384,1.2452904686793576,1.2981787738636257,-0.0528883051842679,-0.0476292867286204,-0.049068659444208,-0.8316831683168316
1.24,1.24,1.225,1.225,1.255,-0.03,-2.39,169,20735.0,0.0710000000000001,-0.1099999999999998,-0.1619999999999999,1.2078,1.2213,1.2852,1.222563605733007,1.2344009482543696,1.272698846129443,0.0299999999999998,0.0281428571428571,0.0,0.0299999999999998,0.0093574201507446,0.0148092344027228,0.6318638692776853,38.72037865250171,1.23925,1.309115384615385,1.2421688581133026,1.2927581239478014,-0.0505892658344988,-0.0500665104248322,-0.0493727807222662,3.9705882352941178
1.225,1.235,1.22,1.23,1.225,0.005,0.41,203,25016.0,0.0849999999999999,-0.0849999999999999,-0.171,1.2248,1.2128,1.2766499999999998,1.225042403822005,1.2336007758444842,1.2686322893552104,0.0150000000000001,0.0291428571428571,0.0049999999999998,0.0,0.0090461758542629,0.0137514319453855,0.6578351905598078,39.68037319425424,1.2314999999999998,1.302769230769231,1.2402967260958715,1.288109374025742,-0.0478126479298706,-0.0517245459654558,-0.0490607541637871,0.2011834319526626
1.225,1.25,1.225,1.25,1.23,0.02,1.63,99,12324.0,0.066,-0.016,-0.1259999999999999,1.238,1.2111999999999998,1.27035,1.2333616025480032,1.2365824529636689,1.2668577856070953,0.0249999999999999,0.0307142857142856,0.02,0.0,0.0098285918646727,0.0127691868064294,0.7697116514674147,43.49361947349914,1.2244166666666667,1.2976538461538465,1.2417895374657373,1.2852864574312426,-0.0434969199655053,-0.0525138952241729,-0.0479479873241307,-0.5123152709359606
1.279,1.285,1.27,1.27,1.25,0.02,1.6,28,3580.0,0.04,0.0110000000000001,-0.1,1.246,1.2123000000000002,1.26535,1.245574401698669,1.242658370606638,1.2671570441207052,0.0349999999999999,0.0317142857142856,0.02,0.0,0.010555121017196,0.0118571020345415,0.890193993983299,47.0953773431133,1.2206666666666666,1.2933461538461537,1.2461296086248548,1.2841541272511503,-0.0380245186262957,-0.0517361615069378,-0.0459632935845637,-0.7171717171717171
1.274,1.274,1.252,1.252,1.27,-0.018,-1.42,64,8139.0,-0.0029999999999998,0.072,-0.0709999999999999,1.2454,1.2195,1.2618,1.2477162677991127,1.2443568486781584,1.2657135161092097,0.022,0.0324285714285714,0.0,0.018,0.009801183801682,0.0122958804606457,0.7971111815092685,44.35514005537656,1.2194999999999998,1.288192307692308,1.2470327457594923,1.2817723400473615,-0.0347395942878692,-0.0496686107742988,-0.0437185537252248,1.2857142857142856
1.276,1.276,1.272,1.272,1.252,0.02,1.6,91,11583.0,0.0469999999999999,0.1180000000000001,-0.0749999999999999,1.2548,1.2313,1.25805,1.2558108451994086,1.2493828761912205,1.2663122288607134,0.024,0.0322857142857142,0.02,0.0,0.0105296706729905,0.0114176032848853,0.9222312608224618,47.977123232709694,1.2205833333333334,1.2832692307692308,1.2508738617964936,1.2810484630068164,-0.0301746012103227,-0.0463570381085324,-0.0410097632222444,0.421875
1.289,1.29,1.276,1.276,1.272,0.004,0.31,230,29638.0,0.046,0.131,-0.064,1.264,1.2444,1.2548499999999998,1.2625405634662723,1.2542223532473622,1.2672348737311216,0.018,0.0300714285714285,0.004,0.0,0.0100632656249197,0.0106020601931078,0.9491802009822264,48.6963801758256,1.2285833333333331,1.279,1.25473942152011,1.2806745027840891,-0.0259350812639791,-0.0424187678585548,-0.0379948268305913,1.5274725274725274
1.275,1.276,1.275,1.276,1.276,0.0,0.0,70,8927.0,0.026,0.092,-0.0629999999999999,1.2692,1.2536,1.2517,1.2670270423108485,1.2581819253842053,1.268069647661491,0.0010000000000001,0.0291428571428571,0.0,-0.0,0.0093444609374254,0.0098447701793144,0.9491802009822266,48.6963801758256,1.2387499999999998,1.2741923076923076,1.2580102797477852,1.280328243318601,-0.0223179635708157,-0.0384420997637139,-0.0348594541786362,-0.6956521739130435
1.279,1.283,1.279,1.279,1.276,0.003,0.24,82,10503.0,0.0089999999999998,0.0489999999999999,-0.058,1.271,1.2585,1.2488,1.2710180282072323,1.2619670298598042,1.269110633598492,0.0069999999999998,0.0239999999999999,0.0029999999999998,0.0,0.0088912851561808,0.0091415723093633,0.9726209950856896,49.30602470057556,1.2499166666666666,1.2704615384615383,1.2612394674788951,1.2802298549246305,-0.0189903874457353,-0.0346756644594325,-0.031685640832056,0.1714285714285714
1.271,1.285,1.271,1.285,1.279,0.006,0.47,58,7442.0,0.0329999999999999,0.03,-0.038,1.2776,1.2615,1.2469,1.2756786854714883,1.266154842612567,1.2706239065891118,0.014,0.0231428571428571,0.006,0.0,0.0086847647878821,0.0084886028586945,1.023108859308535,50.57112248810064,1.2583333333333333,1.2671923076923075,1.2648949340206035,1.2805831990042875,-0.015688264983684,-0.0307977754760086,-0.0284861656623816,-0.2926829268292683
1.292,1.303,1.291,1.303,1.285,0.018,1.4,250,32345.0,0.0309999999999999,0.0779999999999998,-0.032,1.2838,1.2693,1.2453,1.2847857903143256,1.2728539621375548,1.2737073440568154,0.018,0.0237857142857142,0.018,0.0,0.0093501387316048,0.0078822740830735,1.1862234975669586,54.25902241409001,1.2644166666666667,1.2664230769230769,1.2707572518635877,1.2822437027817477,-0.0114864509181602,-0.0267615313635963,-0.0250862227135373,3.3103448275862077
1.318,1.318,1.27,1.27,1.303,-0.033,-2.53,102,13341.0,-0.006,0.04,-0.0449999999999999,1.2826,1.2733,1.24305,1.2798571935428835,1.2723350599307266,1.273354263670452,0.048,0.0244285714285714,0.0,0.0329999999999999,0.0086822716793473,0.0096763973628539,0.8972628297259806,47.292489773574026,1.2656666666666667,1.2634615384615382,1.2706407515768818,1.2813367618349516,-0.0106960102580697,-0.023116985840548,-0.0222081802224438,-0.5920000000000001
1.278,1.278,1.278,1.278,1.27,0.008,0.63,7,895.0,0.002,0.028,0.012,1.283,1.2761,1.24365,1.2792381290285892,1.2733650490342308,1.2737967147494564,0.008,0.0209999999999999,0.008,0.0,0.0086335379879654,0.0089852261226501,0.9608592894731764,49.00195004463223,1.2700833333333332,1.261076923076923,1.271772943641977,1.2810895942916218,-0.0093166506496449,-0.0199272227320312,-0.019629874307884,-0.931372549019608
1.276,1.276,1.276,1.276,1.278,-0.002,-0.16,67,8549.0,-0.0029999999999998,0.006,0.0170000000000001,1.2824,1.2767,1.2445,1.2781587526857263,1.2738441310280069,1.2740065514399843,0.002,0.0190714285714285,0.0,0.002,0.0080168567031107,0.0084862813996036,0.9446842881600817,48.57777141059091,1.2739166666666668,1.258653846153846,1.2724232600047496,1.2807125873070573,-0.0082893273023076,-0.0169883041780799,-0.0173617649067687,8.571428571428571
1.281,1.311,1.281,1.301,1.276,0.025,1.96,15,1952.0,0.016,0.0489999999999999,0.121,1.2856,1.2816,1.25055,1.2857725017904844,1.2787815617501874,1.276577356064748,0.0349999999999999,0.0194285714285714,0.0249999999999999,0.0,0.0092299383671742,0.0078801184424891,1.1712943700702485,53.94452204250653,1.278166666666667,1.2572692307692308,1.2768196815424804,1.2822153586176457,-0.0053956770751653,-0.0142350903852846,-0.0149685473404481,-0.7761194029850746
1.305,1.312,1.3,1.312,1.301,0.011,0.85,40,5217.0,0.0090000000000001,0.04,0.1580000000000001,1.2874,1.2856,1.25845,1.2945150011936564,1.2848212777956078,1.2799509412014387,0.012,0.0192142857142857,0.0110000000000001,0.0,0.0093563713409475,0.0073172528394542,1.278672685806144,56.11480287498061,1.2816666666666665,1.2568461538461535,1.2822320382282526,1.284421628349672,-0.0021895901214195,-0.0115967024805558,-0.0124127558966423,1.6666666666666663
1.311,1.327,1.311,1.327,1.312,0.015,1.14,301,39725.0,0.0569999999999999,0.0509999999999999,0.1819999999999999,1.2988,1.2907,1.26755,1.3053433341291043,1.2924901363782246,1.284431803944159,0.016,0.0185714285714285,0.0149999999999999,0.0,0.0097594876737369,0.0067945919223503,1.4363611215022123,58.95518151334563,1.2879166666666666,1.2565384615384616,1.2891194169623676,1.287575581805252,0.0015438351571157,-0.0089453915107856,-0.0096214376858907,6.525
1.325,1.334,1.325,1.327,1.327,0.0,0.0,46,6118.0,0.0489999999999999,0.0509999999999999,0.143,1.3085999999999998,1.2958,1.2747,1.3125622227527365,1.2987646570367293,1.288485917854239,0.0090000000000001,0.0167142857142857,0.0,-0.0,0.0090623814113272,0.0063092639278967,1.4363611215022123,58.95518151334562,1.2925,1.257,1.2949471989681571,1.290495909078937,0.0044512898892201,-0.0063407606957906,-0.0068068921708685,-0.8471760797342193
1.325,1.343,1.325,1.343,1.327,0.016,1.21,301,40066.0,0.0669999999999999,0.064,0.1129999999999999,1.3219999999999998,1.3022,1.28035,1.3227081485018242,1.3068074466664148,1.2936777352014543,0.018,0.0164285714285714,0.016,0.0,0.0095579255962324,0.0058586022187612,1.63143446838303,61.99791360890388,1.2980833333333333,1.2599615384615386,1.3023399375884406,1.2943851009990155,0.0079548365894248,-0.0037137494098896,-0.0038545464188098,5.543478260869565
1.348,1.369,1.348,1.369,1.343,0.026,1.94,70,9460.0,0.068,0.084,0.1140000000000001,1.3356,1.3106,1.28605,1.338138765667883,1.3181151836361575,1.3008512842298874,0.026,0.0165714285714285,0.026,0.0,0.0107323594822158,0.0054401306317068,1.9728128254244617,66.36182434872204,1.3058333333333334,1.2641923076923076,1.3125953318056036,1.2999121305546442,0.0126832012509594,-0.0010282325022096,-0.000546996884856,-0.7674418604651163
1.355,1.368,1.355,1.368,1.369,-0.001,-0.07,2,272.0,0.056,0.0650000000000001,0.143,1.3468,1.3171,1.2932,1.3480925104452557,1.3271851502477652,1.3072464000175172,0.014,0.0162857142857143,0.0,0.0009999999999998,0.0099657623763432,0.0051229784437278,1.9453063263509505,66.04767419085616,1.31325,1.271423076923077,1.3211191269124338,1.3049556764394852,0.0161634504729486,0.001956152023459,0.0027950925867049,-0.9714285714285714
1.363,1.363,1.351,1.359,1.368,-0.009,-0.66,31,4203.0,0.032,0.0889999999999999,0.129,1.3532,1.326,1.2996500000000002,1.351728340296837,1.332969668384535,1.312175314301563,0.0170000000000001,0.0174285714285714,0.0,0.0090000000000001,0.0092539222066044,0.0053999085548901,1.7137183181045106,63.150191627166215,1.319416666666667,1.2793076923076925,1.3269469535412903,1.30895895966619,0.0179879938751004,0.0049900014150974,0.005833672844384,14.5
1.358,1.383,1.358,1.383,1.359,0.024,1.77,74,10090.0,0.056,0.1049999999999999,0.133,1.3644,1.3365,1.3063,1.362152226864558,1.3420660923146197,1.3189205224633191,0.0249999999999999,0.0187142857142857,0.024,0.0,0.0103072134775612,0.0050142008009693,2.055604449580197,67.27325095571882,1.3260833333333333,1.2884615384615383,1.3355704991503226,1.314443481172398,0.0211270179779246,0.0082584842240121,0.0088923418710921,1.3870967741935485
1.38,1.38,1.375,1.375,1.383,-0.008,-0.58,32,4415.0,0.032,0.0989999999999999,0.1049999999999999,1.3708,1.3464,1.31155,1.3664348179097054,1.3480540755301431,1.3242614250858602,0.008,0.0182857142857143,0.0,0.008,0.0095709839434497,0.0052274721723287,1.8309009838661832,64.67555715656673,1.334833333333333,1.2958076923076922,1.341636576204119,1.318929149233702,0.022707426970417,0.0113810513401879,0.0116553588909571,-0.5675675675675675
1.361,1.392,1.36,1.392,1.375,0.017,1.24,227,31041.0,0.0229999999999999,0.0909999999999999,0.1399999999999999,1.3754,1.3555,1.31855,1.374956545273137,1.3560442436155715,1.330712717934826,0.0319999999999998,0.0192857142857142,0.0169999999999999,0.0,0.010101627947489,0.0048540813028766,2.081058663253648,67.5436234977758,1.3443333333333332,1.3020384615384617,1.349384795249639,1.3243418048460205,0.0250429904036186,0.0144068936207477,0.0143328851934894,6.09375
1.388,1.414,1.388,1.395,1.392,0.003,0.22,60,8394.0,0.0269999999999999,0.0829999999999999,0.123,1.3808,1.3638,1.3247,1.381637696848758,1.3631271084127403,1.3368353162267472,0.026,0.0177142857142857,0.0030000000000001,0.0,0.0095943688083827,0.004507361209814,2.128599941689276,68.0368209858096,1.3542500000000002,1.307423076923077,1.3564025190573867,1.3295757452277963,0.0268267738295902,0.0172161090288004,0.0168316629207095,-0.7356828193832599
1.387,1.391,1.386,1.391,1.395,-0.004,-0.29,26,3555.0,0.032,0.064,0.1149999999999999,1.3872,1.3702,1.33045,1.3847584645658388,1.3681949068831512,1.3419938575384855,0.0090000000000001,0.0177857142857142,0.0,0.004,0.008909056750641,0.0044711211233987,1.9925778132060037,66.58399338566632,1.36175,1.3138076923076922,1.3617252084331732,1.3341256900257374,0.0275995184074357,0.0197881344197133,0.0189852340180548,-0.5666666666666667
1.39,1.39,1.39,1.39,1.391,-0.001,-0.07,7,973.0,0.0069999999999998,0.0629999999999999,0.1139999999999998,1.3885999999999998,1.3765,1.33615,1.3865056430438925,1.3721594692680326,1.346565871106249,0.0010000000000001,0.0177142857142857,0.0,0.0010000000000001,0.0082726955541667,0.0042231839002988,1.9588764660665825,66.20338795930329,1.36825,1.3199615384615386,1.366075176366531,1.3382645278016088,0.0278106485649223,0.0219943357503241,0.0207503169274283,-0.7307692307692308
1.406,1.411,1.405,1.405,1.39,0.015,1.08,8,1125.0,0.03,0.062,0.1260000000000001,1.3946,1.3827,1.34245,1.3926704286959284,1.3781304748556629,1.3521310262389872,0.0210000000000001,0.0167142857142857,0.0150000000000001,0.0,0.0087532173002976,0.0039215279074203,2.232093588760318,69.06030185890893,1.37475,1.325923076923077,1.3720636107716802,1.3432078961126006,0.0288557146590795,0.0237912816845596,0.0223713964737585,0.1428571428571428
1.403,1.403,1.39,1.39,1.405,-0.015,-1.07,61,8480.0,-0.002,0.0209999999999999,0.1049999999999999,1.3942,1.3848,1.3477,1.3917802857972856,1.3802885703364514,1.3557375951686073,0.0150000000000001,0.0169285714285714,0.0,0.0150000000000001,0.0081279874931335,0.0047128473426046,1.7246447640380134,63.29796774982266,1.38,1.3305384615384612,1.3748230552683447,1.3466739778820376,0.0281490773863071,0.0251230180082661,0.0235269326562682,6.625
1.373,1.388,1.366,1.388,1.39,-0.002,-0.14,73,10118.0,-0.0070000000000001,0.0199999999999997,0.0849999999999999,1.3928,1.3868,1.35195,1.390520190531524,1.3816906484570963,1.3588102051525497,0.0239999999999998,0.0175,0.0,0.002,0.0075474169579097,0.0045190725324185,1.6701252090482326,62.54857275564053,1.38375,1.3357692307692308,1.376850277534753,1.3497351647055904,0.0271151128291626,0.0261371423364953,0.0242445686908471,0.1967213114754098
1.407,1.412,1.405,1.412,1.388,0.024,1.73,121,17012.0,0.0209999999999999,0.0529999999999999,0.1419999999999999,1.3969999999999998,1.3921,1.35905,1.397680127021016,1.3872014396467152,1.3638758998999256,0.024,0.0185714285714285,0.024,0.0,0.0087226014609161,0.0041962816372458,2.078650151480567,67.51823199141073,1.3873333333333333,1.341153846153846,1.3822579271447912,1.3543473747273984,0.0279105524173928,0.0268908683853251,0.0249777654361562,0.6575342465753424
1.417,1.433,1.417,1.419,1.412,0.007,0.5,97,13845.0,0.0290000000000001,0.036,0.141,1.4027999999999998,1.3957,1.3661,1.404786751347344,1.392982996074585,1.369125814195171,0.0210000000000001,0.0187857142857143,0.0070000000000001,0.0,0.0085995584994221,0.0038965472345854,2.206968883398418,68.81790761436069,1.3915833333333332,1.346653846153846,1.3879105537379002,1.3591364580809244,0.0287740956569757,0.0275649426838316,0.0257370314803201,-0.1983471074380165
1.422,1.446,1.422,1.446,1.419,0.027,1.9,379,54302.0,0.0409999999999999,0.0709999999999999,0.1699999999999999,1.411,1.4027999999999998,1.3746,1.4185245008982297,1.4026224513337513,1.3764471652242023,0.0269999999999999,0.0188571428571428,0.0269999999999999,0.0,0.0099138757494634,0.003618222432115,2.739985154441786,73.26192595143453,1.3988333333333334,1.3531923076923076,1.396847391624377,1.3655707945193745,0.0312765971050026,0.028257565650652,0.0268449446052566,2.9072164948453607
1.446,1.446,1.426,1.429,1.446,-0.017,-1.18,228,32916.0,0.0390000000000001,0.0370000000000001,0.1280000000000001,1.4187999999999998,1.4065,1.3809999999999998,1.422016333932153,1.4074183692730693,1.3814521971076117,0.02,0.0192857142857143,0.0,0.0169999999999999,0.0092057417673589,0.0045740636869639,2.0125958878961847,66.8060358172254,1.4026666666666667,1.3589615384615383,1.4017939467590883,1.370269254184606,0.0315246925744823,0.0287795566223067,0.0277808941991018,-0.3984168865435356
1.432,1.437,1.429,1.431,1.429,0.002,0.14,100,14256.0,0.0430000000000001,0.036,0.119,1.4274,1.4101,1.38695,1.4250108892881022,1.4117059384961474,1.3861710354783152,0.008,0.0186428571428571,0.002,0.0,0.0086910459268332,0.0042473448521808,2.0462303460880578,67.17254158786149,1.407333333333333,1.3645769230769231,1.4062871857192285,1.3747678279487094,0.031519357770519,0.029215094329316,0.0285285869133852,-0.5614035087719298
1.442,1.442,1.431,1.431,1.431,0.0,0.0,17,2445.0,0.0190000000000001,0.04,0.104,1.4312,1.4141,1.39215,1.4270072595254015,1.415213949678666,1.3904404606708567,0.0109999999999998,0.0176428571428571,0.0,-0.0,0.0080702569320594,0.003943963077025,2.0462303460880578,67.17254158786149,1.4105833333333333,1.3695,1.4100891571470395,1.3789331740265829,0.0311559831204566,0.0295867981688198,0.0290540661547995,-0.83
1.446,1.447,1.446,1.447,1.431,0.016,1.12,11,1591.0,0.028,0.0570000000000001,0.1200000000000001,1.4368,1.4198,1.3981499999999998,1.433671506350268,1.420993231555272,1.3958270834641084,0.016,0.0182142857142857,0.016,0.0,0.008636667151198,0.0036622514286661,2.3582944315605845,70.22298013532708,1.4149166666666666,1.3763076923076925,1.4157677483551874,1.383975161135725,0.0317925872194624,0.0299131173421957,0.0296017703677321,-0.3529411764705882
1.447,1.447,1.442,1.442,1.447,-0.005,-0.35,17,2458.0,-0.004,0.0369999999999999,0.0989999999999999,1.4360000000000002,1.4235,1.4030999999999998,1.4364476709001786,1.424812643999768,1.4002245040865744,0.0050000000000001,0.0162857142857143,0.0,0.0050000000000001,0.0080197623546839,0.0037578048980471,2.134161451237587,68.09353903561255,1.419166666666667,1.3826153846153846,1.419803479377466,1.3882732973478933,0.0315301820295728,0.0302887956358919,0.0299874527001002,0.5454545454545454
1.439,1.439,1.424,1.424,1.442,-0.018,-1.25,181,26035.0,-0.0050000000000001,0.034,0.0549999999999999,1.435,1.4269,1.4058499999999998,1.4322984472667857,1.4246648905452646,1.40248883703071,0.018,0.0157142857142857,0.0,0.018,0.0074469221864922,0.0047751045481866,1.5595307100281754,60.93033789037867,1.422,1.3883076923076925,1.420449097934779,1.390919719766568,0.0295293781682111,0.0305570473402306,0.0298958377937224,9.647058823529411
1.444,1.444,1.431,1.431,1.424,0.007,0.49,7,1006.0,0.0,0.0430000000000001,0.0629999999999999,1.435,1.4312,1.409,1.4318656315111906,1.4258167286279435,1.4052041858849282,0.02,0.0165,0.0070000000000001,0.0,0.0074149991731713,0.0044340256518875,1.6722950554006832,62.57898251246585,1.4241666666666666,1.3933076923076924,1.4220723136371207,1.393888629413489,0.0281836842236318,0.0305873953187016,0.0295534070797043,-0.9613259668508288
1.437,1.437,1.437,1.437,1.431,0.006,0.42,33,4742.0,0.006,0.0250000000000001,0.078,1.4362,1.4337,1.4129,1.4335770876741272,1.42785005069559,1.408232358657792,0.006,0.0168571428571428,0.006,0.0,0.0073139278036591,0.0041173095338955,1.7763852203599195,63.9819434037196,1.4280833333333334,1.3981153846153846,1.4243688807698716,1.397082064271749,0.0272868164981225,0.030422142078829,0.0291000889633879,3.7142857142857135
1.413,1.413,1.402,1.402,1.437,-0.035,-2.44,40,5623.0,-0.0450000000000001,-0.0170000000000001,0.0189999999999999,1.4272,1.432,1.4138499999999998,1.4230513917827516,1.42315004147821,1.4076388006903833,0.0350000000000001,0.0178571428571428,0.0,0.0350000000000001,0.006791504389112,0.0063232159957602,1.074058579315625,51.7853540891806,1.42925,1.4009999999999998,1.4209275144975837,1.397446355807175,0.0234811586904084,0.0295559822549852,0.027976302908792,0.2121212121212121
1.403,1.403,1.393,1.393,1.402,-0.009,-0.64,13,1762.0,-0.0489999999999999,-0.0529999999999999,0.018,1.4174,1.4267,1.41475,1.4130342611885012,1.417668215754899,1.406244629196061,0.01,0.0175,0.0,0.0089999999999998,0.0063063969327468,0.0065144148532058,0.968068057508399,49.18874902801819,1.4276666666666669,1.4035384615384614,1.4166309738056475,1.3971169961177548,0.0195139776878927,0.0282214583786975,0.0262838378646122,-0.675
1.403,1.41,1.403,1.406,1.393,0.013,0.93,36,5074.0,-0.018,-0.0230000000000001,0.014,1.4138,1.4244,1.41545,1.410689507459001,1.415546721981281,1.4062213311773886,0.0169999999999999,0.017,0.0129999999999999,0.0,0.0067845114375506,0.0060490995065483,1.1215737863472477,52.8651793100386,1.426583333333333,1.4059615384615385,1.4149954393740094,1.3977749964053283,0.0172204429686808,0.0266326900673821,0.0244711588854259,1.7692307692307692
1.405,1.405,1.405,1.405,1.406,-0.001,-0.07,8,1124.0,-0.026,-0.026,0.01,1.4086,1.4218,1.41595,1.4087930049726674,1.4136291361665028,1.4061050139223992,0.0009999999999998,0.0153571428571428,0.0,0.0009999999999998,0.0062999034777256,0.0056884495417948,1.1074904385524054,52.55019991042612,1.4231666666666667,1.4073461538461538,1.4134576794703155,1.3983101818567856,0.0151474976135299,0.0248539694555014,0.0226064266310467,-0.7777777777777778
1.388,1.409,1.388,1.409,1.405,0.004,0.28,114,15812.0,-0.028,-0.022,0.018,1.403,1.4196,1.41685,1.4088620033151118,1.4127874750453202,1.4063807268821706,0.0210000000000001,0.0153571428571428,0.004,0.0,0.006135624657888,0.0052821317173809,1.1615811543848291,53.73756853997956,1.4215,1.408923076923077,1.4127718826287283,1.3991020202377644,0.0136698623909641,0.022840333363446,0.0208191137830302,13.25
1.428,1.428,1.428,1.428,1.409,0.019,1.35,8,1142.0,0.026,-0.0190000000000001,0.038,1.4082,1.4177,1.41875,1.415241335543408,1.4155533886734435,1.4084397052743447,0.0189999999999999,0.0147857142857142,0.0189999999999999,0.0,0.007054508610896,0.0049048365947108,1.4382759699891494,58.98741519384083,1.42125,1.411576923076923,1.4151146699166164,1.4012426113312633,0.0138720585853531,0.0208783196474216,0.0194297027434948,-0.9298245614035088
1.401,1.401,1.401,1.401,1.428,-0.027,-1.89,28,3923.0,0.008,-0.0409999999999999,-0.004,1.4098,1.4136000000000002,1.41855,1.4104942236956055,1.4129073180055447,1.4077311619148831,0.0269999999999999,0.0152857142857142,0.0,0.0269999999999999,0.0065506151386892,0.0064830625522315,1.0104198572686038,50.25914629799669,1.41875,1.4122692307692308,1.4129431822371368,1.40122464012154,0.0117185421155967,0.0188993378637978,0.0178874706179151,2.5
1.403,1.408,1.403,1.408,1.401,0.007,0.5,44,6177.0,0.002,-0.016,0.018,1.4102,1.412,1.41945,1.4096628157970703,1.4120150783681729,1.407756765542037,0.0069999999999998,0.0152142857142857,0.0069999999999998,0.0,0.0065827140573542,0.0060199866556435,1.0934765197831722,52.23256671139674,1.4155,1.4135384615384616,1.4121826926621928,1.4017265186310557,0.010456174031137,0.0169296145090761,0.0164012113005595,0.5714285714285714
1.417,1.422,1.417,1.418,1.408,0.01,0.71,51,7234.0,0.0129999999999999,-0.0130000000000001,0.03,1.4128,1.4106999999999998,1.42095,1.412441877198047,1.413103245937596,1.408732311680891,0.014,0.0154285714285714,0.01,0.0,0.0068268059104003,0.0055899876088118,1.221256000574818,54.980425500652814,1.4135,1.4145384615384615,1.4130776630218551,1.402931961695422,0.0101457013264334,0.0150250461566662,0.0151501093057343,0.1590909090909091
1.396,1.415,1.396,1.415,1.418,-0.003,-0.21,150,21027.0,0.006,-0.022,0.0030000000000001,1.414,1.4085,1.4210999999999998,1.413294584798698,1.4134481103125789,1.409329234377949,0.022,0.0158571428571428,0.0,0.0029999999999998,0.0063391769168003,0.0054049884938967,1.1728381890097448,53.977244828537245,1.41275,1.4153076923076922,1.413373407172339,1.403825890458724,0.0095475167136149,0.0134768637148003,0.0140295907873104,1.9411764705882355
1.388,1.389,1.382,1.382,1.415,-0.033,-2.33,43,5965.0,-0.046,-0.02,-0.0370000000000001,1.4048,1.4065,1.41925,1.4028630565324651,1.407730272073928,1.4067264501514776,0.0330000000000001,0.0178571428571428,0.0,0.0330000000000001,0.0058863785656003,0.0073760607443326,0.7980382442109171,44.383830365140106,1.4086666666666667,1.4149615384615386,1.4085467291458251,1.4022091578321518,0.0063375713136735,0.0120128185621093,0.012491186892583,-0.7133333333333334
1.393,1.393,1.373,1.373,1.382,-0.009,-0.65,42,5811.0,-0.028,-0.02,-0.0729999999999999,1.3992,1.4045,1.4156,1.392908704354977,1.4014156771513957,1.4035144072799084,0.02,0.018,0.0,0.0089999999999998,0.0054659229537717,0.0074920564054517,0.7295624402659762,42.18190816827534,1.403333333333333,1.4143076923076925,1.4030780015849291,1.4000455165112515,0.0030324850736775,0.0104363787959978,0.0105994465288019,-0.0232558139534884
1.369,1.37,1.369,1.37,1.373,-0.003,-0.22,12,1643.0,-0.0379999999999998,-0.0359999999999998,-0.0589999999999999,1.3916,1.4009,1.41265,1.3852724695699847,1.3957037358511415,1.400322558967536,0.004,0.0168571428571428,0.0,0.0029999999999998,0.0050754998856451,0.0071711952336337,0.7077620564338377,41.44383310118695,1.4006666666666667,1.4129615384615382,1.3979890782641708,1.3978199226956034,0.0001691555685674,0.0087721185687797,0.008513388336755,-0.7142857142857143
1.379,1.383,1.379,1.383,1.37,0.013,0.95,8,1104.0,-0.0349999999999999,-0.022,-0.048,1.3846,1.3986999999999998,1.41025,1.3845149797133232,1.3933939656963887,1.3986727914468184,0.0129999999999999,0.0173571428571428,0.0129999999999999,0.0,0.005641535608099,0.0066589670026599,0.847208824708932,45.86426901909307,1.3998333333333333,1.412692307692308,1.3956830662235291,1.3967221506440772,-0.0010390844205481,0.0071377911452784,0.0066028937852944,-0.3333333333333333
1.408,1.408,1.408,1.408,1.383,0.025,1.81,1,141.0,-0.0070000000000001,-0.0010000000000001,-0.0230000000000001,1.3832,1.3986,1.4091,1.3923433198088822,1.3960496082970453,1.399561097023312,0.0249999999999999,0.0166428571428571,0.0249999999999999,0.0,0.0070242830646634,0.0061833265024699,1.13600390693546,53.183606230631526,1.4,1.4134615384615383,1.397577979112217,1.3975575468926642,2.0432219552724007e-05,0.0055987215490783,0.005286401472146,-0.875
1.42,1.437,1.42,1.437,1.408,0.029,2.06,25,3558.0,0.0550000000000001,0.0090000000000001,-0.01,1.3942,1.3995,1.4086,1.407228879872588,1.4034951340612187,1.4031267068306157,0.0290000000000001,0.0179999999999999,0.0290000000000001,0.0,0.0085939771314732,0.005741660323722,1.496775609655372,59.94834312972045,1.4026666666666667,1.4144230769230768,1.4036429054026451,1.4004792100858,0.003163695316845,0.0046481830158837,0.0048618602410858,24.0
1.437,1.437,1.436,1.436,1.437,-0.001,-0.07,33,4687.0,0.0629999999999999,0.0349999999999999,-0.006,1.4068,1.403,1.4083,1.416819253248392,1.4094051096864515,1.4062574966562713,0.0010000000000001,0.0168571428571428,0.0,0.0010000000000001,0.0079801216220822,0.005402970300599,1.476987874835699,59.62838534014499,1.4049166666666668,1.4150769230769231,1.4086209199560844,1.4031103797090745,0.0055105402470101,0.0040986681509807,0.0049915962422707,0.32
1.435,1.44,1.43,1.44,1.436,0.004,0.28,299,42876.0,0.0699999999999998,0.032,0.016,1.4207999999999998,1.4062,1.4091,1.4245461688322614,1.4149678170161877,1.4094710684032932,0.01,0.0175,0.004,0.0,0.0076958272205049,0.0050170438505563,1.5339366068430156,60.53571358890934,1.4059166666666665,1.4148461538461536,1.4134484707320714,1.4058429441750688,0.0076055265570025,0.0038164265099328,0.005514382305217,8.06060606060606
1.448,1.448,1.443,1.443,1.44,0.003,0.21,4,578.0,0.06,0.0250000000000001,0.012,1.4328,1.4087,1.4097,1.4306974458881745,1.4200645775586986,1.412664299983932,0.008,0.0165714285714285,0.0030000000000001,0.0,0.0073604109904688,0.0046586835755165,1.5799336596181577,61.23931341133769,1.4094166666666668,1.4153846153846157,1.417994859850214,1.4085953186806193,0.0093995411695948,0.0037999847828195,0.0062914140780926,-0.9866220735785952
1.441,1.441,1.44,1.441,1.443,-0.002,-0.14,28,4035.0,0.0330000000000001,0.026,0.004,1.4394,1.4113,1.4099,1.4341316305921163,1.4238710180025715,1.4153629380807005,0.0030000000000001,0.0154285714285714,0.0,0.002,0.0068346673482925,0.0044687776058368,1.5294266018889744,60.46534818392436,1.4121666666666668,1.415769230769231,1.4215341121809504,1.410995665445018,0.0105384467359324,0.004266748718626,0.0071408206096605,6.0
1.443,1.443,1.443,1.443,1.441,0.002,0.14,1,144.0,0.006,0.0610000000000001,0.0410000000000001,1.4406,1.4174,1.41195,1.4370877537280775,1.4273490147293766,1.4179950392158718,0.002,0.0136428571428571,0.002,0.0,0.0064893339662716,0.0041495792054198,1.5638535005659664,60.99621137560116,1.41425,1.4162307692307694,1.424836556460804,1.413366356893535,0.011470199567269,0.0052042725512473,0.0080066964011822,-0.9642857142857144
1.443,1.443,1.443,1.443,1.443,0.0,0.0,5,722.0,0.0070000000000001,0.07,0.05,1.442,1.4244,1.41445,1.4390585024853852,1.4301946484149444,1.4203764640524554,0.0,0.0131428571428571,0.0,-0.0,0.0060258101115379,0.003853180690747,1.5638535005659664,60.99621137560116,1.4165833333333333,1.416076923076923,1.427630932389911,1.415561441568088,0.012069490821823,0.0065265320238312,0.0088192552853104,4.0
1.384,1.388,1.371,1.371,1.443,-0.072,-4.99,257,35540.0,-0.0689999999999999,0.0009999999999998,-0.0349999999999999,1.4282,1.4245,1.4126999999999998,1.4163723349902568,1.4194319850667727,1.4156739436665071,0.072,0.0172857142857143,0.0,0.072,0.0055953951035709,0.0087208106414079,0.6416141037397397,39.08434401715281,1.4156666666666666,1.4133461538461538,1.4189184812530016,1.412260594044526,0.0066578872084757,0.0073817510937228,0.0083869816699434,50.4
1.371,1.377,1.371,1.377,1.371,0.006,0.44,45,6183.0,-0.066,-0.006,-0.028,1.415,1.4239000000000002,1.4113,1.403248223326838,1.4117170786909958,1.411990710936364,0.006,0.0161428571428571,0.006,0.0,0.0056242954533158,0.0080978955955931,0.694537906413197,40.98686159717224,1.416,1.4115384615384614,1.412469484137155,1.409648698189376,0.0028207859477791,0.0076929015079702,0.0072737425255106,-0.8249027237354085
1.377,1.377,1.377,1.377,1.377,0.0,0.0,72,9914.0,-0.064,-0.0309999999999999,-0.032,1.4022,1.4208,1.4097,1.3944988155512252,1.4054048825653602,1.408658262275758,0.0,0.0137857142857143,0.0,-0.0,0.0052225600637933,0.0075194744816221,0.694537906413197,40.98686159717224,1.4165833333333333,1.4094615384615383,1.4070126404237464,1.407230276101274,-0.0002176356775276,0.007317198064151,0.0057754668849029,0.6000000000000001
1.382,1.4,1.382,1.399,1.377,0.022,1.6,61,8515.0,-0.044,-0.038,-0.0289999999999999,1.3934,1.417,1.4082500000000002,1.3959992103674836,1.4042403584625671,1.4077384277733047,0.0229999999999999,0.014,0.022,0.0,0.0064209486306652,0.0069823691615063,0.9195945505235988,47.90566582264809,1.4179166666666667,1.408,1.405779926512401,1.406620626019698,-0.0008406995072971,0.0066115047581168,0.0044522336064629,-0.1527777777777778
1.408,1.408,1.408,1.408,1.399,0.009,0.64,50,7040.0,-0.0350000000000001,-0.028,0.0069999999999998,1.3864,1.4142,1.4086,1.3999994735783226,1.4049239296511913,1.4077633394139424,0.0089999999999998,0.0143571428571428,0.0089999999999998,0.0,0.0066051665856177,0.006483628507113,1.0187453797470614,50.464282913910864,1.4179166666666667,1.4082307692307694,1.4061214762797238,1.4067228018700908,-0.0006013255903669,0.005699632297298,0.0034415217670969,-0.180327868852459
1.413,1.413,1.411,1.411,1.408,0.003,0.21,6,847.0,0.04,-0.0289999999999999,0.0030000000000001,1.3944,1.4113000000000002,1.40875,1.4036663157188818,1.4060286697146112,1.408071592803091,0.0050000000000001,0.0137857142857143,0.0030000000000001,0.0,0.006347654686645,0.0060205121851763,1.0543379851093315,51.32251814217513,1.41575,1.408923076923077,1.4068720183905357,1.407039631361195,-0.0001676129706593,0.0046366151706031,0.0027196948195456,-0.88
1.397,1.397,1.397,1.397,1.411,-0.014,-0.99,1,140.0,0.02,-0.046,-0.0209999999999999,1.3984,1.4067,1.4077,1.4014442104792546,1.4043870934028635,1.4070171553932729,0.014,0.013,0.0,0.014,0.005894250780456,0.0065904756005209,0.8943589412561085,47.21169371751049,1.4125,1.4085769230769232,1.4053532463304532,1.4062959549640697,-0.0009427086336162,0.0033609312406532,0.0019872141289133,-0.8333333333333334
1.385,1.385,1.367,1.367,1.397,-0.03,-2.15,21,2873.0,-0.01,-0.074,-0.048,1.3964,1.3993,1.4053,1.3899628069861698,1.3975894400568882,1.4032059977367706,0.03,0.0130714285714285,0.0,0.03,0.0054732328675663,0.0082625844861979,0.6624117280384835,39.84643015121637,1.4064166666666669,1.4071153846153843,1.3994527468949989,1.4033851434852491,-0.0039323965902504,0.0016495316675955,0.0008032919850805,20.0
1.367,1.367,1.342,1.345,1.367,-0.022,-1.61,11,1497.0,-0.054,-0.098,-0.0369999999999999,1.3856,1.3895000000000002,1.40345,1.3749752046574466,1.3880277236829086,1.3976625693808875,0.0249999999999999,0.0147857142857142,0.0,0.022,0.0050822876627402,0.0092438284514695,0.5498033298024083,35.475683864513655,1.39825,1.4046538461538465,1.391075401218845,1.3990603180418977,-0.0079849168230523,-0.0005787358485017,-0.000954349776546,-0.4761904761904761
1.325,1.325,1.318,1.318,1.345,-0.027,-2.01,3,397.0,-0.0899999999999998,-0.125,-0.0549999999999999,1.3676,1.377,1.4007,1.355983469771631,1.375295410286016,1.3900756580112792,0.0269999999999999,0.0159999999999999,0.0,0.0269999999999999,0.0047192671154016,0.0105121264192217,0.4489355366552957,30.98381710559828,1.388,1.4004230769230768,1.3798330318005614,1.393055850038794,-0.0132228182382325,-0.0027877031203581,-0.0034080434688833,-0.7272727272727273
1.337,1.337,1.328,1.328,1.318,0.01,0.76,15,1999.0,-0.0829999999999999,-0.0429999999999999,-0.042,1.3510000000000002,1.3727,1.3986,1.3466556465144208,1.3666962447794675,1.3841636905816337,0.0189999999999999,0.0167857142857142,0.01,0.0,0.0050964623214443,0.0097612602464201,0.5221110996721376,34.301773358370504,1.3784166666666666,1.3976153846153847,1.3718587192158596,1.3882368981840685,-0.0163781789682089,-0.0049209214443568,-0.0060020705687484,4.0
1.329,1.329,1.329,1.329,1.328,0.001,0.08,2,266.0,-0.068,-0.048,-0.054,1.3374,1.3679,1.3959,1.3407704310096138,1.3598423820922916,1.378910005764335,0.0009999999999998,0.0166428571428571,0.0009999999999998,0.0,0.0048038578699126,0.0090640273716758,0.5299915449201044,34.64016168453926,1.3689166666666666,1.3945769230769232,1.3652650701057274,1.3838489798000633,-0.0185839096943358,-0.0069616185573355,-0.0085184383938659,-0.8666666666666667
1.316,1.322,1.316,1.319,1.329,-0.01,-0.75,22,2898.0,-0.048,-0.058,-0.0889999999999999,1.3278,1.3621,1.39145,1.333513620673076,1.3524164944391477,1.3732042909296365,0.0129999999999999,0.0174285714285713,0.0,0.01,0.0044607251649188,0.0091308825594133,0.4885316546230409,32.81970209405844,1.3645833333333333,1.390769230769231,1.3581473670125386,1.3790453516667251,-0.0208979846541865,-0.0091902057958788,-0.01099434764593,10.0
1.317,1.317,1.308,1.308,1.319,-0.011,-0.83,6,788.0,-0.0369999999999999,-0.0909999999999999,-0.129,1.3204,1.3530000000000002,1.385,1.3250090804487171,1.3443407681774846,1.3669943584601474,0.0109999999999998,0.0182142857142856,0.0,0.0109999999999998,0.0041421019388532,0.0092643909480266,0.4470992170009307,30.89623791847046,1.3588333333333331,1.3866538461538462,1.350432387472148,1.3737827330247454,-0.0233503455525974,-0.011717874680571,-0.0134655472272635,-0.7272727272727273
1.308,1.308,1.308,1.308,1.308,0.0,0.0,1,131.0,-0.01,-0.0999999999999998,-0.1279999999999999,1.3184,1.3430000000000002,1.3786,1.3193393869658117,1.3377333557815785,1.3613758481306095,0.0,0.0130714285714285,0.0,-0.0,0.0038462375146494,0.0086026487374533,0.4470992170009306,30.896237918470455,1.3530833333333332,1.3838076923076923,1.3439043278610483,1.3689099379858751,-0.025005610124827,-0.0144776521421452,-0.0157735598067762,-0.8333333333333334
1.299,1.299,1.29,1.29,1.308,-0.018,-1.38,33,4259.0,-0.038,-0.121,-0.1499999999999999,1.3108,1.3309,1.3711,1.3095595913105411,1.3290545638212914,1.3545781483086463,0.018,0.0139285714285713,0.0,0.018,0.003571506263603,0.0092738881133495,0.3851142282449957,27.803788336861817,1.344,1.3806153846153846,1.3356113543439638,1.363064757394329,-0.0274534030503652,-0.0174232848551173,-0.018109528455494,32.0
1.294,1.301,1.294,1.3,1.29,0.01,0.78,31,4024.0,-0.0289999999999999,-0.0969999999999999,-0.143,1.3050000000000002,1.3212,1.36395,1.3063730608736943,1.3237719158537835,1.349380229422109,0.0109999999999998,0.0147142857142856,0.01,0.0,0.0040306843876313,0.0086114675338245,0.4680601037859657,31.882897885372003,1.335,1.377923076923077,1.3301326844448924,1.358393293883638,-0.0282606094387456,-0.0201264196160612,-0.0201397446521443,-0.0606060606060605
1.265,1.265,1.265,1.265,1.3,-0.035,-2.69,3,380.0,-0.054,-0.102,-0.1760000000000001,1.2942,1.311,1.35515,1.292582040582463,1.3130861129712774,1.3413440170961937,0.0350000000000001,0.0155714285714285,0.0,0.0350000000000001,0.0037427783599434,0.0104963627099799,0.3565786037847949,26.285141368878755,1.3228333333333333,1.3733846153846154,1.3201122714533704,1.3514752721144796,-0.0313630006611092,-0.0227239844869565,-0.0223843958539373,-0.9032258064516128
1.258,1.258,1.255,1.255,1.265,-0.01,-0.79,13,1632.0,-0.0530000000000001,-0.09,-0.1880000000000001,1.2836,1.302,1.34575,1.2800546937216422,1.3025250015219545,1.3331207773727467,0.01,0.0156428571428571,0.0,0.01,0.0034754370485189,0.0104609082306956,0.3322309088154368,24.93793730629193,1.3110000000000002,1.3675,1.3100949989220827,1.3443289556615552,-0.0342339567394724,-0.0250585554315387,-0.0247543080310443,3.333333333333333
1.26,1.26,1.258,1.258,1.255,0.003,0.24,73,9184.0,-0.05,-0.06,-0.185,1.2736,1.2959999999999998,1.3365,1.2727031291477615,1.2944295466997806,1.3259664176229613,0.0050000000000001,0.0156428571428571,0.0030000000000001,0.0,0.0034414772593389,0.0097137004999316,0.3542910613069852,26.16062908700509,1.3019166666666666,1.3606153846153846,1.3020803837033008,1.3379342182051437,-0.0358538345018428,-0.027222517157498,-0.026974213325204,4.615384615384615
1.27,1.305,1.27,1.304,1.258,0.046,3.66,246,32055.0,0.014,-0.024,-0.0669999999999999,1.2764,1.2936,1.33315,1.283135419431841,1.2961696291180025,1.323874377849346,0.0469999999999999,0.0179999999999999,0.046,0.0,0.0064813717408147,0.0090198647499365,0.7185663998853596,41.81196606271908,1.2985,1.3555384615384616,1.3023757092874084,1.3354205724121702,-0.0330448631247617,-0.0288292897608786,-0.0281883432851156,2.3698630136986303
1.31,1.33,1.31,1.33,1.304,0.026,1.99,11,1454.0,0.03,0.0010000000000001,-0.0469999999999999,1.2823999999999998,1.2937,1.3308000000000002,1.298756946287894,1.3023206056420018,1.3244577704351226,0.026,0.0177142857142856,0.026,0.0,0.0078755594736137,0.0083755886963696,0.940299214672196,48.46155724652267,1.2995,1.3513076923076923,1.3066256001662686,1.335019048529787,-0.0283934483635184,-0.0296621190619155,-0.0282293643007961,-0.9552845528455284
1.334,1.346,1.331,1.346,1.33,0.016,1.2,56,7480.0,0.0810000000000001,0.0270000000000001,-0.0309999999999999,1.2986,1.2964,1.32925,1.314504630858596,1.3102623137070923,1.3265094113460634,0.016,0.0170714285714285,0.016,0.0,0.0084558766540698,0.0077773323609146,1.0872464055368454,52.08998816108646,1.301,1.347576923076923,1.312683200140689,1.3358324523423952,-0.0231492522017062,-0.0296397753562609,-0.0272133418809781,4.090909090909091
1.346,1.346,1.343,1.343,1.346,-0.003,-0.22,145,19474.0,0.088,0.0349999999999999,-0.056,1.3161999999999998,1.2998999999999998,1.32645,1.3240030872390642,1.316214620305803,1.328079943598819,0.0030000000000001,0.0153571428571428,0.0,0.0030000000000001,0.0078518854644934,0.007436094335135,1.0559152574751236,51.35986289492772,1.3021666666666667,1.3438076923076925,1.3173473231959676,1.336363381798514,-0.0190160586025465,-0.0289742696315631,-0.0255738852252918,1.5892857142857144
1.344,1.346,1.34,1.34,1.343,-0.003,-0.22,17,2284.0,0.082,0.032,-0.0679999999999998,1.3326,1.3031,1.32305,1.3293353914927095,1.3205392347956568,1.3292151870655986,0.006,0.0144285714285714,0.0,0.0029999999999998,0.0072910365027439,0.0071192304540539,1.0241326713327707,50.59612375400474,1.3039166666666666,1.3398461538461537,1.320832350396588,1.33663276092455,-0.0158004105279621,-0.0276794926846294,-0.0236191902858259,-0.8827586206896552
1.35,1.35,1.318,1.318,1.34,-0.022,-1.64,43,5765.0,0.014,0.028,-0.0929999999999999,1.3354,1.3059,1.3184,1.3255569276618069,1.3200775557419009,1.328147074011732,0.032,0.0166428571428571,0.0,0.022,0.0067702481811193,0.0081821425644787,0.8274419722911175,45.2787002179735,1.30475,1.3350384615384614,1.3203966041817283,1.3352525564116204,-0.0148559522298921,-0.0261900863280901,-0.0218665426746391,1.5294117647058822
1.309,1.309,1.309,1.309,1.318,-0.009,-0.68,1,131.0,-0.0210000000000001,0.0089999999999998,-0.088,1.3312,1.3068,1.314,1.3200379517745378,1.3180634546979189,1.326323543153472,0.0090000000000001,0.0163571428571428,0.0,0.0090000000000001,0.0062866590253251,0.0082405609527302,0.7628921212265589,43.275031525795534,1.3048333333333333,1.3326538461538462,1.3186432804614625,1.3333079226033522,-0.0146646421418898,-0.024334713159288,-0.0204261625680893,-0.9767441860465116
1.313,1.325,1.31,1.31,1.309,0.001,0.08,60,7932.0,-0.036,0.0450000000000001,-0.0569999999999999,1.3240000000000005,1.3113,1.31115,1.316691967849692,1.31659737202557,1.3247689199959984,0.016,0.0167142857142857,0.0010000000000001,0.0,0.0059090405235161,0.0076519494561066,0.7722268106201977,43.57381380264493,1.3065,1.3300769230769232,1.3173135450058528,1.3315814098179186,-0.0142678648120657,-0.0221162585006873,-0.0191945030168845,59.0
1.31,1.31,1.283,1.297,1.31,-0.013,-0.99,30,3876.0,-0.046,0.042,-0.048,1.3148000000000002,1.3155,1.30875,1.3101279785664617,1.3130342134754662,1.322124260948761,0.0270000000000001,0.0186428571428571,0.0,0.0130000000000001,0.0054869662004078,0.0080339530663847,0.6829721502066239,40.5813102803141,1.30625,1.3270000000000002,1.3141883842357216,1.32901982390548,-0.0148314396697584,-0.0197804368526779,-0.0183218903474593,-0.5
1.309,1.32,1.309,1.32,1.297,0.023,1.77,2,263.0,-0.02,0.062,0.002,1.3108,1.3217,1.30885,1.313418652377641,1.3143007201162904,1.321921950382212,0.0230000000000001,0.019,0.0230000000000001,0.0,0.006737897186093,0.0074600992759287,0.9031913566933412,47.45667604662579,1.3108333333333333,1.3239615384615386,1.3150824789686877,1.3283516888013704,-0.0132692098326829,-0.0175831420424469,-0.017311354244504,-0.9333333333333332
1.372,1.372,1.371,1.371,1.32,0.051,3.86,6,823.0,0.0529999999999999,0.0669999999999999,0.0429999999999999,1.3214,1.3284,1.311,1.3326124349184274,1.3246096800951466,1.3265960503458107,0.052,0.0219285714285714,0.0509999999999999,0.0,0.0098994759585149,0.0069272350419337,1.429065983554595,58.83191289284612,1.3205,1.3225384615384614,1.3236851745119664,1.331510822964232,-0.0078256484522656,-0.0152978309411966,-0.0154142130860563,2.0
1.372,1.377,1.366,1.366,1.371,-0.005,-0.36,28,3854.0,0.0570000000000001,0.036,0.0370000000000001,1.3328,1.332,1.31285,1.3437416232789516,1.3321351928051195,1.3303488074557337,0.0109999999999998,0.0202142857142857,0.0,0.0049999999999998,0.0091923705329067,0.0067895753960813,1.3538947572792506,57.51721707576044,1.3295,1.3208076923076923,1.3301951476639715,1.3340655768187335,-0.0038704291547619,-0.0131557394915361,-0.0131054562997975,3.666666666666667
1.371,1.371,1.371,1.371,1.366,0.005,0.37,7,960.0,0.0609999999999999,0.0249999999999999,0.052,1.345,1.3345,1.31545,1.3528277488526346,1.339201521386007,1.3342203496028064,0.0049999999999998,0.0198571428571428,0.0049999999999998,0.0,0.0088929154948419,0.0063046057249327,1.4105426862259354,58.51556557309303,1.3350833333333334,1.3198076923076922,1.3364728172541298,1.336801460017346,-0.000328642763216,-0.0110793599538327,-0.0105500935924812,-0.75
1.374,1.374,1.374,1.374,1.371,0.003,0.22,226,31052.0,0.0770000000000001,0.0310000000000001,0.066,1.3603999999999998,1.3376,1.31875,1.3598851659017566,1.345528517497642,1.3380088877358725,0.0030000000000001,0.0197142857142857,0.0030000000000001,0.0,0.0084719929594961,0.0058542767445803,1.4471459633914874,59.13607055076906,1.33875,1.3200769230769231,1.3422462299842637,1.3395569074234683,0.0026893225607953,-0.009024945166193,-0.0079022103618259,31.285714285714285
1.36,1.36,1.358,1.358,1.374,-0.016,-1.16,16,2174.0,0.038,0.018,0.05,1.368,1.3394,1.32125,1.359256777267838,1.347796059770798,1.3399128031895988,0.016,0.0175,0.0,0.016,0.0078668506052464,0.0065789712628246,1.1957569490687887,54.45761879865184,1.3397500000000002,1.320576923076923,1.3446698869097615,1.3409230624291373,0.0037468244806242,-0.0069579699761356,-0.0055724033933358,-0.9292035398230089
1.377,1.382,1.377,1.382,1.358,0.024,1.77,10,1378.0,0.0109999999999998,0.0639999999999998,0.0919999999999998,1.3702,1.3458,1.32585,1.366837851511892,1.3540149579942893,1.3439211076477322,0.0239999999999998,0.0173571428571428,0.0239999999999998,0.0,0.0090192184191573,0.0061090447440514,1.4763713145070103,59.61833372314453,1.343,1.3230384615384616,1.3504129812313368,1.3439657985454976,0.0064471826858392,-0.0046122116619435,-0.0031684861775008,-0.375
1.379,1.386,1.379,1.386,1.382,0.004,0.29,2,277.0,0.0199999999999997,0.0769999999999999,0.0859999999999998,1.3742,1.3535,1.3301500000000002,1.3732252343412614,1.3598304201771456,1.347928621205091,0.0069999999999998,0.0167142857142857,0.004,0.0,0.0086607028177889,0.0056726844051906,1.526737995483102,60.42328085509301,1.346833333333333,1.3252692307692309,1.3558879071957466,1.347079443097683,0.0088084640980636,-0.0020481751163736,-0.0007730961223879,-0.8
1.391,1.397,1.387,1.387,1.386,0.001,0.07,55,7657.0,0.016,0.0769999999999999,0.1220000000000001,1.3774000000000002,1.3612,1.3362500000000002,1.3778168228941745,1.3647703437813008,1.3516497048998442,0.0110000000000001,0.0172857142857143,0.0010000000000001,0.0,0.0081135097593755,0.0052674926619627,1.5402982557458975,60.63454369036781,1.3525833333333332,1.3275,1.3606743830117858,1.3500365213867436,0.0106378616250422,0.0007817472497153,0.001509095427098,26.5
1.374,1.381,1.374,1.378,1.387,-0.009,-0.65,48,6597.0,0.0039999999999997,0.0809999999999999,0.123,1.3782,1.3693000000000002,1.3424,1.3778778819294497,1.367175735821064,1.3541592568141447,0.0129999999999999,0.0177857142857142,0.0,0.0090000000000001,0.0075339733479915,0.0055341003289653,1.361372743562099,57.65175139222139,1.3583333333333334,1.3297692307692306,1.363339862548434,1.3521078901729109,0.0112319723755234,0.0035041008284049,0.0034536708167831,-0.1272727272727273
1.378,1.378,1.369,1.369,1.378,-0.009,-0.65,7,962.0,0.0109999999999998,0.0489999999999999,0.1109999999999999,1.3803999999999998,1.3742,1.34795,1.3749185879529666,1.367507420217234,1.3555726609270833,0.0089999999999998,0.0161428571428571,0.0,0.0089999999999998,0.0069958323945635,0.0057816645911821,1.2100031546681558,54.75119581219984,1.36325,1.3321153846153846,1.3642106529255982,1.35335915756751,0.0108514953580882,0.0055793390295553,0.0049332357250441,-0.8541666666666666
1.366,1.366,1.366,1.366,1.369,-0.003,-0.22,3,410.0,-0.0159999999999997,-0.0049999999999998,0.062,1.3772,1.3737,1.35105,1.3719457253019778,1.3672333438141009,1.3565657408387897,0.0029999999999998,0.0157142857142856,0.0,0.0029999999999998,0.0064961300806661,0.0055829742632405,1.1635608144278973,53.77989870534671,1.369,1.3343461538461538,1.3644859370908908,1.354295516266213,0.0101904208246779,0.0071416556939375,0.0059846727449709,-0.5714285714285714
1.358,1.358,1.358,1.358,1.366,-0.008,-0.59,5,679.0,-0.0279999999999998,-0.008,0.028,1.3716000000000002,1.3729,1.35245,1.3672971502013187,1.3655545540297187,1.3567023369493811,0.008,0.0151428571428571,0.0,0.008,0.00603212078919,0.0057556189587233,1.0480403293632858,51.17283650801498,1.3721666666666668,1.3369615384615383,1.3634881006153692,1.3545699224687155,0.0089181781466536,0.0081690802394786,0.0065713738253074,0.6666666666666667
1.342,1.342,1.342,1.342,1.358,-0.016,-1.18,1,134.0,-0.0449999999999999,-0.0289999999999999,-0.004,1.3626,1.37,1.35225,1.3588647668008793,1.361271907842497,1.3553021143827737,0.016,0.0143571428571428,0.0,0.016,0.0056012550185335,0.0064873604616717,0.8634104812930681,46.33495893475524,1.36975,1.338576923076923,1.3601822389822356,1.3536388171006626,0.0065434218815729,0.0085973134973428,0.0065657834365605,-0.8
1.361,1.374,1.361,1.374,1.342,0.032,2.38,78,10652.0,-0.0039999999999997,0.0,0.0310000000000001,1.3618,1.37,1.3538,1.3639098445339195,1.3635861064165886,1.3570828653939375,0.032,0.0149999999999999,0.032,0.0,0.0074868796600669,0.0060239775715522,1.2428465363853665,55.413801890715725,1.3704166666666666,1.3427692307692307,1.362308048369584,1.355147052870984,0.0071609954986,0.0089766658326734,0.0066848258489684,77.0
1.373,1.373,1.371,1.371,1.374,-0.003,-0.22,13,1783.0,0.002,0.0129999999999999,0.0309999999999999,1.3622,1.3713,1.35535,1.36627322968928,1.364934087068118,1.3584083067849912,0.0030000000000001,0.0114999999999999,0.0,0.0030000000000001,0.0069521025414906,0.0058079791735842,1.196991644376083,54.4832133267404,1.3704166666666666,1.3472307692307692,1.3636452716973404,1.356321345250911,0.0073239264464293,0.0090740818060723,0.0068126459684606,-0.8333333333333334
1.391,1.391,1.385,1.385,1.371,0.014,1.02,51,7064.0,0.0189999999999999,0.0030000000000001,0.0669999999999999,1.366,1.3716,1.3587000000000002,1.3725154864595202,1.3685824348739146,1.3609408489959445,0.02,0.0121428571428571,0.014,0.0,0.007455523788527,0.0053931235183282,1.382412949228744,58.02574862919004,1.3713333333333333,1.3521153846153846,1.3669306145131344,1.3584456900471398,0.0084849244659945,0.0090381329580647,0.0071471016679674,2.923076923076923
1.382,1.382,1.382,1.382,1.385,-0.003,-0.22,1,138.0,0.0239999999999998,-0.004,0.0729999999999999,1.3707999999999998,1.3712,1.36235,1.3756769909730135,1.3710219921695666,1.362946482424902,0.0030000000000001,0.0119999999999999,0.0,0.0030000000000001,0.0069229863750608,0.0052221861241619,1.3256874057072845,57.00196004218024,1.3733333333333333,1.3551153846153847,1.3692489815111135,1.3601904537473517,0.009058527763762,0.0088626514179224,0.0075293868871263,-0.9803921568627452
1.387,1.387,1.384,1.384,1.382,0.002,0.14,16,2218.0,0.0419999999999998,-0.0030000000000001,0.0739999999999998,1.3792,1.3709,1.36605,1.3784513273153425,1.373381629956918,1.364951579336816,0.0050000000000001,0.0121428571428571,0.002,0.0,0.0065713444911279,0.0048491728295789,1.3551475111474829,57.53981458627291,1.3735,1.357192307692308,1.3715183689709425,1.3619541238401405,0.009564245130802,0.0086773483907311,0.0079363585358614,15.0
1.522,1.522,1.382,1.385,1.384,0.001,0.07,250,35314.0,0.0109999999999998,0.0070000000000001,0.088,1.3814,1.3716,1.3704500000000002,1.3806342182102285,1.3754940608738415,1.36686095273331,0.1400000000000001,0.021,0.0010000000000001,0.0,0.0061733913131902,0.0045028033417519,1.3710106448460533,57.82389243280143,1.3734166666666667,1.3586923076923076,1.373592466052336,1.363661225777908,0.009931240274428,0.00857509782588,0.0083353348835747,14.625
1.378,1.385,1.378,1.378,1.385,-0.007,-0.51,122,16821.0,0.0069999999999998,0.0089999999999998,0.0579999999999998,1.3828,1.3725,1.3733499999999998,1.3797561454734857,1.3759496861695069,1.3679218143777565,0.0070000000000001,0.0197857142857143,0.0,0.0070000000000001,0.0057324347908195,0.0046811745316267,1.2245719000841022,55.04753071985697,1.3726666666666667,1.3600384615384618,1.3742705481981303,1.3647233572017663,0.0095471909963638,0.0085036278449562,0.0085777061061325,-0.512
1.381,1.385,1.376,1.383,1.378,0.005,0.36,88,12134.0,-0.002,0.0169999999999999,0.012,1.3824,1.3742,1.37395,1.3808374303156572,1.3772315614114148,1.369357832056065,0.0090000000000001,0.0199285714285714,0.0050000000000001,0.0,0.0056801180200466,0.0043468049222248,1.3067340544786608,56.64866532583413,1.3730833333333334,1.3616923076923075,1.3756135407830334,1.3660771825942282,0.0095363581888052,0.0085723145163064,0.0087694365226671,-0.2786885245901639
1.379,1.381,1.379,1.381,1.383,-0.002,-0.14,31,4279.0,-0.0009999999999998,0.0229999999999999,0.0149999999999999,1.3822,1.3764999999999998,1.3747,1.3808916202104382,1.3779167320638848,1.370466609955488,0.004,0.0194285714285714,0.0,0.002,0.005274395304329,0.0041791759992088,1.262065848705012,55.79262201529279,1.374083333333333,1.3641153846153846,1.376442226816413,1.3671825764761372,0.0092596503402757,0.0088741176783845,0.0088674792861888,-0.6477272727272727
1.373,1.373,1.373,1.373,1.381,-0.008,-0.58,11,1510.0,-0.0109999999999998,0.0309999999999999,0.002,1.38,1.3796,1.3748,1.3782610801402924,1.377022780779542,1.3707078851978225,0.008,0.0190714285714286,0.0,0.008,0.0048976527825912,0.0044520919992653,1.100078970380552,52.38274302519245,1.3746666666666665,1.3665769230769234,1.375912653460042,1.367613496737164,0.0082991567228778,0.0090005800366376,0.0087538147735266,-0.6451612903225806
1.369,1.369,1.362,1.362,1.373,-0.011,-0.8,32,4364.0,-0.0229999999999999,-0.012,-0.012,1.3754000000000002,1.3784,1.3742,1.3728407200935284,1.3742913660923526,1.36987856279803,0.0109999999999998,0.0192142857142857,0.0,0.0109999999999998,0.0045478204409776,0.0049197997136035,0.9243913788609444,48.03551860682808,1.375,1.368576923076923,1.3737722452354202,1.3671976821640408,0.0065745630713793,0.0089173174394098,0.0083179644330972,1.9090909090909087
1.362,1.366,1.362,1.365,1.362,0.003,0.22,56,7642.0,-0.0129999999999999,-0.006,0.0069999999999998,1.3728,1.3778,1.37455,1.370227146729019,1.372602026802834,1.3694139377696462,0.004,0.0192857142857143,0.0029999999999998,0.0,0.0044372618380506,0.0045683854483461,0.9712976035454846,49.27199230590824,1.3769166666666666,1.3711923076923076,1.3724226690453556,1.3670348908926304,0.0053877781527251,0.0085731900712688,0.0077319271770227,0.75
1.497,1.497,1.349,1.354,1.365,-0.011,-0.81,3049,413251.0,-0.0289999999999999,-0.0309999999999999,-0.0279999999999998,1.367,1.3747,1.37315,1.364818097819346,1.3692198401114095,1.3679459436963466,0.1480000000000001,0.0292857142857143,0.0,0.0109999999999998,0.0041203145639041,0.0050277864877499,0.8195086593162193,45.04010767523332,1.37525,1.3724999999999998,1.369588412269147,1.3660693434191022,0.0035190688500448,0.0079576946364113,0.0068893555116272,53.44642857142857
1.354,1.354,1.341,1.341,1.354,-0.013,-0.96,178,24050.0,-0.04,-0.0409999999999999,-0.0449999999999999,1.359,1.3706,1.3709,1.356878731879564,1.3640889600911534,1.3653796633443136,0.0130000000000001,0.0290714285714286,0.0,0.0130000000000001,0.0038260063807681,0.0055972303100535,0.6835535021483795,40.60182829212722,1.37275,1.371346153846154,1.3651901949969705,1.3642123550176872,0.0009778399792832,0.0070036496195759,0.0057070524051584,-0.9416202033453592
1.345,1.468,1.312,1.318,1.341,-0.023,-1.72,4075,537118.0,-0.0549999999999999,-0.0659999999999998,-0.0689999999999999,1.348,1.364,1.36745,1.3439191545863762,1.3557091491654891,1.360867314454379,0.1559999999999999,0.0379285714285714,0.0,0.0229999999999999,0.0035527202107132,0.0068402852879068,0.519381876804795,34.18376148444236,1.3671666666666666,1.3695,1.357930164997437,1.3607892176089695,-0.0028590526115328,0.0055825059655802,0.0039938314018201,21.89325842696629
1.315,1.317,1.305,1.307,1.318,-0.011,-0.83,4710,618437.0,-0.0550000000000001,-0.078,-0.0709999999999999,1.3370000000000002,1.3562,1.3639,1.3316127697242508,1.3468529402263092,1.3557370940301523,0.0130000000000001,0.0386428571428572,0.0,0.0110000000000001,0.0032989544813766,0.007137407767342,0.4622062503520278,31.61019522661397,1.3609166666666666,1.3670384615384614,1.350094754997831,1.3568048311194163,-0.0067100761215852,0.0037761429524748,0.001853049897139,0.1558282208588957
1.291,1.291,1.291,1.291,1.307,-0.016,-1.22,1158,149444.0,-0.074,-0.0869999999999999,-0.078,1.3222,1.3475,1.36,1.3180751798161672,1.336697860185162,1.3495716565034712,0.016,0.0383571428571429,0.0,0.016,0.003063314875564,0.0077704500696747,0.3942261835667663,28.27562616549352,1.3531666666666666,1.363846153846154,1.341003254228934,1.3519303991846447,-0.0109271449557106,0.0015024203808619,-0.0007029890734308,-0.7541401273885351
1.292,1.294,1.288,1.29,1.291,-0.001,-0.08,2225,287066.0,-0.064,-0.0929999999999999,-0.076,1.3094,1.3382,1.3562,1.3087167865441116,1.3282073401514962,1.3438981654079023,0.006,0.0385714285714286,0.0,0.0009999999999998,0.0028445066701665,0.0072868464932694,0.3903618215086499,28.07627593550269,1.34525,1.3612307692307692,1.333156599732175,1.3473429622080044,-0.0141863624758293,-0.0011026921542608,-0.0033996637539105,0.9214162348877376
1.298,1.308,1.298,1.308,1.29,0.018,1.4,89,11590.0,-0.0329999999999999,-0.0729999999999999,-0.05,1.3028,1.3309000000000002,1.3537,1.3084778576960745,1.3245332783057695,1.3404792925119118,0.018,0.0395,0.018,0.0,0.0039270419080118,0.0067663574580359,0.5803775417374619,36.72398059386472,1.3394166666666667,1.3583846153846155,1.3292863536195327,1.344428668711115,-0.0151423150915823,-0.0037073001336453,-0.0057481940214449,-0.96
1.313,1.316,1.311,1.314,1.308,0.006,0.46,113,14861.0,-0.004,-0.0589999999999999,-0.028,1.302,1.325,1.3523,1.310318571797383,1.3226181367956298,1.337957455129825,0.008,0.0300714285714286,0.006,0.0,0.0040751103431538,0.0062830462110333,0.6485883131016508,39.34204239755879,1.3336666666666668,1.3556153846153849,1.3269346069088352,1.3421746932510326,-0.0152400863421973,-0.0061311500684871,-0.0076465724855954,0.2696629213483146
1.341,1.345,1.34,1.345,1.314,0.031,2.36,156,20928.0,0.038,-0.0170000000000001,-0.0290000000000001,1.3096,1.3233,1.35085,1.321879047864922,1.3266875664691515,1.3386281736888892,0.0309999999999999,0.0317857142857143,0.0309999999999999,0.0,0.0059983167472142,0.0058342571959595,1.0281200409485467,50.69325386024476,1.3306666666666669,1.354,1.3297138981536298,1.3423839752324374,-0.0126700770788075,-0.0081375784275463,-0.0086512734042378,0.3805309734513273
1.343,1.343,1.343,1.343,1.345,-0.002,-0.15,1,134.0,0.052,-0.022,-0.028,1.3199999999999998,1.3211,1.34945,1.3289193652432814,1.3296534634747603,1.339044538099471,0.002,0.0312857142857143,0.0,0.002,0.0055698655509846,0.0055603816819624,1.0017056147517749,50.04260403575843,1.3281666666666665,1.352653846153846,1.331757913822302,1.3424296066967012,-0.010671692874399,-0.0097143297302623,-0.00905535729827,-0.9935897435897436
1.357,1.357,1.352,1.352,1.343,0.009,0.67,764,103295.0,0.062,-0.002,-0.0329999999999999,1.3324000000000005,1.3209,1.3478,1.3366129101621875,1.333716470115713,1.3402783916138077,0.014,0.032,0.0090000000000001,0.0,0.0058148751544857,0.0051632115618222,1.1262128395981392,52.96801988134908,1.3273333333333333,1.352,1.3348720809265633,1.3431385247191678,-0.0082664437926045,-0.0107414723715832,-0.0088975745971369,763.0
1.348,1.353,1.348,1.353,1.352,0.001,0.07,765,103387.0,0.0449999999999999,0.012,-0.0289999999999999,1.3414,1.3221,1.34635,1.3420752734414585,1.3372225664583104,1.3414899733648733,0.0049999999999998,0.0317857142857142,0.0009999999999998,0.0,0.0054709555005939,0.0047944107359778,1.141111140007104,53.29527826394466,1.3263333333333334,1.3515,1.3376609915532458,1.3438690043695998,-0.0062080128163539,-0.0111135790610077,-0.0083596622409803,0.0013089005235602
1.355,1.355,1.355,1.355,1.353,0.002,0.15,57,7724.0,0.0409999999999999,0.0369999999999999,-0.0289999999999999,1.3496,1.3258,1.3449,1.346383515627639,1.3404548271022538,1.3427766425682188,0.002,0.0311428571428571,0.002,0.0,0.0052230301076943,0.0044519528262651,1.1731997870418012,53.9849025403588,1.3264166666666666,1.3513846153846154,1.340328531314285,1.3446935225644443,-0.0043649912501593,-0.0108530140752937,-0.0075607280428161,-0.9254901960784314
1.351,1.351,1.351,1.351,1.355,-0.004,-0.3,600,81060.0,0.006,0.044,-0.034,1.3508,1.3302,1.3432,1.3479223437517591,1.3423721312654804,1.3435598194664835,0.004,0.0311428571428571,0.0,0.004,0.0048499565285733,0.0044196704815318,1.0973570425305366,52.32094585128605,1.32725,1.3517307692307692,1.3419702957274715,1.345160669041152,-0.0031903733136802,-0.0099933727817348,-0.0066866570969889,9.526315789473683
1.354,1.354,1.354,1.354,1.351,0.003,0.22,4,542.0,0.0110000000000001,0.0630000000000001,-0.0239999999999998,1.3530000000000002,1.3365,1.342,1.3499482291678395,1.3444862892172111,1.3445541223744375,0.0030000000000001,0.0207857142857142,0.0030000000000001,0.0,0.0047178167765323,0.004103979732851,1.1495711683875514,53.479093192800605,1.33025,1.3509615384615383,1.3438210194617068,1.345815434297363,-0.001994414835656,-0.0086387119328267,-0.0057482086447224,-0.9933333333333332
1.365,1.38,1.365,1.38,1.354,0.026,1.92,80,10965.0,0.0279999999999998,0.0899999999999998,-0.0030000000000001,1.3585999999999998,1.3455,1.34185,1.3599654861118933,1.3509433275413545,1.3479299202435389,0.0259999999999998,0.0217142857142857,0.0259999999999998,0.0,0.0062379727210657,0.0038108383233616,1.6369030097196684,62.07672423619741,1.3363333333333332,1.3513076923076923,1.349387016467598,1.34834762434941,0.0010393921181879,-0.0068407444650744,-0.0043906884921403,19.0
1.377,1.381,1.377,1.381,1.38,0.001,0.07,801,110298.0,0.028,0.0729999999999999,0.0,1.3642,1.3528,1.34185,1.3669769907412623,1.35640817707929,1.3510794516489162,0.004,0.0108571428571428,0.0010000000000001,0.0,0.0058638318124182,0.0035386355859786,1.657088352260054,62.36481940280893,1.3438333333333334,1.351153846153846,1.3542505523956598,1.3507663188420465,0.0034842335536133,-0.004760264476651,-0.0028157040829895,9.0125
1.394,1.398,1.392,1.396,1.381,0.015,1.09,1012,141074.0,0.0409999999999999,0.0819999999999998,0.0229999999999999,1.3723999999999998,1.361,1.3430000000000002,1.3766513271608416,1.3636066903376007,1.355357599110924,0.0169999999999999,0.0111428571428571,0.0149999999999999,0.0,0.0065164152543883,0.0032858759012659,1.9831592702200969,66.47849110898393,1.352666666666667,1.3516923076923075,1.360673544334789,1.3541169618907838,0.0065565824440052,-0.0026239689741162,-0.0009412467775906,0.2634207240948814
1.397,1.416,1.397,1.414,1.396,0.018,1.29,840,118782.0,0.0629999999999999,0.0689999999999999,0.0519999999999998,1.3849999999999998,1.3679,1.3456,1.3891008847738946,1.3727691102762187,1.3609425896717886,0.02,0.0114285714285714,0.018,0.0,0.0073366713076463,0.0030511704797469,2.4045432257376924,70.62748410887569,1.3615000000000002,1.352846153846154,1.368877614437129,1.3585527424914663,0.0103248719456625,-0.0002910173274427,0.00131197696706,-0.1699604743083004
1.404,1.408,1.402,1.408,1.414,-0.006,-0.42,12,1687.0,0.0539999999999998,0.0649999999999999,0.0429999999999999,1.3958,1.3744,1.34775,1.3954005898492632,1.3791747265896337,1.365424247798285,0.012,0.0118571428571428,0.0,0.006,0.0068126233571001,0.003261801159765,2.08860780391376,67.62295301032263,1.3693333333333333,1.353730769230769,1.374896442985263,1.3622155023069136,0.0126809406783494,0.0020364698359965,0.0035857697093179,-0.9857142857142858
1.413,1.42,1.413,1.42,1.408,0.012,0.85,18,2553.0,0.04,0.0679999999999998,0.0659999999999998,1.4038,1.3812000000000002,1.35105,1.4036003932328422,1.3865975035733364,1.3706219384841625,0.012,0.0114285714285714,0.012,0.0,0.0071831502601644,0.0030288153626389,2.371603878126764,70.34052527678334,1.3755833333333334,1.3553461538461538,1.381835451756761,1.3664958354693646,0.0153396162873964,0.0044306508475243,0.0059365390249336,0.5
1.425,1.426,1.424,1.426,1.42,0.006,0.42,16,2279.0,0.0449999999999999,0.0729999999999999,0.0849999999999999,1.4128,1.3884999999999998,1.3553000000000002,1.4110669288218949,1.3937615938327297,1.375896039580909,0.006,0.0112857142857142,0.006,0.0,0.0070986395272955,0.0028124714081647,2.523986379626074,71.62304582726257,1.3825,1.3570000000000002,1.3886299976403365,1.3709035513605228,0.0177264462798136,0.0068852550175213,0.0082945204759096,-0.1111111111111111
1.412,1.415,1.412,1.415,1.426,-0.011,-0.77,42,5940.0,0.0190000000000001,0.06,0.0969999999999999,1.4166,1.3945,1.36015,1.41237795254793,1.3976231222267788,1.3796202262874893,0.014,0.0100714285714285,0.0,0.0109999999999998,0.0065915938467744,0.0033972948790101,1.940247779932217,65.98926094510806,1.3877499999999998,1.3583076923076924,1.3926869210802846,1.3741699549634472,0.0185169661168373,0.0092971816209122,0.0103390096040951,1.625
1.406,1.407,1.406,1.407,1.415,-0.008,-0.57,75,10552.0,-0.0069999999999998,0.056,0.1,1.4152,1.4001,1.36515,1.41058530169862,1.3993280090946372,1.3822278237839187,0.0090000000000001,0.0105714285714285,0.0,0.008,0.0061207657148619,0.0037260595305093,1.6426913377911665,62.159788178825785,1.3922499999999998,1.3596153846153844,1.394888933221779,1.37660181015134,0.0182871230704393,0.0115506858327006,0.011928632297364,0.7857142857142858
1.407,1.412,1.407,1.412,1.407,0.005,0.36,83,11681.0,0.004,0.0579999999999998,0.121,1.416,1.4059,1.3712,1.41105686779908,1.4016320074410666,1.3850632691378313,0.0049999999999998,0.0099285714285714,0.0049999999999998,0.0,0.0060407110209432,0.0034599124211872,1.7459144294959832,63.582259182652265,1.397,1.3615384615384618,1.3975214050338134,1.3792238982882778,0.0182975067455355,0.0134682541246281,0.0132024071869983,0.1066666666666666
1.409,1.409,1.403,1.403,1.412,-0.009,-0.64,16,2253.0,-0.0169999999999999,0.0230000000000001,0.1129999999999999,1.4126,1.4082,1.37685,1.4083712451993868,1.4018807333608725,1.3867715292199423,0.0089999999999998,0.0102142857142857,0.0,0.0089999999999998,0.0056092316623044,0.003855632962531,1.454814739062263,59.26372837479382,1.401333333333333,1.363,1.398364265797842,1.3809850910076646,0.0173791747901774,0.0150121364842463,0.0140377607076341,-0.8072289156626506
1.414,1.415,1.414,1.415,1.403,0.012,0.86,4006,566796.0,-0.0109999999999998,0.034,0.1069999999999999,1.4104,1.4116,1.3822,1.4105808301329246,1.4042660545679866,1.3894599550085194,0.012,0.0109285714285714,0.012,0.0,0.0060657151149969,0.0035802306080645,1.694224696401918,62.883570871595104,1.4064166666666666,1.365346153846154,1.400923609521251,1.3835047138959855,0.0174188956252652,0.016219060171053,0.0147139876911603,249.375
1.419,1.419,1.419,1.419,1.415,0.004,0.28,7,993.0,0.004,0.0230000000000001,0.1049999999999999,1.4112,1.4139,1.38745,1.4133872200886164,1.4069449537374434,1.3922732926267558,0.004,0.0109285714285714,0.004,0.0,0.0059181640353543,0.0033244998503456,1.780166732369999,64.03093424733079,1.4096666666666666,1.368346153846154,1.4037045926718277,1.386133994348135,0.0175705983236926,0.017024140879723,0.0152853098176668,-0.9982526210683974
1.423,1.423,1.423,1.423,1.419,0.004,0.28,214,30452.0,0.016,0.0090000000000001,0.078,1.4144,1.4148,1.39135,1.4165914800590778,1.409864053057908,1.395199645709922,0.004,0.0109999999999999,0.004,0.0,0.0057811523185433,0.0030870355753209,1.8727196941817783,65.18978158483978,1.4131666666666665,1.3723846153846155,1.406673116876162,1.3888648095816063,0.0178083072945554,0.0175938482815236,0.0157899093130445,29.571428571428573
1.425,1.425,1.425,1.425,1.423,0.002,0.14,5,713.0,0.0130000000000001,0.0170000000000001,0.082,1.417,1.4165,1.39545,1.4193943200393853,1.4126160434110155,1.3980377746899295,0.002,0.0092857142857142,0.002,0.0,0.0055110700100759,0.0028665330342266,1.9225559043881215,65.7833748022225,1.4155833333333334,1.376923076923077,1.4094926373567525,1.3915414903533394,0.017951147003413,0.017884018361081,0.0162221568511182,-0.9766355140186916
1.431,1.431,1.426,1.426,1.425,0.001,0.07,3,429.0,0.0229999999999999,0.006,0.0739999999999998,1.4216000000000002,1.4171,1.39915,1.42159621335959,1.4150494900635582,1.4007008437670792,0.006,0.0094285714285714,0.0009999999999998,0.0,0.0051888507236419,0.0026617806746389,1.949390786806919,66.09469303039954,1.4165833333333333,1.3821153846153844,1.41203223160956,1.3940939725493882,0.0179382590601717,0.0179075531144542,0.0165653772929289,-0.4
1.424,1.424,1.424,1.424,1.426,-0.002,-0.14,1,142.0,0.0089999999999998,-0.002,0.0709999999999999,1.4234,1.4169,1.4027,1.4223974755730602,1.4166768555065476,1.4029198110273573,0.002,0.0083571428571428,0.0,0.002,0.004818218529096,0.0026145106264504,1.842875863785416,64.82435224348997,1.4179166666666667,1.3872692307692307,1.4138734267465507,1.3963092338420262,0.0175641929045244,0.0178016894241972,0.016765140415248,-0.6666666666666667
1.4,1.4,1.4,1.4,1.424,-0.024,-1.69,4,560.0,-0.0190000000000001,-0.0150000000000001,0.0449999999999999,1.4196,1.4154,1.40495,1.4149316503820402,1.4136446999599026,1.4026417337866566,0.024,0.0086428571428571,0.0,0.024,0.004474060062732,0.004142045581704,1.080157128761357,51.92670850805119,1.41625,1.3908076923076922,1.4117390534009275,1.396582623927802,0.0151564294731254,0.0174538345800512,0.0164433982268235,3.0
1.4,1.412,1.399,1.412,1.4,0.012,0.86,53,7369.0,-0.0110000000000001,0.0049999999999998,0.0609999999999999,1.4174,1.4159,1.408,1.4139544335880267,1.4133456636035566,1.4035329972355464,0.0129999999999999,0.0087142857142857,0.012,0.0,0.0050116272011083,0.0038461851830108,1.3030124558862637,56.578610877935,1.4150833333333337,1.3945769230769232,1.411779199031554,1.397724651785002,0.014054547246552,0.0169823946357197,0.0159656280307692,12.25
1.429,1.429,1.422,1.422,1.412,0.01,0.71,49,6974.0,-0.0030000000000001,0.01,0.0679999999999998,1.4167999999999998,1.4169,1.4114,1.4166362890586846,1.4149191793120006,1.4052917594035896,0.0170000000000001,0.0090714285714285,0.01,0.0,0.0053679395438863,0.0035714576699386,1.5030108263829742,60.048115275431314,1.4156666666666666,1.3975384615384614,1.4133516299497766,1.3995228257268535,0.013828804222923,0.0165879090171359,0.0155382632692,-0.0754716981132075
1.422,1.429,1.422,1.423,1.422,0.001,0.07,40,5693.0,-0.0029999999999998,0.02,0.0430000000000001,1.4162,1.4189,1.41355,1.4187575260391232,1.4163884194370913,1.4069782585080095,0.0070000000000001,0.0091428571428571,0.0010000000000001,0.0,0.0050559438621801,0.0033163535506573,1.5245491124364683,60.388966288127,1.4169999999999998,1.4006153846153848,1.414835994572888,1.4012618756730124,0.0135741188998754,0.0161607116032037,0.0151454343953351,-0.183673469387755
1.425,1.425,1.425,1.425,1.423,0.002,0.14,2,285.0,0.0010000000000001,0.01,0.044,1.4164,1.4199,1.4157499999999998,1.4208383506927489,1.41795416135762,1.40869461484058,0.002,0.0082857142857142,0.002,0.0,0.0048376621577387,0.0030794711541818,1.5709392670132205,61.10370972855589,1.4180833333333334,1.4034230769230769,1.4163996877155207,1.4030202552527893,0.0133794324627314,0.0156950265075413,0.0147922340088143,-0.95
1.418,1.418,1.414,1.414,1.425,-0.011,-0.77,16,2268.0,0.014,-0.0050000000000001,0.018,1.4192,1.4194,1.41665,1.4185589004618326,1.4172352229289618,1.4091998896176678,0.0110000000000001,0.0084285714285714,0.0,0.0110000000000001,0.0044921148607574,0.0036452232145974,1.2323291596433894,55.2037388536488,1.4189999999999998,1.4057692307692309,1.416030504990056,1.4038335696785087,0.0121969353115471,0.0150715407316515,0.0142731742693609,7.0
1.413,1.413,1.413,1.413,1.414,-0.001,-0.07,8,1130.0,0.0010000000000001,-0.01,-0.0009999999999998,1.4194,1.4184,1.4166,1.416705933641222,1.4164651823964232,1.4095618048921756,0.0009999999999998,0.0081428571428571,0.0,0.0009999999999998,0.0041712495135604,0.003456278699269,1.206861447383465,54.68677921825874,1.4188333333333334,1.408,1.4155642734531244,1.4045125645171377,0.0110517089359867,0.0143049365019375,0.013628881202686,-0.5
1.406,1.416,1.406,1.416,1.413,0.003,0.21,38,5350.0,-0.006,-0.0090000000000001,0.008,1.4182,1.4175,1.417,1.4164706224274817,1.4163806037788915,1.410174966331016,0.01,0.0082142857142857,0.0029999999999998,0.0,0.0040875888340204,0.0032094016493212,1.2736295673322495,56.01746149117227,1.4185833333333333,1.4105,1.4156313083064898,1.4053634856640165,0.0102678226424735,0.0134526657888599,0.0129566694906435,3.75
1.42,1.427,1.42,1.427,1.416,0.011,0.78,3,427.0,0.004,0.0010000000000001,0.0070000000000001,1.419,1.4176,1.41735,1.4199804149516544,1.4183114030918205,1.4117773504899669,0.0110000000000001,0.0081428571428571,0.0110000000000001,0.0,0.0045813324887332,0.0029801586743697,1.53727804097618,60.58768554922484,1.4189166666666668,1.4133076923076924,1.4173803377977992,1.4069661904296449,0.0104141473681544,0.0126582162848188,0.0124481650661457,-0.9210526315789472
1.57,1.57,1.414,1.425,1.427,-0.002,-0.14,15,2086.0,0.0,0.0010000000000001,-0.0009999999999998,1.419,1.4177,1.4173,1.4216536099677697,1.4195275116205803,1.4130366504433034,0.1560000000000001,0.019,0.0,0.002,0.0042540944538237,0.0029101473404861,1.4618141132033011,59.37954881984146,1.4189166666666668,1.4150384615384617,1.4185525935212149,1.408302028175597,0.0102505653456177,0.0121131202706513,0.0120086451220401,4.0
1.424,1.428,1.424,1.424,1.425,-0.001,-0.07,22,3082.0,0.01,0.024,0.0089999999999998,1.421,1.4201,1.41775,1.4224357399785132,1.420340691325929,1.4140807789725125,0.004,0.019,0.0,0.0010000000000001,0.0039502305642648,0.0027737082447371,1.424169456812938,58.74875837621093,1.41875,1.4166923076923077,1.4193906560564125,1.4094648409033306,0.0099258151530818,0.0116543722602657,0.0115920791282485,0.4666666666666665
1.424,1.426,1.424,1.425,1.424,0.001,0.07,17,2423.0,0.012,0.0130000000000001,0.018,1.4234,1.4214,1.41865,1.423290493319009,1.4211878383575784,1.415120704784654,0.002,0.019,0.0010000000000001,0.0,0.0037394998096745,0.0025755862272559,1.4519023941429687,59.21534224246569,1.4188333333333334,1.4178076923076923,1.4202536320477337,1.41061559342901,0.0096380386187238,0.0111887316375769,0.0112012710263435,-0.2272727272727273
1.425,1.425,1.408,1.408,1.425,-0.017,-1.19,23,3245.0,-0.008,-0.014,-0.004,1.4218,1.42,1.41845,1.4181936622126727,1.4187900495652914,1.4144425424242109,0.0170000000000001,0.0197857142857143,0.0,0.0170000000000001,0.003472392680412,0.0036059014967376,0.9629749130844614,49.05691390478953,1.4195,1.417576923076923,1.418368457886544,1.410421845767602,0.0079466121189419,0.010563453106362,0.0105503392448632,0.3529411764705883
1.406,1.409,1.4,1.409,1.408,0.001,0.07,54,7592.0,-0.018,-0.014,0.006,1.4182,1.4186,1.41875,1.415129108141782,1.41701004055342,1.4139242050504766,0.0090000000000001,0.0202857142857143,0.0010000000000001,0.0,0.0032957932032397,0.0033483371041135,0.984307463902247,49.60458405808511,1.41925,1.4176153846153847,1.4169271566732295,1.4103165238588906,0.0066106328143389,0.0098113642565406,0.0097623979587583,1.347826086956522
1.407,1.407,1.407,1.407,1.409,-0.002,-0.14,5,704.0,-0.018,-0.018,-0.008,1.4146,1.4167999999999998,1.4183499999999998,1.4124194054278547,1.415190033180071,1.413264756950431,0.002,0.0187142857142857,0.0,0.002,0.0030603794030083,0.0032520273109625,0.94106817390243,48.48197433531945,1.418,1.4171153846153846,1.415399901800425,1.4100708554248986,0.0053290463755264,0.0090482654858717,0.008875727642112,-0.9074074074074074
1.391,1.391,1.387,1.387,1.407,-0.02,-1.42,2,278.0,-0.0369999999999999,-0.0269999999999999,-0.032,1.4072,1.4141,1.41675,1.4039462702852366,1.4100645726018763,1.4107633515265805,0.02,0.0192142857142857,0.0,0.02,0.002841780874222,0.0044483110744652,0.6388449068984438,38.98141332406337,1.415,1.4156153846153845,1.411030686138821,1.4083619031712025,0.0026687829676186,0.0081168292671641,0.0076343387072133,-0.6
1.393,1.393,1.393,1.393,1.387,0.006,0.43,19,2647.0,-0.032,-0.02,-0.03,1.4008,1.4121,1.41525,1.4002975135234912,1.406961923037899,1.4090716037621442,0.006,0.0184285714285714,0.006,0.0,0.0030673679546347,0.0041305745691463,0.7426007939783384,42.61451025068048,1.4123333333333334,1.4147692307692308,1.4082567344251562,1.40722398441778,0.0010327500073761,0.0070907100854866,0.0063140209672458,8.5
1.383,1.383,1.375,1.375,1.393,-0.018,-1.29,105,14518.0,-0.0329999999999999,-0.0409999999999999,-0.05,1.3942,1.408,1.41275,1.3918650090156608,1.4011506643037352,1.4058266891181306,0.018,0.0192142857142857,0.0,0.018,0.0028482702435894,0.0051212478142072,0.5561672363691934,35.73955442390803,1.4090833333333332,1.4135384615384616,1.403140313744363,1.4048370226090556,-0.0016967088646926,0.0057450593929481,0.0047118750008581,4.526315789473684
1.377,1.378,1.375,1.375,1.375,0.0,0.0,43,5916.0,-0.034,-0.052,-0.0509999999999999,1.3874,1.4027999999999998,1.4102,1.386243339343774,1.3963959980666925,1.4028908139640228,0.0029999999999998,0.0192857142857143,0.0,-0.0,0.0026448223690473,0.0047554443989067,0.5561672363691934,35.73955442390803,1.4059166666666665,1.4121153846153844,1.3988110347067688,1.4026268727861626,-0.0038158380793937,0.0041821256790579,0.0030063323848077,-0.5904761904761905
1.39,1.39,1.39,1.39,1.375,0.015,1.09,100,13900.0,-0.0170000000000001,-0.0350000000000001,-0.034,1.384,1.3993,1.4085,1.3874955595625158,1.3952330893272935,1.4016631173960206,0.0149999999999999,0.0195714285714285,0.0149999999999999,0.0,0.0035273350569725,0.0044157697989848,0.7988041083535249,44.40750966955949,1.4037499999999998,1.4116153846153845,1.3974554909057273,1.4016915488760764,-0.004236057970349,0.0026085842208989,0.0015578543137764,1.3255813953488371
1.402,1.402,1.402,1.402,1.39,0.012,0.86,2,280.0,0.0149999999999999,-0.022,0.002,1.387,1.3970999999999998,1.4086,1.3923303730416774,1.3964634367223312,1.4016952014535424,0.012,0.0203571428571428,0.012,0.0,0.0041325254100459,0.0041003576704859,1.007845105755412,50.19536132874304,1.4016666666666666,1.4111153846153843,1.398154646151,1.401714397107478,-0.0035597509564782,0.0011421631569876,0.0005343332597254,-0.98
1.402,1.411,1.401,1.411,1.402,0.009,0.64,38,5328.0,0.018,-0.014,-0.0009999999999998,1.3905999999999998,1.3957000000000002,1.40855,1.398553582027785,1.399106448227362,1.402581372743681,0.01,0.0203571428571428,0.0090000000000001,0.0,0.0044802021664712,0.0038074749797369,1.1766859113492458,54.058599139820885,1.4005,1.4108076923076924,1.4001308544354616,1.4024022195439612,-0.0022713651084995,6.832353938538797e-06,-2.68064139195218e-05,18.0
1.411,1.411,1.411,1.411,1.411,0.0,0.0,5,706.0,0.036,0.0030000000000001,-0.0109999999999998,1.3978,1.396,1.408,1.4027023880185234,1.4012689121860231,1.4033831467680926,0.0,0.0195714285714285,0.0,-0.0,0.0041601877260089,0.0035355124811843,1.1766859113492458,54.058599139820885,1.3994166666666663,1.4103461538461537,1.40180303067616,1.4030390921703344,-0.0012360614941744,-0.0008650225692296,-0.0002686574299705,-0.868421052631579
1.406,1.406,1.406,1.406,1.411,-0.005,-0.35,8,1125.0,0.0309999999999999,-0.0030000000000001,-0.0170000000000001,1.404,1.3957000000000002,1.40715,1.403801592012349,1.4021291099703828,1.4036323708854173,0.0050000000000001,0.0087857142857143,0.0,0.0050000000000001,0.0038630314598654,0.0036401187325282,1.0612377627535157,51.485460917223605,1.3978333333333337,1.409615384615385,1.402448718264443,1.4032584186762356,-0.0008097004117926,-0.0015471055455983,-0.0003768660263349,0.6000000000000001
1.4,1.4,1.4,1.4,1.406,-0.006,-0.43,31,4340.0,0.01,-0.0070000000000001,-0.0250000000000001,1.406,1.395,1.4059,1.4025343946748994,1.4017419990666768,1.4032864308010915,0.006,0.0089285714285714,0.0,0.006,0.0035871006413036,0.0038086816802048,0.9418221165468312,48.50197701021587,1.397166666666667,1.4086153846153846,1.4020719923776055,1.4030170543298477,-0.0009450619522419,-0.0019486438700273,-0.0004905052115163,2.875
1.4,1.4,1.4,1.4,1.4,0.0,0.0,29,4060.0,-0.002,0.0129999999999999,-0.014,1.4056,1.3963,1.4052,1.401689596449933,1.4014252719636446,1.402973437391464,0.0,0.0087857142857143,0.0,-0.0,0.0033308791669248,0.0035366329887616,0.9418221165468312,48.50197701021587,1.3964166666666664,1.4076923076923078,1.4017532243195123,1.402793568823933,-0.0010403445044204,-0.0021789877046714,-0.0006004730700971,-0.0645161290322581
1.406,1.412,1.406,1.412,1.4,0.012,0.86,21,2965.0,0.0009999999999998,0.0189999999999999,-0.0010000000000001,1.4058,1.3982,1.40515,1.4051263976332886,1.4033479497884365,1.4038331100208483,0.012,0.0084285714285714,0.012,0.0,0.003950102083573,0.0032840163467072,1.202826559476077,54.60377959861528,1.3968333333333334,1.4081538461538463,1.40332965134728,1.4034755266888268,-0.0001458753415468,-0.0020066728687663,-0.0005095535243871,-0.2758620689655172
1.431,1.433,1.431,1.433,1.412,0.021,1.49,1003,143530.0,0.022,0.058,0.0170000000000001,1.4102,1.404,1.406,1.4144175984221925,1.4087392316450844,1.4066109090664818,0.0210000000000001,0.0092857142857142,0.0210000000000001,0.0,0.0051679519347464,0.0030494437505138,1.6947195480735042,62.89038684137223,1.4006666666666667,1.4089615384615384,1.4078943203707754,1.4056625247118766,0.0022317956588988,-0.0013347135645115,3.871631227008783e-05,46.76190476190476
1.428,1.428,1.428,1.428,1.433,-0.005,-0.35,1500,214200.0,0.022,0.0529999999999999,0.0009999999999998,1.4146,1.4093,1.40605,1.418945065614795,1.4122411895277962,1.4086479653458643,0.0050000000000001,0.0095,0.0,0.0050000000000001,0.0047988125108359,0.0031887691969057,1.5049105828959193,60.07841530040154,1.4035833333333334,1.409192307692308,1.4109875018521945,1.4073171525109969,0.0036703493411975,-0.0004562238632286,0.0007650429180555,0.4955134596211366
1.432,1.443,1.426,1.426,1.428,-0.002,-0.14,194,27959.0,0.026,0.036,0.0009999999999998,1.4198,1.4129,1.4061,1.4212967104098633,1.4147427914318331,1.4103005400748296,0.0170000000000001,0.0092857142857143,0.0,0.002,0.0044560401886333,0.0031038571114124,1.4356460457696745,58.943131259287874,1.4078333333333333,1.4093076923076922,1.413297116951857,1.408701067139812,0.0045960498120447,0.0004499762221628,0.0015312442968534,-0.8706666666666667
1.428,1.43,1.424,1.43,1.426,0.004,0.28,220,31426.0,0.03,0.028,0.006,1.4258,1.4157,1.4064,1.4241978069399088,1.417516829353318,1.412176679115322,0.006,0.0092857142857143,0.004,0.0,0.0044234658894452,0.0028821530320258,1.5347782856401773,60.54881779344884,1.4124166666666669,1.4095,1.4158667912669556,1.4102787658701963,0.0055880253967592,0.0013232418338582,0.0023426005168345,0.134020618556701
1.436,1.436,1.435,1.435,1.43,0.005,0.35,805,115518.0,0.0230000000000001,0.024,0.01,1.4304,1.4181,1.4068999999999998,1.4277985379599394,1.4206955876527148,1.4143503287233867,0.006,0.0084285714285714,0.0050000000000001,0.0,0.004464646897342,0.0026762849583097,1.668225531619704,62.52190873111967,1.4161666666666666,1.4103076923076925,1.4188103618412702,1.41210996839833,0.0067003934429401,0.0022050701602043,0.0032141591020557,2.659090909090909
1.433,1.433,1.433,1.433,1.435,-0.002,-0.14,5,717.0,0.0,0.022,0.0250000000000001,1.4304,1.4203,1.40815,1.4295323586399598,1.4229327535340393,1.416126487892588,0.002,0.0083571428571428,0.0,0.002,0.0041457435475319,0.002627978889859,1.5775406581573783,61.20332779872129,1.41875,1.4110769230769231,1.4209933830964594,1.4136573781466018,0.0073360049498576,0.0031101485337209,0.004038528271616,-0.9937888198757764
1.435,1.44,1.435,1.44,1.433,0.007,0.49,88,12629.0,0.012,0.034,0.0309999999999999,1.4328,1.4237,1.4097,1.43302157242664,1.426035889255123,1.4184001557123411,0.0069999999999998,0.0077857142857143,0.0069999999999998,0.0,0.0043496190084224,0.0024402661120119,1.782436344549446,64.06027394089665,1.4211666666666665,1.412,1.4239174780046964,1.4156086834690758,0.0083087945356206,0.0041383548101501,0.0048925815244169,16.6
1.439,1.441,1.439,1.441,1.44,0.001,0.07,11,1583.0,0.0150000000000001,0.0410000000000001,0.034,1.4358,1.4278,1.4114,1.4356810482844269,1.4287566366632825,1.4205525218349755,0.002,0.0070714285714286,0.0010000000000001,0.0,0.0041103605078208,0.0022659613897253,1.8139587578405372,64.4628764649198,1.4236666666666666,1.4125384615384615,1.4265455583116662,1.4174895217306258,0.0090560365810403,0.0052601749307569,0.0057252725357416,-0.875
1.428,1.431,1.427,1.431,1.441,-0.01,-0.69,837,119709.0,0.0010000000000001,0.0310000000000001,0.044,1.4360000000000002,1.4308999999999998,1.4136000000000002,1.4341206988562845,1.4291645209063215,1.421547519755454,0.014,0.0073571428571428,0.0,0.01,0.0038167633286908,0.0028183927190307,1.354234029529943,57.52333933429446,1.42575,1.4127692307692308,1.4272308570329484,1.4184902978987275,0.0087405591342206,0.0062475565391755,0.0063283298554374,75.0909090909091
1.425,1.425,1.395,1.395,1.431,-0.036,-2.52,5,701.0,-0.04,-0.0169999999999999,0.002,1.428,1.4292,1.4137,1.4210804659041898,1.422952789832445,1.419019184540649,0.036,0.0099285714285714,0.0,0.036,0.0035441373766414,0.0051885075248142,0.6830745372713646,40.584924918344925,1.4253333333333331,1.4116538461538464,1.422272263643264,1.4167502758321553,0.0055219878111087,0.0066131334449766,0.0061670614465717,-0.994026284348865
1.377,1.377,1.373,1.373,1.395,-0.022,-1.58,24,3301.0,-0.06,-0.06,-0.002,1.416,1.4232,1.4136,1.4050536439361268,1.413870464408364,1.414636405060587,0.022,0.0111428571428571,0.0,0.022,0.0032909847068813,0.0063893284158989,0.515075214899304,33.99667619363289,1.4230833333333333,1.409653846153846,1.4146919153904542,1.413509514659403,0.0011824007310512,0.0063366947105159,0.0051701293034676,3.8
1.383,1.391,1.38,1.391,1.373,0.018,1.31,23,3181.0,-0.0489999999999999,-0.0369999999999999,0.016,1.4062,1.4195,1.4144,1.400369095957418,1.4097121981522978,1.4123853188643407,0.018,0.012,0.018,0.0,0.0043416286563898,0.0059329478147633,0.7317827144183404,42.25603525925749,1.4213333333333331,1.409,1.4110470053303843,1.411842143203151,-0.0007951378727666,0.005737673856648,0.0039770758682207,-0.0416666666666666
1.395,1.395,1.383,1.383,1.391,-0.008,-0.58,10,1391.0,-0.058,-0.0429999999999999,-0.0069999999999998,1.3946,1.4152,1.41405,1.3945793973049454,1.4048554348518798,1.4095867170677367,0.012,0.0128571428571428,0.0,0.008,0.0040315123237905,0.006080594399423,0.6630128666653198,39.86817420088853,1.417166666666667,1.408,1.406732081433402,1.4097056881510657,-0.0029736067176635,0.0047863813994899,0.0025869393510439,-0.5652173913043479
1.381,1.395,1.381,1.395,1.383,0.012,0.87,1004,140052.0,-0.036,-0.0349999999999999,-0.0069999999999998,1.3874,1.4117000000000002,1.4137,1.394719598203297,1.4030635376060834,1.4081975059184284,0.014,0.013,0.012,0.0,0.0046006900149483,0.0056462662280357,0.8148198878941171,44.89811321384728,1.4144166666666669,1.4075384615384616,1.4049271458282633,1.4086163779176533,-0.0036892320893899,0.0036319785625643,0.0013317050629571,99.4
1.396,1.396,1.396,1.396,1.395,0.001,0.07,1000,139600.0,0.0009999999999998,-0.0390000000000001,-0.0150000000000001,1.3876000000000002,1.4078,1.41295,1.395146398802198,1.401779258041341,1.407035838688102,0.0009999999999998,0.0115714285714285,0.0009999999999998,0.0,0.0043434978710235,0.0052429614974617,0.8284435949274692,45.30867658295645,1.4119166666666667,1.4078846153846156,1.4035537387777612,1.4076818314052344,-0.0041280926274731,0.0023581899428609,0.000239745524871,-0.0039840637450199
1.374,1.374,1.374,1.374,1.396,-0.022,-1.58,2,275.0,0.0010000000000001,-0.0589999999999999,-0.0369999999999999,1.3878,1.4019,1.4111,1.3880975992014657,1.3967284838520064,1.403889568336854,0.0219999999999997,0.0127857142857142,0.0,0.0219999999999997,0.0040332480230932,0.0064398928190715,0.6262911722923219,38.51039610634667,1.40725,1.4071538461538462,1.399007009735029,1.4051868809307726,-0.0061798711957437,0.0007483381949315,-0.0010441778192518,-0.998
1.375,1.375,1.373,1.373,1.374,-0.001,-0.07,18,2474.0,-0.018,-0.0669999999999999,-0.0329999999999999,1.3842,1.3952,1.40945,1.3830650661343105,1.3924142140607323,1.4009477046857248,0.002,0.0117142857142856,0.0,0.0010000000000001,0.0037451588785865,0.0060513290462807,0.6188985675615205,38.22960746044402,1.4020833333333331,1.4070769230769231,1.395005931314255,1.402802667528493,-0.0077967362142377,-0.0011241921156548,-0.002394689498249,8.0
1.361,1.373,1.351,1.373,1.373,0.0,0.0,204,27966.0,-0.01,-0.068,-0.0269999999999999,1.3822,1.3884,1.4081,1.3797100440895405,1.388884356958781,1.3982860185251798,0.022,0.0128571428571428,0.0,-0.0,0.0034776475301161,0.0056190912572607,0.6188985675615205,38.22960746044402,1.3970833333333337,1.407,1.3916204034197546,1.4005950625263823,-0.0089746591066277,-0.0030925496979713,-0.0037106834199247,10.333333333333334
1.366,1.366,1.366,1.366,1.373,-0.007,-0.51,15,2049.0,-0.0289999999999999,-0.0649999999999999,-0.0339999999999998,1.3764,1.3819,1.4064,1.3751400293930272,1.3847235647844571,1.3952111596180197,0.0069999999999998,0.0129285714285714,0.0,0.0069999999999998,0.0032292441351078,0.0057177275960278,0.5647775415798464,36.09315232180736,1.3909166666666668,1.406076923076923,1.3876788028936384,1.398032465302206,-0.0103536624085676,-0.0048565108334909,-0.0050392792176533,-0.9264705882352942
1.366,1.374,1.366,1.369,1.366,0.003,0.22,12,1640.0,-0.0269999999999999,-0.026,-0.0429999999999999,1.371,1.3793,1.40425,1.3730933529286848,1.3818647348236468,1.3927148587020175,0.008,0.0133571428571428,0.0029999999999998,0.0,0.0032128695540286,0.0053093184820258,0.6051378467698909,37.700054732847015,1.3849166666666666,1.4048076923076922,1.3848051409100015,1.3958819123168575,-0.0110767714068558,-0.0062186410710362,-0.0062467776554938,-0.1999999999999999
1.365,1.365,1.365,1.365,1.369,-0.004,-0.29,3,410.0,-0.0090000000000001,-0.008,-0.068,1.3692,1.3785,1.4008500000000002,1.3703955686191232,1.3787984194011655,1.3900753483494448,0.004,0.0131428571428571,0.0,0.004,0.002983378871598,0.0052157957333096,0.5719892081941181,36.38633173895718,1.3794166666666667,1.4030384615384617,1.3817581961546168,1.3935943632563497,-0.0118361671017328,-0.0074454220964769,-0.0073646555447416,-0.75
1.363,1.365,1.363,1.365,1.365,0.0,0.0,19,2590.0,-0.008,-0.026,-0.0629999999999999,1.3676,1.3759,1.3977,1.3685970457460823,1.3762896158736808,1.387687219935212,0.002,0.0131428571428571,0.0,-0.0,0.0027702803807696,0.0048432388952161,0.5719892081941182,36.38633173895719,1.3769166666666666,1.4012692307692307,1.3791800121308295,1.391476262274398,-0.0122962501435683,-0.0084812713660218,-0.0083509744645069,5.333333333333333
1.346,1.354,1.345,1.35,1.365,-0.015,-1.1,40,5394.0,-0.0229999999999999,-0.0329999999999999,-0.0759999999999998,1.363,1.3726,1.3939,1.3623980304973884,1.37150968571483,1.3840979608937631,0.02,0.0135714285714285,0.0,0.0149999999999999,0.0025724032107146,0.0055687218312721,0.4619378178074698,31.59763788724322,1.375,1.3991153846153843,1.3746907794953171,1.3884039465503686,-0.0137131670550514,-0.009595041917762,-0.0094234129826158,1.1052631578947367
1.342,1.342,1.342,1.342,1.35,-0.008,-0.59,1,134.0,-0.024,-0.0529999999999999,-0.0879999999999998,1.3582,1.3673,1.3895,1.355598686998259,1.3661442883121335,1.3800886312848333,0.008,0.0115714285714285,0.0,0.008,0.002388660124235,0.0057423845576098,0.4159700731065776,29.377038470449957,1.3709166666666668,1.3968846153846153,1.36966142880373,1.3849666171762671,-0.0153051883725372,-0.0108369414449913,-0.0105997680606001,-0.975
1.335,1.342,1.335,1.342,1.342,0.0,0.0,26,3474.0,-0.0269999999999999,-0.0539999999999998,-0.0929999999999999,1.3528,1.3619,1.38485,1.3510657913321729,1.3617544177099274,1.3764611425910396,0.0070000000000001,0.0104999999999999,0.0,-0.0,0.0022180415439325,0.0053322142320662,0.4159700731065776,29.37703847044995,1.3675,1.3946538461538462,1.3654058243723868,1.38178390479284,-0.0163780804204531,-0.0119700758032924,-0.0117554305325707,25.0
1.344,1.344,1.344,1.344,1.342,0.002,0.15,1,134.0,-0.0209999999999999,-0.03,-0.0889999999999999,1.3486,1.3589,1.3804,1.348710527554782,1.3585263417626678,1.3733696052014168,0.002,0.0093571428571428,0.002,0.0,0.0022024671479373,0.0049513417869186,0.444822281054445,30.787335362091003,1.36325,1.3920384615384616,1.362112620622789,1.3789850970304074,-0.0168724764076184,-0.0129784913803347,-0.0127788397075803,-0.9615384615384616
1.331,1.357,1.331,1.354,1.344,0.01,0.74,28,3777.0,-0.0109999999999998,-0.0189999999999999,-0.0859999999999998,1.3464,1.357,1.3761,1.350473685036521,1.357703370533092,1.37152488089652,0.026,0.0103571428571428,0.01,0.0,0.0027594337802275,0.0045976745164244,0.6001803238506541,37.50704310664111,1.35975,1.3890000000000002,1.36086452514236,1.3771343491022292,-0.0162698239598693,-0.0137890652529171,-0.0134770365580381,27.0
1.357,1.365,1.357,1.365,1.354,0.011,0.81,67,9114.0,0.0149999999999999,-0.008,-0.076,1.3494000000000002,1.3562,1.3723,1.3553157900243478,1.359030030436166,1.37090346366828,0.0109999999999998,0.0101428571428571,0.0109999999999998,0.0,0.0033480456530684,0.0042692691938227,0.7842198514707768,43.95309528835949,1.359,1.386576923076923,1.3615007520435352,1.37623550842799,-0.0147347563844548,-0.0142758534724601,-0.0137285805233214,1.3928571428571428
1.397,1.397,1.361,1.369,1.365,0.004,0.29,288,39414.0,0.0269999999999999,0.0029999999999998,-0.062,1.3548,1.3565,1.3692,1.3598771933495652,1.3608427521750448,1.370722181414158,0.036,0.0126428571428571,0.004,0.0,0.0033946138207063,0.0039643213942639,0.856291274874462,46.12914397997004,1.358666666666667,1.384384615384615,1.362654482498376,1.3756995448407314,-0.0130450623423554,-0.0144945524652934,-0.0135918768871282,3.298507462686567
1.357,1.357,1.357,1.357,1.369,-0.012,-0.88,40,5428.0,0.0149999999999999,-0.012,-0.038,1.3578,1.3553000000000002,1.3673,1.3589181288997103,1.3601440699614002,1.369415306993762,0.012,0.0119285714285714,0.0,0.012,0.0031521414049416,0.0045382984375308,0.6945645925076391,40.98779093925321,1.3573333333333333,1.381576923076923,1.3617845621140106,1.3743143933710475,-0.0125298312570369,-0.0145716262603272,-0.01337946776111,-0.8611111111111112
1.343,1.345,1.337,1.337,1.357,-0.02,-1.47,90,12069.0,-0.0070000000000001,-0.028,-0.036,1.3564,1.3525,1.3655,1.3516120859331404,1.3559360572411454,1.366328134899118,0.02,0.0132142857142857,0.0,0.02,0.0029269884474458,0.0056427056919929,0.5187207356214353,34.155109853635025,1.3549166666666668,1.3778076923076925,1.357971552558009,1.3715503642324514,-0.0135788116744424,-0.014714133097091,-0.0134193365437764,1.25
1.343,1.349,1.343,1.349,1.337,0.012,0.9,100,13450.0,-0.0050000000000001,-0.016,-0.042,1.3554,1.3509,1.3634,1.3507413906220938,1.3546749559245734,1.3646778363372971,0.012,0.0125,0.012,0.0,0.0035750607011996,0.0052396552854219,0.6823083784054252,40.55786603477246,1.35325,1.374576923076923,1.3565913137029306,1.3698799668818995,-0.0132886531789688,-0.0146669648886374,-0.0133931998708149,0.1111111111111111
1.349,1.353,1.349,1.353,1.349,0.004,0.3,70,9451.0,-0.012,0.0029999999999998,-0.03,1.353,1.3512,1.3619,1.351494260414729,1.3543704184837415,1.363565661448031,0.004,0.0122857142857142,0.004,0.0,0.0036054135082568,0.0048653941936061,0.7410321476099344,42.56280670217453,1.35225,1.3712307692307693,1.3560388039024798,1.3686295989647217,-0.0125907950622419,-0.0143653656319379,-0.0132327189091003,-0.3
1.364,1.372,1.364,1.372,1.353,0.019,1.4,197,27024.0,0.0030000000000001,0.03,-0.0229999999999999,1.3536,1.3542,1.36075,1.358329506943153,1.357575796941243,1.3643689317863137,0.0190000000000001,0.0130714285714285,0.0190000000000001,0.0,0.0047050268290956,0.0045178660369199,1.0414268131560795,51.01465340048201,1.3528333333333336,1.368576923076923,1.3584943725328675,1.368879258300668,-0.0103848857678006,-0.0136994551149765,-0.0126631522808404,1.8142857142857145
1.372,1.372,1.372,1.372,1.372,0.0,0.0,5,635.0,0.0150000000000001,0.03,-0.0239999999999998,1.3565999999999998,1.3572,1.35955,1.362886337962102,1.3601983793155623,1.3650957001876172,0.0,0.0127857142857143,0.0,-0.0,0.0043689534841602,0.0041951613199971,1.0414268131560795,51.01465340048201,1.354666666666667,1.3663076923076924,1.360572161373965,1.3691104243524703,-0.0085382629785055,-0.0127734314006306,-0.0118381744203734,-0.9746192893401016
1.383,1.383,1.382,1.382,1.372,0.01,0.73,9,1244.0,0.0449999999999999,0.0379999999999998,0.0079999999999997,1.3656,1.361,1.35995,1.3692575586414015,1.3641623103490963,1.366705633503082,0.0109999999999998,0.0134285714285714,0.0099999999999997,0.0,0.0047711710924345,0.0038955069399973,1.2247882408952349,55.05190194651475,1.358,1.3658076923076925,1.3638687519318164,1.3700652077337692,-0.0061964558019527,-0.0116541682719732,-0.0107098306966892,0.8
1.396,1.518,1.376,1.381,1.382,-0.001,-0.07,1949,268462.0,0.032,0.0269999999999999,0.008,1.372,1.3637,1.36035,1.3731717057609345,1.3672237084674426,1.3680670017408838,0.1420000000000001,0.0221428571428571,0.0,0.0009999999999998,0.0044303731572606,0.0036886850157118,1.201071150935802,54.567574992982735,1.36125,1.3661153846153848,1.3665043285576908,1.370875192346083,-0.0043708637883919,-0.0105026246501884,-0.0094420373150298,215.55555555555557
1.374,1.374,1.363,1.364,1.381,-0.017,-1.23,136,18538.0,0.0110000000000001,-0.0009999999999998,-0.0089999999999998,1.3742,1.3636,1.3599,1.3701144705072896,1.3666375796551802,1.367679668241752,0.018,0.0228571428571428,0.0,0.0169999999999999,0.004113917931742,0.0046394932288752,0.886717089301443,46.99788295391706,1.3629166666666668,1.365076923076923,1.3661190472411229,1.3703659188389654,-0.0042468715978425,-0.0095250479007981,-0.0084030041715923,-0.9302206259620318
1.339,1.339,1.327,1.33,1.364,-0.034,-2.49,200,26761.0,-0.042,-0.0389999999999999,-0.036,1.3658,1.3597,1.3581,1.3567429803381932,1.3599762015360566,1.3640911284092043,0.0370000000000001,0.025,0.0,0.034,0.0038200666509032,0.0067366722839555,0.5670554377420682,36.18604830976015,1.3609166666666666,1.3630384615384616,1.3605622707424887,1.3673758507768197,-0.0068135800343309,-0.008889908876053,-0.00808511934414,0.4705882352941177
1.289,1.343,1.289,1.343,1.33,0.013,0.98,100,13422.0,-0.0290000000000001,-0.014,-0.026,1.36,1.3583,1.3568,1.3521619868921289,1.3568896194385918,1.3620824495130897,0.054,0.0287142857142857,0.0129999999999999,0.0,0.0044757761758387,0.0062554814065301,0.7154966796266773,41.70784403863621,1.3590833333333334,1.3610384615384616,1.357860382935952,1.365570232200759,-0.0077098492648071,-0.0082378019416491,-0.0080100653282734,-0.5
1.321,1.338,1.321,1.338,1.343,-0.005,-0.37,69,9217.0,-0.0439999999999998,0.0010000000000001,-0.0269999999999999,1.3512,1.3584,1.35545,1.3474413245947527,1.3534551431770296,1.3597888828927955,0.022,0.0284285714285714,0.0,0.0049999999999998,0.0041560778775645,0.0061658041632065,0.6740528514293833,40.26472944709278,1.3565000000000005,1.3588076923076924,1.3548049394073438,1.3635279927784807,-0.0087230533711368,-0.0077305130741122,-0.0081526629368461,-0.31
1.325,1.342,1.325,1.34,1.338,0.002,0.15,124,16588.0,-0.0409999999999999,-0.0089999999999998,-0.0249999999999999,1.343,1.3575,1.3542,1.3449608830631687,1.3510087535084787,1.357904227379196,0.0170000000000001,0.0288571428571428,0.002,0.0,0.0040020723148813,0.0057253895801204,0.6990043662316544,41.14199940415852,1.3550833333333332,1.3575000000000002,1.3525272564215989,1.361785178498593,-0.0092579220769943,-0.0073601938535291,-0.0083737147648758,0.7971014492753623
1.472,1.472,1.354,1.357,1.34,0.017,1.27,105,14814.0,-0.0070000000000001,0.004,0.0069999999999998,1.3416,1.3579,1.35455,1.3489739220421126,1.3520980710523915,1.357818110485939,0.1319999999999999,0.0357142857142857,0.0169999999999999,0.0,0.0049304957209612,0.0053164331815403,0.9274066940370576,48.11681400226717,1.35675,1.3568846153846152,1.353215370818276,1.3614307208320304,-0.0082153500137545,-0.0071191343253018,-0.0083420418146515,-0.1532258064516128
1.354,1.366,1.354,1.364,1.357,0.007,0.52,29,3952.0,0.034,-0.008,0.022,1.3484,1.3571000000000002,1.35565,1.353982614694742,1.3542620581337748,1.3584068618682306,0.012,0.0357142857142857,0.0070000000000001,0.0,0.0050783174551783,0.0049366879542874,1.0286891742403608,50.70708649221987,1.358,1.3565384615384617,1.354874544538541,1.3616210378074356,-0.0067464932688945,-0.0069200488020117,-0.0080229321055001,-0.7238095238095238
1.366,1.368,1.366,1.368,1.364,0.004,0.29,125,17100.0,0.0250000000000001,-0.004,0.026,1.3534000000000002,1.3567,1.35695,1.3586550764631615,1.3567598657458155,1.3593204940712562,0.004,0.0345714285714286,0.004,0.0,0.0050012947798084,0.004584067386124,1.0910168543654697,52.17637782726263,1.35925,1.3566153846153846,1.3568938453787656,1.3620935535254033,-0.0051997081466377,-0.0068092990625322,-0.0074582873137276,3.3103448275862077
1.365,1.365,1.364,1.364,1.368,-0.004,-0.29,30,4094.0,0.026,-0.0179999999999997,0.02,1.3586,1.3549000000000002,1.35795,1.360436717642108,1.3580762537920308,1.3597661613025651,0.004,0.034,0.0,0.004,0.0046440594383935,0.0045423482871152,1.0223917552880837,50.55359589034949,1.3585833333333337,1.356423076923077,1.3579870999358783,1.3622347717827807,-0.0042476718469022,-0.0067956110690334,-0.0068161642203625,-0.76
1.359,1.359,1.359,1.359,1.364,-0.005,-0.37,19,2582.0,0.0189999999999999,-0.022,0.0049999999999998,1.3624,1.3527,1.3582,1.3599578117614053,1.358244207648025,1.3596931935594636,0.0050000000000001,0.0340714285714286,0.0,0.0050000000000001,0.0043123409070797,0.0045750376951784,0.9425804101296138,48.52207945753569,1.3575,1.3561923076923077,1.3581429307149742,1.3619951590581303,-0.0038522283431561,-0.0067517618185127,-0.0062233770449212,-0.3666666666666667
1.349,1.352,1.349,1.352,1.359,-0.007,-0.52,258,34871.0,-0.0049999999999998,-0.012,-0.0129999999999999,1.3614000000000002,1.3515,1.35755,1.3573052078409371,1.357108897166566,1.3589605084585623,0.01,0.0334285714285714,0.0,0.0069999999999998,0.004004316556574,0.0047482492883799,0.8433248368769305,45.75020202655877,1.3550000000000002,1.355692307692308,1.357197864451132,1.3612547769056762,-0.0040569124545442,-0.0064454654207586,-0.0057900841268458,12.578947368421051
1.35,1.35,1.35,1.35,1.352,-0.002,-0.15,50,6750.0,-0.014,0.02,-0.0189999999999999,1.3586,1.3535,1.3566,1.3548701385606248,1.3558163704090085,1.358107126700604,0.002,0.0335714285714286,0.0,0.002,0.0037182939453901,0.0045519457677814,0.8168581382731325,44.95992951048622,1.3524166666666668,1.355692307692308,1.3560905006894193,1.360421089727478,-0.0043305890380587,-0.006069992062231,-0.0054981851090884,-0.8062015503875969
1.358,1.36,1.358,1.36,1.35,0.01,0.74,160,21758.0,-0.008,0.0170000000000001,0.0030000000000001,1.357,1.3552,1.35675,1.35658009237375,1.3565770303346432,1.3582874003481655,0.01,0.0335,0.01,0.0,0.0041669872350051,0.0042268067843684,0.9858475789372484,49.64366799313154,1.3520833333333335,1.3563846153846155,1.3566919621218163,1.360389897895813,-0.0036979357739967,-0.0055116456625488,-0.0051381352420701,2.2
1.357,1.366,1.357,1.366,1.36,0.006,0.44,6,815.0,0.002,0.028,0.0290000000000001,1.3574000000000002,1.358,1.3582,1.3597200615825005,1.358290297546526,1.3590219336483402,0.0090000000000001,0.024,0.006,0.0,0.004297916718219,0.0039248920140564,1.095040755981754,52.26823167306874,1.3550833333333332,1.3573076923076923,1.3581239679492292,1.3608054610146418,-0.0026814930654126,-0.0047809313279286,-0.0046468068067386,-0.9625
1.364,1.364,1.364,1.364,1.366,-0.002,-0.15,1,136.0,0.0050000000000001,0.024,0.0150000000000001,1.3584,1.3604,1.35895,1.3611467077216668,1.3593284252653397,1.359496035205641,0.002,0.0228571428571428,0.0,0.002,0.0039909226669177,0.0037873997273381,1.0537368522552717,51.30827014659307,1.3568333333333331,1.358076923076923,1.359027972880117,1.3610420935320755,-0.0020141206519588,-0.0040919058432846,-0.0041202695757826,-0.8333333333333334
1.361,1.361,1.361,1.361,1.364,-0.003,-0.22,1,136.0,0.0089999999999998,0.004,0.008,1.3602,1.3608,1.3593499999999998,1.361097805147778,1.3596323479443686,1.3596392699479611,0.0030000000000001,0.0204285714285714,0.0,0.0030000000000001,0.0037058567621378,0.0037311568896711,0.993219227097297,49.82990398621185,1.35875,1.358346153846154,1.3593313616677911,1.3610389754926628,-0.0017076138248715,-0.0035320303495043,-0.0036377384256004,0.0
1.352,1.352,1.352,1.352,1.361,-0.009,-0.66,5,676.0,0.002,-0.012,-0.02,1.3606000000000005,1.3596,1.35835,1.358065203431852,1.35824464831812,1.358911720429108,0.0089999999999998,0.0172142857142857,0.0,0.0089999999999998,0.0034411527076994,0.0041075028261231,0.8377724504081175,45.58629933874957,1.35975,1.357846153846154,1.3582034598727464,1.3603694217524656,-0.0021659618797191,-0.0031949474309578,-0.0033433831164241,4.0
1.347,1.347,1.347,1.347,1.352,-0.005,-0.37,12,1616.0,-0.0130000000000001,-0.0210000000000001,-0.0250000000000001,1.358,1.3575000000000002,1.3571,1.3543768022879017,1.3562001668057344,1.3577772708644311,0.0050000000000001,0.016,0.0,0.0050000000000001,0.0031953560857209,0.0041712526242572,0.766042331538222,43.37621572587105,1.3589166666666668,1.3570000000000002,1.3564798506615547,1.359379094215246,-0.0028992435536912,-0.0030451220650454,-0.0032545552038775,1.4
1.36,1.361,1.357,1.357,1.347,0.01,0.74,224,30464.0,-0.0090000000000001,-0.0070000000000001,-0.0249999999999999,1.3562,1.3568000000000002,1.35585,1.3552512015252678,1.3563455910228734,1.3577032450678186,0.014,0.0157857142857143,0.01,0.0,0.003681402079598,0.0038733060082388,0.9504547463503664,48.72990507105224,1.3583333333333334,1.3570000000000002,1.3565598736367002,1.3592028650141166,-0.0026429913774164,-0.0029107624021854,-0.0031322424385853,17.666666666666668
1.356,1.356,1.35,1.35,1.357,-0.007,-0.52,223,30238.0,-0.014,-0.0089999999999998,-0.0309999999999999,1.3534,1.3559,1.3543,1.3535008010168452,1.3551918472005329,1.3569696026804072,0.0069999999999998,0.0068571428571428,0.0,0.0069999999999998,0.0034184447881981,0.0040966412933646,0.8344506007238248,45.48776622246318,1.3568333333333331,1.3575000000000002,1.355550662307977,1.3585211713093672,-0.0029705090013902,-0.0027900509073906,-0.0030998957511463,-0.0044642857142856
1.351,1.368,1.351,1.368,1.35,0.018,1.33,23,3129.0,0.0070000000000001,0.016,0.004,1.3548,1.3575000000000002,1.3545,1.3583338673445635,1.3575206022549813,1.3580201167108448,0.018,0.0072857142857143,0.018,0.0,0.004459984446184,0.0038040240581243,1.17243854876752,53.96877851540032,1.3571666666666669,1.3582307692307696,1.3574659450298263,1.3592233067679325,-0.0017573617381059,-0.0025041367629514,-0.0028313889485382,-0.8968609865470852
1.378,1.378,1.375,1.377,1.368,0.009,0.66,7,963.0,0.0249999999999999,0.0269999999999999,0.0469999999999999,1.3598,1.3602,1.35685,1.3645559115630426,1.3610623109358937,1.3598277246431454,0.0099999999999997,0.0077142857142857,0.0089999999999998,0.0,0.0047842712714565,0.0035323080539725,1.3544320592525845,57.52691201811742,1.358666666666667,1.3591538461538462,1.360471184256007,1.360540098859197,-6.891460318980691e-05,-0.0021009121884173,-0.0022788940794685,-0.6956521739130435
1.377,1.382,1.377,1.378,1.377,0.001,0.07,1525,210004.0,0.0309999999999999,0.0179999999999997,0.0349999999999999,1.366,1.362,1.3586000000000005,1.3690372743753616,1.364141890765731,1.3615584175342743,0.0049999999999998,0.0077857142857142,0.0009999999999998,0.0,0.0045139661806382,0.0032800003358316,1.3762090605072053,57.91616080335336,1.3608333333333336,1.3593846153846154,1.3631679251396982,1.3618334248696269,0.0013345002700715,-0.0016546907066968,-0.0015562152095605,216.8571428571429
1.378,1.378,1.37,1.374,1.378,-0.004,-0.29,7,963.0,0.0170000000000001,0.008,0.036,1.3694000000000002,1.3628,1.3604,1.370691516250241,1.3659342742628708,1.3627433301500576,0.0079999999999997,0.0079999999999999,0.0,0.0039999999999997,0.0041915400248783,0.0033314288832722,1.2581808502426344,55.71656716987246,1.3628333333333331,1.3594615384615385,1.3648343981951294,1.3627346526570616,0.0020997455380677,-0.0011975944633605,-0.0008250230600348,-0.9954098360655738
1.389,1.389,1.389,1.389,1.374,0.015,1.09,200,27780.0,0.0389999999999999,0.0249999999999999,0.0489999999999999,1.3771999999999998,1.3653,1.36285,1.376794344166827,1.3701280425787126,1.3652439653738615,0.0149999999999999,0.0083571428571428,0.0149999999999999,0.0,0.0049635728802441,0.0030934696773242,1.604532579267927,61.60539484282142,1.3652500000000003,1.3597307692307692,1.3685521830881864,1.3646802339417237,0.0038719491464627,-0.0005776430221011,0.0001143713812646,27.571428571428573
1.381,1.381,1.376,1.376,1.389,-0.013,-0.94,1529,211152.0,0.0079999999999997,0.0149999999999999,0.0189999999999999,1.3788,1.3668,1.3638,1.3765295627778849,1.371195671200765,1.3662683496239705,0.0130000000000001,0.0091428571428571,0.0,0.0130000000000001,0.0046090319602267,0.0038010789860868,1.2125588489734922,54.80346204287647,1.366083333333333,1.3595384615384616,1.3696980010746191,1.3655187351312257,0.0041792659433934,0.0001273822915779,0.0009273502936904,6.645
1.372,1.376,1.37,1.376,1.376,0.0,0.0,78,10693.0,-0.0010000000000001,0.0239999999999998,0.0119999999999997,1.3785999999999998,1.3692,1.3644,1.3763530418519232,1.3720691855278986,1.3671951734693064,0.0059999999999997,0.0088571428571428,0.0,-0.0,0.0042798153916391,0.0035295733442234,1.2125588489734922,54.80346204287647,1.3670833333333334,1.36,1.3706675393708314,1.3662951251215054,0.0043724142493259,0.000935344269691,0.0016163630848175,-0.948986265533028
1.371,1.371,1.371,1.371,1.376,-0.005,-0.36,40,5484.0,-0.0069999999999998,0.024,0.0029999999999998,1.3772,1.3716000000000002,1.36455,1.374568694567949,1.3718747881591895,1.3675575379008011,0.0049999999999998,0.0085714285714285,0.0,0.0049999999999998,0.0039741142922363,0.003634603819636,1.093410585980801,52.23106223419225,1.367916666666667,1.3615769230769232,1.3707186871599344,1.3666436343717645,0.0040750527881701,0.0016817936214228,0.002108101025488,-0.4871794871794872
1.356,1.356,1.347,1.347,1.371,-0.024,-1.75,12,1623.0,-0.0270000000000001,-0.01,-0.0170000000000001,1.3718,1.3706,1.3637,1.365379129711966,1.3673520994029733,1.3655996771483438,0.024,0.010142857142857,0.0,0.024,0.003690248985648,0.0050892749753763,0.7251030851157981,42.03244961834413,1.3675,1.3617307692307692,1.3670696583660984,1.3651885503442265,0.0018811080218721,0.0022208621795631,0.0020627024247648,-0.7
1.329,1.329,1.328,1.328,1.347,-0.019,-1.41,35,4649.0,-0.0609999999999999,-0.022,-0.0309999999999999,1.3596,1.3683999999999998,1.3621500000000002,1.3529194198079773,1.3601971722387964,1.3620187555151682,0.0189999999999999,0.0112857142857142,0.0,0.0189999999999999,0.0034266597723874,0.0060828981914208,0.5633268327949806,36.03384915922165,1.365916666666667,1.3613461538461538,1.361058941694391,1.3624338429113207,-0.0013749012169297,0.0022633577930271,0.0013751816964259,1.9166666666666663
1.34,1.34,1.325,1.33,1.328,0.002,0.15,340,45179.0,-0.0459999999999998,-0.038,-0.022,1.3504,1.3645999999999998,1.36105,1.3452796132053182,1.354706777286288,1.3589693502280094,0.0150000000000001,0.0117142857142856,0.002,0.0,0.0033247555029311,0.0056484054634622,0.5886184206211805,37.05222179099619,1.3636666666666668,1.3609615384615386,1.356280642972177,1.3600313360290006,-0.0037506930568236,0.0018542712981789,0.000350006745776,8.714285714285714
1.33,1.33,1.324,1.324,1.33,-0.006,-0.45,8,1063.0,-0.0519999999999998,-0.0529999999999999,-0.026,1.34,1.3593,1.35975,1.3381864088035456,1.3491237268705991,1.3556389359205798,0.006,0.0117857142857142,0.0,0.006,0.0030872729670075,0.0056735193589292,0.5441548308368165,35.239654726976134,1.3615000000000002,1.3596923076923078,1.3513143902072269,1.3573623481750006,-0.0060479579677739,0.0010339981606405,-0.0009295861969339,-0.976470588235294
1.329,1.329,1.329,1.329,1.324,0.005,0.38,6,797.0,-0.042,-0.0489999999999999,-0.0310000000000001,1.3316,1.3544,1.3582,1.335124272535697,1.345464867439581,1.353101894404334,0.0049999999999998,0.011142857142857,0.0049999999999998,0.0,0.0032238963265069,0.0052682679761485,0.6119461540496389,37.96318831818711,1.35825,1.358346153846154,1.3478814070984226,1.3552614334953708,-0.0073800263969481,-1.93098321389979e-05,-0.0022196742369367,-0.25
1.294,1.296,1.294,1.296,1.329,-0.033,-2.48,203,26269.0,-0.0509999999999999,-0.078,-0.07,1.3214,1.3466,1.3547,1.3220828483571314,1.336471255177839,1.3476636187467783,0.0349999999999999,0.013142857142857,0.0,0.0329999999999999,0.0029936180174707,0.0072491059778522,0.4129637539604197,29.22677618607814,1.3515,1.3555769230769232,1.3398996521602038,1.350871697680899,-0.0109720455206951,-0.0016686425729343,-0.0039701484936884,32.833333333333336
1.294,1.294,1.294,1.294,1.296,-0.002,-0.15,3,388.0,-0.034,-0.0949999999999999,-0.07,1.3146,1.3371,1.3512,1.3127218989047544,1.3287492087818682,1.342552797913752,0.002,0.0119999999999999,0.0,0.002,0.00277978815908,0.006874169836577,0.4043816526453725,28.79428479314412,1.3445,1.3528846153846152,1.3328381672124805,1.3466589793341657,-0.0138208121216854,-0.0036686512468319,-0.0059402812192878,-0.9852216748768472
1.283,1.283,1.278,1.278,1.294,-0.016,-1.24,7,897.0,-0.052,-0.0979999999999998,-0.0829999999999999,1.3042000000000002,1.3273,1.34705,1.3011479326031696,1.3195220799124374,1.3364049123981565,0.016,0.0124285714285713,0.0,0.016,0.0025812318620028,0.0075260148482501,0.3429745906763686,25.538427387791057,1.3365,1.3497692307692308,1.324401526102868,1.3415731290131163,-0.0171716029102484,-0.0060624309312291,-0.0081865455574799,1.3333333333333337
1.275,1.275,1.27,1.27,1.278,-0.008,-0.63,9,1144.0,-0.054,-0.1059999999999998,-0.082,1.2934,1.3167,1.34295,1.2907652884021132,1.3105180653829034,1.3300806350269034,0.008,0.012642857142857,0.0,0.008,0.002396858157574,0.0075598709305179,0.3170501427343628,24.07274654525504,1.3265833333333334,1.3466153846153843,1.316032060548581,1.3362714157528854,-0.0202393552043047,-0.0087640318192818,-0.0105971074868449,0.2857142857142858
1.27,1.303,1.27,1.284,1.27,0.014,1.1,303,38906.0,-0.0449999999999999,-0.0869999999999999,-0.0629999999999999,1.2844,1.308,1.3398,1.2885101922680755,1.3056965989496483,1.3256920031195794,0.0329999999999999,0.0144285714285713,0.014,0.0,0.0032256540034616,0.0070198801497667,0.4595027172321246,31.483512281741344,1.3189166666666667,1.344076923076923,1.3111040512334142,1.3323994590304495,-0.0212954077970353,-0.0113392002436049,-0.012736767548883,32.666666666666664
1.283,1.311,1.279,1.31,1.284,0.026,2.02,893,116798.0,0.014,-0.0369999999999999,-0.0469999999999999,1.2872,1.3043,1.33745,1.2956734615120504,1.3064790355042577,1.3241975266320003,0.032,0.0156428571428571,0.026,0.0,0.0048523930032143,0.006518460139069,0.744407866227648,42.673957200013085,1.313416666666667,1.3421538461538465,1.310934197197504,1.3307402398430088,-0.0198060426455046,-0.0133871048467799,-0.0141506225682073,1.947194719471947
1.312,1.312,1.312,1.312,1.31,0.002,0.15,384,50381.0,0.018,-0.016,-0.038,1.2908000000000002,1.3027000000000002,1.33555,1.3011156410080338,1.3074828472307565,1.323035857428953,0.002,0.0148571428571428,0.002,0.0,0.0046486506458419,0.0060528558434212,0.7680094762036086,43.439217184103065,1.3085000000000002,1.340076923076923,1.3110981668594266,1.329352073928712,-0.0182539070692853,-0.0149985730703867,-0.0149712794684229,-0.5699888017917134
1.306,1.306,1.306,1.306,1.312,-0.006,-0.46,97,12668.0,0.028,-0.024,-0.062,1.2963999999999998,1.3003,1.33245,1.302743760672023,1.307213238643346,1.3214133948166715,0.006,0.0148571428571428,0.0,0.006,0.0043166041711389,0.006049080426034,0.7135967563864952,41.64321353474517,1.3050833333333334,1.337846153846154,1.310313833496438,1.3276222906747333,-0.0173084571782953,-0.0162497396493336,-0.0154387150103974,-0.7473958333333333
1.317,1.32,1.317,1.32,1.306,0.014,1.07,209,27528.0,0.05,-0.004,-0.0569999999999999,1.3064,1.2999,1.3296,1.3084958404480151,1.3095381043445558,1.3212787857865125,0.014,0.0154999999999999,0.014,0.0,0.0050082753017718,0.0056170032527459,0.8916276306807452,47.13547297677571,1.3044166666666668,1.3362692307692308,1.3118040129585244,1.327057676550679,-0.0152536635921545,-0.0171245882265787,-0.0154017047267488,1.154639175257732
1.312,1.312,1.312,1.312,1.32,-0.008,-0.61,9,1181.0,0.028,-0.0169999999999999,-0.0659999999999998,1.312,1.2982,1.3263,1.3096638936320102,1.3099857217364548,1.3203950919020826,0.008,0.0143571428571428,0.0,0.008,0.0046505413516453,0.0057872173061212,0.8035885133821371,44.55498066325708,1.3029166666666667,1.3347307692307693,1.311834164811059,1.325942293102481,-0.0141081282914217,-0.0174730418677706,-0.0151429894396834,-0.9569377990430622
1.312,1.312,1.309,1.309,1.312,-0.003,-0.23,23,3011.0,-0.0010000000000001,0.0129999999999999,-0.0650000000000001,1.3118,1.2995,1.3230499999999998,1.3094425957546736,1.3098064996025538,1.3193098450542653,0.0030000000000001,0.0132142857142857,0.0,0.0030000000000001,0.0043183598265277,0.0055881303556839,0.7727736383485327,43.59121895948473,1.3016666666666667,1.3332692307692309,1.3113981394555112,1.324687308428223,-0.0132891689727117,-0.0174139704067735,-0.014772225346289,1.5555555555555554
1.303,1.303,1.303,1.303,1.309,-0.006,-0.46,11,1433.0,-0.0090000000000001,0.0089999999999998,-0.086,1.31,1.3004,1.31875,1.3072950638364491,1.3085689542202712,1.3177565264776685,0.006,0.0125714285714285,0.0,0.006,0.0040099055532043,0.0056175496159922,0.7138175587784422,41.65073202349672,1.2995,1.3311923076923078,1.310106118000817,1.3230808411372434,-0.0129747231364263,-0.0169476504319044,-0.0144127249043165,-0.5217391304347826
1.303,1.303,1.289,1.29,1.303,-0.013,-1.0,69,8903.0,-0.016,0.012,-0.0859999999999998,1.3068,1.3016,1.31445,1.3015300425576328,1.3051927807256765,1.3151130477655095,0.014,0.0131428571428571,0.0,0.0129999999999999,0.0037234837279754,0.0061448675005642,0.6059502060269958,37.73156874683385,1.2990000000000002,1.3288846153846154,1.3070128690776144,1.3206304084604106,-0.0136175393827961,-0.0162118931184034,-0.0142536878000124,5.2727272727272725
1.291,1.291,1.287,1.287,1.29,-0.003,-0.23,271,34880.0,-0.0330000000000001,0.0169999999999999,-0.0889999999999999,1.3002,1.3033,1.31,1.296686695038422,1.301885002411917,1.3124356146449847,0.004,0.0130714285714285,0.0,0.0030000000000001,0.0034575206045486,0.0059202341076668,0.5840175475613582,36.86938622999918,1.2984166666666666,1.3257692307692308,1.3039339661425968,1.3181392670929728,-0.0142053009503759,-0.0154241034687746,-0.0142440104300851,2.927536231884058
1.295,1.297,1.29,1.297,1.287,0.01,0.78,38,4920.0,-0.0150000000000001,0.0129999999999999,-0.074,1.2972,1.3046,1.3062999999999998,1.2967911300256147,1.300996820155205,1.3109655561073672,0.01,0.0112857142857142,0.01,0.0,0.0039248405613666,0.0054973602428334,0.7139500392907988,41.65524215549587,1.3,1.3226923076923076,1.3028672021206589,1.3165733954564562,-0.0137061933357975,-0.0147463424343627,-0.0141364470112276,-0.8597785977859779
1.255,1.293,1.255,1.285,1.297,-0.012,-0.93,8,1026.0,-0.024,-0.0250000000000001,-0.062,1.2924,1.3021,1.3032,1.29286075335041,1.298088307399713,1.3084926460019035,0.042,0.0141428571428571,0.0,0.012,0.0036444948069832,0.0059618345112025,0.6113042554494189,37.93847458554103,1.30125,1.3191153846153847,1.3001184017944034,1.314234625422645,-0.0141162236282412,-0.0142865998298022,-0.0141324023346303,-0.7894736842105263
1.407,1.407,1.279,1.279,1.285,-0.006,-0.47,1196,153965.0,-0.024,-0.0330000000000001,-0.0490000000000001,1.2876,1.2988,1.30075,1.2882405022336068,1.2946177060543105,1.305683822573151,0.1280000000000001,0.0221428571428571,0.0,0.006,0.0033841737493416,0.0059645606175451,0.5673802256928772,36.1992716503783,1.3008333333333333,1.3154615384615385,1.2968694169029569,1.3116246531691156,-0.0147552362661589,-0.0140029086173426,-0.014256969120936,148.5
1.258,1.273,1.258,1.273,1.279,-0.006,-0.47,1511,192344.0,-0.0170000000000001,-0.0330000000000001,-0.0570000000000001,1.2841999999999998,1.2955,1.2978999999999998,1.2831603348224043,1.2906872140444356,1.3025710775661845,0.0209999999999999,0.0230714285714285,0.0,0.006,0.00314244705296,0.0059670920020062,0.5266295629267223,34.496224605864015,1.29775,1.311,1.2931971989178863,1.3087635677491811,-0.0155663688312948,-0.0140376536439138,-0.0145188490630078,0.2633779264214047
1.387,1.387,1.253,1.291,1.273,0.018,1.41,291,37325.0,0.004,-0.0290000000000001,-0.0330000000000001,1.2849999999999997,1.2926,1.29625,1.2857735565482695,1.2907440842181743,1.3014690701789289,0.1340000000000001,0.0302857142857143,0.018,0.0,0.0042037008348915,0.00554087114472,0.7586714661100239,43.13889664612098,1.296,1.3077307692307691,1.2928591683151345,1.3074477479159086,-0.014588579600774,-0.0140910371227307,-0.014532795170561,-0.8074123097286565
1.302,1.302,1.282,1.282,1.291,-0.009,-0.7,33,4251.0,-0.0149999999999999,-0.03,-0.0469999999999999,1.282,1.2896,1.2939,1.284515704365513,1.2891542507239608,1.299614873019031,0.02,0.0294285714285714,0.0,0.0089999999999998,0.0039034364895421,0.00578795177724,0.6744072237940164,40.27737184899897,1.294,1.3041153846153848,1.2911885270358832,1.305562729551767,-0.0143742025158839,-0.0142115964053054,-0.0145010766396256,-0.8865979381443299
1.282,1.282,1.28,1.28,1.282,-0.002,-0.16,184,23571.0,-0.0049999999999998,-0.0289999999999999,-0.016,1.281,1.2867,1.2931,1.2830104695770088,1.2874898415014224,1.297746789874361,0.002,0.0294285714285714,0.0,0.002,0.0036246195974319,0.0055173837931514,0.656945344627115,39.64797914169923,1.2906666666666666,1.3006153846153847,1.2894672151842088,1.303669194029414,-0.0142019788452052,-0.0143479581507253,-0.0144412570807415,4.575757575757576
1.252,1.285,1.252,1.285,1.28,0.005,0.39,6,768.0,0.006,-0.018,-0.0090000000000001,1.2822,1.2849,1.29265,1.2836736463846723,1.2870371430466183,1.296532809886327,0.0329999999999999,0.0313571428571428,0.0049999999999998,0.0,0.0037228610547582,0.0051232849507835,0.726655083705405,42.08455357198508,1.2884166666666663,1.298230769230769,1.2887799513097151,1.302286290767976,-0.0135063394582608,-0.0143356026035547,-0.0142542735562454,-0.967391304347826
1.29,1.397,1.288,1.288,1.285,0.003,0.23,129,16691.0,0.0150000000000001,-0.002,0.01,1.2852,1.2847,1.29315,1.2851157642564486,1.2872122079472332,1.2957201613257243,0.1120000000000001,0.0383571428571428,0.0030000000000001,0.0,0.0036712281222755,0.0047573360257275,0.7716982997252259,43.55698144796489,1.2866666666666666,1.2966923076923076,1.288659958800528,1.3012280470073851,-0.012568088206857,-0.014153690076497,-0.0139170364863677,20.5
1.288,1.288,1.275,1.278,1.288,-0.01,-0.78,43,5508.0,-0.0129999999999999,-0.0089999999999998,0.008,1.2826,1.2838,1.29355,1.2827438428376323,1.2855372610477362,1.2940325269137505,0.0130000000000001,0.0387142857142857,0.0,0.01,0.0034089975421129,0.0051318120238898,0.664287297789405,39.91422025943157,1.2845833333333334,1.2946923076923076,1.2870199651389085,1.299507450932764,-0.0124874857938555,-0.0140182781273924,-0.0136311263478653,-0.6666666666666667
1.274,1.274,1.274,1.274,1.278,-0.004,-0.31,20,2548.0,-0.008,-0.0229999999999999,-0.01,1.281,1.2815,1.29305,1.2798292285584218,1.283439577220875,1.292124667207679,0.004,0.0387857142857143,0.0,0.004,0.0031654977176763,0.0050509683078977,0.6267110630503738,38.5262679578252,1.28325,1.292769230769231,1.2850168935790764,1.2976180101229298,-0.0126011165438533,-0.0138499328957937,-0.0134251243870629,-0.5348837209302326
1.277,1.277,1.277,1.277,1.274,0.003,0.24,1,128.0,-0.0030000000000001,-0.008,-0.0330000000000001,1.2804,1.2807,1.2914,1.2788861523722814,1.282268744998898,1.2906842227117097,0.0029999999999998,0.0385714285714285,0.0029999999999998,0.0,0.003153676452128,0.0046901848573336,0.6723991800018085,40.20566310018648,1.2824166666666663,1.290769230769231,1.2837835253361416,1.296090750113824,-0.0123072247776823,-0.0135779316192963,-0.0132015444651867,-0.95
1.282,1.282,1.282,1.282,1.277,0.005,0.39,1,128.0,-0.0029999999999998,0.0030000000000001,-0.03,1.2798,1.281,1.2899,1.279924101581521,1.2822198822718254,1.2898571538820227,0.0050000000000001,0.0379285714285714,0.0050000000000001,0.0,0.0032855567055474,0.0043551716532383,0.7544034924787474,43.00056946494514,1.2811666666666666,1.2902307692307693,1.283509136822889,1.2950469908461333,-0.0115378540232442,-0.0131303188628462,-0.0128688063767982,0.0
1.407,1.407,1.272,1.272,1.282,-0.01,-0.78,212,27375.0,-0.016,-0.0009999999999998,-0.034,1.2766,1.2809,1.2882,1.2772827343876807,1.2803617218587662,1.2881564725599255,0.135,0.0472857142857143,0.0,0.01,0.0030508740837226,0.004758373678007,0.6411589946841753,39.06745152425405,1.2800833333333332,1.2893846153846154,1.2817385003885984,1.2933398063390122,-0.0116013059504138,-0.0127983995683618,-0.0126153062915214,211.0
1.265,1.266,1.258,1.263,1.272,-0.009,-0.71,319,40332.0,-0.0150000000000001,-0.028,-0.0570000000000001,1.2736,1.2780999999999998,1.28535,1.2725218229251205,1.277205045157172,1.2857606180304089,0.014,0.0475714285714286,0.0,0.0090000000000001,0.0028329545063138,0.0050613469867208,0.5597234320718453,35.88606932245298,1.2787499999999998,1.2888076923076923,1.2788556541749678,1.2910924132768633,-0.0122367591018954,-0.0125609058556964,-0.0125395968535962,0.5047169811320755
1.262,1.267,1.258,1.267,1.263,0.004,0.32,24,3035.0,-0.0070000000000001,-0.0150000000000001,-0.0450000000000001,1.2722,1.2766,1.2831,1.2706812152834135,1.2753495824013226,1.2839738925037032,0.0089999999999998,0.0452142857142857,0.004,0.0,0.00291631489872,0.004699822201955,0.6205160053729016,38.29126051921425,1.27825,1.2886923076923078,1.2770317073788189,1.2893077900711698,-0.0122760826923509,-0.0123469173942681,-0.0124868940213471,-0.9247648902821316
1.227,1.252,1.227,1.25,1.267,-0.017,-1.34,361,45088.0,-0.0269999999999999,-0.03,-0.0589999999999999,1.2668,1.2736,1.28015,1.2637874768556092,1.2707405674192638,1.2807382836938268,0.0399999999999998,0.0389285714285714,0.0,0.0169999999999999,0.0027080066916686,0.0055784063303868,0.485444503552471,32.68008346266189,1.2748333333333333,1.2873846153846151,1.272872983166693,1.28639610191775,-0.0135231187510569,-0.0123487817601344,-0.0126941389672891,14.041666666666666
1.241,1.241,1.241,1.241,1.25,-0.009,-0.72,19,2358.0,-0.0409999999999999,-0.0439999999999998,-0.0619999999999998,1.2586,1.2692,1.27705,1.256191651237073,1.265333191524852,1.2769536852467958,0.0089999999999998,0.0380714285714285,0.0,0.0089999999999998,0.0025145776422637,0.0058228058782163,0.4318498151674555,30.16027313709228,1.2714166666666666,1.2847307692307692,1.267969447294894,1.2830334277016202,-0.015063980406726,-0.0126261031156754,-0.0131681072551765,-0.9473684210526316
1.262,1.262,1.227,1.227,1.241,-0.014,-1.13,652,80257.0,-0.0449999999999999,-0.0609999999999999,-0.0629999999999999,1.2495999999999998,1.2631,1.2739,1.2464611008247155,1.258363520338515,1.2721961914137676,0.0349999999999999,0.0309999999999999,0.0,0.014,0.0023349649535305,0.0064068911726294,0.364445858469652,26.71017367287923,1.267,1.2814615384615384,1.261666455403372,1.278882803427426,-0.0172163480240539,-0.0131515322523641,-0.0139777554089519,33.31578947368421
1.209,1.213,1.203,1.203,1.227,-0.024,-1.96,32,3864.0,-0.0599999999999998,-0.0749999999999999,-0.0839999999999998,1.2376,1.2555999999999998,1.2696999999999998,1.231974067216477,1.2482974257315125,1.2656060779457898,0.024,0.0312857142857142,0.0,0.024,0.0021681817425641,0.0076635418031559,0.2829216305274448,22.052916078055976,1.2601666666666669,1.2775,1.2526408468797765,1.2732618550253945,-0.0206210081456179,-0.0140426313192268,-0.0153064059562851,-0.950920245398773
1.159,1.207,1.159,1.206,1.203,0.003,0.25,22,2646.0,-0.0609999999999999,-0.068,-0.0909999999999999,1.2254,1.2488,1.26515,1.2233160448109848,1.240606984689419,1.259929308617619,0.048,0.0345714285714285,0.0029999999999998,0.0,0.0022275973323809,0.0071161459600733,0.3130342386004103,23.840523681551502,1.2533333333333332,1.2731153846153846,1.2454653319751956,1.2682794953938836,-0.022814163418688,-0.0152100689460052,-0.0168079574487657,-0.3125
1.236,1.236,1.222,1.222,1.206,0.016,1.33,3,368.0,-0.028,-0.0549999999999999,-0.0629999999999999,1.2198,1.2433,1.262,1.222877363207323,1.23722389656407,1.2563169935111795,0.03,0.0343571428571428,0.016,0.0,0.003211340380068,0.0066078498200681,0.4859887054810393,32.704737504967554,1.2486666666666666,1.269653846153846,1.2418552809020884,1.2648513846239662,-0.0229961037218777,-0.0164832078014089,-0.0180455867033881,-0.8636363636363636
1.21,1.21,1.208,1.208,1.222,-0.014,-1.15,12,1452.0,-0.0330000000000001,-0.074,-0.0709999999999999,1.2132,1.2358999999999998,1.25845,1.2179182421382155,1.231910460825148,1.2517153750815435,0.014,0.0273571428571428,0.0,0.014,0.0029819589243488,0.0071358605472061,0.4178835761464538,29.472347601499436,1.2431666666666663,1.265769230769231,1.236646776147921,1.2606401709481168,-0.0239933948001958,-0.0178601065624958,-0.0192351483227496,3.0
1.233,1.244,1.23,1.244,1.208,0.036,2.98,97,11985.0,0.0169999999999999,-0.028,-0.0289999999999999,1.2166,1.2331,1.257,1.226612161425477,1.2341085588569394,1.2509805774547298,0.036,0.0289999999999999,0.036,0.0,0.0053403904297525,0.0066261562224056,0.805956009865047,44.62766564980026,1.2404166666666667,1.2635,1.2377780413559332,1.2594075656927006,-0.0216295243367674,-0.0189037471441483,-0.0197140235255532,7.083333333333334
1.223,1.254,1.223,1.254,1.244,0.01,0.8,35,4334.0,0.0509999999999999,-0.0089999999999998,-0.0369999999999999,1.2268,1.2322000000000002,1.25515,1.235741440950318,1.237725184519314,1.2512681415066602,0.0309999999999999,0.0309285714285714,0.01,0.0,0.0056732196847702,0.0061528593493767,0.92204605413984,47.97211035364482,1.2380833333333334,1.2621153846153843,1.2402737273011744,1.259007005271019,-0.0187332779698445,-0.019621213286092,-0.0195178744144115,-0.6391752577319587
1.253,1.253,1.248,1.253,1.254,-0.001,-0.08,53,6630.0,0.0469999999999999,-0.014,-0.0290000000000001,1.2361999999999995,1.2308,1.2537,1.2414942939668787,1.2405024236976203,1.2514330804107878,0.006,0.0311428571428571,0.0,0.0010000000000001,0.0052679897072866,0.0057847979672783,0.9106609663958762,47.662090889608585,1.2365000000000002,1.2608076923076923,1.242231615408686,1.2585620419176102,-0.0163304265089241,-0.0199331363702995,-0.018880384833314,0.5142857142857142
1.252,1.252,1.245,1.246,1.253,-0.007,-0.56,61,7605.0,0.024,-0.004,-0.034,1.241,1.2304,1.252,1.2429961959779192,1.2415019830253258,1.250915644181189,0.0079999999999997,0.0313571428571428,0.0,0.0069999999999998,0.0048917047281947,0.0058715981124727,0.833113001689182,45.44798934498215,1.2350833333333335,1.258846153846154,1.2428113668842729,1.2576315202940835,-0.0148201534098106,-0.0199060444817533,-0.0180683385486133,0.150943396226415
1.241,1.241,1.241,1.241,1.246,-0.005,-0.4,5,621.0,0.0330000000000001,0.0,-0.0439999999999998,1.2475999999999998,1.2304,1.2498,1.2423307973186128,1.2414107133843573,1.249971297116314,0.0049999999999998,0.0220714285714285,0.0,0.0049999999999998,0.0045422972476093,0.0058093411044389,0.7818954277170193,43.87998395162789,1.2329166666666669,1.257153846153846,1.2425326950559232,1.2563995558278551,-0.0138668607719318,-0.0195338792315175,-0.017228042993277,-0.918032786885246
1.246,1.246,1.246,1.246,1.241,0.005,0.4,12,1495.0,0.002,0.0189999999999999,-0.042,1.248,1.2323,1.2477,1.2435538648790754,1.242245129132656,1.2495930783433318,0.0049999999999998,0.0214285714285713,0.0049999999999998,0.0,0.0045749903013515,0.0053943881684076,0.8481017973725187,45.8904265218659,1.2325833333333334,1.2558846153846153,1.2430661265857812,1.255629218359125,-0.0125630917733439,-0.0186385551901538,-0.0162950527492904,1.4
1.26,1.267,1.26,1.267,1.246,0.021,1.69,42,5312.0,0.0129999999999999,0.0639999999999998,-0.0110000000000001,1.2506,1.2387,1.24715,1.251369243252717,1.2467460147449,1.2512508804058715,0.0209999999999999,0.0222857142857142,0.0209999999999999,0.0,0.0057482052798264,0.005009074727807,1.1475583001220142,53.43548997281309,1.23475,1.255653846153846,1.2467482609571996,1.2564714984806713,-0.0097232375234717,-0.0171840078684631,-0.0149806897041266,2.5
1.231,1.27,1.231,1.27,1.267,0.003,0.24,25,3134.0,0.0170000000000001,0.064,-0.004,1.254,1.2451,1.24695,1.2575794955018114,1.2509740120640092,1.2530365108434078,0.0389999999999999,0.0222142857142856,0.0030000000000001,0.0,0.0055519049026959,0.0046512836758208,1.193628531314246,54.413430272039705,1.2383333333333333,1.254846153846154,1.250325451579169,1.257473609704325,-0.007148158125156,-0.0154231250243829,-0.0134141833883325,-0.4047619047619047
1.268,1.293,1.268,1.269,1.27,-0.001,-0.08,1221,154968.0,0.0229999999999999,0.0469999999999999,-0.008,1.2586,1.2498,1.2465499999999998,1.261386330334541,1.2542514644160074,1.2545568431440357,0.0249999999999999,0.0233571428571428,0.0,0.0010000000000001,0.0051553402667891,0.0043904776989765,1.1742094187133452,54.00627044510825,1.2438333333333331,1.2543461538461538,1.2531984590285277,1.2583274163928937,-0.005128957364366,-0.0133270764204018,-0.0117571381835392,47.84
1.229,1.267,1.229,1.266,1.269,-0.003,-0.24,39,4901.0,0.0249999999999999,0.058,-0.016,1.2635999999999998,1.2555999999999998,1.24575,1.2629242202230273,1.2563875617949152,1.2556466676065083,0.0399999999999998,0.0237142857142856,0.0,0.0029999999999998,0.0047871016763042,0.0042911578633353,1.115573425346645,52.73149170721191,1.2488333333333337,1.2538076923076922,1.2551679268702929,1.258895755919346,-0.0037278290490532,-0.0113379991662113,-0.010151276356642,-0.968058968058968
1.259,1.261,1.259,1.261,1.266,-0.005,-0.39,17,2141.0,0.0149999999999999,0.0169999999999999,-0.0110000000000001,1.2666,1.2573,1.2452,1.2622828134820183,1.2572261869231125,1.256156508786841,0.0070000000000001,0.0224999999999999,0.0,0.0050000000000001,0.0044451658422824,0.0043417894445256,1.0238096294345014,50.5882378729751,1.2520833333333332,1.2528846153846156,1.2560651688902476,1.259051625851246,-0.0029864569609985,-0.0095883523874506,-0.0087183124775133,-0.5641025641025641
1.26,1.26,1.26,1.26,1.261,-0.001,-0.08,3,378.0,-0.0069999999999998,0.006,-0.0029999999999998,1.2652,1.2578999999999998,1.24505,1.2615218756546789,1.2577305165734554,1.256522555569047,0.0009999999999998,0.019142857142857,0.0,0.0009999999999998,0.0041276539964051,0.0041030901984881,1.005986658037904,50.14921978702888,1.2564166666666667,1.2518076923076922,1.2566705275225172,1.2591218757881908,-0.0024513482656736,-0.008046232582645,-0.0074649196351454,-0.8235294117647058
1.275,1.276,1.269,1.269,1.26,0.009,0.71,169,21519.0,-0.0010000000000001,0.016,0.002,1.265,1.2594999999999998,1.24515,1.2640145837697858,1.2597795135600998,1.25771088361009,0.016,0.018142857142857,0.0089999999999998,0.0,0.0044756787109476,0.0038100123271675,1.1747150210075457,54.01696358648868,1.2585,1.2514615384615386,1.25856736944213,1.2598535886927693,-0.0012862192506393,-0.0065424621205149,-0.0062291795582441,55.333333333333336
1.284,1.284,1.277,1.277,1.269,0.008,0.63,53,6804.0,0.008,0.0309999999999999,0.0269999999999999,1.2666,1.2626000000000002,1.2465,1.268343055846524,1.262910511094627,1.259547942313891,0.0150000000000001,0.0182142857142856,0.008,0.0,0.0047274159458799,0.0035378685895127,1.3362327701750678,57.19604601192783,1.2604166666666667,1.251576923076923,1.261403158758725,1.2611236932340455,0.0002794655246796,-0.004970648087558,-0.0049274505416594,-0.6863905325443787
1.238,1.278,1.238,1.275,1.277,-0.002,-0.16,101,12861.0,0.0089999999999998,0.0339999999999998,0.0339999999999998,1.2684,1.2659999999999998,1.2482,1.270562037231016,1.265108599986513,1.261019566855425,0.04,0.0184999999999999,0.0,0.002,0.004389743378317,0.0034280208331189,1.2805474622285535,56.150879709260735,1.26225,1.2515,1.263494980488152,1.2621515678093014,0.0013434126788507,-0.0034254809262031,-0.0036732778975573,0.9056603773584906
1.299,1.299,1.266,1.269,1.275,-0.006,-0.47,1533,194119.0,0.008,0.0229999999999999,0.0419999999999998,1.27,1.2682999999999998,1.2503,1.2700413581540109,1.2658161272616923,1.2617796081072892,0.0329999999999999,0.018642857142857,0.0,0.006,0.0040761902798658,0.0036117336307533,1.128596595595473,53.0206896849682,1.2641666666666669,1.251,1.264341906566898,1.2626588590826866,0.0016830474842113,-0.0021581159253494,-0.0026020128212036,14.178217821782178
1.278,1.28,1.277,1.28,1.269,0.011,0.87,89,11368.0,0.02,0.0130000000000001,0.0769999999999999,1.2739999999999998,1.2696,1.25415,1.273360905436007,1.2683950132141115,1.263514883525643,0.0110000000000001,0.0189999999999999,0.0110000000000001,0.0,0.0045707481170183,0.003353752657128,1.362875734829052,57.67868850401703,1.2674166666666666,1.2513076923076922,1.2667508440181443,1.2639433880395248,0.0028074559786197,-0.0010519365804854,-0.0015201190612389,-0.9419439008480104
1.284,1.284,1.284,1.284,1.28,0.004,0.31,3,385.0,0.0150000000000001,0.014,0.078,1.277,1.271,1.25805,1.2769072702906716,1.2712322835388186,1.2654658469993911,0.004,0.0187142857142856,0.004,0.0,0.0045299803943741,0.0031141988959046,1.454621411731711,59.26051996366682,1.2705833333333334,1.2521153846153843,1.2694045603230455,1.26542906299956,0.0039754973234855,-4.033050405751995e-05,-0.000420995784294,-0.9662921348314608
1.237,1.276,1.237,1.276,1.284,-0.008,-0.62,47,5939.0,-0.0009999999999998,0.0070000000000001,0.054,1.2768000000000002,1.2716999999999998,1.26075,1.2766048468604478,1.2720991410772151,1.266469099666116,0.0469999999999999,0.0217142857142856,0.0,0.008,0.0042064103662045,0.0034631846890543,1.2146075776724476,54.8452732627692,1.2713333333333332,1.2524615384615383,1.2704192433502692,1.266212095369963,0.0042071479803063,0.0008413336103157,0.000504632968626,14.666666666666666
1.3,1.3,1.257,1.271,1.276,-0.005,-0.39,65,8292.0,-0.004,0.0049999999999998,0.0629999999999999,1.276,1.2722,1.2639,1.274736564573632,1.271899297244994,1.2669006139836287,0.0430000000000001,0.0244285714285714,0.0,0.0050000000000001,0.0039059524829042,0.0035729572112647,1.09319878519386,52.22622872354735,1.2714166666666666,1.2532692307692308,1.2705085905271507,1.266566754972188,0.0039418355549627,0.001611143889867,0.0011920734858933,0.3829787234042554
1.258,1.268,1.235,1.263,1.271,-0.008,-0.63,17,2117.0,-0.006,0.002,0.0189999999999999,1.2748000000000002,1.2724,1.26485,1.2708243763824214,1.2702812432004496,1.266529126937569,0.0359999999999998,0.0254999999999999,0.0,0.008,0.0036269558769825,0.0038891745533172,0.9325772930116806,48.25562715571263,1.2709166666666667,1.2541153846153843,1.2693534227537429,1.2663025509001742,0.0030508718535686,0.0022225016808939,0.0015638331594284,-0.7384615384615385
1.26,1.261,1.26,1.261,1.263,-0.002,-0.16,8,1009.0,-0.0190000000000001,0.0009999999999998,0.0069999999999998,1.271,1.2725,1.2652,1.2675495842549476,1.2685937444367317,1.266002543419705,0.0029999999999998,0.0229285714285714,0.0,0.002,0.0033678876000551,0.0037542335137945,0.8970906012319677,47.28770469103576,1.2705,1.2554230769230768,1.2680682807916286,1.2659097693520132,0.0021585114396154,0.0026052495353666,0.0016827688154658,-0.5294117647058824
1.268,1.268,1.257,1.257,1.261,-0.004,-0.32,19,2399.0,-0.0270000000000001,-0.012,0.004,1.2655999999999998,1.2713,1.2654,1.264033056169965,1.2664857909027802,1.265145158332114,0.0110000000000001,0.0219285714285714,0.0,0.004,0.0031273242000512,0.0037717882628092,0.8291356730936932,45.32936978323437,1.2701666666666669,1.2575,1.2663654683621473,1.265249786437049,0.0011156819250979,0.0026981624687464,0.0015693514373922,1.375
1.221,1.256,1.221,1.253,1.257,-0.004,-0.32,30,3739.0,-0.0230000000000001,-0.024,0.0069999999999998,1.261,1.2689,1.2657500000000002,1.2603553707799768,1.264033828920457,1.2639884765861984,0.0359999999999998,0.0216428571428571,0.0,0.004,0.0029039439000475,0.00378808910118,0.7665986259781957,43.39404631619234,1.2695833333333333,1.2593076923076922,1.2643092424602784,1.26434239484912,-3.3152388841495295e-05,0.0025452107945584,0.0012488506721454,0.5789473684210527
1.266,1.277,1.259,1.259,1.253,0.006,0.48,100,12630.0,-0.012,-0.016,0.0179999999999997,1.2586,1.2673,1.2666499999999998,1.2599035805199843,1.2631185872985555,1.263513383577989,0.024,0.0228571428571428,0.006,0.0,0.0031250907643299,0.0035175113082385,0.8884380149711018,47.04618356164035,1.26875,1.260730769230769,1.2634924359279278,1.2639466618973332,-0.0004542259694053,0.0023077359663788,0.0009082353438353,2.333333333333333
1.249,1.249,1.237,1.237,1.259,-0.022,-1.75,31,3860.0,-0.0259999999999998,-0.0319999999999998,-0.0089999999999998,1.2533999999999998,1.2641,1.2662,1.25226905367999,1.2583697532442726,1.2609882994277044,0.0219999999999997,0.0243571428571428,0.0,0.0219999999999997,0.0029018699954491,0.0048376890719358,0.5998463217248473,37.49399636573425,1.2654166666666666,1.2618461538461538,1.2594166765544004,1.2619506128679012,-0.0025339363135008,0.0017142479339209,0.000219801012368,-0.69
1.236,1.238,1.236,1.238,1.237,0.001,0.08,74,9160.0,-0.0229999999999999,-0.042,-0.0289999999999999,1.2488,1.2598999999999998,1.2647499999999998,1.2475127024533266,1.254666161745314,1.2587989375774469,0.002,0.0233571428571428,0.0009999999999998,0.0,0.0027660221386313,0.0044921398525118,0.6157471114984834,38.10912655306712,1.2623333333333333,1.2616153846153846,1.2561218032383388,1.2601764933962047,-0.0040546901578659,0.0008220048804374,-0.0006350972216787,1.3870967741935485
1.203,1.237,1.203,1.231,1.238,-0.007,-0.57,39,4727.0,-0.0259999999999998,-0.0529999999999999,-0.0389999999999999,1.2436,1.2546,1.2628,1.2420084683022177,1.250363223246166,1.256151419712928,0.0349999999999999,0.0247857142857142,0.0,0.0069999999999998,0.0025684491287291,0.0046712727201895,0.5498392585018927,35.47717968077405,1.2591666666666663,1.260730769230769,1.2522569104324406,1.2580152716631523,-0.0057583612307119,-0.0002852739207867,-0.0016597500234853,-0.472972972972973
1.256,1.256,1.242,1.245,1.231,0.014,1.14,53,6627.0,-0.0079999999999997,-0.0309999999999999,-0.0239999999999998,1.242,1.2515,1.2616,1.243005645534812,1.249388091746863,1.2550893797402682,0.0249999999999999,0.0237142857142856,0.014,0.0,0.003384988476677,0.0043376103830331,0.7803809419853989,43.83224531235175,1.25625,1.2604230769230769,1.2511404626736036,1.257051177465882,-0.0059107147922783,-0.0013800017371468,-0.0025099429772439,0.358974358974359
1.208,1.22,1.208,1.22,1.245,-0.025,-2.01,19,2296.0,-0.0389999999999999,-0.0509999999999999,-0.046,1.2342,1.2464,1.2593,1.235337097023208,1.2440448023383424,1.251747534050719,0.0370000000000001,0.0239999999999999,0.0,0.0250000000000001,0.0031432035854858,0.0058134953556736,0.5406736211491505,35.09332630397575,1.250916666666667,1.2594230769230768,1.24634962226228,1.254306645801743,-0.0079570235394628,-0.0026031012252614,-0.0035993590896877,-0.6415094339622642
1.34,1.34,1.244,1.258,1.22,0.038,3.11,488,61485.0,0.0209999999999999,-0.0049999999999998,-0.0029999999999998,1.2384,1.2459,1.25915,1.242891398015472,1.2465821110040982,1.2523430069982695,0.1200000000000001,0.0317857142857142,0.038,0.0,0.0056329747579511,0.0053982456874112,1.0434824726646437,51.06393064893637,1.2494166666666666,1.260076923076923,1.2481419880680829,1.2545802275942062,-0.0064382395261233,-0.0035582957770102,-0.0041671351769748,24.68421052631579
1.258,1.258,1.229,1.246,1.258,-0.012,-0.95,189,23624.0,0.008,-0.0149999999999999,-0.014,1.2400000000000002,1.2444000000000002,1.2584499999999998,1.2439275986769815,1.2464762726397167,1.2517389110936723,0.0289999999999999,0.0335714285714285,0.0,0.012,0.0052306194180974,0.0058697995668818,0.8911069890033861,47.12091881554517,1.2473333333333334,1.260076923076923,1.2478124514422235,1.2539446551798206,-0.0061322037375968,-0.0043636164061985,-0.0045601488890992,-0.6127049180327868
1.254,1.254,1.242,1.242,1.246,-0.004,-0.32,14,1749.0,0.0109999999999998,-0.0149999999999999,-0.0269999999999999,1.2422,1.2429,1.2571,1.2432850657846544,1.245662404887041,1.250811395751418,0.012,0.0310714285714285,0.0,0.004,0.0048570037453762,0.0057362424549617,0.8467221850385739,45.85000342219248,1.2455833333333333,1.2591153846153846,1.24691822814342,1.2530598659072414,-0.0061416377638212,-0.0050423370034185,-0.0048764466640436,-0.925925925925926
1.221,1.243,1.221,1.232,1.242,-0.01,-0.81,46,5668.0,-0.0130000000000001,-0.0209999999999999,-0.0449999999999999,1.2395999999999998,1.2408,1.2548499999999998,1.2395233771897696,1.2431783312712152,1.2490198342512828,0.022,0.0295714285714285,0.0,0.01,0.0045100749064207,0.0060407965653216,0.7466026802345517,42.7459941910939,1.2431666666666668,1.257653846153846,1.2446231161213557,1.2514998758400382,-0.0068767597186827,-0.0057559518644493,-0.0052765092749714,2.2857142857142856
1.257,1.257,1.213,1.213,1.232,-0.019,-1.54,147,17935.0,-0.0069999999999998,-0.0459999999999998,-0.0619999999999998,1.2382,1.2362,1.25175,1.2306822514598466,1.237691361949176,1.2455893738463988,0.0439999999999998,0.0301428571428571,0.0,0.0189999999999999,0.0041879266988193,0.0069664539535129,0.6011561587524014,37.54512984047814,1.2395,1.2555,1.2397580213334547,1.2486480331852206,-0.0088900118517658,-0.0064621824798121,-0.0059992097903303,2.1956521739130435
1.215,1.216,1.209,1.209,1.213,-0.004,-0.33,163,19685.0,-0.0489999999999999,-0.028,-0.0599999999999998,1.2284000000000002,1.2334,1.2487499999999998,1.2234548343065643,1.2324747506856897,1.2421046715753132,0.0069999999999998,0.0304285714285713,0.0,0.004,0.003888789077475,0.0067545643854048,0.5757275903502969,36.53725389312426,1.2358333333333331,1.2533076923076922,1.2350260180513846,1.2457111418381672,-0.0106851237867826,-0.0071988973274695,-0.0069363925896208,0.1088435374149658
1.233,1.32,1.17,1.203,1.209,-0.006,-0.5,203,24384.0,-0.0429999999999999,-0.0349999999999999,-0.0769999999999999,1.2198,1.2299000000000002,1.2449,1.2166365562043766,1.227115705106473,1.2383804171395691,0.1500000000000001,0.0403571428571428,0.0,0.006,0.0036110184290839,0.0067006669293045,0.5389043310437754,35.01870260370629,1.2311666666666667,1.251076923076923,1.2300989383511716,1.2425473535538585,-0.0124484152026869,-0.0079422366576889,-0.008038797112234,0.2453987730061348
1.191,1.202,1.191,1.199,1.203,-0.004,-0.33,92,10992.0,-0.0429999999999999,-0.032,-0.0849999999999999,1.2112,1.2267,1.24065,1.2107577041362512,1.2220037587234778,1.234629901221515,0.012,0.0386428571428571,0.0,0.004,0.0033530885412922,0.0065077621486399,0.5152444826203528,34.004049414476455,1.228,1.2487307692307692,1.2253144862971452,1.23932162366098,-0.0140071373638348,-0.0088418391656396,-0.0092324651625541,-0.5467980295566502
1.199,1.199,1.191,1.191,1.199,-0.008,-0.67,115,13763.0,-0.0409999999999999,-0.054,-0.0849999999999999,1.203,1.2213,1.2364,1.204171802757501,1.2163667116828454,1.2304746725337516,0.008,0.0374999999999999,0.0,0.008,0.0031135822169142,0.0066143505665942,0.470731356852995,32.00661729686956,1.2240833333333334,1.2457307692307693,1.220035334559123,1.235742244130537,-0.0157069095714139,-0.0097029376136342,-0.0105273540443261,0.25
1.185,1.197,1.183,1.197,1.191,0.006,0.5,117,13867.0,-0.016,-0.0229999999999999,-0.0739999999999998,1.1998000000000002,1.219,1.2327,1.201781201838334,1.2128454913768734,1.2272866084829184,0.014,0.0369285714285714,0.006,0.0,0.0033197549157061,0.0061418969546946,0.5405097057463034,35.08642001605905,1.2212500000000002,1.242653846153846,1.2164914369346425,1.232872448269016,-0.0163810113343734,-0.0108076900367731,-0.0116980855023356,0.0173913043478259
1.209,1.317,1.202,1.274,1.197,0.077,6.43,2213,270214.0,0.0649999999999999,0.016,0.0110000000000001,1.2128,1.2206,1.23325,1.2258541345588894,1.2239644929447144,1.2317355029131165,0.1199999999999998,0.0453571428571428,0.0769999999999999,0.0,0.0085826295645842,0.0057031900293592,1.5048822712204866,60.07796408280871,1.223666666666667,1.242615384615385,1.2253389081754666,1.235918933582422,-0.0105800254069554,-0.0113018924444796,-0.0114744734832595,17.914529914529915
1.245,1.245,1.222,1.228,1.274,-0.046,-3.61,9032,1105834.0,0.0249999999999999,-0.018,-0.0329999999999999,1.2178,1.2188,1.2316,1.2265694230392596,1.224698221500221,1.2313797407309148,0.052,0.0465714285714285,0.0,0.046,0.0079695845956853,0.0085815335986907,0.9286900184019824,48.15133637552857,1.2243333333333335,1.241038461538461,1.2257483069177026,1.23533234590965,-0.0095840389919474,-0.011684381469827,-0.0110963865849971,3.0813375508359693
1.224,1.228,1.223,1.223,1.228,-0.005,-0.41,331,40573.0,0.024,-0.0189999999999999,-0.0339999999999998,1.2226,1.2169,1.2299,1.2253796153595065,1.224389453954726,1.230581670185113,0.0049999999999998,0.0451428571428571,0.0,0.0049999999999998,0.0074003285531364,0.0083257097702128,0.8888525732199785,47.05780566583485,1.2214166666666666,1.238846153846154,1.225325490468825,1.2344188388052315,-0.0090933483364061,-0.0119306690940185,-0.0106957789352789,-0.9633525243578388
1.225,1.225,1.214,1.217,1.223,-0.006,-0.49,451,54992.0,0.026,-0.0149999999999999,-0.0359999999999998,1.2278,1.2154,1.2281,1.222586410239671,1.2230459168720484,1.2292881777865312,0.0110000000000001,0.0432857142857142,0.0,0.006,0.0068717336564838,0.008159587643769,0.8421667805396128,45.71609853332188,1.219,1.236269230769231,1.224044645781314,1.2331285544492885,-0.0090839086679745,-0.0119522131847083,-0.010373404881818,0.3625377643504532
1.217,1.217,1.204,1.209,1.217,-0.008,-0.66,131,15809.0,0.012,-0.004,-0.0499999999999998,1.2302,1.215,1.2256,1.2180576068264477,1.2204921138044034,1.22735597037829,0.0130000000000001,0.0356428571428571,0.0,0.008,0.0063808955381635,0.0081481885263569,0.7831060262686866,43.91808533715788,1.21625,1.2336923076923076,1.2217300848918808,1.2313412541197115,-0.0096111692278306,-0.0118328849003803,-0.0102209577510206,-0.7095343680709534
1.212,1.212,1.187,1.187,1.209,-0.022,-1.82,102,12207.0,-0.0869999999999999,-0.022,-0.05,1.2128,1.2128,1.2231,1.2077050712176318,1.214402638567239,1.2235125446279769,0.0249999999999999,0.0353571428571428,0.0,0.022,0.0059251172854375,0.0091376036316172,0.6484322941012615,39.33630131013612,1.2125,1.2304615384615385,1.2163869949085149,1.2280567167775107,-0.011669721868996,-0.0117463634188591,-0.0105107105746157,-0.2213740458015267
1.176,1.178,1.167,1.167,1.187,-0.02,-1.68,53,6213.0,-0.0609999999999999,-0.036,-0.0709999999999999,1.2006,1.2092,1.21955,1.1941367141450878,1.205783977009559,1.2181303975205506,0.02,0.0359285714285714,0.0,0.02,0.005501894622192,0.0099134890865017,0.5549907377901347,35.69093527713588,1.2086666666666668,1.2267692307692308,1.20878899569182,1.2235339970162138,-0.0147450013243937,-0.0118283483033657,-0.0113575687245713,-0.480392156862745
1.197,1.197,1.169,1.169,1.167,0.002,0.17,56,6610.0,-0.054,-0.03,-0.062,1.1898,1.2062000000000002,1.21645,1.1857578094300587,1.1990959811896391,1.2134513120424029,0.03,0.0364999999999999,0.002,0.0,0.0052517592920354,0.0092053827231801,0.5705096083415366,36.32640038057435,1.2053333333333336,1.2232307692307691,1.2026676117392323,1.2194944416816793,-0.0168268299424469,-0.0119527839001471,-0.0124514209681464,0.0566037735849056
1.144,1.17,1.144,1.17,1.169,0.001,0.09,497,57589.0,-0.0470000000000001,-0.0210000000000001,-0.0750000000000001,1.1804,1.2041,1.2127,1.180505206286706,1.1938058027915228,1.2093130918478885,0.026,0.0352142857142857,0.0009999999999998,0.0,0.0049480621997472,0.0085478553858101,0.5788659232538289,36.66339964199523,1.2025833333333331,1.2198846153846152,1.1976418253178118,1.2158281867422958,-0.0181863614244839,-0.0121533783546039,-0.0135984090594139,7.875
1.168,1.181,1.168,1.179,1.17,0.009,0.77,121,14233.0,-0.03,-0.018,-0.0409999999999999,1.1744,1.2023,1.21065,1.180003470857804,1.1911138386476094,1.206426130719518,0.0130000000000001,0.0356428571428571,0.0090000000000001,0.0,0.0052374863283366,0.0079372942868237,0.6598578985575954,39.75387887909002,1.2009166666666666,1.2170384615384615,1.1947738521919946,1.213100172909533,-0.0183263207175383,-0.0130140778335575,-0.0145439913910388,-0.7565392354124748
1.186,1.186,1.175,1.175,1.179,-0.004,-0.34,52,6163.0,-0.012,-0.0989999999999999,-0.0829999999999999,1.1720000000000002,1.1924,1.2065,1.178335647238536,1.1881840498025895,1.2034331658890878,0.0109999999999998,0.0257142857142857,0.0,0.004,0.0048633801620269,0.007656058980622,0.6352328494773183,38.8466296821497,1.1995833333333332,1.213807692307692,1.1917317210855338,1.2102779378791972,-0.0185462167936634,-0.0140098753670815,-0.0153444364715637,-0.5702479338842975
1.175,1.175,1.175,1.175,1.175,0.0,0.0,9,1058.0,0.008,-0.0529999999999999,-0.0709999999999999,1.1736,1.1871,1.20295,1.177223764825691,1.1857869498384823,1.2007252453282222,0.0,0.0248571428571428,0.0,-0.0,0.0045159958647392,0.0071091976248632,0.6352328494773183,38.8466296821497,1.19775,1.211423076923077,1.1891576101492978,1.207664757295553,-0.0185071471462552,-0.0150558530126203,-0.015976978606502,-0.8269230769230769
1.175,1.175,1.156,1.172,1.175,-0.003,-0.26,23,2677.0,0.0029999999999998,-0.0510000000000001,-0.07,1.1742,1.182,1.19945,1.1754825098837938,1.183280231686031,1.1979895076779152,0.0190000000000001,0.0256428571428571,0.0,0.0030000000000001,0.0041934247315436,0.0068156835088016,0.615261070460259,38.09050324508496,1.18925,1.2088846153846151,1.1865179778186363,1.2050229234218084,-0.0185049456031718,-0.0161026348943089,-0.016482572005836,1.5555555555555554
1.167,1.167,1.144,1.144,1.172,-0.028,-2.39,108,12392.0,-0.026,-0.0730000000000001,-0.088,1.169,1.1747,1.1950500000000002,1.1649883399225294,1.1761383713794795,1.192847649803828,0.028,0.0266428571428571,0.0,0.028,0.0038938943935762,0.0083288489724586,0.4675189100501549,31.857777562414963,1.18225,1.2055384615384617,1.1799767504619232,1.2005027068720449,-0.0205259564101216,-0.0173153890256745,-0.0172912488866931,3.695652173913044
1.132,1.148,1.12,1.147,1.144,0.003,0.26,50,5627.0,-0.032,-0.062,-0.066,1.1626,1.1685,1.19175,1.1589922266150197,1.1708404856741197,1.188481206965368,0.0279999999999998,0.0200714285714285,0.0030000000000001,0.0,0.003830044794035,0.0077339311887116,0.4952261276419654,33.12048381758536,1.1759166666666667,1.201769230769231,1.174903404237012,1.1965395434000414,-0.0216361391630295,-0.0184227687250116,-0.0181602269419604,-0.537037037037037
1.146,1.146,1.135,1.135,1.147,-0.012,-1.05,17,1901.0,-0.04,-0.052,-0.074,1.1545999999999998,1.1633,1.18805,1.1509948177433464,1.164324033733371,1.183387758682952,0.012,0.0172142857142857,0.0,0.012,0.0035564701658897,0.0080386503895179,0.442421301283012,30.67212754619506,1.1690833333333333,1.1985,1.1687644189697792,1.191981058703742,-0.0232166397339628,-0.0193640618816304,-0.0191715095003609,-0.6599999999999999
1.136,1.136,1.074,1.082,1.135,-0.053,-4.67,214,23475.0,-0.0929999999999999,-0.0849999999999999,-0.121,1.136,1.1548,1.182,1.127996545162231,1.1493560276000303,1.173731781665528,0.0619999999999998,0.0212857142857142,0.0,0.0529999999999999,0.0033024365826118,0.0112501753616952,0.2935453427558177,22.6930848925974,1.1585,1.1917307692307693,1.1554160468205823,1.183834313614576,-0.0284182667939933,-0.02065199930958,-0.0210208609590874,11.588235294117649
1.074,1.107,1.074,1.102,1.082,0.02,1.85,103,11307.0,-0.0699999999999998,-0.0669999999999999,-0.0969999999999999,1.122,1.1481,1.17715,1.119331030108154,1.1407458407636613,1.166900183411668,0.0329999999999999,0.0228571428571428,0.02,0.0,0.0044951196838538,0.0104465914072884,0.430295347889046,30.084370233330706,1.1514166666666668,1.1861923076923078,1.1471981934635698,1.177772512606089,-0.0305743191425191,-0.0220284390560283,-0.0229315525957737,-0.5186915887850467
1.102,1.112,1.085,1.112,1.102,0.01,0.91,60,6623.0,-0.0319999999999998,-0.0579999999999998,-0.0789999999999999,1.1156,1.1423,1.1732,1.1168873534054362,1.1355193242611774,1.1616715945153189,0.0270000000000001,0.0238571428571428,0.01,0.0,0.0048883254207214,0.0097004063067678,0.5039299660377075,33.50754206762529,1.1468333333333334,1.181192307692308,1.1417830867768668,1.1729004746352676,-0.0311173878584007,-0.0234496687383464,-0.0245687196482991,-0.4174757281553398
1.1,1.146,1.1,1.146,1.112,0.034,3.06,276,31304.0,-0.0010000000000001,-0.0330000000000001,-0.0510000000000001,1.1154,1.139,1.1706500000000002,1.1265915689369574,1.137424901668236,1.1601790617043362,0.0459999999999998,0.0253571428571428,0.0339999999999998,0.0,0.0069677307478127,0.0090075201419986,0.7735459524897275,43.61578291240852,1.1449166666666666,1.1778846153846154,1.1424318426573488,1.1709078468845069,-0.0284760042271581,-0.0245529784531791,-0.0253501765640709,3.6
1.143,1.143,1.143,1.143,1.146,-0.003,-0.26,5,572.0,0.008,-0.032,-0.131,1.1170000000000002,1.1358,1.1641,1.132061045957972,1.138438555910375,1.1585429605896371,0.0029999999999998,0.0241428571428571,0.0,0.0029999999999998,0.0064700356943975,0.0085784115604273,0.7542230457027953,42.99470626328653,1.1426666666666667,1.1751923076923076,1.142519251479295,1.168840598967136,-0.0263213474878409,-0.0254212229355775,-0.0255444107488249,-0.9818840579710144
1.131,1.131,1.117,1.117,1.143,-0.026,-2.27,52,5825.0,0.0349999999999999,-0.058,-0.1109999999999999,1.124,1.13,1.15855,1.1270406973053146,1.134540636653943,1.1545864881525292,0.026,0.0238571428571428,0.0,0.026,0.0060078902876548,0.0098228107346825,0.6116263918678736,37.95087961788707,1.1375,1.1716538461538462,1.1385932127901726,1.1650005545992,-0.0264073418090273,-0.0262992669584504,-0.0257169969608654,9.4
1.115,1.115,1.094,1.094,1.117,-0.023,-2.06,35,3841.0,-0.008,-0.0779999999999998,-0.129,1.1224,1.1222,1.1521,1.1160271315368764,1.1271696118077714,1.1488163464237169,0.0229999999999999,0.0236428571428571,0.0,0.0229999999999999,0.0055787552671081,0.010764038539348,0.5182771546864047,34.13587256362645,1.13075,1.1674615384615386,1.1317327185147614,1.1597412542585184,-0.0280085357437569,-0.0271306646621876,-0.0261753047174437,-0.3269230769230768
1.086,1.086,1.062,1.063,1.094,-0.031,-2.83,47,5030.0,-0.0490000000000001,-0.0809999999999999,-0.1540000000000001,1.1126,1.1141,1.1444,1.0983514210245842,1.115502409660904,1.1406433610500295,0.032,0.0249999999999999,0.0,0.0310000000000001,0.0051802727480289,0.012209464357966,0.4242833752693742,29.78925280154517,1.1214166666666665,1.1622307692307692,1.1211584541278752,1.1525752354245542,-0.031416781296679,-0.0282174026770376,-0.0272236000332908,0.3428571428571427
1.06,1.063,1.06,1.063,1.063,0.0,0.0,7,742.0,-0.0829999999999999,-0.084,-0.1460000000000001,1.096,1.1057,1.1370999999999998,1.0865676140163891,1.1059565169952847,1.1332487552357409,0.0029999999999998,0.0244285714285713,0.0,-0.0,0.0048102532660268,0.0113373597609684,0.4242833752693742,29.789252801545175,1.1123333333333334,1.1573076923076924,1.1122109996466636,1.1459400328005132,-0.0337290331538495,-0.0293854463903583,-0.0285246866574025,-0.851063829787234
1.067,1.067,1.016,1.035,1.063,-0.028,-2.63,63,6515.0,-0.1080000000000001,-0.1,-0.1520000000000001,1.0744,1.0957,1.1295,1.0693784093442598,1.093055332087051,1.123891730927575,0.0509999999999999,0.0280714285714285,0.0,0.028,0.0044666637470249,0.0125275483494707,0.3565473165556516,26.283441219060823,1.10325,1.151076923076923,1.1003323843164077,1.1377222525930677,-0.03738986827666,-0.0303822909995435,-0.030297722981254,8.0
1.019,1.03,1.0,1.03,1.035,-0.005,-0.48,155,15745.0,-0.0869999999999999,-0.052,-0.137,1.057,1.0905,1.12265,1.0562522728961732,1.0815907262530418,1.114949661315425,0.0349999999999999,0.0292142857142856,0.0,0.0049999999999998,0.0041476163365231,0.0119898663245085,0.3459268205555412,25.701755494608346,1.0935,1.1416923076923078,1.089512017498499,1.1297428264750626,-0.0402308089765637,-0.0314552343144373,-0.0322843401803159,1.4603174603174605
1.03,1.088,1.03,1.088,1.03,0.058,5.63,238,25157.0,-0.006,-0.014,-0.0809999999999999,1.0558,1.0891,1.1186,1.0668348485974488,1.0827560487524888,1.1123830269044324,0.058,0.0313571428571428,0.058,0.0,0.0079942151696286,0.0111334473013293,0.7180359284292973,41.79399956354561,1.0895833333333331,1.1363076923076922,1.0892793994218068,1.1266507652546875,-0.0373713658328807,-0.0321501207560462,-0.0333017453108289,0.5354838709677419
1.129,1.156,1.129,1.156,1.088,0.068,6.25,81,9342.0,0.0929999999999999,0.0439999999999998,-0.014,1.0744,1.0935,1.1179,1.0965565657316327,1.0960731307974907,1.1165370243421051,0.0679999999999998,0.0342142857142856,0.0679999999999998,0.0,0.0122803426575123,0.0103382010655201,1.187860690625338,54.29325074101595,1.09575,1.1337307692307692,1.0995441072030674,1.1288247826432294,-0.0292806754401619,-0.0322395286686022,-0.0324975313366955,-0.6596638655462185
1.182,1.211,1.161,1.161,1.156,0.005,0.43,134,15788.0,0.098,0.0150000000000001,-0.018,1.094,1.095,1.117,1.1180377104877552,1.1078780161070378,1.120771593452381,0.0550000000000001,0.0372857142857142,0.0050000000000001,0.0,0.0117603181819757,0.0095997581322686,1.225064008898781,55.05747268390199,1.1006666666666665,1.131576923076923,1.1089988599410572,1.1312081320770644,-0.0222092721360072,-0.0317826314072874,-0.0304398794965578,0.654320987654321
1.144,1.152,1.144,1.152,1.161,-0.009,-0.78,25,2869.0,0.1169999999999999,0.0089999999999998,-0.0230000000000001,1.1174000000000002,1.0959,1.1158499999999998,1.1293584736585036,1.1159001949966671,1.123745727409297,0.0170000000000001,0.0340714285714285,0.0,0.0090000000000001,0.0109202954546917,0.009556918265678,1.142658663714852,53.32901049828245,1.104,1.1293846153846152,1.1156144199501252,1.1327482704417262,-0.0171338504916009,-0.0307522434831289,-0.0277786736955665,-0.8134328358208955
1.152,1.152,1.15,1.152,1.152,0.0,0.0,20,2302.0,0.1219999999999998,0.0349999999999999,-0.0230000000000001,1.1418,1.0994,1.1147,1.136905649105669,1.122463795906364,1.1264366105131731,0.002,0.0318571428571428,0.0,-0.0,0.0101402743507852,0.008874281246701,1.142658663714852,53.329010498282464,1.1045,1.1280384615384615,1.1212122014962598,1.1341743244830798,-0.0129621229868199,-0.0290804198434692,-0.0248153635538172,-0.1999999999999999
1.165,1.167,1.165,1.166,1.152,0.014,1.22,6,699.0,0.0779999999999998,0.0719999999999998,-0.006,1.1574,1.1065999999999998,1.1144,1.146603766070446,1.130379469377934,1.1302045523690616,0.0150000000000001,0.0309999999999999,0.014,0.0,0.0104159690400148,0.0082404040147938,1.264011936952999,55.830621575880855,1.1064166666666666,1.128,1.1281026320352967,1.1365317819287777,-0.0084291498934809,-0.0265262385764472,-0.0215381208217499,-0.7
1.162,1.164,1.162,1.164,1.166,-0.002,-0.17,101,11756.0,0.008,0.1009999999999999,0.02,1.159,1.1167,1.1154,1.1524025107136306,1.1364922931274006,1.133423166429151,0.004,0.0279999999999999,0.0,0.002,0.0096719712514423,0.00779466087088,1.240845677786416,55.37399072533035,1.1103333333333334,1.1278076923076925,1.1336253040298665,1.1385664647488682,-0.0049411607190017,-0.0233275860836863,-0.0182187288012003,15.833333333333332
1.167,1.167,1.167,1.167,1.164,0.003,0.26,10,1167.0,0.006,0.104,0.02,1.1602,1.1271,1.1164,1.157268340475754,1.1420391489224186,1.1366209601025652,0.0030000000000001,0.028,0.0030000000000001,0.0,0.0091954018763393,0.0072378993801028,1.2704517420645127,55.955901573547486,1.1164166666666666,1.1276923076923078,1.1387598726406565,1.1406726525452484,-0.0019127799045921,-0.0193856873756788,-0.0149575390218786,-0.900990099009901
1.182,1.182,1.182,1.182,1.167,0.015,1.29,10,1182.0,0.03,0.147,0.0469999999999999,1.1662,1.1418,1.11875,1.165512226983836,1.1493047582092517,1.1409427734261304,0.0149999999999999,0.0272142857142857,0.0149999999999999,0.0,0.0096100160280293,0.0067209065672383,1.4298690112542576,58.84551820001949,1.1263333333333334,1.1278076923076925,1.145412199926709,1.143733937541897,0.0016782623848123,-0.0147291238910814,-0.0116303787405404,0.0
1.193,1.198,1.168,1.168,1.182,-0.014,-1.18,89,10525.0,0.016,0.1379999999999999,0.0859999999999998,1.1694,1.1556,1.12305,1.1663414846558906,1.1527038930802966,1.143519652147451,0.03,0.0277142857142857,0.0,0.014,0.0089235863117415,0.0072408418124356,1.23239625210648,55.20508516100561,1.1350833333333332,1.1275384615384616,1.148887246091831,1.1455314236499043,0.0033558224419263,-0.0102038807494362,-0.0086331385040471,7.9
1.169,1.199,1.169,1.199,1.168,0.031,2.65,721,85671.0,0.0330000000000001,0.1109999999999999,0.0969999999999999,1.176,1.1666999999999998,1.1279,1.1772276564372606,1.1611213670656972,1.1488034948000747,0.0310000000000001,0.0276428571428571,0.0310000000000001,0.0,0.01050047300376,0.006723638825833,1.5617247261134646,60.96379951341783,1.14875,1.1284615384615384,1.1565969005392414,1.1494920589350968,0.0071048416041445,-0.006161045522291,-0.0054855424824087,7.101123595505618
1.205,1.21,1.2,1.208,1.199,0.009,0.75,770,92612.0,0.044,0.052,0.0959999999999998,1.1848,1.1719,1.1327,1.187485104291507,1.169644754871934,1.1544412572000675,0.0109999999999998,0.0282142857142857,0.0089999999999998,0.0,0.0103932963606343,0.0062433789097021,1.6646909487558452,62.472195866957705,1.1635833333333332,1.129846153846154,1.1645050696870505,1.15382598049546,0.0106790891915902,-0.002506783152558,-0.0022526161476089,0.0679611650485436
1.213,1.213,1.203,1.211,1.208,0.003,0.25,57,6899.0,0.044,0.05,0.0650000000000001,1.1936,1.1769,1.1359499999999998,1.195323402861005,1.177163890349764,1.1598278041333945,0.01,0.0252857142857143,0.0030000000000001,0.0,0.0098652037634461,0.0057974232732948,1.7016531825249066,62.985626487208044,1.1738333333333333,1.1324230769230768,1.1716581358890426,1.1580610930513515,0.0135970428376908,0.0009077605506966,0.0009173156494509,-0.925974025974026
1.211,1.211,1.205,1.208,1.211,-0.003,-0.25,20005,2414356.0,0.026,0.056,0.0649999999999999,1.1988,1.1825,1.1392000000000002,1.19954893524067,1.182770455740716,1.1644156323111663,0.006,0.0232142857142857,0.0,0.0030000000000001,0.0091605463517714,0.0055976073252023,1.6365110697435783,62.07108661609912,1.1781666666666666,1.1347692307692308,1.177249191906113,1.1617602713438442,0.0154889205622688,0.0040689876117064,0.0038316366320145,349.9649122807017
1.203,1.21,1.196,1.21,1.208,0.002,0.17,2017,242638.0,0.042,0.058,0.0929999999999999,1.2071999999999998,1.1883,1.14385,1.20303262349378,1.1877212819696763,1.168757000662484,0.014,0.0200714285714285,0.002,0.0,0.0086490787552163,0.005197778230545,1.663995340237774,62.46239680318866,1.18225,1.137653846153846,1.182287777766711,1.1653335845776336,0.0169541931890773,0.006889359065324,0.0064561479434271,-0.8991752061984504
1.207,1.21,1.194,1.194,1.21,-0.016,-1.32,14034,1691671.0,-0.0050000000000001,0.028,0.0999999999999998,1.2062,1.1911,1.14885,1.2000217489958531,1.1888628670660988,1.1711610958374854,0.016,0.0163571428571428,0.0,0.016,0.008031287415558,0.0059693654997918,1.345417266849898,57.36366342424485,1.18575,1.1419615384615385,1.1840896581102938,1.167457022757068,0.0166326353532257,0.0092864475177937,0.0084914454253868,5.95785820525533
1.194,1.201,1.194,1.201,1.194,0.007,0.59,76,9106.0,-0.0069999999999998,0.0370000000000001,0.1380000000000001,1.2048,1.1948,1.1557499999999998,1.2003478326639023,1.1910696185086262,1.1740028962339155,0.0070000000000001,0.0129285714285714,0.0070000000000001,0.0,0.0079576240287324,0.0055429822498067,1.4356214164333545,58.942716086625325,1.1898333333333333,1.1457692307692309,1.1866912491702486,1.1699416877380258,0.0167495614322228,0.0113600409996621,0.010143068626754,-0.9945845803049737
1.206,1.219,1.206,1.219,1.201,0.018,1.5,4045,489080.0,0.008,0.052,0.1560000000000001,1.2064,1.2,1.16355,1.2065652217759348,1.196147869688876,1.1782883346878283,0.018,0.013,0.018,0.0,0.0086749365981087,0.005147054946249,1.6854175229721529,62.76184275087231,1.19425,1.1498846153846154,1.1916618262209795,1.1735756367944683,0.0180861894265114,0.0131831440042953,0.0117316927867055,52.22368421052632
1.22,1.22,1.22,1.22,1.219,0.001,0.08,30,3660.0,0.012,0.038,0.185,1.2088,1.2038,1.1728,1.2110434811839563,1.200484620654535,1.1822608742413685,0.0009999999999998,0.0129285714285714,0.0009999999999998,0.0,0.0081267268411009,0.0047794081643741,1.7003625891753271,62.9679360835245,1.1989166666666666,1.1527307692307691,1.1960215452639058,1.1770144785133967,0.0190070667505091,0.0149221711496934,0.0131867675794662,-0.992583436341162
1.219,1.225,1.214,1.219,1.22,-0.001,-0.08,4042,492739.0,0.0090000000000001,0.0510000000000001,0.189,1.2106,1.2089,1.18225,1.2136956541226378,1.2038510532628013,1.185759838599333,0.0110000000000001,0.0126428571428571,0.0,0.0009999999999998,0.0075462463524508,0.0045094504383474,1.67342926940258,62.59485854198545,1.20325,1.155653846153846,1.1995566921463818,1.180124517142034,0.0194321750043477,0.0162918748608271,0.0144358490644425,133.73333333333332
1.214,1.214,1.207,1.207,1.219,-0.012,-0.98,25,3026.0,0.0130000000000001,0.008,0.119,1.2132,1.2097000000000002,1.1882,1.2114637694150918,1.2044235890332011,1.1877827111136825,0.012,0.0132142857142857,0.0,0.012,0.0070072287558472,0.0050444896927511,1.3890857515114905,58.14298422033051,1.2053333333333334,1.1591153846153843,1.200701816431554,1.1821152936500314,0.0185865227815225,0.0171704785930418,0.0152659838078585,-0.9938149430974764
1.212,1.219,1.212,1.219,1.207,0.012,0.99,5,609.0,0.018,0.0110000000000001,0.0630000000000001,1.2168,1.2108,1.19135,1.2139758462767278,1.207073845572619,1.1907557862457128,0.012,0.0138571428571428,0.012,0.0,0.0073638552732867,0.0046841690004118,1.5720729274796292,61.120853560715375,1.2095833333333337,1.1639230769230768,1.2035169215959305,1.1848474941203997,0.0186694274755307,0.0177340768861351,0.0159466725413929,-0.8
1.229,1.239,1.229,1.239,1.219,0.02,1.64,148,18263.0,0.02,0.028,0.078,1.2208,1.2136,1.19525,1.2223172308511518,1.212878600923052,1.1953504732699307,0.02,0.0142142857142857,0.02,0.0,0.0082664370394805,0.0043495855003823,1.900511448448084,65.52332173916953,1.2129166666666666,1.1706923076923077,1.208975856735018,1.1888587908522217,0.0201170658827962,0.0182483152550826,0.0167807512096736,28.6
1.245,1.245,1.235,1.235,1.239,-0.004,-0.32,12,1489.0,0.0150000000000001,0.0270000000000001,0.0830000000000001,1.2238,1.2163,1.1994000000000002,1.2265448205674347,1.216900673482497,1.1991266186727945,0.01,0.0127857142857143,0.0,0.004,0.0076759772509462,0.0043246151074979,1.7749503852117934,63.9633196568422,1.2151666666666667,1.1773076923076924,1.2129795710834768,1.1922766581965016,0.0207029128869751,0.0186648396659601,0.0175651835451339,-0.9189189189189187
1.232,1.232,1.229,1.229,1.235,-0.006,-0.49,17,2090.0,0.01,0.0190000000000001,0.0770000000000001,1.2258000000000002,1.2182,1.2032500000000002,1.2273632137116233,1.219100551031134,1.2019717026087189,0.006,0.011,0.0,0.006,0.0071276931615929,0.0044442854569623,1.6037883323688704,61.59442042317542,1.2166666666666668,1.1847692307692308,1.2154442524552496,1.1949969057375016,0.0204473467177479,0.0190886964842404,0.0181416161796567,0.4166666666666667
1.229,1.235,1.229,1.235,1.229,0.006,0.49,6,738.0,0.028,0.0410000000000001,0.0690000000000001,1.2314,1.2223000000000002,1.2067,1.2299088091410824,1.221991359934564,1.205117254741222,0.006,0.0106428571428571,0.006,0.0,0.0070471436500505,0.0041268364957507,1.7076382011515836,63.06744381229771,1.2189166666666666,1.192653846153846,1.2184528290005958,1.1979600979050942,0.0204927310955016,0.0195046042246047,0.0186118391628257,-0.6470588235294117
1.231,1.231,1.207,1.214,1.235,-0.021,-1.7,30,3645.0,-0.0050000000000001,0.0129999999999999,0.05,1.2304000000000002,1.2236,1.2091999999999998,1.2246058727607216,1.2205383854010068,1.205963230480153,0.028,0.0119285714285714,0.0,0.0210000000000001,0.0065437762464755,0.00533206246034,1.2272504861201934,55.1015924687496,1.21925,1.1975,1.2177677783851195,1.199148238801013,0.0186195395841064,0.0195638653532264,0.0186133792470818,4.0
1.211,1.211,1.196,1.196,1.214,-0.018,-1.48,928,112006.0,-0.0430000000000001,-0.0230000000000001,0.0289999999999999,1.2218,1.2213,1.21065,1.215070581840481,1.2160768607826418,1.2050143513868052,0.018,0.0127857142857143,0.0,0.018,0.0060763636574415,0.0062369151417442,0.9742578693706828,49.34805551420892,1.2194166666666668,1.1990384615384615,1.2144188894027934,1.198915035926864,0.0155038534759295,0.0191746194338286,0.0179914740928514,29.933333333333334
1.193,1.193,1.181,1.192,1.196,-0.004,-0.33,34,4043.0,-0.0430000000000001,-0.028,0.01,1.2132,1.2185,1.21115,1.2073803878936542,1.2116992497312522,1.203774889349967,0.0149999999999999,0.0128571428571428,0.0,0.004,0.00564233768191,0.0060771354887625,0.928453494634676,48.14497716526792,1.2186666666666668,1.2002307692307692,1.2109698294946714,1.1984028110433924,0.0125670184512789,0.0184118242612654,0.0169065829645369,-0.9633620689655172
1.19,1.19,1.164,1.164,1.192,-0.028,-2.35,22,2587.0,-0.0650000000000001,-0.0550000000000001,-0.004,1.2002,1.213,1.21095,1.1929202585957694,1.2030266588710243,1.1999868046499698,0.028,0.0137142857142857,0.0,0.028,0.0052393135617735,0.0076430543824223,0.6854999715588885,40.67042320534019,1.2140833333333334,1.2006923076923075,1.2037437018801065,1.1958544546698078,0.0078892472102987,0.017223238086685,0.0151031158136892,-0.3529411764705882
1.166,1.188,1.166,1.177,1.164,0.013,1.12,53,6236.0,-0.058,-0.03,-0.022,1.1886,1.21,1.20985,1.187613505730513,1.198294539076293,1.1977975851594964,0.024,0.0149285714285714,0.0130000000000001,0.0,0.0057936483073611,0.007097121926535,0.8163377165185247,44.944159287912846,1.2105,1.2016538461538462,1.199629286206244,1.1944578283979703,0.0051714578082737,0.015723463679212,0.0131167842126061,1.4090909090909092
1.18,1.189,1.18,1.189,1.177,0.012,1.02,7,831.0,-0.0249999999999999,-0.03,-0.0189999999999999,1.1835999999999998,1.207,1.2089,1.1880756704870088,1.196604622880603,1.196959719906211,0.012,0.0145,0.012,0.0,0.0062369591425496,0.0065901846460682,0.9464012736381616,48.62313267341701,1.208,1.2025384615384616,1.1979940114052834,1.1940535448129357,0.0039404665923479,0.0139260637580511,0.0112815206885545,-0.8679245283018868
1.192,1.216,1.192,1.216,1.189,0.027,2.27,59,7132.0,0.02,-0.0230000000000001,0.0049999999999998,1.1876,1.2047,1.20915,1.1973837803246727,1.2001310550841298,1.1987730799151433,0.0269999999999999,0.0163571428571428,0.0269999999999999,0.0,0.0077200334895104,0.0061194571713491,1.2615552774280503,55.782641707646064,1.20875,1.2045384615384616,1.2007641634967785,1.1956792081601253,0.0050849553366529,0.0121907351413486,0.0100422076181742,7.428571428571429
1.214,1.214,1.206,1.208,1.216,-0.008,-0.66,62,7505.0,0.016,-0.0270000000000001,0.0,1.1908,1.202,1.20915,1.2009225202164484,1.2015617723415606,1.199651834208939,0.01,0.0162857142857142,0.0,0.008,0.0071686025259739,0.0062537816591098,1.1462828280119814,53.407818068121934,1.207833333333333,1.2061153846153847,1.2018773691126583,1.1965918594075236,0.0052855097051349,0.0105060865843916,0.0090908680355663,0.0508474576271187
1.206,1.211,1.206,1.211,1.208,0.003,0.25,2,242.0,0.0470000000000001,-0.018,0.0010000000000001,1.2002000000000002,1.2002,1.2092,1.204281680144299,1.203277813734004,1.2007326119033257,0.0050000000000001,0.0157857142857142,0.0030000000000001,0.0,0.0068708452026901,0.0058070829691734,1.1831835775661457,54.1953315206402,1.2055,1.207230769230769,1.203280850787634,1.1976591290810403,0.0056217217065936,0.0088537522078463,0.0083970387697718,-0.967741935483871
1.212,1.212,1.199,1.199,1.211,-0.012,-0.99,74,8917.0,0.022,-0.036,0.0050000000000001,1.2046,1.1966,1.20945,1.2025211200961994,1.202500029418731,1.200567601245866,0.0129999999999999,0.0158571428571428,0.0,0.012,0.006380070545355,0.006249434185661,1.0209037099700566,50.51718718380616,1.2025,1.208423076923077,1.2026222583587671,1.1977584528528151,0.004863805505952,0.0073253373102736,0.0076903921170078,36.0
1.197,1.202,1.193,1.202,1.199,0.003,0.25,14,1674.0,0.0129999999999999,-0.012,0.0009999999999998,1.2071999999999998,1.1954,1.2095,1.2023474133974663,1.2024091149789613,1.2007040201748311,0.0089999999999998,0.0150714285714285,0.0029999999999998,0.0,0.0061386369349725,0.0058030460295424,1.0578301298527888,51.405123994780986,1.2002499999999998,1.2085384615384616,1.2025265263035725,1.1980726415303844,0.0044538847731878,0.0060975630099689,0.0070430906482438,-0.8108108108108107
1.2,1.2,1.182,1.188,1.202,-0.014,-1.16,16,1905.0,-0.028,-0.008,-0.0310000000000001,1.2016,1.1946,1.20795,1.1975649422649777,1.1997892758918771,1.199494113491514,0.02,0.0157857142857142,0.0,0.014,0.0057001628681888,0.0063885427417179,0.8922477470434781,47.15279743033442,1.1963333333333332,1.2077692307692307,1.200291676103023,1.1973265199355412,0.0029651561674814,0.0050306894228803,0.0062275037520913,0.1428571428571428
1.186,1.204,1.186,1.204,1.188,0.016,1.35,12,1436.0,-0.004,0.012,-0.016,1.2008,1.1958,1.20715,1.199709961509985,1.2005548620933542,1.1999232455399411,0.018,0.0166428571428571,0.016,0.0,0.006435865520461,0.0059322182601666,1.084900325343089,52.03607636084757,1.1955,1.2075,1.2008621874717884,1.1978208517921678,0.0030413356796206,0.0044920325861383,0.0055902701375972,-0.25
1.196,1.196,1.196,1.196,1.204,-0.008,-0.66,172,20571.0,-0.0150000000000001,0.032,-0.0230000000000001,1.1978,1.199,1.206,1.1984733076733236,1.199726705349108,1.199549603107566,0.008,0.0167857142857142,0.0,0.008,0.0059761608404281,0.006079916955869,0.9829346163452464,49.56969373790531,1.1955,1.2070384615384615,1.2001141586299748,1.1976859738816368,0.002428184748338,0.0041872244683677,0.0049578530597454,13.333333333333334
1.194,1.208,1.19,1.203,1.196,0.007,0.59,183,22012.0,0.004,0.026,-0.004,1.1986,1.2016,1.2058,1.199982205115549,1.200321849831088,1.199878212335417,0.018,0.0160714285714285,0.0070000000000001,0.0,0.0060492922089689,0.0056456371733069,1.0714985790391378,51.72576944446428,1.196416666666667,1.2067692307692308,1.2005581342253633,1.19807960544596,0.0024785287794033,0.0040247869335961,0.0044619882036769,0.0639534883720929
1.167,1.189,1.167,1.173,1.203,-0.03,-2.49,16,1885.0,-0.0289999999999999,-0.016,-0.046,1.1928,1.2,1.2035,1.1909881367436996,1.1953542407708904,1.1973183825891869,0.036,0.0173571428571428,0.0,0.03,0.0056171999083283,0.0073852345180707,0.7605987182375488,43.201140064383765,1.1971666666666667,1.2059615384615383,1.196318421267615,1.1962218568944072,9.65643732078192e-05,0.003470521270991,0.0035889034375831,-0.912568306010929
1.175,1.201,1.175,1.201,1.173,0.028,2.39,22,2614.0,0.0130000000000001,-0.0149999999999999,-0.038,1.1954,1.1985,1.2016000000000002,1.1943254244958,1.19638074244891,1.197669012818788,0.028,0.0182857142857142,0.028,0.0,0.0072159713434477,0.00685771776678,1.0522409333325404,51.27277778364231,1.1991666666666667,1.2059615384615383,1.1970386641495203,1.1965757934207473,0.000462870728773,0.0029346724958397,0.0029636968958211,0.375
1.194,1.2,1.194,1.2,1.201,-0.001,-0.08,172,20639.0,-0.004,-0.008,-0.0350000000000001,1.1946,1.1977,1.19985,1.1962169496638666,1.197038789276381,1.1978910115979513,0.0070000000000001,0.0167857142857142,0.0,0.0010000000000001,0.0067005448189157,0.0064393093548671,1.040568863779024,50.99405769879025,1.2000833333333334,1.205230769230769,1.1974942542803633,1.1968294383525435,0.0006648159278195,0.002383905187087,0.0025039207022208,6.818181818181818
1.191,1.191,1.188,1.188,1.2,-0.012,-1.0,70,8337.0,-0.008,-0.0230000000000001,-0.0410000000000001,1.193,1.1954,1.1978,1.193477966442578,1.1953953730443116,1.1969490104933846,0.012,0.0159285714285714,0.0,0.012,0.0062219344747074,0.0068365015438052,0.9101050346935696,47.646858060848686,1.19775,1.2040000000000002,1.196033599775692,1.1961754058819851,-0.0001418061062932,0.0018277261190598,0.001974775340518,-0.5930232558139534
1.186,1.186,1.172,1.172,1.188,-0.016,-1.35,8,943.0,-0.0310000000000001,-0.0270000000000001,-0.0630000000000001,1.1868,1.1927,1.19465,1.186318644295052,1.1911416688544367,1.1945729142559194,0.016,0.0162142857142857,0.0,0.016,0.0057775105836569,0.0074910371478191,0.7712564321402364,43.542900855316326,1.19475,1.2021923076923078,1.192336122887124,1.1943846350759122,-0.0020485121887883,0.0011052375677291,0.0011701178346567,-0.8857142857142857
1.179,1.181,1.168,1.181,1.172,0.009,0.77,5,588.0,0.008,-0.0209999999999999,-0.0329999999999999,1.1884,1.1906,1.193,1.184545762863368,1.189297729062721,1.1932802557553557,0.0130000000000001,0.0152142857142857,0.0090000000000001,0.0,0.00600768839911,0.006955963065832,0.8636745684605527,46.34256340010971,1.19225,1.2011923076923077,1.1905921039814125,1.1933931806258449,-0.0028010766444321,0.000464545033072,0.0003758789388389,-0.375
1.177,1.191,1.177,1.183,1.181,0.002,0.17,38,4514.0,-0.018,-0.0049999999999998,-0.0129999999999999,1.1848,1.1901,1.19235,1.184030508575579,1.1881526874149535,1.192301183778655,0.014,0.0155,0.002,0.0,0.0057214249420307,0.0064591085611297,0.885791729289346,46.9718747585744,1.1909166666666666,1.1998076923076924,1.189424087984272,1.1926233153943009,-0.0031992274100287,-0.0002288508657778,-0.0003391423309345,6.6
1.185,1.209,1.185,1.209,1.183,0.026,2.2,187,22538.0,0.0090000000000001,0.0050000000000001,0.0170000000000001,1.1866,1.1906,1.1932,1.1923536723837191,1.1919431078849618,1.193891547228307,0.026,0.017,0.026,0.0,0.0071698945890285,0.0059977436639062,1.1954319808924527,54.45087760844699,1.1914999999999998,1.1986538461538463,1.1924357667559222,1.193836403142871,-0.0014006363869487,-0.0006542754363652,-0.0005514411421374,3.921052631578948
1.211,1.234,1.211,1.234,1.209,0.025,2.07,30,3677.0,0.046,0.038,0.07,1.1958,1.1944,1.1967,1.2062357815891462,1.1995898155422415,1.19771139987323,0.0249999999999999,0.0178571428571428,0.0249999999999999,0.0,0.008443473546955,0.0055693334021986,1.5160653775228872,60.25540477074096,1.1953333333333334,1.1986153846153846,1.198830264178088,1.1968114843915472,0.0020187797865407,-0.0007053586577944,-3.739695640178777e-05,-0.839572192513369
1.227,1.231,1.225,1.225,1.234,-0.009,-0.73,1207,148578.0,0.0530000000000001,0.022,0.048,1.2064,1.1966,1.1991,1.212490521059431,1.2042098490800155,1.2003103141710176,0.0089999999999998,0.0178571428571428,0.0,0.0089999999999998,0.0078403682936011,0.0058143810163272,1.3484441889144716,57.41861762266393,1.1970833333333333,1.1984615384615385,1.202856377381459,1.1988995225847658,0.003956854796693,-0.0002764374996294,0.0007614533942171,39.23333333333333
1.223,1.244,1.223,1.244,1.225,0.019,1.55,36,4450.0,0.0629999999999999,0.0709999999999999,0.0549999999999999,1.219,1.2037,1.20185,1.2229936807062871,1.2114444219745584,1.2044712366309207,0.0209999999999999,0.0179285714285714,0.0189999999999999,0.0,0.0086374848440582,0.0053990680865896,1.5998103201388143,61.53565541863815,1.2010833333333333,1.1988076923076922,1.2091861654766192,1.202240298689598,0.0069458667870212,0.0004438953957314,0.0019983360727779,-0.9701739850869926
1.245,1.245,1.241,1.241,1.244,-0.003,-0.24,830,103323.0,0.058,0.04,0.0250000000000001,1.2306,1.2077,1.2031,1.228995787137525,1.2168181634337296,1.207950166475595,0.004,0.0169285714285714,0.0,0.0029999999999998,0.0080205216409111,0.0052277060804046,1.5342334701973854,60.54033648596266,1.20425,1.199846153846154,1.2140806015571393,1.2051113876755537,0.0089692138815855,0.0013666062794832,0.0033925116345395,22.05555555555556
1.234,1.234,1.225,1.225,1.241,-0.016,-1.29,24,2943.0,0.016,0.0250000000000001,0.0170000000000001,1.2338,1.2102,1.20395,1.2276638580916834,1.2183057700821422,1.2095739601445858,0.016,0.0175,0.0,0.016,0.0074476272379889,0.00599715564609,1.2418599211852372,55.39418004888926,1.2085833333333331,1.2009615384615384,1.215760509009887,1.2065846182181053,0.0091758907917818,0.0024019059348249,0.0045491874659879,-0.9710843373493976
1.246,1.249,1.246,1.249,1.225,0.024,1.96,2006,249949.0,0.0150000000000001,0.0610000000000001,0.038,1.2368,1.2163,1.20585,1.2347759053944558,1.2238865391581162,1.2133288210831967,0.024,0.0179285714285714,0.024,0.0,0.0086299395781326,0.005568787385655,1.5496981623617,60.7796713053386,1.2125833333333331,1.2031538461538462,1.2208742768545198,1.2097264983500975,0.0111477785044222,0.0038681604562927,0.0058689056736748,82.58333333333333
1.239,1.239,1.239,1.239,1.249,-0.01,-0.8,801,99244.0,0.014,0.0670000000000001,0.04,1.2396,1.223,1.20785,1.2361839369296377,1.2266344411293677,1.2157736952657496,0.01,0.0160714285714285,0.0,0.01,0.0080135153225517,0.0058853025723939,1.3616148403551094,57.65609264846791,1.2158333333333335,1.2060384615384616,1.223662849646132,1.21189490587972,0.0117679437664122,0.0054869405019421,0.0070487132922223,-0.6006979062811566
1.243,1.243,1.243,1.243,1.239,0.004,0.32,2000,248600.0,-0.0009999999999998,0.062,0.0410000000000001,1.2394,1.2292,1.2099,1.2384559579530916,1.2296099972876644,1.2183666766690118,0.004,0.0143571428571428,0.004,0.0,0.0077268356566551,0.0054649238172229,1.413896316780059,58.57319997348028,1.2204166666666667,1.208576923076923,1.2266377958544197,1.2141989869256664,0.0124388089287532,0.0072245000951401,0.0081267324195285,1.4968789013732833
1.235,1.235,1.232,1.232,1.243,-0.011,-0.88,174,21443.0,-0.0090000000000001,0.0489999999999999,0.044,1.2376,1.2341000000000002,1.2121,1.2363039719687277,1.2300445432353615,1.21966508841482,0.0110000000000001,0.0146428571428571,0.0,0.0110000000000001,0.0071749188240369,0.005860286401707,1.224329039950497,55.042622649828125,1.2254166666666666,1.2102307692307692,1.227462750338355,1.215517580486728,0.011945169851627,0.0087073674549819,0.0088904199059482,-0.913
1.236,1.241,1.236,1.241,1.232,0.009,0.73,151,18734.0,0.016,0.032,0.0370000000000001,1.2408,1.2373,1.21395,1.2378693146458186,1.2320364444652958,1.2216969847562658,0.0090000000000001,0.0144285714285714,0.0090000000000001,0.0,0.0073052817651771,0.0054416945158708,1.3424645106172617,57.30991887102312,1.2304166666666667,1.211192307692308,1.2295454041324545,1.2174051671173407,0.0121402370151135,0.0098319738137122,0.0095403833277812,-0.132183908045977
1.23,1.233,1.23,1.233,1.241,-0.008,-0.64,19,2338.0,-0.016,-0.0009999999999998,0.0370000000000001,1.2376,1.2372,1.2158000000000002,1.2362462097638791,1.2322116363806963,1.2227734623985262,0.0110000000000001,0.0140714285714285,0.0,0.008,0.0067834759248073,0.00562443062188,1.2060733576156877,54.67059168509271,1.2345833333333334,1.212153846153846,1.230076880419769,1.2185603399234637,0.0115165404963055,0.0106719388914469,0.0099356147614861,-0.8741721854304636
1.213,1.214,1.213,1.213,1.233,-0.02,-1.62,17,2063.0,-0.026,-0.012,0.01,1.2324,1.236,1.2163,1.2284974731759195,1.228718611584206,1.2218426564558096,0.02,0.0145714285714285,0.0,0.02,0.0062989419301782,0.0066512570060314,0.9470303018611782,48.639731028115285,1.2349166666666669,1.2122307692307692,1.227449668047497,1.2181484628920958,0.0093012051554011,0.0109336431546002,0.0098087328402691,-0.1052631578947368
1.211,1.211,1.199,1.199,1.213,-0.014,-1.15,5,602.0,-0.044,-0.0449999999999999,0.026,1.2236,1.2315,1.2176,1.2186649821172797,1.223315227659805,1.21966716536478,0.014,0.0145714285714285,0.0,0.014,0.0058490175065941,0.0071761672198863,0.8150614844070925,44.90544763409711,1.232,1.2122307692307692,1.2230727960401897,1.2167300582334222,0.0063427378067675,0.0106418124796204,0.0091155338335688,-0.7058823529411764
1.173,1.209,1.173,1.209,1.199,0.01,0.83,793,95791.0,-0.0229999999999999,-0.032,0.008,1.219,1.2283000000000002,1.2180000000000002,1.21544332141152,1.220712458994386,1.218651244853849,0.036,0.0152857142857143,0.01,0.0,0.006145516256123,0.0066635838470373,0.922253909786911,47.97773619246514,1.2306666666666668,1.2125,1.220907750495545,1.2161574613272428,0.0047502891683022,0.0101500789659005,0.0082424849005155,157.6
1.208,1.208,1.208,1.208,1.209,-0.001,-0.08,1820,219856.0,-0.0330000000000001,-0.0170000000000001,0.008,1.2124,1.2266,1.2184,1.2129622142743466,1.2184011028135884,1.2176368405820537,0.0010000000000001,0.0135714285714285,0.0,0.0010000000000001,0.0057065508092571,0.0062590421436775,0.911729091810243,47.69133323942431,1.227666666666667,1.2132692307692308,1.2189219427269995,1.2155532049326323,0.0033687377943671,0.0092857411092277,0.0072677354792858,1.2950819672131146
1.206,1.207,1.203,1.203,1.208,-0.005,-0.41,5,603.0,-0.03,-0.046,0.0150000000000001,1.2064,1.222,1.2191500000000002,1.209641476182898,1.2156009023020269,1.2162428557647151,0.0049999999999998,0.0132857142857143,0.0,0.0049999999999998,0.0052989400371673,0.0061691105619862,0.8589471665201042,46.20610967271484,1.2245,1.2132307692307691,1.216472413076692,1.2146233379005855,0.0018490751761064,0.0081836445991937,0.0061840034186499,-0.9972527472527472
1.191,1.197,1.19,1.19,1.203,-0.013,-1.08,1472,176194.0,-0.0230000000000001,-0.0490000000000001,0.018,1.2018,1.2170999999999998,1.22005,1.2030943174552653,1.210946192792567,1.2137435361680755,0.0130000000000001,0.0127142857142857,0.0,0.0130000000000001,0.0049204443202268,0.0066570312361301,0.7391349305260578,42.500148640133546,1.2215833333333337,1.213,1.2123997341418162,1.2127993869449865,-0.0003996528031702,0.0067571488512022,0.0048672721742859,293.4
1.205,1.207,1.205,1.207,1.19,0.017,1.43,9,1086.0,0.008,-0.036,0.026,1.2034,1.2135,1.22135,1.2043962116368436,1.2102287031939185,1.2131012946282589,0.0170000000000001,0.0136428571428571,0.0170000000000001,0.0,0.0057832697259249,0.0061815290049779,0.9355726910393324,48.335704226998764,1.2180833333333334,1.2131538461538462,1.211569005812306,1.2123698027268393,-0.0008007969145331,0.0053409303216289,0.0037336583565221,-0.9938858695652174
1.205,1.205,1.201,1.202,1.207,-0.005,-0.41,10,1202.0,-0.0070000000000001,-0.03,0.0189999999999999,1.202,1.2105,1.2223,1.2035974744245626,1.2087325753404787,1.2120440284731864,0.006,0.0129285714285714,0.0,0.0050000000000001,0.005370179031216,0.0060971340760509,0.8807710252444021,46.83031657880564,1.215,1.2142692307692309,1.2100968510719514,1.211601669191518,-0.0015048181195664,0.0038248130844422,0.0026859630613043,0.1111111111111111
1.178,1.19,1.178,1.19,1.202,-0.012,-1.0,2,237.0,-0.018,-0.0510000000000001,-0.0190000000000001,1.1984,1.2054,1.22135,1.1990649829497084,1.205326652551301,1.2099445971900258,0.024,0.0129285714285714,0.0,0.012,0.0049865948147005,0.006518767356333,0.7649597756937963,43.3414849578141,1.2105833333333331,1.2138461538461538,1.2070050278301128,1.2100015455477018,-0.002996517717589,0.0022122510606761,0.0015494669055257,-0.8
1.187,1.187,1.184,1.184,1.19,-0.006,-0.5,3,356.0,-0.0190000000000001,-0.0490000000000001,-0.05,1.1946,1.2005,1.2188500000000002,1.1940433219664723,1.2014490793601549,1.2074736831719282,0.006,0.0126428571428571,0.0,0.006,0.0046304094707933,0.0064817125451664,0.7143805650940838,41.66989405032593,1.2065833333333331,1.2132307692307691,1.2034657927793262,1.2080755051367609,-0.0046097123574346,0.0006665935592499,0.0003176310529336,0.5
1.196,1.196,1.183,1.189,1.184,0.005,0.42,13,1548.0,-0.0009999999999998,-0.024,-0.036,1.1944,1.1981000000000002,1.21705,1.192362214644315,1.1991856103855811,1.2057142847746016,0.0129999999999999,0.0132857142857143,0.0050000000000001,0.0,0.0046568087943081,0.0060187330776545,0.7737191090259975,43.62128733285565,1.20225,1.2132692307692308,1.2012402861978917,1.20666250475626,-0.0054222185583685,-0.000640623814654,-0.0008303388693268,3.333333333333333
1.208,1.208,1.179,1.179,1.189,-0.01,-0.84,8,950.0,-0.028,-0.02,-0.0649999999999999,1.1888,1.1961,1.2138,1.1879081430962102,1.1955154994063846,1.2031700671770205,0.0289999999999999,0.0145714285714286,0.0,0.01,0.0043241795947147,0.0063031092863934,0.6860391273953188,40.689395414870816,1.19775,1.2135384615384617,1.1978187037059085,1.2046134303298703,-0.006794726623962,-0.0019234033471278,-0.0020232164202538,-0.3846153846153846
1.175,1.187,1.175,1.187,1.179,0.008,0.68,111,13164.0,-0.0149999999999999,-0.022,-0.054,1.1858,1.1939,1.2111,1.1876054287308069,1.1939672267870418,1.201630060779209,0.012,0.0147857142857143,0.008,0.0,0.0045867381950922,0.0058528871945082,0.7836710400630945,43.935850415297054,1.1955833333333332,1.2137692307692307,1.196154287751153,1.203308731786917,-0.007154444035764,-0.0030926457726979,-0.0030494619433558,12.875
1.184,1.185,1.182,1.185,1.187,-0.002,-0.17,7,829.0,-0.0049999999999998,-0.0229999999999999,-0.04,1.1848,1.1916,1.2090999999999998,1.186736952487205,1.1923368219166706,1.2000462454669032,0.0050000000000001,0.0143571428571428,0.0,0.002,0.0042591140382999,0.005577680966329,0.7635994356814297,43.297781811003226,1.194416666666667,1.2138461538461538,1.1944382434817449,1.2019525294323306,-0.0075142859505856,-0.0041330192312193,-0.0039424267448018,-0.9369369369369368
1.188,1.188,1.188,1.188,1.185,0.003,0.25,1,119.0,0.004,-0.0150000000000001,-0.0610000000000001,1.1856000000000002,1.1901,1.20605,1.1871579683248032,1.1915483088409122,1.1988989839938649,0.0029999999999998,0.0131428571428571,0.0029999999999998,0.0,0.0041691773212785,0.0051792751830198,0.8049731234492158,44.59751300401368,1.1926666666666663,1.2130384615384615,1.1934477444845533,1.2009190087336394,-0.0074712642490861,-0.004918753836321,-0.0046481942456587,-0.8571428571428572
1.176,1.179,1.176,1.179,1.188,-0.009,-0.76,8,943.0,-0.01,-0.0109999999999998,-0.06,1.1836,1.189,1.20305,1.1844386455498688,1.1892667981425644,1.1970038426611158,0.012,0.013,0.0,0.0089999999999998,0.0038713789411871,0.0054521840985184,0.7100602017894416,41.52252657809476,1.19025,1.210923076923077,1.1912250145638528,1.1992953784570737,-0.0080703638932206,-0.0057264835006197,-0.0053326281751711,7.0
1.168,1.168,1.161,1.162,1.179,-0.017,-1.44,74,8605.0,-0.0170000000000001,-0.0450000000000001,-0.0810000000000001,1.1802,1.1845,1.199,1.176959097033246,1.1843091984802798,1.1936701433600572,0.018,0.0117142857142857,0.0,0.0170000000000001,0.0035948518739595,0.0062770280914814,0.5726996632113405,36.41506872595932,1.1868333333333334,1.2085,1.1867288584771063,1.1965327578306235,-0.0098038993535172,-0.0066486036377253,-0.0062268824108403,8.25
1.161,1.163,1.161,1.163,1.162,0.001,0.09,863,100195.0,-0.024,-0.0389999999999999,-0.0689999999999999,1.1754,1.1806,1.19555,1.1723060646888308,1.1804347987565926,1.190749177325766,0.002,0.0117857142857142,0.0010000000000001,0.0,0.0034095053115338,0.0058286689420898,0.584954360147854,36.90670058747218,1.184583333333333,1.2053846153846153,1.1830782648652438,1.1940488498431698,-0.010970584977926,-0.0075346111110961,-0.0071756229242574,10.66216216216216
1.152,1.152,1.143,1.143,1.163,-0.02,-1.72,870,100217.0,-0.042,-0.0469999999999999,-0.098,1.167,1.1759,1.19065,1.1625373764592206,1.1736284717099394,1.186201636628074,0.02,0.0128571428571428,0.0,0.02,0.0031659692178528,0.0068409068747977,0.4627996369189674,31.63793763948032,1.17925,1.2016153846153848,1.1769123779628985,1.1902674535584905,-0.013355075595592,-0.008506318137558,-0.0084115134585243,0.0081112398609501
1.126,1.126,1.126,1.126,1.143,-0.017,-1.49,11,1239.0,-0.062,-0.058,-0.1070000000000002,1.1546,1.1701,1.1853,1.150358250972814,1.1649687495808594,1.1804681474254002,0.0170000000000001,0.0131428571428571,0.0,0.0170000000000001,0.0029398285594348,0.0075665563837407,0.3885292609134571,27.98135205720184,1.1729166666666666,1.1978076923076924,1.1690797044301449,1.1855069014430468,-0.0164271970129019,-0.009729093521395,-0.0100146501693998,-0.9873563218390804
1.127,1.146,1.127,1.146,1.126,0.02,1.78,41,4697.0,-0.0330000000000001,-0.0430000000000001,-0.0670000000000001,1.148,1.1658,1.18195,1.148905500648543,1.161519886020703,1.177185466718219,0.02,0.0133571428571428,0.02,0.0,0.0041584122337608,0.0070260880706164,0.5918531324922677,37.18013429829667,1.16925,1.1938461538461538,1.165528980671661,1.1825804642991171,-0.0170514836274562,-0.01086873318845,-0.0114220168610111,2.727272727272727
1.124,1.139,1.124,1.126,1.146,-0.02,-1.75,262,29592.0,-0.036,-0.0530000000000001,-0.0730000000000001,1.1408,1.1605,1.1783,1.141270333765695,1.1550617249260295,1.1723106603641031,0.0219999999999997,0.0144999999999999,0.0,0.02,0.0038613827884922,0.0079527960655724,0.4855377601354765,32.684309558795526,1.1644166666666669,1.1895,1.1594475990298672,1.178389318795479,-0.0189417197656118,-0.0121784304917664,-0.0129259574419313,5.390243902439025
1.137,1.137,1.137,1.137,1.126,0.011,0.98,184,20921.0,-0.026,-0.05,-0.072,1.1356,1.1555,1.1747,1.13984688917713,1.1517777749394786,1.1689477403294266,0.0110000000000001,0.0135714285714285,0.0110000000000001,0.0,0.0043712840178856,0.0073847392037458,0.5919347856818562,37.18335644184816,1.1600833333333334,1.185423076923077,1.1559941222560417,1.1753234433291473,-0.0193293210731058,-0.0134912121720464,-0.0142066301681662,-0.2977099236641222
1.129,1.133,1.129,1.133,1.137,-0.004,-0.35,25,2827.0,-0.01,-0.052,-0.0749999999999999,1.1336,1.1503,1.17095,1.1375645927847535,1.1483636340413916,1.1655241460123384,0.008,0.0137142857142857,0.0,0.004,0.0040590494451795,0.0071429721177639,0.5682577753712695,36.234972610720206,1.15625,1.1816153846153843,1.1524565649858811,1.1721883734529142,-0.0197318084670328,-0.0148534948629294,-0.0153116658279395,-0.8641304347826086
1.133,1.137,1.133,1.135,1.133,0.002,0.18,88,9971.0,0.0090000000000001,-0.0529999999999999,-0.068,1.1354,1.145,1.16755,1.136709728523169,1.1459338823975025,1.1626170844873538,0.004,0.0130714285714285,0.002,0.0,0.0039119744848095,0.0066327598236379,0.5897958902217464,37.09884355906097,1.1519166666666667,1.1775384615384614,1.149770939603438,1.1694336791230686,-0.0196627395196307,-0.0161415365991971,-0.0161818805662777,2.52
1.122,1.128,1.122,1.124,1.135,-0.011,-0.97,57,6417.0,-0.0219999999999997,-0.0549999999999999,-0.0659999999999998,1.1309999999999998,1.1395,1.16425,1.1324731523487794,1.1419459037797746,1.1589392669171297,0.0129999999999999,0.0119285714285714,0.0,0.0109999999999998,0.0036325477358946,0.0069447055505209,0.5230672070210549,34.34301550252103,1.1468333333333331,1.1733461538461538,1.1458061796644476,1.166068221410249,-0.0202620417458012,-0.017303552420562,-0.0169979128021824,-0.3522727272727273
1.108,1.109,1.103,1.105,1.124,-0.019,-1.69,204,22527.0,-0.0209999999999999,-0.0569999999999999,-0.102,1.1268,1.1338,1.15915,1.1233154348991865,1.1352284667289063,1.153802193877403,0.0210000000000001,0.0125714285714285,0.0,0.0190000000000001,0.0033730800404735,0.007805798011198,0.432124945538511,30.17369028342862,1.1399166666666667,1.1691923076923076,1.1395283058699173,1.161544649453934,-0.0220163435840168,-0.0185308589323499,-0.0180015989585493,2.5789473684210527
1.099,1.111,1.099,1.111,1.105,0.006,0.54,132,14592.0,-0.026,-0.052,-0.0909999999999999,1.1216,1.1286,1.1546,1.119210289932791,1.1308232909600142,1.1497257944605077,0.012,0.0130714285714285,0.006,0.0,0.0035607171804397,0.0072482410103981,0.4912525915365689,32.94227915006593,1.13425,1.1658076923076923,1.1351393357360835,1.1578006013462352,-0.0226612656101514,-0.0195648800450787,-0.0189335322888697,-0.3529411764705882
1.103,1.103,1.1,1.1,1.111,-0.011,-0.99,16,1764.0,-0.0329999999999999,-0.0429999999999999,-0.0899999999999998,1.115,1.1243,1.1501,1.112806859955194,1.1252190562400115,1.1449900045118877,0.0109999999999998,0.0136428571428571,0.0,0.0109999999999998,0.0033063802389797,0.0075162237953697,0.4398991207548415,30.55069028198533,1.1290833333333332,1.1616153846153845,1.1297332840843786,1.1535190753205882,-0.0237857912362096,-0.0203825016254462,-0.0199039840783377,-0.8787878787878788
1.115,1.115,1.115,1.115,1.1,0.015,1.36,2042,227683.0,-0.02,-0.0109999999999998,-0.0689999999999999,1.111,1.1232000000000002,1.14665,1.113537906636796,1.1233610460145549,1.1421338136059935,0.0149999999999999,0.0138571428571428,0.0149999999999999,0.0,0.0041416387933383,0.006979350667129,0.5934131971394426,37.24163940682562,1.1250833333333332,1.1580384615384616,1.1274666249944745,1.150665810482026,-0.0231991854875517,-0.0210655796099013,-0.0205630243601805,126.625
1.113,1.117,1.113,1.115,1.115,0.0,0.0,2449,272745.0,-0.0090000000000001,-0.0309999999999999,-0.074,1.1092,1.1201,1.14295,1.1140252710911975,1.12184085583009,1.1395496408816133,0.004,0.0128571428571428,0.0,-0.0,0.003845807450957,0.0064808256194769,0.5934131971394426,37.24163940682562,1.12275,1.154653846153846,1.1255486826876322,1.1480238985944684,-0.0224752159068362,-0.0214581902922596,-0.0209454626695116,0.1993143976493634
1.13,1.13,1.128,1.128,1.115,0.013,1.17,100,11287.0,0.0229999999999999,0.002,-0.0510000000000001,1.1138,1.1203,1.1404,1.1186835140607985,1.1229607002246191,1.1384496750833644,0.0149999999999999,0.0137857142857142,0.0129999999999999,0.0,0.0044996783473172,0.0060179095038,0.7477145251978108,42.78241751828335,1.1229166666666668,1.1522692307692308,1.1259258084279966,1.14654064684673,-0.0206148384187334,-0.0216010255528849,-0.020879337819356,-0.9591670069416088
1.127,1.13,1.127,1.13,1.128,0.002,0.18,7,789.0,0.0189999999999999,-0.0070000000000001,-0.0570000000000001,1.1176,1.1196,1.1375499999999998,1.1224556760405324,1.1242405729110518,1.1376449441230438,0.0029999999999998,0.0125714285714285,0.002,0.0,0.0043211298939374,0.0055880588249571,0.7732792422725704,43.607302439381385,1.1215833333333334,1.149307692307692,1.1265526071313816,1.145315413746972,-0.0187628066155904,-0.0214933586805024,-0.0204560315786029,-0.93
1.117,1.119,1.116,1.116,1.13,-0.014,-1.24,34,3800.0,0.016,-0.0169999999999999,-0.0689999999999999,1.1207999999999998,1.1179,1.1341,1.1203037840270218,1.1227422869272243,1.13558352087323,0.0139999999999997,0.0123571428571428,0.0,0.0139999999999997,0.0040124777586561,0.0061889117660316,0.6483333274646125,39.33265903576966,1.12075,1.146,1.1249291291111692,1.1431439016175668,-0.0182147725063976,-0.0213324734568098,-0.0200077797641618,3.8571428571428568
1.114,1.116,1.114,1.116,1.116,0.0,0.0,27,3011.0,0.0010000000000001,-0.0189999999999999,-0.0719999999999998,1.121,1.116,1.1305,1.118869189351348,1.12151641657682,1.1337184236472082,0.002,0.0110714285714285,0.0,-0.0,0.0037258722044664,0.0057468466398865,0.6483333274646125,39.33265903576966,1.119,1.1431538461538462,1.1235554169402202,1.141133242238488,-0.0175778252982676,-0.0210342271848616,-0.019521788870983,-0.2058823529411765
1.119,1.119,1.119,1.119,1.116,0.003,0.27,5,560.0,0.004,-0.0050000000000001,-0.06,1.1218,1.1155000000000002,1.1275,1.1189127929008986,1.1210588862901254,1.1323166690141406,0.0029999999999998,0.0097142857142856,0.0029999999999998,0.0,0.0036740241898617,0.0053363575941803,0.6884891285899716,40.775455223979854,1.1178333333333337,1.1406538461538462,1.1228545835648016,1.1394937428134146,-0.016639159248613,-0.0204367622587057,-0.018945262946509,-0.8148148148148149
1.114,1.119,1.1,1.119,1.119,0.0,0.0,80,8928.0,-0.0089999999999998,0.014,-0.0429999999999999,1.12,1.1169,1.12535,1.1189418619339326,1.1206845433282844,1.1310484148223177,0.0189999999999999,0.0102857142857142,0.0,-0.0,0.0034115938905858,0.004955189194596,0.6884891285899717,40.77545522397986,1.1165,1.1379615384615385,1.1222615707086785,1.1379756877901988,-0.0157141170815204,-0.0196648568666355,-0.0182990337735113,15.0
1.116,1.116,1.116,1.116,1.119,-0.003,-0.27,5,558.0,-0.0139999999999997,0.0050000000000001,-0.0469999999999999,1.1172,1.1174,1.123,1.1179612412892883,1.1198328081776872,1.1296152324582875,0.0029999999999998,0.0099285714285713,0.0,0.0029999999999998,0.0031679086126868,0.0048155328235534,0.6578521481968075,39.68099018433774,1.1158333333333337,1.1355384615384616,1.1212982521381123,1.136347859064999,-0.0150496069268863,-0.0186941697211552,-0.0176491484041863,-0.9375
1.117,1.117,1.109,1.11,1.116,-0.006,-0.54,495,54956.0,-0.006,0.01,-0.0329999999999999,1.116,1.1183999999999998,1.12135,1.1153074941928591,1.118045024872653,1.1277471150813076,0.008,0.0102142857142856,0.0,0.006,0.0029416294260663,0.004900137621871,0.6003156754081443,37.5123286382257,1.11625,1.1325769230769231,1.11956005950148,1.134396165800925,-0.014836106299445,-0.0177649387002545,-0.017086539983238,98.0
1.106,1.106,1.097,1.097,1.11,-0.013,-1.17,377,41501.0,-0.0190000000000001,-0.018,-0.0289999999999999,1.1122,1.1166,1.1199,1.1092049961285728,1.114218656713989,1.1248188184068972,0.0130000000000001,0.0102142857142856,0.0,0.0130000000000001,0.0027315130384902,0.0054786992203088,0.4985696291493496,33.269700616604545,1.1150833333333334,1.1291923076923078,1.1160892811166367,1.1316260794453008,-0.015536798328664,-0.0169940034137909,-0.0167765916523232,-0.2383838383838383
1.084,1.084,1.069,1.069,1.097,-0.028,-2.55,79,8485.0,-0.05,-0.046,-0.0769999999999999,1.1022,1.112,1.11605,1.095803330752382,1.1059970827659908,1.1195027404633833,0.028,0.0107142857142856,0.0,0.028,0.0025364049643123,0.0070873635617153,0.3578770782994028,26.35563144991048,1.1125,1.1246153846153846,1.108844776329462,1.126987110597501,-0.0181423342680389,-0.0167192807303804,-0.0170497401754664,-0.7904509283819628
1.08,1.08,1.08,1.08,1.069,0.011,1.03,2,216.0,-0.0389999999999999,-0.0479999999999998,-0.0459999999999998,1.0943999999999998,1.1072000000000002,1.11375,1.0905355538349215,1.1012703404449016,1.1157405747049658,0.0110000000000001,0.010642857142857,0.0110000000000001,0.0,0.0031409474668614,0.0065811233073071,0.4772661626585885,32.30739149942133,1.1095833333333334,1.1208076923076924,1.1044071184326216,1.123506583886575,-0.0190994654539533,-0.0167566872679763,-0.0174596852311638,-0.9746835443037974
1.083,1.086,1.082,1.082,1.08,0.002,0.19,101,10938.0,-0.034,-0.0479999999999998,-0.0549999999999999,1.0876,1.1024,1.111,1.087690369223281,1.097766642182192,1.112527186637826,0.006,0.0102857142857142,0.002,0.0,0.0030594512192285,0.0061110430710709,0.5006430463093379,33.36190092244874,1.1068333333333331,1.1177307692307692,1.1009598694429876,1.120432022117199,-0.0194721526742114,-0.0168963961755111,-0.0178621787197733,49.5
1.071,1.071,1.071,1.071,1.082,-0.011,-1.02,4,428.0,-0.0390000000000001,-0.0450000000000001,-0.062,1.0798,1.0979,1.1079,1.0821269128155206,1.092899979967248,1.1085722164818428,0.0110000000000001,0.0099999999999999,0.0,0.0110000000000001,0.0028409189892836,0.0064602542802801,0.4397534316807769,30.543662685867403,1.1020833333333333,1.1141923076923077,1.0963506587594511,1.1167703908492583,-0.0204197320898071,-0.0172121635967933,-0.01837368939378,-0.9603960396039604
1.088,1.119,1.088,1.119,1.071,0.048,4.48,469,52247.0,0.022,0.0029999999999998,-0.016,1.0842,1.0981999999999998,1.1071,1.0944179418770137,1.0976454381550211,1.1095653387216673,0.048,0.0131428571428571,0.048,0.0,0.0060665676329062,0.0059988075459744,1.0112955927344722,50.28080389514292,1.1011666666666666,1.113269230769231,1.0998351727964586,1.1169355470826463,-0.0171003742861879,-0.0172634097120794,-0.0181190263722616,116.25
1.112,1.112,1.112,1.112,1.119,-0.007,-0.63,10,1112.0,0.0430000000000001,-0.0069999999999998,-0.012,1.0928,1.0975,1.1065,1.1002786279180092,1.1002553584904715,1.1097972112243657,0.0069999999999998,0.0125714285714285,0.0,0.0069999999999998,0.0056332413734129,0.0060703212926905,0.9279972347091572,48.1327056907915,1.100833333333333,1.112730769230769,1.1017066846739263,1.1165699510024505,-0.0148632663285239,-0.0171688707395242,-0.0174678743635141,-0.9786780383795308
1.112,1.112,1.105,1.105,1.112,-0.007,-0.63,470,52230.0,0.0249999999999999,-0.014,0.0,1.0978,1.0961,1.1065,1.1018524186120062,1.101118020583113,1.1093403339649022,0.0070000000000001,0.0128571428571428,0.0,0.0070000000000001,0.0052308669895977,0.0061367269146412,0.8523871214014321,46.0156039498134,1.0999166666666669,1.1111538461538462,1.1022133485702454,1.1157129175948617,-0.013499569024616,-0.0169966443059386,-0.0166742132957345,46.0
1.096,1.096,1.092,1.092,1.105,-0.013,-1.18,2015,220839.0,0.01,-0.024,-0.0189999999999999,1.0998,1.0937,1.10555,1.098568279074671,1.0994601986589103,1.1076888735872925,0.0129999999999999,0.0127857142857142,0.0,0.0129999999999999,0.0048572336331978,0.0066269607064525,0.7329504200120698,42.29494459552772,1.0976666666666668,1.109846153846154,1.1006420641748231,1.1139564051804272,-0.013314341005604,-0.0168275592732896,-0.0160022388377084,3.287234042553192
1.081,1.087,1.08,1.08,1.092,-0.012,-1.1,4049,437894.0,0.0090000000000001,-0.03,-0.02,1.1016,1.0907,1.10455,1.0923788527164473,1.0959219807209266,1.1050518380075502,0.012,0.0135,0.0,0.012,0.0045102883736837,0.0070107492274202,0.6433389966429328,39.14828273150987,1.0944166666666666,1.107653846153846,1.0974663619940812,1.111441115907803,-0.0139747539137218,-0.0166539987827405,-0.015596741852911,1.0094292803970224
1.08,1.081,1.079,1.081,1.08,0.001,0.09,3952,426811.0,-0.038,-0.016,-0.034,1.094,1.0891,1.10285,1.088585901810965,1.0932088933171218,1.102761186768736,0.002,0.0134285714285714,0.0009999999999998,0.0,0.0042595534898491,0.0065099814254616,0.6543111587368512,39.55187966189204,1.0915,1.105653846153846,1.0949330755334534,1.109186218433151,-0.0142531428996974,-0.0162218664084803,-0.0153280220622683,-0.0239565324771549
1.076,1.076,1.072,1.072,1.081,-0.009,-0.83,202,21655.0,-0.04,0.0030000000000001,-0.0429999999999999,1.086,1.0894,1.1007000000000002,1.0830572678739767,1.0893527308958268,1.0998315499336182,0.0089999999999998,0.0127142857142857,0.0,0.0089999999999998,0.0039552996691456,0.0066878398950715,0.5914166204936303,37.16290334520843,1.0883333333333334,1.1032307692307692,1.0914049100667684,1.106431683734399,-0.0150267736676306,-0.0157693450988889,-0.0152677723833408,-0.9488866396761132
1.072,1.078,1.072,1.078,1.072,0.006,0.56,4001,430107.0,-0.0269999999999999,-0.002,-0.0499999999999998,1.0806,1.0892000000000002,1.0982,1.0813715119159846,1.0872885980056763,1.097752354701845,0.006,0.0129285714285714,0.006,0.0,0.0041013496927781,0.0062101370454235,0.6604282100023122,39.77457176552021,1.08675,1.1014615384615385,1.0893426162103426,1.1043256330874065,-0.0149830168770639,-0.0152705522325392,-0.0152108212820854,18.806930693069308
1.077,1.077,1.074,1.074,1.078,-0.004,-0.37,4005,431337.0,-0.018,-0.008,-0.0559999999999998,1.077,1.0884,1.0954000000000002,1.078914341277323,1.0848724892773716,1.0954902256826218,0.004,0.0126428571428571,0.0,0.004,0.0038083961432939,0.0060522701136075,0.6292508549364624,38.62209757508471,1.0871666666666668,1.1002692307692308,1.0869822137164438,1.1020792898957468,-0.015097076179303,-0.0146791460202609,-0.0151880722615289,0.0009997500624843
1.083,1.085,1.08,1.08,1.074,0.006,0.56,2144,232210.0,0.0,0.0090000000000001,-0.036,1.077,1.0893000000000002,1.0936,1.0792762275182155,1.0839865821360313,1.0940149660938006,0.0109999999999998,0.0125,0.006,0.0,0.0039649392759158,0.0056199651054927,0.7055095897376018,41.36649796534692,1.0871666666666668,1.099076923076923,1.085908026990837,1.1004437869405064,-0.0145357599496693,-0.0143941888717589,-0.015057609799157,-0.4646691635455681
1.064,1.064,1.056,1.058,1.08,-0.022,-2.04,33,3509.0,-0.0229999999999999,-0.0609999999999999,-0.058,1.0724000000000002,1.0832000000000002,1.0907,1.0721841516788104,1.079261749020389,1.0905849693229623,0.024,0.0122142857142857,0.0,0.022,0.0036817293276361,0.0067899675979575,0.5422307653932844,35.15886062971971,1.0851666666666666,1.0974615384615385,1.081614484376862,1.0972998027226912,-0.0156853183458292,-0.0144855279847928,-0.0151831515084914,-0.9846082089552238
1.047,1.047,1.04,1.04,1.058,-0.018,-1.7,38,3966.0,-0.032,-0.072,-0.0789999999999999,1.0660000000000005,1.076,1.08675,1.061456101119207,1.0721232491985002,1.085767353196966,0.018,0.0127142857142857,0.0,0.018,0.0034187486613764,0.0075906841981034,0.4503874185979951,31.052904404904336,1.0825833333333332,1.0945769230769231,1.075212256011191,1.0930553728913808,-0.0178431168801898,-0.0149681444131899,-0.0157151445828311,0.1515151515151516
1.04,1.04,1.04,1.04,1.04,0.0,0.0,20,2080.0,-0.038,-0.0649999999999999,-0.0789999999999999,1.0584000000000002,1.0695,1.0828,1.0543040674128048,1.0662826584351366,1.081408557654398,0.0,0.0122857142857142,0.0,-0.0,0.0031745523284209,0.0070484924696674,0.450387418597995,31.05290440490433,1.076,1.0916923076923075,1.069794985855623,1.089125345269797,-0.019330359414174,-0.015636590903031,-0.0164381875490997,-0.4736842105263158
1.038,1.038,1.034,1.034,1.04,-0.006,-0.58,53,5500.0,-0.04,-0.058,-0.082,1.0504,1.0637,1.0787,1.0475360449418698,1.0604130841742023,1.0768934569254076,0.006,0.0119285714285714,0.0,0.006,0.0029477985906765,0.0069736001504055,0.4227082894199453,29.71152221178724,1.0695,1.0880769230769232,1.064288064954758,1.0850419863609233,-0.0207539214061653,-0.0163898317355247,-0.0173013343205128,1.65
1.034,1.034,1.034,1.034,1.034,0.0,0.0,12,1241.0,-0.046,-0.046,-0.076,1.0412,1.0591,1.0749,1.0430240299612468,1.0556107052334385,1.0728083657896543,0.0,0.0084999999999999,0.0,-0.0,0.0027372415484854,0.0064754858539479,0.4227082894199453,29.71152221178724,1.063583333333333,1.0843846153846155,1.059628362654026,1.0812610984823363,-0.0216327358283103,-0.0172097865053706,-0.0181676146220723,-0.7735849056603774
1.033,1.053,1.033,1.052,1.034,0.018,1.74,31,3239.0,-0.006,-0.0289999999999999,-0.0449999999999999,1.04,1.0562,1.07265,1.0460160199741646,1.0549542133728134,1.0708266166668303,0.02,0.0094285714285714,0.018,0.0,0.0038274385807364,0.0060129511500945,0.6365324588868915,38.89519303025845,1.06025,1.081923076923077,1.0584547683995604,1.079093609705867,-0.0206388413063065,-0.0178333495763346,-0.0186618599589192,1.5833333333333337
1.052,1.074,1.052,1.074,1.052,0.022,2.09,2077,221627.0,0.034,0.002,0.0050000000000001,1.0468,1.0564,1.0729000000000002,1.0553440133161098,1.0584170836686655,1.0711288436509416,0.022,0.0104999999999999,0.022,0.0,0.0051254786821124,0.0055834546393735,0.9179762375015044,47.86171066943598,1.0597500000000002,1.0803076923076924,1.0608463424919357,1.0787163052832105,-0.0178699627912746,-0.0181541213445802,-0.0185034805253902,66.0
1.047,1.061,1.047,1.047,1.074,-0.027,-2.51,2217,234921.0,0.0069999999999998,-0.0310000000000001,-0.0330000000000001,1.0482,1.0533,1.07125,1.0525626755440731,1.0563412502743623,1.0688308585413282,0.0270000000000001,0.0115,0.0,0.0270000000000001,0.0047593730619615,0.0071132078794182,0.6690895504027866,40.08709719866865,1.0569166666666667,1.0775384615384616,1.0587161359547148,1.0763669493363055,-0.0176508133815909,-0.0184378699226122,-0.0183329470966304,0.0674049109292247
1.045,1.06,1.045,1.056,1.047,0.009,0.86,248,25981.0,0.022,-0.018,-0.026,1.0526,1.0515,1.06995,1.0537084503627154,1.056279204769933,1.0676088720135828,0.0150000000000001,0.0117142857142857,0.0090000000000001,0.0,0.0050622749861071,0.0066051216023169,0.7664166219636868,43.38821388080452,1.0555833333333335,1.0751153846153847,1.0582982688847586,1.0748582864225054,-0.0165600175377467,-0.0186627874323986,-0.0179783611848536,-0.8881371222372576
1.056,1.059,1.056,1.057,1.056,0.001,0.09,5,529.0,0.0229999999999999,-0.0230000000000001,-0.014,1.0572,1.0492,1.06925,1.0548056335751437,1.056410258448127,1.0665985032503844,0.0029999999999998,0.0117857142857142,0.0009999999999998,0.0,0.0047721124870994,0.0061333272021514,0.7780625963384938,43.7590103937135,1.0538333333333332,1.072846153846154,1.0580985352101804,1.073535450391209,-0.0154369151810282,-0.018635187080754,-0.0174700719840886,-0.9798387096774194
1.045,1.045,1.045,1.045,1.057,-0.012,-1.14,421,43995.0,-0.0070000000000001,-0.0130000000000001,-0.074,1.0558,1.0478999999999998,1.06555,1.051537089050096,1.054335666003013,1.064541502940824,0.012,0.012,0.0,0.012,0.0044312473094495,0.0065523752591406,0.6762810636139729,40.3441331107056,1.0514166666666669,1.0703461538461538,1.0560833759470758,1.071421713325193,-0.0153383373781175,-0.0183568782471904,-0.0170437250628943,83.2
1.035,1.035,1.032,1.032,1.045,-0.013,-1.24,14,1446.0,-0.042,-0.008,-0.08,1.0474,1.0471,1.06155,1.0450247260333974,1.050274635820647,1.061442312184555,0.0129999999999999,0.0125,0.0,0.0129999999999999,0.0041147296444888,0.0070129198834877,0.5867355841576304,36.97752732186427,1.0474166666666669,1.067846153846154,1.0523782411859872,1.068501586412216,-0.0161233452262288,-0.0180005433374188,-0.0168596490955612,-0.9667458432304038
1.032,1.038,1.032,1.038,1.032,0.006,0.58,14,1451.0,-0.0089999999999998,-0.002,-0.0669999999999999,1.0456,1.0469,1.0582,1.0426831506889316,1.0480428838532565,1.0592097110241212,0.006,0.0126428571428571,0.006,0.0,0.0042493918127396,0.0065119970346671,0.6525481799389078,39.48739212934969,1.04575,1.0666538461538462,1.0501662040804507,1.0662422096409407,-0.01607600556049,-0.0174807749101215,-0.016702920388547,0.0
1.04,1.04,1.04,1.04,1.038,0.002,0.19,5,520.0,-0.016,0.006,-0.052,1.0424,1.0475,1.0556,1.0417887671259545,1.0465805413344826,1.0573802147361095,0.002,0.012,0.002,0.0,0.0040887209689725,0.0060468543893338,0.6761732143219304,40.3402946989262,1.0457500000000002,1.0651153846153845,1.0486021726834582,1.0642983422601304,-0.0156961695766721,-0.0168211564377172,-0.016501570226172,-0.6428571428571428
1.044,1.044,1.038,1.038,1.04,-0.002,-0.19,50,5205.0,-0.0189999999999999,0.004,-0.042,1.0386,1.0479,1.0535,1.0405258447506365,1.0450204429100312,1.0555344799993371,0.006,0.0107142857142857,0.0,0.002,0.0037966694711887,0.0057577933615242,0.6593966182530174,39.7371316175887,1.0455833333333333,1.063423076923077,1.0469710691936955,1.062350316907528,-0.0153792477138325,-0.0162367571496646,-0.0162771057237041,9.0
1.036,1.036,1.028,1.028,1.038,-0.01,-0.96,2011,208331.0,-0.0169999999999999,-0.024,-0.0529999999999999,1.0352,1.0455,1.05085,1.0363505631670908,1.0419258169263892,1.0529121485708288,0.01,0.0101428571428571,0.0,0.01,0.0035254787946752,0.0060608081214153,0.5816846077370916,36.776270369685456,1.0450833333333334,1.0617692307692308,1.0440524431638962,1.059805848988452,-0.0157534058245556,-0.0160015841533625,-0.0161723657438744,39.22
1.029,1.042,1.025,1.042,1.028,0.014,1.36,2044,210327.0,0.01,-0.032,-0.03,1.0372,1.0423000000000002,1.04935,1.0382337087780606,1.0419393047579548,1.051872896325988,0.0170000000000001,0.0113571428571428,0.014,0.0,0.0042736588807699,0.0056278932556,0.75937099135941,43.16150459958807,1.04575,1.0588076923076923,1.043736682677143,1.0584868972115296,-0.0147502145343865,-0.015679295392562,-0.0158879355019768,0.0164097463948285
1.042,1.042,1.035,1.035,1.042,-0.007,-0.67,2020,210470.0,-0.0030000000000001,-0.012,-0.0430000000000001,1.0366,1.0411,1.0472,1.0371558058520405,1.0406776129837811,1.050265953818751,0.0070000000000001,0.0114285714285714,0.0,0.0070000000000001,0.0039683975321434,0.0057259008802,0.6930608152624657,40.93537627323945,1.0443333333333331,1.055846153846154,1.0423925776498904,1.0567471270477125,-0.0143545493978221,-0.0154342433770148,-0.0155812582811459,-0.0117416829745596
1.067,1.074,1.067,1.071,1.035,0.036,3.48,21,2251.0,0.0309999999999999,0.0149999999999999,-0.0030000000000001,1.0428000000000002,1.0425999999999995,1.04705,1.0484372039013603,1.0461907742594572,1.052240624883632,0.0390000000000001,0.0142142857142857,0.036,0.0,0.0062563691369903,0.0053169079601857,1.176693142676076,54.05875176458831,1.0440833333333333,1.0545384615384616,1.0467937195499073,1.0578028954145486,-0.0110091758646413,-0.0149422723418607,-0.014666841797845,-0.9896039603960396
1.071,1.117,1.048,1.095,1.071,0.024,2.24,2998,333298.0,0.0569999999999999,0.038,0.0149999999999999,1.0542,1.0464,1.0478,1.0639581359342405,1.0550651789395558,1.056312946323286,0.0689999999999999,0.0177142857142857,0.024,0.0,0.007523771341491,0.0049371288201724,1.5239163521012324,60.379035574318,1.0480833333333333,1.0546538461538462,1.0542100703883832,1.0605582364949524,-0.0063481661065691,-0.0139433644227998,-0.0130031066595898,141.76190476190476
1.091,1.141,1.09,1.141,1.095,0.046,4.2,4694,530725.0,0.1129999999999999,0.096,0.0829999999999999,1.0768,1.056,1.0519500000000002,1.0896387572894937,1.0706896918596365,1.0643783800067823,0.0509999999999999,0.0197857142857143,0.046,0.0,0.0102720733885274,0.0045844767615887,2.2406206689916184,69.14171382140911,1.0551666666666666,1.0570000000000002,1.067562367251709,1.0665168856434744,0.0010454816082345,-0.0120357169967483,-0.0101933890060249,0.5657104736490994
1.15,1.253,1.15,1.235,1.141,0.094,8.24,455,55590.0,0.193,0.203,0.195,1.1154,1.0763000000000005,1.0617,1.1380925048596626,1.1005642933397024,1.0806280581013747,0.1119999999999998,0.0258571428571428,0.094,0.0,0.0162526395750611,0.0042570141357609,3.817849567031332,79.24385172083775,1.07,1.062923076923077,1.0933220030591384,1.0789971163365504,0.014324886722588,-0.0086578400764063,-0.0052897338603023,-0.9030677460587984
1.253,1.359,1.249,1.355,1.235,0.12,9.72,3815,511809.0,0.32,0.3169999999999999,0.3149999999999999,1.1794,1.108,1.0774500000000002,1.2103950032397752,1.146825330914302,1.1067587192345771,0.1239999999999998,0.0336428571428571,0.1199999999999998,0.0,0.0236631653196996,0.0039529416974923,5.986216628166122,85.6861008865896,1.0958333333333334,1.0738076923076922,1.1335801564346557,1.0994417743856948,0.0341383820489609,-0.0031206676735582,0.0025958893215502,7.384615384615385
1.491,1.491,1.372,1.428,1.355,0.073,5.39,7826,1132928.0,0.357,0.3879999999999999,0.3939999999999999,1.2508,1.1468,1.0971499999999998,1.2829300021598502,1.1979479980207923,1.137353126926522,0.1360000000000001,0.0431428571428571,0.0729999999999999,0.0,0.0271872249397211,0.0036705887191,7.4067750489864785,88.10483218388768,1.1288333333333334,1.0872692307692309,1.1788755169831702,1.1237794207274951,0.055096096255675,0.0047099261008315,0.0130959307083752,1.0513761467889906
1.312,1.42,1.311,1.375,1.428,-0.053,-3.71,3237,433503.0,0.28,0.3369999999999999,0.3409999999999999,1.3068000000000002,1.1805,1.1142,1.3136200014399002,1.2301392711079209,1.159986162457329,0.1169999999999999,0.0506428571428571,0.0,0.0529999999999999,0.0252452803011696,0.0071941180963071,3.509155669008052,77.82289915442227,1.1569166666666668,1.0988461538461538,1.2090485143703749,1.1423883525254586,0.0666601618449163,0.0138669891752173,0.0238087769356834,-0.5863787375415282
1.374,1.374,1.288,1.335,1.375,-0.04,-2.91,2035,269998.0,0.1939999999999999,0.3069999999999999,0.2829999999999999,1.3456,1.2112,1.12835,1.3207466676266002,1.249204858179208,1.1766541469852028,0.0869999999999999,0.0559285714285714,0.0,0.04,0.0234420459939432,0.0095373953751423,2.4579085873949453,71.08078554634778,1.1815,1.1086538461538462,1.2284256660057018,1.156655881968017,0.0717697840376847,0.0234803223498918,0.0334009783560837,-0.3713314797652147
1.3,1.3,1.248,1.256,1.335,-0.079,-5.92,2141,273692.0,0.0209999999999999,0.2139999999999999,0.1819999999999999,1.3498,1.2326,1.13745,1.2991644450844002,1.250440338510261,1.184210894891374,0.0869999999999999,0.0617142857142857,0.0,0.0789999999999999,0.0217676141372329,0.0144990099912036,1.501317272726839,60.021065264150245,1.1996666666666669,1.1162692307692308,1.2326678712355938,1.1640147055259418,0.068653165709652,0.0327034018062779,0.0404514158267973,0.0520884520884521
1.256,1.371,1.252,1.298,1.256,0.042,3.34,7045,901352.0,-0.0569999999999999,0.2630000000000001,0.2510000000000001,1.3384,1.2589,1.15,1.2987762967229337,1.2590875496902134,1.195047952520767,0.119,0.0700714285714285,0.042,0.0,0.023212784556002,0.0134633664204033,1.72414415764721,63.291223146440224,1.2221666666666666,1.1261923076923075,1.2427189679685793,1.1739395421536498,0.0687794258149294,0.0415688019928968,0.0461170178244238,2.290518449322746
1.276,1.301,1.268,1.268,1.298,-0.03,-2.31,403,51439.0,-0.1599999999999999,0.197,0.2119999999999999,1.3064,1.2786000000000002,1.1606,1.2885175311486226,1.2607079952010838,1.201995766566408,0.0329999999999999,0.072,0.0,0.03,0.0215547285162876,0.0146445545332316,1.471859623136727,59.54462823697789,1.241,1.1349615384615386,1.246608357511875,1.1809069834756016,0.0657013740362733,0.0495743064532127,0.0500338890667937,-0.9427963094393188
1.23,1.269,1.23,1.261,1.268,-0.007,-0.55,564,70392.0,-0.1140000000000001,0.1659999999999999,0.2039999999999999,1.2836,1.2952,1.1708,1.2793450207657484,1.2607610869827048,1.2076152173696073,0.0389999999999999,0.0740714285714285,0.0,0.0070000000000001,0.0200151050508385,0.0140985149237151,1.419660521632038,58.67188842980711,1.2598333333333334,1.1436923076923078,1.2488224563562018,1.186839799514446,0.0619826568417558,0.0563451037013817,0.0524236426217861,0.3995037220843673
1.278,1.28,1.259,1.259,1.261,-0.002,-0.16,2240,283406.0,-0.076,0.1179999999999998,0.2139999999999999,1.2684000000000002,1.307,1.1815,1.2725633471771656,1.2604408893494858,1.2125090061915496,0.0210000000000001,0.0743571428571428,0.0,0.002,0.0185854546900643,0.0132343352863069,1.4043360915371417,58.408476937985846,1.2755,1.1523461538461537,1.2503882323014015,1.1921849995504128,0.0582032327509887,0.0612204754823151,0.0535795606476266,2.971631205673759
1.225,1.325,1.225,1.31,1.259,0.051,4.05,13341,1710059.0,0.054,0.0749999999999999,0.278,1.2792,1.3145000000000002,1.1954,1.2850422314514438,1.2694516367404884,1.2217938627447351,0.0999999999999998,0.0809999999999999,0.0510000000000001,0.0,0.0209007793550597,0.0122890256229992,1.7007678229544343,62.97349251939488,1.2934166666666669,1.1622692307692308,1.2595592734858014,1.2009120366207526,0.0586472368650488,0.0639436815729915,0.054593095891111,4.955803571428572
1.336,1.34,1.269,1.318,1.31,0.008,0.61,9113,1212679.0,0.02,-0.0369999999999999,0.28,1.2832,1.3108,1.2094,1.2960281543009626,1.2782786118785814,1.2309563520071416,0.0710000000000001,0.0832857142857142,0.008,0.0,0.0199792951154126,0.0114112380784993,1.7508437715498144,63.64751752381038,1.3081666666666667,1.1716538461538462,1.2685501544879858,1.2095852190932894,0.0589649353946963,0.0643735525884384,0.0554674637918281,-0.3169177722809384
1.307,1.333,1.307,1.328,1.318,0.01,0.76,7405,980619.0,0.06,-0.0999999999999998,0.288,1.2952,1.3008,1.2238000000000002,1.3066854362006417,1.287318864264294,1.2401986041969375,0.026,0.0802142857142857,0.01,0.0,0.0192664883214545,0.0105961496443208,1.8182537023512872,64.51703410641514,1.3159166666666666,1.1824615384615385,1.2776962845667572,1.2183566843456384,0.0593396002211188,0.0635601568524609,0.0562418910776862,-0.1874245583232744
1.328,1.357,1.328,1.337,1.328,0.009,0.68,9261,1245480.0,0.076,-0.038,0.2989999999999999,1.3104,1.297,1.23875,1.316790290800428,1.296351798034422,1.2494177847496102,0.0289999999999999,0.0786428571428571,0.0089999999999998,0.0,0.0185331677270649,0.0098392818125836,1.8835894814357903,65.32099987054738,1.3144166666666666,1.1932692307692307,1.2868199330949484,1.2271450780978133,0.059674854997135,0.0622162758479553,0.056928483861576,0.250641458474004
1.31,1.33,1.31,1.323,1.337,-0.014,-1.05,6403,845678.0,0.064,-0.012,0.2949999999999999,1.3232,1.2958,1.2535,1.318860193866952,1.3011969256645273,1.2564256147734567,0.0269999999999999,0.0725714285714285,0.0,0.014,0.0172093700322746,0.0101364759688276,1.6977665694860822,62.93230069232797,1.3056666666666663,1.2035,1.292386097234187,1.2342454426831606,0.0581406545510263,0.0610482190525525,0.0571709179994661,-0.3086059820753698
1.334,1.357,1.333,1.345,1.323,0.022,1.66,6712,909827.0,0.0349999999999999,0.0889999999999999,0.3029999999999999,1.3302,1.3047,1.26865,1.327573462577968,1.3091611209982497,1.2648612705093178,0.034,0.0661428571428571,0.022,0.0,0.0175515578871121,0.0094124419710542,1.8647188414109597,65.09256037470435,1.3031666666666666,1.2150384615384615,1.300480543813543,1.2424494839658893,0.0580310598476536,0.0598539561672996,0.0573429463691036,0.0482586287677651
1.344,1.363,1.344,1.361,1.345,0.016,1.19,2765,375338.0,0.0429999999999999,0.0629999999999999,0.326,1.3388,1.311,1.28495,1.3387156417186454,1.3185863717258404,1.2740173399846209,0.0189999999999999,0.0577857142857142,0.016,0.0,0.0174407323237469,0.0087401246874075,1.995478662778696,66.61635375922292,1.3053333333333332,1.227692307692308,1.30979122938069,1.2512310036721197,0.0585602257085704,0.0590604952419993,0.0575864022369969,-0.5880512514898688
1.371,1.371,1.349,1.35,1.361,-0.011,-0.81,10161,1380747.0,0.022,0.082,0.2790000000000001,1.3432,1.3192,1.2989,1.3424770944790971,1.3242979405029605,1.2812537837956093,0.022,0.0509999999999999,0.0,0.0109999999999998,0.0161949657291936,0.0089015443525926,1.8193433732065452,64.53074820529355,1.3131666666666668,1.2396923076923076,1.3159771940913532,1.2585472256223331,0.05742996846902,0.058554640978362,0.0575551154834016,2.674864376130199
1.358,1.36,1.341,1.35,1.35,0.0,0.0,7312,992016.0,0.0130000000000001,0.0890000000000001,0.2550000000000001,1.3458,1.3281,1.31165,1.3449847296527315,1.328971042229695,1.2878010424817417,0.0190000000000001,0.0461428571428571,0.0,-0.0,0.0150381824628226,0.0082657197559789,1.8193433732065452,64.53074820529355,1.3175,1.2516153846153846,1.321211471923453,1.2653215052058642,0.0558899667175885,0.0582976114190953,0.0572220857302389,-0.2803857888003149
1.356,1.381,1.354,1.369,1.35,0.019,1.41,4277,586991.0,0.046,0.1100000000000001,0.2279999999999999,1.355,1.3391,1.3230499999999998,1.3529898197684878,1.3362490345515683,1.2955342765310998,0.0309999999999999,0.0421428571428571,0.0189999999999999,0.0,0.0153211694297638,0.0076753112019804,1.9961626345275287,66.6239746642561,1.3259166666666666,1.264346153846154,1.3285635531659985,1.2730013937091336,0.0555621594568649,0.0579548250404082,0.0568901004755641,-0.4150711159737418
1.343,1.372,1.342,1.354,1.369,-0.015,-1.1,14843,2010351.0,0.0090000000000001,0.044,0.119,1.3568,1.3435,1.329,1.3533265465123252,1.3394764828149195,1.301102440670995,0.03,0.0357857142857142,0.0,0.0149999999999999,0.0142268001847807,0.0081985032589818,1.7352923741531343,63.44083691200992,1.3336666666666668,1.2768846153846154,1.3324768526789217,1.27900129047142,0.0534755622075016,0.0573448946862754,0.0562071928219516,2.470423193827449
1.353,1.39,1.353,1.375,1.354,0.021,1.55,4837,659565.0,0.014,0.0569999999999999,0.02,1.3596,1.3492000000000002,1.3299999999999998,1.360551031008217,1.3459353041212978,1.3081403034642336,0.0369999999999999,0.0360714285714285,0.0209999999999999,0.0,0.0147106001715821,0.0076128958833402,1.9323264624929648,65.89738513801653,1.3433333333333335,1.2896923076923077,1.3390188753437031,1.2861123059920556,0.0529065693516475,0.0566301134785564,0.0555470681278908,-0.6741224819780367
1.376,1.418,1.376,1.415,1.375,0.04,2.91,19331,2709740.0,0.0649999999999999,0.0869999999999999,-0.0129999999999999,1.3726,1.3579,1.3293500000000005,1.3787006873388117,1.358492521553789,1.3183174174200207,0.0429999999999999,0.0363571428571428,0.04,0.0,0.0165169858736119,0.0070691176059588,2.336498951395183,70.02846353115615,1.3520833333333335,1.3043076923076922,1.3507082791369796,1.2956595425852369,0.0550487365517426,0.0561161003179573,0.0554474018126612,2.9964854248501136
1.415,1.439,1.413,1.422,1.415,0.007,0.49,5854,836286.0,0.0719999999999998,0.0849999999999999,0.0469999999999999,1.387,1.3664,1.3317,1.3931337915592077,1.3700393358167364,1.3281919490943046,0.026,0.0367142857142857,0.0069999999999998,0.0,0.0158372011683539,0.0065641806341046,2.412669920457523,70.69742977469284,1.36075,1.3178076923076925,1.361676236192829,1.3050180949863304,0.0566581412064985,0.0559513766130097,0.0556895496914287,-0.6971703481454659
1.422,1.448,1.409,1.448,1.422,0.026,1.83,8065,1146025.0,0.0789999999999999,0.125,0.1129999999999999,1.4028,1.3789,1.33735,1.4114225277061383,1.3842140020318752,1.339602239656752,0.0389999999999999,0.0323571428571428,0.026,0.0,0.0165631153706144,0.0060953105888114,2.717353796706887,73.09914378109839,1.37075,1.3313846153846154,1.3749568152400862,1.3156093472095651,0.059347468030521,0.0560976441888839,0.0564211333592471,0.37769046805603
1.477,1.477,1.442,1.445,1.448,-0.003,-0.21,11907,1728402.0,0.0909999999999999,0.1,0.189,1.421,1.3889,1.3468,1.422615018470759,1.3952660016624432,1.349640121594204,0.0350000000000001,0.0297857142857142,0.0,0.0029999999999998,0.0153800357012848,0.0058742169753248,2.6182273766682216,72.36215704827175,1.3797500000000005,1.343076923076923,1.3857326898185345,1.3251938400088563,0.0605388498096779,0.0563174913112292,0.0572446766493333,0.4763794172349658
1.453,1.47,1.45,1.469,1.445,0.024,1.66,5491,800114.0,0.094,0.1080000000000001,0.171,1.4398,1.3997000000000002,1.35535,1.4380766789805062,1.4086721831783624,1.3610077290614226,0.0249999999999999,0.0297142857142856,0.024,0.0,0.0159957474369073,0.0054546300485159,2.932508216805514,74.57093679482944,1.3919166666666667,1.352076923076923,1.3985430452310676,1.3358461481563486,0.062696897074719,0.0569027056007513,0.0583351207344104,-0.5388426975728563
1.498,1.498,1.439,1.44,1.469,-0.029,-1.97,9895,1441653.0,0.0249999999999999,0.0899999999999998,0.1719999999999999,1.4448,1.4087,1.36395,1.4387177859870042,1.4143681498732057,1.3685308024841445,0.0589999999999999,0.0318571428571428,0.0,0.0290000000000001,0.0148531940485567,0.0071364421879076,2.081316383915324,67.54633814235804,1.3998333333333333,1.355346153846154,1.4049210382724415,1.3435612482929151,0.0613597899795264,0.0575104637409666,0.0589400545834336,0.8020397013294482
1.45,1.583,1.431,1.45,1.44,0.01,0.69,20781,2997424.0,0.028,0.0999999999999998,0.189,1.4504,1.4187,1.3734,1.442478523991336,1.4208466680780771,1.3762897736761306,0.1519999999999999,0.0407857142857142,0.01,0.0,0.0145065373308027,0.0066266963173428,2.189105496329657,68.64324491143674,1.40725,1.3561923076923077,1.411856263153605,1.351445600271218,0.0604106628823868,0.0580491863438024,0.0592341762432243,1.1001515917129865
1.432,1.47,1.408,1.41,1.45,-0.04,-2.76,16585,2376163.0,-0.038,0.0409999999999999,0.151,1.4428,1.4228,1.38095,1.4316523493275577,1.4188745466093358,1.379500271421261,0.062,0.0427857142857142,0.0,0.04,0.0134703560928882,0.0090105037232469,1.4949614923453145,59.91922107543312,1.41225,1.3575384615384616,1.4115706842068962,1.3557829632140903,0.0557877209928057,0.0583060928755028,0.0585448851931405,-0.2019152110100572
1.41,1.425,1.373,1.373,1.41,-0.037,-2.62,205,28641.0,-0.072,0.0189999999999999,0.0629999999999999,1.4284,1.4247,1.3841,1.4121015662183718,1.4105337199530927,1.3788811979525692,0.052,0.0451428571428571,0.0,0.0369999999999999,0.012508187800539,0.0110097534573007,1.1361006265081022,53.18572600979447,1.4141666666666666,1.3589999999999998,1.4056367327904506,1.357058299272306,0.0485784335181447,0.0578251888940025,0.0565515948581414,-0.9876394332227916
1.373,1.373,1.35,1.35,1.373,-0.023,-1.68,5074,694346.0,-0.119,-0.0249999999999999,0.032,1.4045999999999998,1.4222,1.3857000000000002,1.3914010441455813,1.3995275890525305,1.3761306076713722,0.0229999999999999,0.0452142857142857,0.0,0.0229999999999999,0.0116147458147863,0.011866199638922,0.9788092370103904,49.464557709928,1.4125833333333333,1.3626153846153846,1.3970772354380736,1.3565354622891723,0.0405417731489012,0.0562133040714646,0.0533496305162933,23.75121951219512
1.371,1.379,1.35,1.379,1.35,0.029,2.15,2554,346547.0,-0.0609999999999999,-0.036,0.0509999999999999,1.3924,1.4186,1.38825,1.3872673627637209,1.3957953001338883,1.3764038831312415,0.0289999999999999,0.0459285714285713,0.0289999999999999,0.0,0.0128565496851587,0.0110186139504276,1.1668028068684366,53.84905369191181,1.4146666666666663,1.3657307692307692,1.3942961222937549,1.358199502119604,0.0360966201741506,0.0539286906234259,0.0498990284478648,-0.4966495861253449
1.38,1.393,1.38,1.39,1.379,0.011,0.8,690,95551.0,-0.06,-0.032,0.0529999999999999,1.3804,1.4154,1.3908999999999998,1.3881782418424806,1.394741609200454,1.3776987514044563,0.014,0.0447142857142856,0.0109999999999998,0.0,0.0127239389933616,0.0102315700968256,1.24359593620037,55.42869445139286,1.4159166666666667,1.370423076923077,1.3936351804024076,1.360555094555189,0.0330800858472186,0.051010092603059,0.0465352399277356,-0.7298355520751763
1.388,1.392,1.383,1.383,1.39,-0.007,-0.5,2152,297723.0,-0.0269999999999999,-0.0649999999999999,0.06,1.375,1.4089,1.3939,1.3864521612283205,1.3926067711640076,1.3782036322230795,0.0089999999999998,0.0432142857142856,0.0,0.0069999999999998,0.0118150862081215,0.0100007436613381,1.181420763117594,54.15831659313436,1.41325,1.3751153846153843,1.3919989988020374,1.3622176801436934,0.0297813186583439,0.0475925891417996,0.0431844556738572,2.118840579710145
1.382,1.382,1.337,1.337,1.383,-0.046,-3.33,453,61321.0,-0.036,-0.1080000000000001,-0.008,1.3678,1.3981,1.3935,1.3699681074855472,1.3824964491341878,1.374279476773263,0.046,0.0438571428571428,0.0,0.046,0.0109711514789699,0.0125721191140996,0.8726572966259758,46.59994640761389,1.4061666666666666,1.3781153846153844,1.3835376143709546,1.3603497038367531,0.0231879105342014,0.0432027017484088,0.0391851466459261,-0.7894981412639406
1.337,1.354,1.326,1.335,1.337,-0.002,-0.15,4195,558649.0,-0.0150000000000001,-0.1340000000000001,-0.026,1.3648,1.3847,1.3922,1.3583120716570316,1.37386073110979,1.3705385742234282,0.028,0.0427857142857142,0.0,0.002,0.0101874978019007,0.0118169677488068,0.8621076081831,46.29741076157664,1.39675,1.379076923076923,1.3760702890831156,1.3584719479969936,0.017598341086122,0.0383403185380305,0.0348677855339652,8.260485651214129
1.332,1.336,1.323,1.323,1.335,-0.012,-0.9,8137,1080248.0,-0.056,-0.1169999999999999,-0.0270000000000001,1.3536,1.373,1.39085,1.3465413811046878,1.3646133254534645,1.366011090964054,0.0130000000000001,0.0418571428571428,0.0,0.012,0.0094598193874792,0.0118300414810349,0.7996438053615048,44.43344860684117,1.3865833333333333,1.3792692307692307,1.3679056292241747,1.3558443962935127,0.0120612329306619,0.0329681596545056,0.0303064750133046,0.93969010727056
1.321,1.351,1.318,1.351,1.323,0.028,2.12,6383,849784.0,-0.0389999999999999,-0.0989999999999999,0.0009999999999998,1.3458,1.3631,1.3908999999999998,1.3480275874031251,1.3621381753710162,1.3645814632531916,0.0329999999999999,0.0414285714285714,0.028,0.0,0.0107841180026592,0.0109850385181038,0.9817096212167616,49.53852021034221,1.37675,1.380153846153846,1.3653047631896862,1.3554855521236229,0.0098192110660633,0.0278605474404231,0.0262090222238563,-0.2155585596657244
1.352,1.352,1.338,1.338,1.351,-0.013,-0.96,2043,275386.0,-0.0449999999999999,-0.0719999999999998,-0.0309999999999999,1.3368,1.3559,1.38935,1.3446850582687504,1.3577494162126496,1.3620498953243163,0.014,0.0399285714285714,0.0,0.0129999999999999,0.0100138238596121,0.0111289643382393,0.8997983599610015,47.36283486314159,1.36825,1.3801923076923075,1.361104030391273,1.3541903260403916,0.0069137043508813,0.0232311330885049,0.0223499586492613,-0.6799310668964437
1.338,1.372,1.338,1.364,1.338,0.026,1.94,9355,1260179.0,0.0270000000000001,-0.0089999999999998,0.01,1.3421999999999998,1.355,1.38985,1.351123372179167,1.3588858859921678,1.3622356195791434,0.034,0.0405714285714285,0.026,0.0,0.0111556935839256,0.0103340383140793,1.07950960165561,51.91173922910257,1.3610833333333334,1.3817692307692309,1.3615495641772308,1.354916968555918,0.0066325956213126,0.0194634466965506,0.0192064860436716,3.5790504160548213
1.378,1.384,1.378,1.383,1.364,0.019,1.39,10474,1446540.0,0.048,0.0329999999999999,0.008,1.3518,1.3583,1.39025,1.3617489147861113,1.363270270357228,1.364213179619225,0.0199999999999997,0.0377857142857142,0.0189999999999999,0.0,0.0117160011850737,0.0095958927202165,1.220939158728881,54.97400295412261,1.3588333333333331,1.3832307692307693,1.3648496312268876,1.3569971931073317,0.0078524381195561,0.0163252042460401,0.0169356764588485,0.119615179048637
1.376,1.384,1.37,1.38,1.383,-0.003,-0.22,8216,1127766.0,0.0569999999999999,0.0009999999999998,-0.0350000000000001,1.3632,1.3584,1.3885,1.3678326098574076,1.366312039383187,1.365716686322156,0.0139999999999997,0.0279285714285713,0.0,0.0030000000000001,0.0108791439575685,0.0091247575259153,1.1922666357621534,54.38511065729264,1.3594166666666665,1.383961538461539,1.367180457191982,1.3587011047290103,0.0084793524629713,0.0135917894255682,0.0152444116596731,-0.2155814397555853
1.377,1.383,1.364,1.364,1.38,-0.016,-1.16,8045,1103770.0,0.0130000000000001,-0.0259999999999998,-0.0579999999999998,1.3658,1.3558,1.3856,1.366555073238272,1.3658916685862437,1.3655531923867126,0.0189999999999999,0.0248571428571428,0.0,0.0159999999999997,0.0101020622463136,0.0096158462740642,1.0505640334081436,51.2329298813484,1.3605833333333333,1.3845,1.366691156085523,1.3590936154898243,0.0075975405956985,0.0111269251963854,0.0137150374468781,-0.0208130477117819
1.37,1.376,1.37,1.374,1.364,0.01,0.73,2212,304257.0,0.036,-0.0089999999999998,-0.0739999999999998,1.373,1.3549,1.3819,1.3690367154921814,1.3673659106614722,1.3663576502546446,0.0119999999999997,0.0219999999999999,0.01,0.0,0.0100947720858626,0.008929000111631,1.130560192592336,53.06398742092047,1.3601666666666663,1.3854230769230769,1.3678155936108274,1.360197792120208,0.0076178014906194,0.0093969130804318,0.0124955902556264,-0.7250466128029832
1.374,1.403,1.374,1.395,1.374,0.021,1.53,8502,1177994.0,0.0309999999999999,0.058,-0.05,1.3792000000000002,1.3607,1.3794,1.3776911436614545,1.3723902905412044,1.3690854930875356,0.0289999999999999,0.0224285714285713,0.0209999999999999,0.0,0.0108737169368724,0.0082912143893717,1.31147458336274,56.7375731839025,1.3605833333333333,1.3864230769230768,1.3719978099783925,1.3627757334446369,0.0092220765337556,0.0084662170190578,0.0118408875112522,2.8435804701627485
1.391,1.393,1.38,1.385,1.395,-0.01,-0.72,8175,1131031.0,0.002,0.05,-0.084,1.3796000000000002,1.3657,1.3752,1.3801274291076364,1.374682964988258,1.3706011604125323,0.0150000000000001,0.0214285714285713,0.0,0.01,0.0100970228699529,0.0084132705044166,1.2001305395627633,54.54815148383277,1.36075,1.3876153846153847,1.3739981469047935,1.3644219754117008,0.0095761714930928,0.0081900990815501,0.0113879443076203,-0.0384615384615384
1.413,1.519,1.408,1.408,1.385,0.023,1.66,11549,1641038.0,0.028,0.0849999999999999,-0.032,1.3852,1.3742,1.3736000000000002,1.3894182860717577,1.3807406077176656,1.3741629546589578,0.1339999999999999,0.0299999999999999,0.0229999999999999,0.0,0.0110186640935277,0.0078123226112439,1.410421028654014,58.51347179134084,1.366666666666667,1.3888846153846155,1.3792292012271332,1.3676499772330564,0.0115792239940768,0.0083856560735516,0.0114262002449116,0.4127217125382263
1.395,1.545,1.286,1.413,1.408,0.005,0.36,11590,1607961.0,0.0489999999999999,0.062,-0.0369999999999999,1.395,1.3804,1.37175,1.397278857381172,1.386605951768999,1.3778617208819142,0.2589999999999999,0.0478571428571428,0.0050000000000001,0.0,0.0105887595154186,0.0072542995675837,1.4596529157322344,59.34385727336243,1.3731666666666669,1.3888076923076924,1.3844247087306512,1.371009238178756,0.0134154705518951,0.0091080745403309,0.0118240543063083,0.0035500909169625
1.403,1.422,1.403,1.422,1.413,0.009,0.64,6273,889729.0,0.0479999999999998,0.0839999999999998,0.012,1.4045999999999998,1.3888000000000005,1.37235,1.4055192382541146,1.3930412332655444,1.382065366512208,0.0189999999999999,0.0459285714285713,0.0089999999999998,0.0,0.0104752766928887,0.0067361353127563,1.5550870352992434,60.86238996227057,1.3814166666666663,1.3888076923076922,1.3902055227720895,1.3747863316469962,0.0154191911250933,0.0100843629296399,0.0125430816700653,-0.4587575496117342
1.409,1.413,1.399,1.401,1.422,-0.021,-1.48,4609,647508.0,0.006,0.0369999999999999,0.028,1.4058,1.3925,1.37375,1.404012825502743,1.394488281762718,1.3838686649396168,0.0229999999999999,0.0455714285714285,0.0,0.0209999999999999,0.0097270426433966,0.0077549827904165,1.254295838724124,55.64024992540574,1.3855833333333332,1.387,1.3918662115763831,1.3767280848583296,0.0151381267180537,0.0108938838850285,0.013062090679663,-0.2652638291088793
1.392,1.394,1.379,1.379,1.401,-0.022,-1.57,3167,438209.0,-0.006,-0.004,0.0289999999999999,1.4045999999999998,1.3921,1.3752,1.395675217001829,1.3916722305331328,1.3834049825644152,0.022,0.0462142857142856,0.0,0.022,0.009032253883154,0.0087724840196725,1.0296118936094958,50.72949645453726,1.389,1.3844615384615382,1.3898867944107858,1.3768963748688237,0.0129904195419621,0.0113951135604719,0.0130477564521228,-0.3128661314818832
1.375,1.381,1.368,1.368,1.379,-0.011,-0.8,2523,347536.0,-0.0399999999999998,-0.0119999999999997,-0.0109999999999998,1.3966,1.3909,1.37465,1.386450144667886,1.3873681886180176,1.3819378413678045,0.0129999999999999,0.0447857142857142,0.0,0.0109999999999998,0.0083870928915002,0.0089315923039816,0.9390366920085814,48.42800014453908,1.3893333333333333,1.3805769230769231,1.3865195952706648,1.3762373841377995,0.010282211132865,0.0116934102868238,0.0124946473882713,-0.2033470161035681
1.378,1.379,1.374,1.374,1.368,0.006,0.44,59,8129.0,-0.0389999999999999,0.01,-0.0159999999999997,1.3888,1.3919,1.37385,1.3823000964452574,1.384937608869287,1.3811818564756324,0.0109999999999998,0.0445714285714284,0.006,0.0,0.008216586256393,0.0082936214251257,0.9907115161418676,49.76670442244353,1.3885833333333333,1.3780384615384615,1.3845935036905626,1.3760716519794445,0.0085218517111183,0.0117938603113236,0.0117000882528407,-0.9766151407055094
1.371,1.381,1.365,1.381,1.374,0.007,0.51,822,112621.0,-0.0409999999999999,0.0069999999999998,-0.002,1.3806,1.3926000000000005,1.3737499999999998,1.381866730963505,1.384221679983962,1.3811645368112866,0.016,0.0432857142857142,0.0069999999999998,0.0,0.0081296872380792,0.0077012198947596,1.0556362951811231,51.35326213376237,1.3886666666666667,1.3753846153846156,1.3840406569689376,1.3764367147957817,0.0076039421731559,0.0116140676045903,0.0108808590369037,12.932203389830509
1.384,1.385,1.383,1.383,1.381,0.002,0.14,53,7336.0,-0.018,-0.012,0.046,1.3770000000000002,1.3914,1.37605,1.3822444873090034,1.3839995563505143,1.3813393428292593,0.004,0.042142857142857,0.002,0.0,0.0076918524353593,0.0071511327594196,1.0756131502701256,51.82146538868008,1.39025,1.3743461538461537,1.3838805558967937,1.3769228840701682,0.0069576718266253,0.0113231231972051,0.010096221594848,-0.9355231143552312
1.372,1.372,1.363,1.363,1.383,-0.02,-1.45,30,4097.0,-0.016,-0.022,0.028,1.3738,1.3892,1.37745,1.3758296582060023,1.380181455195875,1.3795927387502822,0.02,0.0425714285714285,0.0,0.02,0.0071424344042622,0.0080689089908897,0.88517969558542,46.95465889316922,1.3893333333333333,1.3739615384615385,1.3806681626819022,1.3758915593242298,0.0047766033576723,0.0105672764598268,0.0090322979474129,-0.4339622641509434
1.378,1.43,1.368,1.378,1.363,0.015,1.1,291,40621.0,0.0099999999999997,-0.03,0.0549999999999999,1.3758,1.3862,1.3802,1.376553105470668,1.379784826978443,1.3794410493454934,0.0669999999999999,0.0459999999999999,0.0149999999999999,0.0,0.007703689089672,0.0074925583486833,1.0281787249645973,50.694680518480666,1.387916666666667,1.3750384615384614,1.3802576761154557,1.3760477401150275,0.0042099360004281,0.0095444392874416,0.0080678255580159,8.7
1.37,1.37,1.361,1.369,1.378,-0.009,-0.65,4181,571175.0,-0.0050000000000001,-0.044,0.018,1.3748,1.3818,1.3811,1.374035403647112,1.3778239493459987,1.3784466636935415,0.0169999999999999,0.0463571428571428,0.0,0.0089999999999998,0.0071534255832669,0.0076002327523487,0.941211383435094,48.4857749890979,1.3865833333333333,1.3746538461538462,1.378525725943847,1.3755256852916922,0.0030000406521548,0.0081645336793373,0.0070542685768437,13.36769759450172
1.37,1.377,1.37,1.377,1.369,0.008,0.58,587,80476.0,-0.004,-0.0449999999999999,0.0389999999999999,1.374,1.3773,1.38305,1.375023602431408,1.377674140373999,1.3783088861989188,0.008,0.0448571428571428,0.008,0.0,0.0072138951844621,0.0070573589843238,1.0221805636479548,50.54843182766879,1.384,1.3741538461538465,1.3782909988755627,1.375634893788604,0.0026561050869586,0.0067776423869934,0.0061746358788667,-0.859602965797656
1.399,1.399,1.378,1.378,1.377,0.001,0.07,139,19255.0,-0.0050000000000001,-0.0230000000000001,0.0139999999999997,1.373,1.375,1.38375,1.376015734954272,1.377733387578726,1.3782794684656885,0.022,0.0453571428571428,0.0009999999999998,0.0,0.0067700455284291,0.006553261914015,1.0330802609843004,50.8135502965408,1.3810833333333334,1.3739615384615385,1.3782462298177838,1.3758100868413,0.0024361429764838,0.0056049449908291,0.0054269372983901,-0.7632027257240205
1.353,1.392,1.353,1.379,1.378,0.001,0.07,2208,305084.0,0.016,0.0,-0.004,1.3762,1.375,1.38355,1.3770104899695146,1.3779636807462303,1.378348090516575,0.0389999999999999,0.0385714285714285,0.0010000000000001,0.0,0.0063578994192556,0.0060851717772996,1.0448183965772904,51.09590163733634,1.3775000000000002,1.375576923076923,1.3783621944612017,1.3760463767049074,0.0023158177562943,0.0047197901712102,0.0048047133899709,14.884892086330936
1.356,1.358,1.348,1.348,1.379,-0.031,-2.25,2559,345672.0,-0.0299999999999998,-0.02,-0.0319999999999998,1.3702,1.373,1.38195,1.3673403266463433,1.37251573879237,1.3754577961816632,0.0309999999999999,0.0222857142857142,0.0,0.0309999999999999,0.0059037637464516,0.0078648023646353,0.750656338549371,42.87856628510995,1.3730833333333334,1.376076923076923,1.3736910876210169,1.3739688673193586,-0.0002777796983417,0.0037420533479368,0.0037882147723084,0.1589673913043479
1.33,1.335,1.29,1.299,1.348,-0.049,-3.64,4185,549898.0,-0.07,-0.0750000000000001,-0.0650000000000001,1.3562,1.3655,1.3787,1.3445602177642288,1.359149240830121,1.3681761013072191,0.058,0.0250714285714285,0.0,0.0490000000000001,0.0054820663359908,0.0108030307671614,0.5074563290752573,33.66308657090944,1.3664166666666666,1.3751538461538462,1.3622001510639372,1.3684156178882951,-0.0062154668243579,0.0022065634593242,0.0017874784529751,0.6354044548651818
1.298,1.307,1.272,1.272,1.299,-0.027,-2.08,177,22714.0,-0.1049999999999999,-0.1089999999999999,-0.102,1.3352,1.3546,1.3736,1.320373478509486,1.3433039243155531,1.3590164726112937,0.0349999999999999,0.0259285714285713,0.0,0.0269999999999999,0.0050904901691343,0.0119599571409356,0.4256277935738567,29.855464062387927,1.3584166666666666,1.3721153846153848,1.3483232047464082,1.3612737202669398,-0.0129505155205316,-5.457357026555303e-06,-0.0011601203417261,-0.957706093189964
1.272,1.284,1.271,1.274,1.272,0.002,0.16,5801,740494.0,-0.1039999999999998,-0.1089999999999999,-0.121,1.3143999999999998,1.3437,1.36755,1.3049156523396577,1.3307032108036343,1.3509196656959324,0.0130000000000001,0.0252857142857142,0.002,0.0,0.004869740871339,0.0111056744880116,0.4384912304602301,30.482718363179696,1.3500833333333333,1.3696538461538463,1.3368888655546531,1.3548090002471669,-0.0179201346925135,-0.0025273171403805,-0.0045121232118836,31.77401129943503
1.278,1.284,1.275,1.284,1.274,0.01,0.78,1666,213082.0,-0.0949999999999999,-0.0789999999999999,-0.1009999999999999,1.2954,1.3358,1.3625,1.2979437682264383,1.3222117179302462,1.3445463642010818,0.01,0.0250714285714285,0.01,0.0,0.0052361879519576,0.0103124120245822,0.5077558906176243,33.67626641535663,1.342,1.3665769230769231,1.3287521170077836,1.349563889117747,-0.0208117721099634,-0.005307506930424,-0.0077720529914996,-0.7128081365281849
1.278,1.286,1.254,1.282,1.284,-0.002,-0.16,964,123543.0,-0.066,-0.0959999999999998,-0.1259999999999999,1.2822,1.3262,1.3562,1.2926291788176256,1.314900496488383,1.3385895676105024,0.032,0.0265714285714285,0.0,0.002,0.0048621745268178,0.0097186683085406,0.5002922594389809,33.3463201113935,1.3335833333333331,1.3626923076923076,1.3215594836219708,1.3445591565905064,-0.0229996729685355,-0.0081963639993896,-0.0108175769869067,-0.4213685474189675
1.282,1.285,1.282,1.283,1.282,0.001,0.08,18,2310.0,-0.016,-0.086,-0.1300000000000001,1.279,1.3176,1.3497,1.2894194525450835,1.3091004062177678,1.3332953230761688,0.0029999999999998,0.0256428571428571,0.0009999999999998,0.0,0.0045863049177593,0.0090244777150734,0.508207240636093,33.696114628236,1.3269166666666667,1.3589615384615383,1.3156272553724366,1.3399992190652836,-0.024371963692847,-0.0111994827527014,-0.0135284543280948,-0.9813278008298756
1.262,1.267,1.257,1.257,1.283,-0.026,-2.03,227,28589.0,-0.0150000000000001,-0.1200000000000001,-0.165,1.2759999999999998,1.3056,1.34145,1.2786129683633891,1.2996276050872646,1.3260291018308197,0.026,0.0272142857142856,0.0,0.026,0.004258711709348,0.0102370150211396,0.4160110833630394,29.379083839867217,1.3168333333333333,1.3548461538461538,1.3066076776228308,1.3338511287641517,-0.0272434511413206,-0.0144972154324574,-0.01627145369074,11.61111111111111
1.277,1.31,1.277,1.305,1.257,0.048,3.82,97,12572.0,0.0309999999999999,-0.0729999999999999,-0.096,1.2822,1.2982999999999998,1.33665,1.287408645575593,1.3006044041623073,1.3240263302278843,0.0530000000000001,0.0295714285714285,0.048,0.0,0.0073830894443945,0.0095057996624868,0.7766931459255152,43.71566061965755,1.3115,1.3521923076923077,1.306360342603934,1.331714008114955,-0.0253536655110211,-0.0175716024621591,-0.0180878960547962,-0.5726872246696035
1.327,1.38,1.298,1.299,1.305,-0.006,-0.46,114,14936.0,0.0149999999999999,-0.08,-0.08,1.2852,1.2903,1.33265,1.2912724303837289,1.300312694314615,1.321642870206181,0.0819999999999998,0.0306428571428571,0.0,0.006,0.0068557259126521,0.0092553854008806,0.7407283020326543,42.55278099216881,1.305,1.3485,1.3052279822033286,1.329290748254588,-0.0240627660512593,-0.0202143787235944,-0.0192828700540888,0.1752577319587629
1.317,1.319,1.3,1.301,1.299,0.002,0.15,71,9273.0,0.0189999999999999,-0.0470000000000001,-0.0670000000000001,1.289,1.2856,1.3293,1.2945149535891527,1.300437658984685,1.3196768825674972,0.02,0.0308571428571428,0.002,0.0,0.0065088883474626,0.0085942864436748,0.7573506410474636,43.096159830462,1.2985833333333332,1.3452692307692309,1.3045775234028163,1.3271951372727666,-0.02261761386995,-0.022036839506438,-0.0199498188172611,-0.3771929824561403
1.304,1.314,1.304,1.314,1.301,0.013,1.0,4010,523711.0,0.0310000000000001,0.0150000000000001,-0.06,1.2952,1.2871,1.3263,1.3010099690594352,1.3029035391692878,1.3191362270848783,0.0130000000000001,0.0312142857142857,0.0130000000000001,0.0,0.0069725391797867,0.0079804088405552,0.8737070141511295,46.62986302300611,1.2931666666666668,1.341653846153846,1.3060271351869983,1.326217719697006,-0.0201905845100074,-0.0228412916163797,-0.0199979719558103,55.478873239436616
1.319,1.322,1.319,1.319,1.314,0.005,0.38,2057,271919.0,0.062,0.0469999999999999,-0.062,1.3076,1.2917999999999998,1.3232,1.3070066460396237,1.3058301684112354,1.319123253076795,0.008,0.0302142857142857,0.0049999999999998,0.0,0.0068316435240877,0.0074103796376584,0.9219019615905162,47.9682096181209,1.2907499999999998,1.3380384615384615,1.308022960542845,1.325683073793524,-0.0176601132506788,-0.0228124003450648,-0.019530400214784,-0.4870324189526185
1.319,1.321,1.318,1.319,1.319,0.0,0.0,117,15442.0,0.014,0.0449999999999999,-0.064,1.3104,1.2963,1.3199999999999998,1.3110044306930824,1.3082246832455562,1.3191115146885284,0.0029999999999998,0.0276428571428571,0.0,-0.0,0.0063436689866528,0.0068810668063971,0.9219019615905162,47.9682096181209,1.2924166666666668,1.3340769230769232,1.3097117358439458,1.3251880312903,-0.015476295446354,-0.0222195696046637,-0.018719579261098,-0.9431210500729216
1.308,1.315,1.308,1.315,1.319,-0.004,-0.3,129,16912.0,0.016,0.0309999999999999,-0.048,1.3136,1.2994,1.3176,1.3123362871287216,1.3094565590190912,1.3187199418610491,0.0109999999999998,0.0262142857142857,0.0,0.004,0.0058905497733205,0.0066752763202258,0.882442836931311,46.87753697582853,1.296,1.330769230769231,1.3105253149448772,1.3244333623058333,-0.013908047360956,-0.0212093889815994,-0.0177572728810696,0.1025641025641026
1.338,1.338,1.314,1.316,1.315,0.001,0.08,71,9442.0,0.0150000000000001,0.034,-0.0619999999999998,1.3166,1.3028,1.3145,1.313557524752481,1.3106462755610746,1.3184608997790446,0.024,0.0237857142857142,0.0010000000000001,0.0,0.0055412247895119,0.0061984708687811,0.8939664163657698,47.200753331263066,1.2995,1.3283461538461538,1.3113675741841269,1.3238086688016977,-0.0124410946175705,-0.0198837368621242,-0.0166940372283698,-0.4496124031007752
1.315,1.327,1.315,1.327,1.316,0.011,0.84,1059,139315.0,0.0129999999999999,0.044,-0.042,1.3192,1.3072,1.3123999999999998,1.3180383498349877,1.3136196800045157,1.3192741474191356,0.012,0.0221428571428571,0.0109999999999998,0.0,0.0059311373045467,0.0057557229495825,1.0304765112047278,50.75047682247369,1.3030833333333331,1.326769230769231,1.3137725627711845,1.3240450637052754,-0.0102725009340911,-0.0179980757279876,-0.0154097299695141,13.915492957746478
1.349,1.349,1.316,1.316,1.327,-0.011,-0.83,2378,315781.0,-0.0029999999999998,0.0590000000000001,-0.0609999999999999,1.3186,1.3131,1.3093499999999998,1.317358899889992,1.31405246545824,1.3189623238554085,0.0329999999999999,0.0235714285714285,0.0,0.0109999999999998,0.0055074846399363,0.0061303141674694,0.8984016951629944,47.324109404878016,1.3059166666666666,1.3245384615384614,1.3141152454217713,1.3234491330604403,-0.009333887638669,-0.0162181004088374,-0.0141945615033451,1.245514636449481
1.316,1.326,1.316,1.32,1.316,0.004,0.3,31,4099.0,0.0010000000000001,0.0150000000000001,-0.0579999999999998,1.3188,1.3146,1.30645,1.318239266593328,1.3151338353749236,1.3190611501548932,0.01,0.0235714285714285,0.004,0.0,0.0053998071656551,0.0056924345840788,0.948593626487669,48.68093652741258,1.309,1.3221923076923074,1.3150205922799605,1.32319364172263,-0.0081730494426697,-0.0144525763412163,-0.01299025909121,-0.9869638351555928
1.342,1.354,1.323,1.351,1.32,0.031,2.35,4450,597559.0,0.036,0.052,-0.028,1.326,1.3198,1.30505,1.3291595110622187,1.3216549562158464,1.3221029453782367,0.034,0.0237142857142857,0.0309999999999999,0.0,0.0072283923681083,0.0052858321137874,1.36750320715899,57.7614088557032,1.3168333333333333,1.3209615384615383,1.320555885775351,1.325253371965398,-0.004697486190047,-0.0124614510434493,-0.0113317045109774,142.5483870967742
1.358,1.389,1.356,1.376,1.351,0.025,1.85,6167,839543.0,0.0599999999999998,0.0749999999999999,0.0279999999999998,1.338,1.3273,1.30645,1.3447730073748123,1.3315358732675104,1.3272359981993571,0.038,0.0262142857142857,0.0249999999999999,0.0,0.0084977929132434,0.0049082726770883,1.7313204608437602,63.38767221437356,1.32275,1.321461538461539,1.32908574950222,1.3290123814494428,7.33680527771341e-05,-0.0102099007586954,-0.0090506899982265,0.3858426966292134
1.378,1.384,1.375,1.384,1.376,0.008,0.58,2659,366487.0,0.0569999999999999,0.0699999999999998,0.0849999999999999,1.3494,1.3342999999999998,1.3107,1.3578486715832083,1.3410748054006902,1.3326420936089425,0.0089999999999998,0.0249999999999999,0.008,0.0,0.0084622362765832,0.004557681771582,1.8566974836520505,64.99454332414705,1.3298333333333332,1.321692307692308,1.3375340957326476,1.3330855383791136,0.0044485573535339,-0.0077533818026718,-0.0063508405278744,-0.5688341170747527
1.421,1.423,1.368,1.377,1.384,-0.007,-0.51,993,137130.0,0.0609999999999999,0.058,0.1049999999999999,1.3616,1.3401,1.3159500000000002,1.3642324477221388,1.347606658964201,1.3368666561223763,0.0549999999999999,0.0251428571428571,0.0,0.0069999999999998,0.0078577908282558,0.0047321330736118,1.660517721294389,62.41333060869512,1.3361666666666665,1.322,1.3436057733122402,1.3363384614621423,0.0072673118500978,-0.0052263143252882,-0.0036272100522799,-0.6265513350883791
1.377,1.395,1.377,1.395,1.377,0.018,1.31,2462,341622.0,0.0749999999999999,0.076,0.121,1.3765999999999998,1.3477,1.322,1.374488298481426,1.356223630061619,1.3424031650631023,0.018,0.0205714285714285,0.018,0.0,0.0085822343405232,0.0043941235683539,1.953116294300822,66.13746631211626,1.3429166666666668,1.3226923076923076,1.3515125774180494,1.3406837606130946,0.0108288168049548,-0.0024777738624093,-0.000736004680833,1.4793554884189324
1.391,1.398,1.386,1.398,1.395,0.003,0.22,520,72373.0,0.0469999999999999,0.0829999999999999,0.1139999999999998,1.386,1.356,1.3277,1.382325532320951,1.363819333686779,1.347698101723759,0.012,0.0199999999999999,0.0029999999999998,0.0,0.0081835033162001,0.0040802575991857,2.005633986891718,66.72914917913369,1.3495,1.3234615384615382,1.3586644885845034,1.3449294079750878,0.0137350806094156,0.0004306900517002,0.0021582123772167,-0.7887896019496344
1.39,1.402,1.39,1.402,1.398,0.004,0.29,656,91575.0,0.026,0.0859999999999998,0.1199999999999998,1.3912,1.3646,1.3337,1.388883688213967,1.3707612730164556,1.3528697110834011,0.012,0.0199285714285714,0.004,0.0,0.0078846816507573,0.0037888106278153,2.0810440070222387,67.54346910589966,1.3564166666666668,1.3243461538461538,1.3653314903407336,1.3491568592361924,0.0161746311045412,0.0033692602782149,0.0049614961226816,0.2615384615384615
1.386,1.407,1.386,1.4,1.402,-0.002,-0.14,281,39351.0,0.016,0.0729999999999999,0.1169999999999999,1.3944,1.3719,1.33955,1.392589125475978,1.3760774051952818,1.357358310027839,0.0210000000000001,0.0208571428571428,0.0,0.002,0.0073214901042746,0.0036610384401142,1.999839724175676,66.66488572902709,1.3635,1.3263461538461538,1.3706651072113898,1.3529230178112892,0.0177420894001005,0.0063777021714116,0.0075176147781654,-0.5716463414634146
1.393,1.394,1.381,1.381,1.4,-0.019,-1.36,45,6197.0,0.004,0.0649999999999999,0.1240000000000001,1.3952,1.3783999999999998,1.34575,1.388726083650652,1.376972422432503,1.3596098995489974,0.0189999999999999,0.0219999999999999,0.0,0.0189999999999999,0.0067985265253978,0.0047566785515346,1.4292591882637211,58.83518708784895,1.3689166666666666,1.3295,1.37225509071733,1.3550027942697125,0.0172522964476176,0.0092027406036657,0.0094645511120558,-0.8398576512455516
1.372,1.395,1.372,1.395,1.381,0.014,1.01,66,9151.0,0.0,0.0749999999999999,0.09,1.3951999999999998,1.3859,1.35025,1.3908173891004347,1.3802501638084117,1.3629803853062357,0.0229999999999999,0.0228571428571428,0.014,0.0,0.0073129174878694,0.0044169157978536,1.6556615119136189,62.34459868044632,1.3745833333333335,1.334230769230769,1.3757543075300485,1.3579655502497334,0.017788757280315,0.0117012121003726,0.0111293923457076,0.4666666666666665
1.399,1.402,1.398,1.402,1.395,0.007,0.5,101,14129.0,0.004,0.0509999999999999,0.1029999999999999,1.396,1.391,1.3554,1.394544926066957,1.3842046794796097,1.3666965390865942,0.0069999999999998,0.0216428571428571,0.0069999999999998,0.0,0.0072905662387359,0.0041014218122926,1.777570455417408,63.9973129016552,1.38175,1.339153846153846,1.3797921063715797,1.3612273613423458,0.0185647450292336,0.0137558095422011,0.0126164628824128,0.5303030303030303
1.403,1.427,1.403,1.425,1.402,0.023,1.64,2205,312696.0,0.0230000000000001,0.0490000000000001,0.1240000000000001,1.4005999999999998,1.3959,1.3616,1.4046966173779714,1.3916220104833168,1.3722492496497756,0.0250000000000001,0.0225714285714285,0.0230000000000001,0.0,0.0084126686502547,0.0038084631114145,2.208940563200056,68.83706692894403,1.3905,1.344576923076923,1.3867471669297982,1.3659512605021722,0.0207959064276259,0.0155721816615447,0.0142523515914555,20.831683168316832
1.403,1.426,1.403,1.418,1.425,-0.007,-0.49,2146,305347.0,0.018,0.034,0.1039999999999998,1.4042,1.3993,1.3668,1.409131078251981,1.396418008577259,1.376606463968845,0.0229999999999999,0.0218571428571428,0.0,0.0070000000000001,0.0078117637466651,0.0040364300320278,1.9353150394485208,65.93210655208317,1.3960833333333331,1.3498076923076925,1.3915552950944443,1.3698067226871964,0.0217485724072481,0.0171812106123391,0.015751595754614,-0.0267573696145124
1.404,1.418,1.404,1.411,1.418,-0.007,-0.49,4072,574525.0,0.03,0.034,0.092,1.4102,1.4026999999999998,1.3714,1.4097540521679874,1.39906927974503,1.3798820388289543,0.014,0.0221428571428571,0.0,0.0069999999999998,0.0072537806219033,0.0042481136011687,1.707529812740357,63.06596532032734,1.399,1.3547307692307693,1.394546788156838,1.372858076562219,0.0216887115946189,0.0183878655889685,0.016939018922615,0.8974836905871388
1.413,1.422,1.412,1.417,1.411,0.006,0.43,8687,1230559.0,0.022,0.022,0.098,1.4146,1.4049,1.3763,1.4121693681119918,1.4023294107004791,1.3834170827500063,0.0109999999999998,0.0204999999999999,0.006,0.0,0.0071642248631959,0.0039446769153709,1.8161753210458529,64.4908471242257,1.40175,1.3608846153846157,1.3980011284404013,1.3761278486687212,0.02187327977168,0.0192921099403312,0.017925871092428,1.1333497053045187
1.42,1.42,1.403,1.418,1.417,0.001,0.07,6106,865526.0,0.016,0.02,0.1029999999999999,1.4178000000000002,1.4069,1.38145,1.4141129120746612,1.4051786087549374,1.386710693916673,0.0169999999999999,0.0189999999999999,0.0009999999999998,0.0,0.0067239230872534,0.0036629142785587,1.8356757968955548,64.73503772558269,1.4051666666666665,1.3652307692307692,1.4010778779111088,1.3792294895080752,0.0218483884030336,0.0199225274179415,0.0187103745545491,-0.2971106250719466
1.446,1.446,1.378,1.378,1.418,-0.04,-2.82,3951,549463.0,-0.0470000000000001,-0.024,0.0619999999999998,1.4084,1.4045,1.38455,1.402075274716441,1.4002370435267668,1.3858811040198469,0.068,0.0232142857142856,0.0,0.04,0.0062436428667353,0.0062584204015188,0.9976387756278036,49.94089961606161,1.4037499999999998,1.3682692307692308,1.3975274351555536,1.3791384162111806,0.0183890189443729,0.0199944084784162,0.0186461034325139,-0.3529315427448412
1.378,1.4,1.378,1.381,1.378,0.003,0.22,4253,591770.0,-0.0369999999999999,-0.0189999999999999,0.054,1.401,1.4026,1.38725,1.395050183144294,1.3967393992491728,1.3854162369703376,0.022,0.0208571428571428,0.0030000000000001,0.0,0.0060119540905399,0.0058113903728389,1.0345121743392796,50.84816829249223,1.4023333333333332,1.371346153846154,1.39498475282393,1.3792763113066489,0.015708441517281,0.0198228690417121,0.0180585710494673,0.0764363452290559
1.376,1.395,1.376,1.395,1.381,0.014,1.01,4528,630672.0,-0.016,0.014,0.0789999999999999,1.3977999999999997,1.404,1.3912,1.3950334554295294,1.3964231448402322,1.386328976306496,0.0190000000000001,0.0209285714285714,0.014,0.0,0.0065825287983585,0.0053962910604932,1.2198246396584855,54.95139651419279,1.4017499999999998,1.3744615384615384,1.3949870985433253,1.380441028987638,0.0145460695556873,0.0194625704056424,0.0173560707507113,0.0646602398307076
1.398,1.398,1.386,1.396,1.395,0.001,0.07,3189,444525.0,-0.0210000000000001,0.0009999999999998,0.0759999999999998,1.3936,1.4041,1.395,1.3953556369530196,1.3963462094147352,1.3872500261820675,0.012,0.0209285714285714,0.0009999999999998,0.0,0.0061837767413328,0.0050108416990294,1.2340794446830383,55.2388343941871,1.4014166666666668,1.3774230769230766,1.39514292953666,1.381593545358924,0.0135493841777361,0.0189053080888093,0.0165947334361162,-0.2957155477031802
1.408,1.42,1.407,1.42,1.396,0.024,1.72,8738,1234716.0,0.002,0.018,0.0689999999999999,1.394,1.4059,1.39845,1.4035704246353464,1.400646898612056,1.390369071307585,0.024,0.0217857142857142,0.024,0.0,0.0074563641169519,0.004652924434813,1.6025113283945958,61.575575518556256,1.4046666666666667,1.3813076923076923,1.3989670942233277,1.3844384679249295,0.0145286262983981,0.0182089436300062,0.0161815120085726,1.740043900909376
1.418,1.42,1.407,1.407,1.42,-0.013,-0.92,6328,896567.0,0.0290000000000001,-0.018,0.0310000000000001,1.3998000000000002,1.4041,1.4,1.4047136164235643,1.4018020079553186,1.3919529692782913,0.0129999999999999,0.0212142857142856,0.0,0.0129999999999999,0.0069237666800268,0.0052491441180407,1.3190277356322992,56.87848038060041,1.4056666666666666,1.3848461538461538,1.4002029258812771,1.386109692523083,0.0140932333581942,0.0173583504023336,0.0157638562784969,-0.2758068207827878
1.411,1.414,1.401,1.414,1.407,0.007,0.5,2712,381526.0,0.0329999999999999,-0.004,0.03,1.4064,1.4037,1.4015,1.4078090776157095,1.4040198246907152,1.3940526864898826,0.0129999999999999,0.0207857142857142,0.0069999999999998,0.0,0.0069292119171677,0.0048742052524663,1.4216085614493883,58.70513443339178,1.4066666666666665,1.3886153846153846,1.4023255526687728,1.3881756412250768,0.014149911443696,0.0165207059411199,0.0154410673115367,-0.5714285714285714
1.403,1.41,1.403,1.404,1.414,-0.01,-0.71,3068,430667.0,0.0089999999999998,-0.0070000000000001,0.0269999999999999,1.4082,1.403,1.40285,1.40653938507714,1.4040162202014943,1.3950000496813222,0.0109999999999998,0.0199285714285714,0.0,0.01,0.0064342682087986,0.0052403334487187,1.2278356466746938,55.11338542891988,1.4049166666666666,1.391576923076923,1.4025831599505,1.389347815949145,0.013235344001355,0.0155609352999727,0.0149999226495004,0.1312684365781711
1.425,1.428,1.418,1.418,1.404,0.014,1.0,9275,1319533.0,0.022,0.0009999999999998,0.0229999999999999,1.4126,1.4031,1.404,1.4103595900514267,1.4065587256194043,1.397190521140244,0.024,0.0211428571428571,0.014,0.0,0.0069746776224558,0.0048660239166674,1.433342240379409,58.90426001711624,1.4049166666666666,1.3955,1.404954981496577,1.391470199952912,0.0134847815436649,0.0146316456489317,0.0146968944283333,2.023142112125163
1.418,1.418,1.401,1.402,1.418,-0.016,-1.13,1656,233510.0,-0.018,-0.016,0.004,1.4089999999999998,1.4015,1.4042,1.4075730600342844,1.4057298664158764,1.397648566745935,0.0169999999999999,0.0205714285714285,0.0,0.016,0.006476486363709,0.0056613079226197,1.1439911858233731,53.35801720584208,1.4041666666666668,1.3986538461538462,1.404500368958642,1.3922501851415852,0.0122501838170567,0.0139495528570077,0.014207552306078,-0.8214555256064691
1.416,1.436,1.416,1.436,1.402,0.034,2.43,11626,1657883.0,0.0289999999999999,0.058,0.034,1.4148,1.4072999999999998,1.4059,1.417048706689523,1.4112335270675351,1.4013010841987033,0.034,0.0213571428571428,0.034,0.0,0.0084424516234441,0.0052569287852897,1.605966519285601,61.62652157656502,1.40575,1.401923076923077,1.409346466041928,1.3954909121681345,0.0138555538737934,0.0137436764521757,0.0141371526196211,6.020531400966184
1.42,1.438,1.42,1.438,1.436,0.002,0.14,5916,849966.0,0.024,0.0569999999999999,0.038,1.4195999999999998,1.413,1.4078,1.4240324711263486,1.4161001585098014,1.404796219036922,0.018,0.0216428571428571,0.002,0.0,0.0079822765074838,0.0048814338720547,1.6352319250252896,62.052675876321466,1.4074166666666663,1.404307692307692,1.4137547020354773,1.3986397334890133,0.0151149685464639,0.0138068874511509,0.0143327158049896,-0.4911405470497161
1.446,1.446,1.44,1.44,1.438,0.002,0.14,7650,1103056.0,0.036,0.0449999999999999,0.0589999999999999,1.4267999999999998,1.4175,1.4107499999999995,1.4293549807508992,1.420445584235292,1.4081489600810246,0.008,0.0214285714285714,0.002,0.0,0.0075549710426635,0.0045327600240508,1.666748515821877,62.50115096841797,1.4125833333333333,1.4064615384615384,1.4177924401838653,1.4017034569342717,0.0160889832495936,0.0140890651258018,0.0146839692939104,0.2931034482758621
1.432,1.436,1.432,1.436,1.44,-0.004,-0.28,1042,149614.0,0.018,0.04,0.0409999999999999,1.4304,1.4215,1.4128,1.4315699871672662,1.423273659828875,1.4108014400733082,0.008,0.0207857142857142,0.0,0.004,0.0070153302539018,0.0044947057366186,1.5607985627952206,60.94968130142743,1.417166666666667,1.4087307692307691,1.4205936032325015,1.4042439416058072,0.0163496616266942,0.0142914023845013,0.0150171077604672,-0.8637908496732026
1.428,1.437,1.426,1.428,1.436,-0.008,-0.56,5065,723506.0,0.026,0.008,0.026,1.4356,1.4223,1.4141,1.4303799914448443,1.4241329944054435,1.4124393981615644,0.0110000000000001,0.0167142857142857,0.0,0.008,0.006514235235766,0.0047450838982887,1.3728387896608651,57.85638685791529,1.4199166666666665,1.41,1.4217330488890396,1.4060036496350066,0.015729399254033,0.0144731985951501,0.0151595660591804,3.86084452975048
1.425,1.426,1.4,1.4,1.428,-0.028,-1.96,4202,598761.0,-0.036,-0.0070000000000001,-0.0250000000000001,1.4284,1.4216,1.4128500000000002,1.4202533276298963,1.4197451772408174,1.4112546935747488,0.028,0.0171428571428571,0.0,0.028,0.0060489327189255,0.0064061493341252,0.944238481407727,48.56598048219119,1.42025,1.410076923076923,1.4183895029061104,1.4055589348472282,0.0128305680588822,0.0143266048857263,0.0146937664591207,-0.1703849950641658
1.407,1.407,1.389,1.389,1.4,-0.011,-0.79,4115,574350.0,-0.0489999999999999,-0.0249999999999999,-0.0289999999999999,1.4186,1.4191,1.4114,1.409835551753264,1.4141551450152143,1.4091351989485823,0.018,0.0170714285714285,0.0,0.0109999999999998,0.0056168660961451,0.0067342815245449,0.8340705798640885,45.47647124495592,1.4176666666666666,1.409576923076923,1.4138680409205548,1.4043323470807667,0.0095356938397881,0.0139155326455522,0.0136621519352542,-0.0207044264635887
1.437,1.522,1.396,1.402,1.389,0.013,0.94,3797,537068.0,-0.038,-0.002,-0.0090000000000001,1.411,1.4189,1.41095,1.4072237011688429,1.4119451186488117,1.4084556561915746,0.133,0.0257142857142857,0.0129999999999999,0.0,0.0061442328035633,0.0062532614156488,0.9825645203617086,49.56027964136293,1.41725,1.4096538461538464,1.4120421884712386,1.4041595806303395,0.0078826078408991,0.0132930689008005,0.0125062431163832,-0.0772782503037666
1.378,1.412,1.378,1.404,1.402,0.002,0.14,3595,504494.0,-0.032,-0.014,-0.0130000000000001,1.4045999999999998,1.4175,1.4103,1.4061491341125618,1.410500551621755,1.4080313079828533,0.034,0.0264285714285714,0.002,0.0,0.0058482161747374,0.0058065998859596,1.0071670667163442,50.17853687506115,1.4164166666666669,1.4105384615384615,1.4108049287064326,1.4041477598429069,0.0066571688635257,0.0126716227948526,0.0113364282658117,-0.0531998946536739
1.406,1.406,1.394,1.398,1.404,-0.006,-0.43,2457,344670.0,-0.03,-0.004,-0.02,1.3985999999999998,1.4171,1.4093,1.4034327560750413,1.408227724054163,1.4070759453178194,0.012,0.0263571428571428,0.0,0.006,0.0054304864479704,0.0058204141798196,0.933006875489868,48.26712658502173,1.4159166666666667,1.410653846153846,1.4088349396746738,1.4036923702249138,0.0051425694497599,0.0117035134144044,0.0100976565026013,-0.3165507649513213
1.388,1.39,1.364,1.38,1.398,-0.018,-1.29,1092,150989.0,-0.02,-0.056,0.002,1.3946,1.4115,1.4094,1.3956218373833609,1.4030954105897695,1.4044972838589795,0.0339999999999998,0.0278571428571428,0.0,0.018,0.0050425945588297,0.0066903845955468,0.7537077258885994,42.97795549179653,1.41275,1.409807692307692,1.4043987951093393,1.4019373798378831,0.0024614152714561,0.0102975630505147,0.0085704082563723,-0.5555555555555556
1.388,1.395,1.386,1.386,1.38,0.006,0.43,2352,327871.0,-0.0030000000000001,-0.052,0.0049999999999998,1.394,1.4063,1.4096499999999998,1.392414558255574,1.3999871541189024,1.4027356377771718,0.0150000000000001,0.0281428571428571,0.006,0.0,0.0051109806617704,0.0062124999815792,0.8226930667082685,45.13612751015884,1.4114166666666663,1.4083076923076925,1.401568211246364,1.4007568331832252,0.0008113780631389,0.0086000513631308,0.0070186022177256,1.1538461538461535
1.387,1.393,1.387,1.391,1.386,0.005,0.36,38,5273.0,-0.0109999999999998,-0.0489999999999999,-0.004,1.3918,1.4014,1.40945,1.3919430388370495,1.3983531260972837,1.4016179579888697,0.0070000000000001,0.0269285714285714,0.0050000000000001,0.0,0.005103053471644,0.0057687499828949,0.8846029879566908,46.93842648078299,1.4076666666666666,1.4072692307692307,1.399942332593077,1.4000341047992826,-9.177220620526504e-05,0.0067732253816975,0.0055965273329394,-0.983843537414966
1.391,1.391,1.376,1.376,1.391,-0.015,-1.08,2011,277763.0,-0.028,-0.06,-0.02,1.3862,1.3954,1.4084499999999998,1.3866286925580331,1.3942889213523229,1.3991781524661202,0.0150000000000001,0.0267857142857143,0.0,0.0150000000000001,0.0047385496522408,0.0064281249841167,0.7371589170946932,42.434742719310485,1.4025,1.405923076923077,1.3962588968095269,1.3982538007400764,-0.0019949039305495,0.0048038583611883,0.0040782410802416,51.92105263157895
1.348,1.348,1.262,1.304,1.376,-0.072,-5.23,3521,451999.0,-0.0939999999999998,-0.1239999999999998,-0.1159999999999998,1.3674,1.383,1.40265,1.359085795038689,1.3778727538337183,1.390113566516966,0.1139999999999998,0.0325,0.0,0.0719999999999998,0.0044000818199379,0.0111118303423941,0.3959817315740179,28.36582475384794,1.3911666666666669,1.4015769230769228,1.382065220377292,1.391272037722293,-0.0092068173450008,0.0023552599829791,0.0014212293951931,0.7508702138239682
1.304,1.305,1.24,1.265,1.304,-0.039,-2.99,284,35772.0,-0.1149999999999999,-0.135,-0.1420000000000001,1.3443999999999998,1.3695,1.3955499999999998,1.3277238633591262,1.3573504349548606,1.3781979887534452,0.0649999999999999,0.0358571428571428,0.0,0.0390000000000001,0.0040857902613709,0.0131038424607945,0.3118009296582462,23.768921229494588,1.3769166666666666,1.3956923076923076,1.3640551864730932,1.3819185534465674,-0.0178633669734742,-0.0006890801073833,-0.0024356898785403,-0.919341096279466
1.234,1.289,1.234,1.283,1.265,0.018,1.42,5848,737527.0,-0.1029999999999999,-0.1060000000000001,-0.131,1.3238,1.3588999999999998,1.3889999999999998,1.3128159089060842,1.343832174053977,1.3691315136340696,0.0549999999999999,0.0392142857142857,0.018,0.0,0.0050796623855587,0.0121678537135949,0.4174657671864767,29.45155903236402,1.3648333333333331,1.3920384615384616,1.3515851577849252,1.374591253191266,-0.0230060954063409,-0.0041211582459655,-0.0065497709841004,19.591549295774648
1.305,1.324,1.305,1.312,1.283,0.029,2.26,2293,303238.0,-0.0789999999999999,-0.0899999999999998,-0.0919999999999998,1.308,1.3499,1.3844,1.312543939270723,1.338044506044163,1.3636904170974915,0.0410000000000001,0.0415714285714285,0.0290000000000001,0.0,0.0067882579294474,0.011298721305481,0.6007987758893047,37.53118661372902,1.3575,1.3893846153846152,1.3454951335103211,1.369954864065987,-0.0244597305556659,-0.0075785915147646,-0.0101317628984135,-0.6079001367989056
1.268,1.39,1.268,1.319,1.312,0.007,0.53,5196,688954.0,-0.0569999999999999,-0.0849999999999999,-0.0989999999999999,1.2966,1.3414,1.3794499999999998,1.3146959595138157,1.334581868581588,1.3594341868977302,0.1219999999999998,0.0495,0.0069999999999998,0.0,0.0068033823630582,0.0104916697836609,0.6484556322629833,39.337160162011145,1.3516666666666666,1.3864615384615386,1.341418959124118,1.3661804296907287,-0.0247614705666108,-0.0109012626276947,-0.013057704432053,1.2660270388137809
1.319,1.335,1.319,1.326,1.319,0.007,0.53,4112,546496.0,0.022,-0.0719999999999998,-0.0759999999999998,1.301,1.3342,1.3756499999999998,1.3184639730092105,1.3330215288394809,1.356249978621756,0.016,0.0486428571428571,0.0070000000000001,0.0,0.0068174264799827,0.0097422647991137,0.6997784006654079,41.16880179154339,1.3453333333333333,1.3837692307692309,1.3390468115665612,1.3632041015654897,-0.0241572899989284,-0.0138588965466263,-0.015277621545428,-0.2086220169361047
1.325,1.325,1.316,1.32,1.326,-0.006,-0.45,2102,277464.0,0.0550000000000001,-0.0599999999999998,-0.1159999999999998,1.312,1.3282,1.36985,1.3189759820061404,1.3306539781413933,1.3527975997053985,0.01,0.0480714285714285,0.0,0.006,0.0063304674456982,0.0094749601706056,0.668126021820903,40.052490823899866,1.3383333333333332,1.379923076923077,1.3361165328640134,1.3600037977458237,-0.0238872648818102,-0.0166031902071762,-0.0169995502127045,-0.4888132295719845
1.315,1.318,1.313,1.313,1.32,-0.007,-0.53,137,17999.0,0.03,-0.0729999999999999,-0.125,1.318,1.3209,1.3636,1.3169839880040937,1.3274441639338672,1.349007352114408,0.0070000000000001,0.0390714285714285,0.0,0.0070000000000001,0.0058782911995769,0.0092981773012766,0.6321982265029334,38.73293183619308,1.33125,1.3763076923076922,1.3325601431926266,1.3565220349498366,-0.0239618917572099,-0.0192554257128434,-0.0183920185216056,-0.9348239771646052
1.315,1.32,1.315,1.317,1.313,0.004,0.3,2133,281325.0,0.0049999999999998,-0.074,-0.123,1.319,1.3135,1.35745,1.3169893253360625,1.3255452250368005,1.3459590328654167,0.0070000000000001,0.0371428571428571,0.004,0.0,0.0057441275424642,0.0086340217797568,0.6652899064873603,39.950395657574944,1.3259999999999998,1.372576923076923,1.3301662750091456,1.3535944768054042,-0.0234282017962585,-0.0216369032534777,-0.0193992551765362,14.569343065693433
1.317,1.317,1.305,1.31,1.317,-0.007,-0.53,4149,543712.0,-0.0089999999999998,-0.0659999999999998,-0.1259999999999999,1.3172,1.3069000000000002,1.35115,1.3146595502240417,1.3227188204846547,1.3425343630687103,0.012,0.0371428571428571,0.0,0.0069999999999998,0.0053338327180025,0.0085173059383456,0.6262347221777211,38.50826166957735,1.3196666666666668,1.3689615384615383,1.3270637711615847,1.3503652563013002,-0.0233014851397155,-0.0232029774528905,-0.020179701169172,0.9451476793248944
1.32,1.336,1.32,1.336,1.31,0.026,1.98,141,18715.0,0.01,0.032,-0.0919999999999998,1.3192,1.3101,1.34655,1.3217730334826947,1.3251335803965356,1.3419120427764524,0.026,0.0365714285714286,0.026,0.0,0.0068099875238595,0.0079089269427495,0.8610507560829752,46.266914175691895,1.3150833333333334,1.365807692307692,1.328438575598264,1.3493011632419447,-0.0208625876436807,-0.0235362241940245,-0.0203162784640738,-0.9660159074475776
1.328,1.333,1.327,1.332,1.336,-0.004,-0.3,5107,678960.0,0.012,0.0670000000000001,-0.0679999999999998,1.3216,1.3168,1.34315,1.3251820223217965,1.3263820203244383,1.3409680387025045,0.0090000000000001,0.0361428571428571,0.0,0.004,0.0063235598435838,0.0076297178754103,0.8288065098663663,45.31952972580618,1.311416666666667,1.3631153846153845,1.328986487044685,1.3480195955943932,-0.0190331085497081,-0.0230947812099542,-0.0200596444812006,35.219858156028366
1.34,1.34,1.329,1.329,1.332,-0.003,-0.23,137,18239.0,0.016,0.046,-0.06,1.3248000000000002,1.3214,1.34015,1.3264546815478644,1.3268580166290858,1.339828225492742,0.0110000000000001,0.0364285714285714,0.0,0.0030000000000001,0.0058718769976135,0.0072990237414524,0.804474297605877,44.582197633583895,1.3135,1.3589999999999998,1.328988565960887,1.346610736661475,-0.0176221707005876,-0.0223350523371678,-0.019572149725078,-0.9731740747992952
1.332,1.332,1.329,1.329,1.329,0.0,0.0,2110,281022.0,0.012,0.0169999999999999,-0.0729999999999999,1.3272,1.3231000000000002,1.3364999999999998,1.3273031210319095,1.3272474681510702,1.3387969659220047,0.0030000000000001,0.0355714285714286,0.0,-0.0,0.0054524572120697,0.0067776649027772,0.8044742976058771,44.5821976335839,1.3188333333333333,1.3548076923076924,1.3289903250438275,1.3453062376495135,-0.0163159126056859,-0.0213966570081761,-0.0189209023011996,14.4014598540146
1.328,1.336,1.328,1.328,1.329,-0.001,-0.08,4128,549422.0,0.018,0.0090000000000001,-0.0759999999999998,1.3308000000000002,1.324,1.3327,1.327535414021273,1.327384292123603,1.3377686834532423,0.008,0.028,0.0,0.0009999999999998,0.0050629959826361,0.0063649745525788,0.7954463825130033,44.30354424728929,1.3225833333333334,1.3505,1.3288379673447772,1.3440242941199203,-0.015186326775143,-0.0203998833166444,-0.0181739871959883,0.9563981042654028
1.32,1.33,1.32,1.321,1.328,-0.007,-0.53,6032,798101.0,-0.0150000000000001,-0.0050000000000001,-0.0769999999999999,1.3278,1.3235,1.32885,1.3253569426808487,1.3262235117374934,1.336171665981505,0.01,0.0240714285714286,0.0,0.0070000000000001,0.0047013534124478,0.0064103335131089,0.7334023109458727,42.30998806882137,1.3233333333333337,1.346076923076923,1.3276321262148116,1.342318790851778,-0.0146866646369663,-0.0193775944005506,-0.0174765226841839,0.4612403100775193
1.317,1.327,1.317,1.324,1.321,0.003,0.23,405,53387.0,-0.008,0.004,-0.0559999999999998,1.3262,1.3239,1.32605,1.3249046284538992,1.3258192368761308,1.335012459697552,0.01,0.0208571428571429,0.0030000000000001,0.0,0.0045798281687016,0.0059524525478868,0.7694018779414623,43.48372676288731,1.32375,1.342076923076923,1.327073337566379,1.3409618433812758,-0.0138885058148967,-0.0182583292958492,-0.0167589193103265,-0.9328580901856764
1.33,1.333,1.33,1.333,1.324,0.009,0.68,2013,268329.0,0.004,0.02,-0.0529999999999999,1.327,1.3259,1.3234,1.3276030856359329,1.3271248301713796,1.3348207968692138,0.0089999999999998,0.0185714285714286,0.0089999999999998,0.0,0.00489555472808,0.0055272773658949,0.8857081713118229,46.96952501911608,1.3243333333333334,1.3395,1.3279851317869362,1.340372077204885,-0.0123869454179488,-0.0170315230315925,-0.0158845245318509,3.9703703703703703
1.34,1.356,1.34,1.356,1.333,0.023,1.73,2313,310551.0,0.0270000000000001,0.0390000000000001,-0.0349999999999999,1.3324,1.3298,1.32165,1.3370687237572887,1.332374861049311,1.3368378638340508,0.0230000000000001,0.0115,0.0230000000000001,0.0,0.00618872939036,0.0051324718397596,1.2057989958011972,54.664953520083685,1.3273333333333333,1.3382307692307691,1.332295111512023,1.3415297011156344,-0.0092345896036114,-0.0154685346386921,-0.014554537546203,0.1490312965722802
1.36,1.37,1.357,1.357,1.356,0.001,0.07,2152,292014.0,0.0289999999999999,0.0469999999999999,-0.0189999999999999,1.3382,1.3344999999999998,1.3207,1.3437124825048592,1.336852159040345,1.3387580672784267,0.014,0.0113571428571429,0.0009999999999998,0.0,0.0058181058624772,0.0047658667083482,1.2207865260448452,54.970908357366056,1.3310000000000002,1.3364999999999998,1.3360958635870963,1.342675649181143,-0.0065797855940465,-0.0138815566331772,-0.0129595871557717,-0.0696065715520968
1.361,1.367,1.361,1.364,1.357,0.007,0.52,6166,841495.0,0.0430000000000001,0.028,0.06,1.3468,1.3373,1.3237,1.3504749883365728,1.3417881301239185,1.3411620608709576,0.01,0.0113571428571429,0.0070000000000001,0.0,0.0059025268723002,0.0044254476577519,1.3337694463431282,57.150865884934014,1.3349166666666668,1.3349615384615383,1.34038880765062,1.3442552307232805,-0.0038664230726606,-0.0121963693579497,-0.0111409543391495,1.8652416356877324
1.355,1.357,1.35,1.353,1.364,-0.011,-0.81,2882,390571.0,0.0289999999999999,0.0209999999999999,0.088,1.3526,1.3394,1.3281,1.3513166588910486,1.3438266519195696,1.342289483645152,0.014,0.0118571428571429,0.0,0.0110000000000001,0.0054809178099931,0.004895058539341,1.1196838129602624,52.82315249634135,1.3385,1.3332307692307692,1.342328991088986,1.344902991410445,-0.0025740003214589,-0.0105243504269353,-0.0094275635356114,-0.5325981187155369
1.35,1.368,1.35,1.368,1.353,0.015,1.11,2407,328287.0,0.0350000000000001,0.0390000000000001,0.0850000000000001,1.3596,1.3433,1.33235,1.3568777725940324,1.3482218061160114,1.3447381042503757,0.018,0.0126428571428571,0.0150000000000001,0.0,0.0061608522521364,0.0045454115008167,1.355400330867622,57.54437210121111,1.3411666666666668,1.3327692307692307,1.3462783770752955,1.346613880935597,-0.0003355038603012,-0.0087487494552259,-0.0076091516005493,-0.1648160999306037
1.37,1.373,1.365,1.365,1.368,-0.003,-0.22,252,34447.0,0.0089999999999998,0.036,0.0529999999999999,1.3614000000000002,1.3469,1.335,1.3595851817293552,1.3512723868221912,1.3466678086074828,0.008,0.0123571428571428,0.0,0.0030000000000001,0.0057207913769838,0.004435024965044,1.2899118769508389,56.33019724184484,1.3439166666666669,1.3319615384615384,1.3491586267560194,1.3479758156811084,0.001182811074911,-0.0069299563607755,-0.0058507590654573,-0.8953053593685085
1.364,1.378,1.36,1.372,1.365,0.007,0.51,2114,288485.0,0.0150000000000001,0.044,0.0530000000000001,1.3644,1.3513,1.33765,1.3637234544862369,1.355041043763611,1.349080398263913,0.0179999999999997,0.0117857142857143,0.0070000000000001,0.0,0.005812163421485,0.0041182374675409,1.4113230398429495,58.5289907873509,1.3475,1.3312307692307692,1.3526726841781702,1.349755384889915,0.0029172992882551,-0.0049739603690842,-0.0040971473947148,7.388888888888889
1.358,1.359,1.349,1.349,1.372,-0.023,-1.68,2107,286127.0,-0.0150000000000001,0.028,0.0229999999999999,1.3614000000000002,1.3541,1.3388,1.358815636324158,1.353942672170227,1.3490727412863974,0.0230000000000001,0.0127857142857143,0.0,0.0230000000000001,0.0053970088913789,0.005466934791288,0.9872093041935462,49.6781744182794,1.3491666666666664,1.3301923076923077,1.352107655843067,1.3496994304536252,0.0024082253894417,-0.003163212457491,-0.0027960728378835,-0.0033112582781457
1.48,1.48,1.342,1.353,1.349,0.004,0.3,1727,234457.0,0.0,0.0289999999999999,0.0329999999999999,1.3614000000000002,1.357,1.34045,1.3568770908827723,1.3537712772301858,1.349446765925788,0.1379999999999999,0.0218571428571428,0.004,0.0,0.0052972225419947,0.0050764394490531,1.0434917219356856,51.06415214382391,1.35125,1.3320769230769232,1.3522449395595182,1.34994391708669,0.0023010224728281,-0.0015312160251825,-0.0017766537757411,-0.1803512102515424
1.328,1.353,1.328,1.353,1.353,0.0,0.0,1147,153798.0,-0.0150000000000001,0.02,0.04,1.3584,1.359,1.34245,1.3555847272551818,1.3536310450065154,1.349785169170951,0.0249999999999999,0.0234285714285714,0.0,-0.0,0.0049188495032808,0.0047138366312636,1.0434917219356856,51.06415214382391,1.3539166666666669,1.3354615384615385,1.3523611027042075,1.3501702935987872,0.0021908091054205,-0.0002617272797345,-0.0009831611995088,-0.335842501447597
1.351,1.358,1.351,1.358,1.353,0.005,0.37,162,21990.0,-0.0069999999999998,0.002,0.0410000000000001,1.357,1.3592,1.3445,1.3563898181701213,1.354425400459876,1.3505675340118128,0.0070000000000001,0.0233571428571428,0.0050000000000001,0.0,0.0049246459673322,0.0043771340147448,1.125084576058907,52.94304936067259,1.35675,1.3383461538461536,1.353228625365099,1.350750271850729,0.0024783535143699,0.0007447326212006,-0.000290858256733,-0.8587619877942458
1.36,1.363,1.357,1.36,1.358,0.002,0.15,247,33555.0,-0.012,0.0030000000000001,0.05,1.3546,1.3595,1.347,1.3575932121134144,1.355438964012626,1.351465864105926,0.006,0.0230714285714285,0.002,0.0,0.0047157426839513,0.0040644815851201,1.1602322670658325,53.70868145774598,1.359,1.340192307692308,1.35427037530893,1.351435436898823,0.0028349384101069,0.0014893283415081,0.0003343010766349,0.5246913580246915
1.36,1.362,1.348,1.348,1.36,-0.012,-0.88,3049,414239.0,-0.0009999999999998,-0.016,0.012,1.3544,1.3579,1.3476,1.3543954747422764,1.3540864251012392,1.3511357818101235,0.014,0.0233571428571428,0.0,0.012,0.0043789039208119,0.0046313043290401,0.9455012259406976,48.59936418099786,1.3583333333333334,1.3413076923076923,1.3533057021844794,1.3511809600915028,0.0021247420929766,0.0020114108320009,0.0006923892799032,11.34412955465587
1.351,1.351,1.34,1.341,1.348,-0.007,-0.52,2098,283014.0,-0.012,-0.012,0.0089999999999998,1.352,1.3567,1.34805,1.3499303164948508,1.3517070750828322,1.3501704692567784,0.0109999999999998,0.0234999999999999,0.0,0.0070000000000001,0.0040661250693253,0.0048004968769658,0.847021709114274,45.858784709166045,1.3570000000000002,1.3418846153846156,1.3514125172330211,1.3504268148995395,0.0009857023334816,0.002158211520199,0.0007510518906189,-0.3119055428009183
1.359,1.359,1.339,1.342,1.341,0.001,0.07,4065,544333.0,-0.0109999999999998,-0.026,0.0130000000000001,1.3498,1.3541,1.3487000000000002,1.347286877663234,1.3499421523404989,1.3493923293275614,0.02,0.0232857142857142,0.0010000000000001,0.0,0.0038471161358021,0.0044576042428969,0.8630456914008128,46.3244511599656,1.3551666666666666,1.3427307692307693,1.34996443765871,1.3498026063884625,0.0001618312702476,0.0020447693196809,0.0006332077665446,0.9375595805529076
1.339,1.34,1.315,1.34,1.342,-0.002,-0.15,4068,544393.0,-0.018,-0.0249999999999999,0.0110000000000001,1.3462,1.3516,1.34925,1.3448579184421563,1.34813448827859,1.3484978217725554,0.0270000000000001,0.0242142857142857,0.0,0.002,0.0035723221261019,0.0042820610826899,0.8342529583575848,45.48189248142669,1.3540833333333335,1.3437692307692306,1.3484314472496777,1.3490764873967245,-0.0006450401470468,0.0016489538268696,0.0003775581838263,0.0007380073800737
1.356,1.356,1.336,1.337,1.34,-0.003,-0.22,68,9089.0,-0.0230000000000001,-0.0350000000000001,0.0089999999999998,1.3416,1.3481,1.3497,1.342238612294771,1.3461100358643008,1.34740279112755,0.02,0.0249285714285714,0.0,0.0030000000000001,0.0033171562599518,0.0041904852910692,0.7915923883616415,44.18373249986451,1.3515,1.3445384615384617,1.3466727630574196,1.3481819327747449,-0.0015091697173252,0.0012136877038954,2.126035960476323e-07,-0.983284169124877
1.339,1.356,1.339,1.356,1.337,0.019,1.42,2453,329129.0,0.008,0.0070000000000001,0.0350000000000001,1.3432,1.3488,1.35145,1.3468257415298477,1.347908211161701,1.3482215729249265,0.0190000000000001,0.0252857142857142,0.0190000000000001,0.0,0.004437359384241,0.0038911649131357,1.1403678546908729,53.27905912021711,1.35075,1.3463076923076924,1.3481077225870473,1.3487610488655046,-0.0006533262784573,0.0008854267315304,-0.0001304951728146,35.0735294117647
1.351,1.351,1.344,1.345,1.356,-0.011,-0.81,4033,543642.0,0.004,-0.008,0.0209999999999999,1.344,1.348,1.3525,1.3462171610198983,1.347379445495937,1.3479147564558858,0.012,0.0248571428571428,0.0,0.0110000000000001,0.0041204051425095,0.0043989388479117,0.9366816145820058,48.36528665989169,1.3485000000000005,1.3466538461538464,1.3476296114198092,1.3484824526532448,-0.0008528412334356,0.0005472433605464,-0.0002749643849388,0.6441092539747248
1.351,1.351,1.351,1.351,1.345,0.006,0.45,150,20265.0,0.0089999999999998,-0.002,0.018,1.3458,1.3478,1.3534000000000002,1.3478114406799322,1.3480377281330391,1.348208589174373,0.006,0.0247142857142857,0.006,0.0,0.0042546619180445,0.0040847289302037,1.0416020232295502,51.01885731783664,1.348666666666667,1.3473846153846156,1.3481481327398386,1.3486689376418932,-0.0005208049020546,0.0002140035364992,-0.000324132488362,-0.9628068435407884
1.37,1.37,1.358,1.359,1.351,0.008,0.59,31,4218.0,0.0189999999999999,0.0009999999999998,0.0029999999999998,1.3496,1.3479,1.3535499999999998,1.3515409604532882,1.3500308684724864,1.3492363425863374,0.0190000000000001,0.0247857142857143,0.008,0.0,0.0045221860667556,0.0037929625780463,1.19225696897987,54.38490951791417,1.3491666666666668,1.3485384615384617,1.3498176507798634,1.3494342015202716,0.0003834492595917,-5.838414689134868e-05,-0.0001826161387712,-0.7933333333333333
1.323,1.369,1.323,1.369,1.359,0.01,0.74,73,9929.0,0.032,0.0089999999999998,0.012,1.356,1.3488000000000002,1.35415,1.3573606403021925,1.353479801477489,1.351118595673353,0.046,0.0264285714285714,0.01,0.0,0.0049134584905588,0.0035220366796144,1.3950617036437627,58.24742224892848,1.3505,1.3500769230769232,1.3527687814291152,1.3508835199261775,0.0018852615029376,-8.499310134012382e-05,0.0002309593895705,1.3548387096774197
1.39,1.503,1.353,1.365,1.369,-0.004,-0.29,3663,500429.0,0.0089999999999998,0.0169999999999999,0.0009999999999998,1.3578,1.3505,1.3542,1.3599070935347948,1.3555743830270364,1.3524406341806523,0.1499999999999999,0.0272857142857143,0.0,0.004,0.0045624971698046,0.0035561769167848,1.2829781185154128,56.19756528151547,1.3510833333333334,1.3515,1.3546505073630974,1.3519291851168311,0.0027213222462663,0.0001078535556359,0.0007290319609096,49.17808219178082
1.393,1.5,1.359,1.379,1.365,0.014,1.03,494,68282.0,0.034,0.038,0.026,1.3646,1.3543,1.3555,1.366271395689863,1.3598335861130295,1.354970097592019,0.141,0.0355714285714286,0.014,0.0,0.0052366045148185,0.0033021642798716,1.585809811685705,61.32739556169857,1.352666666666667,1.3537307692307694,1.3583965831533902,1.3539344306637324,0.0044621524896577,0.0005856670244593,0.0014756560666593,-0.8651378651378652
1.365,1.388,1.357,1.367,1.379,-0.012,-0.87,450,61629.0,0.016,0.0249999999999999,-0.0010000000000001,1.3678,1.3568,1.3554499999999998,1.3665142637932424,1.3611365704561151,1.3561158025832551,0.0309999999999999,0.0372857142857143,0.0,0.012,0.0048625613351886,0.0039234382598808,1.2393622667421174,55.34442931134917,1.3542500000000002,1.3553846153846154,1.3597201857451764,1.354902250614567,0.0048179351306094,0.0011926642775322,0.0021441118794493,-0.0890688259109311
1.386,1.386,1.375,1.375,1.367,0.008,0.59,259,35694.0,0.016,0.0349999999999999,0.01,1.371,1.3603,1.35595,1.3693428425288283,1.3636571940095488,1.357914297575326,0.0189999999999999,0.0382142857142857,0.008,0.0,0.0050866640969609,0.0036431926698893,1.3962105652554997,58.26744049543186,1.3570833333333334,1.3569999999999998,1.3620709263997646,1.3563909727912655,0.0056799536084988,0.0019914557581793,0.0028512802252592,-0.4244444444444444
1.375,1.379,1.375,1.377,1.375,0.002,0.15,1593,219209.0,0.008,0.04,0.0049999999999998,1.3726,1.3643,1.3562,1.3718952283525525,1.3660831587350852,1.359731983520533,0.004,0.0375,0.002,0.0,0.0048661880900351,0.0033829646220401,1.4384389533167947,58.990156442514674,1.36,1.3578076923076925,1.3643677069536468,1.3579175673993202,0.0064501395543266,0.0027807297395997,0.0035710520910727,5.150579150579151
1.36,1.373,1.36,1.367,1.377,-0.01,-0.73,5019,686496.0,0.002,0.0109999999999998,0.018,1.373,1.3654,1.3571,1.3702634855683682,1.366249857146888,1.3604241755661963,0.0169999999999999,0.0379285714285714,0.0,0.01,0.0045186032264612,0.0038556100061801,1.1719554672849126,53.95854035395736,1.3622500000000002,1.3581923076923077,1.3647726751146243,1.3585903401845556,0.0061823349300687,0.0035624159799891,0.0040933086588719,2.150659133709981
1.374,1.377,1.374,1.377,1.367,0.01,0.73,96,13206.0,-0.002,0.032,0.024,1.3725999999999998,1.3686,1.3583,1.372508990378912,1.3682044285747264,1.3620028255122731,0.01,0.0372142857142857,0.01,0.0,0.0049101315674282,0.0035802092914529,1.3714649529428964,57.831972226322016,1.3655833333333334,1.3586923076923076,1.3666538020200667,1.3599540186894037,0.0066997833306632,0.0043647035614022,0.0046146035932301,-0.980872683801554
1.375,1.375,1.37,1.37,1.377,-0.007,-0.51,4101,563244.0,0.0030000000000001,0.0190000000000001,0.0170000000000001,1.3732,1.3705,1.35915,1.371672660252608,1.368530896106594,1.362764461177771,0.0069999999999998,0.0357857142857142,0.0,0.0069999999999998,0.0045594078840405,0.0038244800563491,1.1921641156086746,54.38297740211204,1.36675,1.3593461538461538,1.3671686017092872,1.3606981654531514,0.0064704362561358,0.0050410354499071,0.0049857701258113,41.71875
1.363,1.371,1.363,1.371,1.37,0.001,0.07,73,9954.0,-0.004,0.012,0.0129999999999999,1.3724,1.3717,1.3598,1.3714484401684055,1.3689798240872133,1.3635487982084595,0.008,0.0349285714285714,0.0009999999999998,0.0,0.0043051644637519,0.003551302909467,1.212277458021159,54.79771326267179,1.3689166666666666,1.3594615384615385,1.367758047600166,1.3614612643084736,0.0062967832916924,0.0055312045375465,0.0052479727589875,-0.9821994635454768
1.352,1.37,1.351,1.351,1.371,-0.02,-1.46,13,1762.0,-0.026,-0.018,-0.0090000000000001,1.3672,1.3699,1.35935,1.3646322934456037,1.3657107651622653,1.3623536745695586,0.02,0.0349999999999999,0.0,0.02,0.003997652716341,0.0047262098445051,0.8458474862238416,45.82434315601239,1.3689166666666666,1.358923076923077,1.3651798864309097,1.3606863558411793,0.0044935305897304,0.0057281165757092,0.0050970843251361,-0.821917808219178
1.353,1.353,1.347,1.347,1.351,-0.004,-0.3,16,2156.0,-0.02,-0.018,-0.0010000000000001,1.3632,1.3681,1.3593,1.358754862297069,1.3623088078600352,1.3608914198486484,0.006,0.0345714285714285,0.0,0.004,0.0037121060937452,0.0046743377127547,0.7941458922867528,44.26317256031857,1.367916666666667,1.3579615384615384,1.3623829808261545,1.3596725517047956,0.0027104291213588,0.0055334806458982,0.0046197532843806,0.2307692307692308
1.347,1.36,1.347,1.359,1.347,0.012,0.89,4066,548369.0,-0.018,-0.02,0.018,1.3596,1.3661,1.3602,1.3588365748647129,1.3617072064309377,1.3607112846249676,0.0130000000000001,0.0350714285714285,0.012,0.0,0.0043040985156206,0.004340456447558,0.9916234773055114,49.78970616710591,1.3670833333333334,1.358346153846154,1.3618625222375154,1.359622733059996,0.0022397891775194,0.0052470199844438,0.0041437604630084,253.125
1.348,1.379,1.336,1.379,1.359,0.02,1.47,2090,287036.0,0.0089999999999998,0.012,0.0369999999999999,1.3614000000000002,1.3673,1.36205,1.3655577165764754,1.3648513507162217,1.3624530670416373,0.0429999999999999,0.0367857142857142,0.02,0.0,0.0054252343359334,0.004030423844161,1.346070424775078,57.3755335969562,1.36825,1.359346153846154,1.3644990572778977,1.3610580861666628,0.0034409711112348,0.0049982441514145,0.0040032025926537,-0.485981308411215
1.37,1.402,1.37,1.4,1.379,0.021,1.52,190,26302.0,0.0289999999999999,0.0249999999999999,0.0599999999999998,1.3672,1.3698,1.36505,1.3770384777176503,1.371242014222363,1.3660289654186242,0.0319999999999998,0.0357857142857142,0.0209999999999999,0.0,0.0065377175976524,0.0037425364267209,1.7468681269137405,63.59490322079802,1.37,1.3611538461538462,1.369960740773606,1.3639426723765395,0.0060180683970663,0.0049502362450522,0.0044061757535362,-0.9090909090909092
1.397,1.404,1.396,1.396,1.4,-0.004,-0.29,2036,285833.0,0.0449999999999999,0.0189999999999999,0.0589999999999999,1.3762,1.3717,1.368,1.3833589851451005,1.3757434661819334,1.3688833496644697,0.008,0.0256428571428571,0.0,0.004,0.0060707377692487,0.0037609266819551,1.614160094738344,61.74679576768263,1.3724166666666668,1.3626153846153846,1.3739667806545897,1.3663172892375366,0.007649491417053,0.0051132536324949,0.0050548388862396,9.715789473684213
1.39,1.408,1.387,1.404,1.396,0.008,0.57,2280,321015.0,0.0569999999999999,0.0369999999999999,0.0479999999999998,1.3876,1.3754000000000002,1.3704,1.390239323430067,1.3808810177852182,1.3722277925535675,0.0209999999999999,0.0170714285714285,0.008,0.0,0.0062085422143023,0.0034922890618155,1.7777858889707117,64.00010512075346,1.3748333333333334,1.364307692307692,1.378587275938499,1.369108601145867,0.0094786747926318,0.0054220193504914,0.005939606067518,0.1198428290766209
1.407,1.416,1.407,1.413,1.404,0.009,0.64,67,9466.0,0.054,0.036,0.068,1.3984,1.379,1.3738,1.3978262156200447,1.3867208327333604,1.3761108599294185,0.012,0.0157142857142856,0.0090000000000001,0.0,0.0064079320561379,0.0032428398431144,1.9760248319830056,66.3981298390688,1.3778333333333332,1.3668076923076922,1.38388154117873,1.3723598158758028,0.0115217253029271,0.0059832736890238,0.0070560299145998,-0.9706140350877192
1.41,1.416,1.41,1.416,1.413,0.003,0.21,215,30353.0,0.0369999999999999,0.0459999999999998,0.0649999999999999,1.4058,1.3836,1.37705,1.4038841437466965,1.3920443176909312,1.379909825650426,0.006,0.0147857142857142,0.0029999999999998,0.0,0.0061645083378423,0.003011208425749,2.047187529474595,67.18285335814488,1.3819166666666665,1.3696923076923075,1.3888228425358484,1.3755924221072249,0.0132304204286237,0.0067536778153495,0.0082909080174046,2.208955223880597
1.407,1.407,1.405,1.405,1.416,-0.011,-0.78,2005,281903.0,0.0050000000000001,0.034,0.046,1.4068,1.387,1.37935,1.404256095831131,1.39439989629258,1.3822993660646712,0.0109999999999998,0.0152857142857142,0.0,0.0109999999999998,0.0057241863137107,0.0035818363953384,1.5981149561047745,61.51055604178304,1.38425,1.3721153846153844,1.3913116359918718,1.377770761210393,0.0135408747814786,0.0077589382810993,0.0093409013702194,8.325581395348838
1.412,1.412,1.41,1.411,1.405,0.006,0.43,170,23999.0,0.0150000000000001,0.06,0.042,1.4098000000000002,1.393,1.38145,1.4065040638874209,1.3974180969666563,1.3850327597727978,0.0069999999999998,0.0145714285714285,0.006,0.0,0.0057438872913028,0.0033259909385285,1.7269702165346283,63.329265793347126,1.3876666666666664,1.3748461538461538,1.3943406150700457,1.3802321863059197,0.0141084287641259,0.0090253826858512,0.0102944068490007,-0.9152119700748128
1.412,1.426,1.412,1.417,1.411,0.006,0.43,7590,1076662.0,0.0130000000000001,0.07,0.052,1.4124,1.4,1.3840499999999998,1.4100027092582803,1.400978442972719,1.3880772588420551,0.0149999999999999,0.0149285714285713,0.006,0.0,0.0057621810562097,0.003088420157205,1.8657374200744707,65.10496764305735,1.3915,1.377923076923077,1.3978266742900385,1.3829557280610365,0.0148709462290019,0.0104288445804604,0.011209714725001,43.64705882352941
1.417,1.417,1.411,1.412,1.417,-0.005,-0.35,26,3675.0,-0.0010000000000001,0.0529999999999999,0.0329999999999999,1.4122,1.4053,1.3857000000000002,1.4106684728388537,1.4029823624322246,1.3903556151428118,0.006,0.0148571428571428,0.0,0.0050000000000001,0.0053505966950519,0.0032249615745475,1.6591195185953709,62.39356700565941,1.3965833333333333,1.380076923076923,1.4000071859377248,1.3851071556120709,0.0149000303256539,0.0117020733820625,0.0119477778451315,-0.9965744400527008
1.424,1.432,1.424,1.429,1.412,0.017,1.2,38,5427.0,0.0130000000000001,0.05,0.062,1.4148,1.4103,1.3888,1.4167789818925691,1.4077128419900018,1.3940360327482582,0.02,0.0157142857142856,0.0170000000000001,0.0,0.0061826969311196,0.0029946071763656,2.064610336846677,67.36942416539169,1.4034166666666668,1.3833076923076923,1.4044676188703824,1.3883584774185842,0.0161091414517982,0.0128233037214771,0.0127800505664649,0.4615384615384614
1.433,1.433,1.426,1.426,1.429,-0.003,-0.21,4126,589973.0,0.0209999999999999,0.026,0.0509999999999999,1.419,1.4129,1.39135,1.4198526545950465,1.4110377798100011,1.397080220105567,0.0070000000000001,0.0147857142857142,0.0,0.0030000000000001,0.0057410757217539,0.0029949923780537,1.916891596727422,65.7169295862095,1.409,1.3861923076923075,1.4077802928903234,1.391146738350541,0.0166335545397824,0.013821532957336,0.0135507513611284,107.57894736842104
1.427,1.427,1.427,1.427,1.426,0.001,0.07,1500,214050.0,0.016,0.0310000000000001,0.05,1.4222,1.416,1.39385,1.4222351030633642,1.4139400016627284,1.399929722952656,0.0010000000000001,0.0144285714285714,0.0010000000000001,0.0,0.0054024274559144,0.0027810643510499,1.9425754941178623,66.01616502281841,1.413,1.3888076923076922,1.4107371709071963,1.39380253550976,0.0169346353974364,0.0146499730245365,0.01422752816839,-0.6364517692680562
1.44,1.449,1.44,1.445,1.427,0.018,1.26,4026,582952.0,0.028,0.0410000000000001,0.078,1.4278,1.4201,1.39775,1.429823402042243,1.4195872740876867,1.4042221302904982,0.022,0.0150714285714285,0.018,0.0,0.0063022540662062,0.0025824168974035,2.4404479666094274,70.93401761324985,1.4167500000000002,1.391730769230769,1.4160083753830124,1.3975949402868149,0.0184134350961975,0.0154157185571221,0.0150647095539515,1.6840000000000002
1.445,1.446,1.441,1.444,1.445,-0.001,-0.07,6013,868676.0,0.032,0.0309999999999999,0.0669999999999999,1.4342,1.4232,1.4011,1.4345489346948286,1.4240259515262892,1.4080104988342603,0.0049999999999998,0.0123571428571428,0.0,0.0010000000000001,0.0058520930614772,0.0024693871190175,2.369856478317367,70.32514570177426,1.42075,1.394769230769231,1.4203147791702413,1.401032352117421,0.0192824270528202,0.0160881637375883,0.0159082530537252,0.4935419771485345
1.443,1.443,1.439,1.439,1.444,-0.005,-0.35,306,44150.0,0.01,0.0230000000000001,0.0689999999999999,1.4362,1.4255,1.40455,1.436032623129886,1.4267485057942366,1.4109618798976642,0.0049999999999998,0.0104285714285714,0.0,0.0049999999999998,0.0054340864142288,0.0026501451819448,2.0504863096748998,67.21834165167674,1.4236666666666666,1.397076923076923,1.4231894285286657,1.4038447704790935,0.0193446580495721,0.0167330285451543,0.0165955340528946,-0.949110261100948
1.443,1.452,1.441,1.441,1.439,0.002,0.14,4025,581812.0,0.0150000000000001,0.036,0.07,1.4392,1.4291,1.4080499999999998,1.437688415419924,1.4293396865589207,1.4138226532407436,0.0129999999999999,0.0107857142857142,0.002,0.0,0.0051887945274982,0.0024608490975202,2.108538281655261,67.83053932771543,1.426,1.399923076923077,1.4259295164473325,1.4065970097028644,0.019332506744468,0.0173134816540812,0.0171429285912093,12.15359477124183
1.443,1.457,1.443,1.455,1.441,0.014,0.97,2012,290847.0,0.028,0.044,0.104,1.4448,1.4335,1.41325,1.4434589436132828,1.4340051980936623,1.4177443053130538,0.016,0.0104285714285714,0.014,0.0,0.0058181663469626,0.002285074161983,2.546160839661064,71.80048945282532,1.42925,1.403,1.430401898532358,1.410182416391541,0.020219482140817,0.0179077634220606,0.0177582393011308,-0.5001242236024845
