open,high,low,close,pre_close,change,pct_chg,vol,amount,mtm_5,mtm_10,mtm_20,ma_5,ma_10,ma_20,ema_5,ema_10,ema_20,tr,atr,u,d,au,ad,rs,rsi,ma_12,ma_26,ema_12,ema_26,dif,dif_ma_9,dea,volume_change_rate
99.95,100.002,99.95,99.995,,-0.005,-0.01,11688,116874677.0,,,,,,,,,,0.0519999999999925,,,,,,,,,,,,,,,
99.99,99.999,99.99,99.995,99.995,0.0,0.0,18857,188561316.0,,,,,,,,,,0.0090000000000003,,0.0,-0.0,,,,,,,,,,,,0.6133641341546885
99.996,99.997,99.994,99.995,99.995,0.0,0.0,14742,147415728.0,,,,,,,,,,0.0030000000000001,,0.0,-0.0,,,,,,,,,,,,-0.2182213501617436
99.952,100.0,99.952,99.997,99.995,0.002,0.0,19261,192608068.0,,,,,,,,,,0.0480000000000018,,0.0019999999999953,0.0,,,,,,,,,,,,0.3065391398724733
99.995,99.996,99.989,99.99,99.997,-0.007,-0.01,3024,30237117.0,,,,99.9944,,,99.99377777777778,,,0.0079999999999955,,0.0,0.007000000000005,,,,,,,,,,,,-0.8429988058771611
99.992,99.992,99.98,99.983,99.99,-0.007,-0.01,4982,49814979.0,-0.0120000000000004,,,99.992,,,99.9901851851852,,,0.0120000000000004,,0.0,0.0069999999999907,,,,,,,,,,,,0.6474867724867726
99.985,99.993,99.979,99.981,99.983,-0.002,0.0,3925,39237603.0,-0.01400000000001,,,99.9892,,,99.98712345679014,,,0.0139999999999957,,0.0,0.0020000000000095,,,,,,,,,,,,-0.2121637896427137
99.982,99.988,99.962,99.983,99.981,0.002,0.0,2097,20962911.0,-0.0120000000000004,,,99.9868,,,99.98574897119344,,,0.0259999999999962,,0.0020000000000095,0.0,,,,,,,,,,,,-0.4657324840764331
99.985,99.997,99.985,99.997,99.983,0.014,0.01,1894,18940459.0,0.0,,,99.9868,,,99.98949931412896,,,0.0139999999999957,,0.0139999999999957,0.0,,,,,,,,,,,,-0.0968049594659036
99.994,99.995,99.989,99.995,99.997,-0.002,0.0,7295,72943747.0,0.0050000000000096,,,99.9878,99.9911,,99.99133287608598,99.9912408391654,,0.0079999999999955,,0.0,0.0019999999999953,,,,,,,,,,,,2.851636747624076
100.0,100.009,99.99,99.997,99.995,0.002,0.0,12065,120648765.0,0.0139999999999957,0.0019999999999953,,99.9906,99.9913,,99.99322191739066,99.99228795931714,,0.0190000000000054,,0.0019999999999953,0.0,,,,,,,,,,,,0.6538725154215217
100.007,100.029,100.001,100.009,99.997,0.012,0.01,11,108315.0,0.0280000000000057,0.0139999999999957,,99.9962,99.9927,,99.99848127826044,99.99532651216856,,0.0319999999999964,,0.0120000000000004,0.0,,,,,99.99308333333332,,99.99488436219843,,,,,-0.9990882718607542
100.002,100.009,100.001,100.007,100.009,-0.002,0.0,1064,10641521.0,0.0240000000000009,0.0120000000000004,,100.001,99.9939,,100.00132085217363,99.99744896450154,,0.0079999999999955,,0.0,0.0019999999999953,,,,,99.99408333333334,,99.9967483064756,,,,,95.72727272727272
100.0,100.0,99.978,99.978,100.007,-0.029,-0.03,609,6088802.0,-0.0190000000000054,-0.0190000000000054,,99.9972,99.992,,99.99354723478244,99.99391278913762,,0.0290000000000105,0.0201428571428558,0.0,0.0290000000000105,,,,,99.99266666666666,,99.9938639516332,,,,,-0.4276315789473685
99.98,100.0,99.971,100.0,99.978,0.022,0.02,18250,182485790.0,0.0049999999999954,0.0100000000000051,,99.9982,99.993,,99.99569815652164,99.99501955474896,,0.0289999999999963,0.018499999999999,0.0220000000000055,0.0,0.0031532241481932,0.0027191632370752,1.1596303249469226,53.69577892806368,99.99308333333332,,99.99480795907424,,,,,28.967159277504106
99.998,100.0,99.971,99.995,100.0,-0.005,-0.01,13850,138496615.0,-0.0019999999999953,0.0120000000000004,,99.9978,99.9942,,99.99546543768108,99.99501599934004,,0.0289999999999963,0.0199285714285701,0.0,0.0049999999999954,0.0029279938518937,0.0028820801487123,1.0159307516835978,50.39512150083263,99.99291666666666,,99.99483750383206,,,,,-0.2410958904109589
99.997,100.001,99.997,100.001,99.995,0.006,0.01,29164,291645200.0,-0.0079999999999955,0.0200000000000102,,99.9962,99.9962,,99.9973102917874,99.99610399946005,,0.0060000000000002,0.0201428571428558,0.0060000000000002,0.0,0.0031474228624727,0.0026762172809472,1.176071496466383,54.045627562152646,99.99383333333331,,99.9957855801656,,,,,1.1057039711191337
99.983,100.01,99.983,100.008,100.001,0.007,0.01,17984,179836712.0,0.0009999999999905,0.0249999999999914,,99.9964,99.9987,,100.00087352785827,99.99826690864911,,0.027000000000001,0.0186428571428558,0.0069999999999907,0.0,0.003422606943724,0.0024850589037366,1.377273970680379,57.93501244142262,99.99591666666667,,99.99766472167858,,,,,-0.3833493347963242
99.998,100.0,99.997,99.998,100.008,-0.01,-0.01,16709,167086556.0,0.0200000000000102,0.0010000000000047,,100.0004,99.9988,,99.99991568523888,99.99821837980382,,0.0109999999999956,0.0188571428571415,0.0,0.0099999999999909,0.0031781350191723,0.0030218404106119,1.0517216620743708,51.26044538668266,99.99733333333334,,99.9977163029588,,,,,-0.0708963523131672
99.986,100.002,99.986,100.001,99.998,0.003,0.0,16756,167560861.0,0.0010000000000047,0.0060000000000002,,100.0006,99.9994,99.99525,100.0002771234926,99.9987241289304,99.99691780454064,0.0159999999999911,0.0191428571428551,0.0030000000000001,0.0,0.0031654110892314,0.0028059946669968,1.128088775955975,53.00947914868907,99.99883333333332,,99.99822148711898,,,,,0.0028128553474175
99.996,100.0,99.996,100.0,100.001,-0.001,0.0,21314,213139164.0,0.0049999999999954,0.0030000000000001,0.0049999999999954,100.0016,99.9997,99.9955,100.00018474899508,99.9989561054885,99.99721134696532,0.0050000000000096,0.018499999999999,0.0,0.0010000000000047,0.0029393102971435,0.0026769950479259,1.0979886942341377,52.335300817002455,99.99908333333332,,99.9984951044853,,,,,0.2720219622821676
100.0,100.0,99.998,99.999,100.0,-0.001,0.0,18153,181529345.0,-0.0020000000000095,-0.0100000000000051,0.0039999999999906,100.0012,99.9987,99.9957,99.99978983266338,99.99896408630876,99.99738169487338,0.0019999999999953,0.0167857142857132,0.0,0.0010000000000047,0.0027293595616332,0.0025572096873601,1.0673194205089929,51.62818139860599,99.99941666666666,,99.99857278071832,,,,,-0.1483062775640424
99.999,100.008,99.999,100.007,99.999,0.008,0.01,8836,88363546.0,-0.0009999999999905,0.0,0.0120000000000004,100.001,99.9987,99.9963,100.0021932217756,100.00042516152536,99.99829772393306,0.0090000000000003,0.0164285714285707,0.0080000000000097,0.0,0.0031058338786601,0.0023745518525487,1.307966332816224,56.671811638613406,100.00025,,99.99986927599244,,,,,-0.51324849887071
99.996,100.001,99.996,100.0,100.007,-0.007,-0.01,10801,108008124.0,0.0019999999999953,0.0220000000000055,0.0030000000000001,100.0014,100.0009,99.99645,100.0014621478504,100.00034785942984,99.99845984546324,0.0110000000000098,0.0166428571428574,0.0,0.007000000000005,0.0028839886016129,0.0027049410059384,1.0661927913701024,51.60180578614374,99.9995,,99.99988938737822,,,,,0.222385694884563
99.999,100.0,99.999,99.999,100.0,-0.001,0.0,11260,112601476.0,-0.0020000000000095,-0.0010000000000047,0.0090000000000003,100.001,100.0008,99.9969,100.00064143190028,100.00010279407894,99.99851128875248,0.0010000000000047,0.0153571428571431,0.0,0.0010000000000047,0.0026779894157834,0.0025831595055146,1.0367108225668642,50.9012281508034,99.99883333333334,,99.9997525585508,,,,,0.0424960651791501
99.999,99.999,99.995,99.999,99.999,0.0,0.0,11867,118668619.0,-0.0010000000000047,0.0039999999999906,0.0159999999999911,100.0008,100.0012,99.9977,100.00009428793352,99.99990228606458,99.9985578326808,0.0039999999999906,0.0133571428571426,0.0,-0.0,0.0024867044575132,0.0023986481122635,1.0367108225668642,50.9012281508034,100.00058333333334,99.9965,99.99963678031222,99.99794165157569,0.0016951287365429,,,0.0539076376554175
99.987,99.995,99.987,99.992,99.999,-0.007,-0.01,8053,80523919.0,-0.0069999999999907,-0.0090000000000003,0.0110000000000098,99.9994,100.0003,99.99825,99.99739619195569,99.99846550678012,99.9979332771874,0.0120000000000004,0.0136428571428573,0.0,0.0069999999999907,0.002309082710548,0.0027273161042441,0.8466501946564755,45.84789242198489,99.99991666666666,99.9963846153846,99.9984618910334,99.99750152923671,0.000960361796686,,,-0.3213954664194826
99.985,99.995,99.985,99.994,99.992,0.002,0.0,10116,101155730.0,-0.0130000000000052,-0.0139999999999957,0.0109999999999956,99.9968,99.9989,99.9988,99.99626412797046,99.99765359645644,99.99755867936004,0.0100000000000051,0.012285714285714,0.0019999999999953,0.0,0.0022870053740799,0.0025325078110838,0.9030595538819748,47.45303698141552,99.99983333333334,99.99634615384616,99.99777544625906,99.99724215670068,0.0005332895583762,,,0.2561778219297157
99.996,99.998,99.993,99.997,99.994,0.003,0.0,11366,113653490.0,-0.0030000000000001,-0.0010000000000047,0.0,99.9962,99.9988,99.9988,99.99650941864698,99.99753476073708,99.99750547180192,0.0050000000000096,0.0105714285714293,0.0030000000000001,0.0,0.0023379335616456,0.0023516143960064,0.9941823649387662,49.85413482830061,99.9995,99.99642307692308,99.9976561468346,99.9972242191673,0.000431927667293,,,0.1235666271253459
99.993,100.0,99.993,100.0,99.997,0.003,0.0,23861,238599193.0,0.0010000000000047,-0.0010000000000047,0.0049999999999954,99.9964,99.9987,99.99905,99.99767294576466,99.9979829860576,99.99774304591602,0.007000000000005,0.0090000000000013,0.0030000000000001,0.0,0.0023852240215281,0.0021836419391488,1.0923146229999263,52.20604066867266,99.99883333333334,99.99653846153844,99.99801673962926,99.9974298325623,0.0005869070669604,,,1.0993313390814712
99.999,100.0,99.996,100.0,100.0,0.0,0.0,10805,108043129.0,0.0010000000000047,0.0,0.0030000000000001,99.9966,99.9987,99.9992,99.99844863050978,99.99834971586532,99.99795799392402,0.0040000000000048,0.0088571428571445,0.0,-0.0,0.0022148508771332,0.0020276675149238,1.0923146229999263,52.20604066867266,99.999,99.99692307692308,99.99832185660938,99.99762021533546,0.0007016412739204,,,-0.5471690205775115
100.0,100.002,99.998,100.002,100.0,0.002,0.0,18267,182671539.0,0.0099999999999909,0.0030000000000001,-0.007000000000005,99.9986,99.999,99.99885,99.99963242033984,99.9990134038898,99.99834294688364,0.0039999999999906,0.0072142857142866,0.0019999999999953,0.0,0.0021995043859091,0.0018828341210007,1.1681880848537405,53.87854001294094,99.99908333333332,99.99765384615384,99.99888772482332,99.99794464382911,0.0009430809941903,,,0.6906062008329477
100.0,100.003,99.999,100.001,100.002,-0.001,0.0,12096,120956863.0,0.007000000000005,-0.0060000000000002,-0.0060000000000002,100.0,99.9984,99.99855,100.00008828022658,99.99937460318256,99.9985959995614,0.0040000000000048,0.0067142857142873,0.0,0.0009999999999905,0.0020423969297727,0.0018197745409285,1.12233514857867,52.88208836056356,99.99916666666668,99.99842307692307,99.99921269023513,99.99817096650844,0.0010417237266722,,,-0.3378223025127278
99.994,99.998,99.994,99.998,100.001,-0.003,0.0,10625,106246934.0,0.0010000000000047,-0.0019999999999953,0.0200000000000102,100.0002,99.9982,99.99955,99.99939218681772,99.99912467533116,99.9985392376984,0.007000000000005,0.0060714285714311,0.0,0.0030000000000001,0.001896511434789,0.0019040763594337,0.9960269846284174,49.90047691233187,99.99908333333332,99.999,99.99902612250663,99.99815830232264,0.0008678201839984,0.0008624312227378,0.0009618241397611,-0.1216104497354497
99.999,100.0,99.997,100.0,99.998,0.002,0.0,12866,128660367.0,0.0,0.0010000000000047,0.0,100.0002,99.9983,99.99955,99.99959479121182,99.99928382527096,99.9986783579176,0.0030000000000001,0.0059285714285733,0.0019999999999953,0.0,0.0019039034751608,0.0017680709051884,1.0768252956223898,51.849584935823074,99.9985,99.99911538461538,99.99917594981332,99.99829472437284,0.0008812254404944,0.0007719975231768,0.0009457043999077,0.2109176470588234
99.998,100.0,99.997,100.0,100.0,0.0,0.0,25181,251805602.0,0.0,0.0010000000000047,0.0049999999999954,100.0002,99.9984,99.9998,99.99972986080788,99.99941403885803,99.9988042285921,0.0030000000000001,0.0060000000000022,0.0,-0.0,0.0017679103697922,0.0016417801262464,1.0768252956223898,51.849584935823074,99.9985,99.9993076923077,99.99930272676512,99.99842104108596,0.0008816856791753,0.0007632557323423,0.0009329006557613,0.9571739468366236
100.441,100.441,99.989,100.008,100.0,0.008,0.01,23157,231573995.0,0.0060000000000002,0.0159999999999911,0.0069999999999907,100.0014,100.0,100.00015,100.00248657387192,100.00097512270204,99.99968001634524,0.4519999999999982,0.0376428571428592,0.0079999999999955,0.0,0.0022130596290924,0.0015245101172288,1.4516529631927266,59.211192815082406,99.99925,99.99973076923077,100.00064076880126,99.9991305935981,0.0015101752031654,0.0008717985817633,0.0010483555652421,-0.0803780628251459
100.005,100.199,100.005,100.05,100.008,0.042,0.04,40518,405354192.0,0.0489999999999923,0.0559999999999973,0.0420000000000015,100.0112,100.0056,100.00225,100.0183243825813,100.0098887367562,100.00447239574092,0.1940000000000026,0.0507142857142873,0.0420000000000015,0.0,0.0050549839413002,0.0014156165374267,3.5708709298416554,78.12233127233277,100.0035,100.00130769230768,100.008234496678,100.00289869777602,0.0053357989019815,0.0014166731633954,0.00190584423259,0.7497085114652158
99.992,99.997,99.992,99.997,100.05,-0.053,-0.05,15809,158085461.0,-0.0010000000000047,0.0,-0.0010000000000047,100.011,100.0056,100.0022,100.0112162550542,100.00754533007324,100.0037607390037,0.0579999999999927,0.054785714285715,0.0,0.0529999999999972,0.0046939136597788,0.0051002153561817,0.9203363646379188,47.92578954320063,100.00391666666668,100.00092307692309,100.00650611257367,100.00246175720002,0.004044355373665,0.0018008340863625,0.002333546460805,-0.6098277308850387
99.997,99.998,99.996,99.997,99.997,0.0,0.0,14807,148070844.0,-0.0030000000000001,-0.0030000000000001,-0.0040000000000048,100.0104,100.0053,100.002,100.00647750336948,100.00562799733264,100.00311685909858,0.0020000000000095,0.0546428571428592,0.0,-0.0,0.0043586341126517,0.0047359142593116,0.9203363646379188,47.92578954320062,100.00416666666666,100.00165384615386,100.0050436337162,100.0020571825926,0.0029864511235899,0.0020547018474369,0.002464127393362,-0.0633816180656587
99.997,99.997,99.996,99.996,99.997,-0.001,0.0,19700,196992760.0,-0.0040000000000048,-0.0040000000000048,-0.0040000000000048,100.0096,100.0049,100.0018,100.00298500224632,100.00387745236308,100.00243906299396,0.0010000000000047,0.0538571428571452,0.0,0.0010000000000047,0.0040473031046052,0.0044690632407897,0.9056267245593976,47.52382577804102,100.00408333333333,100.0015,100.00365230545216,100.00160850240056,0.0020438030516061,0.0021770042982609,0.0023800625250108,0.3304518133315324
99.996,99.998,99.995,99.997,99.996,0.001,0.0,17593,175924941.0,-0.0109999999999956,-0.0049999999999954,-0.0019999999999953,100.0074,100.0044,100.0017,100.00099000149754,100.00262700647887,100.00192105699452,0.0030000000000001,0.0533571428571448,0.0010000000000047,0.0,0.0038296385971337,0.0041498444378761,0.9228390737204832,47.99356775785144,100.00383333333332,100.00157692307693,100.00262887384416,100.00126713185236,0.0013617419917721,0.002212561883272,0.0021763984183631,-0.1069543147208121
100.44,100.44,99.997,100.002,99.997,0.005,0.01,13288,132879900.0,-0.0480000000000018,0.0009999999999905,-0.0050000000000096,99.9978,100.0045,100.00145,100.00132666766504,100.00251300530088,100.001928575376,0.4429999999999978,0.0846428571428583,0.0049999999999954,0.0,0.0039132358401953,0.0038534269780278,1.0155209538181076,50.38503578414071,100.004,100.00161538461538,100.00253212402195,100.00132141838183,0.0012107056401333,0.002250660267287,0.0019832598627171,-0.2446995964303984
99.99,99.997,99.99,99.995,100.002,-0.007,-0.01,13097,130967789.0,-0.0019999999999953,-0.0030000000000001,-0.0049999999999954,99.9974,100.0042,100.0012,99.99921777844337,100.00114700433708,100.00126871105448,0.0120000000000004,0.0850000000000008,0.0,0.0069999999999907,0.003633718994467,0.0040781821938823,0.8910143837903953,47.11832926434036,100.00341666666668,100.0011153846154,100.0013733357109,100.00085316516837,0.0005201705425292,0.002210543056402,0.0016906419986795,-0.0143738711619506
99.987,99.997,99.987,99.997,99.995,0.002,0.0,21368,213672116.0,0.0,-0.0030000000000001,-0.0019999999999953,99.9974,100.0039,100.0011,99.99847851896226,100.00039300354852,100.00086216714452,0.0100000000000051,0.0854285714285723,0.0019999999999953,0.0,0.0035170247805762,0.0037868834657479,0.9287385821051684,48.15264187288016,100.00308333333334,100.00107692307694,100.0007005148323,100.00056774552628,0.0001327693060346,0.002127330126053,0.0013790674601506,0.6315186683973428
99.996,99.997,99.993,99.994,99.997,-0.003,0.0,23549,235480358.0,-0.0019999999999953,-0.0060000000000002,-0.0049999999999954,99.997,100.0033,100.00085,99.99698567930818,99.99923063926698,100.00020862741648,0.0040000000000048,0.0854285714285733,0.0,0.0030000000000001,0.0032658087248207,0.0037306775039087,0.8753929336961066,46.67784110558868,100.00275,100.00080769230767,99.99966966639656,100.00008124585766,-0.0004115794610868,0.001913801830025,0.0010209380759031,0.1020685136652939
99.996,99.997,99.988,99.99,99.994,-0.004,0.0,5801,58006369.0,-0.007000000000005,-0.0180000000000006,-0.0020000000000095,99.9956,100.0015,100.00075,99.9946571195388,99.99755234121844,99.99923637718636,0.0090000000000003,0.0857857142857158,0.0,0.0040000000000048,0.0030325366730478,0.0037499148250585,0.8086948142883628,44.71151284892397,100.00191666666666,100.00042307692308,99.99818202541248,99.99933448690524,-0.0011524614927509,0.0011928840083881,0.0005862581621723,-0.7536625759055586
99.995,100.0,99.994,100.0,99.99,0.01,0.01,12150,121496115.0,-0.0019999999999953,-0.0499999999999971,0.0060000000000002,99.9952,99.9965,100.00105,99.99643807969254,99.99799737008782,99.9993091031686,0.0100000000000051,0.0860000000000015,0.0100000000000051,0.0,0.0035302126249733,0.0034820637661257,1.013827678664598,50.34331831891812,100.00191666666666,100.00046153846156,99.99846171381056,99.99938378417151,-0.0009220703609429,0.0006410589267649,0.0002845924575492,1.094466471298052
99.992,99.992,99.99,99.992,100.0,-0.008,-0.01,5951,59505669.0,-0.0030000000000001,-0.0049999999999954,-0.0049999999999954,99.9946,99.996,100.0008,99.99495871979502,99.99690693916276,99.99861299810492,0.0100000000000051,0.0865000000000019,0.0,0.0079999999999955,0.0032780545803324,0.0038047734971164,0.8615636601802407,46.28171889092541,100.00058333333334,99.99988461538462,99.99746760399356,99.99883683719584,-0.0013692332022827,0.000157094001668,-4.617267441714928e-05,-0.5102057613168725
99.992,99.993,99.992,99.993,99.992,0.001,0.0,13128,131270606.0,-0.0040000000000048,-0.0040000000000048,-0.007000000000005,99.9938,99.9956,100.00045,99.99430581319668,99.9961965865877,99.99807842685684,0.0009999999999905,0.0863571428571441,0.0009999999999905,0.0,0.0031153363960223,0.0035330039616081,0.8817811782481754,46.85885842843111,99.99583333333334,99.99961538461538,99.99678028030225,99.99840447888504,-0.0016241985827889,-0.0002504617354869,-0.0003617778560915,1.206015795664594
99.994,99.996,99.994,99.996,99.993,0.003,0.0,26150,261488922.0,0.0019999999999953,0.0,-0.0040000000000048,99.9942,99.9956,100.00025,99.99487054213112,99.99616084357176,99.9978804814419,0.0030000000000001,0.0542857142857156,0.0030000000000001,0.0,0.0031070980820207,0.0032806465357789,0.9470993135451984,48.64155140709073,99.99575,99.9995,99.99666023717884,99.99822636933798,-0.0015661321591551,-0.00057578108559,-0.0006026487167042,0.9919256550883608
99.994,99.999,99.993,99.999,99.996,0.003,0.0,14945,149439733.0,0.0090000000000003,0.0019999999999953,-0.0030000000000001,99.996,99.9958,100.0001,99.99624702808742,99.99667705383143,99.99798710225696,0.0060000000000002,0.040857142857144,0.0030000000000001,0.0,0.0030994482190192,0.0030463146403662,1.0174419207881462,50.43227813917271,99.99591666666667,99.9995,99.99702020068978,99.99828367531296,-0.0012634746231725,-0.0008506900037351,-0.0007348138979978,-0.42848948374761
99.999,100.009,99.999,100.006,99.999,0.007,0.01,6483,64826517.0,0.0060000000000002,0.0040000000000048,0.0049999999999954,99.9972,99.9962,100.00035,99.99949801872496,99.998372134953,99.99875023537534,0.0100000000000051,0.0374285714285735,0.007000000000005,0.0,0.0033780590605182,0.0028287207374829,1.1942002671936225,54.42530862148705,99.99675,100.00003846153848,99.99840170827596,99.9988552549194,-0.0004535466434276,-0.0009588808021747,-0.0006785604470838,-0.5662094345935096
100.004,100.004,99.994,100.001,100.006,-0.005,-0.01,18033,180324578.0,0.0090000000000003,0.0060000000000002,0.0030000000000001,99.999,99.9968,100.0005,99.99999867914995,99.99884992859788,99.99896449867292,0.0120000000000004,0.0381428571428585,0.0,0.0049999999999954,0.003136769127624,0.0029838121133766,1.0512622807453895,51.24953013631104,99.99708333333332,100.00030769230769,99.99880144546428,99.99901412492537,-0.0002126794610859,-0.0009972639985215,-0.0005853842498842,1.781582600647848
99.999,100.0,99.997,99.999,100.001,-0.002,0.0,25201,252005100.0,0.0060000000000002,0.0019999999999953,-0.0010000000000047,100.0002,99.997,100.00045,99.99966578609998,99.99887721430736,99.99896787975167,0.0040000000000048,0.0383571428571443,0.0,0.0020000000000095,0.0029127141899366,0.0029135398195647,0.9997166231871816,49.99291457575707,99.99683333333331,100.00038461538462,99.99883199231591,99.9990130786346,-0.0001810863186619,-0.0009716536493632,-0.0005045246636398,0.3974934841679143
99.996,100.0,99.996,100.0,99.999,0.001,0.0,11802,118017877.0,0.0040000000000048,0.0060000000000002,0.0,100.001,99.9976,100.00045,99.99977719073333,99.99908135716056,99.9990661769182,0.0040000000000048,0.0384285714285732,0.0010000000000047,0.0,0.0027760917477986,0.0027054298324529,1.0261185540641504,50.6445465397807,99.99725,100.00038461538462,99.99901168580578,99.99908618392092,-7.449811512572069e-05,-0.0008518799407381,-0.0004185193539369,-0.5316852505852943
100.0,100.001,99.999,100.0,100.0,0.0,0.0,9866,98663477.0,0.0010000000000047,0.0100000000000051,-0.0079999999999955,100.0012,99.9986,100.00005,99.99985146048888,99.99924838313136,99.99915511244978,0.0020000000000095,0.006928571428574,0.0,-0.0,0.0025777994800987,0.0025121848444206,1.0261185540641504,50.6445465397807,99.9975,100.00038461538462,99.99916373414337,99.99915387400084,9.860142512252423e-06,-0.0007483321070209,-0.0003328434546471,-0.1640399932214878
100.0,100.012,100.0,100.008,100.0,0.008,0.01,2718,27182846.0,0.0019999999999953,0.0079999999999955,-0.0420000000000015,100.0016,99.9994,99.99795,100.00256764032594,100.00083958619838,99.99999748269266,0.0120000000000004,0.006928571428574,0.0079999999999955,0.0,0.0029650995172342,0.0023327430698191,1.2710784807793374,55.968056213678594,99.99866666666668,100.00061538461536,100.00052315965976,99.99980914259338,0.0007140170663859,-0.0005168598549466,-0.0001234713504405,-0.7245084127305899
100.006,100.006,99.998,100.0,100.008,-0.008,-0.01,35024,350238208.0,-0.0010000000000047,0.0079999999999955,0.0030000000000001,100.0014,100.0002,99.9981,100.00171176021728,100.00068693416232,99.99999772243622,0.0099999999999909,0.006928571428573,0.0,0.0079999999999955,0.0027533066945746,0.0027375471362603,1.005756817154157,50.143507356049405,99.9995,100.00057692307692,100.00044267355828,99.99982328017906,0.0006193933792104,-0.0002675718591689,2.5101595489674148e-05,11.885945548197205
99.999,100.0,99.998,99.999,100.0,-0.001,0.0,6631,66310920.0,0.0,0.0060000000000002,0.0019999999999953,100.0014,100.0008,99.9982,100.00080784014489,100.00038021886007,99.9999027012518,0.0019999999999953,0.0067857142857152,0.0,0.0010000000000047,0.0025566419306764,0.0026134366265277,0.9782681947307168,49.45073662592444,99.99941666666666,100.0006153846154,100.00022072378007,99.99976229646208,0.0004584273179943,-4.262080615231096e-05,0.0001117667399906,-0.810672681589767
99.999,99.999,99.997,99.998,99.999,-0.001,0.0,10299,102989953.0,-0.0019999999999953,0.0020000000000095,0.0020000000000095,100.001,100.001,99.9983,99.99987189342993,99.9999474517946,99.99972149160878,0.0019999999999953,0.0062857142857148,0.0,0.0009999999999905,0.0023740246499138,0.0024981911532036,0.9502974369552946,48.72576966715656,99.99991666666664,100.00053846153848,99.99987907396776,99.99963175598342,0.000247317984332,0.0001252450391259,0.0001388769888589,0.5531594028050069
100.0,100.0,99.798,99.916,99.998,-0.082,-0.08,15291,152902789.0,-0.0840000000000031,-0.0829999999999984,-0.081000000000003,99.9842,99.9927,99.99425,99.97191459561996,99.98468427874104,99.99174801621749,0.2019999999999981,0.02,0.0,0.0820000000000078,0.0022044514606342,0.0081768917851182,0.2695952837050303,21.234742060341983,99.9935,99.99730769230769,99.98697460104964,99.99343681109576,-0.0064622100461093,-0.0005423842278386,-0.0011813404181347,0.4847072531313721
99.991,100.333,99.991,99.998,99.916,0.082,0.08,16885,168850179.0,-0.0099999999999909,-0.0079999999999955,-0.0039999999999906,99.9822,99.9919,99.99405,99.9806097304133,99.98710531896992,99.99234344324438,0.4170000000000016,0.0490714285714284,0.0820000000000078,0.0,0.0079041334991609,0.0075928280861812,1.040999929070736,51.004407900430536,99.99366666666668,99.99692307692308,99.98867081627276,99.99377482508866,-0.0051040088159055,-0.001085865267263,-0.0019658740976889,0.1042443267281407
99.998,100.0,99.798,99.984,99.998,-0.014,-0.01,11048,110454694.0,-0.0160000000000053,-0.0170000000000101,-0.0110000000000098,99.979,99.9902,99.9935,99.98173982027556,99.98654071552085,99.99154882960204,0.2019999999999981,0.0634285714285718,0.0,0.01400000000001,0.0073395525349351,0.0080504832228833,0.911690929815578,47.69028903137232,99.99241666666668,99.9943846153846,99.98795222915386,99.99305076397098,-0.0050985348171224,-0.0016322484337586,-0.0025924062415756,-0.3456914421083802
99.999,100.004,99.983,99.991,99.984,0.007,0.01,8560,85592647.0,-0.0079999999999955,-0.0079999999999955,-0.0060000000000002,99.9774,99.9894,99.9932,99.98482654685036,99.98735149451704,99.99149656011612,0.0210000000000007,0.0647142857142861,0.007000000000005,0.0,0.0073152987824401,0.007475448706963,0.9785765469337356,49.4586144999175,99.99116666666669,99.99415384615384,99.98842111697635,99.9928988555287,-0.0044777385523389,-0.0021214973712267,-0.0029694727037282,-0.225199131064446
99.992,99.999,99.992,99.997,99.991,0.006,0.01,13519,135185626.0,-0.0010000000000047,-0.0030000000000001,0.0030000000000001,99.9772,99.9891,99.99335,99.98888436456691,99.98910576824122,99.99202069724792,0.0079999999999955,0.0648571428571429,0.0060000000000002,0.0,0.0072213488694087,0.0069414880850371,1.0403171165812235,50.98801103646034,99.99083333333331,99.99415384615384,99.98974094513385,99.99320264400804,-0.0034616988742044,-0.0025072261508619,-0.0030679179378235,0.579322429906542
99.998,100.0,99.993,99.998,99.997,0.001,0.0,9049,90486756.0,0.0820000000000078,-0.0019999999999953,0.0080000000000097,99.9936,99.9889,99.99375,99.99192290971128,99.99072290128828,99.99259015465287,0.007000000000005,0.0646428571428572,0.0010000000000047,0.0,0.0067769668073084,0.0064456675075344,1.0513987572872356,51.25277343336226,99.99075,99.99423076923078,99.9910115689594,99.99355800371116,-0.0025464347517498,-0.0028694985750992,-0.0029636213006087,-0.3306457578223241
99.998,100.01,99.991,100.003,99.998,0.005,0.01,15501,155014358.0,0.0049999999999954,-0.0049999999999954,0.0030000000000001,99.9946,99.9884,99.9939,99.99561527314088,99.99295510105402,99.99358156849549,0.0190000000000054,0.0651428571428575,0.0049999999999954,0.0,0.0066500406067861,0.0059852626855677,1.1110691303192683,52.63063697735164,99.991,99.99446153846154,99.99285594296563,99.99425741084366,-0.0014014678780114,-0.0030940387147906,-0.0026511906160893,0.713006962095259
100.004,100.398,99.997,99.997,100.003,-0.006,-0.01,51838,518382288.0,0.0130000000000052,-0.0030000000000001,0.0049999999999954,99.9972,99.9881,99.99415,99.9960768487606,99.99369053722602,99.99390713340068,0.4009999999999962,0.0934999999999998,0.0,0.0060000000000002,0.0061750377063013,0.0059863153508843,1.0315256287641392,50.77591019078892,99.99075,99.99426923076923,99.9934934902017,99.994460565596,-0.0009670753942856,-0.0032524279050439,-0.0023143675717285,2.344171343784272
99.997,100.002,99.997,100.0,99.997,0.003,0.0,36761,367610624.0,0.0090000000000003,0.0010000000000047,0.007000000000005,99.999,99.9882,99.9945,99.9973845658404,99.99483771227582,99.99448740641012,0.0049999999999954,0.0935714285714277,0.0030000000000001,0.0,0.0059482492987084,0.0055587213972497,1.0700750898671445,51.69257362233275,99.99008333333332,99.99446153846156,99.99449449170912,99.99487089407036,-0.0003764023612262,-0.0033217301656615,-0.0019267745296281,-0.290848412361588
100.0,100.0,99.993,99.994,100.0,-0.006,-0.01,25618,256167290.0,-0.0030000000000001,-0.0040000000000048,-0.0019999999999953,99.9984,99.9878,99.9944,99.99625637722694,99.99468540095292,99.99444098675202,0.007000000000005,0.0939285714285702,0.0,0.0060000000000002,0.0055233743488006,0.0055902412974462,0.9880386292670298,49.69916654141222,99.98958333333331,99.99434615384617,99.99441841606158,99.99480638339848,-0.0003879673369056,-0.0026468143090833,-0.0016190130910836,-0.3031201545115748
99.996,99.996,99.971,99.993,99.994,-0.001,0.0,5163,51626972.0,-0.0050000000000096,0.0769999999999981,-0.0060000000000002,99.9974,99.9955,99.9941,99.9951709181513,99.99437896441604,99.9943037499185,0.0249999999999914,0.094857142857141,0.0,0.0010000000000047,0.0051288476096006,0.0052623669190575,0.9746275180901292,49.35753751840724,99.98908333333334,99.99430769230769,99.99420019820596,99.9946725772208,-0.0004723790148659,-0.0021321887756345,-0.00138968627584,-0.7984620188929659
99.995,100.009,99.995,100.007,99.993,0.014,0.01,15809,158093546.0,0.0040000000000048,0.0090000000000003,0.0010000000000047,99.9982,99.9964,99.99415,99.99911394543422,99.99667369815856,99.99551291659292,0.0160000000000053,0.0952857142857135,0.01400000000001,0.0,0.0057625013517727,0.0048864835676962,1.1792736580283758,54.11315158534443,99.98983333333337,99.99496153846152,99.99616939848195,99.9955857196489,0.0005836788330526,-0.0015008317033928,-0.0009950132540615,2.0619794693007942
99.996,99.996,99.99,99.992,100.007,-0.015,-0.01,29303,293002288.0,-0.0049999999999954,0.0080000000000097,-0.0090000000000003,99.9972,99.9972,99.9937,99.99674263028948,99.995823934857,99.99517835310787,0.0170000000000101,0.0963571428571431,0.0,0.0150000000000005,0.0053508941123604,0.0056088775985751,0.9540044364169594,48.82304352216871,99.99616666666668,99.99465384615384,99.99552795256164,99.995320110786,0.0002078417756337,-0.0009802116669514,-0.0007544422481224,0.8535644253273451
99.99,99.994,99.988,99.993,99.992,0.001,0.0,52108,521031504.0,-0.007000000000005,0.0019999999999953,-0.0060000000000002,99.9958,99.9974,99.9934,99.99549508685963,99.99531049215572,99.99497089090714,0.0060000000000002,0.0966428571428577,0.0009999999999905,0.0,0.0050401159614768,0.0052082434843912,0.9677189587202972,49.179734455048994,99.99575,99.9946923076923,99.99513903678292,99.99514825072778,-9.2139448497619e-06,-0.0005966022303564,-0.0006053965874679,0.7782479609596287
99.998,99.998,99.991,99.994,99.993,0.001,0.0,42841,428382016.0,0.0,-0.0030000000000001,-0.0060000000000002,99.9958,99.9971,99.9931,99.99499672457311,99.99507222085468,99.99487842510646,0.007000000000005,0.0827142857142868,0.0010000000000047,0.0,0.0047515362499431,0.0048362260926489,0.9824884442779476,49.55834406569692,99.99658333333332,99.99473076923078,99.9949638003548,99.99506319511832,-9.939476352371912e-05,-0.0003247088983313,-0.000504196222679,-0.177842173946419
100.0,100.008,100.0,100.005,99.994,0.011,0.01,34240,342415200.0,0.0120000000000004,0.0069999999999907,0.0049999999999954,99.9982,99.9978,99.99335,99.9983311497154,99.99687727160835,99.99584238462012,0.0139999999999957,0.0539285714285721,0.0109999999999956,0.0,0.0051978550892325,0.0044907813717454,1.1574500424215204,53.64898466535982,99.99775,99.99507692307692,99.99650783106944,99.99579925473918,0.0007085763302541,-9.025954185738606e-05,-0.0002616417120924,-0.2007656217175135
99.992,99.996,99.991,99.995,100.005,-0.01,-0.01,34079,340766256.0,-0.0120000000000004,-0.0079999999999955,-0.012999999999991,99.9958,99.997,99.9927,99.99722076647694,99.99653594949774,99.99576215751348,0.0139999999999957,0.0405000000000005,0.0,0.0099999999999909,0.0048265797257159,0.0048842969880487,0.988183097286266,49.70282156784595,99.99758333333334,99.99492307692309,99.99627585705876,99.99574005068445,0.0005358063743159,7.672732132056758e-05,-0.0001021520948107,-0.0047021028037382
99.993,100.001,99.992,100.001,99.995,0.006,0.01,64700,646964912.0,0.0090000000000003,0.0040000000000048,0.0010000000000047,99.9976,99.9974,99.99275,99.99848051098463,99.9973475950436,99.99626099965504,0.0090000000000003,0.0396428571428576,0.0060000000000002,0.0,0.0049103954595934,0.0045354186317595,1.0826774457396475,51.98488359080216,99.99783333333336,99.99473076923076,99.99700264828049,99.99612967655966,0.000872971720824,0.0002155466637705,9.28726683161823e-05,0.8985298864403297
99.998,100.002,99.8,99.918,100.001,-0.083,-0.08,70231,702310080.0,-0.0749999999999886,-0.0819999999999936,-0.0809999999999888,99.9826,99.9892,99.9887,99.97165367398978,99.98292075958112,99.98880757111648,0.2019999999999981,0.0535000000000006,0.0,0.0829999999999984,0.0045596529267653,0.0101400315866337,0.4496685131410939,31.0187128343408,99.99075,99.99153846153848,99.98484839469889,99.9903422931108,-0.0054938984119132,-0.0003517790112302,-0.0010244815477297,0.0854868624420401
99.991,99.995,99.98,99.983,99.918,0.065,0.07,62200,621941968.0,-0.0109999999999956,-0.0109999999999956,-0.0150000000000005,99.9804,99.9881,99.98795,99.97543578265989,99.98293516693,99.98825446910536,0.0769999999999981,0.0585000000000001,0.0649999999999977,0.0,0.0088768205748533,0.0094157436161599,0.9427636240666516,48.526934125584994,99.98958333333331,99.99092307692308,99.98456402628366,99.98979841954704,-0.0052343932633647,-0.0008808917055078,-0.0018664638908567,-0.1143512124275605
99.99,100.003,99.99,99.999,99.983,0.016,0.02,68363,683610032.0,-0.0060000000000002,0.0060000000000002,0.0829999999999984,99.9792,99.9887,99.9921,99.98329052177326,99.98585604567,99.98927785300008,0.019999999999996,0.058571428571428,0.0159999999999911,0.0,0.0093856191052203,0.0087431905007199,1.0734775943001045,51.77184442460557,99.9895,99.99088461538462,99.98678494531694,99.99048001809908,-0.0036950727821505,-0.0013563085516415,-0.0022321856691154,0.0990836012861735
99.994,99.999,99.991,99.994,99.999,-0.005,-0.01,50962,509596736.0,-0.0010000000000047,-0.0130000000000052,-0.0040000000000048,99.979,99.9874,99.99190000000002,99.98686034784885,99.98733676463908,99.9897275812858,0.0079999999999955,0.0304999999999994,0.0,0.0049999999999954,0.0087152177405617,0.0084758197506681,1.0282448184288848,50.6962872078422,99.9895,99.99065384615383,99.98789495372972,99.99074075749915,-0.0028458037694463,-0.0016956025010949,-0.0023549092891816,-0.2545382736275471
99.994,100.0,99.994,99.999,99.994,0.005,0.01,126890,1268880144.0,-0.0020000000000095,0.0069999999999907,0.0150000000000005,99.9786,99.9881,99.99265,99.99090689856592,99.98945735288652,99.99061066878238,0.0060000000000002,0.0305714285714283,0.0049999999999954,0.0,0.008449845044807,0.0078704040541918,1.073622775479554,51.775221037069485,99.99,99.9903076923077,99.98960342238668,99.99135255323996,-0.0017491308532839,-0.001888926602032,-0.0022337536020021,1.4898944311447746
99.997,100.003,99.995,100.001,99.999,0.002,0.0,25423,254234858.0,0.0829999999999984,0.0080000000000097,0.0100000000000051,99.9952,99.9889,99.99315,99.9942712657106,99.99155601599806,99.99160012889834,0.0079999999999955,0.0306428571428562,0.0020000000000095,0.0,0.0079891418273214,0.0073082323360353,1.093170203132261,52.225576376752336,99.9895,99.99034615384616,99.9913567420195,99.9920671789259,-0.0007104369063881,-0.0019568201734614,-0.0019290902628793,-0.7996453621246749
99.998,100.002,99.992,99.993,100.001,-0.008,-0.01,160286,1602851264.0,0.0099999999999909,-0.0010000000000047,-0.0040000000000048,99.9972,99.9888,99.99295,99.99384751047376,99.99181855854386,99.99173344995565,0.0099999999999909,0.0295714285714276,0.0,0.0080000000000097,0.0074184888396556,0.0073576443120334,1.008269566323376,50.20588785644239,99.98958333333331,99.99011538461538,99.9916095509396,99.99213627678324,-0.0005267258436418,-0.0020940759705609,-0.0016486173790318,5.304763403217559
99.996,100.222,99.996,100.062,99.993,0.069,0.07,141716,1417211056.0,0.0630000000000023,0.0570000000000021,0.0639999999999929,100.0098,99.9945,99.99615,100.01656500698252,100.0045788206268,99.9984255023408,0.2289999999999992,0.0447857142857129,0.0690000000000026,0.0,0.0118171682082518,0.0068320982897453,1.7296543034207836,63.36532436555036,99.99533333333332,99.99257692307692,100.00243885079504,99.99731136739187,0.0051274834031431,-0.0015838896340246,-0.0002933972225968,-0.1158554084573824
100.0,100.001,99.993,100.0,100.062,-0.062,-0.06,148882,1488785136.0,0.0060000000000002,0.0049999999999954,-0.0030000000000001,100.011,99.995,99.996,100.01104333798835,100.00374630778556,99.99857545449882,0.0690000000000026,0.0484999999999981,0.0,0.0619999999999976,0.0109730847648053,0.0107726626976205,1.0186046915985811,50.46083048543417,99.99583333333334,99.9958076923077,100.00206364298042,99.99751052536286,0.0045531176175614,-0.0011749845343871,0.0006759057454348,0.0505659205735413
100.0,100.0,99.997,99.998,100.0,-0.002,0.0,97541,975391728.0,-0.0009999999999905,-0.0030000000000001,0.0010000000000047,100.0108,99.9947,99.99605,100.00669555865892,100.0027015245518,99.99852064930846,0.0030000000000001,0.0482857142857123,0.0,0.0019999999999953,0.0101892929958906,0.0101460439335044,1.0042626527806937,50.10633967496176,99.99525,99.9958076923077,100.00143846713726,99.99754678274338,0.0038916843938778,-0.0001321420004103,0.0013190614751234,-0.3448435673889388
99.998,100.004,99.997,100.001,99.998,0.003,0.0,100656,1006543696.0,0.0,0.0829999999999984,0.0010000000000047,100.0108,100.003,99.9961,100.00479703910597,100.00239215645146,99.99875677794574,0.007000000000005,0.0482857142857123,0.0030000000000001,0.0,0.0096757720676127,0.0094213265096827,1.0270074025848206,50.6661890467292,99.99575,99.99646153846156,100.0013710106546,99.99780257661423,0.0035684340403605,0.0008459499222258,0.0017689359881708,0.0319352887503716
99.999,100.012,99.999,100.003,100.001,0.002,0.0,36601,366019296.0,0.0100000000000051,0.019999999999996,0.0090000000000003,100.0128,100.005,99.99655,100.00419802607064,100.00250267346028,99.99916089433188,0.0130000000000052,0.0482142857142844,0.0019999999999953,0.0,0.0091275026342115,0.0087483746161339,1.0433369665467191,51.060445909221706,99.99591666666667,99.99692307692308,100.00162162440006,99.99818757093912,0.0034340534609498,0.001638075060348,0.0021019594827266,-0.6363753775234462
100.005,100.198,100.003,100.032,100.003,0.029,0.03,34191,341966768.0,-0.0300000000000011,0.0330000000000012,0.0390000000000014,100.0068,100.0083,99.9985,100.01346535071376,100.00786582374022,100.00228842820502,0.1949999999999931,0.0611428571428557,0.0289999999999963,0.0,0.0105469667317675,0.0081234907149815,1.2983293884138527,56.49013561584701,100.00541666666668,99.99826923076922,100.0062952206462,100.000692195314,0.0056030253322205,0.0025768338494221,0.0028021726526254,-0.0658451954864621
99.998,100.032,99.974,99.996,100.032,-0.036,-0.04,34605,346046976.0,-0.0040000000000048,0.0019999999999953,-0.0110000000000098,100.006,100.0085,99.99795,100.00764356714252,100.005708401242,100.00168953028071,0.0579999999999927,0.0646428571428552,0.0,0.0360000000000013,0.0097936119652127,0.0101146699496257,0.9682581847937676,49.19365722821679,100.0065,99.9981923076923,100.0047113405468,100.00034462529072,0.0043667152560686,0.0032563723060169,0.003115081173314,0.0121084495919978
99.996,100.002,99.992,100.002,99.996,0.006,0.01,22153,221523257.0,0.0039999999999906,0.0030000000000001,0.0099999999999909,100.0068,100.0088,99.99845,100.00576237809504,100.0050341464707,100.00171909882542,0.0099999999999909,0.0509285714285689,0.0060000000000002,0.0,0.0095226396819832,0.0093921935246525,1.0138887850839484,50.34482502675462,100.00675,99.99815384615384,100.0042942112319,100.00046724563956,0.0038269655923244,0.0037605281392071,0.0032574580571161,-0.3598323941626933
99.995,100.009,99.995,100.003,100.002,0.001,0.0,12922,129224188.0,0.0019999999999953,0.0019999999999953,0.0100000000000051,100.00719999999998,100.009,99.99895,100.00484158539668,100.00466430165784,100.00184108941347,0.0139999999999957,0.0464285714285687,0.0010000000000047,0.0,0.008913879704699,0.0087213225586059,1.0220788928283786,50.54594538587699,100.0075,99.9983846153846,100.0040951018116,100.00065485707368,0.0034402447379306,0.0042013026482708,0.003294015393279,-0.4166929986909222
100.004,100.008,100.002,100.005,100.003,0.002,0.0,2552,25520536.0,0.0019999999999953,0.0120000000000004,0.0109999999999956,100.0076,100.0102,99.9995,100.00489439026448,100.00472533772005,100.00214193804077,0.0060000000000002,0.045428571428569,0.0019999999999953,0.0,0.0084200311543631,0.0080983709472769,1.03971912489318,50.97364201787488,100.008,99.99857692307693,100.00423431691752,100.00097671951266,0.003257597404854,0.0039935375373498,0.003286731795594,-0.8025073518031265
99.995,100.046,99.995,100.002,100.005,-0.003,0.0,5905,59051447.0,-0.0300000000000011,-0.0600000000000022,-0.0030000000000001,100.0016,100.0042,99.99935,100.00392959350964,100.00422982177092,100.00212842013212,0.0510000000000019,0.0484999999999981,0.0,0.0030000000000001,0.0078186003576228,0.0077342015939,1.0109124080486147,50.27132977062895,100.00808333333332,99.9988846153846,100.00389057585328,100.00105251806728,0.0028380577859934,0.0038029753338422,0.0031969969936739,1.313871473354232
100.0,100.016,99.993,100.001,100.002,-0.001,0.0,10055,100553829.0,0.0050000000000096,0.0010000000000047,0.0060000000000002,100.0026,100.0043,99.99965,100.00295306233976,100.00364258144894,100.0020209515481,0.0230000000000103,0.0497142857142845,0.0,0.0009999999999905,0.0072601289035069,0.007253187194335,1.0009570563927186,50.023914965832496,100.00875,99.99919230769233,100.00344587187584,100.00104862784008,0.0023972440357766,0.0036369264051643,0.0030370464020944,0.7027942421676545
100.015,100.017,100.001,100.002,100.001,0.001,0.0,29239,292398064.0,0.0,0.0039999999999906,0.0009999999999905,100.0026,100.0047,99.9997,100.00263537489316,100.0033439302764,100.00201895616256,0.0159999999999911,0.0502857142857128,0.0009999999999905,0.0,0.00681297683897,0.0067351023947396,1.011562473688777,50.287400312941166,100.00375,99.999,100.0032234300488,100.00111909985192,0.0021043301968575,0.0034742482003306,0.002850503161047,1.907906514172054
100.002,100.003,99.998,100.0,100.002,-0.002,0.0,15951,159513354.0,-0.0030000000000001,-0.0010000000000047,0.0819999999999936,100.002,100.0046,100.0038,100.00175691659544,100.00273594295342,100.00182667462327,0.0049999999999954,0.0499285714285702,0.0,0.0019999999999953,0.0063263356361865,0.006396880795115,0.988971944110252,49.7227699485052,100.00375,99.9993076923077,100.0027275177336,100.0010362035666,0.0016913141669903,0.0032806105010018,0.0026186653622357,-0.4544615068914805
100.01,100.01,99.998,100.001,100.0,0.001,0.0,24857,248567553.0,-0.0039999999999906,-0.0019999999999953,0.0180000000000006,100.0012,100.0044,100.0047,100.00150461106364,100.00242031696187,100.00174794370676,0.0120000000000004,0.0344285714285703,0.0010000000000047,0.0,0.0059458830907449,0.0059399607383211,1.0009970356176918,50.02491347063351,100.004,99.99961538461538,100.00246174577458,100.00103352182091,0.0014282239536527,0.0028167436811609,0.0023805770805191,0.5583349006331892
100.0,100.0,99.996,99.998,100.001,-0.003,0.0,13429,134287091.0,-0.0039999999999906,-0.0339999999999918,-0.0009999999999905,100.0004,100.001,100.00465,100.00033640737576,100.0016166229688,100.00139099668708,0.0050000000000096,0.0298571428571422,0.0,0.0030000000000001,0.0055211771556917,0.0057299635427267,0.9635623533242073,49.072154581337685,100.00375,99.99976923076922,100.00177532334772,100.00080881650086,0.0009665068468507,0.0024389427468034,0.0020977630337854,-0.4597497686768315
99.996,99.997,99.993,99.994,99.998,-0.004,0.0,29814,298128368.0,-0.007000000000005,-0.0019999999999953,0.0,99.999,100.0008,100.00465,99.99822427158384,100.000231782429,100.0006870922407,0.0050000000000096,0.0300000000000001,0.0,0.0040000000000048,0.0051268073588566,0.0056063947182466,0.9144570827613744,47.76587007332544,100.003,99.99934615384616,100.00057911975576,100.00030445972304,0.0002746600327441,0.0020442421290722,0.0017331424335771,1.2201206344478366
99.992,99.999,99.992,99.996,99.994,0.002,0.0,35514,355129680.0,-0.0060000000000002,-0.0060000000000002,-0.0030000000000001,99.9978,100.0002,100.0045,99.99748284772257,99.99946236744192,100.00024070250348,0.0069999999999907,0.0299999999999991,0.0019999999999953,0.0,0.0049034639760808,0.0052059379526576,0.9418982747532773,48.50399668195532,100.0,99.9993846153846,99.99987463979336,99.99998561085464,-0.0001109710613036,0.0016496625958239,0.001364319734601,0.1911853491648218
99.996,100.0,99.992,99.996,99.996,0.0,0.0,28713,287121712.0,-0.0040000000000048,-0.007000000000005,-0.0050000000000096,99.997,99.9995,100.00424999999998,99.99698856514838,99.99883284608885,99.99983682607458,0.0079999999999955,0.0296428571428555,0.0,-0.0,0.0045532165492178,0.0048340852417534,0.941898274753277,48.503996681955314,100.0,99.99919230769233,99.9992785413636,99.99969038042096,-0.0004118390573779,0.0012419474333537,0.0010090879762052,-0.1915019428957594
99.998,100.002,99.996,100.0,99.996,0.004,0.0,35882,358820960.0,-0.0010000000000047,-0.0049999999999954,0.007000000000005,99.9968,99.999,100.0046,99.9979923767656,99.99904505589087,99.99985236644842,0.0060000000000002,0.016142857142856,0.0040000000000048,0.0,0.0045137010814169,0.0044887934387711,1.005548850261348,50.138337449636914,99.99983333333331,100.00234615384616,99.99938953499996,99.9997133152046,-0.0003237802046385,0.0008906321010613,0.0007425143400364,0.2496778462717235
99.994,99.997,99.992,99.995,100.0,-0.005,-0.01,6719,67189279.0,-0.0030000000000001,-0.0069999999999907,-0.066999999999993,99.9962,99.9983,100.00125,99.99699491784374,99.99830959118344,99.99939023631048,0.0079999999999955,0.0125714285714276,0.0,0.0049999999999954,0.0041912938613157,0.0045253081931442,0.9261897051929988,48.08403360769687,99.99916666666668,100.00280769230768,99.99871422192304,99.999364180745,-0.0006499588219668,0.0005520540057564,0.0004640197076358,-0.8127473384984114
99.992,100.0,99.991,99.994,99.995,-0.001,0.0,12555,125547050.0,0.0,-0.007000000000005,-0.0060000000000002,99.9962,99.9976,100.00095,99.99599661189583,99.9975260291501,99.9988768804714,0.0090000000000003,0.0124999999999997,0.0,0.0010000000000047,0.0038919157283646,0.0042735004650628,0.9107090920387592,47.66340914131607,99.99825,100.0026153846154,99.9979889570118,99.99896683402316,-0.0009778770113371,0.0002095865381793,0.0001756403638412,0.8685816341717518
99.995,99.997,99.993,99.996,99.994,0.002,0.0,28020,280186784.0,0.0,-0.0060000000000002,-0.0020000000000095,99.9962,99.997,100.00085,99.99599774126388,99.99724856930462,99.99860289185509,0.0040000000000048,0.0117857142857147,0.0019999999999953,0.0,0.0037567788906239,0.0039682504318441,0.946709124121014,48.631257355845385,99.99775,100.0026923076923,99.99768296362538,99.99874706853996,-0.001064104914576,-9.657113755028806e-05,-7.230869184223542e-05,1.2317801672640385
99.994,99.998,99.993,99.995,99.996,-0.001,0.0,54985,549830752.0,-0.0009999999999905,-0.0049999999999954,-0.0060000000000002,99.996,99.9965,100.00055,99.9956651608426,99.99683973852196,99.99825975929744,0.0050000000000096,0.0117142857142868,0.0,0.0009999999999905,0.0034884375412936,0.0037562325438545,0.9287064899645228,48.15177917411403,99.99725,100.00253846153848,99.9972701999907,99.99846950790736,-0.0011993079166785,-0.0003885191231426,-0.0002977085368094,0.9623483226266952
100.0,100.0,99.997,99.998,99.995,0.003,0.0,9634,96338401.0,-0.0019999999999953,-0.0030000000000001,-0.0049999999999954,99.9956,99.9962,100.0003,99.99644344056176,99.99705069515431,99.99823502031674,0.0049999999999954,0.008428571428572,0.0030000000000001,0.0,0.003453549145487,0.0034879302192935,0.9901428435648324,49.752350529334095,99.99691666666666,100.00242307692308,99.9973824769152,99.99843472954387,-0.001052252628682,-0.0006128257315351,-0.000448617355184,-0.8247885787032827
99.998,99.998,99.99,99.992,99.998,-0.006,-0.01,12080,120791625.0,-0.0030000000000001,-0.0060000000000002,-0.039999999999992,99.995,99.9956,99.9983,99.99496229370784,99.99613238694444,99.997641208858,0.0080000000000097,0.0073571428571434,0.0,0.0060000000000002,0.0032068670636665,0.0036673637750582,0.8744338604957536,46.65055827920659,99.99625,100.0023846153846,99.99655440354364,99.99795808291098,-0.0014036793673568,-0.0007993078871019,-0.0006396297576185,0.2538924641893294
99.994,99.995,99.982,99.995,99.992,0.003,0.0,44579,445732768.0,0.0010000000000047,0.0010000000000047,-0.0009999999999905,99.9952,99.9957,99.99825,99.99497486247188,99.99592649840908,99.99738966515724,0.0130000000000052,0.0071428571428587,0.0030000000000001,0.0,0.0031920908448331,0.0034054092196969,0.9373589600832828,48.38333934992552,99.99575,99.99980769230768,99.9963152645369,99.99773896565831,-0.0014237011214248,-0.0009451667826709,-0.0007964440303798,2.690314569536424
99.992,99.992,99.98,99.987,99.995,-0.008,-0.01,18296,182935320.0,-0.0090000000000003,-0.0090000000000003,-0.0150000000000005,99.9934,99.9948,99.9975,99.99231657498126,99.99430349869834,99.9964001732375,0.0150000000000005,0.0078571428571448,0.0,0.0080000000000097,0.0029640843559165,0.0037335942754336,0.793895677261903,44.25539831132537,99.99483333333332,99.9993076923077,99.99488214691584,99.99694348672068,-0.0020613398048396,-0.0011284446435,-0.0010494231852718,-0.5895825388635905
99.985,99.992,99.984,99.988,99.987,0.001,0.0,22122,221192788.0,-0.007000000000005,-0.0079999999999955,-0.0150000000000005,99.992,99.994,99.99675,99.99087771665418,99.99315740802592,99.99560015673867,0.0080000000000097,0.0075714285714312,0.0010000000000047,0.0,0.0028237926162085,0.0034669089700454,0.8144986328185858,44.88835748271515,99.99433333333332,99.99892307692308,99.99382335508264,99.99628100622286,-0.0024576511402329,-0.0013655414141216,-0.001331068776264,0.2091167468299082
99.992,99.996,99.99,99.994,99.988,0.006,0.01,8168,81675311.0,-0.0040000000000048,-0.0060000000000002,-0.0109999999999956,99.9912,99.9934,99.9962,99.99191847776946,99.99331060656664,99.99544776085882,0.0079999999999955,0.0077857142857159,0.0060000000000002,0.0,0.0030506645721936,0.0032192726150422,0.9476254225688292,48.655424784862085,99.99416666666666,99.99865384615384,99.99385053122376,99.99611204279894,-0.0022615115751705,-0.0015446028311443,-0.0015171573360453,-0.630774794322394
99.992,100.004,99.984,99.998,99.994,0.004,0.0,19267,192660024.0,0.0060000000000002,0.0030000000000001,-0.0039999999999906,99.9924,99.9937,99.996,99.99394565184632,99.99416322355452,99.99569083125324,0.0200000000000102,0.0088571428571445,0.0040000000000048,0.0,0.0031184742456087,0.0029893245711106,1.043203630594758,51.05725219816153,99.99433333333332,99.99846153846154,99.99448891103548,99.99625189148053,-0.0017629804450223,-0.0016318365459982,-0.0015663219578407,1.358839373163565
100.036,100.036,100.0,100.027,99.998,0.029,0.03,9209,92096478.0,0.0319999999999964,0.0330000000000012,0.0259999999999962,99.9988,99.997,99.9973,100.00496376789756,100.0001335465446,99.99867265684816,0.0379999999999967,0.0110714285714306,0.0289999999999963,0.0,0.0049671546566364,0.0027758013874598,1.7894488701808118,64.15062449468091,99.99658333333332,99.99826923076922,99.99949061703002,99.9985295291486,0.0009610878814072,-0.0014068151242222,-0.0010608399899911,-0.5220324907873566
100.027,100.1,100.008,100.029,100.027,0.002,0.0,9073,90748683.0,0.0420000000000015,0.0330000000000012,0.027000000000001,100.0072,100.0003,99.99865,100.01297584526505,100.0053819926274,100.00156097524358,0.0919999999999987,0.0170714285714309,0.0019999999999953,0.0,0.0047552150383049,0.0025775298597841,1.844872919805118,64.84904499465296,99.99941666666666,99.99953846153844,100.00403052210233,100.00078660106354,0.0032439210387877,-0.0009131230180593,-0.0001998877842353,-0.0147681615810619
99.999,100.03,99.999,100.019,100.029,-0.01,-0.01,4904,49042229.0,0.0310000000000059,0.0240000000000009,0.0190000000000054,100.0134,100.0027,99.9996,100.01498389684338,100.00785799396786,100.00322183474418,0.0310000000000059,0.0188571428571456,0.0,0.0099999999999909,0.0044155568212831,0.0031077062983703,1.4208410954402544,58.6920429480672,100.0015,100.00019230769232,100.00633351870198,100.0021357417255,0.0041977769764827,-0.0003297863952632,0.0006796451679082,-0.4594952055549433
100.019,100.108,100.001,100.091,100.019,0.072,0.07,6218,62194562.0,0.0969999999999942,0.0929999999999893,0.0899999999999892,100.0328,100.012,100.0041,100.04032259789558,100.02297472233734,100.01158166000664,0.1069999999999993,0.0259285714285744,0.0719999999999885,0.0,0.0092430170483335,0.0028857272770582,3.203011290019101,76.20753476502188,100.00941666666668,100.00357692307692,100.01935913120936,100.00871827937546,0.0106408518339122,0.0010084948493221,0.002671886501109,0.2679445350734095
100.07,100.07,99.999,100.001,100.091,-0.09,-0.09,32621,326221632.0,0.0030000000000001,0.0090000000000003,0.0030000000000001,100.0334,100.0129,100.00425,100.02721506526372,100.018979318276,100.01057388286316,0.0919999999999987,0.0318571428571457,0.0,0.0899999999999892,0.0085828015448811,0.0091081753286961,0.9423184375733568,48.51513631053444,100.00991666666668,100.00342307692308,100.01653464948484,100.00814655497727,0.0083880945075804,0.0020986943636561,0.0038151281024033,4.246220649726601
100.001,100.003,99.994,100.0,100.001,-0.001,0.0,19899,198986036.0,-0.027000000000001,0.0049999999999954,0.0060000000000002,100.028,100.0134,100.00455,100.01814337684247,100.0155285331349,100.0095668464,0.0090000000000003,0.0322142857142882,0.0,0.0010000000000047,0.0079697442916753,0.0085290199480753,0.9344267383820354,48.30509834472174,100.01008333333334,100.00334615384617,100.01399085725642,100.00754310646045,0.006447750795985,0.0030441488748588,0.0043416526411196,-0.3899941755310996
100.0,100.004,99.992,99.997,100.0,-0.003,0.0,8642,86419053.0,-0.0319999999999964,0.0100000000000051,0.0010000000000047,100.0216,100.0144,100.0046,100.01109558456167,100.01215970892856,100.0083700038857,0.0120000000000004,0.0327142857142876,0.0,0.0030000000000001,0.0074004768422699,0.0081340899517842,0.9098100569500884,47.63877191028248,100.0105,100.00319230769232,100.01137687921695,100.00676213561152,0.0046147436054582,0.0038299705132689,0.0043962708339873,-0.5657068194381627
99.99,100.0,99.981,99.992,99.997,-0.005,-0.01,37843,378416896.0,-0.027000000000001,0.0040000000000048,-0.0039999999999906,100.0162,100.0148,100.0044,100.0047303897078,100.00849430730516,100.00681095589658,0.0190000000000054,0.0337142857142883,0.0,0.0049999999999954,0.0068718713535363,0.0079102263837993,0.8687325773141521,46.48779541065975,100.01025,100.00280769230768,100.00839582087588,100.00566864408472,0.0027271767911685,0.0043842692206399,0.0040624520254236,3.378963202962277
99.986,100.001,99.98,99.998,99.992,0.006,0.01,25674,256734833.0,-0.0929999999999893,0.0040000000000048,-0.0019999999999953,99.9976,100.0152,100.0043,100.00248692647187,100.0065862514315,100.00597181723975,0.0210000000000007,0.0346428571428591,0.0060000000000002,0.0,0.0068095948282838,0.0073452102135279,0.9270796383393256,48.10800861028468,100.01116666666668,100.00273076923077,100.00679646381806,100.00510059637476,0.0016958674433169,0.0047685856526776,0.0035891351090022,-0.3215654150040958
99.996,100.0,99.988,99.996,99.998,-0.002,0.0,47557,475561872.0,-0.0050000000000096,-0.0020000000000095,0.0009999999999905,99.9966,100.015,100.00435,100.00032461764792,100.00466147844396,100.00502212035978,0.0120000000000004,0.0345714285714302,0.0,0.0020000000000095,0.0063231951976921,0.0069634094839909,0.9080602271386335,47.59075286110751,100.01183333333334,100.00253846153844,100.00513546938453,100.00442647812476,0.0007089912597564,0.0047405749169387,0.0030131063391531,0.8523408896159539
99.995,100.002,99.995,99.997,99.996,0.001,0.0,39818,398171168.0,-0.0030000000000001,-0.0300000000000011,0.0030000000000001,99.996,100.012,100.0045,99.99921641176527,100.00326848236324,100.00425810889696,0.0069999999999907,0.0340000000000009,0.0010000000000047,0.0,0.0059429669692858,0.0064660230922772,0.9191069819072988,47.8924307280591,100.01208333333336,100.0025,100.00388385870995,100.00387636863404,7.490075930149942e-06,0.0043809714766211,0.0024119830865085,-0.1627310385432218
99.995,100.0,99.991,99.992,99.997,-0.005,-0.01,48957,489550656.0,-0.0049999999999954,-0.0369999999999919,-0.0039999999999906,99.995,100.0083,100.0043,99.99681094117685,100.00121966738809,100.00309066995436,0.0090000000000003,0.0340714285714288,0.0,0.0049999999999954,0.0055184693286225,0.0063613071571142,0.8675055601506219,46.452636000754616,100.01158333333336,100.00242307692308,100.0020555727546,100.00299663762412,-0.0009410648695222,0.0038099890492873,0.0017413734953023,0.2295193128735748
99.99,99.99,99.948,99.961,99.992,-0.031,-0.03,60206,601870896.0,-0.0310000000000059,-0.0580000000000069,-0.034000000000006,99.9888,100.0025,100.0026,99.98487396078455,99.99390700059024,99.99908203472064,0.0440000000000111,0.0366428571428585,0.0,0.0310000000000059,0.0051242929480066,0.0081212137887494,0.6309762409044756,38.68702836250765,100.00608333333334,100.00107692307692,99.99573933079236,99.99988577557788,-0.0041464447855332,0.0021669560915711,0.0005638098391352,0.2297730661600996
99.961,99.963,99.932,99.959,99.961,-0.002,0.0,90371,903312208.0,-0.0390000000000014,-0.1319999999999908,-0.0390000000000014,99.981,99.9893,100.00065,99.97624930718972,99.9875602732102,99.99526469808058,0.0309999999999917,0.0374285714285714,0.0,0.0019999999999953,0.004758272023149,0.0076839842324098,0.6192454173811855,38.24283896277407,100.00025,99.99965384615383,99.99008712605507,99.99685719960917,-0.0067700735540796,0.0004827151958311,-0.0009029668395077,0.5010297976945819
99.961,99.963,99.937,99.94,99.959,-0.019,-0.02,165769,1656925520.0,-0.0559999999999973,-0.061000000000007,-0.0520000000000067,99.9698,99.9832,99.99805,99.96416620479316,99.97891295080834,99.99000139350149,0.0259999999999962,0.0365714285714286,0.0,0.0190000000000054,0.004418395450067,0.0084922710729523,0.5202843164226649,34.22282995373722,99.99366666666668,99.99734615384617,99.9823814143543,99.99264555519366,-0.0102641408393679,-0.0013741616525414,-0.0027752016394797,0.8343163182879463
99.942,99.983,99.942,99.979,99.94,0.039,0.04,203423,2033290480.0,-0.0180000000000006,-0.0210000000000007,-0.0160000000000053,99.9662,99.9811,99.99725,99.96911080319543,99.97892877793409,99.98895364173944,0.0430000000000063,0.0330714285714291,0.0390000000000014,0.0,0.0068885100607766,0.0078856802820272,0.8735467092771534,46.62529655394515,99.98433333333332,99.99673076923077,99.98186119676132,99.99163477332746,-0.0097735765661326,-0.0029728638938293,-0.0041748766248103,0.2271474159824815
99.99,99.99,99.981,99.984,99.979,0.005,0.01,82426,824142592.0,-0.0080000000000097,-0.0130000000000052,-0.0030000000000001,99.9646,99.9798,99.9971,99.97407386879696,99.9798508183097,99.98848186633568,0.0109999999999956,0.0316428571428569,0.0049999999999954,0.0,0.0067536164850065,0.0073224174047395,0.922320609671218,47.97954123942759,99.98291666666664,99.99634615384616,99.98219024341344,99.99106923456247,-0.0088789911490465,-0.0042624381094087,-0.0051156995296576,-0.5948049138986251
99.979,99.982,99.81,99.971,99.984,-0.013,-0.01,72105,720875984.0,0.0100000000000051,-0.0210000000000007,-0.0169999999999959,99.9666,99.9777,99.99625,99.97304924586464,99.97824157861704,99.98681692668468,0.1739999999999923,0.0364285714285707,0.0,0.012999999999991,0.006271215307506,0.007727959018686,0.8114969673548158,44.79703703505394,99.9805,99.99538461538462,99.98046866750369,99.98958262459487,-0.0091139570912019,-0.0054635297243553,-0.0059153510419664,-0.1252153446727973
99.977,99.983,99.971,99.978,99.971,0.007,0.01,63039,630236256.0,0.0189999999999912,-0.0200000000000102,-0.0160000000000053,99.9704,99.9757,99.99545,99.9746994972431,99.97819765523212,99.98597721938135,0.0120000000000004,0.0307142857142851,0.0069999999999907,0.0,0.0063232713569692,0.0071759619459227,0.8811740369612718,46.84170734062777,99.97891666666668,99.99473076923076,99.9800888725031,99.98872465240264,-0.0086357798995493,-0.0065018376309448,-0.006459436813483,-0.1257333055960058
99.976,99.99,99.976,99.989,99.978,0.011,0.01,59364,593545040.0,0.0490000000000065,-0.0069999999999907,-0.0090000000000003,99.9802,99.975,99.995,99.9794663314954,99.98016171791718,99.9862651032498,0.0139999999999957,0.0310714285714277,0.0110000000000098,0.0,0.0066573234029007,0.0066633932354997,0.999089077833997,49.97721656888371,99.97866666666664,99.9943846153846,99.98145981519494,99.98874504852095,-0.00728523332603,-0.0073121402311626,-0.0066245961159924,-0.0582972445628896
99.987,99.987,99.977,99.985,99.989,-0.004,0.0,49779,497718464.0,0.0060000000000002,-0.0120000000000004,-0.0420000000000015,99.9814,99.9738,99.9929,99.9813108876636,99.9810414055686,99.98614461722602,0.0120000000000004,0.0310714285714277,0.0,0.0040000000000048,0.0061818003026935,0.0064731508615358,0.9549909209480156,48.84886731263799,99.97758333333331,99.9941153846154,99.9820044590111,99.9884676375194,-0.0064631785083122,-0.0079257084132504,-0.0065923125944564,-0.1614614918132201
99.986,100.0,99.986,99.996,99.985,0.011,0.01,33048,330461008.0,0.0120000000000004,0.0039999999999906,-0.0330000000000012,99.9838,99.9742,99.99125,99.9862072584424,99.98376115001066,99.98708322510925,0.0150000000000005,0.030785714285713,0.0109999999999956,0.0,0.0065259574239294,0.0060107829428546,1.0857083820814266,52.05465881083276,99.97758333333331,99.99415384615384,99.98415761916324,99.98902559029574,-0.0048679711325121,-0.0080058780073591,-0.0062474443020675,-0.3361055866931839
99.994,99.995,99.983,99.99,99.996,-0.006,-0.01,20209,202068588.0,0.0189999999999912,0.0289999999999963,-0.0290000000000105,99.9876,99.9771,99.9898,99.98747150562828,99.98489548637237,99.98736101319408,0.012999999999991,0.0302142857142838,0.0,0.0060000000000002,0.0060598176079344,0.0060100127326508,1.0082869833225256,50.20631969911032,99.977,99.99426923076923,99.98505644698427,99.98909776879236,-0.0040413218080743,-0.0077026833689141,-0.0058062198032689,-0.3884955216654563
99.988,99.995,99.988,99.993,99.99,0.003,0.0,23930,239284308.0,0.0150000000000005,0.0339999999999918,-0.0979999999999989,99.9906,99.9805,99.9849,99.98931433708552,99.98636903430464,99.98789805955656,0.007000000000005,0.0298571428571412,0.0030000000000001,0.0,0.0058412592073677,0.00558072610889,1.046684444531806,51.1404895526649,99.97708333333333,99.99446153846154,99.98627853206362,99.98938682295588,-0.003108290892257,-0.0069075889303462,-0.0052666340210665,0.1841258845069029
99.99,99.993,99.987,99.989,99.993,-0.004,0.0,21829,218271508.0,0.0,0.0490000000000065,-0.0120000000000004,99.9906,99.9854,99.9843,99.98920955805704,99.9868473917038,99.98800300626546,0.0060000000000002,0.0297857142857133,0.0,0.0039999999999906,0.0054240264068414,0.0054678171011115,0.9919911925618068,49.798974828099176,99.97941666666668,99.99426923076923,99.98669721943844,99.9893581694036,-0.0026609499651328,-0.0061172970857907,-0.0047454972098798,-0.0877977434183033
99.989,99.994,99.987,99.99,99.989,0.001,0.0,21687,216853547.0,0.0049999999999954,0.0109999999999956,-0.0100000000000051,99.9916,99.9865,99.9838,99.98947303870467,99.9874205932122,99.98819319614496,0.007000000000005,0.0296428571428565,0.0009999999999905,0.0,0.0051080245206378,0.0050772587367463,1.0060595265056604,50.15103057575304,99.982,99.99396153846152,99.98720533952483,99.98940571241071,-0.0022003728858805,-0.0053752283898834,-0.0042364723450799,-0.0065051078840074
99.993,100.003,99.993,100.0,99.99,0.01,0.01,18332,183320311.0,0.0040000000000048,0.0160000000000053,0.0030000000000001,99.9924,99.9881,99.98395,99.99298202580312,99.9897077580827,99.98931765365496,0.0130000000000052,0.0274285714285704,0.0100000000000051,0.0,0.0054574513405926,0.0047145973984073,1.1575646612871309,53.65144702530336,99.987,99.99292307692306,99.98917374882872,99.99019047445438,-0.0010167256256607,-0.0044755360048232,-0.0035925230011961,-0.1547009729330936
99.994,99.995,99.985,99.995,100.0,-0.005,-0.01,14690,146893942.0,0.0050000000000096,0.0240000000000009,0.0030000000000001,99.9934,99.9905,99.98409999999998,99.99365468386875,99.99066998388584,99.98985882949734,0.0150000000000005,0.0262857142857139,0.0,0.0049999999999954,0.0050676333876931,0.0047349832985208,1.0702536985243976,51.69674128766131,99.98833333333332,99.9916153846154,99.99007009516276,99.99054673560592,-0.0004766404431535,-0.0035689649541126,-0.0029693464895876,-0.1986689941086624
99.995,99.999,99.994,99.999,99.995,0.004,0.0,12124,121237335.0,0.0060000000000002,0.0210000000000007,0.0009999999999905,99.9946,99.9926,99.98415,99.99543645591253,99.99218453227024,99.99072941716426,0.0049999999999954,0.0247857142857138,0.0039999999999906,0.0,0.0049913738600001,0.0043967702057693,1.1352364636774896,53.16677955762739,99.98958333333331,99.99084615384616,99.99144392667618,99.9911729033388,0.0002710233373761,-0.0027293808804008,-0.0023212725241948,-0.1746766507828454
99.998,100.005,99.996,100.001,99.999,0.002,0.0,6933,69330826.0,0.0120000000000004,0.0120000000000004,0.0050000000000096,99.997,99.9938,99.9844,99.99729097060836,99.99378734458476,99.99170756791052,0.0090000000000003,0.022357142857142,0.0020000000000095,0.0,0.0047777042985722,0.0040827151910715,1.170227183375557,53.921874739187146,99.99208333333333,99.9873846153846,99.99291409180292,99.99190083642482,0.0010132553781119,-0.0018986660041314,-0.0016543669437335,-0.4281590234246123
99.999,100.001,99.993,100.0,100.001,-0.001,0.0,11312,113112849.0,0.0100000000000051,0.0150000000000005,0.0030000000000001,99.999,99.9953,99.98454999999998,99.99819398040556,99.9949169182966,99.9924973233476,0.0080000000000097,0.0221428571428573,0.0,0.0010000000000047,0.004436439705817,0.0038625212488524,1.1485864853520498,53.45777296760068,99.99391666666666,99.98734615384616,99.99400423152557,99.99250077446742,0.0015034570581349,-0.001190729538504,-0.0010228021433598,0.6316169046588778
99.996,100.008,99.996,100.002,100.0,0.002,0.0,11351,113515111.0,0.0019999999999953,0.0060000000000002,0.0099999999999909,99.9994,99.9959,99.98505,99.99946265360371,99.99620475133358,99.99340234017164,0.0120000000000004,0.0105714285714293,0.0019999999999953,0.0,0.0042624082982583,0.0035866268739344,1.188416985673958,54.30486938520841,99.995,99.98742307692308,99.99523434975238,99.99320442080317,0.0020299289492129,-0.0005161461210276,-0.0004122559248452,0.0034476661951909
99.999,100.002,99.995,100.0,100.002,-0.002,0.0,10440,104402673.0,0.0049999999999954,0.0100000000000051,0.0390000000000014,100.00039999999998,99.9969,99.987,99.99964176906916,99.99689479654566,99.99403068872672,0.0069999999999907,0.0102142857142857,0.0,0.0019999999999953,0.0039579505626684,0.0034732963829387,1.1395372367617054,53.26092096842638,99.99625000000002,99.98753846153846,99.99596752671356,99.99370779703996,0.0022597296735824,8.03006085100656e-05,0.0001221411948402,-0.080257246057616
99.999,100.002,99.997,100.001,100.0,0.001,0.0,21193,211933632.0,0.0020000000000095,0.0080000000000097,0.0420000000000015,100.0008,99.9977,99.9891,100.0000945127128,99.99764119717372,99.99469443265752,0.0049999999999954,0.0095714285714285,0.0010000000000047,0.0,0.003746668379621,0.0032252037841574,1.1616842315592986,53.73977450542511,99.99666666666668,99.98788461538462,99.99674175337302,99.9942479602222,0.0024937931508191,0.0006530498436158,0.000596471586036,1.0299808429118773
99.999,100.0,99.993,99.997,100.001,-0.004,0.0,21083,210824738.0,-0.0040000000000048,0.0079999999999955,0.0570000000000021,100.0,99.9985,99.99195,99.9990630084752,99.9975246158694,99.99491401049966,0.0080000000000097,0.0092857142857149,0.0,0.0040000000000048,0.0034790492096481,0.0032805463710036,1.0605090787312128,51.46830410396619,99.99725,99.98784615384616,99.99678148362332,99.99445181502055,0.0023296686027691,0.0011563877867991,0.0009431109893826,-0.0051903930543103
99.997,100.001,99.993,99.997,99.997,0.0,0.0,15356,153554685.0,-0.0030000000000001,0.007000000000005,0.0180000000000006,99.9994,99.9992,99.99285,99.99837533898346,99.99742923116588,99.99511267616636,0.0080000000000097,0.0087857142857156,0.0,-0.0,0.0032305456946732,0.0030462216302177,1.0605090787312128,51.46830410396619,99.99758333333334,99.98788461538462,99.99681510152745,99.99464056946348,0.002174532063961,0.0015109719745349,0.0011893952042983,-0.2716406583503297
99.997,100.007,99.997,100.006,99.997,0.009,0.01,17876,178764400.0,0.0040000000000048,0.0060000000000002,0.0220000000000055,100.0002,99.9998,99.99395,100.00091689265564,99.99898755277206,99.99614956415051,0.0100000000000051,0.0085714285714309,0.0090000000000003,0.0,0.0036426495736252,0.0028286343709164,1.2877767487655305,56.28944124291876,99.999,99.98823076923075,99.9982281628309,99.99548200876248,0.0027461540684328,0.0018690602536,0.0015007469771252,0.1641052357384735
100.001,100.002,99.993,99.998,100.006,-0.008,-0.01,6443,64434539.0,-0.0019999999999953,0.0030000000000001,0.027000000000001,99.9998,100.0001,99.9953,99.99994459510378,99.9988079977226,99.99632579613618,0.0130000000000052,0.0090000000000023,0.0,0.0079999999999955,0.0033824603183662,0.0031980176301363,1.057674068614193,51.40143838846731,99.99966666666668,99.98846153846154,99.99819306085692,99.99566852663192,0.002524534225003,0.0021194503522252,0.0017055044267008,-0.6395726113224435
99.996,100.0,99.996,100.0,99.998,0.002,0.0,8795,87948431.0,-0.0010000000000047,0.0010000000000047,0.0220000000000055,99.9996,100.0002,99.9964,99.99996306340252,99.9990247254094,99.99667572031368,0.0040000000000048,0.0088571428571455,0.0019999999999953,0.0,0.0032837131527683,0.0029695877994123,1.1057807933539294,52.51167627912138,99.99966666666668,99.98996153846154,99.99847105149432,99.99598937651103,0.0024816749832865,0.0022826080861335,0.0018607385380179,0.3650473381964922
99.998,100.0,99.997,99.998,100.0,-0.002,0.0,38345,383448576.0,0.0010000000000047,-0.0030000000000001,0.0090000000000003,99.9998,99.9999,99.99685,99.99930870893505,99.9988384116986,99.99680184218856,0.0030000000000001,0.0085714285714309,0.0,0.0019999999999953,0.0030491622132848,0.0029003315280254,1.0513150596134746,51.25078445100343,99.99991666666666,99.99146153846154,99.99839858203364,99.99613831158428,0.002260270449355,0.0023666984629358,0.0019406449202853,3.3598635588402503
99.998,100.004,99.998,99.999,99.998,0.001,0.0,3212,32117419.0,0.0019999999999953,-0.0010000000000047,0.0139999999999957,100.0002,99.9998,99.99755,99.99920580595668,99.99886779138976,99.99701119055156,0.0060000000000002,0.0080714285714305,0.0009999999999905,0.0,0.0029027934837638,0.0026931649903093,1.077837226537861,51.87303474843299,99.99991666666666,99.99373076923077,99.9984911078746,99.99635028850396,0.002140819370652,0.0023790196208734,0.0019806798103587,-0.9162341895944712
99.999,100.014,99.999,100.007,99.999,0.008,0.01,13505,135057762.0,0.0010000000000047,0.0050000000000096,0.0110000000000098,100.0004,100.0003,99.9981,100.0018038706378,100.00034637477344,99.99796250573712,0.0150000000000005,0.0080714285714305,0.0080000000000097,0.0,0.0032668796634957,0.00250079606243,1.3063358954273183,56.641181278812816,100.00041666666668,99.99480769230767,99.9998001682016,99.9971391560222,0.0026610121794163,0.0024236065659661,0.0021167462841702,3.204545454545454
100.0,100.0,99.992,99.999,100.007,-0.008,-0.01,17215,172146855.0,0.0009999999999905,-0.0010000000000047,0.0090000000000003,100.0006,100.0002,99.99855,100.00086924709188,100.00010157936006,99.99806131471452,0.0150000000000005,0.0087857142857166,0.0,0.0080000000000097,0.0030335311161031,0.0028935963436857,1.0483601566344056,51.18046029351266,100.00033333333334,99.99538461538462,99.99967706540136,99.99727699631684,0.0024000690845298,0.0024131927808228,0.0021734108442421,0.2747130692336172
100.0,100.002,99.998,99.998,99.999,-0.001,0.0,12815,128154693.0,-0.0019999999999953,-0.0030000000000001,0.0050000000000096,100.0002,99.9999,99.9988,99.9999128313946,99.99971947402186,99.99805547521792,0.0039999999999906,0.0084285714285731,0.0,0.0009999999999905,0.0028168503220957,0.0027583394619932,1.0212123492806982,50.52474321385002,100.0,99.99642307692308,99.99941905533962,99.9973305521452,0.0020885031944004,0.0023863966243374,0.0021564293142738,-0.255591054313099
100.0,100.002,99.999,100.0,99.998,0.002,0.0,13050,130504899.0,0.0019999999999953,0.0030000000000001,0.0109999999999956,100.0006,100.0002,99.99935,99.9999418875964,99.99977047874516,99.9982406680543,0.0039999999999906,0.0081428571428574,0.0019999999999953,0.0,0.0027585038705171,0.002561315214708,1.076987266025217,51.8533398659817,100.0,99.99726923076923,99.9995084314412,99.99752828902336,0.0019801424178638,0.0023647977747711,0.0021211719349918,0.018337885290675
99.999,100.008,99.995,99.996,100.0,-0.004,0.0,11968,119679073.0,-0.0030000000000001,-0.0010000000000047,0.0060000000000002,100.0,100.0001,99.99965,99.99862792506428,99.99908493715512,99.99802727109676,0.012999999999991,0.0082142857142853,0.0,0.0040000000000048,0.0025614678797659,0.0026640784136578,0.9614836660340804,49.01818366798344,99.99958333333332,99.99753846153848,99.99896867275795,99.99741508242904,0.0015535903289247,0.0022322906926035,0.0020076556137784,-0.082911877394636
99.998,100.001,99.998,99.999,99.996,0.003,0.0,12977,129774108.0,-0.0080000000000097,-0.007000000000005,-0.0010000000000047,99.9984,99.9994,99.9996,99.99875195004286,99.999069494036,99.99811991194468,0.0050000000000096,0.0080714285714295,0.0030000000000001,0.0,0.0025927916026398,0.0024737870983965,1.0481062029632362,51.17440694466028,99.99975,99.99807692307692,99.99897349233365,99.99753248373058,0.0014410086030665,0.0021118989568328,0.001894326211636,0.0843081550802138
99.994,99.994,99.985,99.988,99.999,-0.011,-0.01,5085,50843496.0,-0.0109999999999956,-0.0100000000000051,-0.007000000000005,99.9962,99.9984,99.99925,99.99516796669523,99.99705685875672,99.9971561108071,0.0139999999999957,0.0087142857142867,0.0,0.0109999999999956,0.0024075922024512,0.0030828023056536,0.7809752179164844,43.85098737253214,99.999,99.99776923076924,99.99728526274384,99.99682637382462,0.0004588889192262,0.001887144949715,0.001607238753154,-0.6081528858750096
99.984,99.985,99.977,99.984,99.988,-0.004,0.0,5460,54595352.0,-0.01400000000001,-0.0160000000000053,-0.0150000000000005,99.9934,99.9968,99.9985,99.99144531113018,99.99468288443732,99.9959031478731,0.0109999999999956,0.0089285714285714,0.0,0.0040000000000048,0.0022356213308476,0.0031483164266787,0.7101005832523839,41.52390743600981,99.99716666666666,99.99753846153848,99.99524137616788,99.99587627205985,-0.000634895891963,0.0015654598006796,0.0011588118241306,0.0737463126843658
99.986,99.994,99.986,99.993,99.984,0.009,0.01,3628,36272478.0,-0.007000000000005,-0.0050000000000096,-0.0080000000000097,99.992,99.9963,99.9981,99.99196354075346,99.9943769054487,99.99562665759947,0.0100000000000051,0.0090714285714282,0.0090000000000003,0.0,0.002718791235787,0.0029234366819159,0.9299983312808638,48.18648369833877,99.99674999999998,99.99753846153848,99.99489654906512,99.9956632148702,-0.0007666658050879,0.0012424058922641,0.0007737162982869,-0.3355311355311355
99.995,100.002,99.99,99.992,99.993,-0.001,0.0,5120,51192342.0,-0.0039999999999906,-0.0069999999999907,-0.0079999999999955,99.9912,99.9956,99.9977,99.99197569383566,99.99394474082166,99.9952812616376,0.0120000000000004,0.009214285714285,0.0,0.0009999999999905,0.0025245918618022,0.0027860483474926,0.9061550794961262,47.53837131319135,99.99608333333332,99.99765384615384,99.99445092613202,99.99539186562056,-0.0009409394885437,0.0008421890402685,0.0004307851409207,0.4112458654906283
99.992,100.001,99.992,100.0,99.992,0.008,0.01,3647,36467467.0,0.0010000000000047,-0.007000000000005,-0.0019999999999953,99.9914,99.9949,99.9976,99.9946504625571,99.9950456970359,99.99573066529118,0.0090000000000003,0.0089285714285704,0.0079999999999955,0.0,0.0029156924431018,0.0025870448941003,1.1270358893851895,52.9862187567956,99.99625000000002,99.99803846153848,99.995304629804,99.99573320890792,-0.0004285791039109,0.0005278947971084,0.0002589122919544,-0.2876953125
99.995,99.995,99.987,99.99,100.0,-0.01,-0.01,5370,53692647.0,0.0019999999999953,-0.0090000000000003,-0.0100000000000051,99.9918,99.994,99.9971,99.9931003083714,99.99412829757485,99.9951848876444,0.0130000000000052,0.0095714285714275,0.0,0.0100000000000051,0.0027074286971659,0.0031165416873792,0.8687285359056666,46.48767968241269,99.9955,99.99765384615384,99.99448853291108,99.9953085267666,-0.0008199938555009,0.0002047284582305,4.313106246336894e-05,0.472443103921031
99.99,99.992,99.989,99.99,99.99,0.0,0.0,4084,40838374.0,0.0060000000000002,-0.0080000000000097,-0.0110000000000098,99.993,99.9932,99.99655,99.99206687224762,99.99337769801576,99.99469108882111,0.0030000000000001,0.0095714285714275,0.0,-0.0,0.0025140409330826,0.0028939315668521,0.8687285359056666,46.48767968241269,99.99408333333334,99.99746153846152,99.99379798938632,99.99491530256168,-0.0011173131753565,-0.0001394332743495,-0.0001889577851006,-0.2394785847299814
99.99,99.99,99.985,99.988,99.99,-0.002,0.0,12390,123885599.0,-0.0049999999999954,-0.0120000000000004,-0.0090000000000003,99.992,99.992,99.9961,99.9907112481651,99.99239993474016,99.99405384226674,0.0049999999999954,0.0094999999999986,0.0,0.0019999999999953,0.0023344665807196,0.0028300793120766,0.8248767342872179,45.20177822363482,99.99316666666664,99.99703846153848,99.9929059910192,99.99440305792749,-0.0014970669082856,-0.0004783951895951,-0.0004505796097376,2.033790401567091
99.986,99.989,99.984,99.988,99.988,0.0,0.0,9712,97103209.0,-0.0040000000000048,-0.0079999999999955,-0.0090000000000003,99.9912,99.9912,99.99565,99.98980749877674,99.99159994660558,99.99347728586038,0.0050000000000096,0.0087857142857136,0.0,-0.0,0.002167718967811,0.0026279307897855,0.824876734287218,45.20177822363482,99.99233333333332,99.99653846153844,99.99215122317008,99.99392875734026,-0.0017775341701877,-0.00083601105329,-0.0007159705218276,-0.2161420500403551
99.99,100.004,99.99,100.004,99.988,0.016,0.02,9130,91294941.0,0.0040000000000048,0.0050000000000096,-0.0019999999999953,99.992,99.9917,99.99555,99.99453833251783,99.9938545017682,99.99447944911176,0.0160000000000053,0.0088571428571425,0.0160000000000053,0.0,0.0031557390415392,0.0024402214476579,1.2932183038420613,56.39316159632083,99.99266666666664,99.9966923076923,99.99397411191312,99.99467477531503,-0.0007006634019148,-0.0009648502000835,-0.0007129090978451,-0.0599258649093904
99.991,99.993,99.988,99.993,100.004,-0.011,-0.01,8027,80258406.0,0.0030000000000001,0.0049999999999954,-0.0050000000000096,99.9926,99.9922,99.9953,99.99402555501187,99.99369913781034,99.99433854919636,0.0160000000000053,0.0097142857142864,0.0,0.0110000000000098,0.0029303291100007,0.0030516342013973,0.9602491375469888,48.98607626725564,99.99241666666668,99.99634615384616,99.99382424854188,99.9945507178843,-0.0007264693424104,-0.000975025027911,-0.0007156211467581,-0.1208105147864183
99.992,99.994,99.991,99.993,99.993,0.0,0.0,2728,27273253.0,0.0030000000000001,0.0090000000000003,-0.007000000000005,99.9932,99.9931,99.99495,99.99368370334128,99.9935720218448,99.99421106832052,0.0030000000000001,0.0096428571428585,0.0,-0.0,0.0027210198878578,0.002833660329869,0.9602491375469888,48.98607626725564,99.99191666666668,99.99607692307691,99.9936974410739,99.99443584989288,-0.000738408818961,-0.0009718853627857,-0.0007201786811987,-0.6601470038619659
99.995,99.995,99.991,99.994,99.993,0.001,0.0,13016,130154782.0,0.0060000000000002,0.0010000000000047,-0.0040000000000048,99.9944,99.9932,99.99475,99.99378913556086,99.99364983605484,99.9941909665757,0.0040000000000048,0.0090000000000023,0.0010000000000047,0.0,0.0025980898958683,0.0026312560205926,0.9873953258577808,49.68288457816567,99.99241666666666,99.9958076923077,99.993743988601,99.99440356471564,-0.0006595761146286,-0.000940622765684,-0.0007080581678847,3.771260997067449
99.994,100.008,99.994,100.001,99.994,0.007,0.01,9190,91899917.0,0.0130000000000052,0.0090000000000003,0.0020000000000095,99.997,99.9941,99.99485,99.99619275704056,99.9949862294994,99.99483944594944,0.0139999999999957,0.0096428571428585,0.007000000000005,0.0,0.0029125120461638,0.0024433091619788,1.192035822353687,54.38030757516294,99.99383333333331,99.99596153846154,99.994860298047,99.9948921895515,-3.189150450566558e-05,-0.0008965463657501,-0.0005728248352089,-0.2939459127228027
100.001,100.012,100.001,100.01,100.001,0.009,0.01,3798,37987314.0,0.0060000000000002,0.0100000000000051,0.0030000000000001,99.9982,99.9951,99.995,100.00079517136038,99.99771600595406,99.99628330823997,0.0109999999999956,0.0094285714285728,0.0090000000000003,0.0,0.0033473326142949,0.0022687870789803,1.475384202117059,59.60223067010141,99.99525,99.99646153846152,99.99718948296284,99.99601128662177,0.0011781963410868,-0.0006745252327959,-0.0002226205999497,-0.5867247007616975
100.005,100.009,99.99,100.008,100.01,-0.002,0.0,5306,53065329.0,0.0150000000000005,0.0180000000000006,0.0090000000000003,100.0012,99.9969,99.99545,100.00319678090692,99.99958582305332,99.99739918364568,0.0200000000000102,0.0100714285714309,0.0,0.0020000000000095,0.0031082374275596,0.002249588001911,1.3816918586510711,58.01304033652892,99.99658333333332,99.99653846153848,99.99885263943013,99.9968993394646,0.0019532999655069,-0.0003333459949222,0.0002125635131415,0.3970510795155344
100.005,100.007,100.0,100.006,100.008,-0.002,0.0,1619,16189581.0,0.0130000000000052,0.0160000000000053,0.0079999999999955,100.0038,99.9985,99.99585,100.0041311872713,100.0007520370436,99.99821830901276,0.0079999999999955,0.0099285714285731,0.0,0.0019999999999953,0.0028862204684482,0.0022317602874884,1.2932484212702882,56.3937342886701,99.99708333333332,99.99684615384616,99.99995223336394,99.99757346246722,0.0023787708967262,9.73026500790613e-05,0.0006458049898585,-0.6948737278552581
100.003,100.007,99.999,100.006,100.006,0.0,0.0,7748,77480749.0,0.0120000000000004,0.0180000000000006,0.0060000000000002,100.0062,100.0003,99.99615,100.00475412484757,100.0017062121266,99.99895942244012,0.0080000000000097,0.0096428571428595,0.0,-0.0,0.002680061863559,0.0020723488383821,1.2932484212702882,56.3937342886701,99.99841666666669,99.99707692307692,100.00088265900024,99.9981976504326,0.0026850085676528,0.0005931407320613,0.0010536457054173,3.785670166769611
99.999,100.003,99.998,100.001,100.006,-0.005,-0.01,2926,29256814.0,0.0,0.0130000000000052,0.0050000000000096,100.0062,100.0016,99.9964,100.0035027498984,100.00157780992176,99.9991537631601,0.0079999999999955,0.0095714285714306,0.0,0.0049999999999954,0.0024886288733048,0.0022814667784974,1.0908021527027776,52.17146688378424,99.99933333333333,99.99719230769232,100.00090071146175,99.99840523188205,0.0024954795797071,0.0009482677300193,0.0013420124802753,-0.6223541559112029
99.999,100.01,99.999,100.007,100.001,0.006,0.01,4955,49547894.0,-0.0030000000000001,0.0030000000000001,0.0080000000000097,100.0056,100.0019,99.9968,100.00466849993228,100.00256366266323,99.99990102381152,0.0110000000000098,0.0094285714285738,0.0060000000000002,0.0,0.0027394410966402,0.0021185048657475,1.2931011587143626,56.390933901901896,100.00091666666668,99.9975,100.00183906354457,99.99904188137226,0.0027971821723014,0.0013397845649873,0.0016330464186805,0.693438140806562
99.998,100.006,99.989,100.006,100.007,-0.001,0.0,2848,28481197.0,-0.0019999999999953,0.0130000000000052,0.0180000000000006,100.0052,100.0032,99.9977,100.0051123332882,100.00318845126992,100.0004818786866,0.0180000000000006,0.0105000000000024,0.0,0.0010000000000047,0.0025437667325945,0.0020386116610516,1.247793673112917,55.5119310121056,100.00241666666666,99.99746153846152,100.00247920761464,99.99955729756692,0.0029219100477178,0.0017464866612849,0.001890819144488,-0.4252270433905146
100.004,100.007,99.991,100.006,100.006,0.0,0.0,9330,93299222.0,0.0,0.0130000000000052,0.0220000000000055,100.0052,100.0045,99.9988,100.00540822219212,100.00369964194812,100.0010074140498,0.0160000000000053,0.0112857142857174,0.0,-0.0,0.0023620691088377,0.0018929965424051,1.247793673112917,55.51193101210559,100.00258333333336,99.99773076923076,100.0030208679816,100.00003453478416,0.0029863331974411,0.0021515876959594,0.0021099219550786,2.275983146067416
100.03,100.032,100.025,100.025,100.006,0.019,0.02,1022,10221547.0,0.0190000000000054,0.0310000000000059,0.0320000000000106,100.009,100.0076,100.0004,100.01193881479476,100.00757243432118,100.00329242223552,0.0259999999999962,0.0127857142857164,0.0190000000000054,0.0,0.0035504927439211,0.0017577825036619,2.019870340343347,66.88599551309531,100.00525,99.99876923076924,100.00640227290752,100.00188382850384,0.0045184444036578,0.0026571805746442,0.0025916264447944,-0.8904608788853162
99.995,100.003,99.995,99.999,100.025,-0.026,-0.03,8093,80925036.0,-0.0020000000000095,-0.0020000000000095,0.0069999999999907,100.0086,100.0074,100.00075,100.00762587652984,100.00601380989914,100.00288362011788,0.0300000000000011,0.0137857142857161,0.0,0.0260000000000104,0.0032968861193553,0.0034893694676868,0.9448372119622388,48.58181477353303,100.00575,99.99873076923078,100.00526346169096,100.00167021157765,0.003593250113326,0.0029255198826708,0.0027919511785007,6.918786692759295
99.997,100.001,99.995,99.998,99.999,-0.001,0.0,8975,89745801.0,-0.0090000000000003,-0.0120000000000004,-0.0019999999999953,100.0068,100.0062,100.00065,100.0044172510199,100.00455675355384,100.00241851343998,0.0060000000000002,0.01307142857143,0.0,0.0009999999999905,0.0030613942536871,0.0033115573628513,0.9244575642957188,48.03730575550709,100.00608333333334,99.9988076923077,100.0041460060462,100.00139834405336,0.0027476619928279,0.0030137823301509,0.0027830933413662,0.108983071790436
99.998,100.002,99.992,99.998,99.998,0.0,0.0,9856,98556288.0,-0.0079999999999955,-0.0099999999999909,0.0080000000000097,100.0052,100.0052,100.00105,100.00227816734662,100.00336461654403,100.00199770263616,0.0099999999999909,0.0135714285714294,0.0,-0.0,0.0028427232355666,0.0030750175512191,0.9244575642957188,48.03730575550709,100.00583333333334,99.99876923076924,100.00320046665448,100.00114661486424,0.0020538517902366,0.0029776802072076,0.0026372450311403,0.0981615598885794
99.996,100.0,99.994,99.998,99.998,0.0,0.0,4927,49269539.0,-0.0079999999999955,-0.0079999999999955,0.0080000000000097,100.0036,100.0044,100.00145,100.00085211156444,100.00238923171784,100.00161696905178,0.0060000000000002,0.0137142857142862,0.0,-0.0,0.0026396715758832,0.0028553734404177,0.9244575642957188,48.03730575550709,100.00483333333334,99.99915384615385,100.00240039486148,100.00091353228171,0.0014868625797532,0.0028445528752188,0.0024071685408629,-0.500101461038961
99.996,100.004,89.998,100.001,99.998,0.003,0.0,7596,75582024.0,-0.0240000000000009,-0.0049999999999954,0.0130000000000052,99.9988,100.0039,100.0021,100.00090140770962,100.00213664413278,100.00155821009449,10.006,0.7274285714285723,0.0030000000000001,0.0,0.002665409320463,0.0026514181946736,1.005276846111087,50.13157400488916,100.00425,99.99980769230768,100.00218494949816,100.00091993729788,0.0012650122002924,0.002707834277506,0.0021787372727488,0.5417089506799269
99.999,99.999,99.986,99.992,100.001,-0.009,-0.01,6850,68489183.0,-0.0069999999999907,-0.0090000000000003,0.0040000000000048,99.9974,100.003,100.0023,99.99793427180644,100.0002936179268,100.0006479043712,0.0150000000000005,0.7277142857142869,0.0,0.0090000000000003,0.0024750229404299,0.0031048883236255,0.7971375078443821,44.35595519902798,100.00308333333334,99.99976923076922,100.00061803419077,100.00025920120171,0.0003588329890362,0.0024369065904765,0.0018147564160062,-0.0982095839915745
99.99,99.994,99.989,99.992,99.992,0.0,0.0,11315,113140537.0,-0.0060000000000002,-0.0150000000000005,-0.0120000000000004,99.9962,100.0015,100.0017,99.99595618120428,99.99878568739466,99.99982429443108,0.0049999999999954,0.7266428571428573,0.0,-0.0,0.0022982355875421,0.0028831105862237,0.797137507844382,44.35595519902798,100.00191666666666,99.99976923076925,99.9992921827768,99.99964740852012,-0.0003552257433199,0.0020727803914724,0.001380759984141,0.6518248175182482
99.994,99.999,99.98,99.998,99.992,0.006,0.01,12963,129623889.0,0.0,-0.0079999999999955,0.0050000000000096,99.99620000000002,100.0007,100.00195,99.9966374541362,99.99864283514108,99.99965055210431,0.0189999999999912,0.7274285714285712,0.0060000000000002,0.0,0.0025626473312891,0.0026771741157791,0.9572210175591448,48.907149932044845,100.00166666666668,99.99969230769231,99.99909338542652,99.99952537825938,-0.0004319928328442,0.0016929663881073,0.0010182094207439,0.1456473707467962
100.0,100.027,100.0,100.008,99.998,0.01,0.01,6806,68060636.0,0.0099999999999909,0.0019999999999953,0.0150000000000005,99.9982,100.0009,100.0027,100.00042496942416,100.00034413784267,100.00044573761818,0.0289999999999963,0.7289285714285703,0.0099999999999909,0.0,0.0030938868076249,0.0024859473932235,1.2445503939699851,55.447647658679735,100.00175000000002,100.0003846153846,100.00046363382246,100.00015312801794,0.0003105058045207,0.0012254176548699,0.0008766686974993,-0.4749672143793875
100.02,100.183,100.02,100.098,100.008,0.09,0.09,2996,29980038.0,0.0969999999999942,0.0729999999999932,0.1039999999999992,100.0176,100.0082,100.0079,100.0329499796161,100.018099749144,100.0097366197498,0.1750000000000113,0.7408571428571429,0.0900000000000034,0.0,0.0093014663213662,0.0023083797222789,4.029435119185384,80.11705139240429,100.00941666666668,100.00453846153846,100.015469228619,100.00740104446103,0.008068184157949,0.0017226325487169,0.0023149717895892,-0.5598001763150162
100.0,100.0,99.972,99.989,100.098,-0.109,-0.11,30845,308413728.0,-0.0030000000000001,-0.0099999999999909,-0.0120000000000004,100.017,100.0072,100.0073,100.01829998641075,100.01280888566328,100.00776170358314,0.1260000000000047,0.7490714285714282,0.0,0.1089999999999946,0.0086370758698401,0.0099292097421158,0.8698653864874106,46.52021438406722,100.008,100.00457692307693,100.0113970396007,100.0060380041306,0.0053590354700929,0.0020127851573019,0.00292378452569,9.29539385847797
99.987,99.997,99.987,99.997,99.989,0.008,0.01,8115,81143763.0,0.0049999999999954,-0.0010000000000047,-0.0130000000000052,100.018,100.0071,100.00665,100.0111999909405,100.0099345428154,100.00673677943236,0.0100000000000051,0.7484999999999999,0.0079999999999955,0.0,0.0085915704505655,0.0092199804748218,0.9318425862210464,48.235948046049685,100.00566666666668,100.00492307692308,100.00918211043135,100.00536852234316,0.0038135880882066,0.0022083114126319,0.0031017452381933,-0.736910358242827
99.99,99.998,99.988,99.998,99.997,0.001,0.0,12712,127106036.0,0.0,0.0,-0.0099999999999909,100.018,100.0071,100.00615,100.00679999396034,100.00776462593988,100.00590470520072,0.0100000000000051,0.7480714285714285,0.0010000000000047,0.0,0.0080493154183826,0.0085614104409059,0.940185670800619,48.45854110512272,100.00558333333332,100.00469230769232,100.0074617857496,100.0048227058733,0.0026390798763031,0.002336335556693,0.0030092121658153,0.5664818237831177
99.997,99.999,99.991,99.995,99.998,-0.003,0.0,10019,100180800.0,-0.012999999999991,-0.0030000000000001,-0.0109999999999956,100.0154,100.0068,100.0056,100.00286666264024,100.00544378485988,100.00486616184828,0.0079999999999955,0.7467857142857142,0.0,0.0030000000000001,0.0074743643170695,0.0081641668379841,0.9155085222284742,47.79454184643278,100.00533333333334,100.00476923076924,100.00554458794196,100.00409509803085,0.0014494899111383,0.0023568330801203,0.0026972677148799,-0.2118470736312145
99.998,100.005,99.998,100.001,99.995,0.006,0.01,15971,159714017.0,-0.0969999999999942,0.0,-0.0049999999999954,99.996,100.0068,100.00535,100.00224444176015,100.00463582397629,100.00449795595796,0.0099999999999909,0.745357142857142,0.0060000000000002,0.0,0.007369052580136,0.0075810120638424,0.972040740481432,49.291108470919774,100.00558333333332,100.00507692307691,100.00484542056628,100.00386583151004,0.0009795890562571,0.0024258059764782,0.0023537319831553,0.5940712645972652
99.998,100.002,99.99,100.001,100.001,0.0,0.0,6263,62634248.0,0.0120000000000004,0.0090000000000003,0.0,99.9984,100.0077,100.00535,100.00182962784012,100.00397476507148,100.00416481729528,0.0120000000000004,0.7457857142857135,0.0,-0.0,0.0068426916815548,0.0070395112021393,0.972040740481432,49.291108470919774,100.00583333333331,100.00534615384616,100.00425381740224,100.00365354769448,0.0006002697077747,0.0025319721377109,0.0020030395280792,-0.607851731262914
99.993,100.001,99.993,100.0,100.001,-0.001,0.0,6910,69101612.0,0.0030000000000001,0.0079999999999955,-0.007000000000005,99.999,100.0085,100.005,100.00121975189342,100.00325208051304,100.00376816802908,0.0080000000000097,0.7456428571428576,0.0,0.0010000000000047,0.0063539279900152,0.006608117544844,0.9615337419312224,49.01948518023184,100.00575,100.0053076923077,100.00359938395574,100.00338291453193,0.0002164694238331,0.002604023499564,0.00164572550723,0.1033051253392942
99.995,100.0,99.995,99.997,100.0,-0.003,0.0,6706,67056147.0,-0.0010000000000047,-0.0010000000000047,-0.0090000000000003,99.9988,100.0084,100.00455,99.99981316792896,100.00211533860156,100.00312358059772,0.0049999999999954,0.7455714285714288,0.0,0.0030000000000001,0.0059000759907284,0.0063503948630694,0.9290880516800868,48.16203443232789,100.00616666666669,100.0048076923077,100.0025840941164,100.00291010604806,-0.0003260119316621,0.0025332993066547,0.0012513780194515,-0.0295224312590448
99.997,100.001,99.995,99.999,99.997,0.002,0.0,14478,144776657.0,0.0039999999999906,-0.0090000000000003,-0.007000000000005,99.99960000000002,100.0075,100.0042,99.99954211195264,100.00154891340128,100.00273085863604,0.0060000000000002,0.0312857142857144,0.0019999999999953,0.0,0.0056214991342475,0.005896795229993,0.9533142859793874,48.80496153753351,100.00675,100.00446153846154,100.00203269502155,100.002620468563,-0.0005877735414401,0.0015715262289448,0.0008835477072732,1.1589621234715182
99.981,100.017,99.98,100.0,99.999,0.001,0.0,9865,98650701.0,-0.0010000000000047,-0.0979999999999989,-0.0250000000000056,99.9994,99.9977,100.00295,99.99969474130177,100.00126729278288,100.00247077686116,0.0369999999999919,0.0328571428571424,0.0010000000000047,0.0,0.0052913920532301,0.0054755955707078,0.9663591813714112,49.14459120827746,100.00691666666668,100.00423076923076,100.00171997271056,100.00242635978056,-0.0007063870699965,0.0008975903911571,0.0005655607518192,-0.3186213565409587
99.998,99.998,99.981,99.983,100.0,-0.017,-0.02,8123,81218225.0,-0.0180000000000006,-0.0060000000000002,-0.0159999999999911,99.9958,99.9971,100.00215,99.99412982753452,99.99794596682234,100.00061641716007,0.0190000000000054,0.0338571428571431,0.0,0.0169999999999959,0.0049134354779994,0.006298767315657,0.7800630237262448,43.82221378281999,100.00483333333334,100.00334615384617,99.99883997690894,100.00098737016718,-0.0021473932582409,0.0002352591304407,2.2969949807224207e-05,-0.1765838824125697
99.983,99.99,99.978,99.989,99.983,0.006,0.01,9487,94856630.0,-0.0109999999999956,-0.0079999999999955,-0.0090000000000003,99.9936,99.9963,100.0017,99.99241988502304,99.9963194274001,99.99951009171627,0.0120000000000004,0.0333571428571437,0.0060000000000002,0.0,0.0049910472295709,0.0058488553645386,0.8533374341638585,46.04328485648085,99.99575,100.0028846153846,99.99732613430756,100.00009941682146,-0.0027732825138855,-0.0003661144684691,-0.0005362805429313,0.1679182568016741
99.992,99.992,99.974,99.976,99.989,-0.013,-0.01,10841,108382331.0,-0.0210000000000007,-0.0220000000000055,-0.0220000000000055,99.9894,99.9941,100.0006,99.98694659001536,99.9926249860546,99.99727103536236,0.0180000000000006,0.0325714285714298,0.0,0.0130000000000052,0.0046345438560301,0.0063596514099291,0.7287418063188789,42.15446191300456,99.99466666666666,100.00169230769232,99.99404519056796,99.99831427483468,-0.0042690842667383,-0.0010015115993443,-0.0012828412876927,0.1427216190576579
99.979,99.979,99.922,99.959,99.976,-0.017,-0.02,12105,121006773.0,-0.039999999999992,-0.0360000000000013,-0.0390000000000014,99.9814,99.9905,99.99865,99.97763106001024,99.98651135222649,99.99362617485164,0.0570000000000021,0.0241428571428577,0.0,0.0169999999999959,0.0043035050091708,0.0071196763092196,0.604452340564703,37.6734369281396,99.9915,99.99988461538464,99.98865362278826,99.9954021063284,-0.0067484835401501,-0.0018601863322784,-0.0023759697381842,0.1165944101097684
99.989,99.994,99.983,99.988,99.959,0.029,0.03,13566,135644900.0,-0.0120000000000004,-0.0130000000000052,-0.0130000000000052,99.979,99.9892,99.998,99.9810873733402,99.98678201545803,99.9930903486753,0.0349999999999965,0.0176428571428571,0.0289999999999963,0.0,0.0060675403656583,0.0066111280014182,0.9177768702038134,47.85629050298619,99.99066666666668,99.99919230769233,99.98855306543622,99.99485380215594,-0.0063007367197229,-0.0026269648242226,-0.0031609231344919,0.1206939281288723
99.989,99.991,99.981,99.987,99.988,-0.001,0.0,11925,119235418.0,0.0039999999999906,-0.01400000000001,-0.0050000000000096,99.9798,99.9878,99.99775,99.98305824889346,99.98682164901112,99.99251031546812,0.0100000000000051,0.0176428571428571,0.0,0.0010000000000047,0.0056341446252542,0.0062103331441743,0.9072209967575312,47.56769133204273,99.99,99.99773076923078,99.98831413229216,99.99427203903328,-0.0059579067411164,-0.0033130066203281,-0.0037203198558168,-0.1209641751437416
99.987,99.991,99.985,99.991,99.987,0.004,0.0,19287,192851190.0,0.0019999999999953,-0.0090000000000003,-0.0010000000000047,99.9802,99.9869,99.9977,99.98570549926232,99.98758134919092,99.99236647589971,0.0060000000000002,0.0173571428571425,0.0040000000000048,0.0,0.0055174200091649,0.0057667379195905,0.956766214469614,48.89527463192365,99.98916666666666,99.99742307692308,99.98872734270876,99.99402966577156,-0.005302323062807,-0.0038659300793442,-0.0040367204972148,0.6173584905660376
99.989,99.997,99.989,99.997,99.991,0.006,0.01,14106,141044694.0,0.0210000000000007,0.0,-0.0010000000000047,99.9844,99.9869,99.99765,99.98947033284152,99.9892938311562,99.99280776390928,0.0079999999999955,0.0173571428571425,0.0060000000000002,0.0,0.0055518900085103,0.0053548280681911,1.036800796927499,50.903397057361055,99.98883333333332,99.99738461538462,99.9900000592151,99.99424969052924,-0.0042496313141242,-0.004272803165198,-0.0040793026605967,-0.2686265360087105
99.994,99.999,99.994,99.996,99.997,-0.001,0.0,13773,137722090.0,0.0369999999999919,-0.0030000000000001,-0.0120000000000004,99.9918,99.9866,99.99705,99.99164688856102,99.99051313458234,99.99311178639412,0.0049999999999954,0.0169999999999999,0.0,0.0010000000000047,0.0051553264364739,0.0050437689204635,1.0221178879860475,50.54689907342831,99.9885,99.9973076923077,99.99092312702815,99.9943793430826,-0.0034562160544453,-0.0045783397190256,-0.0039546853393664,-0.0236069757549979
99.994,100.005,99.994,100.002,99.996,0.006,0.01,11459,114594418.0,0.0139999999999957,0.0019999999999953,-0.0960000000000036,99.9946,99.9868,99.99225,99.99509792570734,99.99260165556736,99.993958282928,0.0109999999999956,0.016928571428571,0.0060000000000002,0.0,0.00521566026244,0.004683499711859,1.113624550725081,52.68790762025596,99.98891666666668,99.99746153846156,99.99262726133152,99.99494383618762,-0.0023165748560955,-0.0045971376743428,-0.0036270632427123,-0.1680098743919262
99.993,99.998,99.992,99.996,100.002,-0.006,-0.01,7029,70292168.0,0.0090000000000003,0.012999999999991,0.0069999999999907,99.9964,99.9881,99.9926,99.99539861713824,99.9932195363733,99.99415273217296,0.0099999999999909,0.0170714285714268,0.0,0.0060000000000002,0.0048431131008372,0.0047775354467262,1.013726251713292,50.34081722134807,99.98866666666665,99.99726923076923,99.9931461442036,99.99502207054408,-0.0018759263404888,-0.0044974314328543,-0.0032768358622676,-0.3865956889780958
99.993,99.997,99.993,99.996,99.996,0.0,0.0,11702,117017347.0,0.0049999999999954,0.0069999999999907,-0.0010000000000047,99.9974,99.9888,99.99255,99.99559907809216,99.99372507521451,99.9943286624422,0.0040000000000048,0.0169999999999989,0.0,-0.0,0.0044971764507774,0.0044362829148172,1.013726251713292,50.34081722134807,99.98833333333332,99.99742307692308,99.9935851989415,99.99509450976304,-0.0015093108215324,-0.0041907899389425,-0.0029233308541205,0.6648171859439465
99.993,99.997,99.992,99.995,99.996,-0.001,0.0,14446,144451703.0,-0.0019999999999953,0.0190000000000054,-0.0030000000000001,99.997,99.9907,99.9924,99.99539938539478,99.99395687972095,99.99439259935248,0.0049999999999954,0.01692857142857,0.0,0.0009999999999905,0.0041759495614361,0.0041908341351867,0.9964483028269636,49.91104960824662,99.98933333333332,99.99753846153848,99.9938028606428,99.99508750903983,-0.0012846483970463,-0.0035836971452643,-0.0025955943627057,0.2344898307981542
99.992,99.997,99.99,99.996,99.995,0.001,0.0,4663,46626611.0,0.0,0.0369999999999919,0.0009999999999905,99.997,99.9944,99.99245,99.99559959026318,99.99432835613534,99.9945456851284,0.007000000000005,0.0147857142857138,0.0009999999999905,0.0,0.0039490960213329,0.0038914888398162,1.0148033783181396,50.367365333943816,99.98991666666666,99.99746153846156,99.99414088208238,99.99515510096282,-0.0010142188804422,-0.0029963062742331,-0.002279319266253,-0.6772116848954728
99.997,99.998,99.994,99.997,99.996,0.001,0.0,5164,51637532.0,-0.0049999999999954,0.0090000000000003,-0.0040000000000048,99.996,99.9953,99.99225,99.99606639350878,99.99481410956528,99.9947794294019,0.0040000000000048,0.0137142857142852,0.0010000000000047,0.0,0.0037384463055237,0.0036135253512579,1.0345703826935333,50.84957450938036,99.99166666666667,99.99703846153848,99.9945807463774,99.99529176015076,-0.000711013773369,-0.0024133181667056,-0.0019656581676762,0.1074415612266781
99.989,99.989,99.98,99.983,99.997,-0.014,-0.01,3032,30315447.0,-0.012999999999991,-0.0039999999999906,-0.0180000000000006,99.9934,99.9949,99.99135,99.99171092900588,99.9926660896443,99.99365757898268,0.0169999999999959,0.0140714285714277,0.0,0.0139999999999957,0.0034714144265577,0.0043554163975963,0.7970338791196924,44.35274639953549,99.99366666666668,99.9926153846154,99.99279909308856,99.99438125939884,-0.0015821663102855,-0.0019999674164255,-0.001888959796198,-0.412858249419055
99.98,99.996,99.977,99.989,99.983,0.006,0.01,6675,66744324.0,-0.0069999999999907,-0.0019999999999953,-0.0109999999999956,99.992,99.9947,99.9908,99.99080728600391,99.99199952789078,99.99321400003195,0.0189999999999912,0.0141428571428556,0.0060000000000002,0.0,0.0036520276818036,0.0040443152263395,0.9030027278830818,47.4514678645569,99.99375,99.9926153846154,99.99221461722878,99.99398264759152,-0.00176803036274,-0.0017242339773828,-0.0018647739095064,1.2015171503957784
99.987,99.99,99.984,99.988,99.989,-0.001,0.0,8749,87479192.0,-0.007000000000005,-0.0090000000000003,-0.0090000000000003,99.9906,99.9938,99.99035,99.98987152400264,99.99127234100156,99.99271742860034,0.0060000000000002,0.0104999999999983,0.0,0.0010000000000047,0.0033911685616748,0.0038268641387441,0.8861481460347003,46.98189523965407,99.99383333333334,99.99226923076922,99.9915662145782,99.99353948851068,-0.001973273932478,-0.0015594626304975,-0.0018864739141008,0.3107116104868914
99.99,99.999,99.99,99.997,99.988,0.009,0.01,14366,143654176.0,0.0010000000000047,0.0010000000000047,-0.0019999999999953,99.9908,99.9939,99.99025,99.99224768266842,99.99231373354672,99.99312529254316,0.0109999999999956,0.0087857142857125,0.0090000000000003,0.0,0.003791799378698,0.0035535167002624,1.0670554547887827,51.62200425328296,99.99433333333332,99.99223076923076,99.99240218156618,99.99379582269508,-0.0013936411288995,-0.0014569144385869,-0.0017879073570605,0.6420162304263344
99.999,100.006,99.998,100.006,99.997,0.009,0.01,20365,203648517.0,0.0090000000000003,0.0040000000000048,0.0060000000000002,99.9926,99.9943,99.99055,99.99683178844565,99.99480214562912,99.99435145515812,0.0090000000000003,0.0087142857142836,0.0090000000000003,0.0,0.0041638137087911,0.0032996940788151,1.2618787103701026,55.788964482698816,99.99508333333334,99.99265384615384,99.99449415363291,99.99469983582875,-0.0002056821958547,-0.0012713317558497,-0.0014714623248193,0.4175831825142697
99.991,100.0,99.99,99.999,100.006,-0.007,-0.01,18478,184769842.0,0.0159999999999911,0.0030000000000001,0.0159999999999911,99.9958,99.9946,99.99135,99.99755452563043,99.99556539187836,99.99479417371448,0.0160000000000053,0.0094285714285697,0.0,0.007000000000005,0.0038663984438774,0.0035640016446144,1.084847547621084,52.03486215857604,99.99533333333332,99.99257692307694,99.99518736076632,99.99501836650812,0.000168994258189,-0.0010848534136584,-0.0011433710082176,-0.0926589737294377
99.998,99.999,99.995,99.998,99.999,-0.001,0.0,17436,174354227.0,0.0090000000000003,0.0020000000000095,0.0090000000000003,99.9976,99.9948,99.9918,99.99770301708696,99.99600804790046,99.99509949050356,0.0039999999999906,0.0091428571428551,0.0,0.0009999999999905,0.0035902271264576,0.0033808586699984,1.061927597955259,51.50169186388189,99.995,99.99246153846154,99.99562007449458,99.99523922824828,0.0003808462463155,-0.0008997984532849,-0.000838527557311,-0.0563913843489555
99.998,99.999,99.993,99.997,99.998,-0.001,0.0,16086,160857060.0,0.0090000000000003,0.0019999999999953,0.0210000000000007,99.9994,99.995,99.99285,99.99746867805796,99.99618840282764,99.99528049140798,0.0060000000000002,0.009214285714284,0.0,0.0010000000000047,0.0033337823317106,0.0032107973364274,1.0383035683653756,50.93959430184615,99.99508333333334,99.99234615384616,99.9958323707262,99.99536965578544,0.0004627149407525,-0.0007356946953744,-0.0005782790576983,-0.0774260151410873
99.994,99.998,99.991,99.998,99.997,0.001,0.0,15507,155064612.0,0.0010000000000047,0.0020000000000095,0.0390000000000014,99.99960000000002,99.9952,99.9948,99.997645785372,99.9965177841317,99.99553949222629,0.007000000000005,0.0089285714285704,0.0010000000000047,0.0,0.0031670835937316,0.0029814546695397,1.0622611928627952,51.50953703338531,99.99525,99.99238461538462,99.99616585215291,99.99556449609764,0.0006013560552986,-0.0005898758255224,-0.0003423520350989,-0.035994032077583
99.998,100.0,99.993,99.998,99.998,0.0,0.0,12441,124408306.0,-0.0079999999999955,0.0010000000000047,0.0100000000000051,99.998,99.9953,99.9953,99.99776385691467,99.99678727792592,99.99577382629997,0.007000000000005,0.0087142857142857,0.0,-0.0,0.0029408633370365,0.0027684936217155,1.0622611928627952,51.50953703338531,99.9955,99.99234615384616,99.9964480287448,99.9957449037941,0.0007031249506894,-0.000335954574303,-0.0001332566379412,-0.1977171599922615
99.994,99.994,99.98,99.99,99.998,-0.008,-0.01,15792,157893201.0,-0.0090000000000003,0.0069999999999907,0.0030000000000001,99.9962,99.996,99.99545,99.9951759046098,99.99555322739393,99.99522393808093,0.0180000000000006,0.0097142857142854,0.0,0.0080000000000097,0.0027308016701053,0.0031421726487365,0.869080720692872,46.49776283448593,99.995,99.99196153846152,99.99545602432252,99.99531935536493,0.0001366689576087,-0.0001243213164864,-7.927151883124532e-05,0.2693513383168555
99.988,99.989,99.984,99.985,99.99,-0.005,-0.01,11218,112166418.0,-0.0130000000000052,-0.0040000000000048,-0.0060000000000002,99.9936,99.9956,99.99515,99.99178393640652,99.99363445877682,99.99425022969228,0.0060000000000002,0.0097857142857143,0.0,0.0049999999999954,0.0025357444079549,0.0032748746023978,0.7743027492100929,43.63983257957567,99.994,99.99203846153848,99.99384740519598,99.99455495867122,-0.0007075534752374,1.6314289873599188e-05,-0.0002049279101124,-0.2896403242147923
99.99,99.993,99.9,99.963,99.985,-0.022,-0.02,33295,332763376.0,-0.034000000000006,-0.0250000000000056,-0.034000000000006,99.9868,99.9931,99.99345,99.9821892909377,99.98806455718103,99.99127401734064,0.0929999999999893,0.0159285714285703,0.0,0.0220000000000055,0.0023546198073867,0.0046123835593698,0.5104995664559303,33.79673703936971,99.99233333333332,99.99103846153848,99.98910165055044,99.9922175543252,-0.0031159037747698,-0.0001750482263342,-0.0007871230830439,1.967997860581209
99.96,99.971,99.957,99.97,99.963,0.007,0.01,15291,152856490.0,-0.0280000000000057,-0.027000000000001,-0.0259999999999962,99.9812,99.9904,99.99215,99.97812619395847,99.98478009223902,99.98924792045104,0.01400000000001,0.0166428571428564,0.007000000000005,0.0,0.002686432678288,0.0042829275908434,0.6272421425081892,38.54633100525373,99.99075,99.9908076923077,99.98616293508114,99.99057180956038,-0.0044088744792389,-0.0006420695911546,-0.0015114733622829,-0.5407418531311008
99.973,99.995,99.973,99.995,99.97,0.025,0.03,17902,179005390.0,-0.0030000000000001,-0.0109999999999956,-0.0069999999999907,99.9806,99.9893,99.9918,99.98375079597233,99.98663825728649,99.98979573755096,0.0250000000000056,0.0172142857142856,0.0250000000000056,0.0,0.0042802589155536,0.0039770041914974,1.0762520504012738,51.83629079105634,99.99133333333332,99.99219230769228,99.9875224835302,99.99089982366702,-0.0033773401368364,-0.0010361067461575,-0.0018846467171936,0.1707540383231967
99.985,100.002,99.982,99.999,99.995,0.004,0.0,15878,158765997.0,0.0090000000000003,0.0,0.0030000000000001,99.9824,99.9893,99.99195,99.98883386398155,99.98888584687074,99.99067233397469,0.019999999999996,0.0172857142857146,0.0039999999999906,0.0,0.0042602404215848,0.0036929324635333,1.153619911453423,53.56655115037798,99.99150000000002,99.9926153846154,99.98928825529477,99.99149983672872,-0.0022115814339542,-0.0013241542661875,-0.0019500336605457,-0.1130599932968383
99.996,100.011,99.991,99.999,99.999,0.0,0.0,22509,225080439.0,0.0139999999999957,0.0009999999999905,0.0030000000000001,99.9852,99.9894,99.9921,99.99222257598773,99.99072478380332,99.99146544502472,0.019999999999996,0.0182857142857143,0.0,-0.0,0.0039559375343287,0.0034291515732809,1.153619911453423,53.56655115037798,99.99091666666668,99.99307692307691,99.9907823698648,99.99205540437843,-0.0012730345136304,-0.0015170153166745,-0.0018146338311627,0.4176218667338456
100.007,100.007,99.993,99.993,99.999,-0.006,-0.01,13646,136454151.0,0.0300000000000011,-0.0040000000000048,-0.0020000000000095,99.9912,99.989,99.992,99.99248171732516,99.99113845947544,99.9916115931176,0.01400000000001,0.018500000000001,0.0,0.0060000000000002,0.003673370567591,0.0036127836037609,1.016770161314673,50.41576778644277,99.99041666666666,99.99315384615385,99.99112354373176,99.99212537442448,-0.001001830692715,-0.0016951471775649,-0.0016520732034731,-0.3937536096672442
99.993,99.998,99.988,99.995,99.993,0.002,0.0,13754,137529237.0,0.0250000000000056,-0.0030000000000001,-0.0009999999999905,99.9962,99.9887,99.99195,99.99332114488344,99.99184055775262,99.99193429853496,0.0100000000000051,0.0185714285714299,0.0020000000000095,0.0,0.003553844098478,0.0033547276320637,1.0593539888339112,51.44108271709808,99.99016666666664,99.99307692307691,99.99171992161918,99.9923383096523,-0.0006183880331178,-0.0018419819535435,-0.0014453361694021,0.0079144071522789
99.993,99.998,99.993,99.998,99.995,0.003,0.0,12631,126302068.0,0.0030000000000001,0.0,0.0010000000000047,99.9968,99.9887,99.992,99.99488076325564,99.99296045634304,99.99251198438878,0.0050000000000096,0.0177857142857159,0.0030000000000001,0.0,0.0035142838057296,0.0031151042297734,1.1281432486723553,53.01068193488144,99.99025,99.99315384615385,99.99268608752392,99.9927576941225,-7.160659859550833e-05,-0.0018651236820106,-0.0011705902552408,-0.0816489748436818
99.995,100.0,99.99,99.998,99.998,0.0,0.0,23375,233736520.0,-0.0009999999999905,0.0080000000000097,0.0150000000000005,99.9966,99.9895,99.99275,99.9959205088371,99.99387673700794,99.99303465254224,0.0100000000000051,0.0182142857142884,0.0,-0.0,0.0032632635338917,0.0028925967847896,1.1281432486723553,53.01068193488144,99.99025,99.993,99.99350361252024,99.9931460130764,0.0003575994438449,-0.0017467733576681,-0.0008649523154236,0.8506056527590848
99.997,99.997,99.988,99.989,99.998,-0.009,-0.01,15404,154027024.0,-0.0099999999999909,0.0040000000000048,0.0,99.9946,99.9899,99.99275,99.99361367255808,99.99299005755194,99.99265039991916,0.0100000000000051,0.018500000000003,0.0,0.0090000000000003,0.0030301732814709,0.0033288398715904,0.910279075701902,47.65162783178339,99.9895,99.99273076923076,99.9928107490556,99.99283890099666,-2.8151941066312247e-05,-0.00140368982059,-0.0006975922405521,-0.3410053475935829
99.985,99.985,99.973,99.976,99.989,-0.013,-0.01,14300,142967899.0,-0.0169999999999959,0.0130000000000052,-0.0120000000000004,99.9912,99.9912,99.99215,99.98774244837206,99.98990095617884,99.99106464754593,0.0160000000000053,0.0191428571428602,0.0,0.0130000000000052,0.0028137323327944,0.00401963702362,0.6999966206551761,41.176353655656,99.98833333333332,99.99196153846152,99.99022447997012,99.9915915749969,-0.0013670950267794,-0.0010657143258722,-0.0008314927977976,-0.0716696961828096
99.973,99.973,99.752,99.875,99.976,-0.101,-0.1,5912,59049501.0,-0.1200000000000045,-0.0949999999999988,-0.1219999999999998,99.9672,99.9817,99.98605,99.95016163224804,99.96900987323724,99.98001087158916,0.2240000000000037,0.0346428571428601,0.0,0.100999999999999,0.0026127514518805,0.0109468058076471,0.2386770623130424,19.268707686194578,99.97916666666669,99.98734615384616,99.9724976368978,99.98295516203416,-0.0104575251363741,-0.0018524015480431,-0.0027566992655129,-0.5865734265734266
99.9,99.989,99.888,99.926,99.875,0.051,0.05,7699,76916414.0,-0.0720000000000027,-0.0690000000000026,-0.0799999999999983,99.9528,99.9748,99.98205,99.94210775483204,99.961189896285,99.97486697905688,0.1140000000000043,0.0415000000000032,0.0510000000000019,0.0,0.006068983491032,0.0101648911071008,0.5970534683635205,37.38468875280133,99.97608333333336,99.98465384615383,99.96534415429814,99.97873626114276,-0.0133921068446198,-0.0030946821492281,-0.0048837807813343,0.3022665764546683
99.93,99.945,99.9,99.922,99.926,-0.004,0.0,7865,78590053.0,-0.0760000000000076,-0.0769999999999981,-0.0769999999999981,99.9376,99.9671,99.9782,99.93540516988804,99.9540644605968,99.96983202867052,0.0449999999999874,0.0442857142857166,0.0,0.0040000000000048,0.005635484670244,0.0097245417423083,0.5795115923793019,36.68929023220101,99.97208333333332,99.98176923076925,99.95867582286766,99.97453357513218,-0.0158577522645231,-0.0047152063437718,-0.007078575077972,0.0215612417197037
99.925,99.951,99.919,99.95,99.922,0.028,0.03,15648,156369710.0,-0.0390000000000014,-0.0489999999999923,-0.0480000000000018,99.9298,99.9622,99.9758,99.94027011325868,99.953325467761,99.96794326403524,0.0319999999999964,0.0399285714285743,0.0280000000000057,0.0,0.0072329500509413,0.0090299316178577,0.8009972120538944,44.47520555239621,99.96833333333332,99.9805,99.957341080888,99.97271627327054,-0.0153751923825211,-0.006312246531528,-0.0087378985388819,0.9895740623013348
99.95,99.979,99.95,99.978,99.95,0.028,0.03,4622,46204417.0,0.0019999999999953,-0.0150000000000005,-0.0190000000000054,99.9302,99.9607,99.97485,99.95284674217248,99.9578117463499,99.96890104841282,0.0289999999999963,0.0410000000000018,0.0279999999999915,0.0,0.0087163107615877,0.0083849365022964,1.03952018708795,50.96885991465418,99.96658333333332,99.98007692307692,99.960519376136,99.97310766043567,-0.0125882842996674,-0.0076422350055891,-0.009507975691039,-0.7046267893660532
99.981,99.997,99.979,99.982,99.978,0.004,0.0,8420,84187751.0,0.1069999999999993,-0.0130000000000052,-0.0160000000000053,99.9516,99.9594,99.97405,99.96256449478165,99.96220961064992,99.9701485676116,0.0190000000000054,0.0405714285714304,0.0040000000000048,0.0,0.0083794314214747,0.0077860124664181,1.0762160294009375,51.83545518196699,99.96516666666666,99.97984615384615,99.9638240874997,99.97376635225524,-0.0099422647555513,-0.0087389748008064,-0.0095948335039414,0.8217221981826048
99.985,99.997,99.985,99.993,99.982,0.011,0.01,5258,52574184.0,0.066999999999993,-0.0050000000000096,-0.0050000000000096,99.965,99.9589,99.9738,99.97270966318776,99.967807863259,99.97232489450572,0.0150000000000005,0.0402142857142879,0.0109999999999956,0.0,0.008566614891369,0.0072298687188168,1.184892177789225,54.23115107621255,99.96516666666666,99.97969230769232,99.96831268942285,99.975191066903,-0.0068783774801772,-0.0095429722368089,-0.0090515422991886,-0.3755344418052256
99.99,99.99,99.975,99.977,99.993,-0.016,-0.02,3877,38762526.0,0.0550000000000068,-0.0210000000000007,-0.012999999999991,99.976,99.9568,99.97315,99.97413977545853,99.96947916084828,99.97277014264805,0.0180000000000006,0.0400714285714311,0.0,0.0159999999999911,0.0079547138276998,0.0078563066674721,1.0125258807214277,50.31119800349939,99.96366666666668,99.97857692307691,99.9696491987424,99.97532506194725,-0.0056758632048428,-0.0101704957105618,-0.0083764064803194,-0.2626473944465576
99.975,99.975,99.556,99.912,99.977,-0.065,-0.07,5864,58620425.0,-0.0379999999999967,-0.0769999999999981,-0.0729999999999932,99.9684,99.9491,99.9695,99.95342651697236,99.9590284043304,99.9669825100149,0.4210000000000065,0.0691428571428594,0.0,0.0649999999999977,0.0073865199828641,0.0119379990483668,0.6187402053675539,38.22356443090025,99.9565,99.97523076923076,99.96078009124356,99.9706343166178,-0.0098542253742408,-0.0111135101936131,-0.0086719702591037,0.5125096724271343
99.915,99.983,99.914,99.959,99.912,0.047,0.05,1463,14616717.0,-0.0189999999999912,-0.0169999999999959,-0.0039999999999906,99.9646,99.9474,99.9693,99.95528434464823,99.9590232399067,99.96622227096586,0.0709999999999979,0.0735000000000017,0.046999999999997,0.0,0.0102160542698022,0.0110852848306263,0.9215869890485248,47.959680946052266,99.95325,99.97373076923076,99.96050623105224,99.96977251538686,-0.0092662843346147,-0.0109811501045287,-0.0087908330742059,-0.7505115961800819
99.93,99.991,99.93,99.991,99.959,0.032,0.03,9343,93399706.0,0.0090000000000003,0.1159999999999996,0.0210000000000007,99.9664,99.959,99.97035,99.96718956309884,99.96483719628728,99.9685820546834,0.0609999999999928,0.0775000000000005,0.0319999999999964,0.0,0.0117720503933875,0.0102934787712958,1.143641586575642,53.35041052280344,99.95341666666668,99.9735,99.96519758012111,99.9713449216545,-0.0061473415333779,-0.0101761761810574,-0.0082621347660403,5.386192754613807
99.997,100.017,99.978,100.012,99.991,0.021,0.02,16519,165194922.0,0.0190000000000054,0.0859999999999985,0.0169999999999959,99.9702,99.9676,99.9712,99.98212637539925,99.97341225150778,99.9727170970945,0.0390000000000014,0.0795714285714288,0.0210000000000007,0.0,0.0124311896510027,0.0095582302876319,1.3005744030972335,56.53259470097064,99.95641666666668,99.97403846153846,99.97239795241018,99.97435640893936,-0.0019584565291808,-0.0086318099882415,-0.0070013991186684,0.7680616504334796
99.984,99.988,99.56,99.981,100.012,-0.031,-0.03,10586,105839789.0,0.0039999999999906,0.0589999999999975,-0.0180000000000006,99.971,99.9735,99.9703,99.98175091693282,99.97479184214274,99.97350594499024,0.4519999999999982,0.1111428571428569,0.0,0.0310000000000059,0.0115432475330739,0.0110897852670871,1.0408900853412022,51.001770885039264,99.96525,99.97338461538462,99.97372134434708,99.97484852679572,-0.0011271824486414,-0.007048697773366,-0.005826555784663,-0.3591621768872207
99.98,99.987,99.98,99.987,99.981,0.006,0.01,10839,108375541.0,0.0749999999999886,0.0369999999999919,-0.0120000000000004,99.986,99.9772,99.9697,99.98350061128856,99.97701150720768,99.9747910930864,0.0069999999999907,0.1104999999999987,0.0060000000000002,0.0,0.0111473012807115,0.0102976577480095,1.082508426041473,51.98098660753821,99.97033333333331,99.97326923076923,99.97576421444752,99.97574863592196,1.5578525548676225e-05,-0.0056482685705642,-0.0046581289226206,0.0238994898923106
99.984,99.996,99.983,99.99,99.987,0.003,0.0,10935,109341121.0,0.0309999999999917,0.0120000000000004,-0.0030000000000001,99.9922,99.9784,99.96955,99.98566707419238,99.97937305135171,99.9762395604115,0.012999999999991,0.0954285714285693,0.0030000000000001,0.0,0.0105653511892321,0.0095621107660088,1.1049183018031574,52.49221790967565,99.976,99.97346153846154,99.97795433530176,99.97680429252031,0.0011500427814183,-0.0044157899553454,-0.0034964945818128,0.0088569056185994
99.999,100.014,99.999,100.008,99.99,0.018,0.02,14722,147232793.0,0.0169999999999959,0.0259999999999962,0.012999999999991,99.9956,99.981,99.9702,99.99311138279492,99.98457795110596,99.97926436418184,0.0240000000000009,0.0889999999999976,0.0180000000000006,0.0,0.0110963975328585,0.008879102854151,1.249720575955579,55.55003538271656,99.98083333333334,99.97519230769232,99.98257674525532,99.97911508566698,0.0034616595883534,-0.0032668969477308,-0.0021048637477796,0.3463191586648377
100.0,100.004,99.99,100.003,100.008,-0.005,-0.01,5123,51232354.0,-0.0090000000000003,0.0100000000000051,0.0049999999999954,99.9938,99.982,99.97045,99.99640758852996,99.98792741454122,99.98152490092642,0.0180000000000006,0.0870714285714271,0.0,0.0049999999999954,0.0103037977090829,0.0086020240788542,1.19783409284008,54.50066029743935,99.98291666666668,99.97646153846154,99.98571878444682,99.98088433858052,0.0048344458662938,-0.0020990848287157,-0.0007170018249649,-0.6520173889417199
100.0,100.001,99.996,100.0,100.003,-0.003,0.0,7434,74337609.0,0.0190000000000054,0.0229999999999961,0.0019999999999953,99.9976,99.9843,99.97055,99.99760505901996,99.99012243007918,99.98328443417152,0.007000000000005,0.0852857142857134,0.0,0.0030000000000001,0.0095678121584341,0.0082018795017932,1.166538981259386,53.84343376001892,99.98441666666668,99.97665384615384,99.98791589453192,99.98230031350047,0.0056155810314351,-0.0003802174503072,0.000549514746315,0.4511028694124537
99.999,100.003,99.997,100.001,100.0,0.001,0.0,8002,80024171.0,0.01400000000001,0.0889999999999986,0.0120000000000004,100.0004,99.9932,99.97115,99.99873670601332,99.9921001700648,99.98497163091707,0.0060000000000002,0.0836428571428565,0.0010000000000047,0.0,0.0089558255756891,0.0076160309659508,1.1759176946270509,54.04237933864504,99.98508333333336,99.97673076923076,99.98992883383472,99.98368547546342,0.006243358371293,0.0013430761836824,0.0016882834713106,0.0764057035243475
100.0,100.005,99.802,99.803,100.001,-0.198,-0.2,6893,68929551.0,-0.1869999999999976,-0.1560000000000059,-0.1730000000000018,99.963,99.9776,99.9625,99.93349113734224,99.95771832096209,99.96764099940115,0.2029999999999887,0.0967857142857125,0.0,0.1980000000000075,0.0083161237488542,0.0212148858969549,0.3919947431839777,28.16064824263265,99.97058333333332,99.96919230769232,99.96117055170627,99.97030136616983,-0.0091308144635462,0.0010115791914415,-0.0004755361156606,-0.138590352411897
100.0,100.006,100.0,100.003,99.803,0.2,0.2,7400,74004761.0,-0.0049999999999954,0.0120000000000004,0.1280000000000001,99.962,99.9788,99.9689,99.95666075822815,99.96595135351444,99.97100852326771,0.2030000000000029,0.1102142857142841,0.2000000000000028,0.0,0.0220078291953648,0.0196995369043152,1.117174951993107,52.76724773932352,99.97816666666668,99.96957692307691,99.96760585144378,99.97272348719429,-0.0051176357505084,0.0006605592779607,-0.0014039560426302,0.0735528797330624
99.993,100.0,99.993,99.998,100.003,-0.005,-0.01,5278,52779714.0,-0.0049999999999954,-0.0139999999999957,0.0720000000000027,99.961,99.9774,99.9725,99.97044050548546,99.97177838014817,99.97357914009936,0.0100000000000051,0.1096428571428558,0.0,0.0049999999999954,0.0204358413956959,0.0186495699825781,1.0957808364904105,52.2850871337006,99.98141666666665,99.96969230769233,99.97228187429856,99.9745958214762,-0.0023139471776261,0.0005286965302957,-0.0015859542696294,-0.2867567567567567
99.995,99.995,99.98,99.985,99.998,-0.013,-0.01,6044,60432942.0,-0.0150000000000005,0.0040000000000048,0.0630000000000023,99.958,99.9778,99.97565,99.97529367032364,99.97418231103028,99.97466684104228,0.0180000000000006,0.0808571428571411,0.0,0.0130000000000052,0.0189761384388605,0.0182460292695372,1.0400146880473464,50.98074509663574,99.98091666666666,99.9691923076923,99.97423850902187,99.97536650136684,-0.0011279923449762,0.0004016331002374,-0.0014943618846988,0.145130731337628
99.984,99.985,99.978,99.978,99.985,-0.007,-0.01,4250,42492851.0,-0.0230000000000103,-0.0090000000000003,0.0279999999999915,99.9534,99.9769,99.97705,99.97619578021578,99.9748764362975,99.97498428475254,0.007000000000005,0.0762857142857131,0.0,0.007000000000005,0.0176206999789418,0.0174427414645706,1.0102024394922513,50.25376646878482,99.97808333333334,99.96842307692307,99.97481719994158,99.97556157533968,-0.0007443753980851,0.0001911421914036,-0.001344364587376,-0.2968232958305757
99.975,99.975,99.8,99.834,99.978,-0.144,-0.14,4860,48579139.0,0.0310000000000059,-0.1559999999999917,-0.1439999999999912,99.9596,99.9613,99.96985,99.92879718681051,99.94926253878889,99.9615572100142,0.1779999999999972,0.0846428571428562,0.0,0.1439999999999912,0.0163620785518746,0.0264825456456721,0.6178438723676316,38.18933847203987,99.96583333333332,99.96246153846155,99.9531530153352,99.96507553272193,-0.0119225173867221,-0.0015182108058269,-0.0034599951472452,0.1435294117647059
99.981,99.995,99.953,99.961,99.834,0.127,0.13,10555,105543490.0,-0.0420000000000015,-0.046999999999997,-0.0210000000000007,99.9512,99.9566,99.9688,99.9395314578737,99.95139662264543,99.9615041423938,0.1610000000000013,0.093357142857142,0.1269999999999953,0.0,0.0242647872267403,0.0245909352424098,0.9867370633750052,49.6662130870387,99.96366666666664,99.96188461538462,99.95436024374516,99.96477364140918,-0.0104133976640241,-0.0032124156425289,-0.004850675650601,1.1718106995884772
99.964,99.989,99.964,99.987,99.961,0.026,0.03,7224,72233938.0,-0.0110000000000098,-0.0160000000000053,-0.0060000000000002,99.949,99.955,99.9685,99.95535430524912,99.95786996398262,99.96393231930868,0.0280000000000057,0.0630714285714282,0.0259999999999962,0.0,0.0243887309962586,0.0228344398679519,1.0680678456443389,51.64568695818418,99.96341666666667,99.96619230769232,99.95938174470744,99.96642003834184,-0.0070382936344088,-0.0046184017165115,-0.0052881992473626,-0.3155850307910942
99.984,100.001,99.984,100.001,99.987,0.014,0.01,4975,49747619.0,0.0160000000000053,0.0010000000000047,0.0240000000000009,99.9522,99.9551,99.9697,99.97056953683276,99.96571178871304,99.9674625746126,0.0170000000000101,0.0637857142857153,0.01400000000001,0.0,0.0236466787822409,0.0212034084488125,1.1152300744159451,52.7238189313227,99.96283333333334,99.96907692307693,99.96578455321398,99.9689815169832,-0.0031969637692128,-0.00566732639879,-0.0048699521517326,-0.3113233665559247
100.0,100.011,99.998,100.007,100.001,0.006,0.01,7094,70948187.0,0.0290000000000105,0.0060000000000002,0.0949999999999988,99.958,99.9557,99.97445,99.98271302455518,99.97321873621976,99.97122804369712,0.012999999999991,0.0637857142857153,0.0060000000000002,0.0,0.0223862017263665,0.0196888792738973,1.136997256925903,53.20536810428516,99.96316666666668,99.97234615384616,99.97212539118108,99.97179770091036,0.0003276902707085,-0.0046163814283172,-0.0038304236672444,0.425929648241206
100.03,100.057,100.03,100.037,100.007,0.03,0.03,5688,56902938.0,0.2030000000000029,0.2340000000000088,0.0780000000000029,99.9986,99.9791,99.97835,100.0008086830368,99.98481532963436,99.97749203953548,0.0499999999999971,0.0656428571428579,0.0300000000000011,0.0,0.0229300444601976,0.0182825307543332,1.2542051627487514,55.638465543189,99.96625,99.9756923076923,99.98210610023014,99.97662750084292,0.0054785993872172,-0.0034390219685699,-0.001968619056352,-0.198195658302791
100.0,100.003,99.987,99.988,100.037,-0.049,-0.05,4185,41852641.0,0.027000000000001,-0.0150000000000005,-0.0030000000000001,100.004,99.9776,99.9782,99.99653912202456,99.98539436060992,99.97849279767496,0.0500000000000113,0.0679285714285729,0.0,0.0490000000000065,0.021292184141612,0.0204766357004527,1.0398282439112418,50.976264644587765,99.96516666666666,99.97607692307692,99.98301285404088,99.9774699081879,0.00554294585298,-0.0025660338540581,-0.0004663060744856,-0.2642405063291139
99.991,99.998,99.991,99.996,99.988,0.008,0.01,4780,47801067.0,0.0090000000000003,-0.0020000000000095,-0.0160000000000053,100.0058,99.9774,99.9774,99.99635941468304,99.98732265868084,99.98016015027734,0.0100000000000051,0.0681428571428587,0.0079999999999955,0.0,0.0203427424172108,0.0190140188647061,1.0698812577161738,51.688049917251725,99.98125,99.97661538461536,99.98501087649612,99.9788425075814,0.0061683689147429,-0.0017553270474226,0.00086062892336,0.1421744324970131
99.994,100.002,99.993,100.002,99.996,0.006,0.01,6078,60778076.0,0.0009999999999905,0.0169999999999959,0.0210000000000007,100.006,99.9791,99.97845,99.9982396097887,99.9899912661934,99.9822401359652,0.0090000000000003,0.0683571428571444,0.0060000000000002,0.0,0.0193182608159815,0.0176558746600842,1.0941548457894026,52.24803925026639,99.98116666666664,99.97696153846154,99.98762458780442,99.98055787739018,0.0070667104142358,-0.0008874286238314,0.0021018452215352,0.2715481171548117
99.994,100.007,99.994,100.007,100.002,0.005,0.01,4783,47829119.0,0.0,0.0290000000000105,0.0200000000000102,100.006,99.982,99.97945,100.00115973985916,99.99308376324912,99.98459821825423,0.0130000000000052,0.054785714285717,0.0050000000000096,0.0,0.0182955279005549,0.0163947407557925,1.1159388350859314,52.739654690472726,99.98191666666668,99.9781153846154,99.9906054204499,99.98251655313904,0.0080888673108461,0.0013360585647872,0.0032992496393974,-0.2130635077328068
100.004,100.008,100.004,100.007,100.007,0.0,0.0,4301,43013404.0,-0.0300000000000011,0.1730000000000018,0.0170000000000101,100.0,99.9993,99.9803,100.00310649323944,99.99561398811292,99.98673172127764,0.0039999999999906,0.0405714285714304,0.0,-0.0,0.0169887044790867,0.0152236878446645,1.1159388350859314,52.739654690472726,99.98375,99.98176923076925,99.9931276634576,99.9843301417954,0.0087975216621885,0.0034706051565886,0.0043989040439556,-0.1007735730712942
100.003,100.014,100.002,100.011,100.007,0.004,0.0,5154,51544522.0,0.0229999999999961,0.0499999999999971,0.0030000000000001,100.0046,100.0043,99.98045,100.00573766215965,99.99841144481964,99.98904298591788,0.0120000000000004,0.0407142857142872,0.0039999999999906,0.0,0.016060939873437,0.0141362815700456,1.1361502523739857,53.18681357321838,99.98650000000002,99.98376923076924,99.9958772536949,99.9863056868476,0.009571566847299,0.0053161452101117,0.0054334366046243,0.1983259707044873
99.985,100.0,99.985,99.999,100.011,-0.012,-0.01,4481,44809047.0,0.0030000000000001,0.0120000000000004,-0.0040000000000048,100.0052,100.0055,99.98025,100.00349177477312,99.99851845485244,99.98999127297331,0.0259999999999962,0.0412857142857155,0.0,0.0120000000000004,0.0149137298824772,0.0139836900293281,1.0665089008122013,51.60920915429063,100.00025,99.98407692307693,99.99635767620336,99.98724600634036,0.0091116698630031,0.0066837711692468,0.0061690832563,-0.1305781916957702
99.998,100.001,99.986,99.995,99.999,-0.004,0.0,4562,45618812.0,-0.0069999999999907,-0.0060000000000002,-0.0049999999999954,100.0038,100.0049,99.98,100.00066118318207,99.99787873578836,99.9904682945949,0.0150000000000005,0.0418571428571437,0.0,0.0039999999999906,0.0138484634623003,0.0132705693129468,1.043547050297959,51.06547706576195,100.00308333333334,99.98342307692307,99.9961488029413,99.98782037624107,0.008328426700217,0.0075727418836366,0.0066009519450834,0.0180763222494979
99.998,99.998,99.99,99.992,99.995,-0.003,0.0,2478,24779555.0,-0.0150000000000005,-0.0150000000000005,-0.0090000000000003,100.0008,100.0034,99.97955,99.9977741221214,99.99680987473592,99.99061417130017,0.0080000000000097,0.0297142857142875,0.0,0.0030000000000001,0.0128592875007074,0.0125369572191649,1.0257104077095949,50.634602251431005,100.0035,99.98384615384614,99.99551052556572,99.988129978001,0.0073805475647219,0.0077840694589149,0.0067568710690111,-0.4568171854449803
99.99,99.994,99.99,99.993,99.992,0.001,0.0,2921,29203817.0,-0.01400000000001,-0.0440000000000111,0.1899999999999977,99.998,99.999,99.98905,99.99618274808094,99.99611717023848,99.9908413930811,0.0040000000000048,0.018500000000002,0.0009999999999905,0.0,0.0120121955363705,0.0116414602749388,1.0318461131744552,50.78367433852311,100.00283333333334,99.98407692307693,99.9951242908633,99.98849072037127,0.0066335704920135,0.0079052499743631,0.0067322109536116,0.178773204196933
100.01,100.01,99.998,100.003,99.993,0.01,0.01,4446,44460555.0,-0.0079999999999955,0.0150000000000005,0.0,99.9964,100.0005,99.98905,99.9984551653873,99.99736859383148,99.9919993556448,0.0170000000000101,0.017714285714288,0.0100000000000051,0.0,0.0118684672837729,0.0108099273981575,1.0979229412582243,52.33380691283864,100.0025,99.98457692307692,99.9963359384228,99.98956548182528,0.0067704565975219,0.007972148605783,0.0067398600823937,0.5220814789455666
99.99,99.992,99.987,99.989,100.003,-0.014,-0.01,3211,32101343.0,-0.0099999999999909,-0.0069999999999907,-0.0090000000000003,99.9944,99.9998,99.9886,99.99530344359154,99.99584703131666,99.99171370272626,0.0160000000000053,0.0176428571428591,0.0,0.0139999999999957,0.0110207196206463,0.0110377897268602,0.9984534851055928,49.96130720815037,99.9985,99.98384615384614,99.99520733251158,99.98952359428264,0.0056837382289387,0.0078184850296389,0.0065286357117027,-0.2777777777777778
99.992,99.992,99.977,99.985,99.989,-0.004,0.0,3433,34325710.0,-0.0100000000000051,-0.0169999999999959,0.0,99.9924,99.9981,99.9886,99.99186896239436,99.99387484380452,99.9910743024666,0.0150000000000005,0.0177857142857169,0.0,0.0040000000000048,0.0102335253620287,0.0105350904606563,0.9713751771041956,49.27398845160838,99.99825,99.98315384615384,99.99363697366364,99.98918851322466,0.0044484604389793,0.0074139953772092,0.006112600657158,0.0691373403924011
99.983,99.991,99.983,99.991,99.985,0.006,0.01,1577,15769316.0,-0.0010000000000047,-0.0160000000000053,0.0130000000000052,99.9922,99.9965,99.98925,99.99157930826291,99.99335214493097,99.99106722604122,0.0079999999999955,0.0147857142857168,0.0060000000000002,0.0,0.0099311306933124,0.0097825839991808,1.0151848115123778,50.37675977472711,99.99783333333332,99.9828076923077,99.99323128540767,99.98932269743024,0.0039085879774489,0.0068707805233493,0.0056717981212162,-0.5406350131080687
99.991,99.999,99.991,99.998,99.991,0.007,0.01,2866,28659789.0,0.0050000000000096,-0.0090000000000003,0.1640000000000014,99.9932,99.9956,99.99745,99.99371953884196,99.99419720948896,99.99172749022776,0.0079999999999955,0.0117857142857157,0.007000000000005,0.0,0.009721764215219,0.0090838279992393,1.0702276855124386,51.696134343190735,99.9975,99.98269230769232,99.9939649338065,99.98996546058356,0.0039994732229331,0.0062516590095308,0.0053373331415596,0.8173747622067216
100.0,100.006,99.999,100.004,99.998,0.006,0.01,6855,68553456.0,0.0010000000000047,-0.0069999999999907,0.0430000000000063,99.9934,99.9949,99.9996,99.99714635922798,99.9959795350364,99.99289630068228,0.0079999999999955,0.0116428571428579,0.0060000000000002,0.0,0.0094559239141319,0.0084349831421508,1.1210364922816909,52.85323927056734,99.99725,99.99042307692308,99.99550879014396,99.99100505609589,0.0045037340480718,0.0057396661412051,0.005170613322862,1.3918353105373344
99.999,99.999,99.992,99.994,100.004,-0.01,-0.01,3948,39481882.0,0.0049999999999954,-0.0049999999999954,0.007000000000005,99.9944,99.9944,99.99995,99.99609757281868,99.99561961957524,99.99300141490302,0.0120000000000004,0.0118571428571436,0.0,0.0100000000000051,0.0087805007774082,0.008546770060569,1.0273472569383362,50.67445912003342,99.99616666666668,99.99007692307693,99.99527666858336,99.9912269037925,0.0040497647908637,0.0052642592623881,0.0049464436164623,-0.424070021881838
99.996,99.996,99.995,99.995,99.994,0.001,0.0,1831,18310463.0,0.0100000000000051,0.0,-0.0060000000000002,99.9964,99.9944,99.99965,99.99573171521246,99.99550696147064,99.99319175634082,0.0019999999999953,0.0110714285714286,0.0010000000000047,0.0,0.0082247507218794,0.007936286484814,1.0363475080716076,50.89246820416295,99.99483333333332,99.98996153846154,99.99523410418593,99.99150639240048,0.0037277117854443,0.0048583886202461,0.0047026972502587,-0.5362208713272543
99.994,99.997,99.994,99.996,99.995,0.001,0.0,3917,39168482.0,0.0049999999999954,0.0039999999999906,-0.0110000000000098,99.9974,99.9948,99.9991,99.99582114347496,99.99559660483962,99.99345920811788,0.0030000000000001,0.0110000000000007,0.0009999999999905,0.0,0.0077086970988873,0.0073694088787559,1.0460400862149926,51.12510225301018,99.99458333333332,99.9903846153846,99.99535193431116,99.99183925222265,0.0035126820885125,0.0045116232420794,0.0044646942179095,1.1392681594756962
99.995,99.999,99.994,99.997,99.996,0.001,0.0,3622,36219738.0,-0.0010000000000047,0.0040000000000048,-0.0400000000000062,99.9972,99.9952,99.9971,99.99621409564998,99.99585176759604,99.99379642639236,0.0049999999999954,0.0105000000000003,0.0010000000000047,0.0,0.0072295044489672,0.0068430225302733,1.0564782472926324,51.37317881594387,99.99475,99.9911153846154,99.99560548287867,99.9922215298358,0.0033839530428849,0.0041353450693419,0.0042485459829046,-0.0753127393413326
100.0,100.009,99.998,100.008,99.997,0.011,0.01,5202,52017337.0,0.0039999999999906,0.0049999999999954,0.019999999999996,99.998,99.9957,99.9981,100.00014273043332,99.99806053712403,99.99514914768832,0.0120000000000004,0.0095000000000006,0.0109999999999956,0.0,0.0074988255597549,0.0063542352066824,1.1801303092886508,54.131182171111256,99.99608333333332,99.99780769230767,99.99751233166656,99.99339030540352,0.0041220262630616,0.0039618215175778,0.004223242038936,0.436223081170624
99.999,99.999,99.993,99.997,100.008,-0.011,-0.01,4382,43819094.0,0.0030000000000001,0.0079999999999955,0.0010000000000047,99.9986,99.9965,99.99815,99.99909515362222,99.9978677121924,99.99532541933704,0.0150000000000005,0.0095000000000006,0.0,0.0109999999999956,0.0069631951626295,0.0066860755490619,1.041447275241535,51.01514439643392,99.99641666666668,99.99919230769233,99.99743351141018,99.99365769018844,0.0037758212217511,0.0038870838267747,0.004133757875499,-0.1576316801230296
99.997,100.001,99.997,99.999,99.997,0.002,0.0,3564,35643246.0,0.0039999999999906,0.0139999999999957,-0.0030000000000001,99.9994,99.9979,99.998,99.99906343574816,99.99807358270286,99.99567537940018,0.0040000000000048,0.009214285714286,0.0019999999999953,0.0,0.0066086812224414,0.0062084987241289,1.0644572087543829,51.56111757805032,99.99608333333332,99.99965384615383,99.99767450965476,99.99405341684113,0.0036210928136313,0.0038551399196838,0.0040312248631255,-0.1866727521679598
99.997,100.001,99.997,100.0,99.999,0.001,0.0,4234,42337831.0,0.0040000000000048,0.0090000000000003,-0.007000000000005,100.0002,99.9988,99.99765,99.99937562383212,99.99842384039324,99.99608724802872,0.0040000000000048,0.009214285714286,0.0010000000000047,0.0,0.0062080611351245,0.0057650345295483,1.0768471729536968,51.85009214819608,99.997,99.9996153846154,99.99803227740018,99.99449390448252,0.0035383729176601,0.0038039065524312,0.0039326544740324,0.1879910213243547
99.992,100.001,99.992,100.0,100.0,0.0,0.0,3032,30315601.0,0.0030000000000001,0.0019999999999953,-0.007000000000005,100.0008,99.999,99.9973,99.99958374922142,99.9987104148672,99.9964598910736,0.0090000000000003,0.0086428571428567,0.0,-0.0,0.0057646281969013,0.0053532463488662,1.0768471729536968,51.85009214819608,99.99825,99.99934615384616,99.998335003954,99.99490176340974,0.003433240544254,0.0036849628297848,0.0038327716880767,-0.2838923004251299
100.0,100.008,100.0,100.008,100.0,0.008,0.01,7988,79886156.0,0.0,0.0039999999999906,-0.0030000000000001,100.0008,99.9994,99.99715,100.00238916614762,100.00039943034588,99.99755894906662,0.0079999999999955,0.0080714285714275,0.0079999999999955,0.0,0.005924297611408,0.0049708716096615,1.1918025804354768,54.37545292964681,99.99966666666668,99.99823076923076,99.9998219264226,99.99587200315716,0.0039499232654378,0.0036738693269597,0.0038562020035489,1.634564643799472
99.994,100.0,99.99,99.997,100.008,-0.011,-0.01,4084,40839003.0,0.0,0.0030000000000001,-0.0019999999999953,100.0008,99.9997,99.99705,100.00059277743176,99.99978135210117,99.99750571582216,0.0180000000000006,0.0082857142857132,0.0,0.0109999999999956,0.0055011334963075,0.0054015236375425,1.0184410669005732,50.45681459823077,99.99958333333332,99.99857692307693,99.99938778389604,99.99595555847888,0.0034322254171854,0.0036410375082643,0.0037714066862762,-0.4887330996494742
99.995,99.999,99.995,99.998,99.997,0.001,0.0,3128,31280869.0,-0.0009999999999905,0.0030000000000001,0.0030000000000001,100.0006,100.0,99.9972,99.99972851828784,99.99945746990096,99.99755279050578,0.0039999999999906,0.0079999999999986,0.0010000000000047,0.0,0.0051796239608573,0.0050157005205752,1.032682062975977,50.80391477770332,99.99908333333332,99.99865384615386,99.99917427868128,99.99610699859154,0.0030672800897235,0.0035915483972878,0.0036305813669657,-0.2340842311459353
99.998,99.999,99.996,99.998,99.998,0.0,0.0,4541,45403887.0,-0.0019999999999953,0.0020000000000095,0.0060000000000002,100.0002,100.0002,99.9975,99.99915234552525,99.99919247537348,99.9975953818862,0.0030000000000001,0.007642857142856,0.0,-0.0,0.004809650820796,0.004657436197677,1.032682062975977,50.80391477770332,99.99941666666666,99.9985,99.99899362042262,99.9962472209181,0.0027463995045309,0.0035207091152484,0.0034537449944787,0.4517263427109974
99.984,99.996,99.973,99.973,99.998,-0.025,-0.03,7264,72635091.0,-0.027000000000001,-0.0240000000000009,-0.019999999999996,99.9948,99.9978,99.9965,99.99043489701684,99.99443020712376,99.99525296456368,0.0250000000000056,0.0088571428571425,0.0,0.0250000000000056,0.0044661043335963,0.0061104764692719,0.7308929763587674,42.22635289076781,99.99758333333334,99.99719230769232,99.99499460189604,99.9945252045538,0.0004693973422575,0.0031148614573813,0.0028568754640345,0.5996476547016076
99.976,99.985,99.97,99.983,99.973,0.01,0.01,1351,13507385.0,-0.0249999999999914,-0.0249999999999914,-0.019999999999996,99.9898,99.9953,99.9955,99.98795659801124,99.9923519876467,99.99408601555764,0.0150000000000005,0.0090714285714282,0.0100000000000051,0.0,0.0048613825954826,0.0056740138643239,0.8567801756793827,46.14332848345351,99.9965,99.99626923076924,99.99314927852744,99.99367148569796,-0.000522207170519,0.002637302747129,0.0021810589371238,-0.8140143171806167
99.986,99.986,99.97,99.976,99.983,-0.007,-0.01,2347,23464336.0,-0.0210000000000007,-0.0210000000000007,-0.0130000000000052,99.9856,99.9932,99.99485,99.98397106534084,99.98937889898366,99.99236353788548,0.0160000000000053,0.0100714285714289,0.0,0.007000000000005,0.0045141409815196,0.0057687271597297,0.7825194113931984,43.89962916485658,99.99475,99.99492307692309,99.99051092798476,99.99236248675736,-0.0018515587726142,0.0020292303486573,0.0013745353951762,0.7372316802368615
99.974,99.997,99.967,99.972,99.976,-0.004,0.0,10030,100275112.0,-0.0260000000000104,-0.027000000000001,-0.0130000000000052,99.9804,99.9905,99.9942,99.97998071022724,99.98621909916844,99.99042415332497,0.0300000000000011,0.0120000000000004,0.0,0.0040000000000048,0.0041917023399825,0.0056423895054636,0.7428948915922259,42.62419352859267,99.99175,99.99388461538464,99.98766309291018,99.99085415440496,-0.0031910614947889,0.0012815154139407,0.0004614160171831,3.2735406902428634
99.972,99.986,99.971,99.983,99.972,0.011,0.01,6386,63847457.0,-0.0150000000000005,-0.0169999999999959,-0.0079999999999955,99.9774,99.9888,99.9938,99.98098714015153,99.98563380841054,99.98971709110354,0.0150000000000005,0.0127142857142865,0.0110000000000098,0.0,0.0046780093156987,0.0052393616836448,0.8928586339633008,47.169852937924766,99.99058333333332,99.99342307692308,99.98694569400092,99.99027236518978,-0.0033266711888586,0.0005304141102616,-0.0002962014240251,-0.3633100697906281
99.983,99.994,99.98,99.989,99.983,0.006,0.01,2089,20888022.0,0.0160000000000053,-0.0109999999999956,-0.0090000000000003,99.9806,99.9877,99.99335,99.98365809343436,99.98624584324496,99.98964879671271,0.0139999999999957,0.0128571428571433,0.0060000000000002,0.0,0.0047724372217203,0.0048651215633844,0.9809492238874928,49.51915031736348,99.98975,99.9933076923077,99.9872617410777,99.99017811591646,-0.0029163748387617,-0.0002325079013161,-0.0008202361069725,-0.6728781709990604
99.992,100.001,99.992,99.998,99.989,0.009,0.01,3590,35903912.0,0.0150000000000005,-0.0099999999999909,-0.0060000000000002,99.9836,99.9867,99.99305,99.98843872895624,99.98838296265497,99.99044414940676,0.0120000000000004,0.0126428571428576,0.0090000000000003,0.0,0.0050744059915974,0.0045176128802855,1.1232494076111876,52.90237706341461,99.98958333333331,99.9935,99.9889137809119,99.99075751473748,-0.0018437338255665,-0.0008187255949552,-0.0010249356506913,0.7185256103398756
99.99,99.999,99.985,99.998,99.998,0.0,0.0,6104,61035122.0,0.0220000000000055,0.0010000000000047,0.0040000000000048,99.988,99.9868,99.99325,99.99162581930418,99.9901315148995,99.99116375422516,0.0139999999999957,0.0133571428571426,0.0,-0.0,0.004711948420769,0.0041949262459794,1.1232494076111876,52.90237706341461,99.98941666666668,99.9933076923077,99.9903116607716,99.9912939951273,-0.0009823343556973,-0.0012686827555575,-0.0010164153916925,0.7002785515320333
99.995,99.999,99.991,99.996,99.998,-0.002,0.0,3839,38388854.0,0.0240000000000009,-0.0020000000000095,0.0009999999999905,99.99280000000002,99.9866,99.9933,99.99308387953612,99.9911985121905,99.99162434906088,0.0079999999999955,0.0136428571428563,0.0,0.0020000000000095,0.0043753806764284,0.0040381457998387,1.083512308199253,52.0041232266929,99.98841666666664,99.99357692307692,99.99118678988366,99.99164258808082,-0.0004557981971657,-0.0016244825001905,-0.0009042919527871,-0.3710681520314548
100.003,100.003,99.99,99.991,99.996,-0.005,-0.01,1912,19118924.0,0.0079999999999955,-0.007000000000005,-0.0049999999999954,99.9944,99.9859,99.99305,99.99238925302409,99.99116241906496,99.99156488724554,0.0130000000000052,0.0139285714285709,0.0,0.0049999999999954,0.0040628534852549,0.0041068496712785,0.9892871204097736,49.73073571229829,99.98791666666666,99.99380769230768,99.99115805297848,99.99159498896373,-0.0004369359852489,-0.0017251862032468,-0.0008108207592795,-0.5019536337587913
99.96,99.991,99.96,99.988,99.991,-0.003,0.0,1836,18357501.0,-0.0010000000000047,0.0150000000000005,-0.0090000000000003,99.9942,99.9874,99.9926,99.99092616868272,99.9905874337804,99.99122537417456,0.0310000000000059,0.0155714285714288,0.0,0.0030000000000001,0.0037726496648795,0.0040277889804729,0.9366552426578802,48.36458353694422,99.98708333333332,99.9936923076923,99.99067219867408,99.99132869348492,-0.0006564948108405,-0.0017401070521714,-0.0007799555695917,-0.0397489539748954
100.001,100.015,100.001,100.015,99.988,0.027,0.03,6033,60337257.0,0.0169999999999959,0.0319999999999964,0.007000000000005,99.9976,99.9906,99.99295,99.99895077912184,99.99502608218395,99.99348962425316,0.027000000000001,0.0162142857142859,0.027000000000001,0.0,0.0054317461173882,0.0037400897675819,1.452303675828601,59.22201602286825,99.9885,99.99434615384614,99.9944149373396,99.99308212359716,0.0013328137424508,-0.0013862878838308,-0.0003574017071832,2.2859477124183005
100.012,100.012,99.994,100.003,100.015,-0.012,-0.01,2694,26939663.0,0.0049999999999954,0.027000000000001,0.0060000000000002,99.9986,99.9933,99.99325,100.00030051941457,99.99647588542324,99.99439537432428,0.0210000000000007,0.0174285714285724,0.0,0.0120000000000004,0.0050437642518605,0.0043300833556118,1.164819204998376,53.80676604812594,99.991,99.99430769230769,99.99573571621043,99.99381678110848,0.001918935101969,-0.000818510484191,9.786565464723956e-05,-0.5534559920437594
100.003,100.007,99.988,100.006,100.003,0.003,0.0,3665,36649133.0,0.0100000000000051,0.034000000000006,0.007000000000005,100.0006,99.9967,99.9936,100.0022003462764,99.998207542619,99.9955005767696,0.0190000000000054,0.0185714285714299,0.0030000000000001,0.0,0.0048977810910133,0.0040207916873538,1.2181136134005048,54.916646561357226,99.99291666666667,99.99476923076924,99.99731483679344,99.9947192417671,0.0025955950263494,-0.0001604809047235,0.0005974115289876,0.3604305864884929
100.0,100.025,100.0,100.013,100.006,0.007,0.01,6513,65135888.0,0.0220000000000055,0.0300000000000011,0.0130000000000052,100.005,99.9997,99.99425,100.00580023085094,100.00089708032463,99.9971671885058,0.0250000000000056,0.0185714285714299,0.007000000000005,0.0,0.0050479395845127,0.0037335922811143,1.352032896052098,57.48358784953619,99.996,99.99546153846154,99.99972793882522,99.99607337200658,0.0036545668186391,0.0005696237238765,0.0012088425869179,0.7770804911323328
99.985,99.998,99.982,99.998,100.013,-0.015,-0.01,3558,35583140.0,0.0100000000000051,0.0090000000000003,-0.0019999999999953,100.007,100.0006,99.99415,100.00320015390064,100.00037033844742,99.99724650388622,0.0310000000000059,0.0197142857142874,0.0,0.0150000000000005,0.0046873724713332,0.0045383356896062,1.032839523543489,50.80772542945854,99.99816666666668,99.99553846153846,99.99946210208287,99.99621608519128,0.0032460168915946,0.0011351515813389,0.0016162774478533,-0.4537079686780285
99.996,100.007,99.996,100.005,99.998,0.007,0.01,4136,41358344.0,-0.0100000000000051,0.0069999999999907,-0.0030000000000001,100.005,100.0013,99.994,100.00380010260042,100.00121209509336,99.99798493208752,0.0110000000000098,0.0193571428571449,0.0069999999999907,0.0,0.0048525601519516,0.0042141688546343,1.1514868813610313,53.52051603645384,100.0,99.99584615384614,100.0003140863778,99.99686674554748,0.0034473408303341,0.0016273377131202,0.0019824901243494,0.1624508150646431
100.0,100.003,99.997,100.003,100.005,-0.002,0.0,4329,43286276.0,0.0,0.0049999999999954,0.0060000000000002,100.005,100.0018,99.9943,100.00353340173362,100.00153716871272,99.998462557603,0.0079999999999955,0.0177857142857159,0.0,0.0019999999999953,0.0045059487125265,0.0040560139364458,1.110930283556912,52.6275212502517,100.00116666666668,99.99565384615386,100.00072730385814,99.9973210606921,0.0034062431660402,0.0020564534201431,0.0022672407326876,0.0466634429400387
100.002,100.004,99.972,100.001,100.003,-0.002,0.0,4076,40757742.0,-0.0049999999999954,0.0050000000000096,0.0030000000000001,100.004,100.0023,99.99445,100.0026889344891,100.00143950167404,99.99870421878369,0.0320000000000106,0.0190000000000024,0.0,0.0019999999999953,0.0041840952330603,0.0039091557981279,1.0703321763394795,51.69857226640396,100.00141666666669,99.99580769230768,100.00076925711076,99.99759357471493,0.0031756823958346,0.0024578554624857,0.002448929065317,-0.0584430584430584
100.012,100.013,100.005,100.006,100.001,0.005,0.01,4546,45465402.0,-0.007000000000005,0.0150000000000005,0.0079999999999955,100.0026,100.0038,99.99485,100.00379262299272,100.00226868318784,99.99939905509,0.0120000000000004,0.0188571428571456,0.0049999999999954,0.0,0.0042423741449843,0.0036299303839759,1.1687205252508286,53.88986324624089,100.00208333333332,99.99607692307691,100.001573986786,99.99821627288418,0.0033577139018348,0.002903878652783,0.0026306860326205,0.1153091265947006
100.003,100.003,99.983,100.001,100.006,-0.005,-0.01,3904,39041854.0,0.0030000000000001,0.0130000000000052,0.0280000000000057,100.0032,100.0051,99.99625,100.00286174866184,100.00203801351732,99.9995515260338,0.0229999999999961,0.0196428571428595,0.0,0.0049999999999954,0.0039393474203425,0.0037277924994059,1.056750723375933,51.37962084395874,100.0025,99.99611538461538,100.00148568112664,99.99842247489276,0.0030632062338753,0.0030961444851635,0.0027171900728715,-0.1412230532336119
99.997,99.999,99.997,99.998,100.001,-0.003,0.0,2641,26409614.0,-0.0069999999999907,-0.0169999999999959,0.0150000000000005,100.0018,100.0034,99.997,100.00124116577456,100.00130382924144,99.99940376164965,0.0040000000000048,0.0189285714285745,0.0,0.0030000000000001,0.0036579654617466,0.0036758073208769,0.9951461386376494,49.87835824984568,100.00308333333334,99.99603846153846,100.00094942249176,99.99839118045628,0.002558242035505,0.0031671785888897,0.0026854004653982,-0.3235143442622951
99.999,99.999,99.993,99.997,99.998,-0.001,0.0,2208,22079231.0,-0.0060000000000002,-0.0060000000000002,0.0210000000000007,100.0006,100.0028,99.99805,99.99982744384972,100.00052131483388,99.99917483196872,0.0060000000000002,0.0187857142857177,0.0,0.0010000000000047,0.003396682214479,0.0034846782265289,0.9747477367121176,49.36062052842439,100.00383333333332,99.9956153846154,100.0003418190315,99.9982881300521,0.0020536889794016,0.0031069668058955,0.0025590581681989,-0.1639530480878455
99.994,99.998,99.992,99.997,99.997,0.0,0.0,2247,22469059.0,-0.0040000000000048,-0.0090000000000003,0.0250000000000056,99.9998,100.0019,99.9993,99.99888496256648,99.99988107577316,99.99896770511457,0.0060000000000002,0.0182857142857173,0.0,-0.0,0.0031540620563019,0.0032357726389197,0.9747477367121176,49.36062052842439,100.00233333333334,99.99561538461538,99.99982769302666,99.9981927130112,0.0016349800154529,0.0028825682722081,0.0023742425376497,0.0176630434782609
99.997,100.0,99.997,100.0,99.997,0.003,0.0,2547,25470698.0,-0.0060000000000002,-0.0130000000000052,0.0169999999999959,99.9986,100.0006,100.00015,99.999256641711,99.99990269835988,99.99906601891315,0.0030000000000001,0.0162857142857169,0.0030000000000001,0.0,0.0031430576237089,0.003004646021854,1.0460658596214838,51.12571790895348,100.00208333333336,99.99569230769232,99.9998542017918,99.99832658612148,0.0015276156703123,0.0026916348031767,0.0022049171641822,0.1335113484646195
99.998,99.998,99.975,99.99,100.0,-0.01,-0.01,4919,49190367.0,-0.0110000000000098,-0.0080000000000097,0.0009999999999905,99.9964,99.9998,100.0002,99.996171094474,99.998102207749,99.99820258854048,0.0250000000000056,0.0161428571428601,0.0,0.0100000000000051,0.0029185535077297,0.0035043141631505,0.832845849958235,45.44003795939593,100.00075,99.9953846153846,99.9983381707469,99.99770980196432,0.0006283687825714,0.0023784156867587,0.00188960748786,0.9312917157440126
99.987,99.991,99.981,99.991,99.99,0.001,0.0,3831,38304217.0,-0.007000000000005,-0.0139999999999957,-0.007000000000005,99.995,99.9984,99.99985,99.994447396316,99.99681089724916,99.99751662772708,0.0100000000000051,0.0153571428571461,0.0010000000000047,0.0,0.0027815139714637,0.0032540060086397,0.85479681478106,46.08573877036554,99.99891666666667,99.99607692307691,99.99720922140122,99.9972127795966,-3.5581953881091977e-06,0.0019995488688222,0.0015109743512104,-0.2211831673104289
99.99,99.995,99.99,99.993,99.991,0.002,0.0,5171,51704673.0,-0.0040000000000048,-0.0100000000000051,-0.0050000000000096,99.9942,99.9974,99.9996,99.99396493087735,99.99611800684022,99.99708647270546,0.0050000000000096,0.0143571428571464,0.0019999999999953,0.0,0.0027256915449302,0.0030215770080226,0.9020758159375776,47.42586012497737,99.9985,99.99646153846156,99.99656164887796,99.9969007218487,-0.0003390729707462,0.0016090204947576,0.0011409648868191,0.349778125815714
99.993,99.993,99.987,99.991,99.993,-0.002,0.0,4258,42571471.0,-0.0060000000000002,-0.0100000000000051,-0.0049999999999954,99.993,99.9964,99.99935,99.99297662058493,99.995187460142,99.99650680863827,0.0060000000000002,0.0130000000000032,0.0,0.0019999999999953,0.0025309992917209,0.0029486072217349,0.8583711228353064,46.189435053515815,99.99733333333334,99.99703846153848,99.99570601058905,99.9964636313414,-0.0007576207523669,0.0011517610887352,0.0007612477589819,-0.1765615935022239
99.994,100.022,99.994,100.017,99.991,0.026,0.03,4325,43255219.0,0.0169999999999959,0.0109999999999956,0.0259999999999962,99.9964,99.9975,100.00065,100.00098441372327,99.9991533764798,99.99845854114892,0.0310000000000059,0.0130000000000032,0.0259999999999962,0.0,0.0042073564851691,0.0027379924201824,1.5366574626560774,60.57804355843448,99.9985,99.99876923076924,99.99898200895994,99.99798484383464,0.0009971651253124,0.0009222009655616,0.000808431232248,0.0157350868952559
100.003,100.003,99.99,99.996,100.017,-0.021,-0.02,4737,47367840.0,0.0060000000000002,-0.0050000000000096,0.0079999999999955,99.9976,99.997,100.00105,99.9993229424822,99.99858003530164,99.99822439437284,0.027000000000001,0.0141428571428597,0.0,0.0210000000000007,0.0039068310219428,0.0040424215330266,0.9664580969658764,49.14714930651519,99.99808333333333,99.99926923076924,99.99852323835071,99.9978378183654,0.0006854199853165,0.0007141096266517,0.0007838289828617,0.0952601156069363
99.996,99.996,99.99,99.994,99.996,-0.002,0.0,626,6259705.0,0.0030000000000001,-0.0040000000000048,-0.0210000000000007,99.9982,99.9966,100.0,99.99754862832148,99.99774730161042,99.99782207109922,0.0060000000000002,0.0140000000000028,0.0,0.0019999999999953,0.0036277716632326,0.0038965342806672,0.9310252141837616,48.21403715214061,99.99708333333336,99.99946153846152,99.99782735552752,99.99755353552352,0.0002738200040113,0.0005163464071639,0.0006818271870916,-0.8678488494827951
99.996,99.997,99.994,99.996,99.994,0.002,0.0,2499,24989670.0,0.0030000000000001,-0.0010000000000047,-0.007000000000005,99.9988,99.9965,99.99965,99.99703241888098,99.99742961040852,99.99764854051834,0.0030000000000001,0.0119285714285735,0.0019999999999953,0.0,0.0035115022587156,0.0036182104034767,0.9705080321867,49.251665881803774,99.99666666666666,99.9993846153846,99.99754622390792,99.99743845881808,0.0001077650898508,0.0003466558598748,0.0005670147676434,2.992012779552716
100.0,100.013,100.0,100.013,99.996,0.017,0.02,3226,32262920.0,0.0220000000000055,0.0160000000000053,0.007000000000005,100.0032,99.9981,100.0,100.00235494592066,100.00026059033424,99.9991105842785,0.0170000000000101,0.0122857142857171,0.0170000000000101,0.0,0.0044749663830938,0.0033597668032284,1.3319276739069603,57.11702334555775,99.99791666666668,99.99996153846152,99.99992372792208,99.9985911655723,0.0013325623497877,0.0003249832687054,0.0007201242840723,0.2909163665466185
99.998,100.0,99.996,99.998,100.013,-0.015,-0.01,1011,10106745.0,-0.0189999999999912,-0.0019999999999953,-0.0150000000000005,99.9994,99.9979,99.99925,100.00090329728044,99.99984957390984,99.99900481434722,0.0170000000000101,0.0118571428571466,0.0,0.0150000000000005,0.0041553259271585,0.0041912120315692,0.9914377740518948,49.785024014818106,99.998,100.00003846153844,99.99962776978025,99.99854737552992,0.001080394250323,0.0003752083206778,0.0007921782773224,-0.6866088034717917
99.999,100.001,99.997,100.001,99.998,0.003,0.0,2443,24429764.0,0.0050000000000096,0.0110000000000098,0.0030000000000001,100.00039999999998,99.999,99.9994,100.0009355315203,100.00005874228984,99.99919483202844,0.0040000000000048,0.0118571428571466,0.0030000000000001,0.0,0.0040728026466472,0.0038918397436,1.046498035625642,51.13603909742886,99.99833333333332,100.00042307692308,99.99983888212174,99.9987290514166,0.0011098307051469,0.000498918198515,0.0008557087628873,1.416419386745796
100.001,100.001,99.996,99.998,100.001,-0.003,0.0,1936,19360357.0,0.0040000000000048,0.007000000000005,-0.0069999999999907,100.0012,99.9997,99.99905,99.99995702101354,99.99968442550988,99.99908103850191,0.0050000000000096,0.0117857142857187,0.0,0.0030000000000001,0.0037818881718867,0.0038281369047714,0.9879187359190048,49.69613284832265,99.99816666666663,100.0008076923077,99.99955597717994,99.99867504760796,0.0008809295719771,0.0006344740365954,0.0008607529247053,-0.2075317232910356
99.999,99.999,99.995,99.998,99.998,0.0,0.0,2177,21769495.0,0.0020000000000095,0.0050000000000096,-0.0049999999999954,100.0016,100.0002,99.9988,99.9993046806757,99.99937816632624,99.99897808245412,0.0039999999999906,0.0116428571428609,0.0,-0.0,0.0035117533024662,0.0035546985544306,0.9879187359190048,49.69613284832265,99.99883333333332,100.00015384615386,99.99931659607536,99.99862504408144,0.0006915519938957,0.0007954932306246,0.0008269127385434,0.12448347107438
99.998,100.013,99.998,100.013,99.998,0.015,0.02,2098,20983217.0,0.0,0.0220000000000055,0.0120000000000004,100.0016,100.0024,99.9994,100.00386978711714,100.00185486335783,100.00031350317278,0.0150000000000005,0.0125000000000038,0.0150000000000005,0.0,0.0043323423522901,0.0033007915148284,1.3125162049246446,56.75705978317303,100.00066666666667,100.00053846153848,100.00142173514068,99.99968985563098,0.0017318795096912,0.0008771281622222,0.0010079060927729,-0.0362884703720716
99.998,99.999,99.988,99.997,100.013,-0.016,-0.02,1359,13590103.0,-0.0010000000000047,-0.019999999999996,-0.0090000000000003,100.0014,100.0004,99.99895,100.00157985807807,100.00097216092914,99.99999793144204,0.0250000000000056,0.0125000000000038,0.0,0.0160000000000053,0.0040228893271265,0.0042078778351982,0.9560375763468476,48.87623775266992,100.001,100.00019230769232,100.00074146819595,99.99949060706572,0.0012508611302308,0.0009399549561016,0.0010564971002645,-0.3522402287893231
99.999,99.999,99.998,99.998,99.997,0.001,0.0,858,8580100.0,-0.0030000000000001,0.0020000000000095,-0.0030000000000001,100.0008,100.0006,99.9988,100.00038657205208,100.00043176803293,99.99980765225708,0.0019999999999953,0.0119285714285745,0.0010000000000047,0.0,0.0038069686609035,0.003907315132684,0.9743183059535854,49.34960603948788,100.00158333333331,99.99961538461538,100.00031970385812,99.99938019172752,0.0009395121305857,0.0010139207479432,0.0010331001063287,-0.3686534216335541
99.995,100.002,99.984,99.993,99.998,-0.005,-0.01,2575,25747364.0,-0.0050000000000096,-0.0010000000000047,-0.0050000000000096,99.9998,100.0005,99.99855,99.99792438136804,99.99908053748148,99.99915930442307,0.0180000000000006,0.0128571428571453,0.0,0.0050000000000096,0.0035350423279818,0.0039853640517787,0.8870061259282208,47.00600139768499,99.99958333333332,99.99942307692308,99.99919359557224,99.9989075849329,0.0002860106393569,0.0010337258089994,0.0008836822129344,2.001165501165501
99.995,99.996,99.995,99.995,99.993,0.002,0.0,1016,10159493.0,-0.0030000000000001,-0.0009999999999905,-0.0019999999999953,99.9992,100.0004,99.99845,99.99694958757873,99.99833862157575,99.99876318019231,0.0030000000000001,0.0126428571428596,0.0020000000000095,0.0,0.0034253964474124,0.0037006951909374,0.9256089114825852,48.06837494171808,99.9995,99.99903846153846,99.99854842702268,99.99861813419712,-6.970717446108665e-05,0.0008779180840829,0.0006930043354553,-0.6054368932038835
99.999,100.003,99.999,100.003,99.995,0.008,0.01,1984,19835395.0,-0.0100000000000051,-0.0100000000000051,0.0060000000000002,99.9972,99.9994,99.99875,99.99896639171916,99.9991861449256,99.99916668684068,0.0079999999999955,0.0110000000000017,0.0079999999999955,0.0,0.0037521538440255,0.0034363598201561,1.09189783386973,52.19651821379181,100.00025,99.99903846153846,99.9992332844038,99.9989427168492,0.0002905675546145,0.0007901595623375,0.0006125169792871,0.9527559055118112
100.0,100.0,99.994,99.997,100.003,-0.006,-0.01,3561,35608806.0,0.0,-0.0010000000000047,-0.0030000000000001,99.9972,99.9993,99.9986,99.99831092781278,99.99878866403004,99.998960335713,0.0090000000000003,0.0097142857142874,0.0,0.0060000000000002,0.0034841428551665,0.0036194769758593,0.9626094815368588,49.04742846666924,100.00033333333334,99.9988846153846,99.99888970218784,99.9987988118974,9.089029045128429e-05,0.0006769439607047,0.0005081916415199,0.794858870967742
99.997,99.997,99.994,99.997,99.997,0.0,0.0,3105,31048916.0,-0.0010000000000047,-0.0040000000000048,0.007000000000005,99.997,99.9989,99.99895,99.9978739518752,99.9984634523882,99.99877363707364,0.0030000000000001,0.0095000000000017,0.0,-0.0,0.0032352755083689,0.003360942906155,0.9626094815368588,49.04742846666923,99.999,99.99853846153846,99.99859897877433,99.99866556657166,-6.65877973347051e-05,0.0005716642530033,0.000393235753749,-0.1280539174389217
99.997,99.998,99.995,99.996,99.997,-0.001,0.0,1971,19710432.0,0.0030000000000001,-0.0020000000000095,0.0049999999999954,99.9976,99.9987,99.9992,99.99724930125014,99.99801555195396,99.99850948116188,0.0030000000000001,0.0095000000000017,0.0,0.0010000000000047,0.0030041844006282,0.0031923041271443,0.9410708632312116,48.48204571288315,99.99883333333334,99.99834615384616,99.99819913588595,99.99846811719598,-0.0002689813100147,0.0004649383303466,0.0002607923409962,-0.3652173913043478
99.996,100.0,99.996,100.0,99.996,0.004,0.0,1629,16290325.0,0.0049999999999954,0.0019999999999953,0.007000000000005,99.99859999999998,99.9989,99.99955,99.99816620083342,99.9983763606896,99.99865143533692,0.0040000000000048,0.0085714285714299,0.0040000000000048,0.0,0.003075314086298,0.0029642824037769,1.03745651304332,50.919197852899735,99.99875,99.99842307692307,99.9984761919035,99.99858158999628,-0.0001053980927707,0.0002607963745175,0.0001875542542428,-0.1735159817351598
100.01,100.019,100.01,100.019,100.0,0.019,0.02,2348,23483729.0,0.0160000000000053,0.0060000000000002,0.0280000000000057,100.0018,99.9995,100.00095,100.00511080055564,100.0021261132915,100.00058939387628,0.0190000000000054,0.0087142857142867,0.0190000000000054,0.0,0.0042127916515628,0.0027525479463642,1.5305061832355664,60.482214719531896,100.0005,99.99926923076922,100.00163370084144,100.00009406481138,0.0015396360300599,0.0002928824744985,0.0004579706094062,0.4413750767341928
99.998,100.0,99.97,99.992,100.019,-0.027,-0.03,4198,41978250.0,-0.0049999999999954,-0.0049999999999954,-0.0249999999999914,100.0008,99.999,99.9997,100.00074053370376,100.00028500178396,99.99977135636423,0.0490000000000065,0.0119285714285725,0.0,0.027000000000001,0.0039118779621655,0.0044845088073383,0.8723091268689759,46.5900162719241,100.0,99.99907692307691,100.00015159301968,99.99949450445496,0.0006570885647079,0.0002615020782899,0.0004977942004666,0.7879045996592844
99.995,99.999,99.982,99.99,99.992,-0.002,0.0,3562,35611990.0,-0.007000000000005,-0.0080000000000097,-0.0060000000000002,99.9994,99.9982,99.9994,99.9971603558025,99.9984150014596,99.9988407509962,0.0169999999999959,0.0127857142857144,0.0,0.0020000000000095,0.0036324581077251,0.0043070438925291,0.843376152731085,45.75171223092839,99.99808333333333,99.99869230769232,99.9985898094782,99.99879120782867,-0.0002013983504838,0.0002073455238631,0.0003579556902765,-0.1515007146260123
100.0,100.01,99.994,100.002,99.99,0.012,0.01,2360,23600491.0,0.0060000000000002,0.0090000000000003,0.0079999999999955,100.0006,99.9991,99.9998,99.998773570535,99.99906681937604,99.99914163185372,0.0200000000000102,0.0139285714285729,0.0120000000000004,0.0,0.004230139671459,0.0039993979002056,1.0576941272189009,51.40191213202512,99.9985,99.99915384615385,99.99911445417384,99.99902889613767,8.555803617582569e-05,0.0002245972139339,0.0003034761594563,-0.3374508702975856
99.996,99.996,99.981,99.984,100.002,-0.018,-0.02,10498,104968632.0,-0.0160000000000053,-0.0110000000000098,-0.0120000000000004,99.9974,99.998,99.9992,99.99384904702332,99.99632739767128,99.99769957167716,0.0210000000000007,0.0143571428571444,0.0,0.0180000000000006,0.0039279868377834,0.0049994409073338,0.785685221725763,43.99908853848513,99.99733333333334,99.9988846153846,99.99678915353172,99.99791564457192,-0.0011264910402104,6.714625895338284e-05,1.7482719523016993e-05,3.448305084745763
99.987,99.992,99.987,99.992,99.984,0.008,0.01,3324,33237968.0,-0.027000000000001,-0.0109999999999956,-0.0210000000000007,99.992,99.9969,99.99815,99.99323269801556,99.99554059809468,99.99715675532696,0.0080000000000097,0.0131428571428589,0.0080000000000097,0.0,0.0042188449207995,0.0046423379853814,0.9087759086229,47.61040332275269,99.99725,99.99884615384616,99.99605236068068,99.9974774486777,-0.0014250879970205,-0.0001012957729879,-0.0002710314237857,-0.6833682606210707
99.99,99.995,99.99,99.993,99.992,0.001,0.0,2794,27936549.0,0.0009999999999905,-0.0040000000000048,-0.0050000000000096,99.9922,99.9965,99.9979,99.99315513201036,99.99507867116836,99.99676087386726,0.0050000000000096,0.0133571428571457,0.0009999999999905,0.0,0.003988927426456,0.004310742414997,0.9253458087819534,48.06127837198047,99.99708333333332,99.99892307692306,99.9955827667298,99.99714578581268,-0.0015630190828659,-0.0002675659158247,-0.0005294289556017,-0.1594464500601684
99.99,99.993,99.985,99.989,99.993,-0.004,0.0,5427,54267273.0,-0.0009999999999905,-0.0079999999999955,-0.0120000000000004,99.992,99.9957,99.9973,99.99177008800692,99.99397345822864,99.99602174302277,0.0079999999999955,0.0126428571428596,0.0,0.0039999999999906,0.003704004038852,0.0042885465282108,0.8636968293305106,46.34320430972529,99.99591666666667,99.99784615384615,99.99457003338676,99.996542394271,-0.0019723608842241,-0.0004568303129591,-0.0008180153413262,0.9423765211166786
99.991,100.001,99.991,100.001,99.989,0.012,0.01,3582,35816027.0,-0.0009999999999905,0.0050000000000096,0.0030000000000001,99.9918,99.9962,99.99745,99.99484672533796,99.995251011278,99.99649586273488,0.0120000000000004,0.0132857142857168,0.0120000000000004,0.0,0.0042965751789341,0.0039822217761958,1.0789392003773877,51.8985451898511,99.99625,99.99803846153848,99.99555925901956,99.99687258728795,-0.001313328268381,-0.0005910447769158,-0.0009170779267371,-0.3399668325041459
99.992,99.996,99.992,99.996,100.001,-0.005,-0.01,1927,19269342.0,0.0120000000000004,-0.0040000000000048,-0.0020000000000095,99.9942,99.9958,99.99735,99.99523115022532,99.99538719104562,99.9964486377125,0.0090000000000003,0.0133571428571457,0.0,0.0050000000000096,0.0039896769518673,0.0040549202207539,0.9839100980205208,49.59449014359237,99.99616666666668,99.9981153846154,99.99562706532426,99.99680795119257,-0.001180885868294,-0.000893324987844,-0.0009698395150485,-0.4620323841429369
99.995,99.996,99.992,99.992,99.996,-0.004,0.0,1352,13522047.0,0.0,-0.027000000000001,-0.0210000000000007,99.9942,99.9931,99.9963,99.9941541001502,99.99477133812825,99.99602495793036,0.0039999999999906,0.0130000000000021,0.0,0.0039999999999906,0.003704700026734,0.0040509973478422,0.91451553990952,47.7674649719866,99.99583333333334,99.99796153846154,99.99506905527436,99.99645180665976,-0.0013827513853925,-0.0011199738711885,-0.0010524218891173,-0.2983912817851583
99.995,99.995,99.99,99.99,99.992,-0.002,0.0,2045,20449050.0,-0.0030000000000001,-0.0020000000000095,-0.007000000000005,99.9936,99.9929,99.99595,99.99276940010014,99.9939038221049,99.99545115241318,0.0050000000000096,0.01314285714286,0.0,0.0020000000000095,0.003440078596253,0.0039044975372827,0.8810553889213153,46.83835436799942,99.995,99.99707692307692,99.99428920061678,99.99597389505534,-0.0016846944385662,-0.0012847845476421,-0.0011788763990071,0.5125739644970415
99.992,99.992,99.984,99.986,99.99,-0.004,0.0,985,9847208.0,-0.0030000000000001,-0.0039999999999906,-0.0120000000000004,99.993,99.9925,99.99535,99.9905129334001,99.99246676354036,99.99455104265954,0.0080000000000097,0.0135000000000035,0.0,0.0039999999999906,0.0031943586965206,0.0039113191417619,0.8166959996728091,44.95501723017488,99.99225,99.9966153846154,99.99301393898342,99.9952350880142,-0.0022211490307739,-0.0015410853328587,-0.0013873309253604,-0.5183374083129584
99.989,99.998,99.989,99.996,99.986,0.01,0.01,768,7676742.0,-0.0050000000000096,-0.0060000000000002,0.0030000000000001,99.992,99.9919,99.9955,99.99234195560008,99.9931091701694,99.99468903859672,0.0120000000000004,0.0140714285714318,0.0099999999999909,0.0,0.0036804759324828,0.0036319392030646,1.013363860655269,50.331878924530805,99.99258333333334,99.99642307692308,99.99347333298596,99.99529174816128,-0.0018184151753217,-0.0016179657923155,-0.0014735477753527,-0.2203045685279188
99.988,99.99,99.983,99.99,99.996,-0.006,-0.01,249,2490015.0,-0.0060000000000002,0.0060000000000002,-0.0050000000000096,99.9908,99.9925,99.99525,99.9915613037334,99.99254386650222,99.99424246349228,0.012999999999991,0.0136428571428593,0.0,0.0060000000000002,0.0034175847944483,0.0038010864028457,0.8991073688537261,47.34368280590762,99.99258333333334,99.99611538461538,99.99293897406504,99.99489976681602,-0.0019607927509639,-0.0016774885427537,-0.0015709967704749,-0.67578125
99.987,99.987,99.972,99.978,99.99,-0.012,-0.01,1486,14859097.0,-0.01400000000001,-0.01400000000001,-0.0250000000000056,99.988,99.9911,99.994,99.9870408691556,99.98989952713818,99.99269556220727,0.0180000000000006,0.0114285714285732,0.0,0.0120000000000004,0.0031734715948448,0.0043867230883568,0.7234264691263201,41.976056541191255,99.99058333333336,99.99534615384616,99.99064067036274,99.99364793223704,-0.0030072618743162,-0.0018379599640259,-0.0018582497912432,4.967871485943775
99.983,99.983,99.971,99.98,99.978,0.002,0.0,191,1909873.0,-0.0099999999999909,-0.012999999999991,-0.0169999999999959,99.986,99.9898,99.99315,99.9846939127704,99.98809961311304,99.99148646104469,0.0120000000000004,0.0110714285714306,0.0020000000000095,0.0,0.0030896521952137,0.0040733857249027,0.7584973297090694,43.13326593646618,99.99025,99.99407692307692,99.98900364415309,99.99263697429356,-0.003633330140488,-0.0020225121036108,-0.0022132658610922,-0.8714670255720054
99.981,99.999,99.981,99.996,99.98,0.016,0.02,416,4161166.0,0.0099999999999909,0.0069999999999907,-0.0010000000000047,99.988,99.9905,99.9931,99.9884626085136,99.98953604709249,99.99191632189758,0.0189999999999912,0.0110000000000007,0.0159999999999911,0.0,0.004011819895555,0.0037824296016954,1.0606462824203748,51.47153548228427,99.99058333333332,99.99403846153848,99.99008000659109,99.99288608730886,-0.0028060807177894,-0.0021883734868784,-0.0023318288324316,1.1780104712041886
99.997,99.999,99.995,99.998,99.996,0.002,0.0,710,7100134.0,0.0020000000000095,-0.0030000000000001,0.0020000000000095,99.9884,99.9902,99.9932,99.99164173900908,99.99107494762112,99.9924957198121,0.0039999999999906,0.0097857142857143,0.0020000000000095,0.0,0.0038681184744446,0.0035122560587171,1.1013201799009598,52.41086962544031,99.991,99.99403846153844,99.99129846711551,99.99326489565637,-0.0019664285408396,-0.0022756560060502,-0.0022587487741132,0.7067307692307692
99.994,99.994,99.976,99.983,99.998,-0.015,-0.02,1551,15510326.0,-0.0069999999999907,-0.012999999999991,-0.0169999999999959,99.987,99.9889,99.99235,99.9887611593394,99.98960677532637,99.99159136554428,0.0220000000000055,0.010785714285714,0.0,0.0150000000000005,0.0035918242976985,0.0043328091973802,0.8289827993972816,45.32480019333492,99.9905,99.99365384615383,99.99002177986698,99.99250453301514,-0.0024827531481577,-0.0023978784241352,-0.0023035496489221,1.184507042253521
99.979,99.983,99.979,99.98,99.983,-0.003,0.0,460,4602119.0,0.0020000000000095,-0.0120000000000004,-0.0390000000000014,99.9874,99.9877,99.9904,99.98584077289294,99.98786008890336,99.99048742596864,0.0040000000000048,0.0107142857142851,0.0,0.0030000000000001,0.0033352654192915,0.0042376085404245,0.7870631247494606,44.04226766526806,99.98875,99.99307692307691,99.98847996757976,99.99157827131032,-0.0030983037305531,-0.0025549461232448,-0.0024625004652483,-0.7034171502256609
99.98,99.982,99.967,99.982,99.98,0.002,0.0,724,7239671.0,0.0019999999999953,-0.0079999999999955,-0.0100000000000051,99.9878,99.9869,99.9899,99.98456051526196,99.98679461819368,99.9896790996859,0.0150000000000005,0.0112142857142854,0.0019999999999953,0.0,0.0032398893179132,0.0039349222161085,0.8233680718388825,45.15643794335549,99.98758333333332,99.99226923076922,99.98748304949056,99.99086876973178,-0.0033857202412121,-0.0026843429244046,-0.0026471444204411,0.5739130434782609
99.979,99.981,99.975,99.981,99.982,-0.001,0.0,188,1879739.0,-0.0150000000000005,-0.0050000000000096,-0.0090000000000003,99.9848,99.9864,99.98945,99.98337367684132,99.98574105124936,99.98885251876342,0.007000000000005,0.0108571428571429,0.0,0.0010000000000047,0.003008468652348,0.0037252849149582,0.8075808216085765,44.67743914708642,99.98666666666666,99.99165384615388,99.98648565726124,99.99013774975164,-0.0036520924904124,-0.0028880848483036,-0.0028481340344353,-0.7403314917127072
100.0,100.004,99.992,99.997,99.981,0.016,0.02,210,2100360.0,-0.0010000000000047,0.0010000000000047,-0.0049999999999954,99.9846,99.9865,99.9892,99.98791578456088,99.98778813284038,99.98962846935738,0.0230000000000103,0.0118571428571436,0.0160000000000053,0.0,0.0039364351771806,0.0034591931353183,1.1379633987445426,53.22651451436348,99.98725,99.99165384615384,99.98810324845182,99.99064606458488,-0.0025428161330438,-0.0029527541129791,-0.002787070454157,0.1170212765957445
99.994,99.999,99.986,99.995,99.997,-0.002,0.0,372,3720155.0,0.0120000000000004,0.0050000000000096,0.0110000000000098,99.987,99.987,99.98975,99.99027718970726,99.98909938141486,99.99014004370432,0.012999999999991,0.0125000000000008,0.0,0.0019999999999953,0.0036552612359534,0.0033549650542238,1.08950799095554,52.14184371016948,99.988,99.99161538461536,99.98916428715154,99.99096857831933,-0.0018042911677866,-0.0028190907011425,-0.0025905145968829,0.7714285714285714
99.995,99.999,99.994,99.999,99.995,0.004,0.0,16,162294.0,0.0189999999999912,0.0210000000000007,0.0069999999999907,99.9908,99.9891,99.9901,99.99318479313818,99.99089949388488,99.9909838490658,0.0049999999999954,0.0124999999999997,0.0039999999999906,0.0,0.0036798854333847,0.0031153246932078,1.1812205133569909,54.15410803830385,99.98825,99.99157692307692,99.9906774737436,99.9915634984438,-0.0008860247002075,-0.0025138345411114,-0.0022496166175479,-0.956989247311828
100.001,100.001,100.001,100.001,99.999,0.002,0.0,1,10000.0,0.0190000000000054,0.0210000000000007,0.0080000000000097,99.9946,99.9912,99.9905,99.99578986209212,99.99273594954217,99.9919377682024,0.0020000000000095,0.0120714285714283,0.0020000000000095,0.0,0.003559893616715,0.0028928015008358,1.2306041792658151,55.16909681711699,99.98916666666666,99.99088461538462,99.99226555470614,99.99226249855909,3.056147050983782e-06,-0.0022017082227958,-0.0017990820646281,-0.9375
99.999,100.001,99.999,100.001,100.001,0.0,0.0,19,190099.0,0.0200000000000102,0.0050000000000096,0.0120000000000004,99.9986,99.9917,99.9911,99.99752657472808,99.99423850417084,99.9928008378974,0.0020000000000095,0.0113571428571432,0.0,-0.0,0.0033056155012354,0.0026861728222047,1.2306041792658151,55.16909681711699,99.99108333333334,99.99123076923075,99.9936093155206,99.99290972088804,0.0006995946325361,-0.001905483425754,-0.0012993467251952,18.0
100.006,100.021,100.005,100.02,100.001,0.019,0.02,215,2149681.0,0.0229999999999961,0.0219999999999913,0.0189999999999912,100.0032,99.9939,99.99205,100.00501771648538,99.99892241250342,99.99539123428814,0.019999999999996,0.0118571428571436,0.0189999999999912,0.0,0.0044266429654322,0.0024943033349044,1.7747011373826769,63.960082528265325,99.99441666666668,99.99238461538462,99.9976694208251,99.99491640822968,0.0027530125954342,-0.001323731676466,-0.0004888748610693,10.31578947368421
100.0,100.006,99.999,100.004,100.02,-0.016,-0.02,188,1876416.0,0.0090000000000003,0.0210000000000007,0.0080000000000097,100.005,99.996,99.99245,100.00467847765692,99.99984561023008,99.99621111673687,0.0210000000000007,0.0120714285714293,0.0,0.0159999999999911,0.004110454182187,0.0034589959538391,1.18833737796798,54.30320708004504,99.99508333333334,99.99246153846154,99.99864335608278,99.99558926687932,0.0030540892034593,-0.0006401324615757,0.0002197179518363,-0.1255813953488371
100.006,100.015,100.002,100.015,100.004,0.011,0.01,347,3474589.0,0.0160000000000053,0.0349999999999965,0.0229999999999961,100.00820000000002,99.9995,99.9936,100.00811898510464,100.0026009538246,99.99800053419052,0.0130000000000052,0.0121428571428582,0.0109999999999956,0.0,0.0046025645977448,0.0032119248142792,1.4329614993736033,58.89782882887942,99.9965,99.99365384615383,100.00115976283928,99.99702709896232,0.0041326638769447,0.0001952435515527,0.001002307136858,0.8457446808510638
100.015,100.019,100.015,100.018,100.015,0.003,0.0,3998,39986379.0,0.0169999999999959,0.0360000000000013,0.0280000000000057,100.0116,100.0031,99.995,100.01141265673644,100.00540078040194,99.99990524521998,0.0040000000000048,0.0110714285714306,0.0030000000000001,0.0,0.0044880956979059,0.0029825016132592,1.5048091434228383,60.07679856064828,99.99941666666666,99.99465384615384,100.00375056855631,99.99858064718735,0.0051699213689602,0.0011754673137052,0.0018358299832784,10.521613832853026
100.003,100.009,100.003,100.003,100.018,-0.015,-0.01,261,2610773.0,0.0019999999999953,0.0220000000000055,0.0169999999999959,100.012,100.0053,99.99585,100.0086084378243,100.00496427487433,100.00019998377046,0.0150000000000005,0.0118571428571456,0.0,0.0150000000000005,0.0041675174337698,0.0038408943551693,1.0850382875438451,52.03925002365351,100.00133333333332,99.99503846153848,100.00363509647072,99.99890800665496,0.0047270898157734,0.0019832346413516,0.0024140819497774,-0.9347173586793396
100.01,100.02,100.01,100.018,100.003,0.015,0.02,154,1540258.0,-0.0019999999999953,0.0210000000000007,0.0220000000000055,100.0116,100.0074,99.99695,100.01173895854951,100.00733440671532,100.00189522341137,0.0169999999999959,0.0115000000000021,0.0150000000000005,0.0,0.0049412661885005,0.0035665447583715,1.385449089599169,58.07917241411212,100.00433333333336,99.99615384615385,100.00584508162908,100.00032222838422,0.0055228532448552,0.0027973617983118,0.003035836208793,-0.4099616858237548
100.0,100.004,100.0,100.0,100.018,-0.018,-0.02,247,2470057.0,-0.0040000000000048,0.0049999999999954,0.0100000000000051,100.0108,100.0079,99.99745,100.00782597236636,100.00600087822164,100.0017147259436,0.0180000000000006,0.0125000000000018,0.0,0.0180000000000006,0.0045883186036076,0.0045975058470593,0.9980016896645032,49.94999227613686,100.00591666666668,99.99611538461538,100.00494583830152,100.00029835961502,0.0046474786865076,0.0034121955079468,0.0033581647043359,0.6038961038961039
99.995,99.999,99.995,99.998,100.0,-0.002,0.0,1443,14430845.0,-0.0169999999999959,-0.0009999999999905,0.0200000000000102,100.0074,100.0078,99.99845,100.00455064824423,100.00454617309042,100.00136094252042,0.0049999999999954,0.0117857142857157,0.0,0.0019999999999953,0.0042605815604928,0.0044119697151262,0.9656869461015682,49.127199425969565,100.006,99.99619230769233,100.0038772477936,100.00012811075464,0.0037491370389659,0.0038284267181596,0.0034363591712619,4.842105263157895
99.985,99.999,99.985,99.995,99.998,-0.003,0.0,1704,17037345.0,-0.0229999999999961,-0.0060000000000002,0.0150000000000005,100.0028,100.0072,99.9992,100.0013670988295,100.0028105052558,100.00075513847084,0.0139999999999957,0.012285714285715,0.0,0.0030000000000001,0.0039562543061719,0.0043111147354743,0.9176870830223028,47.85384910535115,100.006,99.9963076923077,100.0025115173638,99.99974825069876,0.0027632666650561,0.0040577236106618,0.0033017406700207,0.1808731808731809
99.991,99.991,99.985,99.991,99.995,-0.004,0.0,1962,19617979.0,-0.0120000000000004,-0.0100000000000051,-0.0049999999999954,100.0004,100.0062,99.99895,99.99791139921967,100.00066314066385,99.9998260776641,0.0100000000000051,0.0113571428571432,0.0,0.0040000000000048,0.0036736647128739,0.0042888922543693,0.8565532764623114,46.13674637414585,100.00533333333334,99.99634615384616,100.00074051469248,99.99910023212848,0.0016402825639829,0.0039340869405006,0.0029694490488132,0.1514084507042252
99.994,100.002,99.994,99.999,99.991,0.008,0.01,7,73500.0,-0.0190000000000054,-0.0210000000000007,0.0009999999999905,99.9966,100.0041,99.999,99.99827426614644,100.00036075145223,99.99974740360084,0.0109999999999956,0.0112142857142864,0.0079999999999955,0.0,0.003982688661954,0.0039825428076287,1.00003662341684,50.00091556865537,100.00516666666668,99.99684615384614,100.00047274320131,99.99909280752637,0.0013799356749473,0.003748069881777,0.00265154637404,-0.9964322120285424
99.995,99.999,99.995,99.999,99.999,0.0,0.0,7,73198.0,-0.0010000000000047,-0.0050000000000096,0.0159999999999911,99.9964,100.0036,99.9998,99.99851617743096,100.00011334209728,99.99967622230554,0.0039999999999906,0.0111428571428575,0.0,-0.0,0.0036982109003859,0.0036980754642266,1.00003662341684,50.00091556865537,100.005,99.99696153846152,100.0002461673242,99.99908593289476,0.0011602344294203,0.0034177999431632,0.0023532839851161,0.0
99.991,99.991,99.991,99.991,99.999,-0.008,-0.01,1,10199.0,-0.007000000000005,-0.0240000000000009,0.0109999999999956,99.995,100.0012,100.00035,99.99601078495398,99.99845637080686,99.99884991541929,0.0079999999999955,0.0115714285714279,0.0,0.0079999999999955,0.0034340529789297,0.0040053557882101,0.8573652780204852,46.1602942709382,100.00258333333332,99.997,99.99882368004356,99.99848697490258,0.000336705140981,0.0028807759178322,0.001949968216289,-0.8571428571428572
99.994,99.999,99.994,99.995,99.991,0.004,0.0,113,1129983.0,0.0,-0.0229999999999961,0.0130000000000052,99.995,99.9989,100.001,99.995673856636,99.99782793975108,99.99848325680792,0.0079999999999955,0.0119999999999984,0.0040000000000048,0.0,0.0034744777661494,0.0037192589461951,0.9341854967382286,48.29865068855186,100.00183333333332,99.99765384615384,99.99823542157532,99.99822868046536,6.741109956465152e-06,0.002356292728297,0.0015613227950225,112.0
99.998,100.01,99.998,100.009,99.995,0.014,0.01,27,270724.0,0.0180000000000006,0.0060000000000002,0.0280000000000057,99.9986,99.9995,100.0024,100.000115904424,99.99985922343268,99.99948485139764,0.0150000000000005,0.0116428571428558,0.0139999999999957,0.0,0.0042263007828527,0.0034535975928954,1.223738628827743,55.03068629395732,100.00133333333332,99.99876923076924,99.99989151056371,99.99902655598645,0.0008649545772811,0.0018387484318998,0.0014220491514742,-0.7610619469026548
99.985,99.99,99.985,99.985,100.009,-0.024,-0.02,62,620923.0,-0.0139999999999957,-0.0330000000000012,-0.0120000000000004,99.9958,99.9962,100.0018,99.995077269616,99.99715754644492,99.99810534174073,0.0240000000000009,0.0118571428571416,0.0,0.0240000000000009,0.0039244221555061,0.0049211977648315,0.7974526412149581,44.36571083597136,99.99858333333334,99.99834615384614,99.99760050893852,99.9979875518393,-0.000387042900769,0.0012793571444247,0.0010602307410256,1.2962962962962965
99.984,99.986,99.98,99.986,99.985,0.001,0.0,1072,10718142.0,-0.012999999999991,-0.0139999999999957,-0.0090000000000003,99.9932,99.9948,100.00135,99.99205151307734,99.99512890163676,99.99695245205116,0.0060000000000002,0.0113571428571412,0.0010000000000047,0.0,0.0037155348586845,0.0045696836387721,0.8130836076177229,44.84534547670768,99.99716666666666,99.99788461538462,99.99581581525568,99.9970995850364,-0.0012837697807128,0.0007201452755715,0.0005914306366779,16.29032258064516
99.981,99.998,99.981,99.99,99.986,0.004,0.0,275,2750935.0,-0.0010000000000047,-0.0080000000000097,-0.0090000000000003,99.993,99.994,100.0009,99.99136767538492,99.99419637406643,99.99629031376055,0.0170000000000101,0.012285714285713,0.0039999999999906,0.0,0.0037358537973493,0.0042432776645741,0.8804170013522316,46.82030638518544,99.99483333333332,99.99815384615384,99.99492107444712,99.99657368984852,-0.0016526154013973,0.0002294917126322,0.0001426214290628,-0.7434701492537313
99.998,100.003,99.998,100.003,99.99,0.013,0.01,38,380202.0,0.0079999999999955,0.0079999999999955,0.0019999999999953,99.9946,99.9948,100.001,99.99524511692329,99.99579703332708,99.99692933149768,0.0130000000000052,0.0121428571428562,0.0130000000000052,0.0,0.0043975785261104,0.0039401864028188,1.1160838794236558,52.74289409206389,99.99508333333334,99.99903846153846,99.99616398607064,99.9970497128227,-0.0008857267520596,-5.117598915028844e-05,-6.304820716164542e-05,-0.8618181818181818
100.006,100.018,100.006,100.018,100.003,0.015,0.02,282,2820570.0,0.0090000000000003,0.027000000000001,0.0169999999999959,99.9964,99.9975,100.00185,100.00283007794886,99.9998339363585,99.99893606183122,0.0150000000000005,0.0119999999999994,0.0150000000000005,0.0,0.005154894345674,0.0036587445169032,1.408924378802242,58.487696467366206,99.99675,100.00042307692308,99.999523372829,99.99860158594694,0.0009217868820599,-0.0001020814105822,0.0001339188106826,6.421052631578948
100.003,100.003,99.996,99.996,100.018,-0.022,-0.02,22,220096.0,0.0109999999999956,-0.0030000000000001,-0.0240000000000009,99.9986,99.9972,100.00065,100.00055338529924,99.9991368570206,99.9986564368949,0.0220000000000055,0.012285714285714,0.0,0.0220000000000055,0.0047866876066973,0.0049688341942677,0.9633421884391856,49.06644364449897,99.99683333333331,100.001,99.9989813154707,99.9984088758768,0.0005724395939097,-0.0001673919478611,0.000221622967328,-0.9219858156028368
99.995,99.999,99.995,99.999,99.996,0.003,0.0,164,1640858.0,0.012999999999991,0.0,-0.0050000000000096,100.0012,99.9972,100.0004,100.0000355901995,99.99911197392592,99.99868915719064,0.0039999999999906,0.0122142857142851,0.0030000000000001,0.0,0.0046590670633617,0.0046139174661057,1.009785523383923,50.24344695665454,99.9975,100.00107692307692,99.99898419001369,99.99845266284888,0.0005315271647958,-0.0001457450563262,0.0002836038068216,6.454545454545454
99.996,99.998,99.996,99.998,99.999,-0.001,0.0,25,250094.0,0.0080000000000097,0.007000000000005,-0.0169999999999959,100.0028,99.9979,99.99955,99.999357060133,99.99890979684848,99.99862352317248,0.0030000000000001,0.0114285714285711,0.0,0.0009999999999905,0.0043262765588359,0.0043557805042403,0.9932264848112334,49.83008666500315,99.99741666666668,100.0011923076923,99.9988327761654,99.99841913226749,0.0004136438979287,-0.0001005336354403,0.000309611825043,-0.8475609756097561
99.995,99.999,99.995,99.999,99.998,0.001,0.0,3,30299.0,-0.0040000000000048,0.0039999999999906,-0.0190000000000054,100.002,99.9983,99.9986,99.99923804008868,99.99892619742148,99.9986593781084,0.0039999999999906,0.0109999999999987,0.0009999999999905,0.0,0.0040886853760612,0.004044653325366,1.0108864832540996,50.27068865758356,99.99741666666668,100.0011923076923,99.9988585029092,99.99846215950691,0.0003963434022722,-0.0001526015437747,0.0003269581404888,-0.88
100.0,100.009,100.0,100.009,99.999,0.01,0.01,73,730358.0,-0.0090000000000003,0.0,0.0060000000000002,100.0002,99.9983,99.9989,100.0024920267258,100.00075779789027,99.99964419924096,0.0100000000000051,0.0109285714285708,0.0100000000000051,0.0,0.0045109221349144,0.0037557495164113,1.2010710818714725,54.56757356742225,99.99891666666667,100.0015,100.00041873323086,99.9992427402842,0.0011759929466563,2.1069105939217378e-05,0.0004967651017223,23.33333333333333
100.007,100.007,100.0,100.0,100.009,-0.009,-0.01,25,246801.0,0.0040000000000048,0.0150000000000005,-0.0180000000000006,100.001,99.9998,99.998,100.00166135115052,100.00062001645568,99.99967808502753,0.0090000000000003,0.0112857142857143,0.0,0.0090000000000003,0.0041887134109919,0.0041303388366676,1.0141331199769954,50.350848705997066,99.99933333333335,100.00146153846154,100.0003543127338,99.99929883359648,0.0010554791373209,0.0002809856523874,0.0006085079088421,-0.6575342465753424
99.995,99.995,99.995,99.995,100.0,-0.005,-0.01,10,103495.0,-0.0039999999999906,0.0090000000000003,-0.0049999999999954,100.0002,100.0007,99.99775,99.99944090076704,99.99959819528192,99.99923255312017,0.0049999999999954,0.0110714285714286,0.0,0.0049999999999954,0.003889519595921,0.004192457491191,0.9277421665201112,48.12584289707358,99.99816666666668,100.0005,99.99953057231322,99.99898040147824,0.0005501708349839,0.000525739678652,0.0005968404940704,-0.6
99.995,99.995,99.995,99.995,99.995,0.0,0.0,154,1540023.0,-0.0030000000000001,0.0050000000000096,-0.0030000000000001,99.9996,100.0012,99.9976,99.99796060051136,99.99876215977612,99.998829452823,0.0,0.0105000000000003,0.0,-0.0,0.003611696767641,0.0038929962418203,0.9277421665201114,48.12584289707359,99.99899999999998,100.00015384615384,99.9988335611881,99.9986855569243,0.0001480042638064,0.0006405986804149,0.0005070732480176,14.4
99.999,99.999,99.997,99.997,99.995,0.002,0.0,168,1679980.0,-0.0019999999999953,-0.0060000000000002,0.0019999999999953,99.9992,100.0006,99.9977,99.99764040034091,99.99844176708956,99.9986552192208,0.0039999999999906,0.0097142857142854,0.0019999999999953,0.0,0.003496575569952,0.0036149250816902,0.9672608673585842,49.16790057727895,99.99991666666666,99.99946153846156,99.99855147485148,99.99856070085583,-9.226004351603478e-06,0.0005371528041469,0.0004038133975438,0.0909090909090908
100.0,100.003,99.999,100.003,99.997,0.006,0.01,39,389998.0,-0.0060000000000002,-0.0150000000000005,0.0120000000000004,99.998,99.9991,99.9983,99.9994269335606,99.99927053670962,99.99906900786644,0.0060000000000002,0.008428571428571,0.0060000000000002,0.0,0.0036753916006697,0.0033567161472838,1.0949366700677985,52.26586014327408,100.00100000000002,99.9988846153846,99.99923586333588,99.99888953782948,0.0003463255063991,0.0005120290166457,0.0003923158193148,-0.7678571428571428
100.0,100.0,99.983,99.99,100.003,-0.013,-0.01,36,360063.0,-0.0100000000000051,-0.0060000000000002,-0.0090000000000003,99.996,99.9985,99.99785,99.99628462237376,99.99758498458058,99.99820529283156,0.019999999999996,0.0094285714285707,0.0,0.0130000000000052,0.0034128636291933,0.0040455221367639,0.8436151166196197,45.75874373206699,99.99991666666664,99.99838461538462,99.9978149612842,99.9982310535458,-0.0004160922616023,0.0004067379692682,0.0002306342031314,-0.0769230769230768
99.987,99.992,99.987,99.992,99.99,0.002,0.0,6,60193.0,-0.0030000000000001,-0.0069999999999907,-0.0069999999999907,99.9954,99.9978,99.9975,99.99485641491584,99.99656953283863,99.99761431256188,0.0050000000000096,0.0085714285714278,0.0020000000000095,0.0,0.0033119447985373,0.0037565562698522,0.8816438675807879,46.85498051840752,99.99775,99.9973846153846,99.99692035185586,99.99776949402388,-0.0008491421680218,0.0002664284063848,1.4678928900771742e-05,-0.8333333333333334
99.989,99.989,99.989,99.989,99.992,-0.003,0.0,3,29997.0,-0.0060000000000002,-0.0090000000000003,-0.0019999999999953,99.9942,99.9969,99.9974,99.99290427661056,99.9951932541407,99.9967939018417,0.0030000000000001,0.0078571428571418,0.0,0.0030000000000001,0.0030753773129275,0.0037025165362913,0.8306181168357522,45.37364233407057,99.99716666666666,99.99696153846152,99.99570183618572,99.99711990187396,-0.0014180656882274,6.482739632929224e-05,-0.0002718699945248,-0.5
99.99,99.993,99.99,99.993,99.989,0.004,0.0,170,1700636.0,-0.0040000000000048,-0.0060000000000002,-0.0020000000000095,99.9934,99.9963,99.9973,99.99293618440706,99.99479448066056,99.99643257785678,0.0039999999999906,0.0070714285714268,0.0039999999999906,0.0,0.0031414217905749,0.0034380510694134,0.91372167752904,47.74579753461431,99.99666666666668,99.99676923076922,99.99528616908025,99.99681472395736,-0.0015285548771402,-0.0002356779174258,-0.0005232069710479,55.66666666666666
99.996,100.009,99.996,100.004,99.993,0.011,0.01,51,511027.0,0.0010000000000047,-0.0049999999999954,-0.0049999999999954,99.9936,99.9958,99.99705,99.99662412293804,99.99646821144955,99.99715328472756,0.0160000000000053,0.0066428571428553,0.0110000000000098,0.0,0.0037027488055345,0.0031924759930267,1.1598360688138023,53.70018982277635,99.99716666666666,99.9971153846154,99.9966267584525,99.9973469666272,-0.0007202081746839,-0.0004329765076486,-0.0005626072117751,-0.7
100.001,100.001,99.999,99.999,100.004,-0.005,-0.01,155,1550115.0,0.0090000000000003,-0.0010000000000047,0.0139999999999957,99.9954,99.9957,99.99775,99.9974160819587,99.99692853664052,99.99732916237258,0.0050000000000096,0.0067142857142852,0.0,0.0050000000000096,0.0034382667479963,0.0033215848506683,1.0351283807500906,50.8630507314026,99.99716666666666,99.99742307692308,99.99699187253674,99.99746941354368,-0.0004775410069441,-0.0005471667123073,-0.0005455939708089,2.0392156862745097
99.985,99.985,99.974,99.974,99.999,-0.025,-0.03,353,3529399.0,-0.0180000000000006,-0.0210000000000007,-0.0120000000000004,99.9918,99.9936,99.99715,99.9896107213058,99.99275971179678,99.99510733738472,0.0249999999999914,0.0082857142857132,0.0,0.0249999999999914,0.0031926762659966,0.00487004307562,0.6555745434736573,39.59800819950748,99.99424999999998,99.99646153846156,99.99345466137724,99.99573093846638,-0.0022762770891375,-0.0008165313070789,-0.0008917305944746,1.2774193548387096
99.93,99.975,99.929,99.975,99.974,0.001,0.0,1045,10442182.0,-0.01400000000001,-0.0200000000000102,-0.0150000000000005,99.989,99.9916,99.9964,99.98474048087056,99.98953067328826,99.99319235287189,0.0459999999999922,0.0112857142857133,0.0009999999999905,0.0,0.0030360565327104,0.0045221828559328,0.6713696967665381,40.16883266852224,99.99216666666668,99.99553846153846,99.99061548270382,99.9941953133948,-0.0035798306909811,-0.0012132651611488,-0.0014293506137759,1.960339943342776
99.972,99.981,99.971,99.981,99.975,0.006,0.01,517,5168947.0,-0.0120000000000004,-0.0160000000000053,-0.0220000000000055,99.9866,99.99,99.9953,99.98349365391373,99.9879796417813,99.99203117640788,0.0099999999999909,0.0112857142857123,0.0060000000000002,0.0,0.003247766780374,0.0041991697947948,0.7734306872753502,43.61211818566351,99.991,99.99515384615384,99.98913617767244,99.99321788277295,-0.0040817051005177,-0.0017052685619173,-0.0019598215111243,-0.5052631578947369
99.997,100.006,99.997,100.003,99.981,0.022,0.02,46,458014.0,-0.0010000000000047,0.0,-0.0150000000000005,99.9864,99.99,99.99455,99.98999576927582,99.99071061600289,99.9930758262738,0.0250000000000056,0.0124285714285698,0.0220000000000055,0.0,0.0045872120103477,0.0038992290951666,1.1764407523615164,54.05342420118883,99.99166666666666,99.99546153846154,99.99126907341515,99.99394248404904,-0.0026734106338892,-0.0019560817143937,-0.0021025393356773,-0.9110251450676984
100.0,100.0,100.0,100.0,100.003,-0.003,0.0,1,10000.0,0.0010000000000047,0.0100000000000051,0.0040000000000048,99.9866,99.991,99.99475,99.99333051285056,99.99239959491145,99.9937352713906,0.0030000000000001,0.012285714285713,0.0,0.0030000000000001,0.0042595540096086,0.0038349984455118,1.110705537467323,52.62247706992233,99.99191666666668,99.9951153846154,99.99261229288976,99.9943911889343,-0.0017788960445557,-0.0020593877006752,-0.0020378106774529,-0.9782608695652174
99.998,99.998,99.997,99.998,100.0,-0.002,0.0,13,129997.0,0.0240000000000009,0.0060000000000002,-0.0009999999999905,99.9914,99.9916,99.9947,99.99488700856703,99.99341785038207,99.99414143602006,0.0030000000000001,0.0124999999999987,0.0,0.0019999999999953,0.0039553001517794,0.0037039271279749,1.0678666224035245,51.64098162009699,99.99150000000002,99.99561538461538,99.99344117090672,99.99465850827252,-0.0012173373657873,-0.0020370845537374,-0.0018737160151198,12.0
99.997,100.23,99.997,99.998,99.998,0.0,0.0,5,50145.0,0.0230000000000103,0.0090000000000003,0.0,99.996,99.9925,99.9947,99.99592467237804,99.9942509684944,99.99450891830386,0.2330000000000041,0.0288571428571426,0.0,-0.0,0.0036727787123666,0.0034393609045481,1.0678666224035245,51.64098162009699,99.99216666666668,99.99607692307691,99.99414252922875,99.99490602617826,-0.0007634969495029,-0.0019520781173333,-0.0016516722019964,-0.6153846153846154
100.001,100.001,100.001,100.001,99.998,0.003,0.0,1,10000.0,0.0200000000000102,0.0080000000000097,0.0020000000000095,100.0,99.9933,99.9948,99.99761644825205,99.9954780651318,99.99512711656064,0.0030000000000001,0.0286428571428568,0.0030000000000001,0.0,0.0036247230900547,0.003193692268509,1.1349631665504534,53.16078442628401,99.99291666666666,99.99649999999998,99.99519752473202,99.99535743164654,-0.0001599069145186,-0.0018898224217593,-0.0013533191445009,-0.8
99.985,99.985,99.985,99.985,100.001,-0.016,-0.02,1,9999.0,-0.0180000000000006,-0.0190000000000054,-0.0240000000000009,99.9964,99.9914,99.9936,99.99341096550135,99.99357296238054,99.99416262926916,0.0160000000000053,0.0283571428571432,0.0,0.0160000000000053,0.0033658142979079,0.0041084285350444,0.8192461592547828,45.03217748115903,99.99258333333331,99.9958076923077,99.99362867477323,99.99459021448752,-0.0009615397142823,-0.001943600055908,-0.0012749632584571,0.0
99.988,99.988,99.978,99.978,99.985,-0.007,-0.01,57,573108.0,-0.0220000000000055,-0.0210000000000007,-0.0220000000000055,99.992,99.9893,99.9925,99.98827397700092,99.99074151467498,99.99262333124352,0.0100000000000051,0.0287142857142857,0.0,0.007000000000005,0.0031253989909145,0.0043149693539702,0.7243154549959478,42.00597129123627,99.99133333333332,99.99426923076923,99.99122426326969,99.99336130971066,-0.0021370464409926,-0.0019281299838919,-0.0014473798949642,56.0
99.981,100.102,99.981,99.989,99.978,0.011,0.01,205,2049824.0,-0.0090000000000003,0.0150000000000005,-0.0060000000000002,99.9902,99.9908,99.9922,99.98851598466727,99.99042487564316,99.99227825207748,0.1240000000000094,0.0373571428571435,0.0110000000000098,0.0,0.0036878704915641,0.004006757257258,0.9204127564463176,47.92786099533736,99.99008333333336,99.994,99.99088206892048,99.9930382497321,-0.0021561808116103,-0.0017699466639618,-0.0015891400782935,2.5964912280701755
99.992,99.992,99.99,99.99,99.989,0.001,0.0,143,1429857.0,-0.0080000000000097,0.0150000000000005,-0.0050000000000096,99.9886,99.9923,99.99195,99.98901065644486,99.99034762552624,99.99206127568914,0.0030000000000001,0.0372857142857157,0.0009999999999905,0.0,0.003495879742166,0.003720560310311,0.9396110936510504,48.443272815189054,99.98933333333332,99.99365384615383,99.99074636600965,99.9928131941964,-0.0020668281867415,-0.00154607145132,-0.0016846776999831,-0.3024390243902439
99.993,100.003,99.993,100.002,99.99,0.012,0.01,197,1972635.0,0.0009999999999905,0.0210000000000007,0.0049999999999954,99.9888,99.9944,99.9922,99.99334043762993,99.9924662390669,99.9930078208616,0.0130000000000052,0.0370714285714299,0.0120000000000004,0.0,0.0041033169034399,0.0034548060024317,1.1877126821453332,54.29015847641512,99.99166666666667,99.99380769230768,99.99247769431584,99.99349369833,-0.0010160040141471,-0.0013619151602376,-0.0015509429628159,0.3776223776223777
99.999,99.999,99.964,99.964,100.002,-0.038,-0.04,1,10100.0,-0.0210000000000007,-0.0390000000000014,-0.0390000000000014,99.9846,99.9905,99.99025,99.98356029175328,99.98729055923654,99.99024517125574,0.0379999999999967,0.0394285714285719,0.0,0.0379999999999967,0.0038102228389085,0.0059223198594006,0.643366607911337,39.1493051406852,99.99075,99.99246153846154,99.98809651057496,99.99130897993518,-0.0032124693602355,-0.001521201084202,-0.0018832482422998,-0.9949238578680204
99.967,99.978,99.967,99.976,99.964,0.012,0.01,105,1050504.0,-0.0019999999999953,-0.0240000000000009,-0.0139999999999957,99.9842,99.9881,99.98955,99.9810401945022,99.98523773028444,99.988888488279,0.0139999999999957,0.0386428571428579,0.0120000000000004,0.0,0.0043952069218436,0.0054992970123005,0.799230685669943,44.4206900224331,99.99033333333334,99.9911923076923,99.98623550894804,99.99017498142146,-0.0039394724734194,-0.0018236605406056,-0.0022944930885237,104.0
99.979,99.99,99.979,99.989,99.976,0.013,0.01,20,199977.0,0.0,-0.0090000000000003,-0.0030000000000001,99.9842,99.9872,99.9894,99.98369346300149,99.98592177932365,99.98889910844292,0.0139999999999957,0.0363571428571439,0.0130000000000052,0.0,0.0050098349988552,0.0051064900828505,0.9810721097217164,49.52228164271762,99.98916666666668,99.99076923076922,99.98666081526372,99.9900879457606,-0.003427130496874,-0.0021196198236468,-0.0025210205701938,-0.8095238095238095
99.986,99.99,99.986,99.99,99.989,0.001,0.0,16,159984.0,0.0,-0.0080000000000097,0.0009999999999905,99.9842,99.9864,99.98945,99.985795642001,99.98666327399206,99.98900395525786,0.0039999999999906,0.0359285714285724,0.0009999999999905,0.0,0.004723418213222,0.0047417407912183,0.9961358963294074,49.90321040572192,99.98833333333334,99.99057692307692,99.9871745359924,99.99008143125982,-0.0029068952674293,-0.002424840751748,-0.0025981955096409,-0.1999999999999999
99.972,99.972,99.971,99.971,99.99,-0.019,-0.02,15,149957.0,-0.0309999999999917,-0.0300000000000011,-0.0219999999999913,99.978,99.9834,99.98835,99.980863761334,99.98381540599352,99.98728929285237,0.0189999999999912,0.0354999999999999,0.0,0.0189999999999912,0.0043860311979918,0.0057601878775592,0.761438913317239,43.228232756778105,99.98608333333334,99.98965384615386,99.98468614583972,99.98866799190723,-0.0039818460675178,-0.0027604303465519,-0.0028749256212163,-0.0625
99.951,99.96,99.94,99.951,99.971,-0.02,-0.02,44,436796.0,-0.0130000000000052,-0.034000000000006,-0.0530000000000114,99.9754,99.98,99.9857,99.97090917422268,99.97784896854012,99.98383316972355,0.0310000000000059,0.0375000000000004,0.0,0.0200000000000102,0.0040727432552781,0.0067773173148772,0.6009373718326422,37.53659464796744,99.98216666666666,99.98788461538462,99.97950366186438,99.98587777028447,-0.0063741084200898,-0.0032312150108961,-0.003574762180991,1.933333333333333
99.954,99.961,99.818,99.818,99.951,-0.133,-0.13,26,260368.0,-0.1580000000000012,-0.1599999999999966,-0.1809999999999973,99.9438,99.964,99.97665,99.9199394494818,99.94878551971463,99.9680395345118,0.1430000000000006,0.0475000000000004,0.0,0.1329999999999955,0.0037818330227583,0.015793223220957,0.2394592269005564,19.31965341847978,99.96691666666663,99.98076923076924,99.95465694465447,99.97344237989304,-0.0187854352385556,-0.0050789099472233,-0.0066168967925039,-0.409090909090909
100.025,100.099,100.006,100.051,99.818,0.233,0.23,375,3750197.0,0.0619999999999976,0.0619999999999976,0.0769999999999981,99.9562,99.9702,99.9805,99.96362629965452,99.9673699706756,99.97594053122496,0.2810000000000059,0.050928571428572,0.2330000000000041,0.0,0.0201545592354187,0.0146651358480315,1.3743179363813356,57.8826413818831,99.97241666666667,99.98311538461536,99.96947895316916,99.97918738878984,-0.0097084356206949,-0.0059279774398848,-0.0072352045581421,13.423076923076923
99.994,99.994,99.972,99.972,100.051,-0.079,-0.08,102,1020126.0,-0.0180000000000006,-0.0180000000000006,-0.0030000000000001,99.9526,99.9684,99.98035,99.96641753310304,99.96821179418912,99.97556524253685,0.0790000000000077,0.0563571428571439,0.0,0.0790000000000077,0.0187149478614602,0.0192604832874584,0.9716759222571822,49.28172582970957,99.97191666666669,99.98234615384617,99.96986680652776,99.97865498962024,-0.0087881830924914,-0.0067915528930342,-0.007545800265012,-0.728
99.969,99.969,99.969,99.969,99.972,-0.003,0.0,0,300.0,-0.0020000000000095,-0.0330000000000012,-0.0120000000000004,99.9522,99.9651,99.97975,99.96727835540202,99.96835510433657,99.97493998134286,0.0030000000000001,0.0554285714285721,0.0,0.0030000000000001,0.0173781658713559,0.0180990201954971,0.9601716382237888,48.98405932930696,99.97025,99.98157692307691,99.96973345167731,99.97793980520392,-0.008206353526603,-0.0073464289115195,-0.0076779109173302,-1.0
99.972,99.998,99.972,99.998,99.969,0.029,0.03,102,1019975.0,0.0470000000000112,0.034000000000006,-0.0049999999999954,99.9616,99.9685,99.9795,99.97751890360136,99.97374508536626,99.97713617359592,0.0290000000000105,0.0567857142857154,0.0290000000000105,0.0,0.0182082968805455,0.0168062330386759,1.0834252291184516,52.002117185500126,99.97091666666664,99.98176923076925,99.97408215141928,99.9794257455592,-0.0053435941399158,-0.0075024424300191,-0.0072110475618473,inf
99.935,99.995,99.935,99.98,99.998,-0.018,-0.02,45,450025.0,0.1620000000000061,0.0040000000000048,-0.019999999999996,99.994,99.9689,99.9785,99.97834593573424,99.9748823425724,99.97740891896774,0.0630000000000023,0.052428571428572,0.0,0.0180000000000006,0.0169077042462208,0.0168915021073419,1.0009591887551463,50.02396822385325,99.96908333333332,99.98084615384616,99.97499258966248,99.97946828292518,-0.0044756932627052,-0.0076189494040003,-0.0066639767020189,-0.5588235294117647
99.983,100.019,99.983,100.005,99.98,0.025,0.03,15,150001.0,-0.0460000000000064,0.0159999999999911,0.0069999999999907,99.9848,99.9705,99.97885,99.98723062382282,99.9803582802865,99.9800366409708,0.0390000000000014,0.0550000000000007,0.0249999999999914,0.0,0.0174857253714901,0.0156849662425318,1.1148079696898148,52.714382850246544,99.9725,99.98107692307693,99.97960911432978,99.98135952122702,-0.0017504068972442,-0.007490450696202,-0.0056812627410639,-0.6666666666666667
100.002,100.002,99.998,99.998,100.005,-0.007,-0.01,20,200196.0,0.0260000000000104,0.0080000000000097,0.0,99.99,99.9713,99.97885,99.9908204158819,99.98356586568894,99.98174743706883,0.0069999999999907,0.0545714285714282,0.0,0.0069999999999907,0.0162367449878123,0.0150646115109217,1.0778070829135404,51.8723365502354,99.97433333333332,99.982,99.98243848135596,99.98259214928429,-0.0001536679283304,-0.0070650975696256,-0.0045757437785172,0.3333333333333332
99.991,99.992,99.991,99.992,99.998,-0.006,-0.01,0,200.0,0.0230000000000103,0.0210000000000007,-0.0090000000000003,99.9946,99.9734,99.9784,99.99121361058796,99.9850993446546,99.98272387163372,0.007000000000005,0.0523571428571431,0.0,0.0060000000000002,0.0150769774886828,0.0144171392601416,1.0457676253683312,51.1185929623872,99.97458333333331,99.98265384615384,99.98390948422428,99.98328902711508,0.0006204571091927,-0.0062879236219275,-0.0035365036009752,-1.0
99.993,99.997,99.992,99.997,99.992,0.005,0.01,85,850350.0,-0.0010000000000047,0.0460000000000064,0.0120000000000004,99.9944,99.978,99.979,99.99314240705864,99.98726310017192,99.98408350290669,0.0049999999999954,0.0517142857142859,0.0049999999999954,0.0,0.014357193382348,0.0133873435987029,1.0724452746352953,51.74782117342144,99.97516666666664,99.98326923076924,99.98592340972824,99.98430465473618,0.0016187549920516,-0.0040207913740823,-0.0025054518823698,inf
100.218,100.218,100.218,100.218,99.997,0.221,0.22,10,100318.0,0.2379999999999995,0.4000000000000057,0.2400000000000091,100.042,100.018,99.991,100.06809493803908,100.02921526377705,100.00636126453462,0.2210000000000036,0.0665000000000008,0.2210000000000036,0.0,0.0291173938550377,0.0124311047702241,2.3423013797439536,70.08049585053853,99.99575,99.99153846153848,100.02162750053928,100.001615421052,0.0200120794872589,-0.0007185119176429,0.0019980543915558,-0.8823529411764706
100.215,100.215,99.991,100.215,100.218,-0.003,0.0,21,211451.0,0.2100000000000079,0.1640000000000014,0.2259999999999991,100.084,100.0344,100.0023,100.11706329202606,100.06299430672664,100.02623162029325,0.2270000000000038,0.0824285714285732,0.0,0.0030000000000001,0.0270375800082493,0.0117574544294938,2.2996117204098905,69.69340380825851,100.01775000000002,99.99980769230768,100.05137711584092,100.01742168615928,0.0339554296816544,0.0040307783905954,0.0083895294495755,1.1
99.99,99.99,99.99,99.99,100.215,-0.225,-0.22,0,100.0,-0.0080000000000097,0.0180000000000006,0.0,100.0824,100.0362,100.0023,100.07470886135071,100.04972261459451,100.02278098978913,0.2250000000000085,0.0971428571428601,0.0,0.2250000000000085,0.0251063242933743,0.0269890648273877,0.9302406161141658,48.19298735858461,100.03208333333336,99.9995,100.04193448263464,100.01539045014746,0.0265440324871661,0.0078919323921253,0.0120204300570937,-1.0
99.993,99.995,99.993,99.995,99.99,0.005,0.01,44,441978.0,0.0030000000000001,0.0260000000000104,-0.0069999999999907,100.083,100.0388,100.00195,100.04813924090048,100.0397730483046,100.02013518123778,0.0050000000000096,0.0952857142857175,0.0050000000000096,0.0,0.0236701582724197,0.0250612744825743,0.9444914020186048,48.57267052135662,100.02741666666668,99.9993846153846,100.03471379299852,100.01388004643285,0.0208337465656853,0.0108005258038588,0.013783093358812,inf
100.02,109.0,99.99,99.995,99.995,0.0,0.0,2644,27621193.0,-0.0019999999999953,-0.0030000000000001,0.0310000000000059,100.0826,100.0385,100.0035,100.03042616060031,100.0316324940674,100.01774135445322,9.010000000000003,0.7286428571428607,0.0,-0.0,0.0219794326815326,0.0232711834481047,0.9444914020186048,48.57267052135662,100.02933333333333,99.99915384615385,100.02860397869108,100.01248152447486,0.0161224542162017,0.0130892088570707,0.0142509655302899,59.09090909090909
99.998,100.598,99.998,100.004,99.995,0.009,0.01,159,1589562.0,-0.2139999999999986,0.0240000000000009,0.0280000000000057,100.0398,100.0409,100.0049,100.02161744040022,100.02660840423697,100.0164326540291,0.6029999999999944,0.7516428571428599,0.0090000000000003,0.0,0.0210523303471374,0.0216089560589544,0.9742409716462768,49.34762197918921,100.03225,99.99988461538462,100.02481875120012,100.01185326340266,0.0129654877974729,0.0147243082675948,0.0139938699837265,-0.9398638426626325
100.001,100.98,99.97,99.97,100.004,-0.034,-0.03,2156,21633210.0,-0.2450000000000045,-0.0349999999999965,-0.0190000000000054,99.9908,100.0374,100.00395,100.00441162693348,100.01631596710295,100.01201049650253,1.0100000000000051,0.8181428571428597,0.0,0.034000000000006,0.019548592465199,0.0224940306261724,0.8690568973643064,46.497080885543234,100.02991666666668,99.99957692307692,100.01638509716932,100.00875302166914,0.0076320755001972,0.0155893908707645,0.0127215110870207,12.559748427672956
99.973,99.995,99.972,99.995,99.97,0.025,0.03,39,390053.0,0.0050000000000096,-0.0030000000000001,0.0050000000000096,99.9918,100.0371,100.0042,100.00127441795568,100.0124403367206,100.01039044921656,0.0250000000000056,0.8197142857142887,0.0250000000000056,0.0,0.0199379787176852,0.0208873141528743,0.9545496645360472,48.83731950411346,100.03116666666666,99.99980769230768,100.0130950822202,100.00773427932327,0.0053608028969165,0.0161160959582894,0.0112493694489998,-0.9819109461966604
99.91,100.009,99.91,100.0,99.995,0.005,0.01,201,2010119.0,0.0049999999999954,0.0079999999999955,0.0289999999999963,99.9928,100.0379,100.00565,100.00084961197044,100.01017845731684,100.00940088262452,0.0990000000000037,0.8247142857142882,0.0049999999999954,0.0,0.0188709802378502,0.0193953631419547,0.972963491311478,49.31482491167259,100.03075,100.00019230769232,100.01108045418631,100.00716136974378,0.0039190844425434,0.0163716881194552,0.0097833124477085,4.153846153846154
99.996,100.0,99.996,100.0,100.0,0.0,0.0,7,72498.0,0.0049999999999954,0.0030000000000001,0.0490000000000065,99.9938,100.0382,100.0081,100.0005664079803,100.0083278287138,100.0085055604698,0.0040000000000048,0.8205000000000027,0.0,-0.0,0.0175230530780038,0.0180099800603865,0.9729634913114776,49.31482491167258,100.03091666666666,100.00011538461538,100.00937576892689,100.00663089791092,0.0027448710159774,0.0144531094004239,0.0083756241613623,-0.965174129353234
100.01,100.01,100.0,100.0,100.0,0.0,0.0,64,640013.0,-0.0040000000000048,-0.2180000000000035,0.1820000000000021,99.993,100.0164,100.0172,100.0003776053202,100.00681367803855,100.00769550709173,0.0100000000000051,0.8184285714285744,0.0,-0.0,0.0162714064295749,0.0167235529132161,0.972963491311478,49.31482491167259,100.03158333333332,100.0015,100.00793334293812,100.00613972028788,0.0017936226502541,0.0108795752858239,0.0070592238591407,8.142857142857142
99.997,99.997,99.996,99.996,100.0,-0.004,0.0,101,1010262.0,0.0259999999999962,-0.2190000000000083,-0.0550000000000068,99.9982,99.9945,100.01445,99.9989184035468,100.0048475547588,100.00658164927346,0.0040000000000048,0.8182142857142897,0.0,0.0040000000000048,0.0151091631131767,0.0158147277051296,0.9553855997328382,48.85919175549679,100.0315,100.00226923076924,100.00609744402458,100.00538862989616,0.0007088141284015,0.0080089954681833,0.0057891419129928,0.578125
99.998,100.0,99.998,100.0,99.996,0.004,0.0,28,280199.0,0.0049999999999954,0.0100000000000051,0.0280000000000057,99.9992,99.9955,100.01585,99.99927893569787,100.0039661811663,100.00595482553312,0.0040000000000048,0.818000000000004,0.0040000000000048,0.0,0.0143156514622359,0.0146851042976203,0.9748416607811028,49.36302895268711,100.01333333333334,100.00269230769231,100.0051593757131,100.00498947212608,0.0001699035870217,0.0057130129149985,0.0046652942477986,-0.7227722772277227
99.985,100.1,99.985,99.999,100.0,-0.001,0.0,1277,12771223.0,-0.0010000000000047,0.0039999999999906,0.0300000000000011,99.999,99.9959,100.01735,99.99918595713191,100.00306323913604,100.00529246119665,0.1149999999999948,0.8258571428571467,0.0,0.0010000000000047,0.013293104929219,0.0137075968477906,0.969761882905216,49.232442323176,99.99533333333332,100.00303846153844,100.00421177944956,100.00454580752417,-0.0003340280746044,0.0038845148826867,0.003665429783318,44.60714285714285
100.002,100.002,100.001,100.001,99.999,0.002,0.0,103,1034311.0,0.0010000000000047,0.0060000000000002,0.0030000000000001,99.9992,99.9965,100.0175,99.99979063808796,100.00268810474768,100.00488365536836,0.0030000000000001,0.8102857142857179,0.0020000000000095,0.0,0.0124864545771326,0.0127284827872341,0.9809853056214805,49.52006977728302,99.99625000000002,100.0041923076923,100.00371765953425,100.00428315511496,-0.0005654955807301,0.0023810722851086,0.0028192447105083,-0.9193422083007048
100.001,100.01,99.984,100.01,100.001,0.009,0.01,317,3169877.0,0.0100000000000051,0.0060000000000002,0.0300000000000011,100.0012,99.9971,100.019,100.00319375872532,100.0040175402481,100.00537092628566,0.0260000000000104,0.7959285714285755,0.0090000000000003,0.0,0.0122374221073375,0.0118193054452888,1.035375738784658,50.86902231638521,99.9975,100.00646153846152,100.00468417345203,100.00470662510644,-2.2451654402289023e-05,0.0015305692679308,0.0022509054375262,2.0776699029126213
99.998,99.998,99.981,99.985,100.01,-0.025,-0.02,28,280260.0,-0.0109999999999956,0.0150000000000005,-0.019999999999996,99.999,99.9986,100.018,99.99712917248355,100.00055980565752,100.00343083806798,0.0290000000000105,0.7819285714285756,0.0,0.0250000000000056,0.0113633205282419,0.0127607836277686,0.890487673775326,47.1035958672511,99.99666666666666,100.01288461538462,100.0016558390748,100.00324687509854,-0.0015910360237398,0.0007581427211912,0.001482517145273,-0.9116719242902208
100.0,100.0,100.0,100.0,99.985,0.015,0.02,39,385100.0,0.0,0.0049999999999954,0.0019999999999953,99.999,99.9991,100.0181,99.99808611498904,100.0004580228107,100.00310409158531,0.0150000000000005,0.7826428571428607,0.0150000000000005,0.0,0.0116230833476533,0.011849299082928,0.9809089353141018,49.51812361624612,99.99633333333333,100.01092307692308,100.00140109460176,100.00300636583198,-0.0016052712302183,0.0001443254242177,0.0008649594701747,0.3928571428571428
99.991,99.991,99.991,99.991,100.0,-0.009,-0.01,0,100.0,-0.0079999999999955,-0.0090000000000003,-0.0010000000000047,99.9974,99.9982,100.01805,99.99572407665936,99.99873838229966,100.00195132095814,0.0090000000000003,0.1397142857142889,0.0,0.0090000000000003,0.0107928631085352,0.0116457777198617,0.9267619018803764,48.09945125943821,99.99808333333333,100.01165384615383,99.99980092620147,100.00211700539998,-0.0023160791984935,-0.0004180023773901,0.000228751736441,-1.0
99.994,99.994,99.994,99.994,99.991,0.003,0.0,1,9999.0,-0.007000000000005,-0.0060000000000002,-0.0030000000000001,99.996,99.9976,100.0179,99.9951493844396,99.99787685824518,100.00119405229546,0.0030000000000001,0.0968571428571465,0.0030000000000001,0.0,0.0102362300293541,0.0108139364541573,0.9465776012969698,48.62778656583134,99.998,100.0126153846154,99.99890847601664,100.00151574574072,-0.0026072697240664,-0.0009069904189813,-0.0003384525556604,inf
99.997,100.003,99.981,100.002,99.994,0.008,0.01,60,601759.0,-0.0080000000000097,0.0019999999999953,-0.2160000000000081,99.9944,99.9978,100.0071,99.99743292295972,99.99862652038242,100.0012708092197,0.0220000000000055,0.0262857142857179,0.0079999999999955,0.0,0.0100764993129713,0.0100415124217175,1.003484225262537,50.08695414764448,99.99816666666668,100.01276923076922,99.999384095091,100.0015516164266,-0.0021675213355933,-0.001226583248314,-0.000704266311647,59.0
99.999,99.999,99.961,99.99,100.002,-0.012,-0.01,210,2098676.0,0.0049999999999954,-0.0060000000000002,-0.2250000000000085,99.9954,99.9972,99.99585,99.99495528197316,99.99705806213106,100.00019739881782,0.0409999999999968,0.0274285714285744,0.0,0.0120000000000004,0.0093567493620448,0.0101814043915949,0.9190038036176198,47.88962908177436,99.99733333333334,100.01315384615384,99.99794038815394,100.00069594113572,-0.0027555529817959,-0.0015516339781827,-0.0011145236456768,2.5
99.987,99.993,99.981,99.99,99.99,0.0,0.0,27,271373.0,-0.0100000000000051,-0.0100000000000051,0.0,99.9934,99.9962,99.99585,99.99330352131544,99.99577477810725,99.99922621797802,0.0120000000000004,0.0212142857142885,0.0,-0.0,0.0086884101218987,0.0094541612207666,0.9190038036176196,47.889629081774366,99.9965,100.01257692307694,99.9967187899764,99.99990364919977,-0.0031848592233387,-0.0018683929947087,-0.0015285907612091,-0.8714285714285714
102.998,103.001,99.999,99.999,99.99,0.009,0.01,40,404328.0,0.0079999999999955,0.0,0.0039999999999906,99.995,99.9962,99.99605,99.99520234754364,99.99636118208772,99.99920467340868,3.01100000000001,0.2360000000000031,0.0090000000000003,0.0,0.0087106665417631,0.0087788639907119,0.9922316316757048,49.80503350612496,99.99675,100.0126153846154,99.99706974536466,99.999836712222,-0.0027669668573366,-0.0021130009143317,-0.0017762659804346,0.4814814814814814
100.003,100.003,100.002,100.002,99.999,0.003,0.0,0,2000.0,0.0079999999999955,0.0009999999999905,0.0069999999999907,99.9966,99.9963,99.9964,99.99746823169576,99.99738642170811,99.99947089498882,0.0040000000000048,0.2355714285714317,0.0030000000000001,0.0,0.0083027617887801,0.0081518022770896,1.0185185443119404,50.45871622938824,99.99691666666666,100.013,99.99782824607776,99.9999969557611,-0.0021687096833318,-0.0023514740286572,-0.0018547547210141,-1.0
100.002,100.002,99.987,99.988,100.002,-0.014,-0.01,158,1575413.0,-0.0139999999999957,-0.0220000000000055,-0.0160000000000053,99.9938,99.9941,99.9956,99.99431215446384,99.99567979957936,99.9983784287994,0.0150000000000005,0.2363571428571457,0.0,0.0139999999999957,0.0077097073752958,0.0085695306858686,0.899665064273507,47.35914141883573,99.996,100.01265384615384,99.99631620821964,99.9991082923714,-0.0027920841517499,-0.0024849238206583,-0.0020422206071612,inf
99.991,99.991,99.99,99.991,99.988,0.003,0.0,1,11999.0,0.0010000000000047,0.0060000000000002,0.0210000000000007,99.994,99.9947,99.99665,99.9932081029759,99.99482892692856,99.9976757212947,0.0030000000000001,0.2362857142857168,0.0030000000000001,0.0,0.0073732997056318,0.0079574213511637,0.9265941038240372,48.09493094497015,99.99516666666666,100.00392307692309,99.995498330032,99.99850767812168,-0.0030093480896624,-0.0026409323605965,-0.0022356461036615,-0.9936708860759492
99.988,100.4,99.988,100.0,99.991,0.009,0.01,8,81039.0,0.0100000000000051,0.0,0.0049999999999954,99.996,99.9947,99.9969,99.9954720686506,99.99576912203246,99.9978970811714,0.4120000000000061,0.2575000000000033,0.0090000000000003,0.0,0.007489492583801,0.0073890341117949,1.013595616218058,50.33759549605082,99.99433333333332,99.99565384615386,99.99619089464248,99.99861822048302,-0.0024273258405571,-0.0026532930986036,-0.0022739820510406,7.0
100.0,100.005,99.999,100.0,100.0,0.0,0.0,803,8027554.0,0.0010000000000047,0.0090000000000003,0.0,99.9962,99.9956,99.9969,99.9969813791004,99.996538372572,99.99809735915504,0.0060000000000002,0.257714285714289,0.0,-0.0,0.0069545288278152,0.0068612459609524,1.013595616218058,50.33759549605082,99.99558333333334,99.99603846153846,99.99677691085132,99.99872057452131,-0.0019436636699907,-0.0025795590925952,-0.0022079183748306,99.375
99.997,99.997,99.994,99.997,100.0,-0.003,0.0,339,3389832.0,-0.0049999999999954,0.0030000000000001,-0.0030000000000001,99.9952,99.9959,99.99675,99.99698758606696,99.99662230483165,99.99799284875934,0.0060000000000002,0.2562857142857169,0.0,0.0030000000000001,0.0064577767686855,0.0065854426780272,0.980613921404608,49.51060430339589,99.99533333333332,99.99611538461538,99.99681123225882,99.99859312455678,-0.0017818922979557,-0.0025367114217465,-0.0021227131594556,-0.5778331257783312
99.996,99.997,99.994,99.994,99.997,-0.003,0.0,19,189992.0,0.0060000000000002,-0.0079999999999955,-0.0060000000000002,99.9964,99.9951,99.99645,99.99599172404464,99.99614552213498,99.99761257744892,0.0030000000000001,0.2544285714285733,0.0,0.0030000000000001,0.0059965069994937,0.0063293396295967,0.9474143197267156,48.64985895038854,99.99558333333334,99.99607692307691,99.99637873498824,99.99825289310812,-0.0018741581198895,-0.0024387786593125,-0.0020730021515424,-0.943952802359882
99.996,99.996,99.996,99.996,99.994,0.002,0.0,7,69997.0,0.0049999999999954,0.0060000000000002,0.0,99.9974,99.9957,99.99645,99.99599448269645,99.99611906356498,99.99745899864428,0.0019999999999953,0.2535000000000015,0.0019999999999953,0.0,0.0057110422138152,0.0058772439417684,0.9717211452170706,49.28288909282311,99.99575,99.99576923076924,99.99632046806695,99.99808601213716,-0.0017655440701815,-0.0022810769756284,-0.0020115105352702,-0.631578947368421
99.997,100.0,99.981,99.999,99.996,0.003,0.0,32,320093.0,-0.0010000000000047,0.0090000000000003,-0.0010000000000047,99.9972,99.9966,99.9964,99.99699632179762,99.99664287018952,99.99760576067814,0.0190000000000054,0.2542142857142875,0.0030000000000001,0.0,0.0055173963413999,0.0054574408030706,1.0109860171631215,50.27315001370868,99.9955,99.99688461538462,99.99673270374898,99.9981537149418,-0.0014210111928179,-0.0021315263462374,-0.0018934106667798,3.571428571428571
99.995,99.996,99.981,99.981,99.999,-0.018,-0.02,27,270079.0,-0.0190000000000054,-0.0180000000000006,-0.0180000000000006,99.9934,99.99479999999998,99.9955,99.99166421453177,99.99379871197326,99.99602425966116,0.0180000000000006,0.2552857142857161,0.0,0.0180000000000006,0.0051232966027284,0.0063533378885656,0.8063944799707693,44.64110629832184,99.99475,99.99634615384616,99.9943122877876,99.99688306939056,-0.0025707816029552,-0.0021762010039733,-0.0020288848540148,-0.15625
99.984,99.99,99.984,99.99,99.981,0.009,0.01,223,2229765.0,-0.007000000000005,-0.0120000000000004,-0.0110000000000098,99.992,99.9936,99.99495,99.99110947635452,99.99310803706902,99.99545052064582,0.0090000000000003,0.2543571428571444,0.0090000000000003,0.0,0.0054002039882479,0.0058995280393824,0.9153620344201696,47.7905491479199,99.99475,99.99596153846154,99.9936488588972,99.99637321239864,-0.0027243535014491,-0.0021686753761621,-0.0021679785835017,7.2592592592592595
99.988,99.988,99.975,99.986,99.99,-0.004,0.0,373,3729461.0,-0.0079999999999955,-0.0019999999999953,-0.0240000000000009,99.9904,99.9934,99.99375,99.98940631756967,99.99181566669284,99.9945504710605,0.0150000000000005,0.2525000000000018,0.0,0.0039999999999906,0.0050144751319444,0.0057638474651401,0.8699874801115287,46.52370614051605,99.99366666666668,99.99542307692307,99.99247211137455,99.99560482629504,-0.0031327149204969,-0.0021823828018104,-0.0023609258509007,0.6726457399103138
99.973,99.986,99.973,99.984,99.986,-0.002,0.0,162,1619598.0,-0.0120000000000004,-0.007000000000005,-0.0010000000000047,99.988,99.9927,99.9937,99.98760421171312,99.99039463638503,99.99354566429284,0.0130000000000052,0.2525714285714307,0.0,0.0020000000000095,0.0046562983368056,0.0054950012176308,0.8473698462278374,45.86898762898453,99.99216666666666,99.9948076923077,99.99116870962462,99.99474520953244,-0.0035764999078367,-0.0023100688092859,-0.0026040406622879,-0.5656836461126005
99.987,100.015,99.987,100.015,99.984,0.031,0.03,16,160012.0,0.0160000000000053,0.0150000000000005,0.0150000000000005,99.9912,99.9942,99.99445,99.9967361411421,99.99486833886048,99.9955889343602,0.0310000000000059,0.0397142857142875,0.0310000000000059,0.0,0.0065379913127484,0.0051025011306571,1.2813306935821125,56.16593408341803,99.99441666666668,99.99553846153846,99.99483506199006,99.99624556438192,-0.0014105023918489,-0.0022508286672701,-0.0023653330082001,-0.9012345679012346
99.999,99.999,99.999,99.999,100.015,-0.016,-0.02,1,10000.0,0.0180000000000006,-0.0010000000000047,0.0079999999999955,99.9948,99.9941,99.99485,99.9974907607614,99.99561954997677,99.99591379775444,0.0160000000000053,0.0405714285714304,0.0,0.0160000000000053,0.0060709919332664,0.0058808939070391,1.0323246821371344,50.79526372978806,99.99508333333333,99.9955,99.9954758216839,99.99644959664992,-0.0009737749660132,-0.0021610378526099,-0.0020870213997627,-0.9375
99.995,99.995,99.995,99.995,99.999,-0.004,0.0,1,10000.0,0.0050000000000096,-0.0019999999999953,0.0010000000000047,99.9958,99.9939,99.9949,99.99666050717428,99.99550690452644,99.99582676939688,0.0039999999999906,0.0397857142857154,0.0,0.0039999999999906,0.0056373496523188,0.00574654434225,0.9809981993650784,49.52039833653024,99.99466666666666,99.99534615384616,99.99540261834792,99.9963422191203,-0.0009396007723836,-0.0020571981473314,-0.0018575372742869,0.0
99.952,100.5,99.952,100.5,99.995,0.505,0.51,2,20200.0,0.5139999999999958,0.5060000000000002,0.4980000000000046,100.0986,100.0445,100.0198,100.1644403381162,100.08723292188526,100.04384326754956,0.5480000000000018,0.078714285714287,0.5049999999999955,0.0,0.0413061103914386,0.0053360768892321,7.740913642903378,88.55954833952758,100.03633333333332,100.01453846153844,100.07303298475593,100.03365020288916,0.0393827818667631,0.0025148380678846,0.006390526553923,1.0
100.497,100.497,99.974,99.974,100.5,-0.526,-0.52,28,281084.0,-0.0099999999999909,-0.0219999999999913,-0.0159999999999911,100.0966,100.0423,100.019,100.1009602254108,100.06664511790612,100.03719152778292,0.5259999999999962,0.0868571428571434,0.0,0.5259999999999962,0.0383556739349072,0.0425263571114295,0.9019270998079124,47.421749229978566,100.03441666666669,100.01315384615386,100.05779714094732,100.02923166934184,0.0285654716054892,0.0058466694899187,0.0108255155642363,13.0
99.977,99.991,99.977,99.991,99.974,0.017,0.02,17,169982.0,-0.0240000000000009,-0.0079999999999955,0.0010000000000047,100.0918,100.0415,100.01905,100.06430681694054,100.052891460105,100.03279233466074,0.0169999999999959,0.0876428571428574,0.0169999999999959,0.0,0.0368302686538421,0.0394887601748989,0.9326772603322552,48.25830362240173,100.03416666666664,100.0133846153846,100.04752065772465,100.02639969383505,0.021120963889615,0.0084790856557598,0.012884605229312,-0.3928571428571429
99.792,99.792,99.792,99.792,99.991,-0.199,-0.2,0,100.0,-0.2069999999999936,-0.1889999999999929,-0.2069999999999936,100.0504,100.02259999999998,100.0087,99.97353787796035,100.00545664917682,100.00985973135973,0.198999999999998,0.1014285714285715,0.0,0.198999999999998,0.0341995351785677,0.0508824201624059,0.6721287051482617,40.19599107884859,100.01716666666668,100.0053846153846,100.00820978730547,100.00903675355096,-0.0008269662454836,0.0086899064619782,0.0101422909343529,-1.0
99.95,99.998,99.95,99.988,99.792,0.196,0.2,325,3249229.0,-0.007000000000005,-0.0019999999999953,-0.0139999999999957,100.049,100.0224,100.008,99.97835858530692,100.00228271296284,100.0077778521826,0.206000000000003,0.1159285714285717,0.1959999999999979,0.0,0.0457567112372413,0.0472479615793769,0.968437784567058,49.19829278627966,100.01625,100.00526923076924,100.00510058925848,100.00747847551015,-0.0023778862516792,0.0087737763140691,0.0076382554971464,inf
99.986,100.986,99.986,100.986,99.988,0.998,1.0,13,130882.0,0.4860000000000042,1.0,0.9980000000000048,100.1462,100.1224,100.0579,100.31423905687129,100.18114040151504,100.10094186626046,1.0,0.1872142857142864,0.9980000000000048,0.0,0.1137740890060101,0.04387310718085,2.5932535057756465,72.17006820162726,100.1,100.04342307692308,100.15600819091102,100.0799615513983,0.0760466395127252,0.0176207918052426,0.0213199323002622,-0.96
100.58,100.825,99.953,99.994,100.986,-0.992,-0.98,91,917208.0,0.019999999999996,0.0100000000000051,0.0030000000000001,100.1502,100.1234,100.05805,100.20749270458089,100.14711487396684,100.0907569266166,1.0330000000000013,0.2596428571428575,0.0,0.9920000000000044,0.1056473683627237,0.1115964566679325,0.9466910645477662,48.63078080484697,100.10033333333332,100.0431153846154,100.1310838538478,100.0735940290725,0.0574898247753026,0.0241652726015928,0.0285539107952703,6.0
99.997,100.25,99.992,100.0,99.994,0.006,0.01,53,533811.0,0.0090000000000003,-0.0150000000000005,0.0,100.152,100.1219,100.05805,100.1383284697206,100.12036671506378,100.08211340979597,0.2579999999999955,0.2767857142857143,0.0060000000000002,0.0,0.0985296991939577,0.1036252811916516,0.9508268451569288,48.73968427887009,100.1015,100.0435,100.11091710710198,100.06814261951156,0.042774487590421,0.0290261906634188,0.0313980261543004,-0.4175824175824175
100.003,100.013,100.003,100.011,100.0,0.011,0.01,111,1105821.0,0.2189999999999941,0.0120000000000004,0.0109999999999956,100.1958,100.1231,100.0586,100.0958856464804,100.10048185777946,100.07534070410112,0.0130000000000052,0.2770714285714289,0.0109999999999956,0.0,0.0922775778229604,0.0962234753922479,0.9589923607186048,48.95334866782349,100.10375,100.0443076923077,100.09554524447093,100.06390983288108,0.031635411589832,0.0326456364814428,0.0314455032414068,1.0943396226415096
100.008,100.008,100.008,100.008,100.011,-0.003,0.0,1,10001.0,0.019999999999996,0.012999999999991,0.0109999999999956,100.1998,100.1244,100.05915,100.06659043098696,100.08366697454682,100.06892730371052,0.0030000000000001,0.276214285714286,0.0,0.0030000000000001,0.0856863222641775,0.0895646557213731,0.956697947131504,48.893491636458855,100.10316666666664,100.04465384615384,100.08207674532154,100.0597683637788,0.0223083815427571,0.0307484808898866,0.0296180789016768,-0.990990990990991
100.798,100.799,100.798,100.799,100.008,0.791,0.79,2,20160.0,-0.1869999999999976,0.2990000000000066,0.8050000000000068,100.1624,100.1543,100.0994,100.3107269539913,100.2137275246292,100.13845803669048,0.791000000000011,0.331785714285715,0.791000000000011,0.0,0.1360658706738799,0.0831671803127036,1.6360524688017613,62.06448802384583,100.16983333333332,100.07530769230767,100.19237263065668,100.11452626275812,0.0778463678985588,0.036224136033561,0.0392637367010532,1.0
100.796,100.796,99.975,99.975,100.799,-0.824,-0.82,2,22477.0,-0.0190000000000054,0.0009999999999905,-0.0210000000000007,100.1586,100.1544,100.09835,100.19881796932754,100.17032252015116,100.12289060462471,0.8240000000000123,0.3884285714285726,0.0,0.8240000000000123,0.1263468799114599,0.1360838102903685,0.9284490171304552,48.144856767434455,100.16816666666666,100.07480769230769,100.15893068747874,100.1041909840353,0.0547397034434453,0.0399595515395421,0.0423589300495316,0.0
99.99,99.991,99.99,99.99,99.975,0.015,0.02,107,1066903.0,-0.0100000000000051,-0.0010000000000047,-0.0090000000000003,100.1566,100.1543,100.0979,100.1292119795517,100.13753660739638,100.11023435656524,0.0160000000000053,0.3884285714285726,0.0150000000000005,0.0,0.1183935313463557,0.1263635381267707,0.9369279548629024,48.3718536102815,100.12566666666667,100.07476923076923,100.13294135094355,100.09573239262528,0.0372089583182742,0.0441857653799597,0.0413289357032801,52.5
99.989,99.993,99.987,99.993,99.99,0.003,0.0,150,1501349.0,-0.0180000000000006,0.2009999999999934,0.0120000000000004,100.153,100.1744,100.0985,100.08380798636782,100.1112572242334,100.09906917974948,0.0060000000000002,0.3885714285714304,0.0030000000000001,0.0,0.1101511362501874,0.1173375711177157,0.9387541876052756,48.42048536152038,100.12725,100.0745,100.11141191233683,100.08812258576414,0.0232893265727085,0.0470376779160027,0.0377210138771658,0.4018691588785046
99.99,99.992,99.983,99.992,99.993,-0.001,0.0,20,202274.0,-0.0159999999999911,0.0040000000000048,0.0020000000000095,100.1498,100.1748,100.0986,100.05320532424524,100.0895740925546,100.08887211501144,0.0099999999999909,0.3501428571428582,0.0,0.0009999999999905,0.1022831979466026,0.1090277446093068,0.9381391710259372,48.40411798340267,100.12733333333334,100.07419230769231,100.0930408489004,100.08100239422603,0.0120384546743537,0.0399256573784059,0.0325845020366034,-0.8666666666666667
99.989,99.989,99.986,99.988,99.992,-0.004,0.0,3,29996.0,-0.811000000000007,-0.9980000000000048,0.0019999999999953,99.9876,100.075,100.0987,100.03147021616348,100.07110607572648,100.07926524691511,0.0060000000000002,0.3130000000000014,0.0,0.0040000000000048,0.094977255236131,0.1015257628514995,0.9354990552994228,48.33373866745188,100.14366666666666,100.07384615384616,100.07688071830032,100.07411332798708,0.0027673903132381,0.033845386882621,0.0266210796919303,-0.85
99.985,99.988,99.985,99.988,99.988,0.0,0.0,15,146080.0,0.0130000000000052,-0.0060000000000002,0.0040000000000048,99.9902,100.0744,100.0989,100.016980144109,100.05599588013985,100.07057331863749,0.0030000000000001,0.3120000000000016,0.0,-0.0,0.0881931655764074,0.094273922647821,0.9354990552994228,48.33373866745188,100.14366666666666,100.07361538461538,100.06320676163874,100.06773456295102,-0.0045278013122782,0.0285895770045433,0.0203913034910886,4.0
99.991,99.999,99.991,99.999,99.988,0.011,0.01,12,119998.0,0.0090000000000003,-0.0010000000000047,-0.0160000000000053,99.992,100.0743,100.0981,100.01098676273934,100.04563299284167,100.0637568121006,0.0109999999999956,0.2985714285714301,0.0109999999999956,0.0,0.0826793680352351,0.0875400710301195,0.9444745367728572,48.57222447049126,100.06141666666667,100.07373076923076,100.05332879830968,100.06264311384354,-0.0093143155338424,0.024039607324135,0.0144501796861024,-0.1999999999999999
99.996,99.996,99.996,99.996,99.999,-0.003,0.0,1,10000.0,0.0030000000000001,-0.0150000000000005,-0.0030000000000001,99.9926,100.0728,100.09795,100.00599117515956,100.036608812325,100.05730378237672,0.0030000000000001,0.2840714285714298,0.0,0.0030000000000001,0.0767736988898612,0.0815014945279681,0.9419913013192104,48.50646347794185,100.06158333333332,100.0736153846154,100.04450898318512,100.05770658689217,-0.0131976037070273,0.0200944978519367,0.0089206230074764,-0.9166666666666666
99.969,99.969,99.969,99.969,99.996,-0.027,-0.03,13,129960.0,-0.0230000000000103,-0.0390000000000014,-0.0260000000000104,99.988,100.0689,100.09665,99.99366078343972,100.0243163009932,100.04889389834084,0.027000000000001,0.2145714285714299,0.0,0.027000000000001,0.0712898632548711,0.0776085306331133,0.9185828242501703,47.878194917604105,100.059,100.07315384615384,100.03289221654128,100.05113572860384,-0.0182435120625683,0.0094178445229226,0.0034877959934675,12.0
99.972,99.998,99.972,99.998,99.969,0.029,0.03,6,59996.0,0.0100000000000051,-0.8010000000000019,-0.5019999999999953,99.99,99.9888,100.07155,99.99510718895982,100.01953151899444,100.0440468604036,0.0290000000000105,0.1428571428571448,0.0290000000000105,0.0,0.0682691587366668,0.0720650641593195,0.9473266905825428,48.6475482087266,100.05791666666666,100.07346153846152,100.02752418322724,100.04719974870726,-0.0196755654800284,0.0011494813092033,-0.0011448763012316,-0.5384615384615384
99.995,99.995,99.995,99.995,99.998,-0.003,0.0,1,10000.0,0.007000000000005,0.0200000000000102,0.0210000000000007,99.9914,99.9908,100.0726,99.99507145930656,100.01507124281362,100.03937573084136,0.0030000000000001,0.1246428571428595,0.0,0.0030000000000001,0.0633927902554763,0.0671318452907967,0.9443028115922651,48.56768225413092,100.05683333333332,100.07380769230772,100.02252046273072,100.04333310065488,-0.020812637924152,-0.0052973627177329,-0.0050784286258157,-0.8333333333333334
99.998,100.0,99.997,100.0,99.995,0.005,0.01,237,2370253.0,0.0010000000000047,0.0100000000000051,0.0090000000000003,99.9916,99.99179999999998,100.07305,99.99671430620438,100.01233101684753,100.03562566123742,0.0049999999999954,0.1240714285714302,0.0049999999999954,0.0,0.0592218766657991,0.0623367134843112,0.9500320654649838,48.71879197732317,99.99025,100.07442307692308,100.01905577615676,100.0401232413471,-0.0210674651903417,-0.0102258951358496,-0.0082762359387209,236.0
99.995,99.995,99.921,99.921,100.0,-0.079,-0.08,3,29984.0,-0.0749999999999886,-0.0719999999999885,0.1290000000000049,99.9766,99.9846,100.0795,99.97147620413628,99.99572537742068,100.02470893159575,0.0789999999999935,0.1295000000000012,0.0,0.0789999999999935,0.054991742618242,0.0635269482354314,0.8656443311969302,46.39921536606948,99.98575,100.07080769230768,100.00397027213263,100.03129929754364,-0.0273290254109781,-0.0146000595897754,-0.0120867938331723,-0.9873417721518988
99.98,99.986,99.98,99.986,99.921,0.065,0.07,1,10098.0,0.0170000000000101,-0.0060000000000002,-0.0019999999999953,99.98,99.984,100.0794,99.9763174694242,99.99395712698056,100.02102236668188,0.0649999999999977,0.0776428571428573,0.0649999999999977,0.0,0.0557066181455103,0.0589893090757577,0.9443510869735464,48.56895924302763,99.98541666666668,100.0703076923077,100.00120561488148,100.02794379402188,-0.0267381791404091,-0.0178784561957362,-0.0150170708946197,-0.6666666666666667
99.989,99.993,99.972,99.972,99.986,-0.014,-0.01,3,29995.0,-0.0260000000000104,-0.0160000000000053,-1.01400000000001,99.9748,99.9824,100.0287,99.97487831294949,99.989964922075,100.01635356985504,0.0210000000000007,0.0202857142857137,0.0,0.01400000000001,0.0517275739922595,0.0557757869989186,0.9274198855008978,48.11716909623354,99.98366666666668,100.06942307692309,99.99671244336125,100.02379980927952,-0.0270873659182768,-0.0203850744852916,-0.0174311298993511,2.0
99.975,99.981,99.975,99.981,99.972,0.009,0.01,2,20496.0,-0.01400000000001,-0.007000000000005,-0.0130000000000052,99.972,99.9817,100.02805,99.97691887529966,99.98833493624318,100.01298656320216,0.0090000000000003,0.0197857142857133,0.0090000000000003,0.0,0.0486756044213839,0.0517918022132815,0.9398322194106128,48.44914988040388,99.98275,100.04946153846154,99.9942951443826,100.0206294530366,-0.0263343086540146,-0.0222761848319774,-0.0192117656502838,-0.3333333333333333
99.984,99.984,99.984,99.984,99.981,0.003,0.0,1,9998.0,-0.0160000000000053,-0.0150000000000005,-0.0160000000000053,99.9688,99.9802,100.02725,99.97927925019977,99.98754676601712,100.01022593813528,0.0030000000000001,0.0195714285714276,0.0030000000000001,0.0,0.0454130612484279,0.0480923877694757,0.9442879290192284,48.567288564897,99.98241666666668,100.04984615384616,99.99271127601604,100.01791616021907,-0.025204884203049,-0.0236103271093131,-0.0204103893608368,-0.5
99.987,99.987,99.987,99.987,99.984,0.003,0.0,1,9999.0,0.0659999999999882,-0.0090000000000003,-0.0240000000000009,99.982,99.9793,100.02605,99.98185283346652,99.987447354014,100.00801394402716,0.0030000000000001,0.0190714285714282,0.0030000000000001,0.0,0.0423835568735402,0.0446572172145132,0.9490863855208146,48.69391077641792,99.98233333333332,100.04969230769233,99.99183261816742,100.01562607427694,-0.0237934561095158,-0.0242269875589739,-0.0210870027105726,0.0
99.988,99.988,99.988,99.988,99.987,0.001,0.0,12,124285.0,0.0019999999999953,0.0190000000000054,-0.019999999999996,99.9824,99.9812,100.02505,99.9839018889777,99.98754783510236,100.00610785411982,0.0010000000000047,0.0187142857142857,0.0010000000000047,0.0,0.0394275885254305,0.0414674159849051,0.9508089083675458,48.73921296387718,99.98141666666665,100.05723076923078,99.9912429846032,100.01357969840458,-0.0223367138013799,-0.0245226707057908,-0.0213369449287341,11.0
99.99,99.996,99.99,99.996,99.988,0.008,0.01,24,238584.0,0.0240000000000009,-0.0020000000000095,-0.8030000000000115,99.9872,99.981,99.9849,99.9879345926518,99.98908459235648,100.0051452013465,0.0079999999999955,0.0190714285714282,0.0079999999999955,0.0,0.0371827607736137,0.038505457700269,0.9656491052008448,49.126220068773534,99.98141666666668,100.05753846153844,99.99197483312578,100.01227749852276,-0.0203026653969828,-0.0244660070916609,-0.0211300890223838,1.0
100.0,100.106,100.0,100.106,99.996,0.11,0.11,23,231070.0,0.125,0.11099999999999,0.1310000000000002,100.0122,99.9921,99.99145,100.02728972843454,100.01034193920074,100.01475042026588,0.1099999999999994,0.0261428571428571,0.1099999999999994,0.0,0.042383992146927,0.0357550678645355,1.1853981736940442,54.24174816117513,99.99283333333334,100.0236923076923,100.00951716649104,100.0192199060396,-0.009702739548544,-0.0232032597981278,-0.0188446191276159,-0.0416666666666666
100.103,100.103,99.962,99.962,100.106,-0.144,-0.14,1,10310.0,-0.0219999999999913,-0.0379999999999967,-0.0279999999999915,100.0078,99.9883,99.99005,100.00552648562304,100.0015524957097,100.00972657071677,0.1439999999999912,0.036214285714285,0.0,0.1439999999999912,0.0393565641364322,0.0434868487313538,0.9050222144070044,47.50717380420259,99.98983333333332,100.02246153846151,100.00220683318474,100.01498139448113,-0.0127745612963678,-0.0215860971187266,-0.0176306075613663,-0.9565217391304348
99.965,100.3,99.959,100.298,99.962,0.336,0.34,15,152188.0,0.311000000000007,0.3769999999999953,0.3050000000000068,100.07,100.026,100.0053,100.10301765708203,100.0554520419443,100.03718118302945,0.340999999999994,0.0586428571428559,0.3359999999999985,0.0,0.0605453809838298,0.0403806452505428,1.4993663575253533,59.98985915013636,100.01508333333334,100.03392307692306,100.04771347423323,100.03594573563066,0.011767738602586,-0.0173076618139494,-0.0117509383285758,14.0
100.295,100.295,100.295,100.295,100.298,-0.003,0.0,1,10030.0,0.3070000000000021,0.3089999999999975,0.3029999999999972,100.1314,100.0569,100.02045,100.16701177138802,100.09900621613625,100.06173535607428,0.0030000000000001,0.0567857142857123,0.0,0.0030000000000001,0.0562207109135562,0.0377105991612183,1.4908463976720312,59.853004146116376,100.03966666666668,100.04484615384614,100.08575755512044,100.05513494039876,0.0306226147216932,-0.0108954417428416,-0.003276227718522,-0.9333333333333332
100.292,109.973,99.973,99.998,100.295,-0.297,-0.3,16,161012.0,0.0020000000000095,0.0260000000000104,0.0100000000000051,100.1318,100.0595,100.02095,100.11067451425868,100.08064144956602,100.05566532216244,10.0,0.7708571428571409,0.0,0.296999999999997,0.0522049458483022,0.0562312706497025,0.9283970510557624,48.14345938495819,100.04608333333331,100.04446153846152,100.07225639279424,100.05090272259145,0.0213536702027852,-0.0055967774254194,0.0016497518657394,15.0
100.001,100.001,99.976,99.988,99.998,-0.01,-0.01,6,59993.0,-0.117999999999995,0.007000000000005,0.0,100.1082,100.0602,100.02095,100.0697830095058,100.06379754964492,100.049221005766,0.0250000000000056,0.7722857142857131,0.0,0.0100000000000051,0.0484760211448521,0.052929037031867,0.9158681862219812,47.80434232419916,100.04625,100.01326923076924,100.05929387082588,100.04624326165874,0.0130506091671378,-0.0013461670509542,0.0039299233260191,-0.625
99.988,99.988,99.988,99.988,99.988,0.0,0.0,1,9999.0,0.0259999999999962,0.0040000000000048,-0.0109999999999956,100.1134,100.0606,100.0204,100.0425220063372,100.0500161769822,100.0433904337883,0.0,0.7666428571428564,0.0,-0.0,0.0450134482059341,0.0491483915295907,0.9158681862219812,47.80434232419916,100.04758333333332,100.01376923076924,100.04832558300652,100.04192894598032,0.0063966370261852,0.0020082877419014,0.0044232660660523,-0.8333333333333334
99.991,99.991,99.991,99.991,99.988,0.003,0.0,1,9999.0,-0.3070000000000021,0.0040000000000048,-0.0049999999999954,100.052,100.061,100.02015,100.0253480042248,100.03928596298545,100.0384008686656,0.0030000000000001,0.7622142857142852,0.0030000000000001,0.0,0.0420124876197959,0.04563779213462,0.920563542948565,47.931949261895305,100.04841666666664,100.0138076923077,100.03950626254397,100.03815643146328,0.001349831080688,0.0046401260621312,0.0038085790689794,0.0
99.989,99.993,99.983,99.983,99.991,-0.008,-0.01,21,205173.0,-0.3119999999999976,-0.0049999999999954,0.01400000000001,99.9896,100.0605,100.02085,100.01123200281654,100.02905215153352,100.03312459545936,0.0099999999999909,0.7614285714285701,0.0,0.0079999999999955,0.0390115956469533,0.0429493784107182,0.9083157216826638,47.597769664746735,100.04833333333332,100.01342307692308,100.03081299138336,100.0340707698734,-0.0032577784900524,0.0065340023851234,0.002395307557173,20.0
99.986,100.0,99.986,100.0,99.983,0.017,0.02,4,40597.0,0.0019999999999953,0.0040000000000048,0.0019999999999953,99.99,100.0609,100.02095,100.0074880018777,100.0237699421638,100.02996987208228,0.0169999999999959,0.7619999999999985,0.0169999999999959,0.0,0.0374393388150278,0.0398815656670955,0.9387630146606144,48.420720199521,100.04941666666666,100.01373076923076,100.02607253117051,100.03154700914205,-0.0054744779715178,0.0070038092270152,0.0008213504514348,-0.8095238095238095
100.005,100.006,100.005,100.006,100.0,0.006,0.01,1,10301.0,0.0180000000000006,-0.0999999999999943,0.0109999999999956,99.9936,100.0509,100.0215,100.0069920012518,100.02053904358856,100.02768702712206,0.0060000000000002,0.7622142857142842,0.0060000000000002,0.0,0.0351936717568116,0.0370328824051601,0.950335741403368,48.7267766892049,100.05091666666668,100.01442307692308,100.02298444945198,100.02965463809448,-0.0066701886425022,0.0076820728552225,-0.0006769573673525,-0.75
100.003,100.003,100.003,100.003,100.006,-0.003,0.0,1,10000.0,0.0150000000000005,0.0409999999999968,0.0030000000000001,99.9966,100.055,100.02165,100.00566133416788,100.01735012657244,100.02533588168188,0.0030000000000001,0.7622142857142842,0.0,0.0030000000000001,0.0326798380598964,0.034601962233363,0.944450428547858,48.57158684437054,100.0515,100.015,100.01990991876706,100.02768022045784,-0.0077703016907975,0.005511179489291,-0.0020956262320415,0.0
100.0,100.0,100.0,100.0,100.003,-0.003,0.0,1,10000.0,0.0090000000000003,-0.2980000000000018,0.0789999999999935,99.9984,100.0252,100.0256,100.0037742227786,100.01419555810472,100.0229229405693,0.0030000000000001,0.762357142857141,0.0,0.0030000000000001,0.030345563912761,0.0323446792166942,0.9381933797970274,48.405561053731255,100.04266666666666,100.01503846153848,100.01684685434137,100.02562983375726,-0.0087829794159119,0.0011327801406682,-0.0034330968688156,0.0
99.997,99.997,99.997,99.997,100.0,-0.003,0.0,1,10000.0,0.0139999999999957,-0.2980000000000018,0.0109999999999956,100.0012,99.9954,100.02615,100.00151614851907,100.01106909299476,100.02045408908651,0.0030000000000001,0.7619999999999985,0.0,0.0030000000000001,0.028178023633278,0.030248630701216,0.9315470809772974,48.22802872120342,100.04558333333334,100.01507692307692,100.013793492135,100.0235091053308,-0.0097156131958087,-0.0023193624591755,-0.0046896001342142,0.0
100.0,100.0,100.0,100.0,99.997,0.003,0.0,1,10000.0,0.0,0.0019999999999953,0.0280000000000057,100.0012,99.9956,100.02755,100.00101076567938,100.00905653063208,100.01850608060208,0.0030000000000001,0.7543571428571413,0.0030000000000001,0.0,0.0263795933737582,0.0280880142225577,0.939176161217282,48.431709300084,100.02075,100.01626923076924,100.01167141642192,100.02176769012112,-0.0100962736991903,-0.0048912383332119,-0.0057709348472094,0.0
99.997,99.997,99.985,99.989,100.0,-0.011,-0.01,3,29997.0,-0.0169999999999959,0.0010000000000047,0.0080000000000097,99.9978,99.9957,100.02795,99.9970071771196,100.00540988869898,100.0156959776876,0.0150000000000005,0.7451428571428563,0.0,0.0109999999999956,0.024495336704204,0.026867441778089,0.9117107950404314,47.69083259903594,99.99525,100.01592307692307,100.00818350620315,100.01934045381584,-0.011156947612676,-0.0068416366264187,-0.0068481374003027,2.0
99.986,99.986,99.986,99.986,99.989,-0.003,0.0,2,19997.0,-0.0169999999999959,-0.0019999999999953,0.0020000000000095,99.9944,99.9955,100.02805,99.99333811807972,100.00188081802644,100.0128677893364,0.0030000000000001,0.7209999999999995,0.0,0.0030000000000001,0.0227456697967609,0.0251626245082255,0.9039466367796992,47.47751955425695,99.99425,100.0155769230769,100.004770659095,100.01687079057022,-0.0121001314752362,-0.0083360769104103,-0.0078985362152894,-0.3333333333333333
99.988,99.988,99.988,99.988,99.986,0.002,0.0,0,300.0,-0.0120000000000004,-0.0030000000000001,0.0010000000000047,99.992,99.9952,100.0281,99.9915587453865,99.99935703293072,100.01049942844725,0.0019999999999953,0.7209285714285707,0.0019999999999953,0.0,0.0212638362398491,0.0233652941862094,0.9100607110009914,47.645643186077706,99.99425,100.01511538461538,100.00219055769576,100.01473221349096,-0.0125416557952036,-0.0093676188332049,-0.0088271601312723,-1.0
99.991,100.004,99.983,99.983,99.988,-0.005,-0.01,4,42695.0,-0.0139999999999957,0.0,-0.0049999999999954,99.9892,99.9952,100.02785,99.98870583025769,99.9963830269433,100.00788043526178,0.0210000000000007,0.0081428571428564,0.0,0.0049999999999954,0.0197449907941456,0.0220534874586227,0.8953228296065012,47.23853982133399,99.99383333333331,100.0175,99.9992381642041,100.0123816791583,-0.0131435149541943,-0.0102197340535023,-0.0096904310958567,inf
99.986,100.0,99.986,100.0,99.983,0.017,0.02,5,49998.0,0.0,0.0,0.0040000000000048,99.9892,99.9952,100.02805,99.99247055350511,99.99704065840815,100.0071299176178,0.0169999999999959,0.0075714285714271,0.0169999999999959,0.0,0.0195489200231349,0.0204782383544354,0.9546192247977612,48.83914026255078,99.99458333333332,100.01803846153848,99.99935536971115,100.01146451773916,-0.0121091480279886,-0.0108240628741119,-0.010174174482283,0.25
99.997,99.997,99.988,99.988,100.0,-0.012,-0.01,4,39996.0,-0.0010000000000047,-0.0180000000000006,-0.117999999999995,99.989,99.9934,100.02215,99.99098036900344,99.99539690233394,100.00530802070182,0.0120000000000004,0.00842857142857,0.0,0.0120000000000004,0.0181525685929109,0.0198726499005471,0.9134447939130228,47.73823612883102,99.995,100.01865384615384,99.9976083897556,100.00972640531404,-0.0121180155584426,-0.0113071421927391,-0.010562942697515,-0.1999999999999999
99.991,99.991,99.991,99.991,99.988,0.003,0.0,1,9999.0,0.0049999999999954,-0.0120000000000004,0.0289999999999963,99.99,99.9922,100.0236,99.99098691266896,99.99459746554597,100.00394535206354,0.0030000000000001,0.00842857142857,0.0030000000000001,0.0,0.0170702422648459,0.0184531749076509,0.9250571974889992,48.0534915375825,99.99425,100.01903846153849,99.9965917144086,100.00833926417968,-0.0117475497710728,-0.0116365388988681,-0.0107998641122265,-0.75
99.92,100.0,99.92,100.0,99.991,0.009,0.01,0,600.0,0.0120000000000004,0.0,-0.2980000000000018,99.9924,99.9922,100.0087,99.99399127511263,99.9955797445376,100.00356960424796,0.0799999999999983,0.0134285714285705,0.0090000000000003,0.0,0.0164937963887855,0.0171350909856759,0.9625741936575376,49.046512318784906,99.99375,100.01965384615386,99.99711606603805,100.0077215409071,-0.0106054748690525,-0.0117354124181174,-0.0107609862635917,-1.0
99.997,99.997,99.94,99.94,100.0,-0.06,-0.06,1,10100.0,-0.0430000000000063,-0.0570000000000021,-0.355000000000004,99.9838,99.9865,99.99095,99.97599418340845,99.98547433643984,99.99751535622434,0.0600000000000022,0.0164999999999996,0.0,0.0600000000000022,0.0153156680753008,0.0201968702009849,0.7583188842078092,43.127494734805246,99.9885,100.01784615384616,99.98832897895528,100.00270513046954,-0.0143761515142699,-0.0122109543975707,-0.0114840193137273,inf
99.943,99.943,99.943,99.943,99.94,0.003,0.0,1,9994.0,-0.0570000000000021,-0.0570000000000021,-0.0550000000000068,99.9724,99.9808,99.9882,99.96499612227232,99.97775172981444,99.99232341753633,0.0030000000000001,0.0162857142857138,0.0030000000000001,0.0,0.0144359774984936,0.0187542366152002,0.7697448739018949,43.49468023629746,99.98375,100.01611538461538,99.98135528988524,99.99828252821251,-0.0169272383272982,-0.0128520978103065,-0.0125726631164415,0.0
99.946,103.0,99.946,103.0,99.943,3.057,3.06,21,215690.0,3.0120000000000005,3.010999999999996,3.0120000000000005,100.5748,100.2819,100.1388,100.97666408151488,100.52725141530271,100.27876880634238,3.057000000000002,0.2344285714285711,3.057000000000002,0.0,0.2317619791057442,0.0174146482855431,13.308450179734196,93.01112288585696,100.234,100.13165384615384,100.4457621683644,100.22063197056715,0.2251301977972559,0.0135068276644148,0.0349679090662979,20.0
102.997,102.997,99.986,99.987,103.0,-3.013,-2.93,13,130501.0,-0.0040000000000048,0.0009999999999905,-0.0010000000000047,100.574,100.282,100.13875,100.64677605434326,100.42902388524767,100.25098130097643,3.013999999999996,0.4494999999999994,0.0,3.013000000000005,0.2152075520267625,0.2313850305508618,0.9300841610817028,48.18878781744125,100.23291666666668,100.12707692307691,100.37518337323144,100.2033258986733,0.1718574745581378,0.0339956199258971,0.0623458221646659,-0.3809523809523809
103.0,103.0,103.0,103.0,99.987,3.013,3.01,1,10300.0,3.0,3.0120000000000005,3.0090000000000003,101.174,100.5832,100.2892,101.43118403622884,100.8964740879299,100.51279260564534,3.013000000000005,0.6644999999999998,3.013000000000005,0.0,0.415049869739137,0.2148575283686574,1.9317445978759704,65.89061677731091,100.48383333333334,100.24392307692308,100.77900131581124,100.41048694321604,0.3685143725952002,0.0764020518758299,0.1235795322507728,-0.9230769230769232
102.997,102.997,99.997,99.999,103.0,-3.001,-2.91,21,212994.0,0.0589999999999975,0.0159999999999911,0.0159999999999911,101.1858,100.5848,100.29,100.9537893574859,100.73329698103356,100.46385997653628,3.003,0.8787857142857141,0.0,3.0010000000000048,0.3854034504720558,0.4138677049137537,0.9312237845481818,48.21936183672498,100.48491666666666,100.23242307692308,100.65900111337874,100.38000642890373,0.2789946844750091,0.1087469221539407,0.15466256269562,20.0
100.002,102.087,100.002,100.007,99.999,0.008,0.01,37,376333.0,0.0640000000000071,0.007000000000005,0.007000000000005,101.1986,100.5855,100.29035,100.63819290499062,100.601242984482,100.42034950258044,2.088000000000008,1.0268571428571431,0.0080000000000097,0.0,0.358446061152624,0.3843057259913427,0.9327106959647506,48.25919874672032,100.4865,100.22134615384616,100.558693249782,100.352376323059,0.2063169267230051,0.1330174712963238,0.1649934355010971,0.7619047619047619
100.049,100.049,100.049,100.049,100.007,0.042,0.04,8,78238.0,-2.9509999999999934,0.061000000000007,0.0430000000000063,100.6084,100.5916,100.2925,100.44179526999376,100.50083516912164,100.38498288328704,0.0420000000000015,1.0296428571428575,0.0420000000000015,0.0,0.3358427710702938,0.3568553169919611,0.941117464358418,48.48328252352714,100.492,100.2233076923077,100.4802789036617,100.3299040028324,0.1503749008292914,0.1510310769185865,0.1620697285667359,-0.7837837837837838
100.046,109.66,100.046,100.28,100.049,0.231,0.23,15,161340.0,0.2930000000000063,0.2890000000000015,0.277000000000001,100.667,100.6205,100.30635,100.38786351332917,100.4606833201904,100.3749845134502,9.61399999999999,1.7162142857142857,0.2309999999999945,0.0,0.3283540017081297,0.3313656514925353,0.9909114002285976,49.77174775908263,100.51533333333334,100.23453846153846,100.44946676463682,100.32620741003,0.1232593546068159,0.1659049468603497,0.1543076537747519,0.875
100.277,100.277,100.277,100.277,100.28,-0.003,0.0,1,10028.0,-2.722999999999999,0.277000000000001,0.277000000000001,100.1224,100.6482,100.3202,100.3509090088861,100.42728635288306,100.36565265502637,0.0030000000000001,1.7149285714285714,0.0,0.0030000000000001,0.3049001444432633,0.3079109621002114,0.9902217912723476,49.75434374272927,100.53941666666668,100.24565384615386,100.42293341623116,100.32256241669444,0.1003709995367074,0.1786546303104583,0.143520322927143,-0.9333333333333332
100.0,100.7,100.0,100.6,100.277,0.323,0.32,18,181910.0,0.6009999999999991,0.6599999999999966,0.6029999999999944,100.2426,100.7142,100.35035,100.4339393392574,100.45868883417704,100.38797144978577,0.7000000000000028,1.7637142857142862,0.3229999999999933,0.0,0.306192991268744,0.2859173219501963,1.070914448905196,51.71215302840457,100.59016666666668,100.26907692307692,100.45017442911866,100.34311334879116,0.1070610803274974,0.1924311101609911,0.1362284744072139,17.0
99.941,99.941,99.94,99.941,100.6,-0.659,-0.66,2,19988.0,-0.0660000000000025,-0.0019999999999953,-0.0589999999999975,100.2294,100.714,100.3474,100.2696262261716,100.3645635915994,100.34540274028237,0.6599999999999966,1.8100000000000005,0.0,0.6589999999999918,0.2843220633209766,0.3125660846680388,0.9096382405754008,47.63406079998241,100.58525000000002,100.26746153846152,100.37183990156196,100.31332717480664,0.0585127267553247,0.1739180578229988,0.120685324876836,-0.8888888888888888
99.974,99.974,99.966,99.966,99.941,0.025,0.03,14,140655.0,-0.0830000000000126,-3.034000000000006,-0.0230000000000103,100.2128,100.4106,100.34625,100.1684174841144,100.29209748403584,100.30926914596976,0.0330000000000012,1.8121428571428573,0.0249999999999914,0.0,0.2657990587980491,0.2902399357631789,0.9157907856447696,47.80223354798918,100.58741666666668,100.26615384615386,100.30940299362932,100.28759923593206,0.0218037576972705,0.1572454226162357,0.1009090114409229,6.0
99.911,99.92,99.911,99.92,99.966,-0.046,-0.05,3,29974.0,-0.3599999999999994,-0.066999999999993,-0.0660000000000025,100.1408,100.4039,100.34295,100.08561165607628,100.22444339602932,100.27219589397264,0.0549999999999926,1.8103571428571428,0.0,0.0459999999999922,0.2468134117410456,0.2727942260658085,0.9047603950440825,47.499958388369535,100.5855,100.26284615384614,100.24949484076328,100.26036966290006,-0.0108748221367847,0.1150910676460152,0.0785522447253814,-0.7857142857142857
99.913,99.928,99.913,99.917,99.92,-0.003,0.0,30,300150.0,-0.3599999999999994,-3.0829999999999984,-0.0709999999999979,100.0688,100.0956,100.3394,100.02940777071753,100.16854459675126,100.23836771359429,0.0150000000000005,1.807142857142857,0.0,0.0030000000000001,0.2291838823309709,0.2535232099182508,0.9039956633748518,47.47887197245556,100.32858333333331,100.25953846153848,100.19834178833815,100.23493487305562,-0.0365930847174666,0.0800257599579623,0.0555231788368118,9.0
99.966,99.966,99.965,99.966,99.917,0.049,0.05,2,20593.0,-0.6340000000000003,-0.0330000000000012,-0.0170000000000101,99.942,100.0923,100.33855,100.008271847145,100.13171830643284,100.2124279313472,0.0489999999999923,1.8104285714285704,0.0489999999999923,0.0,0.2163136050216153,0.2354144092098043,0.9188630625784416,47.88580699154915,100.32683333333334,100.25823076923076,100.1625968978246,100.2150137713478,-0.0524168735232137,0.0512775599306046,0.0339351683648067,-0.9333333333333332
100.003,100.003,100.003,100.003,99.966,0.037,0.04,1,10000.0,0.0619999999999976,-0.0040000000000048,0.0030000000000001,99.9544,100.0919,100.3387,100.00651456476336,100.1083149779905,100.19248241407604,0.0370000000000061,1.5947142857142853,0.0370000000000061,0.0,0.2035054903772146,0.2185990942662468,0.9309530355571892,48.21210140352049,100.07708333333332,100.25846153846152,100.13804352892848,100.19930904754423,-0.0612655186157553,0.0277619577700439,0.0148950309686942,-0.5
99.999,100.0,99.999,100.0,100.003,-0.003,0.0,3,33000.0,0.034000000000006,-0.0490000000000065,0.0120000000000004,99.9612,100.087,100.3393,100.00434304317557,100.0886213456286,100.17415075559262,0.0040000000000048,1.379714285714286,0.0,0.0030000000000001,0.1889693839216993,0.2031991589615149,0.9299712896818108,48.1857577184546,100.07716666666666,100.25846153846152,100.11680606293947,100.18454541439282,-0.0677393514533264,0.006539879318917,-0.0016318455157098,2.0
99.999,100.0,99.999,100.0,100.0,0.0,0.0,62,619000.0,0.0799999999999983,-0.2800000000000011,0.0090000000000003,99.9772,100.059,100.33975,100.00289536211704,100.07250837369612,100.1575649693457,0.0010000000000047,1.1645714285714288,0.0,-0.0,0.1754715707844351,0.1886849333214067,0.929971289681811,48.1857577184546,100.07658333333336,100.2588846153846,100.09883589941032,100.17087538369704,-0.0720394842867193,-0.0126168411059081,-0.0157133732699117,19.666666666666668
100.0,100.32,100.0,100.17,100.0,0.17,0.17,8,79472.0,0.2530000000000001,-0.1069999999999993,0.1700000000000017,100.0278,100.0483,100.34825,100.05859690807804,100.0902341239332,100.15874925797944,0.3199999999999932,0.972928571428571,0.1700000000000017,0.0,0.1750807442998327,0.1752074380841634,0.9992768926609736,49.98191577810756,100.08666666666666,100.26596153846154,100.10978422257796,100.17081054046024,-0.0610263178822663,-0.0312932186847708,-0.0247759621923826,-0.8709677419354839
100.01,100.01,99.98,100.002,100.17,-0.168,-0.17,39,386482.0,0.0360000000000013,-0.597999999999999,0.0619999999999976,100.035,99.9885,100.35135,100.03973127205202,100.07419155594532,100.1438207572195,0.1899999999999977,0.8373571428571418,0.0,0.1680000000000063,0.1625749768498446,0.1746926210781521,0.93063448156241,48.203556418886336,100.0635,100.26649999999998,100.09320203448904,100.15830605598173,-0.0651040214926581,-0.0450284129345467,-0.0328415740524377,3.875
100.0,100.0,100.0,100.0,100.002,-0.002,0.0,1,10000.0,-0.0030000000000001,0.0589999999999975,0.0570000000000021,100.0344,99.9944,100.3542,100.02648751470136,100.06070218213708,100.1301235422462,0.0019999999999953,0.8344999999999985,0.0,0.0019999999999953,0.1509624785034272,0.1623574338582838,0.9298156229495296,48.18157817213645,100.04041666666669,100.26715384615385,100.07886325995229,100.14657968146454,-0.0677164215122729,-0.0549750995133848,-0.0398165435444048,-0.9743589743589745
100.0,100.0,100.0,100.0,100.0,0.0,0.0,1,10000.0,0.0,0.034000000000006,-3.0,100.0344,99.9978,100.2042,100.01765834313424,100.04966542174851,100.11773082393704,0.0,0.1477857142857134,0.0,-0.0,0.1401794443246109,0.1507604742969778,0.9298156229495294,48.18157817213644,99.99041666666666,100.26715384615385,100.06673045072884,100.13572192728198,-0.0689914765531369,-0.0614325055596462,-0.0456515301461512,0.0
100.0,100.009,100.0,100.009,100.0,0.009,0.01,56,561348.0,0.0090000000000003,0.0889999999999986,0.0220000000000055,100.0362,100.0067,100.2053,100.01477222875616,100.04227170870334,100.1073755073716,0.0090000000000003,0.1482142857142849,0.0090000000000003,0.0,0.1308094840157102,0.1399918689900508,0.9344077263873573,48.30459027024409,99.99608333333332,100.26796153846152,100.0578488429244,100.12633511785369,-0.0684862749292847,-0.0649761933609593,-0.0502184791027779,55.0
100.033,100.033,100.033,100.033,100.009,0.024,0.02,2,20007.0,-0.1370000000000004,0.1159999999999996,-2.9669999999999987,100.0088,100.0183,100.05695,100.02084815250412,100.04058594348454,100.10029212571716,0.0240000000000009,0.0999285714285704,0.0240000000000009,0.0,0.1231802351574452,0.1299924497764758,0.947595305490863,48.6546308064773,100.00166666666668,100.26957692307693,100.05402594401296,100.11942140542008,-0.065395461407121,-0.0664182586813934,-0.0532538755636465,-0.9642857142857144
99.998,99.998,99.998,99.998,100.033,-0.035,-0.03,1,10000.0,-0.0039999999999906,0.0320000000000106,-0.0009999999999905,100.008,100.0215,100.0569,100.01323210166944,100.03284304466916,100.090550018506,0.0349999999999965,0.0552857142857133,0.0,0.0349999999999965,0.1143816469319134,0.1232072747924415,0.9283676400164194,48.14266848040007,100.00816666666668,100.26949999999998,100.04540656801096,100.11042722724082,-0.0650206592298445,-0.0668354965274033,-0.0556072322968861,-0.5
99.967,99.967,99.965,99.965,99.998,-0.033,-0.03,2,19993.0,-0.0349999999999965,-0.0379999999999967,-0.0420000000000015,100.001,100.0177,100.0548,99.9971547344463,100.0205079456384,100.0785928738864,0.0330000000000012,0.0552857142857133,0.0,0.0330000000000012,0.1062115292939196,0.1167638980215529,0.909626443563185,47.633737301307306,100.01216666666666,100.27046153846156,100.03303632677851,100.0996548400378,-0.0666185132592858,-0.0667109589502877,-0.057809488489366,1.0
99.972,99.972,99.972,99.972,99.965,0.007,0.01,0,1000.0,-0.0280000000000057,-0.0280000000000057,-0.0770000000000123,99.9954,100.0149,100.05095,99.9887698229642,100.0116883191587,100.06844117161152,0.0069999999999907,0.0518571428571417,0.0069999999999907,0.0,0.0991249914872104,0.108423619591442,0.9142379848664862,47.75989151266645,100.01266666666665,100.27157692307694,100.02364612265876,100.09019892596092,-0.0665528033021729,-0.0661013277297826,-0.0595581514519274,-1.0
99.96,99.98,99.96,99.98,99.972,0.008,0.01,0,1999.0,-0.0289999999999963,-0.019999999999996,-0.2999999999999971,99.9896,100.0129,100.03595,99.9858465486428,100.00592680658436,100.0600182028866,0.0200000000000102,0.0522142857142853,0.0080000000000097,0.0,0.0926160635238389,0.1006790753349105,0.9199137280090248,47.91432628397253,100.01075,100.15542307692309,100.0169313345574,100.0820360425564,-0.0651047079989979,-0.0665544821871972,-0.0606674627613415,-1.0
99.965,99.98,99.965,99.98,99.98,0.0,0.0,4,39389.0,-0.0529999999999972,-0.1899999999999977,-0.296999999999997,99.979,99.9939,100.0211,99.98389769909522,100.00121284175086,100.05239742165932,0.0150000000000005,0.0497857142857144,0.0,-0.0,0.0860006304149933,0.0934877128109883,0.9199137280090248,47.91432628397253,100.00908333333332,100.15515384615384,100.01124959077936,100.07447781718186,-0.0632282264025008,-0.066346060510513,-0.0611796154895734,inf
99.976,99.976,99.976,99.976,99.98,-0.004,0.0,1,9998.0,-0.0220000000000055,-0.0259999999999962,-0.6239999999999952,99.9746,99.9913,99.9899,99.98126513273016,99.99662868870524,100.0451214767394,0.0040000000000048,0.0474285714285715,0.0,0.0040000000000048,0.0798577282424938,0.0870957333244895,0.9168959855354876,47.832328538126255,100.00708333333334,100.03884615384617,100.0058265768133,100.06718316405728,-0.0613565872439778,-0.0656394122584803,-0.0612150098404543,-0.75
99.944,99.944,99.944,99.944,99.976,-0.032,-0.03,0,999.0,-0.0210000000000007,-0.0559999999999973,0.0030000000000001,99.9704,99.9857,99.99005,99.96884342182013,99.98705983621338,100.03549085990709,0.0319999999999964,0.0494285714285709,0.0,0.0319999999999964,0.0741536047966014,0.0831603238013114,0.8916945173731033,47.13734216512678,99.98825,100.03673076923076,99.9963147957651,100.05805848523822,-0.0617436894731184,-0.0648341025829226,-0.0613207457669871,-1.0
99.975,100.0,99.975,100.0,99.944,0.056,0.06,5,52992.0,0.0280000000000057,0.0,0.034000000000006,99.976,99.9857,99.99175,99.97922894788007,99.98941259326548,100.03211077801116,0.0559999999999973,0.0533571428571418,0.0559999999999973,0.0,0.0728569187397011,0.0772203006726463,0.9434943674793166,48.54628772107093,99.98808333333334,100.03646153846154,99.99688175026276,100.05375785670203,-0.0568761064392759,-0.0635440838618106,-0.0604318179014449,inf
99.999,100.0,99.999,100.0,100.0,0.0,0.0,0,3200.0,0.019999999999996,-0.0090000000000003,0.0799999999999983,99.98,99.9848,99.99575,99.98615263192004,99.99133757630813,100.02905260867676,0.0010000000000047,0.0305714285714283,0.0,-0.0,0.0676528531154367,0.0717045649103144,0.9434943674793168,48.54628772107093,99.98808333333334,100.03457692307693,99.99736148099156,100.04977579324265,-0.0524143122510594,-0.0621017339555815,-0.0588283167713678,-1.0
100.0,100.094,100.0,100.0,100.0,0.0,0.0,1,13409.0,0.019999999999996,-0.0330000000000012,0.0829999999999984,99.984,99.9815,99.9999,99.99076842128004,99.99291256243392,100.02628569356467,0.093999999999994,0.0237142857142852,0.0,-0.0,0.0628205064643341,0.0665828102738634,0.9434943674793168,48.54628772107093,99.98808333333334,100.02380769230768,99.99776740699286,100.04608869744688,-0.0483212904540124,-0.0602462485360446,-0.0567269115078967,inf
100.015,100.015,99.953,99.953,100.0,-0.047,-0.05,1,10401.0,-0.0229999999999961,-0.0450000000000017,-0.012999999999991,99.9794,99.977,99.99925,99.97817894752004,99.98565573290048,100.01930610370138,0.0619999999999976,0.0279999999999997,0.0,0.046999999999997,0.0583333274311674,0.0651840381114444,0.8949020208204286,47.22682286406377,99.98341666666666,100.01134615384616,99.99088011360936,100.03919323837673,-0.0483131247673753,-0.0582123164813879,-0.0550441541597924,0.0
99.955,99.955,99.955,99.955,99.953,0.002,0.0,10,96457.0,0.0109999999999956,-0.0100000000000051,-0.0480000000000018,99.9816,99.976,99.99685,99.97045263168005,99.9800819632822,100.01318171287268,0.0019999999999953,0.0281428571428565,0.0019999999999953,0.0,0.0543095183289408,0.0605280353891983,0.8972622022130383,47.292472340746464,99.97691666666668,99.98653846153846,99.985360096131,100.03295670220068,-0.047596606069689,-0.0561060723444452,-0.0535546445417718,9.0
99.98,99.98,99.98,99.98,99.955,0.025,0.03,1,11398.0,-0.019999999999996,0.0080000000000097,-0.019999999999996,99.9776,99.9768,99.99585,99.9736350877867,99.98006706086724,100.01002154974196,0.0250000000000056,0.029285714285714,0.0250000000000056,0.0,0.0522159813054454,0.0562046042899699,0.929033874805943,48.16057856419976,99.97541666666666,99.98803846153848,99.984535465957,100.02903398351916,-0.044498517562161,-0.0538164956292411,-0.0517434191458496,-0.9
99.988,99.999,99.964,99.964,99.98,-0.016,-0.02,1,12398.0,-0.0360000000000013,-0.0160000000000053,-0.0360000000000013,99.9704,99.9752,99.99405,99.9704233918578,99.9771457770732,100.00563854500462,0.0349999999999965,0.030071428571428,0.0,0.0160000000000053,0.0484862683550565,0.0533328468406867,0.909125824464093,47.62000559702721,99.97533333333335,99.98796153846152,99.98137616350208,100.02421665140662,-0.0428404879045416,-0.0515511913516901,-0.049962832897588,0.0
99.964,99.964,99.964,99.964,99.964,0.0,0.0,1,9996.0,-0.0360000000000013,-0.0160000000000053,-0.206000000000003,99.9632,99.9736,99.98375,99.96828226123854,99.97475563578716,100.00167296928988,0.0,0.0275714285714282,0.0,-0.0,0.0450229634725524,0.0495233577806376,0.9091258244640928,47.62000559702721,99.97466666666668,99.98965384615386,99.97870290757868,100.01975615870982,-0.0410532511311458,-0.049295265116931,-0.0481809165442996,0.0
99.949,99.949,99.916,99.916,99.964,-0.048,-0.05,47,469709.0,-0.0370000000000061,-0.0600000000000022,-0.0859999999999985,99.9558,99.9676,99.97945,99.95085484082573,99.96407279291677,99.99351363888132,0.0480000000000018,0.0286428571428568,0.0,0.0480000000000018,0.0418070375102273,0.0494145465105922,0.846047175628046,45.83020340962908,99.96933333333334,99.98961538461536,99.96905630641274,100.0120705173239,-0.043014210911167,-0.0472142119433808,-0.0471475754176731,46.0
99.994,99.999,99.92,99.98,99.916,0.064,0.06,222,2223276.0,0.0250000000000056,0.0360000000000013,-0.019999999999996,99.9608,99.9712,99.97845,99.9605698938838,99.96696864875004,99.99222662565454,0.0829999999999984,0.0340714285714288,0.0640000000000071,0.0,0.0433922491166401,0.0458849360455499,0.9456752663567992,48.60396196162472,99.96933333333334,99.99015384615385,99.97073995158,100.00969492344808,-0.0389549718680513,-0.0452229747688003,-0.0455090547077487,3.723404255319149
99.972,99.999,99.972,99.994,99.98,0.014,0.01,430,4302796.0,0.0139999999999957,-0.0060000000000002,-0.0060000000000002,99.9636,99.9706,99.97815,99.97171326258922,99.9718834398864,99.99239551844934,0.027000000000001,0.0345714285714281,0.0139999999999957,0.0,0.0412928027511655,0.0426074406137249,0.9691453454226976,49.216547050500246,99.97083333333332,99.98980769230768,99.97431842056773,100.008532336526,-0.0342139159582757,-0.0432007085140466,-0.0432500269578541,0.9369369369369368
99.95,100.005,99.95,100.003,99.994,0.009,0.01,7,73300.0,0.0390000000000014,0.0030000000000001,-0.0060000000000002,99.9714,99.9709,99.97785,99.9821421750595,99.97754099627068,99.99340546907322,0.0549999999999926,0.0374285714285704,0.0090000000000003,0.0,0.0389861739832251,0.0395640519984588,0.9853938616990944,49.63216018285648,99.97575,99.98992307692308,99.9787309712496,100.00812253382036,-0.0293915625707512,-0.0410974054159064,-0.0404783340804335,-0.983720930232558
100.136,100.138,99.995,100.132,100.003,0.129,0.13,35,347017.0,0.1680000000000063,0.132000000000005,0.0990000000000037,100.005,99.9841,99.9828,100.032094783373,100.0056244514942,100.0066049482091,0.1430000000000006,0.0473571428571416,0.1290000000000049,0.0,0.0454157329844237,0.0367380482842832,1.236204292427065,55.28136658235954,99.98675,99.99500000000002,100.0023108218266,100.01729864242624,-0.0149878205996571,-0.0373945938417155,-0.0353802313842783,4.0
99.957,100.012,99.957,100.012,100.132,-0.12,-0.12,1,10101.0,0.0960000000000036,0.0589999999999975,0.0139999999999957,100.0242,99.99,99.9835,100.02539652224868,100.0067836421316,100.0071187626654,0.1750000000000113,0.0575714285714283,0.0,0.1200000000000045,0.0421717520569649,0.0426853305496919,0.987968267174852,49.6973861951467,99.98775,99.98892307692309,100.00380146462253,100.01690615039468,-0.013104685772177,-0.0335621582531031,-0.030925122261858,-0.9714285714285714
100.0,100.0,100.0,100.0,100.012,-0.012,-0.01,3,30000.0,0.019999999999996,0.0450000000000017,0.0349999999999965,100.0282,99.9945,99.98525,100.01693101483244,100.00555025265312,100.00644078526868,0.0120000000000004,0.0544285714285714,0.0,0.0120000000000004,0.0391594840528959,0.0404935212247139,0.967055540455104,49.16259457683452,99.98775,99.98884615384615,100.00321662391136,100.01565384295805,-0.0124372190466885,-0.0299997917513839,-0.0272275416188241,2.0
99.981,99.981,99.98,99.981,100.0,-0.019,-0.02,2,19996.0,-0.0130000000000052,0.0009999999999905,0.0090000000000003,100.0256,99.9946,99.9857,100.00495400988832,100.00108657035256,100.00401785333833,0.019999999999996,0.0557857142857136,0.0,0.0190000000000054,0.0363623780491177,0.0389582697086633,0.9333673779929608,48.2767728791356,99.99008333333336,99.9881153846154,99.99979868177114,100.0130868916278,-0.0132882098566682,-0.0267162053016202,-0.0244396752663929,-0.3333333333333333
100.01,100.01,100.008,100.01,99.981,0.029,0.03,12,120012.0,0.007000000000005,0.0460000000000064,0.0300000000000011,100.027,99.9992,99.9872,100.0066360065922,100.00270719392482,100.00458758159182,0.0290000000000105,0.0511428571428577,0.0290000000000105,0.0,0.0358364939027529,0.0361755361580445,0.990627858179892,49.76459332211201,99.99466666666667,99.9885,100.0013681153448,100.0128582329887,-0.0114901176439019,-0.0234314126919264,-0.0218497637418947,5.0
99.983,100.001,99.983,100.001,100.01,-0.009,-0.01,5,49996.0,-0.1310000000000002,0.0370000000000061,0.0210000000000007,100.0008,100.0029,99.98825,100.00475733772814,100.0023967950294,100.0042459071545,0.027000000000001,0.0486428571428579,0.0,0.0090000000000003,0.0332767443382705,0.0342344264324699,0.9720257590385366,49.290723236416994,99.99641666666668,99.98819230769232,100.00131148221485,100.01197984535992,-0.0106683631450721,-0.0198374296068048,-0.0196134836225302,-0.5833333333333333
99.926,99.926,99.926,99.926,100.001,-0.075,-0.08,10,100026.0,-0.0859999999999985,0.0100000000000051,-0.0499999999999971,99.9836,100.0039,99.98575,99.97850489181876,99.9885064686604,99.99679391599692,0.0750000000000028,0.0538571428571442,0.0,0.0750000000000028,0.030899834028394,0.0371462531158651,0.8318425530567648,45.41015556542691,99.99325,99.98407692307693,99.98972510033563,100.00561096792585,-0.0158858675901996,-0.0172741957981546,-0.0188679604160641,1.0
99.956,100.006,99.956,99.992,99.926,0.066,0.07,29,291144.0,-0.0079999999999955,0.0120000000000004,0.0480000000000018,99.982,100.0051,99.98815,99.98300326121252,99.98914165617668,99.99633735256864,0.0799999999999983,0.0577857142857151,0.0660000000000025,0.0,0.0334069887406518,0.0344929493218748,0.9685164474893344,49.20032284843696,99.99558333333331,99.98384615384616,99.9900750848994,100.00460274807948,-0.0145276631800896,-0.0150868343783561,-0.0179999009688692,1.9
99.995,99.995,99.995,99.995,99.992,0.003,0.0,5,50197.0,0.01400000000001,0.0010000000000047,-0.0049999999999954,99.9848,100.0052,99.9879,99.9870021741417,99.9902068095991,99.99620998565734,0.0030000000000001,0.055500000000001,0.0030000000000001,0.0,0.0312350609734624,0.0320291672274551,0.9752067779860338,49.37238920273335,100.00216666666668,99.985,99.99083276414564,100.00389143340692,-0.0130586692612979,-0.0132720684550836,-0.0170116546273549,-0.8275862068965517
99.975,99.975,99.975,99.975,99.995,-0.02,-0.02,0,100.0,-0.0350000000000108,-0.0280000000000057,-0.0250000000000056,99.9778,100.0024,99.98665,99.9830014494278,99.98744193512653,99.99418998702332,0.0200000000000102,0.0569285714285732,0.0,0.0200000000000102,0.0290039851896436,0.0311699409969233,0.930511392129568,48.20025387693314,100.00175,99.98511538461538,99.98839695427708,100.00175132722865,-0.0133543729515679,-0.0130905742719625,-0.0162801982921975,-1.0
99.967,99.967,99.967,99.967,99.975,-0.008,-0.01,0,100.0,-0.034000000000006,-0.1650000000000062,-0.0330000000000012,99.971,99.9859,99.985,99.97766763295188,99.98372521964896,99.99160046444968,0.0079999999999955,0.0540714285714299,0.0,0.0079999999999955,0.0269322719618119,0.0295149452114285,0.9124960852505152,47.7123112715281,99.9995,99.98461538461538,99.98510511515752,99.99917715484132,-0.0140720396838105,-0.0131980580399218,-0.0158385665705201,-1.0
99.972,99.972,99.972,99.972,99.967,0.005,0.01,1,9997.0,0.0459999999999922,-0.0400000000000062,0.0189999999999912,99.9802,99.9819,99.98595,99.97577842196792,99.98159336153098,99.9897337535497,0.0049999999999954,0.0485000000000011,0.0049999999999954,0.0,0.0253656811073965,0.0274067348391836,0.9255272930626884,48.06617368640729,99.99691666666666,99.98430769230768,99.98308894359484,99.9971640322605,-0.0140750886656633,-0.0133800435531412,-0.0154858709895488,inf
99.965,99.97,99.965,99.968,99.972,-0.004,0.0,0,400.0,-0.0240000000000009,-0.0319999999999964,0.0130000000000052,99.9754,99.9787,99.9866,99.97318561464527,99.97912184125262,99.98766387225923,0.0069999999999907,0.047071428571429,0.0,0.0039999999999906,0.0235538467425824,0.0257348252078127,0.915251864055089,47.78754592188525,99.98325,99.984,99.98076756765715,99.99500373357452,-0.0142361659173673,-0.01348537200433,-0.0152359299751125,-1.0
99.95,99.95,99.95,99.95,99.968,-0.018,-0.02,0,200.0,-0.0450000000000017,-0.0309999999999917,-0.0300000000000011,99.9664,99.9756,99.9851,99.9654570764302,99.97382696102488,99.984076836806,0.0180000000000006,0.0444285714285724,0.0,0.0180000000000006,0.0218714291181123,0.025182337692969,0.8685225885211955,46.48178158812467,99.97808333333332,99.98423076923078,99.9760340957099,99.99167012368012,-0.015636027970217,-0.0139460287072539,-0.0153159495741334,-1.0
100.0,100.0,100.0,100.0,99.95,0.05,0.05,1,10100.0,0.0250000000000056,-0.0100000000000051,0.0360000000000013,99.9714,99.9746,99.9869,99.9769713842868,99.97858569538398,99.98559332853876,0.0499999999999971,0.037785714285715,0.0499999999999971,0.0,0.0238806127525326,0.0233835992863283,1.0212547888850834,50.5257820291129,99.97808333333332,99.98423076923078,99.9797211579084,99.99228715155569,-0.0125659936472857,-0.0141568765408332,-0.0147659583887638,inf
99.995,99.995,99.995,99.995,100.0,-0.005,-0.01,1,10099.0,0.0280000000000057,-0.0060000000000002,0.0310000000000059,99.977,99.974,99.98845,99.98298092285788,99.98157011440507,99.98648920201126,0.0049999999999954,0.0256428571428567,0.0,0.0049999999999954,0.0221748546987803,0.0220704850515903,1.004728924033435,50.11794422619296,99.97925,99.98403846153846,99.9820717489994,99.99248810329227,-0.0104163542928858,-0.0135491528411317,-0.0138960375695882,0.0
99.995,99.995,99.995,99.995,99.995,0.0,0.0,0,100.0,0.0230000000000103,0.0690000000000026,0.0790000000000077,99.9816,99.9809,99.9924,99.98698728190526,99.98401191178596,99.98729975420063,0.0,0.0247857142857138,0.0,-0.0,0.0205909365060103,0.0204940218336195,1.004728924033435,50.11794422619296,99.978,99.98384615384616,99.9840607106918,99.99267416971507,-0.0086134590232944,-0.0128920190459322,-0.0128395218603295,-1.0
100.02,100.7,100.011,100.314,99.995,0.319,0.32,80,802173.0,0.3459999999999894,0.3219999999999885,0.333999999999989,100.0508,100.0131,100.0091,100.09599152127018,100.0440097460067,100.0184140633244,0.7049999999999983,0.0737142857142854,0.3189999999999884,0.0,0.041905869612723,0.0190301631312181,2.202076215730292,68.77026239764466,100.00408333333333,99.99773076923078,100.0348206013546,100.01647608306952,0.0183445182850761,-0.009402775985224,-0.0066027138312483,inf
100.178,100.178,99.992,100.001,100.314,-0.313,-0.31,282,2819128.0,0.0510000000000019,0.0060000000000002,0.007000000000005,100.061,100.0137,100.00945,100.0643276808468,100.03618979218729,100.01675558110304,0.3219999999999885,0.0946428571428553,0.0,0.3129999999999882,0.0389125932118142,0.0400280086218445,0.972134126866815,49.29350968695379,100.01033333333334,99.9995,100.02961743191544,100.01532970654586,0.0142877253695701,-0.0063314317273197,-0.0024246259910846,2.525
99.96,99.99,99.96,99.99,100.001,-0.011,-0.01,1,11197.0,-0.0100000000000051,0.0150000000000005,-0.0130000000000052,100.059,100.0152,100.0088,100.0395517872312,100.02779164815324,100.0142074305218,0.041000000000011,0.095642857142856,0.0,0.0110000000000098,0.0361331222681132,0.0379545794345706,0.9520095547469456,48.77074256280278,100.01016666666668,99.99988461538462,100.02352244238998,100.0134534319869,0.0100690104030718,-0.0036490928287772,7.410128774661758e-05,-0.99645390070922
99.99,99.99,99.989,99.989,99.99,-0.001,0.0,6,59994.0,-0.0060000000000002,0.0220000000000055,-0.1430000000000006,100.0578,100.0174,100.00165,100.02270119148749,100.02073862121628,100.01180672285304,0.0009999999999905,0.0903571428571408,0.0,0.0009999999999905,0.0335521849632479,0.0353149666178149,0.950084006204958,48.72015785893801,100.00966666666666,100.00084615384615,100.0182112974069,100.01164206665452,0.0065692307523761,-0.0013552795601062,0.0013731271806725,5.0
99.97,99.97,99.97,99.97,99.989,-0.019,-0.02,0,1000.0,-0.0250000000000056,-0.0019999999999953,-0.0420000000000015,100.0528,100.0172,99.99955,100.00513412765832,100.01151341735876,100.00782513020036,0.0190000000000054,0.0859999999999985,0.0,0.0190000000000054,0.0311556003230159,0.0341496118594,0.912326630571648,47.70767796602446,100.00925,100.00107692307692,100.01079417472891,100.00855746912455,0.0022367056043464,0.0004750394978619,0.0015458428654073,-1.0
100.0,100.095,100.0,100.095,99.97,0.125,0.13,24,235743.0,-0.2189999999999941,0.1269999999999953,0.0949999999999988,100.009,100.0299,100.0043,100.03508941843889,100.0266927960208,100.01612749875272,0.125,0.0947142857142842,0.125,0.0,0.0378587717285148,0.0317103538694428,1.1938930698908667,54.41892707880498,100.01991666666667,100.00796153846156,100.02374891707832,100.0149606195598,0.0087882975185209,0.003188853441055,0.00299433379603,inf
100.0,100.0,100.0,100.0,100.095,-0.095,-0.09,9,85600.0,-0.0010000000000047,0.0499999999999971,0.0190000000000054,100.0088,100.0349,100.00525,100.02339294562591,100.02183956038066,100.01459154649054,0.0949999999999988,0.1000714285714262,0.0,0.0949999999999988,0.0351545737479066,0.0362310428787682,0.9702887621958998,49.246018188445966,100.02225,100.00873076923078,100.0200952375278,100.01385242551832,0.006242812009475,0.0052787207362506,0.003644029438719,-0.625
99.986,99.986,99.986,99.986,100.0,-0.014,-0.01,1,9999.0,-0.0039999999999906,-0.0139999999999957,-0.0240000000000009,100.008,100.0335,100.00405,100.0109286304173,100.01532327667508,100.01186854206289,0.0139999999999957,0.1004999999999977,0.0,0.0139999999999957,0.0326435327659133,0.0346431112445702,0.9422806322290022,48.51413418809727,100.02375,100.00842307692308,100.01484981636968,100.01178928288734,0.0030605334823405,0.0067761527112758,0.0035273302474433,-0.8888888888888888
99.995,100.003,99.995,99.999,99.986,0.013,0.01,8,80000.0,0.0099999999999909,0.0039999999999906,-0.0020000000000095,100.01,100.0339,100.00395,100.0069524202782,100.01235540818868,100.01064296662832,0.0169999999999959,0.1013571428571406,0.012999999999991,0.0,0.0312404232826331,0.0321686032985295,0.971146399883056,49.26810103707528,100.02783333333332,100.00826923076924,100.01241138308202,100.01084192859938,0.0015694544826487,0.0079075875452695,0.0031357550944844,7.0
99.953,99.953,99.953,99.953,99.999,-0.046,-0.05,2,21290.0,-0.0169999999999959,-0.0420000000000015,0.027000000000001,100.0066,100.0297,100.0053,99.98896828018547,100.00156351579074,100.00515316028276,0.0459999999999922,0.104142857142855,0.0,0.0459999999999922,0.0290089644767307,0.0331565602057768,0.8749087449571007,46.66407084133149,100.02391666666666,100.00138461538462,100.00327117030017,100.00655734129572,-0.0032861709955511,0.0055041776251998,0.0018513698764773,-0.75
99.97,99.97,99.97,99.97,99.953,0.017,0.02,0,100.0,-0.125,-0.3439999999999941,-0.0220000000000055,99.9816,99.9953,100.0042,99.98264552012368,99.99582469473786,100.00180524025583,0.0169999999999959,0.104071428571426,0.0169999999999959,0.0,0.0281511812998211,0.0307882344767928,0.9143486717642292,47.762912015478456,100.02183333333332,99.99976923076925,99.99815252871552,100.00384939008865,-0.00569686137311,0.0032836679871242,0.0003417236265598,-1.0
100.0,100.0,99.97,99.97,99.97,0.0,0.0,1,12600.0,-0.0300000000000011,-0.0310000000000059,-0.0250000000000056,99.9756,99.9922,100.00295,99.97843034674912,99.9911292956946,99.99877616975527,0.0300000000000011,0.1026428571428549,0.0,-0.0,0.0261403826355482,0.0285890748713076,0.9143486717642292,47.76291201547845,100.01975,99.99861538461538,99.99382137045158,100.00134202785983,-0.0075206574082642,0.0013292604525313,-0.0012307525804049,inf
99.972,99.972,99.972,99.972,99.97,0.002,0.0,0,300.0,-0.01400000000001,-0.0180000000000006,-0.0030000000000001,99.9728,99.9904,100.0028,99.97628689783276,99.98765124193194,99.99622605835005,0.0019999999999953,0.1024285714285692,0.0019999999999953,0.0,0.0244160695901515,0.0265469980947856,0.9197299635527298,47.90934042882992,99.99125,99.99826923076922,99.99046423653596,99.99916854431468,-0.0087043077787143,-0.0003677993842564,-0.0027254636200668,-1.0
99.955,100.095,99.955,100.095,99.972,0.123,0.12,2,20005.0,0.0960000000000036,0.1059999999999945,0.1280000000000001,99.992,100.001,100.0092,100.0158579318885,100.00716919794432,100.00563310041191,0.1400000000000005,0.1124285714285692,0.1230000000000046,0.0,0.031457778905141,0.024650783945158,1.2761370581611875,56.06591455402666,99.99908333333332,100.00153846153846,100.00654666168428,100.00626717066172,0.0002794910225389,-0.0005852676711239,-0.0021244726915456,inf
100.091,100.091,100.09,100.09,100.095,-0.005,0.0,13,130118.0,0.1370000000000004,0.1200000000000045,0.1180000000000092,100.0194,100.013,100.0151,100.04057195459234,100.0222293437726,100.01366804322984,0.0049999999999954,0.062428571428569,0.0,0.0049999999999954,0.029210794697631,0.0232471565205036,1.256531940664122,55.68420805487517,100.00741666666666,100.00496153846152,100.01938563680976,100.01246960246458,0.0069160343451954,-0.0007932969126045,-0.0003163712841974,5.5
100.487,109.0,100.005,100.072,100.09,-0.018,-0.02,17,175997.0,0.1020000000000038,-0.0229999999999961,0.1039999999999992,100.0398,100.0107,100.0203,100.05104796972824,100.03127855399576,100.01922346768411,8.995000000000005,0.6819285714285702,0.0,0.0180000000000006,0.0271243093620859,0.0228723596261819,1.18589904169908,54.25223302066555,100.01433333333334,100.01057692307693,100.02748015422364,100.01687926154128,0.0106008926823761,-0.0003090657267266,0.0018670815091172,0.3076923076923077
99.962,99.962,99.962,99.962,100.072,-0.11,-0.11,1,9996.0,-0.0079999999999955,-0.0379999999999967,0.0120000000000004,100.0382,100.0069,100.0209,100.02136531315216,100.01868245326926,100.01377361361898,0.1099999999999994,0.6868571428571408,0.0,0.1099999999999994,0.0251868586933655,0.029095762510026,0.8656538451152945,46.3994887037471,100.01366666666668,100.00942307692308,100.0174062843431,100.01281413105674,0.004592153286353,-0.000138885748503,0.0024120958645644,-0.9411764705882352
103.0,103.0,100.008,100.008,99.962,0.046,0.05,4,40602.0,0.0360000000000013,0.0219999999999913,0.0079999999999955,100.0454,100.0091,100.0213,100.01691020876812,100.01674018903849,100.01322374565528,3.0379999999999967,0.9037857142857126,0.0459999999999922,0.0,0.0266735116438388,0.0270174937593099,0.9872681708179334,49.67966504548739,100.00641666666668,100.00992307692307,100.01595916367494,100.01245752875624,0.0035016349186918,7.580096661286007e-05,0.0026300036753899,3.0
103.5,103.5,103.5,103.5,100.008,3.492,3.49,7,72450.0,3.405000000000001,3.5010000000000048,3.5049999999999955,100.72639999999998,100.3592,100.19655,101.17794013917874,100.65006015466784,100.34529767464048,3.4920000000000044,1.1518571428571411,3.4920000000000044,0.0,0.2741968322407078,0.025087672776502,10.929544349666791,91.6174501666702,100.29808333333334,100.1455,100.55196544618649,100.27079400810764,0.281171438078843,0.0316822019748788,0.0583382905560805,0.75
100.002,100.068,100.002,100.048,103.5,-3.452,-3.34,21,205390.0,-0.0420000000000015,0.0949999999999988,0.0529999999999972,100.718,100.3687,100.1992,100.80129342611916,100.54059467200096,100.31698361038902,3.4980000000000047,1.392785714285713,0.0,3.451999999999998,0.2546113442235144,0.2698671247210375,0.9434692887720464,48.54562375761359,100.30325,100.14861538461538,100.47443230061933,100.25429074824784,0.2201415523715013,0.0567753590576134,0.0906989429191647,2.0
99.985,100.998,99.985,99.993,100.048,-0.055,-0.05,3,30098.0,-0.0790000000000077,0.0229999999999961,-0.3209999999999979,100.7022,100.371,100.18315,100.53186228407948,100.44103200436442,100.2861280284472,1.0130000000000052,1.458357142857142,0.0,0.0550000000000068,0.2364248196361205,0.2545194729552496,0.9289066054198905,48.15715819572732,100.30275,100.14942307692309,100.40036579283174,100.23493587800724,0.165429914824486,0.0759920893056968,0.1056451373002289,-0.8571428571428572
99.993,99.993,99.993,99.993,99.993,0.0,0.0,1,9999.0,0.0309999999999917,0.0229999999999961,-0.0080000000000097,100.7084,100.3733,100.18275,100.35224152271964,100.35957163993452,100.258211073357,0.0,1.4573571428571424,0.0,-0.0,0.2195373325192547,0.2363395106013032,0.9289066054198905,48.15715819572732,100.30608333333332,100.1503846153846,100.33769413239608,100.21701470185856,0.1206794305375211,0.090368060229723,0.1086519959476874,-0.6666666666666667
99.993,99.993,99.993,99.993,99.993,0.0,0.0,0,200.0,-0.0150000000000005,0.0210000000000007,0.0030000000000001,100.70539999999998,100.3754,100.1829,100.23249434847978,100.2929222508555,100.23295287589444,0.0,1.4561428571428567,0.0,-0.0,0.2038560944821651,0.2194581169869244,0.9289066054198905,48.15715819572732,100.308,100.15203846153848,100.2846642658736,100.2004210202394,0.0842432456341981,0.0996973662976851,0.1037702458849895,-1.0
100.878,100.878,99.99,99.99,99.993,-0.003,0.0,2,20087.0,-3.510000000000005,-0.1050000000000039,0.0009999999999905,100.00339999999998,100.3649,100.18295,100.15166289898652,100.23784547797268,100.20981450676165,0.8880000000000052,1.516285714285715,0.0,0.0030000000000001,0.1892949448762962,0.2039968229164298,0.9279308479909196,48.13091968303264,100.30966666666666,100.15165384615383,100.23933130189305,100.18483427799944,0.0544970238936031,0.1049841429141748,0.0939156014867123,inf
100.0,100.0,100.0,100.0,99.99,0.01,0.01,2,20000.0,-0.0480000000000018,-0.0900000000000034,0.0300000000000011,99.9938,100.3559,100.18445,100.10110859932436,100.19460084561402,100.18983217278434,0.0100000000000051,1.5157857142857156,0.0100000000000051,0.0,0.1764881630994183,0.189425621279542,0.9317016457819534,48.232171247377096,100.312,100.15184615384617,100.2025111016018,100.17114284999948,0.0313682516023305,0.1072916272386142,0.0814061315098359,0.0
100.018,100.018,100.018,100.018,100.0,0.018,0.02,1,10002.0,0.0250000000000056,-0.054000000000002,-0.0769999999999981,99.9988,100.3505,100.1806,100.07340573288292,100.16249160095693,100.17346720394772,0.0180000000000006,1.5149285714285727,0.0180000000000006,0.0,0.1651675800208885,0.1758952197595747,0.9390111922691844,48.42732192640308,100.30558333333332,100.15273076923076,100.17412477827844,100.15979893518472,0.0143258430937436,0.1083731483283243,0.0679900738266175,-0.5
99.995,100.88,99.98,99.984,100.018,-0.034,-0.03,30,303040.0,-0.0090000000000003,0.0219999999999913,-0.0160000000000053,99.997,100.3527,100.1798,100.04360382192196,100.1300385826011,100.15542270833366,0.8999999999999915,1.5790714285714296,0.0,0.034000000000006,0.1533698957336821,0.1657598469196055,0.9252536038360812,48.05879090383247,100.29675000000002,100.14003846153848,100.14487481238946,100.1467767918377,-0.0019019794482346,0.1077727467319991,0.054011663171647,29.0
99.97,99.97,99.97,99.97,99.984,-0.014,-0.01,0,100.0,-0.0229999999999961,-0.0379999999999967,-0.0160000000000053,99.9924,100.3489,100.179,100.01906921461465,100.1009406584918,100.13776340277808,0.0139999999999957,1.5700714285714292,0.0,0.0139999999999957,0.1424149031812763,0.1549198578539191,0.919281137706476,47.89715897510506,100.28825,100.13884615384616,100.11797099509876,100.13368221466452,-0.0157112195657589,0.0747857847714878,0.0400670866241658,-1.0
100.02,100.02,100.02,100.02,99.97,0.05,0.05,15,153831.0,0.0300000000000011,-3.480000000000004,0.0210000000000007,99.9984,100.0009,100.18005,100.01937947640975,100.08622417512964,100.12654784060874,0.0499999999999971,1.573285714285715,0.0499999999999971,0.0,0.1358138386683278,0.1438541537214963,0.944107870053341,48.5625249810566,100.29308333333331,100.14,100.10289853431436,100.12526130987456,-0.0223627755602109,0.047840859445742,0.0275811141872905,inf
100.02,100.02,100.02,100.02,100.02,0.0,0.0,0,100.0,0.019999999999996,-0.0280000000000057,0.066999999999993,100.0024,99.9981,100.1834,100.01958631760652,100.07418341601516,100.11640042721744,0.0,0.9307857142857148,0.0,-0.0,0.1261128501920186,0.1335788570271037,0.9441078700533408,48.56252498105659,100.29408333333332,100.14119230769232,100.0901449136506,100.11746417580976,-0.0273192621591675,0.026424284225336,0.0166010389179988,-1.0
99.97,108.0,91.1,99.999,100.02,-0.021,-0.02,477,4786996.0,-0.0190000000000054,0.0060000000000002,0.0289999999999963,99.99859999999998,99.9987,100.18485,100.01272421173768,100.0605137040124,100.10521943414908,16.900000000000006,2.130071428571429,0.0,0.0210000000000007,0.1171047894640173,0.1255375100965964,0.9328270839043216,48.26231439286362,100.00233333333333,100.1423076923077,100.0761226192428,100.10868905167573,-0.0325664324329011,0.0093969661175113,0.0067675446478188,inf
99.979,99.979,99.979,99.979,99.999,-0.02,-0.02,0,100.0,-0.0049999999999954,-0.0139999999999957,0.0090000000000003,99.9976,99.9973,100.1853,100.00148280782514,100.0456930305556,100.0931985356587,0.019999999999996,1.9145000000000008,0.0,0.019999999999996,0.1087401616451589,0.1179991165182678,0.9215336932486656,47.95823755193503,99.99658333333332,100.13784615384614,100.06118067782084,100.09908245525529,-0.0379017774344419,-0.0041747031123375,-0.0021663197686332,-1.0
99.999,99.999,99.951,99.951,99.979,-0.028,-0.03,6,60199.0,-0.0190000000000054,-0.0420000000000015,-0.0210000000000007,99.9938,99.9931,100.18425,99.98465520521675,100.02847611590911,100.07965581797691,0.0480000000000018,1.6685000000000003,0.0,0.0280000000000057,0.1009730072419333,0.1115706081955348,0.905014401866229,47.506958529008514,99.99308333333332,100.13596153846152,100.04422980430996,100.08811338449564,-0.0438835801856782,-0.0151058813433688,-0.0105097718520422,inf
99.976,99.976,99.955,99.957,99.951,0.006,0.01,9,89967.0,-0.0630000000000023,-0.0330000000000012,-0.1380000000000052,99.9812,99.9898,100.17735,99.97543680347786,100.01548045847107,100.06797431150292,0.0250000000000056,1.420428571428572,0.0060000000000002,0.0,0.0941892210103667,0.1036012790387109,0.9091511406454028,47.62070017872223,99.99008333333336,100.13484615384615,100.0308098344161,100.0784012819404,-0.0475914475242831,-0.0238791812463258,-0.0179261069864904,0.5
100.01,100.3,99.966,99.992,99.957,0.035,0.04,30,300255.0,-0.0279999999999915,-0.0079999999999955,-0.0979999999999989,99.9756,99.989,100.17245,99.98095786898526,100.0112112842036,100.06073866278837,0.3430000000000035,1.3725714285714292,0.0350000000000108,0.0,0.089961419509627,0.096201187678803,0.9351383457966302,48.32410808394507,99.99,100.13457692307692,100.02483909065978,100.07200118698184,-0.0471620963220544,-0.0307111745147478,-0.0237733048536032,2.333333333333333
99.981,100.0,99.981,100.0,99.992,0.008,0.01,10,99998.0,0.0010000000000047,-0.0180000000000006,-0.0720000000000027,99.9758,99.9872,100.16885,99.98730524599016,100.00917286889386,100.05495402823708,0.0190000000000054,1.3739285714285725,0.0079999999999955,0.0,0.0841070324017961,0.0893296742731742,0.9415351962953882,48.49436662760048,99.99083333333334,100.1363846153846,100.02101769209672,100.06666776572392,-0.0456500736271863,-0.0355720738679647,-0.0281486586083198,-0.6666666666666667
100.0,100.0,100.0,100.0,100.0,0.0,0.0,1,10000.0,0.0210000000000007,0.0160000000000053,0.0379999999999967,99.98,99.9888,100.17075,99.99153683066012,100.00750507454951,100.0497203112621,0.0,1.3739285714285725,0.0,-0.0,0.0780993872302393,0.0829489832536617,0.9415351962953882,48.49436662760048,99.99083333333334,100.13753846153848,100.01778420100491,100.06172941270734,-0.0439452117024075,-0.0387091841053701,-0.0313079692271374,-0.9
99.989,100.0,99.989,100.0,100.0,0.0,0.0,4,39998.0,0.0490000000000065,0.0300000000000011,-0.0079999999999955,99.9898,99.99179999999998,100.17035,99.99435788710676,100.00614051554052,100.04498504352286,0.0109999999999956,1.3112857142857146,0.0,-0.0,0.0725208595709365,0.0770240558784002,0.9415351962953882,48.49436662760048,99.98933333333332,100.13869230769232,100.0150481700811,100.0571568636179,-0.0421086935368038,-0.0409031749916582,-0.0334681140890706,3.0
99.993,100.099,99.993,100.099,100.0,0.099,0.1,2,20009.0,0.1420000000000101,0.0790000000000077,-3.400999999999996,100.0182,99.9997,100.0003,100.0292385914045,100.02302405816953,100.0501293250921,0.1060000000000087,1.3181428571428575,0.0990000000000037,0.0,0.0744122267444413,0.0715223376013716,1.0404054067580455,50.9901318292977,99.99891666666666,100.14357692307694,100.02796383622248,100.06025635520176,-0.0322925189792897,-0.0414557590827829,-0.0332329950671144,-0.5
99.989,99.99,99.989,99.99,100.099,-0.109,-0.11,2,19998.0,-0.0020000000000095,-0.0300000000000011,-0.0580000000000069,100.0178,99.9967,99.9974,100.01615906093636,100.01701968395687,100.0444027227024,0.1099999999999994,1.3247142857142862,0.0,0.1090000000000088,0.0690970676912669,0.0741993134869885,0.9312359433538911,48.21968784076457,100.00058333333334,100.13953846153846,100.0221232460344,100.05505218074236,-0.0329289347079679,-0.0414960371133459,-0.0331721829952851,0.0
100.0,109.8,99.984,99.993,99.99,0.003,0.0,222,2293938.0,-0.007000000000005,-0.0060000000000002,0.0,100.0164,99.9961,99.9974,100.00843937395756,100.01265246869198,100.03950722530216,9.816000000000004,1.9615714285714296,0.0030000000000001,0.0,0.0643758485704621,0.0688993625236322,0.9343460695791118,48.30294249169246,99.99833333333332,100.1358076923077,100.0176427466445,100.0504557229096,-0.0328129762650917,-0.0409306147611958,-0.0331003416492465,110.0
99.99,99.99,99.99,99.99,99.993,-0.003,0.0,0,700.0,-0.0100000000000051,0.0109999999999956,-0.0030000000000001,100.0144,99.9972,99.99725,100.00229291597172,100.0085338380207,100.03479225146388,0.0030000000000001,1.960785714285716,0.0,0.0030000000000001,0.059777573672572,0.0641922652005156,0.9312270487082264,48.21944935636193,99.99583333333334,100.13265384615384,100.0133900163915,100.04597752121258,-0.0325875048210804,-0.0396754952762405,-0.0329977742836132,-1.0
100.0,100.0,100.0,100.0,99.99,0.01,0.01,11,110000.0,0.0,0.0490000000000065,0.007000000000005,100.0144,100.0021,99.9976,100.00152861064782,100.00698223110784,100.0314787037054,0.0100000000000051,1.9579285714285732,0.0100000000000051,0.0,0.05622203269596,0.0596071034004788,0.9432102801275936,48.53876545289073,99.99591666666667,100.13411538461538,100.01133001386972,100.04257177890054,-0.0312417650308134,-0.0378588638880772,-0.0326465724330533,inf
99.999,99.999,99.999,99.999,100.0,-0.001,0.0,9,89999.0,-0.1000000000000085,0.0420000000000015,0.0090000000000003,99.9944,100.0063,99.99805,100.00068574043188,100.00553091636095,100.0283854938287,0.0010000000000047,1.9580000000000024,0.0,0.0010000000000047,0.0522061732176772,0.0554208817290164,0.9419946343138732,48.50655185495348,99.99758333333334,100.13376923076925,100.009433088659,100.03934423972272,-0.0299111510637146,-0.0359420921927061,-0.0320994881591855,-0.1818181818181817
99.992,99.992,99.992,99.992,99.999,-0.007,-0.01,1,9999.0,0.0020000000000095,0.0,-0.0079999999999955,99.9948,100.00629999999998,99.99765,99.99779049362128,100.00307074974988,100.02492020870216,0.0069999999999907,0.7513571428571443,0.0,0.0069999999999907,0.048477160844986,0.0519622473198003,0.9329304128559832,48.26508014210096,100.001,99.99884615384616,100.00675107501915,100.0358372590025,-0.0290861839833524,-0.0341016600100579,-0.0314968273240189,-0.8888888888888888
99.985,99.989,99.98,99.989,99.992,-0.003,0.0,11,109981.0,-0.0039999999999906,-0.0109999999999956,-0.0289999999999963,99.994,100.0052,99.9962,99.99486032908084,100.00051243161352,100.0214992364448,0.0120000000000004,0.750785714285716,0.0,0.0030000000000001,0.0450145064989155,0.0484649439398145,0.928805500215086,48.15444066866839,100.00366666666666,99.99657692307692,100.00402014040084,100.03236783240972,-0.0283476920088929,-0.0323686022663341,-0.0308670002609937,10.0
100.0,100.038,100.0,100.038,99.989,0.049,0.05,12,120038.0,0.0480000000000018,0.0379999999999967,0.054000000000002,100.0036,100.009,99.9989,100.00924021938724,100.00732835313832,100.02307073773578,0.0489999999999923,0.7508571428571439,0.0489999999999923,0.0,0.0452991846061353,0.0450031622298278,1.0065778127944824,50.16390624755593,100.0075,99.99830769230768,100.0092478111084,100.032785030009,-0.0235372189006,-0.0303051050845337,-0.029401043988915,0.0909090909090908
99.98,99.98,99.98,99.98,100.038,-0.058,-0.06,1,9998.0,-0.019999999999996,-0.019999999999996,0.0100000000000051,99.9996,100.007,99.9994,99.99949347959152,100.00235956165864,100.01896876271331,0.0579999999999927,0.7532142857142858,0.0,0.0579999999999927,0.0420635285628399,0.0459315077848396,0.9157881069326378,47.80216056351363,100.00583333333331,99.9978076923077,100.00474814786097,100.02887502778611,-0.0241268799251628,-0.0293978118562973,-0.0283462111761645,-0.9166666666666666
100.02,100.02,100.019,100.019,99.98,0.039,0.04,24,240048.0,0.0200000000000102,-0.0799999999999983,-0.0009999999999905,100.0036,99.999,99.99935,100.005995653061,100.00538509590253,100.018971737693,0.039999999999992,0.7315714285714279,0.0390000000000014,0.0,0.0418447050940657,0.0426506858002082,0.9811027492050672,49.52306232469479,100.00741666666666,99.9988076923077,100.00694074049774,100.0281435442464,-0.0212028037486646,-0.0280949084163748,-0.0269175296906646,23.0
99.991,100.0,99.991,100.0,100.019,-0.019,-0.02,2,19999.0,0.0079999999999955,0.0100000000000051,-0.019999999999996,100.0052,100.0,99.99835,100.00399710204069,100.0044059875566,100.01716490553176,0.0280000000000057,0.732214285714285,0.0,0.0190000000000054,0.0388557975873468,0.0409613511001937,0.9485965805254664,48.681014326201066,100.00741666666666,99.9991923076923,100.00587293426732,100.02605883726518,-0.0201859029978663,-0.0266919002755719,-0.0255712043521049,-0.9166666666666666
100.025,100.025,99.993,99.993,100.0,-0.007,-0.01,52,521225.0,0.0039999999999906,0.0,-0.0060000000000002,100.006,100.0,99.99805,100.00033140136046,100.00233217163722,100.0148634859573,0.0320000000000106,0.7345,0.0,0.007000000000005,0.0360803834739648,0.038535540307323,0.936288506304098,48.35480370077929,99.99858333333331,99.99892307692306,100.00389248284158,100.0236100345048,-0.0197175516632199,-0.0252619054802541,-0.0244004738143279,25.0
99.984,99.984,99.984,99.984,99.993,-0.009,-0.01,0,100.0,-0.054000000000002,-0.0060000000000002,0.0049999999999954,99.9952,99.9994,99.9983,99.99488760090696,99.99899904952136,100.01192410634232,0.0090000000000003,0.7343571428571433,0.0,0.0090000000000003,0.0335032132258245,0.0364258588568,0.9197645375373248,47.91027855516069,99.99808333333334,99.99761538461536,100.00083210086596,100.0206759578748,-0.0198438570088654,-0.0239954712555932,-0.0234891504532354,-1.0
100.0,100.0,99.98,99.981,99.984,-0.003,0.0,32,319767.0,0.0009999999999905,-0.0190000000000054,0.0300000000000011,99.9954,99.9975,99.9998,99.99025840060465,99.99572649506293,100.00897895335734,0.019999999999996,0.7282142857142853,0.0,0.0030000000000001,0.031110126566837,0.0340382975098857,0.9139742244100708,47.75269242153864,99.99708333333336,99.9975,99.99778100842504,100.01773699803223,-0.0199559896071974,-0.0228893422048691,-0.0227825182840278,inf
99.976,99.976,99.976,99.976,99.981,-0.005,-0.01,6,59986.0,-0.0430000000000063,-0.0229999999999961,0.0190000000000054,99.9868,99.9952,100.00075,99.9855056004031,99.99213985959692,100.00583810065665,0.0049999999999954,0.720714285714285,0.0,0.0049999999999954,0.0288879746692058,0.0319641334020364,0.9037621732415054,47.47243042983063,99.99591666666667,99.99773076923078,99.99443008405196,100.01464536854836,-0.020215284496416,-0.0219036867063206,-0.0222690715265055,-0.8125
99.976,100.276,99.976,100.276,99.976,0.3,0.3,4,40050.0,0.2759999999999962,0.2839999999999918,0.2839999999999918,100.042,100.02360000000002,100.01495,100.0823370669354,100.04375079421568,100.03156780535602,0.2999999999999971,0.0409999999999988,0.2999999999999971,0.0,0.0482531193356909,0.0296809810161767,1.6257252180914126,61.915283704862304,100.01891666666668,100.00757692307693,100.03774853265936,100.03400497087812,0.0037435617812207,-0.0183379918407524,-0.0170665448649602,-0.3333333333333333
99.974,99.999,99.96,99.999,100.276,-0.277,-0.28,18,179957.0,0.0060000000000002,0.0099999999999909,-0.0010000000000047,100.0432,100.0246,100.0149,100.05455804462362,100.03561428617644,100.02846610960782,0.3160000000000025,0.0633571428571418,0.0,0.277000000000001,0.0448064679545701,0.047346625229307,0.946349771236398,48.621773189062495,100.01891666666668,100.00676923076922,100.03178721994252,100.03141201007232,0.0003752098701994,-0.0156810553106636,-0.0135781939179283,3.5
99.975,99.976,99.975,99.976,99.999,-0.023,-0.02,3,29993.0,-0.0079999999999955,-0.0619999999999976,-0.0240000000000009,100.0416,100.0184,100.0137,100.0283720297491,100.02477532505344,100.02346933726422,0.0240000000000009,0.0643571428571415,0.0,0.0229999999999961,0.0416060059578151,0.0456075805700705,0.9122607566058576,47.70587658897853,100.01758333333332,100.0058846153846,100.0232045707206,100.02730741673363,-0.0041028460130263,-0.0134561626537595,-0.0116831243369479,-0.8333333333333334
99.92,99.92,99.92,99.92,99.976,-0.056,-0.06,0,100.0,-0.0609999999999928,-0.0600000000000022,-0.0799999999999983,100.0294,100.0124,100.0097,99.99224801983274,100.00572526595282,100.01361511466764,0.0559999999999973,0.0682857142857124,0.0,0.0559999999999973,0.0386341483893998,0.0463498962436367,0.8335325754845413,45.46047267604539,100.01183333333334,100.0036153846154,100.00732694445593,100.0193587191978,-0.0120317747418994,-0.0124371594307856,-0.0117528544179382,-1.0
99.951,99.951,99.951,99.951,99.92,0.031,0.03,5,50375.0,-0.0250000000000056,-0.068000000000012,-0.1480000000000103,100.0244,100.0056,100.0023,99.9784986798885,99.99577521759775,100.00765177041356,0.0309999999999917,0.0699999999999982,0.0309999999999917,0.0,0.0380888520758706,0.0430391893690912,0.8849807032663187,46.94905903985186,100.00458333333334,100.0036153846154,99.99866126069348,100.01429511036834,-0.0156338496748702,-0.0119313757282305,-0.0125290534693246,inf
99.923,99.923,99.802,99.908,99.951,-0.043,-0.04,235,2345606.0,-0.367999999999995,-0.0919999999999987,-0.0819999999999936,99.9508,99.9964,99.9982,99.95499911992567,99.97981608712544,99.99816112561228,0.1489999999999867,0.0797857142857115,0.0,0.0429999999999921,0.035368219784737,0.0430363901284413,0.8218212466050527,45.10987277903961,99.99858333333331,100.00173076923078,99.98471337443291,100.0064213984892,-0.0217080240562665,-0.0121525393274579,-0.014364847586713,46.0
100.001,100.029,100.0,100.028,99.908,0.12,0.12,102,1016479.0,0.0290000000000105,0.0350000000000108,0.0350000000000108,99.9566,99.9999,99.99995,99.97933274661712,99.98857679855716,100.001002923173,0.1209999999999951,0.0849285714285689,0.1200000000000045,0.0,0.0414133469429704,0.039962362262124,1.036308781531205,50.89153427664105,99.99933333333333,100.00311538461538,99.9913728552894,100.00801981341591,-0.0166469581265147,-0.01179732834053,-0.0148212696946733,-0.5659574468085107
99.999,99.999,99.993,99.994,100.028,-0.034,-0.03,90,898863.0,0.0180000000000006,0.0100000000000051,0.0040000000000048,99.9602,100.0009,100.00015,99.9842218310781,99.98956283518314,100.00033597810892,0.0350000000000108,0.083285714285713,0.0,0.034000000000006,0.0384552507327582,0.0395364792434013,0.9726523825253466,49.30683130700292,99.99883333333332,100.0028846153846,99.99177703139873,100.00698130871844,-0.0152042773197109,-0.0112693603085871,-0.0148978712196808,-0.1176470588235294
99.99,100.089,99.987,100.089,99.994,0.095,0.1,84,844009.0,0.1689999999999969,0.108000000000004,0.0889999999999986,99.994,100.0117,100.0046,100.01914788738542,100.0076423196953,100.00878017066997,0.1020000000000038,0.0877142857142853,0.0949999999999988,0.0,0.042494161394704,0.0367124450117298,1.157486552070473,53.649769031453246,100.00683333333336,100.00630769230769,100.00673441118354,100.01305676733188,-0.0063223561483454,-0.0097257016032459,-0.0131827682054137,-0.0666666666666666
100.0,100.048,100.0,100.048,100.089,-0.041,-0.04,26,260332.0,0.0970000000000084,0.0720000000000027,0.0490000000000065,100.0134,100.0189,100.00705,100.02876525825695,100.01498007975069,100.0125153925109,0.0889999999999986,0.0920714285714276,0.0,0.0409999999999968,0.0394588641522251,0.0370186989394632,1.065917098187388,51.5953471280436,100.01216666666666,100.00815384615385,100.01308296330916,100.01564515493696,-0.0025621916278026,-0.0104263408709152,-0.0110586528898915,-0.6904761904761905
99.99,100.006,99.99,100.0,100.048,-0.048,-0.05,27,270004.0,0.0919999999999987,-0.2759999999999962,0.0079999999999955,100.0318,99.9913,100.00745,100.01917683883798,100.01225642888691,100.011323450367,0.0580000000000069,0.0939285714285702,0.0,0.0480000000000018,0.0366403738556376,0.0378030775866445,0.969243146187186,49.219069166944536,100.01375,100.00434615384614,100.01107019972312,100.01448625457124,-0.003416054848131,-0.0108475925062852,-0.0095301332815394,0.0384615384615385
99.999,100.018,99.999,100.018,100.0,0.018,0.02,14,140822.0,-0.0100000000000051,0.0190000000000054,0.0289999999999963,100.0298,99.9932,100.0089,100.01878455922532,100.01330071454385,100.0119593122368,0.0190000000000054,0.0946428571428563,0.0180000000000006,0.0,0.035308918580235,0.035102857759027,1.005870200729026,50.14632553808547,100.01725,100.00542307692308,100.01213632284264,100.01474653201042,-0.0026102091677699,-0.0106817439679234,-0.0081461484587855,-0.4814814814814815
100.018,100.019,100.018,100.019,100.018,0.001,0.0,39,390571.0,0.0250000000000056,0.0430000000000063,-0.0189999999999912,100.0348,99.9975,100.00795,100.01885637281688,100.01433694826316,100.01262985392854,0.0010000000000047,0.0932857142857141,0.0010000000000047,0.0,0.0328582815387899,0.0325955107762394,1.008061562966582,50.20072997549617,99.99583333333334,100.00642307692308,100.01319227317455,100.01506160371336,-0.0018693305387955,-0.0095525835009119,-0.0068907848747875,1.7857142857142856
100.018,100.018,99.986,100.0,100.019,-0.019,-0.02,80,800214.0,-0.0889999999999986,0.0799999999999983,0.019999999999996,100.017,100.0055,100.00895,100.01257091521126,100.01173023039712,100.01142701069725,0.0330000000000012,0.0952857142857145,0.0,0.0190000000000054,0.0305112614288764,0.0316244028636512,0.9648011872485248,49.1042652819045,99.99591666666667,100.00680769230767,100.01116269268616,100.0139459293642,-0.0027832366780558,-0.0081247376123769,-0.0060692752354412,1.051282051282051
100.174,100.174,100.135,100.135,100.0,0.135,0.14,23,230330.0,0.0870000000000033,0.1840000000000117,0.1159999999999996,100.0344,100.0239,100.01475,100.05338061014083,100.03414291577946,100.02319586682133,0.1740000000000066,0.0862857142857151,0.1350000000000051,0.0,0.0379747427553856,0.029365516944819,1.2931746724140498,56.3923319043425,100.00916666666669,100.012,100.03021458611906,100.02291289755946,0.0073016885595933,-0.0049014362106147,-0.0033950824764343,-0.7125
100.0,100.004,99.996,99.996,100.135,-0.139,-0.14,74,740497.0,-0.0040000000000048,0.0879999999999938,-0.0040000000000048,100.0336,100.0327,100.01455,100.0342537400939,100.02720784018318,100.02060578426688,0.13900000000001,0.0736428571428585,0.0,0.13900000000001,0.0352622611300009,0.0371965514487612,0.9479981276913576,48.66524840118117,100.0155,100.01188461538462,100.0249508036392,100.02091934959208,0.0040314540471086,-0.0026038348579899,-0.0019097751717257,2.217391304347826
100.0,100.002,99.997,100.0,99.996,0.004,0.0,168,1680000.0,-0.0180000000000006,-0.0280000000000057,0.007000000000005,100.03,100.0299,100.0149,100.02283582672928,100.02226096014988,100.01864332862242,0.0060000000000002,0.0723571428571442,0.0040000000000048,0.0,0.0330292424778583,0.0345396549167068,0.9562701931304488,48.882316792866575,100.01958333333332,100.0121923076923,100.02111221846394,100.01936976814082,0.0017424503231211,-0.0007208651198974,-0.0011793300727563,1.2702702702702702
99.998,100.0,99.995,99.996,100.0,-0.004,0.0,8,75498.0,-0.0230000000000103,0.0019999999999953,0.0120000000000004,100.0254,100.0301,100.0155,100.01389055115284,100.01748624012262,100.01648682113456,0.0049999999999954,0.0687142857142869,0.0,0.0040000000000048,0.030670010872297,0.0323582509940853,0.9478265953837598,48.660727686440666,100.02691666666668,100.01246153846152,100.01724880023872,100.01763867420446,-0.0003898739657444,-6.17004329418099e-05,-0.0010214388513539,-0.9523809523809524
99.998,99.998,99.998,99.998,99.996,0.002,0.0,6,59999.0,-0.0019999999999953,-0.0909999999999939,0.0170000000000101,100.025,100.021,100.01635,100.0085937007686,100.01394328737304,100.0147261715027,0.0020000000000095,0.0666428571428596,0.0020000000000095,0.0,0.0286221529528479,0.0300469473516506,0.9525810598285472,48.78573696255109,100.02441666666668,100.01092307692306,100.01428744635584,100.01618395759672,-0.0018965112408864,1.226405449333217e-05,-0.0011964533292604,-0.25
99.998,99.998,99.994,99.996,99.998,-0.002,0.0,3,29999.0,-0.13900000000001,-0.0520000000000067,0.019999999999996,99.9972,100.0158,100.01735,100.0043958005124,100.01068087148704,100.01294272659769,0.0040000000000048,0.0562857142857181,0.0,0.0020000000000095,0.0265777134562159,0.0280435939693905,0.9477285074525532,48.65814223215809,100.02458333333334,100.01153846153846,100.01147399307033,100.0146888496266,-0.0032148565562692,3.4619420255744946e-05,-0.0016001339746622,-0.5
100.004,100.01,100.004,100.01,99.996,0.014,0.01,2,20001.0,0.01400000000001,0.0100000000000051,-0.2659999999999911,100.0,100.0168,100.00405,100.00626386700829,100.0105570766712,100.01266246692173,0.01400000000001,0.048642857142862,0.01400000000001,0.0,0.0256793053522012,0.0260404801144341,0.9861302571747644,49.650835015097016,100.018,100.01119230769233,100.01124722490566,100.01434152743202,-0.0030943025263638,-1.916873069913233e-05,-0.0018989676850025,-0.3333333333333333
100.002,100.002,99.992,99.998,100.01,-0.012,-0.01,3,29999.0,-0.0019999999999953,-0.019999999999996,-0.0009999999999905,99.9996,100.0148,100.004,100.0035092446722,100.00827397182188,100.0112660415006,0.0180000000000006,0.0474285714285755,0.0,0.0120000000000004,0.0238450692556154,0.0250375886776888,0.952370835809118,48.78022240146957,100.01383333333332,100.01111538461538,100.0092091903048,100.01313104391856,-0.0039218536137468,-0.0002472268501381,-0.0023035448707514,0.5
99.985,99.989,99.985,99.988,99.998,-0.01,-0.01,178,1779760.0,-0.0079999999999955,-0.0310000000000059,0.0120000000000004,99.998,100.0117,100.0046,99.99833949644812,100.00458779512698,100.00905022802436,0.0130000000000052,0.0410714285714328,0.0,0.0100000000000051,0.0221418500230714,0.0239634752007114,0.9239832635966808,48.02449590280703,100.01283333333332,100.01092307692308,100.0059462379502,100.01126948510978,-0.0053232471595663,-0.0005294502369726,-0.0029074853285143,58.333333333333336
99.98,99.989,99.98,99.989,99.988,0.001,0.0,247,2469646.0,-0.0090000000000003,-0.0109999999999956,0.0690000000000026,99.9962,100.0106,100.00805,99.99522633096542,100.00175365055844,100.00714068249822,0.0090000000000003,0.0353571428571472,0.0010000000000047,0.0,0.0206317178785667,0.0222517984006606,0.9271932770141488,48.11106846795739,100.01041666666669,100.0111153846154,100.0033391244194,100.00961989362015,-0.0062807692007424,-0.0020386122103433,-0.00358214210296,0.3876404494382022
99.98,99.988,99.951,99.986,99.989,-0.003,0.0,51,509908.0,-0.0099999999999909,-0.1490000000000009,0.0350000000000108,99.9942,99.9957,100.0098,99.99215088731027,99.9988893504569,100.00512728416504,0.0380000000000109,0.033928571428576,0.0,0.0030000000000001,0.0191580237443833,0.0208766699434705,0.9176762288362598,47.85355395436855,100.00766666666664,100.01130769230768,100.00067156681642,100.00787027187052,-0.007198705054094,-0.0032864076660325,-0.0043054546931868,-0.7935222672064777
100.09,100.09,100.006,100.06,99.986,0.074,0.07,35,349737.0,0.0499999999999971,0.0640000000000071,0.152000000000001,100.0042,100.0021,100.0174,100.01476725820686,100.01000037764656,100.0103532571017,0.1039999999999992,0.0400000000000042,0.073999999999998,0.0,0.0230753077626415,0.0193854792332226,1.190339814921639,54.34498367844464,100.01266666666665,100.01453846153844,100.00979901807544,100.01173173321344,-0.0019327151379968,-0.0036947593839345,-0.0038309067821488,-0.3137254901960784
99.98,99.997,99.98,99.996,100.06,-0.064,-0.06,14,139986.0,-0.0020000000000095,-0.0040000000000048,-0.0320000000000106,100.0038,100.0017,100.0158,100.00851150547123,100.00745485443808,100.00898628023486,0.0799999999999983,0.0456428571428609,0.0,0.0640000000000071,0.0214270714938814,0.0225722307165644,0.949266900685956,48.69866206376893,100.00108333333333,100.00376923076922,100.00767609221768,100.01056641964207,-0.0028903274243958,-0.0039725875460068,-0.0036427909105982,-0.6
99.994,100.0,99.994,100.0,99.996,0.004,0.0,3,29999.0,0.0120000000000004,0.0040000000000048,0.0060000000000002,100.0062,100.0021,100.0161,100.00567433698085,100.00609942635845,100.00813044402202,0.0060000000000002,0.0437142857142894,0.0040000000000048,0.0,0.0201822806728902,0.0209599285225241,0.9628983539329268,49.05492696571029,100.00141666666669,100.0038076923077,100.00649515495344,100.0097837218908,-0.0032885669373854,-0.0041272604011734,-0.0035719461159556,-0.7857142857142857
100.003,100.003,99.993,100.001,100.0,0.001,0.0,4,36300.0,0.0120000000000004,0.0030000000000001,-0.0879999999999938,100.0086,100.0024,100.0117,100.0041162246539,100.00517225792962,100.00745135411516,0.0100000000000051,0.0320000000000035,0.0010000000000047,0.0,0.0188121177676841,0.0194627907709152,0.9665683605763548,49.150000577303935,100.0015,100.00476923076924,100.00564974649906,100.00913307582483,-0.0034833293257747,-0.0041570907088962,-0.0035542227579194,0.3333333333333332
99.993,99.994,99.993,99.994,100.001,-0.007,-0.01,2,20499.0,0.0079999999999955,-0.0019999999999953,-0.054000000000002,100.0102,100.0022,100.009,100.00074414976928,100.00314093830605,100.00617027277086,0.0080000000000097,0.0226428571428607,0.0,0.007000000000005,0.0174683950699924,0.0185725914301359,0.9405469955930954,48.46813799042435,100.00133333333332,100.00761538461538,100.0038574778069,100.00801210724522,-0.0041546294383181,-0.0042749048102245,-0.0036743040939992,-0.5
100.001,100.001,99.986,99.991,99.994,-0.003,0.0,10,99993.0,-0.0690000000000026,-0.0190000000000054,-0.0090000000000003,99.9964,100.0003,100.00855,99.9974960998462,100.00093349497767,100.00472548488791,0.0150000000000005,0.0232857142857178,0.0,0.0030000000000001,0.0162206525649929,0.0174602634708405,0.929003883136256,48.15977257784688,100.00075,100.00915384615384,100.00187940429814,100.006751951153,-0.0048725468548553,-0.0043805373925699,-0.0039139526461704,4.0
99.981,99.981,99.981,99.981,99.991,-0.01,-0.01,0,100.0,-0.0150000000000005,-0.0170000000000101,-0.0370000000000061,99.9934,99.9986,100.0067,99.99199739989749,99.99730922316354,100.00246591489858,0.0100000000000051,0.0236428571428614,0.0,0.0100000000000051,0.0150620345246363,0.016927387508638,0.8898026654703934,47.08442218483757,99.9995,100.01196153846156,99.99866718825228,100.00484439921571,-0.0061772109634574,-0.0044754222596689,-0.0043666043096278,-1.0
99.981,99.997,99.981,99.997,99.981,0.016,0.02,2,19998.0,-0.0030000000000001,0.0090000000000003,-0.0220000000000055,99.9928,99.9995,100.0056,99.993664933265,99.99725300077016,100.0019453515749,0.0160000000000053,0.0246428571428611,0.0160000000000053,0.0,0.0151290320585912,0.0157182884008781,0.9625114180845572,49.04488245087429,99.99841666666669,100.01076923076924,99.99841069775192,100.00426333260717,-0.0058526348552305,-0.0044278517768342,-0.0046638104187484,inf
100.023,100.026,99.969,99.969,99.997,-0.028,-0.03,4,40210.0,-0.0320000000000106,-0.0200000000000102,-0.0310000000000059,99.9864,99.9975,100.00405,99.98544328884331,99.99211609153922,99.99880769904397,0.0570000000000021,0.0284285714285752,0.0,0.0280000000000057,0.014048386911549,0.0165955535151015,0.8465151161583941,45.84393102177995,99.996,100.0098076923077,99.99388597502086,100.00165123389552,-0.0077652588746559,-0.0044908022013411,-0.0052841001099299,1.0
99.973,99.973,99.973,99.973,99.969,0.004,0.0,1,9997.0,-0.0210000000000007,-0.0130000000000052,-0.1620000000000061,99.9822,99.9962,99.99595,99.98129552589556,99.98864043853207,99.99634982294452,0.0040000000000048,0.0277142857142891,0.0040000000000048,0.0,0.0133306449892958,0.0154101568354514,0.8650557636524769,46.38230022454525,99.99475,100.00534615384616,99.99067274809455,99.99952892027363,-0.0088561721790654,-0.0052600752059043,-0.005998514523757,-0.75
99.9,99.966,99.9,99.964,99.973,-0.009,-0.01,21,209825.0,-0.027000000000001,-0.0960000000000036,-0.0319999999999964,99.9768,99.9866,99.99435,99.97553035059704,99.98416035879896,99.993268887426,0.0729999999999932,0.03164285714286,0.0,0.0090000000000003,0.012378456061489,0.014952288490062,0.8278636457366564,45.2913239818288,99.99266666666664,100.00211538461538,99.98656924838772,99.9968971484015,-0.0103279000137916,-0.0060864721602816,-0.0068643916217639,20.0
99.964,100.019,99.933,100.0,99.964,0.036,0.04,13,131201.0,0.0190000000000054,0.0040000000000048,0.0,99.9806,99.987,99.99435,99.98368690039804,99.9870402935628,99.99390994576638,0.0859999999999985,0.0368571428571452,0.0360000000000013,0.0,0.0140657091999542,0.013884267883629,1.0130681227015987,50.32458222735306,99.99383333333331,100.00211538461538,99.98863551786653,99.99712698926064,-0.008491471394123,-0.0066645726554747,-0.0071898075762357,-0.3809523809523809
99.967,99.995,99.967,99.995,100.0,-0.005,-0.01,18,180284.0,-0.0019999999999953,-0.0049999999999954,-0.0009999999999905,99.9802,99.9865,99.9943,99.98745793359868,99.988487512915,99.99401376045527,0.0330000000000012,0.038571428571431,0.0,0.0049999999999954,0.0130610156856717,0.0132496773205123,0.9857610392859492,49.64147345948607,99.98841666666668,100.00123076923076,99.98961466896398,99.9969694345006,-0.0073547655366326,-0.0070947322344589,-0.0072227991683151,0.3846153846153846
100.008,100.008,99.813,99.991,99.995,-0.004,0.0,18,180283.0,0.0220000000000055,-0.0100000000000051,-0.007000000000005,99.9846,99.9855,99.99395,99.98863862239914,99.98894432874864,99.99372673565,0.1949999999999931,0.0497857142857154,0.0,0.0040000000000048,0.012128085993838,0.0125889860833332,0.9633886250692256,49.06764828767704,99.988,100.00015384615384,99.98982779681567,99.99652725416723,-0.0066994573515444,-0.007377490891484,-0.007118130804961,0.0
99.991,100.01,99.991,100.01,99.991,0.019,0.02,2,20501.0,0.0370000000000061,0.0160000000000053,0.01400000000001,99.992,99.9871,99.99465,99.99575908159945,99.99277263261251,99.99527657035,0.0190000000000054,0.0437142857142873,0.0190000000000054,0.0,0.0126189369942785,0.0116897727916666,1.0794852234659646,51.91117548153295,99.98883333333332,100.00053846153848,99.9929312126902,99.99752523534002,-0.004594022649826,-0.0073465437575919,-0.006613309173934,-0.8888888888888888
99.972,99.972,99.972,99.972,100.01,-0.038,-0.04,15,149958.0,0.0079999999999955,-0.0190000000000054,-0.0380000000000109,99.9936,99.9852,99.99275,99.98783938773296,99.98899579031934,99.9930597541262,0.0380000000000109,0.0407142857142882,0.0,0.0380000000000109,0.0117175843518301,0.0135690747351197,0.8635507269705287,46.33899761743301,99.98641666666668,99.99426923076923,99.98971102612248,99.99563447716667,-0.0059234510442109,-0.0073183482110089,-0.0064753375479894,6.5
99.98,99.995,99.98,99.994,99.972,0.022,0.02,16,164384.0,-0.0060000000000002,0.0130000000000052,-0.0040000000000048,99.9924,99.9865,99.99255,99.98989292515532,99.98990564662492,99.99314930135228,0.0230000000000103,0.0419285714285747,0.0220000000000055,0.0,0.012452042612414,0.0125998551111826,0.9882687144047088,49.70498742171267,99.98641666666668,99.9941923076923,99.99037086825749,99.99551340478398,-0.0051425365264918,-0.0072394483967046,-0.0062087773436898,0.0666666666666666
99.953,99.953,99.953,99.953,99.994,-0.041,-0.04,0,100.0,-0.0420000000000015,-0.0439999999999969,-0.0349999999999965,99.984,99.9821,99.9908,99.97759528343688,99.98319552905674,99.98932555836636,0.0409999999999968,0.0441428571428598,0.0,0.0409999999999968,0.0115626109972416,0.014628436888955,0.7904201306683536,44.14718741870347,99.98325,99.9923846153846,99.98462150391018,99.99236426368888,-0.0077427597786936,-0.0072369484971533,-0.0065155738306906,-1.0
99.995,99.997,99.994,99.995,99.953,0.042,0.04,10,99996.0,0.0040000000000048,0.0260000000000104,0.0060000000000002,99.9848,99.9847,99.9911,99.9833968556246,99.98534179650098,99.98986598137908,0.0439999999999969,0.0467142857142874,0.0420000000000015,0.0,0.0137367102117245,0.013583548539744,1.0112755272697964,50.28030787221636,99.98441666666666,99.99234615384616,99.9862181956163,99.99255950341562,-0.0063413077993175,-0.0069575191216257,-0.006480720624416,inf
99.971,100.0,99.971,99.998,99.995,0.003,0.0,3,31199.0,-0.0120000000000004,0.0250000000000056,0.0120000000000004,99.9824,99.9872,99.9917,99.9882645704164,99.98764328804624,99.99064064981916,0.0289999999999963,0.0477142857142871,0.0030000000000001,0.0,0.0129698023394584,0.0126132950726194,1.0282644039314457,50.69676329862763,99.9845,99.99234615384616,99.98803078090612,99.99296250316262,-0.0049317222565008,-0.0063579438152601,-0.0061709209508329,-0.7
99.978,99.999,99.978,99.988,99.998,-0.01,-0.01,14,139977.0,0.0160000000000053,0.0240000000000009,-0.0720000000000027,99.9856,99.9896,99.9881,99.98817638027762,99.9877081447651,99.9903891593602,0.0210000000000007,0.0485000000000011,0.0,0.0100000000000051,0.01204338788664,0.0124266311388612,0.969159521358708,49.21691263945918,99.98608333333334,99.99203846153848,99.9880260453821,99.99259491033575,-0.0045688649536685,-0.0059220986552096,-0.0058505097514001,3.666666666666667
99.997,99.997,99.997,99.997,99.988,0.009,0.01,1,10000.0,0.0030000000000001,-0.0030000000000001,0.0010000000000047,99.9862,99.9893,99.98815,99.99111758685174,99.98939757298962,99.99101876323066,0.0090000000000003,0.0480000000000008,0.0090000000000003,0.0,0.0118260030375943,0.0115390146289426,1.0248711365641108,50.61414121903859,99.98808333333334,99.99153846153844,99.98940665378484,99.99292121327386,-0.0035145594890053,-0.0054954090943621,-0.0053833196989211,-0.9285714285714286
99.965,100.002,99.965,100.002,99.997,0.005,0.01,3,32599.0,0.0489999999999923,0.0069999999999907,0.0019999999999953,99.996,99.99,99.98825,99.99474505790116,99.99168892335511,99.99206459530392,0.0369999999999919,0.0465714285714286,0.0049999999999954,0.0,0.0113384313920515,0.0107147992983038,1.058202872157055,51.413924568476986,99.99125000000002,99.99169230769232,99.9913440916641,99.99359371599432,-0.0022496243302185,-0.0050009832031037,-0.0047565806251806,2.0
99.978,99.978,99.978,99.978,100.002,-0.024,-0.02,1,9998.0,-0.0170000000000101,-0.0130000000000052,-0.0230000000000103,99.9926,99.9887,99.9871,99.98916337193413,99.98920002819963,99.99072511003688,0.0240000000000009,0.0479999999999997,0.0,0.0240000000000009,0.0105285434354764,0.0116637422055679,0.902672851467037,47.44235724870096,99.98941666666668,99.99130769230769,99.989291154485,99.99243862592068,-0.0031474714356676,-0.0048402552904194,-0.004434758787278,-0.6666666666666667
99.975,99.975,99.975,99.975,99.978,-0.003,0.0,3,27493.0,-0.0230000000000103,-0.0350000000000108,-0.0190000000000054,99.988,99.9852,99.98615,99.98444224795608,99.9866182048906,99.98922748050956,0.0030000000000001,0.0430000000000002,0.0,0.0030000000000001,0.0097765046186566,0.0110449034765988,0.8851598060019706,46.954099232531874,99.98775,99.99076923076922,99.98709251533346,99.99114687585246,-0.0040543605190066,-0.0046325785653967,-0.0043586791336237,2.0
99.981,99.991,99.98,99.991,99.975,0.016,0.02,3,29995.0,0.0030000000000001,0.0190000000000054,0.0,99.9886,99.9871,99.98615,99.98662816530404,99.98741489491049,99.9893962918896,0.0160000000000053,0.0380000000000007,0.0160000000000053,0.0,0.0102210400030387,0.0102559817996988,0.9965930325011711,49.91468047209999,99.98775,99.99096153846152,99.98769366682065,99.9911359961597,-0.0034423293390659,-0.0044436666556827,-0.0041754091747122,0.0
99.979,99.979,99.979,99.979,99.991,-0.012,-0.01,2,19996.0,-0.0180000000000006,-0.0150000000000005,-0.0019999999999953,99.985,99.9856,99.98605,99.98408544353605,99.98588491401766,99.9884061688525,0.0120000000000004,0.0365000000000007,0.0,0.0120000000000004,0.0094909657171074,0.0103805545282918,0.9143023805944168,47.761648831597526,99.98516666666669,99.98784615384616,99.98635617961746,99.9902370334812,-0.0038808538637482,-0.0040145659984666,-0.0041164981125194,-0.3333333333333333
100.049,100.049,100.045,100.048,99.979,0.069,0.07,25,247619.0,0.0460000000000064,0.0949999999999988,0.0510000000000019,99.9942,99.9951,99.9886,100.0053902956907,99.99717856601444,99.99408177181894,0.0700000000000073,0.0275714285714302,0.0690000000000026,0.0,0.0137416110230284,0.0096390863476995,1.4256134375544824,58.77331546249158,99.99150000000002,99.98984615384614,99.9958398442917,99.99451577174185,0.0013240725498491,-0.0031628570707814,-0.0030283839800457,11.5
99.95,100.034,99.95,100.034,100.048,-0.014,-0.01,4,36700.0,0.0560000000000115,0.0390000000000014,0.0650000000000119,100.0054,99.999,99.99185,100.01492686379382,100.00387337219362,99.9978835078362,0.0979999999999989,0.0332142857142869,0.0,0.0139999999999957,0.0127600673785264,0.0099505801800064,1.2823440591097444,56.18539650020769,99.99483333333332,99.99115384615384,100.0017106374776,99.9974405293906,0.0042701080869989,-0.0021404314770592,-0.0015686855666367,-0.84
100.048,100.179,100.048,100.179,100.034,0.145,0.14,54,540495.0,0.2040000000000077,0.1809999999999973,0.206000000000003,100.0462,100.0171,100.00215,100.06961790919588,100.03571457724932,100.01513269756607,0.144999999999996,0.040857142857143,0.144999999999996,0.0,0.0222057768514885,0.0092398244528631,2.4032682617263004,70.61648030376682,100.01366666666668,99.998,100.0289859240195,100.01088937906536,0.0180965449541332,0.0003779474015854,0.0023643605375172,12.5
99.953,100.05,99.953,99.971,100.179,-0.208,-0.21,5,49998.0,-0.019999999999996,-0.0169999999999959,0.007000000000005,100.0422,100.0154,100.0025,100.03674527279726,100.02394829047672,100.01092958351218,0.2259999999999991,0.0553571428571422,0.0,0.2079999999999984,0.020619649933525,0.023436979849087,0.879791255797332,46.80260391062197,100.01166666666668,99.9971153846154,100.02006501263187,100.0079346102457,0.0121304023861767,0.0021162764988278,0.0043175689072491,-0.9074074074074074
99.972,100.049,99.972,100.049,99.971,0.078,0.08,67,672702.0,0.0700000000000073,0.0520000000000067,0.0490000000000065,100.0562,100.0206,100.00495,100.04083018186483,100.02850314675366,100.0145553374634,0.0780000000000029,0.0579999999999998,0.0780000000000029,0.0,0.0247182463668449,0.0217629098598665,1.135796937358471,53.17906948416228,100.01591666666668,99.99934615384616,100.02451654915004,100.01097649096825,0.0135400581818174,0.0038706856668318,0.0061620667621628,12.4
100.089,100.089,99.98,100.0,100.049,-0.049,-0.05,19,190071.0,-0.0480000000000018,-0.0019999999999953,0.0049999999999954,100.0466,100.0204,100.0052,100.02722012124325,100.0233207564348,100.01316911484784,0.1089999999999946,0.0626428571428568,0.0,0.0490000000000065,0.0229526573406417,0.023708416298448,0.9681227565649017,49.19016119983451,100.01691666666666,100.00007692307692,100.02074477235772,100.01016341756318,0.010581354794553,0.005396110803523,0.0070459243686408,-0.7164179104477613
99.998,100.0,99.998,100.0,100.0,0.0,0.0,15,151399.0,-0.034000000000006,0.0220000000000055,0.0090000000000003,100.0398,100.0226,100.00565,100.01814674749548,100.0190806189012,100.01191491343376,0.0019999999999953,0.0607142857142853,0.0,-0.0,0.0213131818163101,0.022014957991416,0.9681227565649017,49.190161199834506,100.01716666666668,100.00019230769232,100.01755326891808,100.00941057181775,0.0081426971003253,0.0067513394278932,0.0072652789149777,-0.2105263157894736
100.0,100.0,99.971,100.0,100.0,0.0,0.0,15,145288.0,-0.179000000000002,0.0250000000000056,-0.0100000000000051,100.004,100.0251,100.00515,100.01209783166368,100.01561141546463,100.0107801597734,0.0289999999999963,0.0612857142857135,0.0,-0.0,0.0197908116865737,0.0204424609920291,0.9681227565649017,49.190161199834506,100.017,100.00138461538462,100.0148527660076,100.00871349242384,0.0061392735837699,0.007815961974875,0.0070400778487361,0.0
100.001,100.001,100.001,100.001,100.0,0.001,0.0,10,100001.0,0.0300000000000011,0.0100000000000051,0.0290000000000105,100.01,100.0261,100.0066,100.00839855444246,100.01295479447106,100.00984871598544,0.0010000000000047,0.0607142857142853,0.0010000000000047,0.0,0.0184486108518188,0.0189822852068842,0.9718856634357248,49.28712051906472,100.01891666666668,100.00246153846152,100.0127215712372,100.00814212261469,0.0045794486225361,0.0087559955844622,0.0065479520034961,-0.3333333333333333
100.001,100.005,100.001,100.005,100.001,0.004,0.0,10,100003.0,-0.0440000000000111,0.0259999999999962,0.0109999999999956,100.0012,100.0287,100.00715,100.00726570296165,100.0115084682036,100.00938693351064,0.0039999999999906,0.0583571428571423,0.0039999999999906,0.0,0.0174165672195453,0.0176264076921067,0.9880951084176178,49.70059552151261,100.02141666666664,100.00403846153846,100.01153363720071,100.00790937279136,0.0036242644093675,0.009011572457742,0.0059632144846704,0.0
99.978,100.09,99.978,100.09,100.005,0.085,0.08,1,10109.0,0.0900000000000034,0.0420000000000015,0.1370000000000004,100.0192,100.0329,100.014,100.03484380197445,100.02577965580294,100.01706436841438,0.1120000000000089,0.0646428571428572,0.0850000000000079,0.0,0.0222439552752927,0.016367378571242,1.3590420224272215,57.60991154489487,100.02966666666669,100.0075,100.02360538532368,100.013990159992,0.0096152253316859,0.0096054743738183,0.0066936166540735,-0.9
99.992,99.992,99.984,99.985,100.09,-0.105,-0.1,4,43194.0,-0.0150000000000005,-0.0490000000000065,-0.0100000000000051,100.0162,100.028,100.0135,100.0182292013163,100.01836517292966,100.01401061904158,0.1060000000000087,0.0720000000000007,0.0,0.1050000000000039,0.0206551013270575,0.0226982801018678,0.9099853043648792,47.64357622465968,100.03016666666666,100.0071153846154,100.0176660952739,100.01184274073331,0.005823354540567,0.0082417865500888,0.0065195642313722,3.0
99.985,100.086,99.982,100.086,99.985,0.101,0.1,14,140069.0,0.0859999999999985,-0.0930000000000035,0.0879999999999938,100.0334,100.0187,100.0179,100.0408194675442,100.03066241421516,100.02086675056142,0.1039999999999992,0.0782857142857145,0.100999999999999,0.0,0.026394022660839,0.0210769743803058,1.252268099993583,55.600312413835226,100.03333333333332,100.01076923076924,100.0281790036933,100.01733587104938,0.0108431326439131,0.0080987565787261,0.0073842779138804,2.5
100.085,100.085,100.085,100.085,100.086,-0.001,0.0,1,10009.0,0.0839999999999889,0.1139999999999901,0.0969999999999942,100.0502,100.0301,100.02275,100.05554631169616,100.04054197526696,100.02697467907936,0.0010000000000047,0.0775000000000005,0.0,0.0010000000000047,0.0245087353279219,0.0196429047817129,1.2477144088556094,55.51036216789058,100.03758333333332,100.01365384615384,100.03692069543278,100.02234802874943,0.0145726666833496,0.0082134908566741,0.0088219556677742,-0.9285714285714286
99.995,99.995,99.995,99.995,100.085,-0.09,-0.09,2,19999.0,-0.0099999999999909,-0.054000000000002,-0.0019999999999953,100.0482,100.0247,100.02265,100.03536420779744,100.03226161612751,100.023929471548,0.0899999999999892,0.0789285714285707,0.0,0.0899999999999892,0.0227581113759275,0.0246684115830183,0.9225608750420772,47.98604231566327,100.02225,100.01453846153844,100.03047135767387,100.02032224884208,0.0101491088318113,0.0081654635274806,0.0090873863005816,1.0
99.993,99.993,99.993,99.993,99.995,-0.002,0.0,1,10099.0,-0.0970000000000084,-0.007000000000005,-0.0090000000000003,100.0288,100.024,100.0222,100.02124280519833,100.02512314046795,100.02098380759104,0.0020000000000095,0.0720714285714285,0.0,0.0020000000000095,0.0211325319919327,0.0230492393270891,0.916842924490623,47.83088445988669,100.02408333333334,100.0145,100.02470653341636,100.01829837855747,0.0064081548588887,0.0079727366117655,0.0085515400122431,-0.5
100.001,100.014,100.001,100.014,99.993,0.021,0.02,29,289417.0,0.0289999999999963,0.0139999999999957,0.0360000000000013,100.0346,100.0254,100.024,100.01882853679888,100.02310075129196,100.02031868305856,0.0210000000000007,0.063214285714286,0.0210000000000007,0.0,0.0211230654210804,0.0214028650894399,0.9869269993904898,49.67102463720306,100.02116666666666,100.01684615384616,100.02305937442924,100.0179799801458,0.0050793942834275,0.0078549722450607,0.0078571108664799,28.0
99.976,99.983,99.971,99.983,100.014,-0.031,-0.03,15,152067.0,-0.1029999999999944,-0.0169999999999959,0.0080000000000097,100.014,100.0237,100.0244,100.00688569119929,100.0158097056025,100.01676452276728,0.0429999999999921,0.050142857142857,0.0,0.0309999999999917,0.0196142750338604,0.0220883747259079,0.8879908674699548,47.03364209912346,100.01975,100.0163846153846,100.0168963937478,100.01538887050538,0.0015075232424379,0.0075136472028276,0.0065871933416715,-0.4827586206896551
99.976,99.995,99.976,99.995,99.983,0.012,0.01,22,218173.0,-0.0899999999999892,-0.0060000000000002,0.0040000000000048,99.996,100.0231,100.0246,100.00292379413284,100.01202612276568,100.01469171107516,0.0190000000000054,0.0459285714285714,0.0120000000000004,0.0,0.0190703982457275,0.0205106336740573,0.9297810369383432,48.18064946961388,100.01933333333334,100.01626923076924,100.0135277177866,100.01387858380129,-0.0003508660146849,0.0070719660445995,0.0051995814704002,0.4666666666666665
99.995,100.048,99.995,100.048,99.995,0.053,0.05,6,60002.0,0.0529999999999972,0.0430000000000063,0.0690000000000026,100.0066,100.0274,100.02805,100.01794919608858,100.01856682771738,100.017863929068,0.0529999999999972,0.0419285714285716,0.0529999999999972,0.0,0.0214939412281753,0.0190455884116247,1.12855222761489,53.01971043855797,100.02333333333333,100.0185769230769,100.01883114581943,100.01640609611228,0.002425049707142,0.0062730576418725,0.0046446751177486,-0.7272727272727273
99.995,100.037,99.995,100.037,100.048,-0.011,-0.01,22,220077.0,0.0440000000000111,-0.0529999999999972,-0.0109999999999956,100.0154,100.0221,100.0275,100.02429946405906,100.02191831358697,100.0196864120139,0.0529999999999972,0.0455714285714289,0.0,0.0109999999999956,0.0199586597118771,0.0184709035250797,1.0805459345709485,51.93569229192622,100.02633333333334,100.0201153846154,100.0216263541549,100.01793157047436,0.003694783680558,0.0060365497685381,0.0044546968303105,2.6666666666666665
99.999,99.999,99.993,99.993,100.037,-0.044,-0.04,4,39999.0,-0.0210000000000007,0.0079999999999955,-0.041000000000011,100.0112,100.0229,100.02545,100.0138663093727,100.01666043838932,100.01714484896496,0.0440000000000111,0.0466428571428585,0.0,0.0440000000000111,0.0185330411610287,0.0202944104161463,0.9132091438479945,47.73179904478595,100.02533333333334,100.01976923076924,100.01722229966954,100.01608478747625,0.0011375121932957,0.0049581474962473,0.0037912599029075,-0.8181818181818181
99.993,99.993,99.972,99.993,99.993,0.0,0.0,39,386369.0,0.0099999999999909,-0.0930000000000035,-0.186000000000007,100.0132,100.0136,100.01615,100.00691087291514,100.01235854050032,100.01484533953972,0.0210000000000007,0.0480714285714297,0.0,-0.0,0.0172092525066695,0.0188448096721358,0.9132091438479945,47.73179904478595,100.01725,100.02034615384616,100.01349579202808,100.01437480321874,-0.000879011190662,0.0032412943991349,0.0028572056841936,8.75
99.992,99.992,99.992,99.992,99.993,-0.001,0.0,8,79994.0,-0.0030000000000001,-0.0929999999999893,0.0210000000000007,100.0126,100.0043,100.0172,100.00194058194344,100.00865698768207,100.0126695929169,0.0009999999999905,0.0478571428571439,0.0,0.0009999999999905,0.0159800201847646,0.0175701804098397,0.909496647844059,47.63017776810121,100.01783333333331,100.02100000000002,100.01018874710068,100.01271741038772,-0.0025286632870376,0.0018326530525961,0.0017800318899473,-0.7948717948717949
99.987,99.987,99.987,99.987,99.992,-0.005,-0.01,1,9999.0,-0.061000000000007,-0.0080000000000097,-0.0620000000000118,100.00039999999998,100.0035,100.0141,99.9969603879623,100.00471935355807,100.01022486978196,0.0050000000000096,0.0402142857142869,0.0,0.0050000000000096,0.0148385901715671,0.0166723103805661,0.8900140312205028,47.0903398873586,100.00958333333334,100.02084615384616,100.00662124754672,100.01081241702568,-0.0041911694789575,0.000654950348391,0.0005857916161664,-0.875
100.077,100.079,100.077,100.079,99.987,0.092,0.09,20,200156.0,0.0419999999999873,0.0859999999999985,0.0789999999999935,100.0088,100.0121,100.01805,100.0243069253082,100.0182249256384,100.01677488218368,0.0919999999999987,0.0392142857142861,0.0919999999999987,0.0,0.0203501194450265,0.0154814310676686,1.3144856800432168,56.79385668174332,100.00908333333332,100.0246923076923,100.01775644023184,100.01586334909786,0.0018930911339793,0.000300916665119,0.000847251519729,19.0
100.077,100.077,100.077,100.077,100.079,-0.002,0.0,1,10008.0,0.0840000000000031,0.0630000000000023,0.0769999999999981,100.0256,100.0184,100.0219,100.0418712835388,100.02891130279504,100.02251060768998,0.0019999999999953,0.0319285714285716,0.0,0.0019999999999953,0.0188965394846675,0.0145184717056919,1.3015515591258242,56.551049398179885,100.01591666666668,100.02580769230772,100.02687083404231,100.02039198990542,0.0064788441368932,0.0008532856533918,0.0019735700431618,-0.95
100.0,100.0,100.0,100.0,100.077,-0.077,-0.08,1,10000.0,0.007000000000005,0.0169999999999959,0.0,100.027,100.0201,100.0219,100.02791418902586,100.02365470228686,100.02036674029092,0.0769999999999981,0.0373571428571425,0.0,0.0769999999999981,0.0175467866643341,0.0189814380124281,0.9244181949147032,48.0362427126021,100.0165,100.0245,100.02273685957428,100.01888147213464,0.0038553874396143,0.0013206471483139,0.0023499335224523,0.0
100.07,100.07,100.07,100.07,100.0,0.07,0.07,2,20014.0,0.0779999999999887,0.0749999999999886,0.0689999999999884,100.0426,100.0276,100.02535,100.04194279268393,100.03208112005288,100.02509371740608,0.0699999999999931,0.0359285714285714,0.0699999999999931,0.0,0.0212934447597383,0.0176256210115403,1.2080961428704522,54.71211689632169,100.02116666666667,100.02030769230768,100.03000811194744,100.0226680297543,0.0073400821931528,0.0018667618689818,0.0033479632565924,1.0
100.069,100.092,100.069,100.092,100.07,0.022,0.02,41,408268.0,0.1050000000000039,0.0439999999999969,0.0870000000000033,100.0636,100.032,100.0297,100.05862852845596,100.04297546186145,100.0314657443198,0.0229999999999961,0.0374285714285704,0.0220000000000055,0.0,0.0213439129911859,0.0163666480821446,1.3041102175632011,56.59929840259171,100.03025,100.02496153846154,100.039545325494,100.02780373125398,0.0117415942400214,0.0027608519311444,0.0050266894532782,19.5
100.08,100.486,100.08,100.486,100.092,0.394,0.39,10,104286.0,0.4070000000000107,0.448999999999998,0.3960000000000008,100.145,100.0769,100.0495,100.20108568563732,100.12352537788664,100.07475472105124,0.4060000000000059,0.0649285714285708,0.3940000000000054,0.0,0.0479622049203873,0.0151976017905628,3.155906147650878,75.9378589296284,100.07116666666668,100.04176923076922,100.1082306600334,100.06174419560554,0.0464864644278577,0.0077996244016513,0.0133186444481941,-0.7560975609756098
100.001,100.001,100.001,100.001,100.486,-0.485,-0.48,1,10000.0,-0.0759999999999934,0.0080000000000097,0.0160000000000053,100.1298,100.0777,100.0503,100.13439045709154,100.1012480364527,100.0677304619035,0.4849999999999994,0.0964999999999999,0.0,0.4849999999999994,0.0445363331403597,0.0487549159483797,0.913473693350501,47.73902544492287,100.06725,100.04180769230769,100.09173363541288,100.05724462556068,0.0344890098521943,0.0117294045175242,0.0175527175289941,-0.9
99.996,99.996,99.996,99.996,100.001,-0.005,-0.01,0,100.0,-0.0040000000000048,0.0030000000000001,-0.0900000000000034,100.129,100.078,100.0458,100.0882603047277,100.08211202982494,100.06089898934124,0.0050000000000096,0.0955000000000002,0.0,0.0050000000000096,0.0413551664874768,0.0456295648092104,0.9063239296801094,47.54301803430622,100.06383333333332,100.04165384615384,100.0770053838109,100.05270798663024,0.0242973971806463,0.0147100779028224,0.0189016534593246,-1.0
100.975,102.888,99.818,100.062,99.996,0.066,0.07,346,3489346.0,-0.0079999999999955,0.0699999999999931,-0.0229999999999961,100.1274,100.085,100.04465,100.07950686981847,100.0784552971295,100.06100384749922,3.0700000000000074,0.3110000000000009,0.0660000000000025,0.0,0.0431155117383715,0.0423703101799811,1.01758782400282,50.43586266217464,100.06958333333334,100.04403846153846,100.0746968632246,100.0533962839169,0.0213005793077059,0.0175424944346739,0.0193814386290008,inf
100.05,100.492,99.973,99.973,100.062,-0.089,-0.09,10,100091.0,-0.1189999999999997,-0.0139999999999957,-0.0220000000000055,100.1036,100.0836,100.04355,100.044004579879,100.0592816067423,100.05262252868977,0.5190000000000055,0.3442857142857158,0.0,0.0889999999999986,0.0400358323284878,0.0457010023099824,0.8760383865747932,46.696186647557575,100.06791666666668,100.04296153846154,100.05905119195928,100.04744100362676,0.0116101883325114,0.0186221719011775,0.017827188569703,-0.9710982658959536
99.971,100.072,99.971,100.072,99.973,0.099,0.1,2,20004.0,-0.4140000000000015,-0.0069999999999907,0.0790000000000077,100.0208,100.0829,100.0475,100.053336386586,100.06159404188006,100.05446800214789,0.100999999999999,0.3483571428571435,0.0990000000000037,0.0,0.044247558590739,0.0424366450021265,1.042673344900893,51.044546476494105,100.07458333333334,100.04553846153848,100.06104331627324,100.0492601885433,0.0117831277299274,0.0192115367448479,0.0166183764017478,-0.8
100.001,100.001,100.001,100.001,100.072,-0.071,-0.07,1,10400.0,0.0,-0.0759999999999934,-0.012999999999991,100.0208,100.0753,100.04685,100.03589092439069,100.0505769433564,100.04937581146712,0.0709999999999979,0.3519285714285719,0.0,0.0709999999999979,0.0410870186914005,0.0444768846448316,0.9237836467077056,48.01910278677313,100.07575,100.04211538461536,100.05180588300044,100.04568535976232,0.0061205232381098,0.0194632185002363,0.0145188057690202,-0.5
100.248,101.688,100.239,101.688,100.001,1.687,1.69,36,360408.0,1.6920000000000073,1.6880000000000024,1.7049999999999983,100.35920000000002,100.2441,100.1321,100.5865939495938,100.3482902263825,100.20543525799408,1.6869999999999976,0.4723571428571438,1.6869999999999976,0.0,0.1586522316420145,0.0412999643130579,3.8414617126401,79.34508090006788,100.20983333333334,100.10761538461536,100.30352805484652,100.16733829607622,0.1361897587702856,0.0337798492310289,0.0388529963692733,35.0
100.009,100.022,100.009,100.022,101.688,-1.666,-1.64,0,400.0,-0.039999999999992,-0.0479999999999876,0.027000000000001,100.3512,100.2393,100.13345,100.39839596639588,100.28896473067658,100.1879652334232,1.679000000000002,0.5919285714285719,0.0,1.6659999999999968,0.1473199293818707,0.157349966862125,0.9362565008415736,48.35395002855456,100.20525000000002,100.10515384615384,100.2602160464086,100.15657249636688,0.1036435500417098,0.0439911776534387,0.0518111071037606,-1.0
100.009,100.01,99.964,100.01,100.022,-0.012,-0.01,3,30403.0,0.0370000000000061,-0.0819999999999936,-0.0379999999999967,100.3586,100.2311,100.13155,100.26893064426392,100.23824387055356,100.17101616357336,0.0580000000000069,0.589500000000001,0.0,0.0120000000000004,0.1367970772831656,0.1469678263719732,0.930796084150652,48.20789164590132,100.20608333333335,100.10226923076924,100.22172127003805,100.14571527441376,0.0760059956242571,0.0472711255641497,0.0566500848078599,inf
99.981,100.01,99.981,100.01,100.01,0.0,0.0,6,59992.0,-0.0619999999999976,-0.4759999999999991,-0.027000000000001,100.3462,100.1835,100.1302,100.18262042950929,100.19674498499836,100.1556812908521,0.0290000000000105,0.5914285714285735,0.0,-0.0,0.1270258574772252,0.1364701244882608,0.9307960841506522,48.20789164590133,100.20108333333332,100.10284615384616,100.18914876695526,100.13566229112386,0.0534864758313915,0.0493819551173939,0.0560173630125662,1.0
100.0,100.391,100.0,100.391,100.01,0.381,0.38,18,180665.0,0.3900000000000005,0.3900000000000005,0.3980000000000103,100.4242,100.2225,100.1501,100.25208028633952,100.232064078635,100.17809259648524,0.3910000000000053,0.6138571428571454,0.3810000000000002,0.0,0.1451668676574234,0.1267222584533851,1.145551455830652,53.39193579895528,100.226,100.11815384615385,100.2202028028083,100.15457619548506,0.0656266073232387,0.0539740895776819,0.0579392118747007,2.0
99.968,100.476,99.967,99.976,100.391,-0.415,-0.41,13,130012.0,-1.7120000000000033,-0.019999999999996,-0.0169999999999959,100.0818,100.2205,100.14925,100.16005352422636,100.18550697342864,100.15884568253426,0.5090000000000003,0.6452142857142888,0.0,0.4150000000000062,0.1347978056818932,0.1473135257067152,0.9150402519742864,47.78177644208456,100.1835,100.11669230769232,100.1826331408378,100.14134832915283,0.0412848116849602,0.0561945598418213,0.0546083318367526,-0.2777777777777778
100.476,102.555,100.007,100.007,99.976,0.031,0.03,251,2532650.0,-0.0150000000000005,-0.0549999999999926,0.0150000000000005,100.0788,100.215,100.15,100.1090356828176,100.15305116007796,100.14438418895958,2.579000000000008,0.8277857142857182,0.0310000000000059,0.0,0.1273836767046155,0.1367911310133784,0.93122760050984,48.21946415140287,100.184,100.1176153846154,100.15561265763198,100.13139660106744,0.0242160565645406,0.0575952118676023,0.0485298767823102,18.307692307692307
100.007,100.653,100.007,100.014,100.007,0.007,0.01,7,70072.0,0.0039999999999906,0.0409999999999968,0.027000000000001,100.0796,100.2191,100.15135,100.0773571218784,100.12776913097288,100.1319666471539,0.6460000000000008,0.844928571428575,0.0069999999999907,0.0,0.1187848426542852,0.1270203359409942,0.9351639780693484,48.324792558526845,100.1855,100.11834615384616,100.13382609491936,100.12270055654392,0.0111255383754524,0.0575221463837717,0.0410490091009387,-0.9721115537848606
100.04,100.535,100.04,100.535,100.014,0.521,0.52,18,178913.0,0.5249999999999915,0.4629999999999938,0.456000000000003,100.1846,100.2654,100.17415,100.22990474791894,100.2018111071596,100.17035077599638,0.5210000000000008,0.8475000000000037,0.5210000000000008,0.0,0.1475144967504077,0.1179474548023518,1.250679779378049,55.56897924073681,100.22491666666669,100.13707692307692,100.19554515723948,100.15324125605918,0.0423039011802899,0.0615425217106806,0.0412999875168089,1.5714285714285716
100.015,100.015,100.015,100.015,100.535,-0.52,-0.52,1,10002.0,-0.3760000000000048,0.0139999999999957,-0.0619999999999976,100.1094,100.2668,100.17105,100.15826983194596,100.1678454513124,100.15555546399672,0.519999999999996,0.884285714285717,0.0,0.519999999999996,0.1369777469825215,0.1466654937450406,0.9339466529232834,48.29226553439639,100.22841666666666,100.13623076923076,100.16776897920263,100.14300116301776,0.0247678161848767,0.0491623058678574,0.0379935532504225,-0.9444444444444444
100.456,100.533,100.008,100.008,100.015,-0.007,-0.01,152,1523339.0,0.0319999999999964,-1.6800000000000068,0.0079999999999955,100.1158,100.0988,100.17145,100.10817988796398,100.13878264198286,100.1415025626637,0.5250000000000057,0.7025000000000026,0.0,0.007000000000005,0.1271936221980557,0.1366893870489667,0.930530342875052,48.200762360940416,100.22308333333332,100.13680769230768,100.14318913624838,100.1330010768683,0.0101880593800842,0.0387783624610102,0.0324324544763548,151.0
99.995,100.007,99.99,100.007,100.008,-0.001,0.0,10,99993.0,0.0,-0.0150000000000005,-0.0629999999999881,100.1158,100.0973,100.1683,100.07445325864266,100.11482216162231,100.12869279479098,0.0180000000000006,0.6667142857142879,0.0,0.0009999999999905,0.1181083634696231,0.1269972879740398,0.9300069738006238,48.18671571788303,100.22358333333334,100.13734615384617,100.12223696144092,100.12366766376694,-0.0014307023260045,0.0301742849109811,0.025659823115883,-0.9342105263157896
100.089,100.37,100.015,100.015,100.007,0.008,0.01,92,923216.0,0.0010000000000047,0.0049999999999954,-0.0769999999999981,100.116,100.0978,100.16445,100.05463550576178,100.096672677691,100.1178649095728,0.3629999999999995,0.6854285714285737,0.0079999999999955,0.0,0.1102434803646497,0.1179260531187512,0.9348526254298938,48.31647708683674,100.08416666666666,100.13823076923076,100.1057389673731,100.11561820719162,-0.0098792398185167,0.023133649838769,0.018552010529003,8.2
100.007,100.051,99.954,100.051,100.015,0.036,0.04,23,230219.0,-0.4839999999999946,0.0409999999999968,-0.4350000000000023,100.0192,100.1019,100.1427,100.05342367050788,100.08836855447444,100.1114968229468,0.0970000000000084,0.6872857142857173,0.0360000000000013,0.0,0.1049403746243177,0.109502763610269,0.958335398710216,48.93622406771525,100.08658333333334,100.1406923076923,100.09731758777724,100.11083167332558,-0.0135140855483371,0.0143402395197051,0.012138791313535,-0.75
99.98,99.999,99.98,99.999,100.051,-0.052,-0.05,2,20498.0,-0.0160000000000053,-0.3920000000000101,-0.0020000000000095,100.016,100.0627,100.1426,100.03528244700526,100.07211972638817,100.100782839809,0.0709999999999979,0.571857142857146,0.0,0.0520000000000067,0.0974446335797236,0.1053954233523931,0.9245622862950524,48.04013322296336,100.08566666666664,100.1376153846154,100.08219180504229,100.10254784567182,-0.0203560406295508,0.0074912559292038,0.0056398249249178,-0.9130434782608696
99.986,99.986,99.986,99.986,99.999,-0.013,-0.01,1,9999.0,-0.0219999999999913,0.0100000000000051,-0.0099999999999909,100.0116,100.0637,100.1421,100.01885496467018,100.05646159431758,100.08985114077956,0.012999999999991,0.4528571428571451,0.0,0.012999999999991,0.0904843026097433,0.098795750255793,0.9158724173405188,47.804457595974455,100.08366666666666,100.13411538461538,100.067393065805,100.09391467191836,-0.0265216061133486,0.0018537378538828,-0.0007924612827354,-0.5
99.986,99.993,99.986,99.993,99.986,0.007,0.01,353,3532942.0,-0.01400000000001,-0.01400000000001,-0.0690000000000026,100.0088,100.0623,100.13865,100.01023664311349,100.04492312262347,100.08062722261008,0.0069999999999907,0.4492142857142868,0.0069999999999907,0.0,0.0845211381376181,0.0917389109518078,0.9213226673468876,47.95252161466048,100.0505,100.13384615384616,100.05594797875808,100.08643951103552,-0.0304915322774235,-0.0027703811075478,-0.006732275481673,352.0
99.955,99.992,99.955,99.991,99.993,-0.002,0.0,40,402741.0,-0.0240000000000009,-0.0229999999999961,0.0180000000000006,100.004,100.06,100.13955,100.00382442874232,100.03511891851012,100.0720912966472,0.0379999999999967,0.449857142857143,0.0,0.0019999999999953,0.0784839139849311,0.085328988740964,0.9197801959564678,47.91070341770128,100.05174999999998,100.1308076923077,100.04595598202609,100.07936991762548,-0.0334139355993983,-0.0111834740830687,-0.0120686075052181,-0.886685552407932
99.991,99.991,99.991,99.991,99.991,0.0,0.0,0,200.0,-0.0600000000000022,-0.5439999999999969,-0.081000000000003,99.992,100.0056,100.1355,99.99954961916156,100.0270972969628,100.06436831601413,0.0,0.4219285714285711,0.0,-0.0,0.0728779201288646,0.0792340609737523,0.9197801959564676,47.91070341770128,100.05041666666664,100.12692307692308,100.03750121556052,100.07282399780136,-0.0353227822408399,-0.0178602072414817,-0.0167194424523424,-1.0
99.98,99.98,99.98,99.98,99.991,-0.011,-0.01,1,10798.0,-0.0189999999999912,-0.0349999999999965,-0.0210000000000007,99.9882,100.0021,100.13445,99.99303307944103,100.01853415206048,100.05633323829848,0.0109999999999956,0.3863571428571423,0.0,0.0109999999999956,0.0676723544053743,0.0743601994756268,0.9100614963728728,47.64566471294468,100.04758333333332,100.10746153846156,100.02865487470508,100.06594814611238,-0.0372932714073073,-0.023135910662303,-0.0208342082433354,inf
99.991,99.994,99.991,99.994,99.98,0.014,0.01,3,31797.0,0.0079999999999955,-0.0139999999999957,-1.6940000000000026,99.9898,100.0007,100.04975,99.99335538629404,100.01407339714038,100.05039673941292,0.0139999999999957,0.2031428571428557,0.0139999999999957,0.0,0.0638386148049901,0.0690487566559392,0.9245440163838062,48.03963996214608,100.0025,100.1071923076923,100.02332335551968,100.06061865380777,-0.0372952982880718,-0.0271208657691993,-0.0241264262522827,2.0
99.995,100.093,99.985,99.991,99.994,-0.003,0.0,10,98125.0,-0.0019999999999953,-0.0160000000000053,-0.0310000000000059,99.9894,99.9991,100.0482,99.99257025752937,100.00987823402394,100.04473990708787,0.108000000000004,0.1647142857142845,0.0,0.0030000000000001,0.0592787137474908,0.0643309883233721,0.9214643718749496,47.95636002221535,100.0005,100.107,100.01835053159355,100.05546171648868,-0.037111184895096,-0.0301466374443748,-0.0267233779808454,2.333333333333333
99.97,99.994,99.97,99.991,99.991,0.0,0.0,6,62990.0,0.0,-0.0240000000000009,-0.0190000000000054,99.9894,99.9967,100.04725,99.99204683835292,100.00644582783777,100.03962182069856,0.0240000000000009,0.1292142857142845,0.0,-0.0,0.0550445199083843,0.0597359177288455,0.9214643718749496,47.95636002221535,99.99908333333332,100.10426923076922,100.01414275750224,100.05068677452654,-0.0365440170242976,-0.0327055187194815,-0.0286875057895358,-0.4
100.092,100.092,100.088,100.088,99.991,0.097,0.1,6,60053.0,0.0969999999999942,0.0369999999999919,0.0779999999999887,100.0088,100.0004,100.05115,100.02403122556862,100.02127385913998,100.04422926634632,0.100999999999999,0.0992857142857133,0.0969999999999942,0.0,0.0580413399149279,0.0554690664624994,1.0463731159810932,51.133056225644864,100.00583333333331,100.10869230769232,100.0255054101942,100.0534507171542,-0.0279453069600066,-0.0335487705339766,-0.02853906602363,0.0
99.968,100.093,99.967,100.092,100.088,0.004,0.0,54,536230.0,0.1119999999999947,0.0930000000000035,-0.2990000000000066,100.03119999999998,100.0097,100.0362,100.04668748371242,100.03413315747817,100.04877886002762,0.1260000000000047,0.0707857142857132,0.0040000000000048,0.0,0.0541812442067191,0.0515069902866066,1.0519202132609922,51.26516160144645,100.01225,100.10946153846156,100.0357353470874,100.05630621958724,-0.0205708724998316,-0.0328875779102525,-0.0269454273188703,8.0
100.092,100.092,100.001,100.001,100.092,-0.091,-0.09,14,140083.0,0.007000000000005,0.0150000000000005,0.0250000000000056,100.0326,100.0112,100.03745,100.03145832247496,100.02810894702758,100.04422849240596,0.0909999999999939,0.0759999999999984,0.0,0.0909999999999939,0.0503111553348106,0.0543279195518486,0.9260644572777256,48.08065762173988,100.00808333333332,100.10946153846156,100.0303914475355,100.05220946258076,-0.0218180150452695,-0.0319238537733465,-0.0259199448641501,-0.7407407407407407
100.001,100.001,100.0,100.0,100.001,-0.001,0.0,7,71001.0,0.0090000000000003,0.007000000000005,-0.007000000000005,100.0344,100.0119,100.0371,100.0209722149833,100.0229982293862,100.04001625503396,0.0010000000000047,0.050142857142856,0.0,0.0010000000000047,0.0467175013823241,0.0505187824410026,0.9247550935512406,48.04533816533692,100.00816666666668,100.04453846153844,100.02571584022236,100.0483420949822,-0.0226262547598423,-0.0307252225689514,-0.0252612068432886,-0.5
100.0,100.0,100.0,100.0,100.0,0.0,0.0,1,10000.0,0.0090000000000003,0.0090000000000003,-0.0139999999999957,100.0362,100.0128,100.0364,100.01398147665554,100.01881673313416,100.03620518312594,0.0,0.0432142857142839,0.0,-0.0,0.0433805369978724,0.046910297980931,0.9247550935512406,48.04533816533692,100.00933333333334,100.04369230769233,100.02175955711122,100.04476119905758,-0.023001641946351,-0.0293562069806749,-0.0248092938639011,-0.8571428571428572
99.962,99.962,99.962,99.962,100.0,-0.038,-0.04,2,20992.0,-0.1259999999999905,-0.0289999999999963,-0.5729999999999933,100.011,100.0099,100.00775,99.99665431777038,100.00848641801886,100.02913802282823,0.0379999999999967,0.040857142857141,0.0,0.0379999999999967,0.0402819272123101,0.0462738481251499,0.8705117219420694,46.53869375585926,100.00675,100.04184615384614,100.01256577909412,100.03863073986813,-0.0260649607740077,-0.0281086169103082,-0.0250604272459224,1.0
99.984,100.0,99.984,100.0,99.962,0.038,0.04,2,19998.0,-0.0919999999999987,0.019999999999996,-0.0150000000000005,99.9926,100.0119,100.007,99.99776954518026,100.00694343292452,100.02636297303506,0.0379999999999967,0.0426428571428557,0.0379999999999967,0.0,0.0401189324114305,0.0429685732590678,0.933680812940749,48.28515682072698,100.0075,100.04146153846152,100.0106325823104,100.0357692035816,-0.0251366212711872,-0.0267576527973211,-0.0250756660509754,0.0
100.0,100.0,100.0,100.0,100.0,0.0,0.0,4,40000.0,-0.0010000000000047,0.0060000000000002,-0.0079999999999955,99.9924,100.0125,100.0066,99.99851303012018,100.0056809905746,100.0238522136984,0.0,0.0421428571428563,0.0,-0.0,0.0372532943820426,0.0398993894548487,0.933680812940749,48.28515682072698,100.00825000000002,100.02642307692308,100.0089968004165,100.03311963294593,-0.0241228325294144,-0.0253145025344676,-0.0248850993466632,1.0
99.992,99.992,99.992,99.992,100.0,-0.008,-0.01,0,100.0,-0.0079999999999955,0.0010000000000047,-0.0150000000000005,99.9908,100.0126,100.00585,99.99634202008014,100.00319353774285,100.02081866953664,0.0079999999999955,0.0399999999999991,0.0,0.0079999999999955,0.0345923447833253,0.0376208616366449,0.91949900343671,47.90307271795506,100.00925,100.02703846153848,100.00638190804472,100.03007373420915,-0.0236918261644376,-0.0238864813278164,-0.0246464447102181,-1.0
99.993,100.005,99.993,100.005,99.992,0.013,0.01,5,49999.0,0.0049999999999954,0.0139999999999957,-0.0100000000000051,99.9918,100.014,100.00535,99.99922801338676,100.00352198542596,100.01931212958075,0.012999999999991,0.0409285714285699,0.012999999999991,0.0,0.0330500344416586,0.0349336572340274,0.9460800001628786,48.614650995010265,100.01016666666663,100.02696153846152,100.00616930680708,100.02821642056404,-0.022047113756983,-0.0232311265274805,-0.0241265785195711,inf
99.975,99.975,99.975,99.975,100.005,-0.03,-0.03,0,100.0,0.012999999999991,-0.1129999999999995,-0.0760000000000076,99.9944,100.0027,100.00155,99.9911520089245,99.99833616989396,100.01509192676356,0.0300000000000011,0.0422857142857131,0.0,0.0300000000000011,0.0306893176958258,0.0345812531458826,0.8874553379069718,47.0186139022015,100.00883333333331,100.02546153846151,100.00137402883676,100.02427446348524,-0.0229004346484771,-0.0234899667662189,-0.0238813497453523,-1.0
99.975,99.975,99.975,99.975,99.975,0.0,0.0,0,100.0,-0.0250000000000056,-0.1170000000000044,-0.0240000000000009,99.9894,99.991,100.00035,99.98576800594968,99.99409322991325,100.01127364802416,0.0,0.0412857142857134,0.0,-0.0,0.0284972235746954,0.0321111636354625,0.887455337906972,47.01861390220151,100.0075,100.00392307692309,99.99731648593878,100.02062450322704,-0.0233080172882722,-0.0236555225709969,-0.0237666832539363,-1.0
100.049,100.049,100.0,100.0,99.975,0.025,0.03,2,20105.0,0.0,-0.0010000000000047,0.0139999999999957,99.9894,99.9909,100.00105,99.99051200396644,99.99516718811084,100.01019996725996,0.0740000000000122,0.0388571428571426,0.0250000000000056,0.0,0.028247421890789,0.0298175090900723,0.9473434486247528,48.647990126948734,100.00016666666666,100.00334615384617,99.9977293342559,100.01909676224729,-0.0213674279913789,-0.0235156529300566,-0.0232868322014248,inf
99.962,99.962,99.962,99.962,100.0,-0.038,-0.04,1,7597.0,-0.0300000000000011,-0.0379999999999967,-0.0309999999999917,99.9834,99.9871,99.9995,99.9810080026443,99.9891367902725,100.0056094941876,0.0379999999999967,0.0398571428571423,0.0,0.0379999999999967,0.0262297488985898,0.0304019727264954,0.8627647006514955,46.31635441393895,99.98933333333332,100.00157692307693,99.99223251360117,100.01486737245118,-0.0226348588500258,-0.0234748992526871,-0.023156437531145,-0.5
99.971,99.992,98.0,99.992,99.962,0.03,0.03,109,1087546.0,-0.012999999999991,-0.0079999999999955,0.0010000000000047,99.9808,99.9863,99.99955,99.98467200176287,99.98965737385932,100.004313351884,1.9920000000000044,0.1749285714285713,0.0300000000000011,0.0,0.0264990525486906,0.0282304032460315,0.9386707061088724,48.41826428547471,99.98858333333332,100.001,99.9921967422779,100.01317349301034,-0.0209767507324443,-0.0229095425814023,-0.0227205001714048,108.0
99.984,99.992,99.984,99.992,99.992,0.0,0.0,54,543117.0,0.0170000000000101,0.0300000000000011,0.0010000000000047,99.98420000000002,99.9893,99.99960000000002,99.98711466784192,99.9900833058849,100.00314065170458,0.0080000000000097,0.1665000000000002,0.0,-0.0,0.024606263080927,0.0262139458713149,0.9386707061088724,48.41826428547471,99.98791666666666,100.00011538461536,99.99216647423516,100.01160508612068,-0.0194386118855334,-0.0222764304274407,-0.0220641225142305,-0.5045871559633027
99.983,99.994,99.983,99.994,99.992,0.002,0.0,135,1349032.0,0.0190000000000054,-0.0060000000000002,0.0139999999999957,99.988,99.9887,100.0003,99.9894097785613,99.99079543208762,100.002270113447,0.0109999999999956,0.1607857142857146,0.0019999999999953,0.0,0.0229915300037176,0.024341521166221,0.9445395728029988,48.5739444963556,99.98741666666666,99.99792307692309,99.99244855512204,100.0103010056673,-0.0178524505452486,-0.021579721318089,-0.0212217881204342,1.5
99.961,99.961,99.961,99.961,99.994,-0.033,-0.03,1,9996.0,-0.0390000000000014,-0.0390000000000014,-0.0330000000000012,99.9802,99.9848,99.99865,99.9799398523742,99.98537808079897,99.99833962645204,0.0330000000000012,0.1630714285714286,0.0,0.0330000000000012,0.0213492778605949,0.0249599839400625,0.8553402082253684,46.101529219996834,99.98733333333332,99.99646153846152,99.9876103158725,100.00664907932158,-0.0190387634490747,-0.0210627143497153,-0.0207851831861623,-0.9925925925925926
99.999,99.999,99.999,99.999,99.961,0.038,0.04,1,10000.0,0.0369999999999919,0.0069999999999907,0.0079999999999955,99.9876,99.9855,99.99905,99.98629323491616,99.98785479338096,99.9984025191709,0.0379999999999967,0.1657857142857141,0.0379999999999967,0.0,0.0225386151562664,0.0231771279443437,0.9724507372263478,49.30164890170104,99.98725,99.99696153846152,99.98936257496904,100.00608248085332,-0.0167199058842726,-0.0204708023638586,-0.0199721277257843,0.0
99.988,99.993,99.988,99.993,99.999,-0.006,-0.01,2,20098.0,0.0009999999999905,-0.0120000000000004,0.0019999999999953,99.9878,99.9843,99.99915,99.98852882327743,99.98879028549352,99.99788799353556,0.0109999999999956,0.1638571428571426,0.0,0.0060000000000002,0.020928714073676,0.0219501902340335,0.9534639039814012,48.80888262322758,99.98666666666666,99.99696153846152,99.98992217881997,100.0051134081975,-0.0151912293775495,-0.0196142240004222,-0.0190159480561374,1.0
99.962,99.962,99.952,99.952,99.993,-0.041,-0.04,4,39984.0,-0.0400000000000062,-0.0229999999999961,-0.1359999999999956,99.9798,99.982,99.99235,99.97635254885164,99.9821011426765,99.99351770843694,0.0409999999999968,0.1640714285714283,0.0,0.0409999999999968,0.0194338059255562,0.0233108909316023,0.8336792438597919,45.46483506597063,99.98333333333332,99.99546153846154,99.98408799746304,100.00117908166436,-0.0170910842013256,-0.0189234536574281,-0.018630975285175,1.0
100.029,107.888,99.969,99.996,99.952,0.044,0.04,112,1125419.0,0.0019999999999953,0.0210000000000007,-0.0960000000000036,99.9802,99.9841,99.98755,99.98290169923445,99.9846282076444,99.99375411715722,7.936000000000007,0.7309285714285717,0.0439999999999969,0.0,0.0211885340737306,0.0216458272936307,0.978873839576709,49.46620749638567,99.98258333333337,99.99565384615384,99.98592061323797,100.00079544598552,-0.0148748327475658,-0.0182020541858934,-0.0178797467776532,27.0
99.99,99.992,99.99,99.992,99.996,-0.004,0.0,15,150585.0,0.0310000000000059,-0.0079999999999955,-0.0090000000000003,99.9864,99.9833,99.9871,99.9859344661563,99.98596853352724,99.99358705838034,0.0060000000000002,0.7307857142857149,0.0,0.0039999999999906,0.0196750673541784,0.0203854110583707,0.9651543104939946,49.11341085735791,99.984,99.99611538461538,99.98685590350904,100.00014393146806,-0.013288027959021,-0.0171635174202262,-0.0169614030139267,-0.8660714285714286
99.924,99.924,99.924,99.924,99.992,-0.068,-0.07,0,100.0,-0.0749999999999886,-0.0379999999999967,-0.0759999999999934,99.9714,99.9795,99.9833,99.96528964410422,99.97470152743138,99.98695971948698,0.0679999999999978,0.7347142857142869,0.0,0.0679999999999978,0.0182697054003085,0.0237864531256297,0.7680718644270267,43.44121298915263,99.97975,99.99342307692308,99.97718576450764,99.9945036402482,-0.0173178757405594,-0.0167569757544612,-0.0170326975592533,-1.0
100.289,100.289,99.984,99.984,99.924,0.06,0.06,2,20027.0,-0.0090000000000003,-0.0080000000000097,-0.0160000000000053,99.9696,99.9787,99.9825,99.9715264294028,99.97639215880749,99.9866778414406,0.3649999999999949,0.7586428571428578,0.059999999999988,0.0,0.021250440728857,0.0220874207595133,0.9621060313121532,49.03435471674013,99.97841666666666,99.99315384615385,99.97823410842956,99.99372559282244,-0.0154914843928821,-0.0163184060330555,-0.016724454925979,inf
100.001,100.003,100.001,100.003,99.984,0.019,0.02,19,190004.0,0.0510000000000019,0.0109999999999956,0.0409999999999968,99.9798,99.9798,99.98455,99.98201761960188,99.9812299481152,99.98823233273195,0.0190000000000054,0.760000000000001,0.0190000000000054,0.0,0.0210896949625105,0.0205097478481195,1.028276657455062,50.697061156601336,99.98183333333334,99.9936153846154,99.98204424559422,99.99441258594668,-0.0123683403524665,-0.0157090604560797,-0.0158532320112765,8.5
100.279,100.28,100.279,100.28,100.003,0.277,0.28,5,50140.0,0.284000000000006,0.2860000000000013,0.2800000000000011,100.0366,100.0084,99.99855,100.0813450797346,100.0355517757306,100.01601972961464,0.277000000000001,0.7745000000000003,0.277000000000001,0.0,0.0393690024651884,0.0190447658589681,2.067182277625617,67.39678605687155,100.00583333333334,100.001,100.02788359242588,100.0155672092099,0.0123163832159747,-0.0122251552710742,-0.0102193089658263,-0.736842105263158
99.982,100.001,99.982,100.001,100.28,-0.279,-0.28,2,19998.0,0.0090000000000003,0.0400000000000062,0.0010000000000047,100.0384,100.0124,99.9986,100.05456338648976,100.02926963468867,100.01458927917515,0.2980000000000018,0.7930714285714292,0.0,0.2789999999999963,0.0365569308605321,0.0376129968690416,0.971922843261162,49.28807669035357,100.00658333333332,99.9975,100.0237476551296,100.01448815667584,0.0092594984537583,-0.0093385547890708,-0.0063235474819093,-0.6
99.991,99.991,99.991,99.991,100.001,-0.01,-0.01,17,169985.0,0.066999999999993,-0.0079999999999955,-0.0010000000000047,100.0518,100.0116,99.99855,100.03337559099316,100.02231151929072,100.01234268115849,0.0100000000000051,0.6515000000000006,0.0,0.0100000000000051,0.0339457215133512,0.0356406399498247,0.9524442198888796,48.782147535210335,100.00633333333332,99.9971153846154,100.01870955434045,100.01274829321838,0.0059612611220529,-0.0069882780668927,-0.0038665857611169,7.5
100.099,100.099,99.987,99.992,99.991,0.001,0.0,4,36516.0,0.0080000000000097,-0.0009999999999905,-0.012999999999991,100.0534,100.0115,99.9979,100.01958372732878,100.01680033396514,100.0104052829529,0.1120000000000089,0.6589285714285721,0.0010000000000047,0.0,0.0315924556909693,0.0330948799534086,0.9546025166263046,48.83870293352398,100.00891666666666,99.99680769230773,100.0146003921342,100.0112113826096,0.0033890095246107,-0.0047127120973442,-0.0024154667039713,-0.7647058823529411
99.994,99.999,99.994,99.999,99.992,0.007,0.01,11,110394.0,-0.0040000000000048,0.046999999999997,0.0240000000000009,100.0526,100.0162,99.9991,100.01272248488586,100.01356390960784,100.0093190655288,0.0069999999999907,0.6586428571428574,0.0069999999999907,0.0,0.0298358517130423,0.0307309599567366,0.9708727535698704,49.26105715406104,100.00891666666666,99.99676923076925,100.01220033180589,100.01030683574965,0.0018934960562404,-0.0028495644524768,-0.001553674151929,1.75
99.996,99.996,99.995,99.995,99.999,-0.004,0.0,7,69997.0,-0.2849999999999966,-0.0009999999999905,0.0200000000000102,99.9956,100.0161,100.0001,100.00681498992392,100.0101886533155,100.00795534500227,0.0039999999999906,0.656571428571428,0.0,0.0039999999999906,0.027704719447825,0.0288216056741119,0.9612482996639526,49.01206541918514,100.00908333333332,99.99803846153848,100.00955412691266,100.00917299606448,0.0003811308481829,-0.0013307690294542,-0.0011667131519066,-0.3636363636363636
99.994,100.098,99.994,100.098,99.995,0.103,0.1,20,200192.0,0.0969999999999942,0.1059999999999945,0.0979999999999989,100.015,100.0267,100.005,100.03720999328262,100.02615435271268,100.01653102643064,0.1039999999999992,0.6612857142857139,0.1029999999999944,0.0,0.0330829537729799,0.0267629195545324,1.2361489076544765,55.28025899451786,100.02125,100.0018076923077,100.02316118431072,100.01575277413376,0.0074084101769358,0.0014165960724896,0.0005483115138618,1.8571428571428568
100.098,100.159,100.011,100.148,100.098,0.05,0.05,47,467984.0,0.1569999999999964,0.2239999999999895,0.1859999999999928,100.0464,100.0491,100.0143,100.07413999552176,100.0483081067649,100.02905188105628,0.1480000000000103,0.6710714285714293,0.0499999999999971,0.0,0.0342913142177669,0.0248512824434944,1.379860950666699,57.980738340201846,100.03391666666666,100.0075,100.04236715595522,100.02554886493868,0.0168182910165484,0.0050065711179819,0.0038023074143991,1.35
99.987,99.998,99.987,99.99,100.148,-0.158,-0.16,23,233777.0,-0.0020000000000095,0.0060000000000002,-0.0020000000000095,100.046,100.0497,100.0142,100.04609333034784,100.03770663280764,100.02533265428904,0.1610000000000013,0.6796428571428582,0.0,0.1580000000000012,0.0318419346307835,0.034361905126102,0.9266638305975562,48.09680941122722,100.03375,100.00742307692306,100.03431067042364,100.02291561568396,0.0113950547396939,0.0076469483504442,0.0053208568794581,-0.5106382978723405
99.996,99.996,99.996,99.996,99.99,0.006,0.01,0,100.0,-0.0030000000000001,-0.007000000000005,0.0039999999999906,100.0454,100.049,100.0144,100.02939555356524,100.0301236086608,100.02253906816628,0.0060000000000002,0.1132142857142862,0.0060000000000002,0.0,0.0299960821571561,0.0319074833313805,0.9400955207161548,48.45614613702802,100.03974999999998,100.00707692307692,100.0284167211277,100.02092186637402,0.0074948547536735,0.0071112229657441,0.0057556564543012,-1.0
99.997,99.997,99.997,99.997,99.996,0.001,0.0,12,119996.0,0.0019999999999953,-0.2830000000000012,0.0030000000000001,100.0458,100.0207,100.01455,100.01859703571016,100.02410113435882,100.02010677595996,0.0010000000000047,0.1128571428571437,0.0010000000000047,0.0,0.0279249334316453,0.029628377379139,0.942506336891299,48.5201164594214,100.04083333333334,100.00792307692308,100.02358337941575,100.01914987627224,0.0044335031435025,0.0065750012646045,0.0054912257921414,inf
100.003,100.004,99.998,100.003,99.997,0.006,0.01,75,747505.0,-0.0949999999999988,0.0019999999999953,0.0420000000000015,100.0268,100.0209,100.01665,100.0133980238068,100.02026456447538,100.01847755920188,0.007000000000005,0.1085000000000014,0.0060000000000002,0.0,0.0263588667579564,0.0275120647092005,0.95808391833062,48.92966585147393,100.04083333333332,100.009,100.02041670565949,100.01795358914096,0.0024631165185127,0.0061863185308778,0.0048856039374157,5.25
99.99,99.995,99.99,99.995,100.003,-0.008,-0.01,25,249981.0,-0.1529999999999916,0.0040000000000048,-0.0039999999999906,99.9962,100.0213,100.01645,100.00726534920452,100.01567100729804,100.01624160118266,0.0130000000000052,0.083357142857145,0.0,0.0079999999999955,0.0244760905609595,0.0261183458014001,0.9371225401130648,48.377039691994256,100.01708333333332,100.0088076923077,100.01650644325034,100.01625332327868,0.0002531199716457,0.0058378863583262,0.0039591071442617,-0.6666666666666667
99.996,100.108,99.989,99.995,99.995,0.0,0.0,130,1300153.0,0.0050000000000096,0.0030000000000001,0.0020000000000095,99.9972,100.0216,100.01655,100.0031768994697,100.01191264233476,100.0142185915462,0.1189999999999997,0.0905000000000017,0.0,-0.0,0.0227277983780338,0.0242527496727287,0.9371225401130648,48.377039691994256,100.01658333333334,100.01007692307692,100.01319775967336,100.01467900303582,-0.0014812433624626,0.0054629153118036,0.0028710370429168,4.2
99.992,100.0,99.982,99.996,99.995,0.001,0.0,27,270776.0,0.0,-0.0030000000000001,0.0439999999999969,99.9972,100.0213,100.01875,100.00078459964648,100.00901943463754,100.01248348758942,0.0180000000000006,0.0720000000000017,0.0009999999999905,0.0,0.0211758127796021,0.0225204104103909,0.9402942661218828,48.46142580224564,100.017,100.01023076923076,100.01055195049284,100.01329537318132,-0.0027434226884679,0.0051157426966202,0.0017481450966398,-0.7923076923076923
99.984,100.005,99.984,100.005,99.996,0.009,0.01,133,1330262.0,0.0079999999999955,0.0099999999999909,0.0090000000000003,99.9988,100.0223,100.0192,100.00218973309764,100.0082886283398,100.01177077448568,0.0210000000000007,0.0522142857142873,0.0090000000000003,0.0,0.0203061118667734,0.0209118096667916,0.9710356105153352,49.26524946251246,100.01808333333334,100.01073076923078,100.00969780426315,100.0126809010938,-0.0029830968306328,0.0039611308068903,0.0008018967111853,3.9259259259259256
100.099,100.099,99.999,99.999,100.005,-0.006,-0.01,138,1380226.0,-0.0040000000000048,-0.0990000000000037,0.0069999999999907,99.998,100.0124,100.01955,100.00112648873176,100.00659978682349,100.01055451024894,0.1000000000000085,0.058642857142859,0.0,0.0060000000000002,0.0188556753048611,0.0198466804048779,0.950066959320145,48.71970958635022,100.01808333333332,100.01092307692308,100.00805198822268,100.01166750101277,-0.0036155127900912,0.0016907081617082,-8.158518906995838e-05,0.037593984962406
99.999,99.999,99.995,99.998,99.999,-0.001,0.0,35,350194.0,0.0030000000000001,-0.1499999999999914,0.073999999999998,99.9986,99.9974,100.02325,100.0000843258212,100.0050361892192,100.0093588426062,0.0039999999999906,0.050928571428572,0.0,0.0009999999999905,0.0175088413545138,0.018500488947386,0.9463988440688088,48.62306854284959,100.01833333333332,100.01234615384617,100.00650552849612,100.01065509353036,-0.0041495650342255,-3.64718131717407e-05,-0.000895181158101,-0.7463768115942029
99.991,99.991,99.99,99.99,99.998,-0.008,-0.01,27,269973.0,-0.0050000000000096,0.0,0.0060000000000002,99.9976,99.9974,100.02355,99.9967228838808,100.00230233663387,100.00751514331036,0.0080000000000097,0.0510000000000019,0.0,0.0080000000000097,0.0162582098291914,0.0177504540225734,0.9159320549500172,47.806082297313615,100.00933333333332,100.012,100.0039662164198,100.00912508660215,-0.0051588701823703,-0.0014424412505099,-0.0017479189629549,-0.2285714285714285
99.991,99.993,99.991,99.993,99.99,0.003,0.0,37,369973.0,-0.0030000000000001,-0.0030000000000001,-0.0100000000000051,99.997,99.9971,100.02304999999998,99.9954819225872,100.00061100270044,100.0061327487094,0.0030000000000001,0.050928571428574,0.0030000000000001,0.0,0.015311194841392,0.0164825644495324,0.9289328058308548,48.15786236943245,99.99641666666666,100.012,100.00227910620136,100.00793063574277,-0.0056515295413817,-0.0025630004377193,-0.0025286410786402,0.3703703703703704
99.992,99.993,99.982,99.993,99.993,0.0,0.0,16,160887.0,-0.0120000000000004,-0.0040000000000048,-0.2870000000000061,99.9946,99.9967,100.0087,99.99465461505817,99.99922718402762,100.00488201073706,0.0109999999999956,0.0442857142857166,0.0,-0.0,0.0142175380670069,0.0153052384174229,0.9289328058308548,48.15786236943245,99.99666666666668,100.01357692307693,100.00085155140115,100.00682466272475,-0.0059731113236125,-0.0035003590868443,-0.0032175351276347,-0.5675675675675675
99.971,99.971,99.971,99.971,99.993,-0.022,-0.02,3,29991.0,-0.0279999999999915,-0.0319999999999964,-0.0300000000000011,99.989,99.9935,100.0072,99.98676974337212,99.99409496874986,100.00165515257164,0.0219999999999913,0.0352857142857152,0.0,0.0219999999999913,0.0132019996336492,0.0157834356733207,0.8364465067618372,45.54701177965284,99.99458333333332,100.0126153846154,99.99625900503176,100.0041709840044,-0.0079119789726576,-0.004407592302878,-0.0041564238966393,-0.8125
99.976,99.987,99.976,99.987,99.971,0.016,0.02,23,229959.0,-0.0110000000000098,-0.0080000000000097,-0.0040000000000048,99.9868,99.9927,100.007,99.9868464955814,99.9928049744317,100.00025942375528,0.0159999999999911,0.0249285714285716,0.0159999999999911,0.0,0.0134018568026737,0.0146560474109406,0.9144250442768952,47.7649959192989,99.99375,100.01242307692308,99.99483454271916,100.00289905926334,-0.0080645165441808,-0.0051390671008467,-0.0049380424261476,6.666666666666667
99.99,99.999,99.99,99.999,99.987,0.012,0.01,13,129995.0,0.0090000000000003,0.0039999999999906,0.0069999999999907,99.9886,99.9931,100.00735,99.99089766372094,99.99393134271683,100.00013947863572,0.0120000000000004,0.0253571428571431,0.0120000000000004,0.0,0.0133017241739113,0.0136091868815877,0.9774077091929412,49.42873969030191,99.99341666666668,100.0153076923077,99.99547538230082,100.00261024005864,-0.0071348577578191,-0.0056270043307746,-0.0053774054924819,-0.4347826086956522
99.981,99.998,99.981,99.986,99.999,-0.013,-0.01,9,89990.0,-0.0069999999999907,-0.0099999999999909,-0.012999999999991,99.9872,99.9921,100.0067,99.9892651091473,99.9924892804047,99.9987928616228,0.0180000000000006,0.0265714285714285,0.0,0.012999999999991,0.0123516010186319,0.0135656735329022,0.9105040740273072,47.65779285191376,99.99266666666666,100.01538461538462,99.99401763117764,100.00137985190617,-0.0073622207285239,-0.0061135736527625,-0.0057743685396903,-0.3076923076923077
99.983,99.99,99.983,99.99,99.986,0.004,0.0,2,20697.0,-0.0030000000000001,-0.0150000000000005,-0.0050000000000096,99.9866,99.9906,100.00645,99.98951007276489,99.99203668396748,99.99795544623016,0.0069999999999907,0.0265714285714275,0.0039999999999906,0.0,0.011755058088729,0.0125966968519807,0.9331857570963648,48.27191353292428,99.99225,100.0148846153846,99.99339953407338,100.0005368999131,-0.0071373658397249,-0.0065048906582774,-0.0060469679996972,-0.7777777777777778
99.97,99.996,99.954,99.996,99.99,0.006,0.01,22,220070.0,0.0249999999999914,-0.0030000000000001,-0.1020000000000038,99.9916,99.9903,100.00135,99.99167338184326,99.99275728688248,99.99776921325584,0.0420000000000015,0.0286428571428558,0.0060000000000002,0.0,0.0113439825109626,0.0116969327911249,0.9698253989772364,49.23407929864163,99.99225,100.00396153846154,99.9937996057544,100.00020083325286,-0.0064012274984719,-0.006755075376527,-0.0061178198994521,10.0
99.995,99.995,99.991,99.991,99.996,-0.005,-0.01,0,3700.0,0.0040000000000048,-0.007000000000005,-0.1569999999999964,99.9924,99.9896,99.9935,99.99144892122884,99.99243778017656,99.9971245262791,0.0049999999999954,0.0204999999999984,0.0,0.0049999999999954,0.0105336980458939,0.0112185804489014,0.9389510637172844,48.42572261298656,99.99108333333332,100.00357692307692,99.9933688971768,99.99951929004897,-0.0061503928721577,-0.0068652445642811,-0.0061243344939933,-1.0
100.0,100.0,100.0,100.0,99.991,0.009,0.01,0,300.0,0.0010000000000047,0.0100000000000051,0.0100000000000051,99.9926,99.9906,99.994,99.99429928081923,99.99381272923536,99.99739838091918,0.0090000000000003,0.0198571428571412,0.0090000000000003,0.0,0.0104241481854729,0.0104172532739798,1.0006618742303484,50.01654138160159,99.99116666666669,100.00392307692309,99.9943890668419,99.99955489819348,-0.0051658313515616,-0.0068112780987456,-0.0059326338655069,-1.0
99.989,99.989,99.989,99.989,100.0,-0.011,-0.01,6,59993.0,0.0030000000000001,-0.0039999999999906,-0.0069999999999907,99.9932,99.9902,99.99365,99.9925328538795,99.9929376875562,99.99659853511736,0.0109999999999956,0.0191428571428551,0.0,0.0109999999999956,0.0096795661722248,0.0104588780401238,0.9254880050317746,48.06511401853693,99.99041666666666,100.00380769230767,99.99355997963546,99.99877305388284,-0.005213074247365,-0.0067268295347181,-0.0057887219418786,inf
99.989,99.989,99.989,99.989,99.989,0.0,0.0,3,29997.0,-0.0009999999999905,-0.0039999999999906,-0.0079999999999955,99.993,99.9898,99.99325,99.99135523591968,99.99222174436416,99.9958748651062,0.0,0.0119999999999974,0.0,-0.0,0.0089881685884945,0.0097118153229721,0.9254880050317748,48.06511401853694,99.99033333333334,100.00342307692308,99.99285844430692,99.99804912396556,-0.0051906796586393,-0.0064244629442716,-0.0056691134852307,-0.5
99.989,99.989,99.989,99.989,99.989,0.0,0.0,0,200.0,-0.0069999999999907,0.0180000000000006,-0.0139999999999957,99.9916,99.9916,99.99255,99.9905701572798,99.99163597266158,99.99522011604846,0.0,0.0117142857142837,0.0,-0.0,0.0083461565464592,0.0090181142284741,0.9254880050317748,48.06511401853694,99.99,100.00319230769232,99.99226483749048,99.99737881848664,-0.0051139809961568,-0.0060966256611578,-0.0055580869874159,-1.0
100.0,100.053,100.0,100.0,99.989,0.011,0.01,29,290029.0,0.0090000000000003,0.0130000000000052,0.0049999999999954,99.9934,99.9929,99.9928,99.99371343818652,99.99315670490492,99.99567534309146,0.0639999999999929,0.0157142857142825,0.0109999999999956,0.0,0.0085357167931403,0.0083739632121545,1.019316251682481,50.47828693663974,99.99058333333332,99.99942307692308,99.99345486249194,99.99757298008022,-0.0041181175882769,-0.0057614323089865,-0.0052700931075881,inf
100.0,100.0,100.0,100.0,100.0,0.0,0.0,1,10000.0,0.0,0.0010000000000047,0.0049999999999954,99.9934,99.993,99.99305,99.99580895879105,99.99440094037676,99.99608721517798,0.0,0.0154999999999968,0.0,-0.0,0.0079260227364874,0.0077758229827149,1.019316251682481,50.47828693663974,99.993,99.99373076923077,99.99446180672396,99.99775275933354,-0.0032909526095892,-0.0053090691846604,-0.0048742650079883,-0.9655172413793104
100.0,100.0,100.0,100.0,100.0,0.0,0.0,0,200.0,0.0109999999999956,0.0139999999999957,0.0040000000000048,99.9956,99.9944,99.99325,99.99720597252735,99.99541895121736,99.9964598613515,0.0,0.0147142857142828,0.0,-0.0,0.0073598782553098,0.0072204070553781,1.019316251682481,50.47828693663974,99.99408333333334,99.9941153846154,99.99531383645872,99.99791922160512,-0.0026053851464098,-0.004805515774292,-0.0044204890356726,-1.0
100.018,100.018,100.018,100.018,100.0,0.018,0.02,7,70113.0,0.0289999999999963,0.0280000000000057,0.0130000000000052,100.0014,99.9972,99.9939,100.00413731501824,99.99952459645056,99.99851130312754,0.0180000000000006,0.0144285714285692,0.0180000000000006,0.0,0.0081198869513591,0.0067046636942797,1.2110804242555626,54.77324166819102,99.99566666666668,99.99496153846154,99.99880401546508,99.99940668667142,-0.0006026712063516,-0.0041612317418342,-0.0036569254698084,inf
100.02,100.02,100.019,100.02,100.018,0.002,0.0,22,220044.0,0.0309999999999917,0.0240000000000009,0.0210000000000007,100.0076,99.99960000000002,99.99495,100.00942487667882,100.0032473970959,100.00055784568684,0.0019999999999953,0.0134285714285695,0.0019999999999953,0.0,0.0076827521691188,0.0062257591446883,1.2340265645633983,55.237774883154415,99.9985,99.99584615384614,100.00206493616275,100.00093211728834,0.0011328188744101,-0.0033519859922156,-0.0026989766009647,2.142857142857143
100.0,100.0,99.955,99.957,100.02,-0.063,-0.06,7,70078.0,-0.0430000000000063,-0.034000000000006,-0.041000000000011,99.999,99.9962,99.9929,99.99194991778587,99.99483877944208,99.99640947943094,0.0649999999999977,0.0172142857142836,0.0,0.0630000000000023,0.0071339841570389,0.010281062062925,0.6938956416540976,40.96448592172449,99.99575,99.99407692307692,99.99513186906078,99.99767788637809,-0.0025460173173001,-0.0030608955439643,-0.0026683847442318,-0.6818181818181819
99.971,99.991,99.971,99.991,99.957,0.034,0.03,4,42692.0,-0.0090000000000003,-0.0090000000000003,0.0010000000000047,99.9972,99.9953,99.99295,99.99163327852392,99.99414081954352,99.9958942909137,0.034000000000006,0.0183571428571411,0.034000000000006,0.0,0.0090529852886794,0.0095467004870018,0.9482842057321732,48.672786185001385,99.99533333333332,99.99392307692308,99.9944961968976,99.99718322812788,-0.0026870312302804,-0.0027802240976216,-0.0026721140414415,-0.4285714285714286
99.938,100.156,99.938,100.156,99.991,0.165,0.17,5,50278.0,0.1560000000000059,0.1670000000000016,0.1630000000000109,100.0284,100.012,100.0011,100.04642218568264,100.0235697614447,100.01114245368385,0.2180000000000035,0.0334285714285706,0.1650000000000062,0.0,0.0201920577680599,0.0088647933093588,2.2777809998956866,69.49155541411021,100.00908333333336,100.00011538461536,100.01934293583642,100.00894743345174,0.0103955023846822,-0.001048426092808,-5.8590756216798674e-05,0.25
100.146,100.146,100.001,100.001,100.156,-0.155,-0.15,2,20015.0,-0.0169999999999959,0.0120000000000004,0.0080000000000097,100.025,100.0132,100.0015,100.03128145712176,100.01946616845476,100.01017650571394,0.1550000000000011,0.0414999999999992,0.0,0.1550000000000011,0.0187497679274842,0.0193030223586904,0.9713384556612142,49.273043544185,100.00916666666669,100.00030769230769,100.01652094570774,100.00835873467754,0.0081622110301964,0.0004267063545645,0.0015855696010658,-0.6
100.009,100.445,100.009,100.01,100.001,0.009,0.01,16,160334.0,-0.0099999999999909,0.0210000000000007,0.0390000000000014,100.023,100.0153,100.00345,100.02418763808116,100.01774504691753,100.01015969564595,0.4439999999999884,0.0728571428571415,0.0090000000000003,0.0,0.0180533559326639,0.0179242350473553,1.0072037040893205,50.17944626334248,100.01091666666667,100.0005,100.01551772329115,100.0084803098866,0.0070374134045607,0.0016662097982131,0.0026759383617648,7.0
99.958,99.999,99.958,99.999,100.01,-0.011,-0.01,7,70099.0,0.0420000000000015,-0.0010000000000047,0.0120000000000004,100.0314,100.0152,100.00405,100.0157917587208,100.01433685656887,100.0090968674892,0.0520000000000067,0.0759285714285705,0.0,0.0110000000000098,0.0167638305089022,0.0174296468296878,0.9617997812984068,49.02639864002048,100.01175,100.0005,100.01297653509252,100.0077780647098,0.0051984703827088,0.0026094790195795,0.0031804447659536,-0.5625
99.964,99.998,99.93,99.97,99.999,-0.029,-0.03,17,172312.0,-0.0210000000000007,-0.0300000000000011,-0.0289999999999963,100.0272,100.0122,100.0026,100.0005278391472,100.00627560992,100.00537335629976,0.0689999999999884,0.0800714285714272,0.0,0.0289999999999963,0.0155664140439806,0.018256100627567,0.8526691631221129,46.02382228272193,100.01016666666668,99.99942307692308,100.0063647604629,100.00497968954612,0.0013850709167684,0.0030528630265994,0.0028213699961165,1.4285714285714284
99.975,100.007,99.975,100.007,99.97,0.037,0.04,15,149992.0,-0.1490000000000009,0.007000000000005,0.0210000000000007,99.9974,100.0129,100.00365,100.00268522609814,100.00640731720726,100.0055282747474,0.0370000000000061,0.0827142857142847,0.0370000000000061,0.0,0.017097384469411,0.0169520934398836,1.0085706836174904,50.21335280076016,100.01075,100.00007692307692,100.00646248962244,100.00512934217234,0.0013331474501114,0.0032679539884286,0.0025237254869155,-0.1176470588235294
99.99,100.008,99.99,100.008,100.007,0.001,0.0,1,10001.0,0.0069999999999907,-0.0100000000000051,0.0180000000000006,99.9988,100.0119,100.00455,100.00445681739876,100.00669689589684,100.0057636771524,0.0180000000000006,0.0839999999999991,0.0009999999999905,0.0,0.0159475712930238,0.0157412296227491,1.0131083578106592,50.32557506802354,100.01141666666666,100.00065384615384,100.00669902968052,100.00534198349293,0.0013570461876213,0.0032928681343409,0.0022903896270567,-0.9333333333333332
100.149,100.15,100.001,100.008,100.008,0.0,0.0,12,120150.0,-0.0020000000000095,-0.0120000000000004,0.0120000000000004,99.9984,100.0107,100.00515,100.00563787826584,100.0069338239156,100.00597666028074,0.1490000000000009,0.0900714285714282,0.0,-0.0,0.0148084590578078,0.014616856078267,1.0131083578106592,50.32557506802354,100.01208333333334,100.00123076923076,100.00689917896044,100.00553887360456,0.0013603053559023,0.003726903986919,0.0021043727728258,11.0
99.939,100.418,99.939,100.418,100.008,0.41,0.41,9,92337.0,0.4190000000000111,0.4610000000000127,0.4270000000000067,100.0822,100.0568,100.0265,100.14309191884392,100.0816731286582,100.04521697834925,0.4790000000000134,0.1242857142857149,0.4100000000000108,0.0,0.0430364262679652,0.0135727949298194,3.170785861754552,76.02370313062958,100.04541666666668,100.01842307692309,100.07014545912038,100.03609154963384,0.0340539094865448,0.0078092307332329,0.0084942801155696,-0.25
99.985,100.0,99.985,100.0,100.418,-0.418,-0.42,11,109987.0,0.0300000000000011,0.0090000000000003,0.0,100.0882,100.0577,100.0265,100.0953946125626,100.06682346890216,100.04091059945884,0.4330000000000069,0.1552142857142868,0.0,0.4180000000000063,0.0399623958202534,0.0424604524348327,0.9411674517973336,48.48460914208629,100.04375,100.01892307692307,100.05935385002492,100.0334181015128,0.0259357485121256,0.0095359247473933,0.0119825737948808,0.2222222222222223
99.998,99.999,99.998,99.999,100.0,-0.001,0.0,15,149998.0,-0.0080000000000097,-0.1570000000000107,0.0099999999999909,100.0866,100.042,100.027,100.06326307504176,100.05449192910176,100.03691911379607,0.0019999999999953,0.1540714285714293,0.0,0.0010000000000047,0.0371079389759496,0.0394989915466307,0.9394654780525634,48.43940192201256,100.04725,100.01892307692307,100.05006864232878,100.03086861251184,0.019200029816929,0.0107623490570303,0.0134260649992904,0.3636363636363635
99.957,99.991,99.957,99.991,99.999,-0.008,-0.01,1,11998.0,-0.0169999999999959,-0.0100000000000051,0.0019999999999953,100.0832,100.041,100.0271,100.03917538336115,100.04294794199237,100.03254586486312,0.0420000000000015,0.1569285714285726,0.0,0.0079999999999955,0.0344573719062389,0.0372490635790139,0.9250533730370646,48.05338833684659,100.04725,100.01911538461538,100.04098115889356,100.02791538195542,0.0130657769381485,0.0114321672274289,0.0133540073870621,-0.9333333333333332
99.981,99.999,99.981,99.999,99.991,0.008,0.01,41,409949.0,-0.0090000000000003,-0.0110000000000098,0.0099999999999909,100.0814,100.0399,100.0276,100.02578358890746,100.03495740708463,100.02935102059044,0.0180000000000006,0.15357142857143,0.0079999999999955,0.0,0.0325675596272215,0.0345884161805129,0.9415741807099584,48.49540079718516,100.03416666666664,100.01946153846156,100.03452251906378,100.02577350181058,0.0087490172532085,0.0118266724352622,0.0124330093602913,40.0
99.98,99.995,99.98,99.995,99.999,-0.004,0.0,4,39996.0,-0.4230000000000018,-0.0039999999999906,-0.0049999999999954,99.9968,100.0395,100.02735,100.01552239260498,100.02769242397837,100.02607949481992,0.0189999999999912,0.1525000000000003,0.0,0.0039999999999906,0.0302413053681343,0.0324035293104756,0.9332719617784864,48.27422009058343,100.03366666666666,100.01942307692308,100.0284421315155,100.02349398315796,0.0049481483575561,0.0122225699286831,0.0109360371597443,-0.902439024390244
100.0,100.0,99.999,99.999,99.995,0.004,0.0,2,20000.0,-0.0010000000000047,0.0289999999999963,-0.0010000000000047,99.9966,100.0424,100.0273,100.01001492840332,100.02247561961865,100.02350049531329,0.0049999999999954,0.137285714285714,0.0039999999999906,0.0,0.0283669264132669,0.0300889915025845,0.942767603587853,48.52703956184848,100.03275,100.01973076923076,100.0239125728208,100.02167961403514,0.0022329587856688,0.0123225489659672,0.0091954214849292,-0.5
99.955,99.998,99.955,99.998,99.999,-0.001,0.0,8,79992.0,-0.0009999999999905,-0.0090000000000003,-0.0019999999999953,99.9964,100.0415,100.0272,100.0060099522689,100.01802550696068,100.021071876712,0.0439999999999969,0.1293571428571423,0.0,0.0009999999999905,0.0263407173837478,0.0280112063952564,0.9403635463629496,48.4632659753675,100.03266666666666,100.01965384615384,100.01992602315607,100.01992556855106,4.5460501496563676e-07,0.0121718165678998,0.0073564281089464,3.0
100.0,100.0,100.0,100.0,99.998,0.002,0.0,3,30000.0,0.0090000000000003,-0.0079999999999955,-0.0180000000000006,99.9982,100.0407,100.0263,100.00400663484594,100.01474814205874,100.01906503131086,0.0019999999999953,0.0977857142857142,0.0019999999999953,0.0,0.0246020947134798,0.0260104059384523,0.9458558536800612,48.60873182827137,100.03516666666668,100.02007692307691,100.01686048113208,100.01844960051024,-0.0015891193781669,0.0118441027085588,0.0055673186115237,-0.625
100.343,100.343,99.966,100.0,100.0,0.0,0.0,15,146623.0,0.0010000000000047,-0.0079999999999955,-0.019999999999996,99.9984,100.0399,100.0253,100.00267108989728,100.0120666616844,100.01724931404316,0.3770000000000095,0.1210000000000001,0.0,-0.0,0.0228448022339455,0.0241525197999914,0.9458558536800612,48.60873182827137,100.03458333333332,100.0205,100.0142665609579,100.0170829634354,-0.0028164024774923,0.0077474013792213,0.0038905743937205,4.0
99.984,100.0,99.982,100.0,100.0,0.0,0.0,6,58192.0,0.0049999999999954,-0.4180000000000063,0.0430000000000063,99.9994,99.9981,100.02745,100.0017807265982,100.00987272319634,100.01560652222952,0.0180000000000006,0.1173571428571439,0.0,-0.0,0.0212130306458065,0.0224273398142778,0.9458558536800612,48.60873182827137,100.03391666666668,100.02092307692308,100.01207170542592,100.01581755873649,-0.0037458533105478,0.0044494456211465,0.0023632888528668,-0.6
99.991,99.991,99.991,99.991,100.0,-0.009,-0.01,13,129988.0,-0.0079999999999955,-0.0090000000000003,0.0,99.9978,99.9972,100.02745000000002,99.99818715106548,100.00644131897882,100.01326304392194,0.0090000000000003,0.1153571428571435,0.0,0.0090000000000003,0.0196978141711061,0.0214682441132579,0.9175326154849086,47.84964845319627,100.0325,100.02057692307692,100.00882990459118,100.0139792210523,-0.0051493164611144,0.0017439627013639,0.0008607677900705,1.1666666666666663
99.987,100.299,99.987,100.001,99.991,0.01,0.01,7,70226.0,0.0030000000000001,0.0020000000000095,-0.1550000000000011,99.9984,99.9974,100.0197,99.999124767377,100.0054519882554,100.012095134977,0.3120000000000118,0.1363571428571443,0.0100000000000051,0.0,0.0190051131588846,0.0199347981051681,0.9533637139749856,48.80625697888817,99.99775,100.02061538461538,100.00762530388484,100.01301779727063,-0.0053924933857985,-0.000306956223519,-0.0003898844451032,-0.4615384615384615
99.986,99.986,99.985,99.985,100.001,-0.016,-0.02,52,519922.0,-0.0150000000000005,-0.0060000000000002,-0.0160000000000053,99.9954,99.9968,100.0189,99.99441651158467,100.0017334449362,100.00951464593156,0.0160000000000053,0.1268571428571446,0.0,0.0160000000000053,0.0176476050761071,0.0196537410976565,0.8979259973161757,47.310906673174685,99.99649999999998,100.02003846153846,100.00414448790256,100.01094240488024,-0.0067979169776606,-0.0020343933602823,-0.0016714909516147,6.428571428571429
100.386,109.19,100.002,100.011,99.985,0.026,0.03,247,2547870.0,0.0109999999999956,0.0120000000000004,0.0009999999999905,99.9976,99.998,100.01895,99.99994434105643,100.0034182731296,100.0096561082238,9.204999999999998,0.7501428571428578,0.0259999999999962,0.0,0.0182442047135277,0.0182499024478239,0.9996877937121904,49.992193624204965,99.9975,100.01976923076924,100.0051991820714,100.0109466711854,-0.0057474891139861,-0.003222797523787,-0.002486690584089,3.75
100.041,100.052,100.016,100.052,100.011,0.041,0.04,77,774610.0,0.0520000000000067,0.0570000000000021,0.0530000000000114,100.008,100.0037,100.0216,100.01729622737098,100.01225131437876,100.01368885982151,0.041000000000011,0.7221428571428581,0.041000000000011,0.0,0.0198696186625623,0.016946337987265,1.1725022053433642,53.970127278100975,100.00258333333336,100.021,100.01239930790658,100.013987658505,-0.0015883505984106,-0.0036473874553514,-0.0023070225869533,-0.688259109311741
99.989,99.989,99.955,99.982,100.052,-0.07,-0.07,12,120178.0,-0.0090000000000003,-0.0169999999999959,0.0120000000000004,100.0062,100.002,100.0222,100.00553081824732,100.0067510754008,100.01067087317185,0.0970000000000084,0.7289285714285734,0.0,0.0700000000000073,0.0184503601866649,0.0207358852738895,0.8897792374409772,47.08376617820511,100.00116666666668,100.02196153846154,100.00772249130556,100.01161820231944,-0.0038957110138539,-0.0040802947463368,-0.0026247602723334,-0.8441558441558441
99.966,99.999,99.966,99.999,99.982,0.017,0.02,3,29996.0,-0.0020000000000095,0.0009999999999905,-0.0080000000000097,100.0058,100.0021,100.0218,100.00335387883156,100.0053417889643,100.0095593614412,0.0330000000000012,0.7282857142857162,0.0169999999999959,0.0,0.0183467630304743,0.0192547506114688,0.9528434515036694,48.79261831100644,100.0015,100.02226923076924,100.00638056956625,100.01068352066612,-0.0043029510998877,-0.0043818316043058,-0.0029603984378443,-0.75
99.961,99.999,99.96,99.999,99.999,0.0,0.0,11,109976.0,0.0139999999999957,-0.0010000000000047,-0.0090000000000003,100.0086,100.002,100.02135,100.00190258588772,100.00418873642532,100.0085537079706,0.0390000000000014,0.7297857142857163,0.0,-0.0,0.017036279956869,0.0178794112820782,0.9528434515036692,48.79261831100643,100.0015,100.01623076923076,100.00524509732529,100.00981807469086,-0.0045729773655693,-0.0045770065918699,-0.0032829142233893,2.6666666666666665
99.953,99.953,99.953,99.953,99.999,-0.046,-0.05,1,9995.0,-0.0579999999999927,-0.046999999999997,-0.0549999999999926,99.997,99.9973,100.0186,99.98560172392516,99.99488169343893,100.00326287864009,0.0459999999999922,0.7317142857142878,0.0,0.0459999999999922,0.0158194028170926,0.0198880247619292,0.7954235277992556,44.30283526329009,99.99775,100.0143846153846,99.99720739004448,100.00560932841744,-0.0084019383729838,-0.005094349376585,-0.0043067190533082,-0.9090909090909092
99.996,100.007,99.996,100.007,99.953,0.054,0.05,19,188595.0,-0.0450000000000017,0.007000000000005,-0.4110000000000013,99.988,99.998,99.99805,99.99273448261678,99.99708502190455,100.00361879496006,0.054000000000002,0.7352142857142882,0.054000000000002,0.0,0.0185465883301576,0.0184674515646485,1.0042852022777509,50.10690101071646,99.99833333333332,100.01426923076924,99.99871394542224,100.00571234112726,-0.0069983957050254,-0.0052998026259084,-0.0048450543836516,18.0
99.965,99.998,99.964,99.998,100.007,-0.009,-0.01,13,129987.0,0.0160000000000053,0.007000000000005,-0.0019999999999953,99.9912,99.9987,99.99795,99.99448965507789,99.99725138155826,100.00308367163052,0.0430000000000063,0.7351428571428603,0.0,0.0090000000000003,0.0172218320208606,0.0177912050243165,0.9679969399106092,49.18691285945688,99.99816666666668,100.01423076923076,99.99860410766496,100.00514105659931,-0.006536948934368,-0.0054269643535273,-0.0051834332937949,-0.3157894736842105
99.981,99.999,99.981,99.999,99.998,0.001,0.0,2,20100.0,0.0,-0.0020000000000095,0.0,99.9912,99.9985,99.99795,99.99599310338526,99.99756931218404,100.00269475052286,0.0180000000000006,0.7362857142857179,0.0009999999999905,0.0,0.0160631297336556,0.0165204046654367,0.9723205974041412,49.29830366745932,99.99808333333334,100.01534615384617,99.99866501417804,100.00468616351787,-0.0060211493398441,-0.0053406568382143,-0.0053509765030047,-0.8461538461538461
99.975,100.099,99.975,100.099,99.999,0.1,0.1,1,10110.0,0.1000000000000085,0.1140000000000043,0.108000000000004,100.0112,100.0099,100.00335,100.03032873559016,100.0160112554233,100.01186667904447,0.1240000000000094,0.7182142857142892,0.1000000000000085,0.0,0.0220586204669665,0.0153403757607627,1.437945250558179,58.98185163218718,100.00708333333333,100.01888461538462,100.01410116584296,100.01167237362768,0.0024287922152836,-0.0044321811349621,-0.003795022759347,-0.5
99.977,99.995,99.977,99.995,100.099,-0.104,-0.1,3,29997.0,0.0420000000000015,-0.0159999999999911,-0.0039999999999906,100.0196,100.0083,100.00315,100.01855249039346,100.01219102716452,100.01026032865929,0.1219999999999998,0.7256428571428606,0.0,0.1039999999999992,0.0204830047193261,0.0216732060635653,0.9450842048588248,48.58834401605865,100.00658333333332,100.0183846153846,100.01116252494404,100.0104373829886,0.0007251419554421,-0.0041751264067563,-0.0028909898163892,2.0
99.999,99.999,99.979,99.979,99.995,-0.016,-0.02,2,19998.0,-0.0280000000000057,-0.0730000000000075,-0.0160000000000053,100.014,100.001,100.00235,100.005368326929,100.00615629495276,100.00728315450124,0.019999999999996,0.7264285714285746,0.0,0.0160000000000053,0.0190199329536599,0.0212679770590253,0.8942991099188066,47.21002640164562,100.00608333333334,100.01726923076924,100.00621444418344,100.0081086879524,-0.001894243768973,-0.003952741157325,-0.002691640606906,-0.3333333333333333
100.009,100.01,100.0,100.001,99.979,0.022,0.02,42,420516.0,0.0030000000000001,0.0190000000000054,0.0020000000000095,100.0146,100.0029,100.00245,100.00391221795266,100.00521878677954,100.00668475883448,0.0310000000000059,0.7063571428571456,0.0220000000000055,0.0,0.0192327948855417,0.0197488358405235,0.9738698038127972,49.33809727124026,100.00525,100.00123076923076,100.00541222200135,100.00758211847445,-0.0021698964730774,-0.0037157350876795,-0.0025872917801402,20.0
99.995,100.383,99.995,100.383,100.001,0.382,0.38,5,50238.0,0.3840000000000003,0.3840000000000003,0.3849999999999909,100.0914,100.0413,100.0217,100.13027481196843,100.07390628009234,100.04252430561212,0.387999999999991,0.7329285714285732,0.3819999999999908,0.0,0.0451447381080024,0.0183382047090575,2.461786135788126,71.11317797301376,100.03283333333331,100.01596153846154,100.06350264938578,100.0353908504393,0.0281117989464831,-8.40932752292171e-05,0.0035525263651844,-0.8809523809523809
100.0,100.443,99.985,100.059,100.383,-0.324,-0.32,5,50093.0,-0.0400000000000062,0.0600000000000022,0.0589999999999975,100.0834,100.0473,100.02465,100.1065165413123,100.07119604734828,100.04409341936336,0.4579999999999984,0.1081428571428588,0.0,0.323999999999998,0.0419201139574308,0.0401711900869818,1.0435367701743972,51.065230897966224,100.03925,100.01826923076922,100.06280993409564,100.03713967633269,0.0256702577629681,0.0037017062954321,0.0079760726447411,0.0
99.971,100.005,99.971,99.996,100.059,-0.063,-0.06,117,1172126.0,0.0009999999999905,0.0429999999999921,-0.0040000000000048,100.0836,100.0516,100.02445,100.0696776942082,100.0575240387395,100.0395130937097,0.0879999999999938,0.1115000000000005,0.0,0.0630000000000023,0.0389258201033286,0.0418018193664833,0.931199184467538,48.218702242476574,100.039,100.01846153846154,100.05253148269632,100.03409229290062,0.0184391897956999,0.0065281046844016,0.0100686960749329,22.4
99.996,99.997,99.995,99.996,99.996,0.0,0.0,68,681367.0,0.0169999999999959,-0.0110000000000098,-0.0040000000000048,100.087,100.0505,100.02425,100.04511846280548,100.04633784987776,100.03536898954688,0.0019999999999953,0.1047142857142852,0.0,-0.0,0.0361454043816622,0.0388159751260202,0.931199184467538,48.21870224247656,100.03875,100.01834615384615,100.04383433151229,100.03127064157464,0.0125636899376218,0.0086503978924004,0.0105676948474706,-0.4188034188034187
100.003,100.01,100.0,100.01,99.996,0.014,0.01,11,110208.0,0.0090000000000003,0.0120000000000004,0.0190000000000054,100.0888,100.0517,100.0252,100.03341230853698,100.0397309680818,100.0329528953043,0.01400000000001,0.103357142857143,0.01400000000001,0.0,0.0345635897829728,0.0360434054741616,0.9589435106999076,48.95207572153464,100.0435,100.01892307692307,100.03862904974116,100.02969503849503,0.0089340112460973,0.0103120824019495,0.010240958127196,-0.8382352941176471
99.989,99.995,99.986,99.995,100.01,-0.015,-0.01,272,2715315.0,-0.387999999999991,-0.0039999999999906,-0.0060000000000002,100.0112,100.0513,100.0249,100.02060820569132,100.0315980647942,100.02933833384677,0.0240000000000009,0.1022857142857144,0.0,0.0150000000000005,0.0320947619413319,0.0345403050831501,0.9291974076102985,48.16497285061654,100.04250000000002,100.01876923076924,100.0319168882425,100.02712503564356,0.0047918525989416,0.0105746446668004,0.0091511370215451,23.727272727272727
99.988,99.995,99.988,99.995,99.995,0.0,0.0,553,5529505.0,-0.0639999999999929,-0.1039999999999992,0.0100000000000051,99.9984,100.0409,100.0254,100.01207213712756,100.02494387119526,100.02606801633756,0.007000000000005,0.099500000000001,0.0,-0.0,0.0298022789455225,0.0320731404343537,0.9291974076102985,48.16497285061654,100.04225,100.01865384615384,100.02623736697444,100.02474540337369,0.0014919636007562,0.0106598470718353,0.0076193023373873,1.0330882352941178
99.966,99.998,99.966,99.998,99.995,0.003,0.0,2,20099.0,0.0020000000000095,0.0030000000000001,-0.012999999999991,99.9988,100.0412,100.02475,100.00738142475171,100.02004498552338,100.02339487192444,0.0320000000000106,0.0979285714285731,0.0030000000000001,0.0,0.0278878304494137,0.0297822018318998,0.936392500689555,48.35757731741385,100.04216666666667,100.01857692307694,100.02189315667069,100.02276426238303,-0.0008711057123633,0.0107735290781252,0.0059212207274372,-0.9963833634719712
99.991,100.0,99.991,100.0,99.998,0.002,0.0,3,30300.0,0.0040000000000048,0.0210000000000007,-0.0520000000000067,99.9996,100.0433,100.02215,100.00492094983449,100.01640044270096,100.02116678888402,0.0090000000000003,0.0955000000000012,0.0019999999999953,0.0,0.0260386997030267,0.0276549017010498,0.9415582085413168,48.49497709619042,100.03391666666668,100.01857692307694,100.01852497872136,100.02107802072504,-0.002553042003683,0.0107309573525024,0.0042263681812131,0.5
99.975,100.0,99.975,99.999,100.0,-0.001,0.0,7,69997.0,-0.0110000000000098,-0.0020000000000095,0.0169999999999959,99.9974,100.0431,100.023,100.00294729988968,100.01323672584624,100.01905566613316,0.0250000000000056,0.0960000000000016,0.0,0.0010000000000047,0.0241787925813819,0.0257509801509752,0.9389464960022612,48.42560111577035,100.03425,100.01853846153844,100.01552113584114,100.01944261178242,-0.0039214759412828,0.007171704587195,0.0025967993567139,1.3333333333333337
99.988,99.988,99.988,99.988,99.999,-0.011,-0.01,1,9999.0,-0.007000000000005,-0.394999999999996,-0.0109999999999956,99.996,100.0036,100.02245,99.99796486659312,100.00864823023782,100.0160979836443,0.0109999999999956,0.087928571428572,0.0,0.0109999999999956,0.0224517359684261,0.0246973387116195,0.9090751125287468,47.61861419504823,100.03499999999998,100.01842307692309,100.0112871149425,100.01711352942816,-0.0058264144856678,0.0036720743373466,0.0009121565882375,-0.8571428571428572
99.983,99.991,99.983,99.991,99.988,0.003,0.0,1,11099.0,-0.0040000000000048,-0.0679999999999978,-0.0079999999999955,99.9952,99.9968,100.02205,99.99564324439542,100.00543946110368,100.0137076994877,0.0079999999999955,0.0797857142857146,0.0030000000000001,0.0,0.0210623262563956,0.022933243089361,0.9184190031180868,47.8737440374257,100.03416666666664,100.01803846153848,100.00816602033598,100.01517919391496,-0.0070131735789971,0.0008440339623803,-0.0006729094452093,0.0
99.996,99.996,99.994,99.994,99.991,0.003,0.0,6,56397.0,-0.0040000000000048,-0.0019999999999953,0.0409999999999968,99.9944,99.9966,100.0241,99.99509549626364,100.00335955908484,100.01183077572696,0.0049999999999954,0.0787142857142859,0.0030000000000001,0.0,0.0197721600952245,0.0212951542972637,0.9284816545219908,48.14573435764065,100.00175,100.0183846153846,100.00598663259198,100.0136103647361,-0.0076237321441112,-0.00139901293559,-0.0020630739849897,5.0
99.999,99.999,99.999,99.999,99.994,0.005,0.01,8,79999.0,-0.0010000000000047,0.0030000000000001,-0.0080000000000097,99.9942,99.9969,100.0237,99.9963969975091,100.00256691197848,100.01060879708628,0.0049999999999954,0.0768571428571423,0.0049999999999954,0.0,0.0187170058027082,0.0197740718474592,0.9465428237084688,48.626868732595184,99.99675,100.01792307692308,100.00491176603936,100.01252811549638,-0.0076163494570096,-0.0032379419026019,-0.0031737290793937,0.3333333333333332
99.998,99.999,99.959,99.997,99.999,-0.002,0.0,9,90998.0,-0.0019999999999953,-0.0130000000000052,-0.0010000000000047,99.9938,99.9956,100.02365,99.9965979983394,100.0015547461642,100.00931272117332,0.039999999999992,0.0519999999999996,0.0,0.0019999999999953,0.0173800768168004,0.0185044952869261,0.93923538833723,48.4332842720328,99.99683333333331,100.01580769230767,100.00369457126408,100.01137788471888,-0.0076833134547769,-0.0046240714641262,-0.0040756459544703,0.125
100.001,100.001,100.001,100.001,99.997,0.004,0.0,19,194602.0,0.0130000000000052,0.0060000000000002,0.0020000000000095,99.9964,99.9962,100.02375,99.99806533222628,100.00145388322524,100.00852103344252,0.0040000000000048,0.0195714285714286,0.0040000000000048,0.0,0.0164243570441722,0.0171827456235742,0.9558633645625568,48.87168407985098,99.99725,100.01653846153847,100.00328002183883,100.01060915251747,-0.0073291306786273,-0.0056041930507243,-0.0047263428993017,1.1111111111111112
100.021,100.021,100.021,100.021,100.001,0.02,0.02,6,60013.0,0.0300000000000011,0.0259999999999962,-0.0780000000000029,100.0024,99.9988,100.01985,100.0057102214842,100.00500772263884,100.009709506448,0.019999999999996,0.0147142857142859,0.019999999999996,0.0,0.0166797601124453,0.0159554066504617,1.0453986211603443,51.10977441489107,99.99816666666668,100.0173846153846,100.00600617232516,100.01137884492358,-0.005372672598412,-0.0061043671491742,-0.0048556088391238,-0.6842105263157895
99.982,99.992,99.982,99.992,100.021,-0.029,-0.03,2,22797.0,-0.0019999999999953,-0.0060000000000002,-0.0030000000000001,100.002,99.9982,100.0197,100.00114014765614,100.00264268215903,100.00802288678628,0.0390000000000014,0.0173571428571435,0.0,0.0289999999999963,0.0154883486758421,0.0168871633182856,0.9171669855926056,47.8397026698801,99.99791666666668,100.0171153846154,100.00385137658284,100.00994337492924,-0.006091998346406,-0.0064975845205879,-0.0051028867405802,-0.6666666666666667
99.999,99.999,99.995,99.995,99.992,0.003,0.0,18,180297.0,-0.0039999999999906,-0.0049999999999954,0.0160000000000053,100.0012,99.9977,100.0205,99.99909343177076,100.00125310358467,100.00678261185428,0.0069999999999907,0.0168571428571421,0.0030000000000001,0.0,0.0145963237704248,0.0156809373669795,0.9308323494207243,48.208864415389904,99.99791666666664,100.01873076923076,100.00248962633933,100.00883645826782,-0.0063468319285107,-0.0067670685191687,-0.0053516757781663,8.0
99.996,100.0,99.991,100.0,99.995,0.005,0.01,20,200299.0,0.0030000000000001,0.0010000000000047,-0.0010000000000047,100.0018,99.9978,100.02045,99.99939562118053,100.00102526656929,100.00613664882052,0.0090000000000003,0.0157857142857135,0.0049999999999954,0.0,0.013910872072537,0.0145608704121953,0.9553599255224532,48.85852026793432,99.99808333333333,100.01846153846154,100.0021066069025,100.00818190580354,-0.0060752989010381,-0.0067947223430988,-0.0054964004027407,0.1111111111111111
100.0,100.014,100.0,100.012,100.0,0.012,0.01,44,443023.0,0.0109999999999956,0.0240000000000009,-0.3709999999999951,100.004,100.0002,100.0019,100.00359708078705,100.00302067264758,100.00669506321856,0.0139999999999957,0.0162857142857128,0.0120000000000004,0.0,0.0137743812102129,0.0135208082398956,1.0187542760623662,50.46450120960108,99.99908333333332,100.019,100.00362866737905,100.00846472759588,-0.0048360602168315,-0.0065528208584137,-0.0053643323655588,1.2000000000000002
99.999,100.0,99.999,100.0,100.012,-0.012,-0.01,10,101699.0,-0.0210000000000007,0.0090000000000003,-0.0589999999999975,99.9998,100.0011,99.99895,100.00239805385804,100.00247145943892,100.00605743815014,0.0130000000000052,0.0149285714285696,0.0,0.0120000000000004,0.0127904968380549,0.0134121790799031,0.9536479316191232,48.81370466933463,99.99916666666668,100.01903846153846,100.0030704108592,100.00783771073692,-0.0047672998777272,-0.0062354394954821,-0.0052449258679925,-0.7727272727272727
99.987,100.0,99.987,100.0,100.0,0.0,0.0,11,109992.0,0.0079999999999955,0.0060000000000002,0.0040000000000048,100.0014,100.0017,99.99915,100.00159870257202,100.0020221031773,100.0054805392787,0.0130000000000052,0.0152142857142842,0.0,-0.0,0.0118768899210509,0.0124541662884814,0.9536479316191234,48.81370466933463,100.00016666666669,100.01523076923078,100.00259803995776,100.00725713957122,-0.0046590996134483,-0.0059068561795309,-0.0051277606170837,0.1
99.985,99.998,99.985,99.997,100.0,-0.003,0.0,42,421966.0,0.0019999999999953,-0.0019999999999953,0.0010000000000047,100.0018,100.0015,99.9992,100.0000658017147,100.0011089935087,100.0046728688712,0.0150000000000005,0.0144999999999981,0.0,0.0030000000000001,0.0110285406409759,0.0117788686964471,0.936298801284922,48.35507828975553,100.00066666666665,100.0153076923077,100.0017368030412,100.00649735145484,-0.0047605484136425,-0.0055821045082937,-0.0050543181763955,2.8181818181818183
99.997,99.997,99.997,99.997,99.997,0.0,0.0,1,10000.0,-0.0030000000000001,0.0,-0.0130000000000052,100.0012,100.0015,99.99855,99.9990438678098,100.00036190377983,100.00394211945488,0.0,0.0137142857142842,0.0,-0.0,0.010240787738049,0.0109375209324151,0.936298801284922,48.35507828975553,100.00091666666668,100.016,100.0010080641118,100.00579384393968,-0.004785779827884,-0.0052995099693223,-0.0050006105066932,-0.9761904761904762
99.998,100.065,99.998,100.065,99.997,0.068,0.07,14,142311.0,0.0529999999999972,0.0639999999999929,0.0699999999999931,100.0118,100.0079,100.00205,100.02102924520652,100.01211428491078,100.00975715569729,0.0679999999999978,0.0179999999999986,0.0679999999999978,0.0,0.0143664457567596,0.0101562694372426,1.4145396442593847,58.584237687812674,100.00641666666668,100.01846153846154,100.01085297732536,100.01017948512931,0.0006734921960287,-0.0046277138810511,-0.0038657899661488,13.0
99.964,99.995,99.964,99.995,100.065,-0.07,-0.07,4,40196.0,-0.0049999999999954,-0.0259999999999962,0.0,100.0108,100.0053,100.00205,100.0123528301377,100.00900259674518,100.00835171229755,0.100999999999999,0.0248571428571417,0.0,0.0699999999999931,0.0133402710598482,0.0144308216202962,0.9244290734690966,48.036536457156245,100.00625,100.00353846153848,100.00841405773684,100.00905507882344,-0.0006410210866221,-0.0040220497410751,-0.0032208361902434,-0.7142857142857143
99.995,99.995,99.995,99.995,99.995,0.0,0.0,16,159992.0,-0.0049999999999954,0.0030000000000001,-0.0030000000000001,100.0098,100.0056,100.0019,100.00656855342514,100.00645667006424,100.00708012065016,0.0,0.0244999999999992,0.0,-0.0,0.0123873945555734,0.0134000486474179,0.9244290734690968,48.036536457156245,100.00575,100.00107692307694,100.00635035654656,100.00801396187356,-0.0016636053270246,-0.0035016912297989,-0.0029093900175997,3.0
99.995,99.996,99.988,99.996,99.995,0.001,0.0,21,209979.0,-0.0010000000000047,0.0009999999999905,-0.0040000000000048,100.0096,100.0057,100.0017,100.00304570228344,100.00455545732528,100.00602487106444,0.0079999999999955,0.0222142857142852,0.0009999999999905,0.0,0.0115740092301746,0.0124429023154595,0.930169580757268,48.191080723193885,100.00366666666666,100.00107692307694,100.00475799400093,100.00712403877182,-0.0023660447708948,-0.0030895518820052,-0.0028007209682587,0.3125
99.995,99.995,99.995,99.995,99.996,-0.001,0.0,12,119994.0,-0.0019999999999953,-0.0049999999999954,-0.0039999999999906,100.0092,100.0052,100.0015,100.0003638015223,100.00281810144796,100.004974883344,0.0009999999999905,0.0219999999999984,0.0,0.0009999999999905,0.0107472942851621,0.0116255521500688,0.9244545245189468,48.03722367770843,100.00391666666668,100.00103846153846,100.00325676415464,100.00622596182576,-0.0029691976711347,-0.0028821227102611,-0.0028344163088339,-0.4285714285714286
99.95,100.0,99.95,100.0,99.995,0.005,0.01,16,159988.0,-0.0649999999999977,-0.0120000000000004,0.0120000000000004,99.9962,100.004,100.0021,100.0002425343482,100.0023057193665,100.00450108493028,0.0499999999999971,0.0241428571428556,0.0049999999999954,0.0,0.0103367732647931,0.0107951555679211,0.957538147528866,48.91542720317516,100.00433333333336,100.00065384615384,100.00275572351543,100.0057647794683,-0.0030090559528446,-0.002686762274163,-0.002869344237636,0.3333333333333332
99.994,99.994,99.994,99.994,100.0,-0.006,-0.01,1,9999.0,-0.0010000000000047,-0.0060000000000002,0.0030000000000001,99.996,100.0034,100.00225,99.99816168956548,100.0007955885726,100.0035009816036,0.0060000000000002,0.0217857142857127,0.0,0.0060000000000002,0.0095984323173078,0.0104526444559267,0.9182778920472578,47.8699095607695,100.00383333333332,100.0006153846154,100.00140868912848,100.0048933143225,-0.0034846251940336,-0.0025562651164503,-0.0029924004289156,-0.9375
99.999,99.999,99.999,99.999,99.994,0.005,0.01,6,59999.0,0.0039999999999906,-0.0010000000000047,0.0049999999999954,99.9968,100.0033,100.0025,99.998441126377,100.00046911792302,100.00307231668896,0.0049999999999954,0.0216428571428559,0.0049999999999954,0.0,0.0092699728660712,0.0097060269947891,0.9550738804917852,48.851037805872735,100.00275,100.00076923076924,100.00103812157025,100.00445677252084,-0.0034186509505929,-0.0024071653983336,-0.003077650533251,5.0
99.998,99.998,99.998,99.998,99.999,-0.001,0.0,1,10000.0,0.0020000000000095,0.0010000000000047,-0.0009999999999905,99.9972,100.0034,100.00245,99.99829408425134,100.00002018739156,100.00258923890904,0.0009999999999905,0.0210714285714266,0.0,0.0009999999999905,0.0086078319470661,0.0090841679237321,0.9475641599026924,48.65380968758617,100.00258333333332,100.00076923076924,100.00057071825174,100.00397849307484,-0.0034077748231027,-0.0022540537311357,-0.0031436753912214,-0.8333333333333334
100.0,100.0,100.0,100.0,99.998,0.002,0.0,6,60200.0,0.0049999999999954,0.0030000000000001,0.0030000000000001,99.9982,100.0037,100.0026,99.99886272283425,100.00001651695672,100.00234264472724,0.0019999999999953,0.0202142857142837,0.0019999999999953,0.0,0.0081358439508468,0.0084352987863226,0.9644997950800076,49.09645689429694,100.00258333333332,100.00076923076924,100.00048291544378,100.00368378988412,-0.0032008744403242,-0.0026845389129527,-0.0031551152010419,5.0
100.063,100.063,100.063,100.063,100.0,0.063,0.06,5,50032.0,0.0630000000000023,-0.0019999999999953,0.0619999999999976,100.0108,100.0035,100.0057,100.02024181522285,100.01146805932822,100.0081195357056,0.0630000000000023,0.0237857142857121,0.0630000000000023,0.0,0.0120547122400722,0.0078327774444424,1.5390086499425977,60.61454930361864,100.00808333333336,100.00323076923078,100.01010092845245,100.00807758322604,0.0020233452264051,-0.0023884982115052,-0.0021194231155525,-0.1666666666666666
99.959,99.99,99.959,99.99,100.063,-0.073,-0.07,2,19995.0,-0.0040000000000048,-0.0050000000000096,-0.0310000000000059,100.01,100.003,100.00415,100.01016121014857,100.007564775814,100.0063938656384,0.1039999999999992,0.0302857142857117,0.0,0.0730000000000075,0.0111936613657813,0.0124875790555542,0.8963836237579308,47.268053390042994,100.0075,100.00330769230769,100.00700847792127,100.00673850298706,0.0002699749342269,-0.002173655960255,-0.0016415435055966,-0.6
99.93,99.991,99.93,99.991,99.99,0.001,0.0,2,18989.0,-0.0079999999999955,-0.0040000000000048,-0.0010000000000047,100.0084,100.0026,100.0041,100.00377414009904,100.00455299839328,100.00492778319664,0.0609999999999928,0.0335714285714254,0.0010000000000047,0.0,0.0104655426967973,0.0115956091230146,0.9025435909205995,47.43878643452676,100.00133333333332,100.00330769230769,100.00454563516416,100.005572687951,-0.0010270527868243,-0.0020248790731361,-0.0015186453618421,0.0
99.97,99.97,99.97,99.97,99.991,-0.021,-0.02,5,49985.0,-0.0280000000000057,-0.0259999999999962,-0.0250000000000056,100.0028,100.0,100.00285,99.9925160933994,99.99827063504902,100.0016013276541,0.0210000000000007,0.0350714285714255,0.0,0.0210000000000007,0.0097180039327403,0.0122673513285136,0.792184365842061,44.20216920427446,99.99925,100.00238461538464,99.99923092206198,100.0029376740287,-0.0037067519667175,-0.0021068295504231,-0.0019562666828172,1.5
99.974,99.974,99.974,99.974,99.97,0.004,0.0,13,130166.0,-0.0259999999999962,-0.0210000000000007,-0.0259999999999962,99.9976,99.9979,100.00155,99.98634406226626,99.99385779231282,99.99897262978229,0.0040000000000048,0.0304999999999974,0.0040000000000048,0.0,0.0093095750804021,0.0113911119479055,0.8172665779229605,44.97230003850359,99.9975,100.00142307692307,99.99534924174476,100.00079414261916,-0.0054449008744228,-0.002377478986154,-0.0026539935211383,1.6
100.35,100.35,100.35,100.35,99.974,0.376,0.38,1,10035.0,0.2869999999999919,0.3499999999999943,0.3379999999999938,100.055,100.0329,100.01845,100.10756270817753,100.0586109209832,100.03240380789823,0.3759999999999905,0.0501428571428539,0.3759999999999905,0.0,0.0355017482889441,0.0105774610944837,3.356358200878537,77.04504648404873,100.027,100.015,100.04991089686094,100.0266612431659,0.0232496536950321,0.0005929964459644,0.0025267359220957,-0.9230769230769232
99.962,99.963,99.962,99.963,100.35,-0.387,-0.39,2,19993.0,-0.027000000000001,-0.0310000000000059,-0.0370000000000061,100.0496,100.0298,100.0166,100.059375138785,100.04122711716808,100.02579392143176,0.387999999999991,0.077857142857139,0.0,0.3870000000000004,0.0329659091254481,0.0374647853020206,0.879917203840753,46.8061679547931,100.02433333333332,100.01353846153846,100.03653998965156,100.021945595524,0.0145943941275703,0.0025944458990936,0.0049402675631906,1.0
99.928,100.0,99.928,100.0,99.963,0.037,0.04,5,49978.0,0.0090000000000003,0.0010000000000047,0.0,100.0514,100.0299,100.0166,100.03958342585668,100.03373127768296,100.02333735748589,0.0720000000000027,0.0824285714285681,0.0370000000000061,0.0,0.0332540584736308,0.0347887292090191,0.9558859788706958,48.87227523470527,100.02433333333332,100.01273076923076,100.03091845278207,100.02031999585554,0.0105984569265444,0.0041506938712766,0.0060719054358614,1.5
99.803,99.999,99.803,99.999,100.0,-0.001,0.0,5,49980.0,0.0289999999999963,0.0009999999999905,0.0019999999999953,100.0572,100.03,100.0167,100.0260556172378,100.02741649992242,100.02101951391576,0.1970000000000027,0.0964285714285689,0.0,0.0010000000000047,0.0308787685826572,0.0323752485512324,0.9537770353729612,48.81708701171689,100.02475,100.013,100.02600792158484,100.01874073690328,0.0072671846815524,0.0053138115514851,0.0063109612849996,0.0
100.0,100.09,99.994,99.994,99.999,-0.005,-0.01,45,448657.0,0.019999999999996,-0.0060000000000002,-0.0030000000000001,100.0612,100.0294,100.01655,100.01537041149189,100.0213407726638,100.01844622687618,0.0960000000000036,0.0997142857142837,0.0,0.0049999999999954,0.0286731422553245,0.0304198736547155,0.9425792684342668,48.52204920286175,100.02433333333332,100.01296153846154,100.0210836259564,100.01690808972526,0.0041755362311448,0.0055529438853451,0.0058838762742286,8.0
100.336,100.336,99.955,99.995,99.994,0.001,0.0,24,242676.0,-0.3549999999999897,-0.0679999999999978,-0.0699999999999931,99.9902,100.0226,100.01305,100.00858027432793,100.01655154127036,100.01621325288798,0.3810000000000002,0.126499999999998,0.0010000000000047,0.0,0.0266964892370874,0.0282470255365215,0.945107979690486,48.58897241483096,100.02408333333334,100.01276923076922,100.01707076042464,100.01528526826414,0.0017854921605078,0.0057213346882652,0.0050641994514845,-0.4666666666666667
99.975,100.195,99.975,100.0,99.995,0.005,0.01,4,40256.0,0.0370000000000061,0.0100000000000051,0.0049999999999954,99.9976,100.0236,100.0133,100.00572018288528,100.01354217013032,100.0146691335653,0.2199999999999988,0.1418571428571411,0.0049999999999954,0.0,0.0251467400058665,0.0262293808553414,0.9587241172238966,48.94635792725615,100.02408333333334,100.01230769230769,100.01444448959008,100.01415302617048,0.0002914634196002,0.0058678364889791,0.0041096522451076,-0.8333333333333334
100.01,100.29,100.01,100.15,100.0,0.15,0.15,16,161998.0,0.1500000000000056,0.159000000000006,0.1550000000000011,100.0276,100.0395,100.02105,100.05381345525686,100.03835268465208,100.02755778751148,0.2900000000000062,0.1624999999999994,0.1500000000000056,0.0,0.0340648300054479,0.0243558536513884,1.398630099072959,58.30953674822609,100.03133333333336,100.01807692307692,100.03529918349932,100.02421576497268,0.0110834185266384,0.0075111887660186,0.0055044055014138,3.0
100.15,100.18,100.15,100.18,100.15,0.03,0.03,43,426760.0,0.1810000000000116,0.2100000000000079,0.1840000000000117,100.0638,100.0605,100.03025,100.09587563683792,100.06410674198806,100.04207609346275,0.0300000000000011,0.1644999999999998,0.0300000000000011,0.0,0.0337744850050589,0.0226161498191464,1.493379079778911,59.89378397733767,100.04716666666668,100.025,100.05756084757634,100.03575533793769,0.0218055096386677,0.010539012156362,0.0087646263288646,1.6875
100.0,100.466,100.0,100.429,100.18,0.249,0.25,26,257565.0,0.4350000000000023,0.4549999999999983,0.4339999999999975,100.1508,100.106,100.05195,100.20691709122528,100.1304509707175,100.07892598932344,0.465999999999994,0.1932857142857134,0.2489999999999952,0.0,0.0491477360761257,0.0210007105463502,2.3402891996274486,70.06247243168248,100.08366666666666,100.04161538461538,100.1147053325646,100.0648845721645,0.0498207604000953,0.0134913573458135,0.0169758531431107,-0.3953488372093023
100.418,100.418,100.005,100.028,100.429,-0.401,-0.4,4,42449.0,0.0330000000000012,-0.3219999999999885,0.0280000000000057,100.1574,100.0738,100.05335,100.14727806081686,100.11182352149612,100.07407589510215,0.4240000000000066,0.2161428571428569,0.0,0.4009999999999962,0.0456371834992596,0.0481435169358964,0.9479403750254898,48.66372642504961,100.0885,100.04280769230768,100.10136605063158,100.0621523816338,0.0392136689977888,0.0162268323313933,0.0214234163140463,-0.8461538461538461
100.0,100.142,100.0,100.142,100.028,0.114,0.11,4,40028.0,0.1419999999999959,0.179000000000002,0.1479999999999961,100.1858,100.0917,100.06075,100.14551870721124,100.11731015395138,100.0805448574734,0.1419999999999959,0.2219285714285714,0.1139999999999901,0.0,0.0505202418207404,0.044704694297618,1.1300880727291356,53.05358436570332,100.1025,100.04576923076924,100.1076174274575,100.0680670200313,0.0395504074262049,0.0194437157202445,0.025048814536478,0.0
100.0,100.0,99.991,99.991,100.142,-0.151,-0.15,14,141692.0,-0.159000000000006,-0.0090000000000003,-0.0079999999999955,100.154,100.0908,100.06035,100.09401247147416,100.09434467141476,100.07201677580926,0.1509999999999962,0.2312142857142853,0.0,0.1509999999999962,0.0469116531192589,0.0522972161335022,0.8970200822832473,47.28574518850622,100.07258333333334,100.04561538461536,100.08967628477174,100.06235835188085,0.0273179328909094,0.0216715766323953,0.0255026382073643,2.5
100.0,100.0,100.0,100.0,99.991,0.009,0.01,4,40100.0,-0.1800000000000068,0.0010000000000047,0.0019999999999953,100.118,100.0909,100.06045,100.06267498098278,100.07719109479387,100.065158035256,0.0090000000000003,0.2315714285714278,0.0090000000000003,0.0,0.0442036778964547,0.0485617006953949,0.9102580276939632,47.65105103590712,100.07566666666668,100.04580769230768,100.0758799332684,100.05773921470448,0.0181407185639272,0.02322326355826,0.0240302542786769,-0.7142857142857143
99.982,100.0,99.982,100.0,100.0,0.0,0.0,1,11100.0,-0.429000000000002,0.0060000000000002,0.0,100.0322,100.0915,100.06045,100.04178332065518,100.06315635028592,100.05895250808877,0.0180000000000006,0.206,0.0,-0.0,0.0410462723324222,0.045093007788581,0.9102580276939632,47.65105103590712,100.07566666666668,100.04596153846153,100.06420609738096,100.05346223583749,0.0107438615434745,0.0242186379341452,0.0213729757316364,-0.75
99.999,99.999,99.963,99.99,100.0,-0.01,-0.01,4,39995.0,-0.0380000000000109,-0.0050000000000096,-0.0730000000000075,100.0246,100.091,100.0568,100.02452221377013,100.04985519568844,100.05238560255648,0.0370000000000061,0.1809285714285725,0.0,0.0100000000000051,0.0381143957372492,0.0425863643751113,0.8949905984349394,47.22928964260331,100.07491666666668,100.04576923076924,100.05278977470697,100.04876132947912,0.0040284452278172,0.0246338581350582,0.0179040696308726,3.0
99.986,99.99,99.986,99.988,99.99,-0.002,0.0,20,202978.0,-0.1539999999999963,-0.0120000000000004,-0.0019999999999953,99.9938,100.0898,100.0567,100.01234814251342,100.03860879647236,100.04625364040824,0.0039999999999906,0.1760714285714288,0.0,0.0019999999999953,0.0353919388988743,0.0396873383483173,0.8917690218541673,47.13942408149402,100.07441666666666,100.04530769230767,100.04282211705971,100.04426049025848,-0.0014383731987379,0.0232425479433497,0.0140355810649505,4.0
99.989,99.99,99.95,99.987,99.988,-0.001,0.0,10,99980.0,-0.0040000000000048,-0.1630000000000109,-0.0040000000000048,99.993,100.0735,100.0565,100.0038987616756,100.02922537893193,100.04061043655985,0.039999999999992,0.1648571428571423,0.0,0.0010000000000047,0.0328639432632404,0.0369239570377235,0.8900439145691998,47.09117643819767,100.07375,100.04503846153844,100.03423409905054,100.04001897246154,-0.0057848734110024,0.0201769498267196,0.0100714901697599,-0.5
100.0,100.002,99.966,100.002,99.987,0.015,0.02,34,338802.0,0.0019999999999953,-0.1780000000000114,0.0319999999999964,99.9934,100.0557,100.0581,100.00326584111708,100.0242753100352,100.03693325212558,0.0360000000000013,0.1605714285714279,0.0150000000000005,0.0,0.0315879473158661,0.034286531535029,0.9212931696982576,47.95172252878765,100.07391666666666,100.04515384615384,100.02927500688892,100.0372027522792,-0.0079277453903046,0.0137604491833419,0.006471643057747,2.4
100.002,100.002,99.963,99.977,100.002,-0.025,-0.03,4,41996.0,-0.0229999999999961,-0.4519999999999982,0.0030000000000001,99.9888,100.0105,100.05825,99.99451056074471,100.01567979911972,100.03122532335172,0.0390000000000014,0.1361428571428565,0.0,0.0249999999999914,0.0293316653647328,0.0336232078539549,0.8723636808283519,46.591572447208,100.0595,100.04434615384616,100.02123269813676,100.03274328914742,-0.0115105910106478,0.0081244202935156,0.002875196244068,-0.8823529411764706
99.976,99.997,99.976,99.99,99.977,0.013,0.01,85,850983.0,0.0,-0.0380000000000109,-0.3599999999999994,99.9888,100.0067,100.04025,99.99300704049648,100.0110107447343,100.02729910208012,0.0210000000000007,0.1219285714285709,0.012999999999991,0.0,0.0281651178386798,0.0312215501501009,0.902105042935825,47.42666795854034,100.04366666666668,100.04396153846156,100.0164276676542,100.02957711958096,-0.0131494519267505,0.0022688803654094,-0.0003297333900956,20.25
99.991,99.999,99.946,99.999,99.99,0.009,0.01,5,49993.0,0.0109999999999956,-0.1430000000000006,0.0360000000000013,99.991,99.9924,100.04205,99.99500469366431,100.0088269729644,100.02460394950106,0.0529999999999972,0.1049999999999989,0.0090000000000003,0.0,0.0267961808502027,0.0289914394250937,0.9242790762230698,48.03248591348939,100.00783333333334,100.04149999999998,100.01374648801507,100.02731214776011,-0.0135656597450406,-0.002273741038585,-0.0029769186610846,-0.9411764705882352
99.999,99.999,99.999,99.999,99.999,0.0,0.0,1,10000.0,0.0120000000000004,0.0079999999999955,-0.0010000000000047,99.9934,99.9932,100.042,99.9963364624429,100.00704025060725,100.02216547812,0.0,0.1028571428571416,0.0,-0.0,0.0248821679323311,0.0269206223233013,0.9242790762230696,48.03248591348939,100.00541666666668,100.04184615384617,100.01147779755122,100.02521495162974,-0.0137371540785125,-0.0058157268877449,-0.0051289657445702,-0.8
100.005,100.005,100.0,100.0,99.999,0.001,0.0,9,90103.0,-0.0019999999999953,0.0,0.0010000000000047,99.993,99.9932,100.04205,99.9975576416286,100.0057602050423,100.0200544802038,0.0060000000000002,0.0699999999999992,0.0010000000000047,0.0,0.0231762987943078,0.0249977207287798,0.9271364795921168,48.10953917432706,99.99358333333332,100.04219230769232,100.00971198254334,100.02334717743494,-0.0136351948916058,-0.0085245109360872,-0.0068302115739773,8.0
99.975,99.975,99.975,99.975,100.0,-0.025,-0.03,1,9998.0,-0.0020000000000095,-0.0250000000000056,-0.0190000000000054,99.9926,99.9907,100.0411,99.9900384277524,100.00016744048914,100.01576357732726,0.0250000000000056,0.0414999999999992,0.0,0.0250000000000056,0.0215208488804287,0.0249978835338674,0.8609068384238218,46.26275859961938,99.99225,100.0423846153846,100.00437167753668,100.01976590503234,-0.0153942274956762,-0.010682585683142,-0.0085430147583171,-0.8888888888888888
99.83,99.83,99.83,99.83,99.975,-0.145,-0.15,10,99930.0,-0.1599999999999966,-0.1599999999999966,-0.1650000000000062,99.9606,99.9747,100.03285,99.93669228516828,99.96922790585477,99.998071808058,0.144999999999996,0.0417142857142849,0.0,0.144999999999996,0.0199836453889695,0.033569463281448,0.595292370968986,37.31556558547343,99.97808333333332,100.03684615384616,99.97754526560794,100.00570917132625,-0.0281639057182871,-0.0136520892964253,-0.0124671929503111,9.0
99.976,100.004,99.972,100.003,99.83,0.173,0.17,21,210300.0,0.0040000000000048,0.0150000000000005,0.0030000000000001,99.9614,99.9762,100.033,99.95879485677888,99.97536828660844,99.99854115967152,0.1740000000000066,0.0433571428571428,0.1730000000000018,0.0,0.0309133850040432,0.0311716444756303,0.9917149230997752,49.79201147704084,99.97833333333332,100.0235,99.98146137859132,100.00550849196873,-0.0240471133773922,-0.0156812270704686,-0.0147831770357273,1.1
99.995,99.995,99.995,99.995,100.003,-0.008,-0.01,1,10099.0,-0.0039999999999906,0.0080000000000097,-0.1550000000000011,99.9606,99.977,100.02525,99.97086323785258,99.97893768904326,99.99820390636948,0.0079999999999955,0.0432857142857138,0.0,0.0079999999999955,0.028705286075183,0.0295165270130849,0.972515704928892,49.30331872637488,99.97875,100.02473076923076,99.98354424342344,100.00473008515624,-0.0211858417328016,-0.0171543488863016,-0.0160637099751422,-0.9523809523809524
99.982,100.003,99.982,99.986,99.995,-0.009,-0.01,36,359969.0,-0.0139999999999957,-0.0159999999999911,-0.1940000000000026,99.9578,99.9754,100.01555,99.97590882523508,99.98022174558083,99.99704162957238,0.0210000000000007,0.0434999999999996,0.0,0.0090000000000003,0.0266549084983842,0.0280510607978646,0.950228181759647,48.72394885106611,99.97858333333336,100.0241923076923,99.98392205212753,100.00334267144096,-0.0194206193134363,-0.0180332409199448,-0.016735091842801,35.0
99.995,99.997,99.972,99.996,99.986,0.01,0.01,17,169981.0,0.0210000000000007,0.0189999999999912,-0.4330000000000069,99.962,99.9773,99.9939,99.98260588349004,99.9830905191116,99.99694242675596,0.0250000000000056,0.0426428571428567,0.0099999999999909,0.0,0.0254652721770704,0.0260474135980171,0.9776507015271926,49.434953339951576,99.97933333333332,100.02407692307692,99.98578019795406,100.00279876985272,-0.0170185718986743,-0.0184631431390474,-0.0167917878539757,-0.5277777777777778
99.999,100.005,99.999,100.005,99.996,0.009,0.01,16,160501.0,0.1749999999999971,0.0150000000000005,-0.0230000000000103,99.997,99.9788,99.99275,99.99007058899338,99.9870740610913,99.99770981468396,0.0090000000000003,0.0430000000000002,0.0090000000000003,0.0,0.0242891813072796,0.0241868840553016,1.004229451455762,50.10551315501053,99.97958333333334,100.0245,99.9887370905765,100.00296182393772,-0.0142247333612175,-0.0185363735408448,-0.016278376955424,-0.0588235294117647
100.0,100.0,99.993,99.993,100.005,-0.012,-0.01,6,60495.0,-0.0100000000000051,-0.0060000000000002,-0.1490000000000009,99.995,99.9782,99.9853,99.99104705932892,99.98815150452924,99.99726126090454,0.0120000000000004,0.0410000000000008,0.0,0.0120000000000004,0.0225542397853311,0.0233163923370658,0.9673125867536924,49.16923692080256,99.98091666666666,100.02442307692309,99.9893929227955,100.00222391105343,-0.0128309882579458,-0.0184356884496708,-0.0155888992159284,-0.625
99.991,100.086,99.991,100.018,99.993,0.025,0.03,7,70031.0,0.0229999999999961,0.0190000000000054,0.027000000000001,99.9996,99.9801,99.98665,100.00003137288596,99.99357850370576,99.99923637891362,0.0949999999999988,0.0452142857142864,0.0250000000000056,0.0,0.0227289369435221,0.0216509357415611,1.0497900513321323,51.2145158793159,99.98325,100.0251153846154,99.9937940115962,100.00339251023468,-0.009598498638482,-0.0179871666437681,-0.0143908191004391,0.1666666666666667
100.005,100.005,100.005,100.005,100.018,-0.013,-0.01,6,60002.0,0.0189999999999912,0.0049999999999954,0.0049999999999954,100.0034,99.9806,99.9869,100.00168758192396,99.9956551393956,99.99978529520756,0.0130000000000052,0.0433571428571438,0.0,0.0130000000000052,0.0211054414475563,0.0210330117600214,1.0034436194093963,50.08594250858957,99.98375,100.01953846153847,99.99551800981216,100.00351158355063,-0.0079935737384602,-0.0171648717818552,-0.0131113700280433,-0.1428571428571429
100.0,100.018,100.0,100.0,100.005,-0.005,-0.01,66,660002.0,0.0040000000000048,0.0250000000000056,0.0,100.0042,99.9831,99.9869,100.00112505461598,99.99644511405096,99.99980574328302,0.0180000000000006,0.0431428571428581,0.0,0.0049999999999954,0.019597909915588,0.0198877966343053,0.9854238896320342,49.63292195575759,99.98383333333334,100.0126153846154,99.99620754676415,100.0032514662506,-0.0070439194864349,-0.0148182066449828,-0.0118978799197216,10.0
99.921,100.0,99.921,100.0,100.0,0.0,0.0,66,663187.0,-0.0049999999999954,0.1700000000000017,0.0100000000000051,100.0032,100.0001,99.9874,100.00075003641066,99.99709145695078,99.99982424392272,0.0789999999999935,0.0450000000000006,0.0,-0.0,0.0181980592073317,0.0184672397318549,0.9854238896320342,49.63292195575759,99.98383333333334,99.9961153846154,99.99679100110814,100.00301061689868,-0.006219615790556,-0.0128373735797787,-0.0107622270938885,0.0
99.98,100.349,99.98,99.999,100.0,-0.001,0.0,164,1642326.0,0.0060000000000002,-0.0040000000000048,0.0109999999999956,100.0044,99.9997,99.98795,100.00016669094045,99.9974384647779,99.99974574450152,0.3689999999999998,0.0713571428571435,0.0,0.0010000000000047,0.0168981978353794,0.0172195797510084,0.9813362509262048,49.52901106349135,99.98583333333332,99.995,99.9971308470915,100.00271353416544,-0.0055826870739537,-0.0111036897287956,-0.0097263190899015,1.4848484848484849
99.996,99.997,99.995,99.997,99.999,-0.002,0.0,68,679073.0,-0.0210000000000007,0.0019999999999953,0.0100000000000051,100.0002,99.9999,99.98845,99.99911112729365,99.9973587439092,99.9994842450252,0.0039999999999906,0.0712142857142857,0.0,0.0019999999999953,0.0156911837042809,0.0161324669116504,0.9726462660803106,49.30667412627298,99.99975,99.98942307692307,99.99711071676973,100.00229030941246,-0.0051795926427331,-0.0095213534320508,-0.0088169738004679,-0.5853658536585367
99.992,99.997,99.98,99.997,99.997,0.0,0.0,5,49993.0,-0.0079999999999955,0.0109999999999956,-0.0049999999999954,99.9986,100.001,99.9882,99.99840741819575,99.99729351774388,99.99924765026088,0.0169999999999959,0.0706428571428564,0.0,-0.0,0.0145703848682608,0.0149801478465325,0.9726462660803106,49.30667412627298,99.99925,99.98965384615386,99.99709368342054,100.00189843464116,-0.0048047512206181,-0.0081642622456001,-0.0080145292844979,-0.9264705882352942
100.0,100.0,100.0,100.0,99.997,0.003,0.0,6,56700.0,0.0,0.0040000000000048,0.0229999999999961,99.9986,100.0014,99.98935,99.99893827879718,99.9977856054268,99.99931930261698,0.0030000000000001,0.0604999999999995,0.0030000000000001,0.0,0.0137439288062422,0.0139101372860659,0.9880512696312372,49.69948636256802,99.99966666666668,99.98965384615386,99.99754080904816,100.00175780985292,-0.0042170008047719,-0.0070522919615506,-0.0072550235885527,0.1999999999999999
99.982,99.988,99.982,99.988,100.0,-0.012,-0.01,2,15497.0,-0.0120000000000004,-0.0169999999999959,-0.0019999999999953,99.9962,99.9997,99.98925,99.9952921858648,99.9960064044401,99.99824127379632,0.0180000000000006,0.049357142857142,0.0,0.0120000000000004,0.0127622196057963,0.0137736989084898,0.9265644392683804,48.09413172913368,99.99983333333331,99.9891923076923,99.99607299227152,100.0007387128268,-0.0046657205552804,-0.0061450399945878,-0.0067371629818982,-0.6666666666666667
99.992,99.995,99.992,99.995,99.988,0.007,0.01,8,79995.0,-0.0039999999999906,0.0020000000000095,-0.0039999999999906,99.9954,99.9999,99.98905,99.99519479057652,99.99582342181462,99.99793258105382,0.007000000000005,0.0492857142857141,0.007000000000005,0.0,0.0123506324910969,0.0127898632721691,0.96565789862446,49.12644765399991,99.99975,99.9893846153846,99.99590791653743,100.0003136229878,-0.0044057064503562,-0.005568063084796,-0.0062708716755898,3.0
99.991,99.995,99.991,99.993,99.995,-0.002,0.0,3,29998.0,-0.0040000000000048,-0.0250000000000056,-0.0060000000000002,99.9946,99.9974,99.98875,99.9944631937177,99.99531007239378,99.99746281142964,0.0040000000000048,0.0480714285714287,0.0,0.0020000000000095,0.0114684444560186,0.0120191587527291,0.9541802959724228,48.82764901165947,99.99875,99.98957692307694,99.99546054476244,99.99977187313684,-0.0043113283743849,-0.0051589247110099,-0.0058789630153489,-0.625
99.978,99.978,99.978,99.978,99.993,-0.015,-0.02,1,4999.0,-0.0190000000000054,-0.027000000000001,-0.0220000000000055,99.9908,99.9947,99.98765,99.98897546247848,99.992162786504,99.9956092103411,0.0150000000000005,0.0473571428571426,0.0,0.0150000000000005,0.0106492698520172,0.012232075984677,0.8706020029108259,46.54127396186311,99.9975,99.98923076923076,99.99277430710669,99.99815914179337,-0.00538483468668,-0.0049745819554816,-0.0057801373496151,-0.6666666666666667
100.0,100.0,100.0,100.0,99.978,0.022,0.02,2,15100.0,0.0,0.0,0.0250000000000056,99.9908,99.9947,99.9889,99.992650308319,99.99358773441236,99.9960273807848,0.0220000000000055,0.0482857142857144,0.0220000000000055,0.0,0.0114600362911593,0.0113583562714858,1.0089520012617228,50.2228027662209,99.996,99.98915384615384,99.9938859521672,99.99829550166052,-0.0044095494933316,-0.0047734634780122,-0.0055060197783584,1.0
99.971,100.28,99.971,100.28,100.0,0.28,0.28,3,30053.0,0.2920000000000016,0.2800000000000011,0.4500000000000028,100.0492,100.0227,100.0114,100.08843353887931,100.04566269179192,100.02307239213864,0.3089999999999975,0.0694999999999999,0.2800000000000011,0.0,0.0306414622703623,0.0105470451092368,2.9052177129238914,74.39323301513743,100.01891666666668,100.0008076923077,100.03790349798764,100.01916250153752,0.0187409964501057,-0.0020708319753389,-0.0006566165326655,0.5
99.971,99.971,99.971,99.971,100.28,-0.309,-0.31,3,30191.0,-0.0240000000000009,-0.0279999999999915,-0.0319999999999964,100.0444,100.0199,100.0098,100.04928902591956,100.03208765692064,100.01811311669684,0.3089999999999975,0.0847857142857141,0.0,0.3089999999999975,0.0284527863939078,0.0318651133157197,0.8929133912689226,47.17138118349695,100.0165,100.00007692307692,100.02761065214338,100.01559490883103,0.0120157433123466,-0.0001602390914412,0.0018778554363368,0.0
100.257,100.258,100.022,100.022,99.971,0.051,0.05,59,590213.0,0.0290000000000105,0.0250000000000056,0.027000000000001,100.0502,100.0224,100.01115,100.0401926839464,100.03025353748052,100.01848329605906,0.2869999999999919,0.1043571428571417,0.0510000000000019,0.0,0.030063301651486,0.0295890337931683,1.016028501019426,50.3975266473495,100.01833333333332,100.00096153846154,100.02674747489056,100.01606936002874,0.0106781148618182,0.0015600793621628,0.0036379073214331,18.666666666666668
100.092,100.092,99.984,99.986,100.022,-0.036,-0.04,7,70002.0,0.0080000000000097,-0.0109999999999956,0.0,100.0518,100.0213,100.01115,100.02212845596426,100.02220743975678,100.01538964881532,0.108000000000004,0.1107857142857134,0.0,0.0360000000000013,0.0279159229620941,0.0300469599507993,0.9290764525863966,48.16172274254571,100.01725,100.00046153846152,100.0204786325997,100.0138420000266,0.0066366325730911,0.0027660386263698,0.0042376523717647,-0.8813559322033898
99.991,99.991,99.972,99.972,99.986,-0.014,-0.01,1,10199.0,-0.0280000000000057,-0.0280000000000057,-0.0240000000000009,100.0462,100.0185,100.00995,100.00541897064284,100.01307881434646,100.01125730130912,0.0190000000000054,0.1064999999999999,0.0,0.01400000000001,0.0259219284648017,0.0289007485257429,0.8969293110769129,47.28322272418859,100.01516666666669,99.9993846153846,100.01302038143052,100.01074259261723,0.0022777888132878,0.0035375396673218,0.0038456796600693,-0.8571428571428572
99.971,99.975,99.971,99.975,99.972,0.003,0.0,1,10097.0,-0.3050000000000068,-0.0130000000000052,-0.0300000000000011,99.9852,100.0172,100.00845,99.9952793137619,100.00615539355618,100.00780422499396,0.0039999999999906,0.0804285714285707,0.0030000000000001,0.0,0.024284647860173,0.0268364093453327,0.9049141987542576,47.50419726757444,100.01333333333332,99.9993846153846,100.00717109197969,100.00809499316412,-0.0009239011844357,0.0039244069190908,0.0028917634911683,0.0
99.981,99.999,99.981,99.999,99.975,0.024,0.02,3,28996.0,0.0279999999999915,0.0039999999999906,0.0060000000000002,99.9908,100.0176,100.00875,99.99651954250794,100.0048544129096,100.0069657273755,0.0240000000000009,0.0818571428571429,0.0240000000000009,0.0,0.0242643158701607,0.0249195229635232,0.9737070772052264,49.33392033958746,100.01325,100.00588461538464,100.00591400090588,100.00742128996676,-0.001507289060882,0.0042359668428133,0.0020119529807582,2.0
99.997,99.997,99.997,99.997,99.999,-0.002,0.0,1,9000.0,-0.0250000000000056,0.0040000000000048,-0.0210000000000007,99.9858,100.018,100.0077,99.9966796950053,100.00342633783512,100.0060166104826,0.0019999999999953,0.0807857142857143,0.0,0.0019999999999953,0.0225311504508635,0.0232824141804141,0.9677325674335546,49.18008592477253,100.014,100.00565384615383,100.00454261615111,100.0066493425618,-0.0021067264106875,0.0046002010957014,0.0011882171024691,-0.6666666666666667
99.998,99.998,99.998,99.998,99.997,0.001,0.0,1,5100.0,0.0120000000000004,0.0200000000000102,-0.0069999999999907,99.9882,100.02,100.00735,99.9971197966702,100.002439730956,100.00525312376996,0.0010000000000047,0.0806428571428574,0.0010000000000047,0.0,0.020993211132945,0.0216193845960988,0.9710364806930376,49.26527186100638,100.01425,100.00576923076925,100.0035360598202,100.0060086505202,-0.0024725907000089,0.0048154187394039,0.0004560555419734,0.0
99.995,99.995,99.995,99.995,99.998,-0.003,0.0,1,5100.0,0.0230000000000103,-0.0049999999999954,-0.0049999999999954,99.9928,100.0195,100.0071,99.99641319778014,100.00108705260035,100.00427663579188,0.0030000000000001,0.0795714285714288,0.0,0.0030000000000001,0.0194936960520204,0.0202894285535203,0.9607809308477614,48.99991201119848,100.01441666666666,100.00611538461538,100.00222281984784,100.00519319492612,-0.0029703750782772,0.0024030441251391,-0.0002292305820766,0.0
99.977,99.977,99.977,99.977,99.995,-0.018,-0.02,10,100177.0,0.0020000000000095,-0.3029999999999972,-0.0229999999999961,99.9932,99.9892,100.00595,99.98994213185344,99.9967075884912,100.00167886095456,0.0180000000000006,0.0803571428571428,0.0,0.0180000000000006,0.0181012891911618,0.0201258979425546,0.8994028113840352,47.35187323054811,100.01433333333334,100.0053846153846,99.99834238602509,100.00310481011678,-0.0047624240916945,0.0005388033024679,-0.0011358692840002,9.0
99.987,99.987,99.986,99.987,99.977,0.01,0.01,11,109986.0,-0.0120000000000004,0.0159999999999911,-0.0120000000000004,99.9908,99.9908,100.00535,99.98896142123564,99.9949425724019,100.000280874197,0.0099999999999909,0.0807857142857132,0.0099999999999909,0.0,0.0175226256775067,0.0186883338038007,0.9376237529502542,48.39039320831068,100.01325,100.0046923076923,99.99659740355968,100.00191186121924,-0.0053144576595514,-0.0012381491999065,-0.0019715869591104,0.1
99.943,99.985,99.943,99.98,99.987,-0.007,-0.01,47,469960.0,-0.0169999999999959,-0.0420000000000015,-0.0169999999999959,99.9874,99.9866,100.0045,99.98597428082375,99.9922257410561,99.99834936236871,0.0439999999999969,0.0828571428571416,0.0,0.0069999999999907,0.0162710095576848,0.0178534528178143,0.9113648616725556,47.68136528758085,99.98825,100.0041923076923,99.9940439568582,100.0002887603882,-0.0062448035299809,-0.0026694198780256,-0.0028262302732845,3.2727272727272725
100.0,100.005,99.986,100.003,99.98,0.023,0.02,52,520181.0,0.0049999999999954,0.0169999999999959,0.0060000000000002,99.9884,99.9883,100.0048,99.9916495205492,99.99418469722772,99.99879228023836,0.0249999999999914,0.0830714285714263,0.0229999999999961,0.0,0.0167516517321356,0.0165782061879704,1.0104622624546116,50.26019544484854,99.99091666666668,100.0036153846154,99.99542180964924,100.00048959295202,-0.0050677833027776,-0.0034855945575884,-0.0032745408791831,0.1063829787234043
99.996,99.996,99.992,99.992,100.003,-0.011,-0.01,4,39998.0,-0.0030000000000001,0.0200000000000102,-0.0079999999999955,99.9878,99.9903,100.0044,99.9917663470328,99.99378747954994,99.99814539640612,0.0109999999999956,0.0617857142857118,0.0,0.0109999999999956,0.0155551051798402,0.0161797628888293,0.961392653694548,49.01581801500251,99.98841666666668,100.00311538461536,99.99489537739552,99.99986073421483,-0.0049653568193264,-0.0039346451836874,-0.0036127040672118,-0.9230769230769232
100.0,100.0,99.999,99.999,99.992,0.007,0.01,11,109999.0,0.0219999999999913,0.0240000000000009,0.0109999999999956,99.9922,99.9927,100.00495,99.99417756468854,99.99473521054084,99.99822678722458,0.0079999999999955,0.0402857142857117,0.0069999999999907,0.0,0.0149440262384224,0.0150240655396272,0.9946725937134828,49.86645912960084,99.9895,100.00307692307692,99.9955268577962,99.99979697612484,-0.0042701183286482,-0.0042416262134392,-0.0037441869194991,1.75
99.999,99.999,99.999,99.999,99.999,0.0,0.0,6,59999.0,0.0120000000000004,0.0,0.0039999999999906,99.9946,99.9927,100.00515,99.99578504312572,99.99551062680617,99.99830042653652,0.0,0.0197857142857123,0.0,-0.0,0.0138765957928208,0.0139509180010824,0.9946725937134828,49.86645912960084,99.99174999999998,100.00303846153844,99.996061187366,99.99973794085632,-0.0036767534903248,-0.0044160736667322,-0.0037307002336642,-0.4545454545454546
99.973,99.999,99.973,99.999,99.999,0.0,0.0,3,29997.0,0.0189999999999912,0.0019999999999953,0.0060000000000002,99.9984,99.9929,100.00545,99.99685669541716,99.99614505829592,99.99836705258068,0.0259999999999962,0.0139285714285689,0.0,-0.0,0.0128854103790479,0.012954423858148,0.9946725937134828,49.86645912960084,99.99375,100.00303846153848,99.99651331238664,99.99968327857069,-0.0031699661840463,-0.0044935598316252,-0.0036185534237406,-0.5
100.25,100.25,100.003,100.005,99.999,0.006,0.01,10,100097.0,0.0019999999999953,0.0069999999999907,0.027000000000001,99.9988,99.9936,100.0068,99.9995711302781,99.99775504769666,99.9989987618587,0.2510000000000048,0.0304999999999974,0.0060000000000002,0.0,0.012393595351973,0.0120291078682802,1.0303004584948396,50.746206266369626,99.99425,100.00334615384617,99.99781895663484,100.00007710978768,-0.0022581531528373,-0.0044144240621319,-0.00334647336956,2.333333333333333
100.215,100.215,100.0,100.001,100.005,-0.004,0.0,8,80186.0,0.0090000000000003,0.0060000000000002,0.0010000000000047,100.0006,99.9942,100.00685,100.0000474201854,99.99834503902451,99.9991893559674,0.2150000000000034,0.0455714285714269,0.0,0.0039999999999906,0.0115083385411178,0.0114556001634024,1.0046037201860336,50.11482868508311,99.99458333333332,100.0035,99.99830834792178,100.00014547202562,-0.0018371241038437,-0.0040893907301485,-0.0030446035164167,-0.1999999999999999
100.0,100.0,99.983,99.996,100.001,-0.005,-0.01,16,161790.0,-0.0030000000000001,0.0189999999999912,-0.284000000000006,100.0,99.9961,99.99265,99.9986982801236,99.9979186682928,99.99888560778,0.0180000000000006,0.0451428571428554,0.0,0.0050000000000096,0.0106863143596094,0.0109944858660172,0.9719703576717166,49.2892985886112,99.99441666666668,100.00334615384617,99.99795321747229,99.99983840002372,-0.0018851825514474,-0.0037083601625814,-0.0028127193234228,1.0
99.995,99.995,99.995,99.995,99.996,-0.001,0.0,1,10000.0,-0.0039999999999906,0.0080000000000097,0.0240000000000009,99.9992,99.9969,99.99385,99.9974655200824,99.99738800133046,99.9985155498962,0.0009999999999905,0.0450714285714265,0.0,0.0009999999999905,0.0099230061910659,0.0102805940184439,0.9652172017748688,49.11503934034066,99.99441666666668,100.0036153846154,99.99749887632268,99.99948000002198,-0.001981123699295,-0.0032346179591718,-0.0026464001985973,-0.9375
99.973,99.973,99.973,99.973,99.995,-0.022,-0.02,0,100.0,-0.0259999999999962,-0.007000000000005,-0.0490000000000065,99.994,99.9962,99.9914,99.9893103467216,99.99295381927035,99.99608549752514,0.0220000000000055,0.0465714285714266,0.0,0.0220000000000055,0.0092142200345611,0.0111176944456983,0.8287887456851603,45.31899857983064,99.99408333333332,100.00276923076925,99.99372981842689,99.99751851853888,-0.0037887001119827,-0.0030924976046391,-0.0028748601812744,-1.0
100.0,100.0,99.953,99.953,99.973,-0.02,-0.02,2,20095.0,-0.0519999999999925,-0.0499999999999971,-0.0330000000000012,99.9836,99.9912,99.98975,99.9772068978144,99.98568948849392,99.99198211680849,0.046999999999997,0.0497142857142835,0.0,0.019999999999996,0.0085560614606639,0.0117521448424338,0.728042546733282,42.13105447603617,99.99125,100.00123076923076,99.98746369251504,99.99422085049896,-0.0067571579838983,-0.0032915866229248,-0.0036513197417991,inf
99.997,99.997,99.997,99.997,99.953,0.044,0.04,4,36099.0,-0.0040000000000048,0.0049999999999954,0.0250000000000056,99.9828,99.9917,99.991,99.98380459854296,99.9877459451314,99.99246001044575,0.0439999999999969,0.0515714285714261,0.0439999999999969,0.0,0.0110877713563306,0.0109127059251171,1.0160423484711056,50.397867348453055,99.99266666666666,100.00196153846156,99.9889308167435,99.99442671342496,-0.0054958966814524,-0.0034277842176809,-0.0040202351297298,1.0
99.992,100.0,99.99,100.0,99.997,0.003,0.0,5,50097.0,0.0040000000000048,0.0010000000000047,0.0250000000000056,99.9836,99.9918,99.99225,99.9892030656953,99.9899739551075,99.993178104689,0.0100000000000051,0.0515714285714271,0.0030000000000001,0.0,0.010510073402307,0.0101332269304659,1.0371891870602488,50.912757325055175,99.99241666666668,100.00196153846156,99.99063376801374,99.99483954946756,-0.0042057814538196,-0.0034865651025136,-0.0040573443945478,0.25
100.014,100.014,100.014,100.014,100.0,0.014,0.01,1,10001.0,0.0189999999999912,0.0150000000000005,0.0150000000000005,99.9874,99.9933,99.993,99.99746871046354,99.99434232690612,99.99516114233766,0.0139999999999957,0.0494285714285699,0.0139999999999957,0.0,0.0107593538735704,0.0094094250068612,1.1434656066364195,53.346580560757154,99.99424999999998,99.99173076923076,99.9942285729347,99.9962588420996,-0.0020302691648907,-0.0033599321003852,-0.0036519293486164,-0.8
99.975,99.992,99.975,99.991,100.014,-0.023,-0.02,54,540608.0,0.0180000000000006,-0.0079999999999955,-0.0060000000000002,99.991,99.9925,99.9927,99.99531247364236,99.993734631105,99.9947648430674,0.0390000000000014,0.0504285714285706,0.0,0.0229999999999961,0.0099908285968868,0.0103801803635137,0.962490847654688,49.04434834969707,99.99358333333332,99.9925,99.99373186940628,99.99586929824036,-0.0021374288340894,-0.003346518287191,-0.003349029245711,53.0
100.0,100.005,99.85,100.005,99.991,0.014,0.01,34,340397.0,0.0519999999999925,0.0,0.0069999999999907,100.0014,99.9925,99.99305,99.9985416490949,99.995782879995,99.99573961991813,0.1550000000000011,0.0607142857142853,0.0139999999999957,0.0,0.0102771979828232,0.009638738908977,1.0662388596553396,51.60288485878125,99.99408333333334,99.99184615384615,99.99546542795916,99.99654564651884,-0.0010802185597071,-0.0032624176711758,-0.0028952671085102,-0.3703703703703703
99.963,99.998,99.963,99.998,100.005,-0.007,-0.01,1,11399.0,0.0010000000000047,-0.0030000000000001,0.0030000000000001,100.0016,99.9922,99.9932,99.99836109939662,99.99618599272316,99.99595489421164,0.0420000000000015,0.0631428571428571,0.0,0.0069999999999907,0.0095431124126215,0.0094502575583351,1.0098256427100771,50.24444017683116,99.994,99.9923076923077,99.99585536211929,99.99665337640636,-0.0007980142870849,-0.0031416211973578,-0.0024758165442251,-0.9705882352941176
99.975,99.975,99.975,99.975,99.998,-0.023,-0.02,1,9998.0,-0.0250000000000056,-0.0210000000000007,-0.0020000000000095,99.9966,99.9901,99.9931,99.99057406626444,99.99233399404622,99.993959190001,0.0230000000000103,0.064785714285715,0.0,0.0230000000000103,0.0088614615260057,0.0104180963041691,0.8505835679844478,45.96299149629086,99.9915,99.99242307692307,99.99264684487017,99.99504942259848,-0.0024025777283185,-0.0031884494228048,-0.0024611687810438,0.0
99.99,99.999,99.99,99.999,99.975,0.024,0.02,31,312977.0,-0.0150000000000005,0.0039999999999906,0.0120000000000004,99.9936,99.9905,99.9937,99.99338271084297,99.99354599512873,99.99443926714378,0.0240000000000009,0.0646428571428582,0.0240000000000009,0.0,0.0099427857027196,0.009673946568157,1.027790016480717,50.68522914736871,99.99133333333332,99.99334615384616,99.99362425335168,99.99534205796154,-0.0017178046098678,-0.0029583499225698,-0.0023124959468086,30.0
99.998,99.998,99.998,99.998,99.999,-0.001,0.0,5,49999.0,0.007000000000005,0.0250000000000056,0.0180000000000006,99.995,99.993,99.9946,99.99492180722864,99.99435581419624,99.99477838455866,0.0009999999999905,0.0467857142857143,0.0,0.0009999999999905,0.0092325867239539,0.0090543789561451,1.0196819427010957,50.48725351960055,99.99150000000002,99.9933076923077,99.99429744514372,99.99553894255698,-0.0012414974132468,-0.002345498748053,-0.0020982962400962,-0.8387096774193549
99.99,99.999,99.99,99.999,99.998,0.001,0.0,10,100199.0,-0.0060000000000002,0.0459999999999922,-0.0040000000000048,99.9938,99.9976,99.9944,99.99628120481913,99.9952002116151,99.99518044317212,0.0090000000000003,0.0320714285714284,0.0009999999999905,0.0,0.0086445448150994,0.0084076376021347,1.028177619466441,50.69465364364521,99.99183333333332,99.9933846153846,99.9950209151216,99.99579531718238,-0.0007744020607702,-0.0018208882346439,-0.001833517404231,1.0
99.99,99.99,99.99,99.99,99.999,-0.009,-0.01,0,100.0,-0.0080000000000097,-0.007000000000005,-0.0020000000000095,99.9922,99.9969,99.9943,99.99418746987942,99.99425471859416,99.99468706763192,0.0090000000000003,0.0314285714285712,0.0,0.0090000000000003,0.0080270773283066,0.0084499492019823,0.9499556904346288,48.71678341690377,99.99325,99.99307692307691,99.99424846664137,99.99536603442812,-0.001117567786764,-0.0014777533827488,-0.0016903274807376,-1.0
99.972,99.972,99.972,99.972,99.99,-0.018,-0.02,1,9997.0,-0.0030000000000001,-0.0280000000000057,-0.027000000000001,99.9916,99.9941,99.99295,99.98679164658628,99.99020840612248,99.99252639452412,0.0180000000000006,0.0326428571428577,0.0,0.0180000000000006,0.007453714661999,0.009132095687555,0.816210749100749,44.94031045157481,99.99483333333336,99.9921923076923,99.99082562561962,99.99363521706309,-0.0028095914434658,-0.0015643447470349,-0.0019141802732833,inf
99.999,100.007,99.999,100.007,99.972,0.035,0.04,13,130105.0,0.0080000000000097,-0.0069999999999907,0.0080000000000097,99.9932,99.9934,99.99335,99.99352776439086,99.99326142319111,99.99390483314087,0.0350000000000108,0.0335714285714295,0.0350000000000108,0.0,0.009421306471857,0.0084798031384439,1.1110289140021,52.62973456369224,99.99566666666664,99.99334615384616,99.99331399090892,99.99462520098432,-0.0013112100754142,-0.0014725426627377,-0.0017935862337094,12.0
100.003,100.003,100.003,100.003,100.007,-0.004,0.0,1,10000.0,0.0049999999999954,0.0120000000000004,0.0040000000000048,99.9942,99.9946,99.99355,99.99668517626058,99.99503207352,99.99477103950842,0.0040000000000048,0.0305000000000014,0.0,0.0040000000000048,0.0087483560095815,0.008159817199984,1.0721264698918278,51.74039738741413,99.99591666666667,99.99396153846152,99.9948041461537,99.99524555646695,-0.0004414103132717,-0.0014015639686893,-0.0015231510496219,-0.9230769230769232
99.98,99.98,99.98,99.98,100.003,-0.023,-0.02,1,9998.0,-0.0189999999999912,-0.0249999999999914,-0.0249999999999914,99.9904,99.9921,99.9923,99.9911234508404,99.99229896924362,99.99336427384095,0.0229999999999961,0.0290000000000014,0.0,0.0229999999999961,0.0081234734374685,0.0092198302571277,0.881087092811537,46.839250355741584,99.99308333333336,99.99396153846152,99.99252658520696,99.99411625598792,-0.0015896707809588,-0.001489525801342,-0.0015364549958893,0.0
99.98,99.98,99.98,99.98,99.98,0.0,0.0,1,9998.0,-0.0099999999999909,-0.0180000000000006,-0.0210000000000007,99.9884,99.9903,99.99125,99.98741563389362,99.9900627930175,99.99209148585612,0.0,0.0282857142857153,0.0,-0.0,0.0075432253347922,0.0085612709530472,0.881087092811537,46.839250355741584,99.99216666666666,99.99307692307691,99.99059941825206,99.99307060739623,-0.0024711891441739,-0.0014971492919926,-0.0017234018255462,0.0
100.007,100.007,100.007,100.007,99.98,0.027,0.03,1,10001.0,0.0350000000000108,0.0320000000000106,0.0110000000000098,99.9954,99.9935,99.9918,99.9939437559291,99.99314228519611,99.993511344346,0.027000000000001,0.0292142857142871,0.027000000000001,0.0,0.0089329949537357,0.0079497515992581,1.1236822738674428,52.91197688537007,99.99233333333332,99.99365384615383,99.99312258467482,99.99410241425576,-0.0009798295809417,-0.0014151520665564,-0.0015746873766253,0.0
99.974,99.974,99.974,99.974,100.007,-0.033,-0.03,0,100.0,-0.0330000000000012,-0.0249999999999914,-0.0210000000000007,99.9888,99.991,99.99075,99.98729583728608,99.98966186970593,99.99165312107496,0.0330000000000012,0.0287857142857157,0.0,0.0330000000000012,0.0082949238856117,0.009739055056454,0.8517175267547843,45.99608279603296,99.99033333333334,99.99269230769232,99.990180648571,99.99261334653312,-0.0024326979621207,-0.0015475076830979,-0.0017462894937244,-1.0
99.974,99.974,99.974,99.974,99.974,0.0,0.0,0,100.0,-0.0289999999999963,-0.0240000000000009,0.0010000000000047,99.983,99.9886,99.9908,99.98286389152406,99.98681425703212,99.98997187144876,0.0,0.017714285714287,0.0,-0.0,0.0077024293223537,0.0090434082667073,0.8517175267547842,45.99608279603296,99.99025,99.99173076923078,99.9876913180216,99.99123458012326,-0.0035432621016582,-0.0018551587987521,-0.0021056840153111,-1.0
99.956,99.956,99.956,99.956,99.974,-0.018,-0.02,5,52177.0,-0.0240000000000009,-0.0429999999999921,0.0030000000000001,99.9782,99.9843,99.99095,99.97390926101605,99.98121166484444,99.98673645512032,0.0180000000000006,0.0160000000000012,0.0,0.0180000000000006,0.0071522557993284,0.0096831648190854,0.7386279107045088,42.483380495439626,99.98666666666668,99.99007692307693,99.98281573063366,99.98862461122523,-0.0058088805915872,-0.0023764157770658,-0.0028463233305664,inf
99.956,99.998,99.956,99.998,99.956,0.042,0.04,5,49995.0,0.0180000000000006,0.0080000000000097,0.0010000000000047,99.9818,99.98510000000002,99.991,99.98193950734404,99.98426408941816,99.98780917368028,0.0420000000000015,0.0173571428571435,0.0420000000000015,0.0,0.0096413803850908,0.0089915101891507,1.0722759783694866,51.7438791725597,99.98666666666666,99.98980769230768,99.98515177207464,99.98931908446782,-0.0041673123931929,-0.0025272736603688,-0.0031105211430917,0.0
99.945,99.958,99.945,99.958,99.998,-0.04,-0.04,12,120136.0,-0.0490000000000065,-0.0139999999999957,-0.0420000000000015,99.972,99.9837,99.9889,99.9739596715627,99.97948880043305,99.98497020475835,0.0530000000000114,0.0194285714285728,0.0,0.0400000000000062,0.0089527103575843,0.0112064023184975,0.7988924637130667,44.41024017989852,99.98325,99.98815384615384,99.98097457637084,99.98699915228502,-0.0060245759141821,-0.0030509809757875,-0.0036933320973097,1.4
99.96,99.96,99.96,99.96,99.958,0.002,0.0,0,100.0,-0.01400000000001,-0.0470000000000112,-0.054000000000002,99.9692,99.979,99.9862,99.96930644770846,99.97594538217248,99.98259209001948,0.0019999999999953,0.0195000000000017,0.0019999999999953,0.0,0.0084560881891851,0.0104059450100334,0.8126208797982051,44.83126553682159,99.98075,99.98676923076924,99.97774771846764,99.98499921507872,-0.0072514966110901,-0.0038076572311006,-0.0044049650000658,-1.0
99.973,99.99,99.973,99.99,99.96,0.03,0.03,11,110187.0,0.0159999999999911,-0.0130000000000052,-0.0010000000000047,99.9724,99.9777,99.98615,99.97620429847233,99.97850076723202,99.98329760525571,0.0300000000000011,0.0210000000000018,0.0300000000000011,0.0,0.0099949390328148,0.0096626632236025,1.034387601174044,50.84515854191696,99.98225,99.98657692307692,99.97963268485722,99.9853696435914,-0.0057369587341753,-0.0042684670036802,-0.0046713637468877,inf
99.99,99.998,99.947,99.947,99.99,-0.043,-0.04,3,32997.0,-0.0090000000000003,-0.0330000000000012,-0.0579999999999927,99.9706,99.9744,99.98325,99.96646953231487,99.972773355008,99.97984069046947,0.0510000000000019,0.0240000000000019,0.0,0.0429999999999921,0.0092810148161852,0.0120439015647732,0.770598693975626,43.521928294511326,99.97725,99.98557692307692,99.97461227180229,99.9825274477698,-0.0079151759675397,-0.0048733544284987,-0.0053201261910181,-0.7272727272727273
100.0,100.0,99.813,100.0,99.947,0.053,0.05,13,133179.0,0.0019999999999953,0.019999999999996,0.0019999999999953,99.971,99.9764,99.98335,99.97764635487658,99.97772365409746,99.98176062471047,0.1869999999999976,0.0360714285714302,0.0529999999999972,0.0,0.0124037994721718,0.0111836228815751,1.1091038747923907,52.586498372516864,99.977,99.9873846153846,99.9785180761404,99.98382171089796,-0.0053036347575812,-0.005353777225903,-0.0053168279043307,3.333333333333333
99.826,99.826,99.826,99.826,100.0,-0.174,-0.17,0,100.0,-0.132000000000005,-0.1810000000000116,-0.1490000000000009,99.9446,99.9583,99.9759,99.92709756991772,99.95013753517064,99.96692627949996,0.1740000000000066,0.0460000000000014,0.0,0.1740000000000066,0.0115178137955881,0.0228133641043202,0.5048713439596111,33.549136674447915,99.96416666666666,99.9808076923077,99.95505375673416,99.97213121379444,-0.0170774570602532,-0.0069809726812511,-0.0076689537355152,-1.0
100.009,100.009,100.009,100.009,99.826,0.183,0.18,1,10001.0,0.0490000000000065,0.0349999999999965,0.0100000000000051,99.9544,99.9618,99.9764,99.95439837994516,99.96083980150324,99.97093330049996,0.1830000000000069,0.0587857142857158,0.1830000000000069,0.0,0.023766541381618,0.0211838380968687,1.1219185717403588,52.87283813252935,99.96658333333332,99.98115384615386,99.96335317877508,99.97486223499484,-0.0115090562197792,-0.0078660609165979,-0.008436974232368,inf
100.153,100.153,99.993,100.069,100.009,0.06,0.06,10,96473.0,0.0790000000000077,0.0949999999999988,0.0709999999999979,99.9702,99.9713,99.97995,99.99259891996344,99.980505292139,99.98027298616664,0.1600000000000108,0.0685714285714311,0.0600000000000022,0.0,0.0263546455686454,0.0196707068042352,1.3397914894939644,57.26114893185316,99.97175,99.98326923076924,99.9796065358866,99.98183540277302,-0.0022288668864121,-0.0074682816160229,-0.0071953527631768,9.0
100.13,100.13,92.88,92.88,100.069,-7.189,-7.18,4,39313.0,-7.067000000000007,-7.076000000000008,-7.119,98.5568,99.2637,99.624,97.62173261330896,98.68950432993192,99.3040565112936,7.25,0.5864285714285741,0.0,7.189000000000007,0.0244721708851707,0.531765656318219,0.046020593083443,4.3995876742525954,99.38058333333332,99.70976923076924,98.88735937651944,99.45577352108612,-0.5684141445666882,-0.0701623740797446,-0.1194391111238791,-0.6
99.955,100.143,95.0,96.8,92.88,3.92,4.22,19,185334.0,-3.200000000000003,-3.1980000000000075,-3.1899999999999977,97.9168,98.9439,99.4645,97.34782174220598,98.34595808812612,99.06557493878944,7.263000000000005,1.103285714285717,3.9200000000000017,0.0,0.3027241586790872,0.493782395152632,0.613071996188752,38.00648685472648,99.11608333333334,99.5865,98.5662271647472,99.2590495565612,-0.6928223918140048,-0.1464732425130582,-0.2341157672619043,3.75
100.0,100.0,99.994,100.0,96.8,3.2,3.31,21,209999.0,0.1740000000000066,0.0420000000000015,0.0280000000000057,97.9516,98.9481,99.4659,98.23188116147064,98.6466929811941,99.15456780176189,3.200000000000003,1.329500000000003,3.200000000000003,0.0,0.5096724330591527,0.4585122240703012,1.1115787241934194,52.6420687733544,99.11975,99.58657692307692,98.78680760093994,99.3139347745937,-0.527127173653767,-0.2042372066289112,-0.2927180485402768,0.1052631578947369
99.967,100.0,99.967,100.0,100.0,0.0,0.0,34,343497.0,-0.0090000000000003,0.0400000000000062,-0.007000000000005,97.9498,98.9521,99.46555,98.8212541076471,98.89274880279515,99.23508515397504,0.0330000000000012,1.331857142857146,0.0,-0.0,0.4732672592692132,0.4257613509224225,1.1115787241934196,52.64206877335442,99.11991666666668,99.58753846153846,98.97345258541073,99.3647544209201,-0.3913018355093811,-0.2470777484928229,-0.3124348059340976,0.6190476190476191
99.999,99.999,99.999,99.999,100.0,-0.001,0.0,3,30000.0,-0.0700000000000073,0.0090000000000003,-0.0040000000000048,97.9358,98.953,99.46535,99.21383607176476,99.09388538410514,99.30783894883456,0.0010000000000047,1.3306428571428606,0.0,0.0010000000000047,0.439462455035698,0.3954212544279641,1.1113779295234043,52.63756497512848,99.12333333333332,99.58753846153846,99.13122911073214,99.411735574926,-0.280506464193877,-0.2773656694068604,-0.3060491375860535,-0.9117647058823528
100.0,100.0,99.998,99.998,99.999,-0.001,0.0,4,40000.0,7.118000000000009,0.0510000000000019,0.0180000000000006,99.3594,98.9581,99.46625,99.47522404784316,99.25826985972238,99.37356857275508,0.0019999999999953,1.3277857142857172,0.0,0.0009999999999905,0.4080722796760053,0.3672483076831088,1.1111617702214782,52.63271559265249,99.1265,99.58753846153849,99.26457847831182,99.45516256937594,-0.1905840910641245,-0.2979523867742542,-0.2829561282816678,0.3333333333333332
99.999,99.999,99.999,99.999,99.998,0.001,0.0,1,10000.0,3.198999999999998,-0.0010000000000047,0.0189999999999912,99.9992,98.958,99.4672,99.64981603189544,99.39294806704558,99.43313347058792,0.0009999999999905,1.32407142857143,0.0009999999999905,0.0,0.3789956882705756,0.3410162857057439,1.111371228169447,52.637414649862535,99.12725,99.58753846153846,99.3775664047254,99.49544682349624,-0.1178804187708522,-0.3091527158532096,-0.2499409863795046,-0.75
99.999,99.999,99.999,99.999,99.999,0.0,0.0,30,299997.0,-0.0010000000000047,0.1730000000000018,-0.0080000000000097,99.999,98.9753,99.4668,99.76621068793033,99.50313932758274,99.48702552100812,0.0,1.3239285714285731,0.0,-0.0,0.3519245676798203,0.316657979583905,1.111371228169447,52.637414649862535,99.13158333333332,99.58788461538462,99.47317157322917,99.5327470587928,-0.0595754855636414,-0.3144934302247498,-0.211867886216332,29.0
100.0,100.0,100.0,100.0,99.999,0.001,0.0,3,33600.0,0.0,-0.0090000000000003,0.0259999999999962,99.999,98.9744,99.4681,99.84414045862022,99.5934776316586,99.53588023329306,0.0010000000000047,1.3218571428571448,0.0010000000000047,0.0,0.326858527131262,0.294039552470769,1.1116141498132486,52.64286327649206,99.13158333333332,99.58896153846156,99.55422210042468,99.56735838777112,-0.0131362873464411,-0.3157053658314197,-0.1721215664423538,-0.9
100.002,100.002,100.0,100.002,100.0,0.002,0.0,27,266405.0,0.0030000000000001,-0.0670000000000072,0.0279999999999915,99.9996,98.9677,99.4695,99.89676030574682,99.66775442590249,99.58027259202706,0.0019999999999953,1.3183571428571443,0.0019999999999953,0.0,0.3036543466218858,0.2730367272942855,1.1121373656614333,52.65459452317194,99.14625,99.58876923076924,99.62311100805164,99.59955406275104,0.0235569453006121,-0.2499308002906085,-0.1329858640937606,8.0
100.002,100.002,100.002,100.002,100.002,0.0,0.0,2,20000.0,0.0039999999999906,7.122,0.0459999999999922,100.0004,99.6799,99.4718,99.93184020383124,99.72852634846566,99.6204371070721,0.0,1.3050000000000015,0.0,-0.0,0.2819647504346083,0.2535341039161223,1.112137365661433,52.65459452317194,99.14566666666668,99.58873076923078,99.68140162219754,99.62936487291763,0.0520367492799067,-0.1671686735023961,-0.0959813414190272,-0.925925925925926
100.004,100.005,100.004,100.005,100.002,0.003,0.0,2,20001.0,0.0060000000000002,3.2049999999999983,0.0069999999999907,100.0016,100.00039999999998,99.47215,99.95622680255416,99.77879428510826,99.6570621444938,0.0030000000000001,1.2927857142857155,0.0030000000000001,0.0,0.2620386968321362,0.2354245250649707,1.1130475754801703,52.67498888316515,99.14033333333332,99.58969230769232,99.7311859880133,99.65718969714597,0.0739962908673277,-0.1003771774444967,-0.0619858149617562,0.0
100.003,100.006,100.0,100.006,100.005,0.001,0.0,24,236411.0,0.007000000000005,0.0060000000000002,0.0480000000000018,100.003,100.001,99.47455,99.97281786836945,99.82010441508858,99.69029432120868,0.0060000000000002,1.280142857142858,0.0010000000000047,0.0,0.2433930756298411,0.2186084875603299,1.1133743174663853,52.68230565047994,99.73416666666668,99.59069230769232,99.77346506678047,99.68302749735736,0.0904375694231021,-0.046850576896443,-0.0315011380847845,11.0
100.01,100.011,100.001,100.009,100.006,0.003,0.0,12,116411.0,0.0090000000000003,0.0090000000000003,0.0490000000000065,100.0048,100.0019,99.477,99.98487857891296,99.85444906689064,99.72064724299833,0.0099999999999909,1.269428571428571,0.0030000000000001,0.0,0.2262221416562811,0.2029935955917349,1.1144299454218445,52.70592898264631,100.00158333333331,99.59076923076924,99.8097012103527,99.70717360866423,0.1025276016884646,-0.0042912362428495,-0.0046953901301347,-0.5
100.002,110.0,100.0,100.0,100.009,-0.009,-0.01,122,1263236.0,-0.0019999999999953,0.0010000000000047,0.0100000000000051,100.0044,100.002,99.4775,99.98991905260866,99.88091287291051,99.74725226747466,10.0,1.4658571428571423,0.0,0.0090000000000003,0.210063417252261,0.1891369101923253,1.11064211125505,52.62105334355475,100.00158333333331,99.59176923076924,99.83897794722152,99.72886445246688,0.1101134947546427,0.0291196066259023,0.0182663868468207,9.166666666666666
100.001,100.003,99.996,99.996,100.0,-0.004,0.0,13,126001.0,-0.0060000000000002,-0.0020000000000095,0.0489999999999923,100.0032,100.0018,99.47995,99.99194603507244,99.9018378051086,99.77094252771516,0.007000000000005,0.947571428571428,0.0,0.0040000000000048,0.1950588874485281,0.1759128451785882,1.1088382275353608,52.58052576329106,100.00124999999998,99.5926153846154,99.86313518611053,99.74865227080268,0.1144829153078461,0.0549377548568688,0.0375096925390258,-0.8934426229508197
100.001,100.001,100.001,100.001,99.996,0.005,0.01,3,30000.0,-0.0039999999999906,0.0020000000000095,0.0010000000000047,100.0024,100.002,99.48,99.99496402338164,99.91986729508886,99.79285276317086,0.0050000000000096,0.7193571428571427,0.0050000000000096,0.0,0.1814832526307767,0.1633476419515462,1.1110246249199616,52.62963831897913,100.00141666666666,99.59434615384616,99.88434515747814,99.76734469518766,0.117000462290477,0.0745573046184375,0.053407846489316,-0.7692307692307692
100.0,100.0,100.0,100.0,100.001,-0.001,0.0,1,10000.0,-0.0060000000000002,0.0010000000000047,0.1740000000000066,100.0012,100.0021,99.4887,99.99664268225445,99.93443687779998,99.81258107144028,0.0010000000000047,0.7170714285714287,0.0,0.0010000000000047,0.1685201631571498,0.1517513818121504,1.1105016715153024,52.61790059223134,100.00158333333331,99.59442307692308,99.9021382101738,99.78457842147006,0.117559788703744,0.0890790908462359,0.0662382349322016,-0.6666666666666667
100.001,100.001,100.001,100.001,100.0,0.001,0.0,11,110001.0,-0.0079999999999955,0.0010000000000047,-0.0079999999999955,99.9996,100.0022,99.4883,99.99809512150296,99.94653926365451,99.83052573130313,0.0010000000000047,0.7170714285714287,0.0010000000000047,0.0,0.1565544372173538,0.1409119973969968,1.111008573501992,52.62927813025974,100.00175000000002,99.59607692307692,99.91734771630092,99.80060964950933,0.1167380667915978,0.0994325487896787,0.0763382013040809,10.0
99.987,99.987,99.987,99.987,100.001,-0.014,-0.01,2,15698.0,-0.0130000000000052,-0.0150000000000005,-0.0820000000000078,99.997,100.0007,99.4842,99.99439674766865,99.95389576117188,99.8454280426076,0.01400000000001,0.7179285714285726,0.0,0.01400000000001,0.1453719774161142,0.1318468547257834,1.1025820655218548,52.439430717211856,100.00075,99.5971153846154,99.9280634522546,99.81441634213826,0.1136471101163465,0.106278144438172,0.083799983066534,-0.8181818181818181
100.001,100.005,100.001,100.005,99.987,0.018,0.02,1,10101.0,0.0090000000000003,0.0030000000000001,7.125,99.9988,100.001,99.84045,99.99793116511243,99.9631874409588,99.86062537188306,0.0180000000000006,0.719142857142859,0.0180000000000006,0.0,0.136273979029249,0.1224292222453703,1.1130837599877197,52.67579927802713,100.00116666666668,99.59769230769233,99.93989984421545,99.82853365012802,0.1113661940874095,0.11043035590707,0.0893132252707091,-0.5
100.002,100.002,99.999,99.999,100.005,-0.006,-0.01,8,82999.0,-0.0020000000000095,-0.0060000000000002,3.198999999999998,99.9984,100.0004,100.0004,99.9982874434083,99.96969881532992,99.8738039078942,0.0060000000000002,0.7195714285714304,0.0,0.0060000000000002,0.1265401233843026,0.1141128492278439,1.108903372762569,52.58199057787817,100.00091666666668,99.59969230769232,99.9489921758746,99.84116078715556,0.1078313887190205,0.1123630024955054,0.0930168579603714,7.0
100.788,100.788,100.016,100.07,99.999,0.071,0.07,17,170433.0,0.0699999999999931,0.0639999999999929,0.0699999999999931,100.0124,100.0068,100.0039,100.02219162893888,99.98793539436085,99.89248924999951,0.7890000000000015,0.7758571428571445,0.0709999999999979,0.0,0.1225729717139951,0.105961931425855,1.156764227157971,53.63424581101625,100.00658333333332,99.6023846153846,99.96760876420156,99.85811183995888,0.1094969242427055,0.1131373716681988,0.0963128712168382,1.125
100.0,100.004,99.996,100.004,100.07,-0.066,-0.07,3,30000.0,0.0030000000000001,-0.0049999999999954,0.0040000000000048,100.013,100.00629999999998,100.0041,100.01612775262592,99.99085623174976,99.90310932142812,0.073999999999998,0.7810000000000018,0.0,0.0659999999999882,0.1138177594487098,0.1031075077525788,1.103874605541157,52.46865011031488,100.0065,99.60923076923078,99.97320741586287,99.86891837033228,0.1042890455305922,0.1124902106433043,0.097908106079589,-0.8235294117647058
100.004,100.004,100.004,100.004,100.004,0.0,0.0,1,10000.0,0.0170000000000101,0.0040000000000048,0.0050000000000096,100.0164,100.0067,100.00435,100.0120851684173,99.99324600779524,99.91271795748258,0.0,0.7810000000000018,0.0,-0.0,0.1056879194880876,0.0957426857702518,1.103874605541157,52.46865011031488,100.00633333333332,99.60903846153846,99.97794473649935,99.87892441697431,0.0990203195250245,0.110772144445213,0.0981305487686761,-0.6666666666666667
100.003,100.003,100.003,100.003,100.004,-0.001,0.0,1,10000.0,-0.0019999999999953,0.007000000000005,0.0049999999999954,100.016,100.0074,100.0046,100.00905677894488,99.99501946092336,99.92131624724615,0.0010000000000047,0.780857142857145,0.0,0.0010000000000047,0.0981387823817957,0.088975351072377,1.102988425434418,52.44862083378189,100.00583333333331,99.6065,99.98179939242252,99.88811520090216,0.0936841915203814,0.1081814476929802,0.0972412773190172,0.0
99.996,99.996,99.996,99.996,100.003,-0.007,-0.01,1,10000.0,-0.0030000000000001,-0.0050000000000096,-0.0030000000000001,100.0154,100.0069,100.00445,100.0047045192966,99.99519774075549,99.92842898560366,0.007000000000005,0.780928571428574,0.0,0.007000000000005,0.0911288693545245,0.0831199688529219,1.0963535070107422,52.29812163570006,100.0055,99.8801923076923,99.9839841012806,99.89610666750198,0.0878774337786154,0.1048834082568548,0.0953685086109368,0.0
99.995,99.996,99.994,99.996,99.996,0.0,0.0,10,96095.0,-0.073999999999998,-0.0040000000000048,-0.0030000000000001,100.0006,100.0065,100.0043,100.0018030128644,99.99534360607268,99.93486432030808,0.0019999999999953,0.7803571428571457,0.0,-0.0,0.0846196644006299,0.0771828282205703,1.0963535070107424,52.29812163570008,100.0055,100.00311538461538,99.98583270108358,99.90350617361294,0.0823265274706415,0.1010599038878597,0.0927601123828778,9.0
100.0,103.805,100.0,100.727,99.996,0.731,0.73,33,335208.0,0.722999999999999,0.7259999999999991,0.7270000000000039,100.1452,100.0791,100.04065,100.2435353419096,100.12837204133216,100.01030581361206,3.809000000000012,0.3381428571428608,0.7310000000000088,0.0,0.1307896883720141,0.0716697690619581,1.8248933976464627,64.60043409662319,100.06600000000002,100.03107692307692,100.09985843937842,99.96450571630828,0.1353527230701416,0.1034716386605036,0.1012786345203305,2.3
100.026,100.026,99.99,99.993,100.727,-0.734,-0.73,34,344031.0,-0.0110000000000098,0.0060000000000002,-0.0090000000000003,100.143,100.0797,100.0402,100.16002356127308,100.10375894290812,100.00865764088712,0.737000000000009,0.3902857142857182,0.0,0.7340000000000089,0.1214475677740131,0.1189790712718189,1.0207473169508503,50.513357528098965,100.06541666666668,100.0308076923077,100.08341867947404,99.96661640398916,0.1168022754849005,0.1040756477046692,0.1043833627132445,0.0303030303030302
100.0,100.0,99.991,99.991,99.993,-0.002,0.0,12,124091.0,-0.0120000000000004,-0.0139999999999957,-0.0109999999999956,100.1406,100.0783,100.03965,100.10368237418206,100.08325731692484,100.00697596080262,0.0090000000000003,0.3905714285714318,0.0,0.0019999999999953,0.1127727415044408,0.1106234233238315,1.0194291418221395,50.4810552997321,100.06458333333332,100.0305,100.06920042109344,99.96842259628626,0.1007778248071673,0.10329191838113,0.1036622551320291,-0.6470588235294117
100.0,100.0,99.997,99.997,99.991,0.006,0.01,8,83999.0,0.0010000000000047,-0.0019999999999953,-0.0079999999999955,100.1408,100.0781,100.03925,100.06812158278804,100.06757416839304,100.0060258692976,0.0090000000000003,0.3911428571428601,0.0060000000000002,0.0,0.1051461171112665,0.1027217502292721,1.023601300372932,50.583150948968616,100.06541666666668,100.03046153846154,100.05809266400212,99.9705394410058,0.087553222996334,0.1008537293537554,0.1004404487048901,-0.3333333333333333
100.081,100.081,100.001,100.001,99.997,0.004,0.0,4,40532.0,0.0050000000000096,-0.0689999999999884,-0.0049999999999954,100.1418,100.0712,100.039,100.0457477218587,100.05546977413977,100.00554721507878,0.0840000000000031,0.3970714285714314,0.0040000000000048,0.0,0.0979213944604621,0.0953844823557527,1.026596696255556,50.656191148063584,100.06508333333332,100.03053846153846,100.04930917723256,99.97279577870908,0.0765133985235024,0.0977675463529676,0.0956550386686126,-0.5
99.995,99.995,99.925,99.993,100.001,-0.008,-0.01,6,59989.0,-0.7340000000000089,-0.0110000000000098,-0.0160000000000053,99.995,100.0701,100.0382,100.0281651479058,100.04411163338706,100.00435224221414,0.0760000000000076,0.4015000000000027,0.0,0.0080000000000097,0.0909270091418576,0.0891427336160567,1.0200159390835586,50.495440127384335,100.06458333333332,100.03030769230767,100.0406462268891,99.97429238769358,0.0663538391955143,0.0941379374274665,0.0897947987739929,0.5
100.0,100.798,99.983,99.993,99.993,0.0,0.0,47,470439.0,0.0,-0.0110000000000098,-0.007000000000005,99.995,100.069,100.03785,100.0164434319372,100.03481860913486,100.00327107628898,0.8149999999999977,0.4584285714285739,0.0,-0.0,0.0844322227745821,0.0827753955006241,1.0200159390835584,50.49544012738432,100.05816666666664,100.03003846153844,100.03331603813692,99.97567813675332,0.0576379013836145,0.0901327940789368,0.0833634192959172,6.833333333333333
99.996,99.997,99.973,99.997,99.993,0.004,0.0,5,50095.0,0.0060000000000002,-0.0060000000000002,0.0010000000000047,99.9962,100.0684,100.0379,100.00996228795812,100.02794249838306,100.00267383092812,0.0240000000000009,0.4597142857142882,0.0040000000000048,0.0,0.0786870640049694,0.0768628672505795,1.0237331343422675,50.58637015769328,100.05758333333334,100.02984615384617,100.02772895534665,99.97725753403084,0.0504714213157768,0.0859765704719548,0.0767850196998892,-0.8936170212765957
99.997,100.27,99.997,99.997,99.997,0.0,0.0,12,120025.0,0.0,0.0010000000000047,-0.0040000000000048,99.9962,100.0685,100.0377,100.00564152530544,100.02231658958613,100.00213346607784,0.2729999999999961,0.422857142857145,0.0,-0.0,0.0730665594331859,0.0713726624469667,1.0237331343422675,50.58637015769328,100.057,100.02965384615383,100.02300142375483,99.97871993891746,0.0442814848373842,0.081749343512704,0.0702843127273882,1.4
99.996,99.996,99.994,99.995,99.997,-0.002,0.0,13,130493.0,-0.0060000000000002,-0.0009999999999905,-0.0049999999999954,99.995,100.0684,100.03745,100.00209435020363,100.0173499369341,100.00145408835613,0.0030000000000001,0.4177857142857166,0.0,0.0019999999999953,0.0678475194736726,0.066417472272183,1.0215311897994122,50.53254656440766,100.05633333333331,100.02926923076924,100.01869351240796,99.97992586936805,0.0387676430399182,0.0710176679537902,0.0639809787898942,0.0833333333333332
99.995,99.995,99.995,99.995,99.995,0.0,0.0,14,139993.0,0.0020000000000095,-0.7319999999999993,-0.0060000000000002,99.9954,99.9952,100.03715,99.99972956680244,100.01328631203698,100.0008394132746,0.0,0.4177857142857166,0.0,-0.0,0.063001268082696,0.0616733671098842,1.021531189799412,50.53254656440765,100.05625,100.02884615384616,100.01504835665288,99.98104247163708,0.0340058850158015,0.0618180690127792,0.0579859600350757,0.0769230769230768
99.991,99.991,99.991,99.991,99.995,-0.004,0.0,3,29997.0,-0.0019999999999953,-0.0019999999999953,0.0040000000000048,99.995,99.995,100.03735,99.99681971120162,100.009234255303,99.99990232629608,0.0040000000000048,0.4180000000000023,0.0,0.0040000000000048,0.0585011775053606,0.05755384088775,1.016460006890907,50.40814116904521,100.05583333333334,100.02815384615384,100.0113486094755,99.98178006633064,0.029568543144876,0.053905926605858,0.0523024766570357,-0.7857142857142857
100.0,100.0,100.0,100.0,99.991,0.009,0.01,2,20000.0,0.0030000000000001,0.0090000000000003,-0.0049999999999954,99.9956,99.9959,100.0371,99.99787980746775,100.00755529979337,99.99991162855358,0.0090000000000003,0.4181428571428591,0.0090000000000003,0.0,0.0549653791121205,0.0534428522529107,1.0284888772778198,50.70221921344847,99.99525,100.02815384615384,100.0096026695562,99.98312969104688,0.0264729785093322,0.0471192327739689,0.047136577027495,-0.3333333333333333
99.971,100.0,99.971,99.994,100.0,-0.006,-0.01,12,119985.0,-0.0030000000000001,-0.0030000000000001,-0.0049999999999954,99.995,99.9956,100.03685,99.99658653831185,100.00509069983092,99.9993486163104,0.0289999999999963,0.4200714285714306,0.0,0.0060000000000002,0.0510392806041119,0.0500540770919885,1.019682782489682,50.487274107110494,99.99533333333332,100.02807692307692,100.00720225885526,99.98393489911749,0.0232673597377868,0.0412030062422227,0.0423627335695534,5.0
100.0,100.0,100.0,100.0,99.994,0.006,0.01,1,10000.0,0.0049999999999954,-0.0010000000000047,-0.0699999999999931,99.996,99.9955,100.03335,99.99772435887456,100.00416511804347,99.99941065285223,0.0060000000000002,0.1484285714285726,0.0060000000000002,0.0,0.0478221891323897,0.0464787858711322,1.0289035790431833,50.71229553098857,99.99608333333332,100.02803846153849,100.00609421903135,99.98512490659024,0.0209693124411245,0.0361602810472905,0.0380840493438676,-0.9166666666666666
99.991,99.995,99.991,99.995,100.0,-0.005,-0.01,1,10099.0,0.0,0.0020000000000095,-0.0090000000000003,99.996,99.9957,100.0329,99.99681623924972,100.00249873294467,99.99899059067585,0.0090000000000003,0.096428571428572,0.0,0.0049999999999954,0.0444063184800761,0.0435160154517653,1.0204592037912492,50.50630083876128,99.99591666666667,100.02784615384616,100.00438741610346,99.98585639499098,0.01853102111248,0.0318150721282756,0.0341734436975901,0.0
99.995,99.995,99.995,99.995,99.995,0.0,0.0,1,10000.0,0.0040000000000048,0.0020000000000095,-0.0090000000000003,99.9968,99.9959,100.03245,99.99621082616648,100.00113532695474,99.998610534421,0.0,0.0957857142857148,0.0,-0.0,0.0412344385886421,0.0404077286337821,1.0204592037912492,50.50630083876128,99.99541666666666,100.02761538461536,100.00294319824138,99.98653369906572,0.0164094991756655,0.0280304141127077,0.0306206547932052,0.0
100.0,100.0,100.0,100.0,99.995,0.005,0.01,1,10000.0,0.0,0.0030000000000001,-0.0030000000000001,99.9968,99.9962,100.0323,99.997473884111,100.00092890387204,99.99874286447614,0.0049999999999954,0.0955000000000002,0.0049999999999954,0.0,0.0386462644037388,0.0375214623027976,1.0299775656893115,50.73837184696009,99.996,100.02811538461538,100.00249039851194,99.98753120283862,0.0149591956733132,0.0247723819833664,0.0274883629692268,0.0
99.983,99.983,99.981,99.981,100.0,-0.019,-0.02,2,19996.0,-0.0130000000000052,-0.0160000000000053,-0.0150000000000005,99.9942,99.9946,100.03155,99.99198258940731,99.9973054668044,99.99705306785935,0.0190000000000054,0.0908571428571432,0.0,0.0190000000000054,0.0358858169463289,0.036198500709741,0.99136196921747,49.78311248994264,99.995,100.02719230769232,99.99918418335623,99.98704741003576,0.012136773320492,0.0218133964589857,0.0244180450394798,1.0
99.988,99.988,99.988,99.988,99.981,0.007,0.01,1,9999.0,-0.0120000000000004,-0.007000000000005,-0.0079999999999955,99.9918,99.9939,100.03115,99.9906550596049,99.99561356374905,99.99619087092036,0.007000000000005,0.0859285714285716,0.007000000000005,0.0,0.0338225443073057,0.0336128935161881,1.0062372134376545,50.15544556236616,99.99425,100.02676923076925,99.99746353976298,99.98711797225532,0.0103455675076418,0.0191844722914124,0.0216035495331122,-0.5
99.99,100.0,99.99,100.0,99.988,0.012,0.01,9,89996.0,0.0049999999999954,0.0049999999999954,-0.7270000000000039,99.9928,99.9944,99.9948,99.9937700397366,99.99641109761284,99.99655364511842,0.0120000000000004,0.0285714285714289,0.0120000000000004,0.0,0.0322637911424982,0.0312119725507461,1.0336992027672074,50.82851984013549,99.9945,100.02407692307692,99.99785376441484,99.98807219653273,0.0097815678821149,0.016985919484439,0.0192391532029128,8.0
100.017,100.017,100.017,100.017,100.0,0.017,0.02,1,10002.0,0.0219999999999913,0.0259999999999962,0.0240000000000009,99.9972,99.997,99.996,100.0015133598244,100.0001545344105,99.99850091701192,0.0169999999999959,0.0280714285714286,0.0169999999999959,0.0,0.0311735203466052,0.0289825459399785,1.0755963403340778,51.8210751981262,99.99633333333334,100.0245769230769,100.00079933912023,99.99021499678956,0.0105843423306879,0.0152205154645896,0.0175081910284678,-0.8888888888888888
100.0,100.016,99.999,99.999,100.017,-0.018,-0.02,17,170014.0,-0.0010000000000047,-0.0010000000000047,0.0079999999999955,99.997,99.9969,99.9964,100.00067557321628,99.99994461906314,99.99854844872507,0.0180000000000006,0.0098571428571432,0.0,0.0180000000000006,0.0289468403218477,0.0281980783728372,1.0265536516038516,50.65514306968475,99.99666666666668,100.02438461538462,100.00052251771712,99.99086573776808,0.0096567799490259,0.013708228821394,0.0159379088125794,16.0
99.999,99.999,99.999,99.999,99.999,0.0,0.0,1,10000.0,0.0180000000000006,0.0049999999999954,0.0019999999999953,100.0006,99.9974,99.9965,100.00011704881086,99.99977287014258,99.9985914536084,0.0,0.0096428571428575,0.0,-0.0,0.0268792088702871,0.0261839299176346,1.0265536516038516,50.65514306968475,99.99733333333332,100.02423076923075,100.00028828422217,99.99146827571118,0.0088200085109804,0.0123583061624891,0.0145143287522596,-0.9411764705882352
100.008,100.01,100.008,100.01,99.999,0.011,0.01,7,70206.0,0.0220000000000055,0.0100000000000051,0.0090000000000003,100.005,99.9984,99.99695,100.00341136587392,100.00163234829849,99.9996779818362,0.0110000000000098,0.0104285714285725,0.0110000000000098,0.0,0.0257449796652673,0.0243136492092321,1.0588694211929204,51.4296540758474,99.99816666666668,100.02476923076924,100.00178239434184,99.99284099602887,0.008941398312956,0.0112927925180975,0.0133997426643989,6.0
99.971,100.002,99.968,100.002,100.01,-0.008,-0.01,7,69991.0,0.0019999999999953,0.0069999999999907,0.0090000000000003,100.0054,99.9991,99.9974,100.00294091058262,100.00169919406238,99.99989912642322,0.0420000000000015,0.0131428571428579,0.0,0.0080000000000097,0.0239060525463196,0.0231483885514305,1.0327307446566214,50.80509297019931,99.99883333333334,100.025,100.0018158721354,99.99351944076749,0.0082964313679099,0.010391340539458,0.0123790804051011,0.0
100.002,100.002,100.002,100.002,100.002,0.0,0.0,3,30001.0,-0.0150000000000005,0.0069999999999907,0.0090000000000003,100.0024,99.9998,99.99785,100.00262727372174,100.00175388605103,100.000099209621,0.0,0.0125000000000008,0.0,-0.0,0.0221984773644397,0.0214949322263283,1.0327307446566214,50.80509297019931,99.999,99.9971153846154,100.00184419949916,99.99414763034028,0.0076965691589094,0.0095843820378576,0.0114425781558627,-0.5714285714285714
100.0,100.0,100.0,100.0,100.002,-0.002,0.0,3,30000.0,0.0010000000000047,0.0,0.0030000000000001,100.0026,99.9998,99.998,100.0017515158145,100.00143499767812,100.00008976108568,0.0019999999999953,0.0105714285714293,0.0,0.0019999999999953,0.0206128718384083,0.0201024370673045,1.025391686062478,50.62683396592394,99.99941666666666,99.9973846153846,100.00156047649932,99.99458113920394,0.0069793372953625,0.009011333590621,0.0105499299837627,0.0
99.95,99.95,99.95,99.95,100.0,-0.05,-0.05,1,9995.0,-0.0489999999999923,-0.0309999999999917,-0.046999999999997,99.9928,99.9967,99.99565,99.984501010543,99.99208317991844,99.99531930764894,0.0499999999999971,0.0137142857142862,0.0,0.0499999999999971,0.0191405238499505,0.0222379772767826,0.8607133468894257,46.257170580750085,99.99566666666668,99.99580769230768,99.99362809549942,99.99127883259624,0.0023492629031807,0.0081228553012364,0.0089097965676463,-0.6666666666666667
99.999,100.007,99.999,100.007,99.95,0.057,0.06,2,20001.0,-0.0030000000000001,0.0190000000000054,0.0120000000000004,99.9922,99.9986,99.99625,99.99200067369536,99.9947953290242,99.99643175453951,0.0570000000000021,0.0171428571428577,0.0570000000000021,0.0,0.0218447721463828,0.020649550328441,1.0578812515977944,51.40633118536004,99.99625,99.9961923076923,99.99568531157644,99.99244336351504,0.0032419480614009,0.0073962308767126,0.0077762268663972,1.0
99.975,99.991,99.973,99.991,100.007,-0.016,-0.02,11,109973.0,-0.0109999999999956,-0.0090000000000003,-0.0040000000000048,99.99,99.9977,99.99605,99.99166711579691,99.9941052692016,99.99591444458336,0.034000000000006,0.0195714285714296,0.0,0.0160000000000053,0.020284431278784,0.0203174395906956,0.9983753704907448,49.95935124268329,99.99708333333336,99.9958076923077,99.99496449441082,99.99233644769912,0.0026280467117061,0.0065121980301591,0.006746590835459,4.5
100.004,100.004,100.004,100.004,99.991,0.013,0.01,10,100004.0,0.0020000000000095,-0.012999999999991,0.0130000000000052,99.9904,99.9964,99.9967,99.99577807719795,99.99590431116494,99.99668449748016,0.0130000000000052,0.0201428571428589,0.0130000000000052,0.0,0.0197641147588712,0.0188661939056459,1.0475941707010996,51.16219735780951,99.99841666666669,99.99623076923076,99.99635457219378,99.99320041453622,0.0031541576575619,0.0057896844422186,0.0060281041998796,-0.0909090909090909
99.992,99.992,99.992,99.992,100.004,-0.012,-0.01,5,50096.0,-0.0079999999999955,-0.0069999999999907,-0.0079999999999955,99.9888,99.9957,99.9963,99.994518718132,99.99519443640769,99.996238354863,0.0120000000000004,0.0196428571428585,0.0,0.0120000000000004,0.0183523922760947,0.0183757514838141,0.998728802588568,49.96819985258166,99.99775,99.9961923076923,99.99568463801012,99.99311149494092,0.0025731430691848,0.0050955882820191,0.0053371119737406,-0.5
99.979,99.979,99.977,99.977,99.992,-0.015,-0.02,5,50088.0,0.027000000000001,-0.0219999999999913,-0.0169999999999959,99.9942,99.9935,99.99545,99.98867914542132,99.99188635706082,99.99440613059032,0.0150000000000005,0.0202142857142868,0.0,0.0150000000000005,0.0170415071135165,0.0181346263778274,0.9397219859104804,48.44622026951903,99.99441666666668,99.99542307692307,99.99281007831628,99.99191805087123,0.0008920274450332,0.0042012137411388,0.0044480950679991,0.0
100.025,100.025,100.025,100.025,99.977,0.048,0.05,5,50013.0,0.0180000000000006,0.0150000000000005,0.0250000000000056,99.9978,99.995,99.9967,100.00078609694756,99.9979070194134,99.99731983243888,0.0480000000000018,0.0227857142857154,0.0480000000000018,0.0,0.0192528280339797,0.0168392959222683,1.1433273768008207,53.34357173692136,99.99658333333332,99.9965,99.99776237395992,99.99436856562151,0.0033938083384015,0.0036564778489712,0.0042372377220796,0.0
99.99,99.993,99.99,99.993,100.025,-0.032,-0.03,9,89992.0,0.0019999999999953,-0.0090000000000003,-0.0020000000000095,99.9982,99.9941,99.9966,99.9981907312984,99.9970148340655,99.99690841982566,0.0350000000000108,0.0240714285714308,0.0,0.0320000000000106,0.0178776260315526,0.0179222033563927,0.9975127318916284,49.9377408697161,99.99608333333336,99.99642307692308,99.997029701043,99.99426719039027,0.0027625106527153,0.0031082491260608,0.0039422923082068,0.8
99.941,99.993,99.94,99.993,99.993,0.0,0.0,13,129927.0,-0.0110000000000098,-0.0090000000000003,-0.0020000000000095,99.996,99.9932,99.9965,99.99646048753226,99.9962848642354,99.99653618936608,0.0529999999999972,0.0265714285714305,0.0,-0.0,0.0166006527435846,0.0166420459737932,0.9975127318916284,49.9377408697161,99.99466666666667,99.99634615384616,99.9964097470364,99.99417332443544,0.0022364226009443,0.0025812586044588,0.0036011183667543,0.4444444444444444
99.994,99.994,99.991,99.991,99.993,-0.002,0.0,9,89993.0,-0.0010000000000047,-0.0090000000000003,-0.0090000000000003,99.9958,99.9923,99.99605,99.9946403250215,99.99532397982895,99.99600893323596,0.0030000000000001,0.0267857142857163,0.0,0.0019999999999953,0.0154148918333285,0.0155961855470934,0.9883757657782776,49.70769523493029,99.99375,99.99634615384616,99.99557747826157,99.99393826336616,0.0016392148954054,0.0025023643813726,0.0032087376724845,-0.3076923076923077
100.0,100.088,100.0,100.032,99.991,0.041,0.04,37,370109.0,0.0549999999999926,0.0819999999999936,0.0510000000000019,100.0068,100.00050000000002,99.9986,100.00709355001436,100.00199234713278,99.99943665388015,0.0969999999999942,0.0329285714285723,0.0409999999999968,0.0,0.0172423995595191,0.0144821722937296,1.1905948368660582,54.35029868733576,99.99625,99.99757692307692,100.0011809431444,99.99675765126496,0.0044232918794477,0.0026336248056,0.0034516485138771,3.1111111111111107
98.582,100.013,98.582,99.993,100.032,-0.039,-0.04,11,109704.0,-0.0320000000000106,-0.01400000000001,0.0049999999999954,100.0004,99.9991,99.99885,100.00239570000956,100.00035737492682,99.9988236392249,1.4500000000000028,0.133500000000001,0.0,0.0390000000000014,0.016010799590982,0.0162334457013204,0.9862847287978868,49.65475062554568,99.99566666666664,99.99753846153844,99.9999223365068,99.9964793067268,0.0034430297799872,0.0027241784798535,0.0034499247670991,-0.7027027027027026
100.009,100.009,100.009,100.009,99.993,0.016,0.02,1,10001.0,0.0160000000000053,0.0180000000000006,0.0090000000000003,100.0036,100.0009,99.9993,100.00459713333971,100.00192876130376,99.99979281644156,0.0160000000000053,0.1346428571428585,0.0160000000000053,0.0,0.0160100281916266,0.0150739138655118,1.0621016104023588,51.50578444071535,100.00058333333332,99.9978846153846,100.00131890012112,99.9974067654878,0.0039121346333388,0.0028083981438287,0.0035423667403471,-0.9090909090909092
99.972,99.972,99.972,99.972,100.009,-0.037,-0.04,1,9997.0,-0.0210000000000007,-0.0320000000000106,-0.0450000000000017,99.9994,99.9977,99.99705,99.99373142222647,99.99648716833944,99.99714588154237,0.0370000000000061,0.1371428571428593,0.0,0.0370000000000061,0.0148664547493675,0.0166400628751186,0.8934133759552636,47.18533138620716,99.99766666666667,99.997,99.9968083001025,99.99552478285906,0.0012835172434364,0.0026651063854122,0.0030905968409649,0.0
99.972,100.025,99.972,100.025,99.972,0.053,0.05,7,71391.0,0.034000000000006,0.0330000000000012,0.0260000000000104,100.0062,100.001,99.99835,100.00415428148432,100.00167131955044,99.9997986547288,0.0530000000000114,0.137357142857146,0.0530000000000114,0.0,0.0175902794101278,0.0154514869554672,1.1384198466351347,53.23649836239928,100.0005,99.99815384615384,100.00114548470212,99.99770813227693,0.0034373524252089,0.0029479202720984,0.0031599479578137,6.0
99.958,100.019,99.958,100.017,100.025,-0.008,-0.01,3,30505.0,-0.0150000000000005,0.039999999999992,0.0180000000000006,100.0032,100.005,99.99925,100.00843618765624,100.00445835235944,100.00143687808796,0.0670000000000072,0.1380714285714321,0.0,0.0080000000000097,0.0163338308808329,0.0149192378872203,1.0948167060748066,52.26312654944573,100.00158333333331,99.9988076923077,100.0035846409018,99.99913715951566,0.004447481386137,0.0030649950551801,0.0034174546434784,-0.5714285714285714
99.973,99.973,99.973,99.973,100.017,-0.044,-0.04,1,9997.0,-0.019999999999996,-0.0520000000000067,-0.0370000000000061,99.9992,99.9998,99.9974,99.99662412510416,99.99873865193044,99.99872860398432,0.0439999999999969,0.1387857142857171,0.0,0.0439999999999969,0.0151671286750592,0.01699643518099,0.8923711656914459,47.15624407463353,100.0,99.9985,99.99887931153228,99.9972010736256,0.0016782379066739,0.00294452030562,0.0030696112961175,-0.6666666666666667
100.008,100.008,99.968,99.968,99.973,-0.005,-0.01,6,60001.0,-0.0409999999999968,-0.0249999999999914,-0.0339999999999918,99.991,99.9973,99.9957,99.98708275006943,99.9931498061249,99.99580207027154,0.039999999999992,0.1407142857142876,0.0,0.0049999999999954,0.0140837623411264,0.0161395469537761,0.872624391593051,46.59900808248605,99.99925,99.99773076923076,99.9941286482196,99.9950380311348,-0.0009093829151964,0.0025949863593821,0.0022738124538547,5.0
99.976,99.995,99.976,99.995,99.968,0.027,0.03,6,61393.0,0.0230000000000103,0.0020000000000095,-0.0069999999999907,99.9956,99.9975,99.99535,99.98972183337963,99.99348620501128,99.99572568262664,0.027000000000001,0.1417857142857162,0.027000000000001,0.0,0.0150063507453317,0.0149867221713635,1.0013097309567571,50.03272184551191,99.99675,99.99753846153848,99.99426270233968,99.99503521401373,-0.0007725116740573,0.0023270167405529,0.0016645476282723,0.0
99.98,99.987,99.884,99.986,99.995,-0.009,-0.01,29,289852.0,-0.0390000000000014,-0.0049999999999954,-0.0139999999999957,99.9878,99.997,99.99465,99.9884812222531,99.9921250768274,99.9947994271384,0.1110000000000042,0.1486428571428593,0.0,0.0090000000000003,0.0139344685492366,0.0145590991591233,0.9570968915686436,48.90390944321185,99.99616666666668,99.99634615384616,99.99299151736432,99.9943659389016,-0.0013744215372639,0.0016828263609182,0.001056753795165,3.833333333333333
99.955,99.98,99.955,99.968,99.986,-0.018,-0.02,2,20192.0,-0.0489999999999923,-0.0639999999999929,0.0180000000000006,99.978,99.9906,99.99555,99.98165414816874,99.98773869922242,99.99224710074428,0.0310000000000059,0.1474285714285739,0.0,0.0180000000000006,0.0129391493671482,0.0148048777906145,0.8739788028072027,46.637603450903,99.99408333333334,99.99515384615384,99.98914666853904,99.99241290639036,-0.0032662378513066,0.0009373521796634,0.0001921554658707,-0.9310344827586208
99.978,99.978,99.97,99.97,99.968,0.002,0.0,3,29993.0,-0.0030000000000001,-0.0229999999999961,-0.0370000000000061,99.97740000000002,99.9883,99.9937,99.9777694321125,99.98451348118196,99.9901283292448,0.0099999999999909,0.1456428571428582,0.0019999999999953,0.0,0.0121577815552087,0.0137473865198564,0.8843703883387851,46.93187675902848,99.99233333333332,99.99403846153848,99.98620102722536,99.9907526911022,-0.004551663876839,-3.0698770230072923e-06,-0.0007566084026712,0.5
100.01,100.01,99.979,99.979,99.97,0.009,0.01,2,19999.0,0.0109999999999956,-0.0300000000000011,-0.0120000000000004,99.9796,99.9853,99.9931,99.97817962140834,99.98351103005795,99.98906848836435,0.0400000000000062,0.1447142857142875,0.0090000000000003,0.0,0.0119322257298367,0.0127654303398666,0.9347296105304188,48.31319092046959,99.98791666666666,99.99284615384614,99.98509317688298,99.9898821213909,-0.0047889445079221,-0.0006777878493961,-0.0015630756237214,-0.3333333333333333
99.979,99.988,99.979,99.988,99.979,0.009,0.01,16,161175.0,-0.007000000000005,0.0160000000000053,-0.0160000000000053,99.9782,99.9869,99.9923,99.9814530809389,99.98432720641104,99.98896672756774,0.0090000000000003,0.1451428571428589,0.0090000000000003,0.0,0.0117227810348484,0.011853613887019,0.9889626190444858,49.72253422840051,99.9875,99.99230769230768,99.98554038043945,99.98974270499158,-0.0042023245521392,-0.0015266408468793,-0.0020909254094049,7.0
99.988,99.988,99.988,99.988,99.988,0.0,0.0,3,29996.0,0.0019999999999953,-0.0370000000000061,-0.0040000000000048,99.9786,99.9832,99.9921,99.98363538729262,99.9849949870636,99.98887465827558,0.0,0.1382142857142879,0.0,-0.0,0.0108854395323592,0.0110069271808034,0.988962619044486,49.72253422840052,99.98575,99.99176923076924,99.98591878344877,99.98961361573296,-0.0036948322841965,-0.0024313423658052,-0.0024117067843632,-0.8125
99.956,99.992,99.956,99.991,99.988,0.003,0.0,171,1705453.0,0.0229999999999961,-0.0259999999999962,0.0139999999999957,99.9832,99.9806,99.9928,99.98609025819508,99.98608680759747,99.98907707177314,0.0360000000000013,0.0372142857142878,0.0030000000000001,0.0,0.0103221938514764,0.0102207180964603,1.0099284369315809,50.24698483660288,99.98733333333332,99.99142307692308,99.98670050907202,99.98971631086384,-0.0030158017918182,-0.0029529023323043,-0.0025325257858542,56.0
100.002,100.002,99.99,99.992,99.991,0.001,0.0,7,69999.0,0.0220000000000055,0.0190000000000054,-0.0330000000000012,99.9876,99.9825,99.99115,99.98806017213008,99.98716193348884,99.98935544588998,0.0120000000000004,0.0369285714285731,0.0010000000000047,0.0,0.0096563228620856,0.0094906668038559,1.0174546279680097,50.43259034741192,99.98458333333332,99.99303846153846,99.98751581536864,99.98988547302208,-0.002369657653432,-0.0031151550809972,-0.0024999521593698,-0.95906432748538
99.992,99.997,99.99,99.997,99.992,0.005,0.01,14,139994.0,0.0180000000000006,0.0289999999999963,0.0040000000000048,99.9912,99.9854,99.99135,99.9910401147534,99.9889506728545,99.99008349866236,0.007000000000005,0.0347857142857159,0.0049999999999954,0.0,0.0093237283719363,0.0088127620321519,1.0579802720100877,51.40866928606309,99.98291666666668,99.99265384615386,99.98897492069656,99.99041247502043,-0.0014375543238855,-0.0031890487087559,-0.0022874725922729,1.0
99.983,99.983,99.983,99.983,99.997,-0.014,-0.01,2,19997.0,-0.0049999999999954,-0.0120000000000004,-0.0099999999999909,99.9902,99.9842,99.99085,99.98836007650226,99.9878687323355,99.98940887974214,0.0139999999999957,0.0320000000000005,0.0,0.0139999999999957,0.0086577477739408,0.0091832790298551,0.9427730275639326,48.5271832678307,99.98375,99.99234615384616,99.98805570212784,99.9898634027967,-0.0018077006688486,-0.0032371908344875,-0.0021915182075881,-0.8571428571428572
99.985,100.002,99.98,100.002,99.983,0.019,0.02,5,49993.0,0.0139999999999957,0.0159999999999911,0.0109999999999956,99.993,99.9858,99.9914,99.99290671766818,99.99043805372904,99.9906080340524,0.0219999999999913,0.0287857142857136,0.0189999999999912,0.0,0.0093964800758016,0.0085273305277226,1.1019251623064663,52.42456687170115,99.98658333333331,99.99226923076924,99.99020097872356,99.99076240999696,-0.0005614312733825,-0.0029366567702737,-0.001865500820747,1.5
100.0,100.042,100.0,100.042,100.002,0.04,0.04,4,40004.0,0.0510000000000019,0.073999999999998,0.0100000000000051,100.0032,99.9932,99.9919,100.00927114511214,99.99981295305102,99.9955025069998,0.0420000000000015,0.0286428571428568,0.0400000000000062,0.0,0.0115824457846733,0.0079182354900281,1.462755913139964,59.39508277436151,99.9905,99.99419230769232,99.99817005891994,99.9945577870342,0.0036122718857285,-0.0020295527966551,-0.0007699462794518,-0.1999999999999999
99.99,99.99,99.99,99.99,100.042,-0.052,-0.05,1,9999.0,-0.0020000000000095,0.019999999999996,-0.0030000000000001,100.0028,99.9952,99.99175,100.00284743007477,99.99802877976902,99.99497845871412,0.0520000000000067,0.0295000000000007,0.0,0.0520000000000067,0.0107551282286252,0.0110669329550266,0.9718255520595972,49.28557452988237,99.99083333333331,99.9946923076923,99.9969131267784,99.99422017317984,0.0026929535985829,-0.0011982307848212,-7.736630384493266e-05,-0.75
99.972,99.972,99.972,99.972,99.99,-0.018,-0.02,1,9997.0,-0.0250000000000056,-0.007000000000005,-0.0370000000000061,99.9978,99.9945,99.9899,99.99256495338318,99.99329627435648,99.99279003407467,0.0180000000000006,0.0288571428571436,0.0,0.0180000000000006,0.0099869047837234,0.0115621520296676,0.8637583001934095,46.34497402929199,99.99116666666669,99.99265384615386,99.99308033804328,99.99257423442576,0.0005061036175106,-0.0006750720993046,3.932768042619172e-05,0.0
100.0,100.033,99.99,100.033,99.972,0.061,0.06,4,40002.0,0.0499999999999971,0.0450000000000017,0.061000000000007,100.0078,99.999,99.99295,100.00604330225543,100.00051513356438,99.996619554639,0.061000000000007,0.0252857142857152,0.061000000000007,0.0,0.0136306972991723,0.0107362840275485,1.2695917194624282,55.93921182278289,99.99641666666668,99.99419230769232,99.99922182449816,99.9955687355794,0.0036530889187531,0.000141363589912,0.0007620799280915,3.0
99.99,99.99,99.99,99.99,100.033,-0.043,-0.04,2,19998.0,-0.0120000000000004,0.0019999999999953,-0.0350000000000108,100.0054,99.9992,99.9912,100.00069553483698,99.9986032910981,99.99598912086384,0.0430000000000063,0.0261428571428581,0.0,0.0430000000000063,0.0126570760635171,0.0130408351684383,0.9705725055209662,49.25332626948294,99.99733333333334,99.99407692307692,99.99780308226768,99.9951562366476,0.0026468456200774,0.0007705466356782,0.0011390330664887,-0.5
99.989,99.989,99.986,99.986,99.99,-0.004,0.0,5,49994.0,-0.0559999999999973,-0.0049999999999954,-0.0309999999999917,99.9942,99.9987,99.98965,99.99579702322464,99.99631178362571,99.99503777601969,0.0039999999999906,0.0257142857142866,0.0,0.0039999999999906,0.0117529992018373,0.0123950612278349,0.948200173101545,48.67057226424558,99.99716666666666,99.99388461538464,99.99598722345726,99.99447799689592,0.001509226561339,0.0012015337706527,0.0012130717654588,1.5
99.955,99.998,99.952,99.978,99.986,-0.008,-0.01,3,30393.0,-0.0120000000000004,-0.01400000000001,0.0049999999999954,99.99179999999998,99.9973,99.9899,99.98986468214976,99.99298236842104,99.99341513068448,0.0460000000000064,0.0261428571428581,0.0,0.0080000000000097,0.0109134992588489,0.0120811282829902,0.9033509953051904,47.46108298119463,99.99633333333333,99.9918076923077,99.99321995831,99.99325740453324,-3.744622325996261e-05,0.0013571013373889,0.000962968167715,-0.4
100.0,100.05,100.0,100.029,99.978,0.051,0.05,17,170440.0,0.0570000000000021,0.0319999999999964,0.0609999999999928,100.0032,100.0005,99.99295,100.00290978809986,99.99953102870812,99.99680416585738,0.0720000000000027,0.0306428571428583,0.0510000000000019,0.0,0.0137768207403598,0.0112181905484909,1.2280786888767086,55.11828172890283,99.9995,99.99319230769233,99.99872458010846,99.99590500419744,0.0028195759110047,0.0018712431795948,0.001334289716373,4.666666666666667
100.008,100.066,100.008,100.05,100.029,0.021,0.02,4,40217.0,0.0169999999999959,0.066999999999993,0.0549999999999926,100.0066,100.00719999999998,99.9957,100.0186065253999,100.00870720530664,100.00187043577571,0.0580000000000069,0.0347857142857159,0.0210000000000007,0.0,0.0142927621160485,0.0104168912235987,1.3720755846686037,57.84282733386392,100.00433333333332,99.99476923076924,100.00661310624562,99.99991204092358,0.0067010653220478,0.0026781872457538,0.0024076448375079,-0.7647058823529411
100.0,100.0,99.983,99.983,100.05,-0.067,-0.07,2,19998.0,-0.0069999999999907,-0.0189999999999912,-0.0030000000000001,100.0052,100.0053,99.99555,100.00673768359994,100.00403316797816,100.00007325141614,0.066999999999993,0.037000000000001,0.0,0.066999999999993,0.0132718505363307,0.014458541850484,0.9179245510076404,47.86030558529431,100.00316666666669,99.9951923076923,100.00298032066938,99.99865929715146,0.0043210235179174,0.0027569374271081,0.0027903205735898,-0.5
99.988,99.998,99.988,99.998,99.983,0.015,0.02,3,29998.0,0.0120000000000004,-0.0439999999999969,0.0300000000000011,100.0076,100.0009,99.99705,100.00382512239996,100.00293622834576,99.99987579890032,0.0150000000000005,0.0372142857142867,0.0150000000000005,0.0,0.0133952897837357,0.0134257888611637,0.9977283213862946,49.94314345475843,100.00441666666666,99.99415384615384,100.00221411748949,99.99861046032544,0.0036036571640352,0.0028581267121583,0.0029529878916789,0.5
99.984,99.984,99.984,99.984,99.998,-0.014,-0.01,1,9998.0,0.0060000000000002,-0.0060000000000002,0.0139999999999957,100.0088,100.0003,99.99775,99.99721674826664,99.9994932777374,99.99836381805268,0.01400000000001,0.0377142857142871,0.0,0.01400000000001,0.0124384833706117,0.0134668039425099,0.923640339884052,48.01523032833283,100.00291666666668,99.9928846153846,99.999411945568,99.99752820400504,0.0018837415629775,0.003011197594988,0.0027391386259386,-0.6666666666666667
100.005,100.005,100.005,100.005,99.984,0.021,0.02,1,10001.0,-0.0240000000000009,0.0330000000000012,0.0259999999999962,100.004,100.0036,99.99905,99.9998111655111,100.00049449996698,99.99899583538098,0.0210000000000007,0.0382142857142875,0.0210000000000007,0.0,0.0130500202727109,0.0125048893751878,1.043593420234875,51.06658740929653,99.99983333333334,99.9941153846154,100.00027164624989,99.99808167037504,0.0021899758748276,0.0028486294789963,0.0026293060757164,0.0
99.99,99.997,99.99,99.997,100.005,-0.008,-0.01,2,19999.0,-0.0529999999999972,-0.0360000000000013,0.0090000000000003,99.9934,100.0,99.9995,99.99887411034076,99.9998591363366,99.99880575582088,0.0150000000000005,0.0377142857142881,0.0,0.0079999999999955,0.0121178759675173,0.012183111562674,0.9946454077169752,49.86577583508556,100.00041666666668,99.99523076923076,99.99976831605758,99.99800154664356,0.0017667694140186,0.0027508432338786,0.0024567987433768,1.0
99.987,99.987,99.987,99.987,99.997,-0.01,-0.01,0,100.0,0.0039999999999906,-0.0030000000000001,-0.0010000000000047,99.9942,99.9997,99.99945,99.9949160735605,99.99752111154812,99.99768139812365,0.0100000000000051,0.0354285714285741,0.0,0.0100000000000051,0.0112523133984089,0.0120271750224834,0.9355740959430664,48.3357417266544,100.00166666666668,99.99492307692309,99.99780395974102,99.99718661726256,0.0006173424784634,0.002651745002448,0.0020889074903942,-1.0
99.953,99.995,99.953,99.995,99.987,0.008,0.01,9,90175.0,-0.0030000000000001,0.0090000000000003,0.0040000000000048,99.9936,100.0006,99.99965,99.99494404904034,99.99706272763028,99.99742602687375,0.0420000000000015,0.034714285714288,0.0080000000000097,0.0,0.0110200052985233,0.011168091092306,0.9867402770483528,49.66629450500327,99.9985,99.99526923076922,99.99737258131933,99.99702464561348,0.0003479357058466,0.0026945652167932,0.0017407131334846,inf
99.962,99.995,99.962,99.995,99.995,0.0,0.0,3,29995.0,0.0110000000000098,0.0170000000000101,0.0030000000000001,99.9958,100.0023,99.9998,99.99496269936024,99.99668768624296,99.99719497669533,0.0330000000000012,0.0357857142857166,0.0,-0.0,0.0102328620629145,0.0103703702999984,0.986740277048353,49.66629450500328,99.99891666666666,99.9963076923077,99.99700756880866,99.99687467186432,0.0001328969443221,0.0023960453316062,0.0014191498956521,-0.6666666666666667
99.995,99.995,99.995,99.995,99.995,0.0,0.0,0,100.0,-0.0099999999999909,-0.0339999999999918,-0.0019999999999953,99.9938,99.9989,99.9997,99.99497513290684,99.99638083419876,99.99698593129575,0.0,0.0314285714285733,0.0,-0.0,0.0095019433441348,0.0096296295642842,0.986740277048353,49.66629450500328,99.99966666666668,99.99726923076922,99.99669871206886,99.9967358072818,-3.709521293160378e-05,0.0016473608277196,0.0011279008739354,-1.0
100.017,100.017,100.017,100.017,99.995,0.022,0.02,2,20003.0,0.019999999999996,-0.0330000000000012,0.0339999999999918,99.9978,99.9956,100.0014,100.00231675527122,100.00012977343536,99.99889203307713,0.0219999999999913,0.0299285714285722,0.0219999999999913,0.0,0.010394661676696,0.0089417988811211,1.162479923211243,53.75679610865389,100.00291666666668,99.99873076923078,99.9998219871352,99.99823685859424,0.0015851285409382,0.0013433724969442,0.001219346407336,inf
99.968,100.0,99.968,100.0,100.017,-0.017,-0.02,0,1200.0,0.0130000000000052,0.0169999999999959,-0.0019999999999953,100.0004,99.9973,100.0013,100.00154450351415,100.00010617826528,99.99899755373644,0.0489999999999923,0.033142857142858,0.0,0.0169999999999959,0.0096521858426463,0.0095173846753264,1.014163677514197,50.35160194954158,100.0005,99.99919230769233,99.99984937372976,99.99836746166136,0.0014819120684279,0.0011076230418767,0.0012718595395543,-1.0
100.018,100.066,100.018,100.018,100.0,0.018,0.02,4,40712.0,0.0229999999999961,0.019999999999996,-0.0240000000000009,100.005,99.9993,100.0001,100.00702966900944,100.00335960039884,100.00080731052344,0.0660000000000025,0.0345714285714292,0.0180000000000006,0.0,0.0102484582824573,0.0088375714842317,1.159646436890836,53.696124378596735,99.99783333333336,100.00034615384617,100.00264177777134,99.9998217237605,0.00282005401084,0.0012116577583059,0.0015814984338115,inf
100.084,100.49,100.013,100.013,100.018,-0.005,-0.01,9,90224.0,0.0180000000000006,0.0290000000000105,0.0230000000000103,100.0086,100.0022,100.00125,100.00901977933964,100.00511240032634,100.001968519045,0.4769999999999896,0.0634999999999997,0.0,0.0049999999999954,0.0095164255479961,0.0085634592353577,1.111282869042422,52.63543248216888,100.00033333333332,100.0011923076923,100.00423535042192,100.00079789237084,0.0034374580510814,0.0013502668890007,0.0019526903572655,1.25
100.012,100.2,100.0,100.099,100.013,0.086,0.09,8,83243.0,0.1039999999999992,0.0940000000000083,0.1270000000000095,100.0294,100.0116,100.0076,100.03901318622644,100.02218287299428,100.01120961246929,0.2000000000000028,0.0736428571428565,0.0859999999999985,0.0,0.0149795380088534,0.0079517835756892,1.883795989449443,65.32348322632511,100.00875,100.00530769230772,100.01881452728009,100.00807212256558,0.0107424047144917,0.0023475597001644,0.0037106332287107,-0.1111111111111111
99.99,100.004,99.973,99.973,100.099,-0.126,-0.13,10,97595.0,-0.0439999999999969,-0.0240000000000009,-0.0600000000000022,100.0206,100.0092,100.0046,100.01700879081764,100.01324053244986,100.0075706017579,0.1260000000000047,0.0778571428571431,0.0,0.1260000000000047,0.013909571008221,0.0163837990345689,0.8489832534488844,45.91622189467032,100.00783333333332,100.00438461538462,100.01176613846776,100.00547418756072,0.0062919509070269,0.0029780717477826,0.0042268967643739,0.25
99.977,100.0,99.975,99.992,99.973,0.019,0.02,23,234171.0,-0.0079999999999955,0.0050000000000096,0.0020000000000095,100.019,100.0097,100.0047,100.00867252721176,100.00937861745896,100.00608768730476,0.027000000000001,0.0787142857142859,0.0190000000000054,0.0,0.0142731730790628,0.0152135276749569,0.9381895760151654,48.40545979738695,100.00675,100.00473076923078,100.00872519408809,100.00447609959326,0.0042490944948241,0.0034115338354467,0.004231336310464,1.2999999999999998
99.992,99.995,99.992,99.993,99.992,0.001,0.0,2,20199.0,-0.0250000000000056,-0.0020000000000095,0.0069999999999907,100.014,100.0095,100.00505,100.0034483514745,100.00640068701188,100.0048412408948,0.0030000000000001,0.077928571428571,0.0009999999999905,0.0,0.0133250892877005,0.0141268471267457,0.9432458048245412,48.53970622155586,100.00641666666668,100.0043846153846,100.00630593345916,100.0036260181419,0.0026799153172447,0.0036945358768826,0.0039210521118201,-0.9130434782608696
100.054,100.054,100.053,100.053,99.993,0.06,0.06,2,20011.0,0.039999999999992,0.0579999999999927,0.0750000000000028,100.022,100.0153,100.0088,100.01996556764968,100.01487328937336,100.009427789381,0.061000000000007,0.0807857142857143,0.0600000000000022,0.0,0.0166590114814363,0.0131177866176924,1.2699559740488329,55.94628215558125,100.01191666666666,100.0048076923077,100.0134896360039,100.0072833501314,0.0062062858725084,0.0043882448863759,0.0043780988639578,0.0
99.974,99.974,99.974,99.974,100.053,-0.079,-0.08,1,9997.0,-0.125,-0.0210000000000007,-0.0549999999999926,99.997,100.0132,100.00605,100.00464371176643,100.00744178221456,100.00605371420184,0.0789999999999935,0.0853571428571423,0.0,0.0789999999999935,0.0154690820899051,0.0178236590021425,0.8678959852208628,46.463828397716775,100.01016666666668,100.0041923076923,100.0074143073879,100.00481791678833,0.002596390599578,0.0045006073373359,0.0040217572110818,-0.5
99.995,99.995,99.978,99.985,99.974,0.011,0.01,2,24296.0,0.0120000000000004,-0.0319999999999964,-0.0649999999999977,99.9994,100.01,100.0028,99.99809580784432,100.00336145817552,100.0040485985636,0.0210000000000007,0.0861428571428563,0.0109999999999956,0.0,0.0151498619406259,0.0165505405019894,0.915369618219104,47.79075586832205,100.00933333333334,100.0046923076923,100.00396595240515,100.00334992295215,0.0006160294529991,0.0044043981578438,0.0033406116594653,1.0
99.951,99.996,99.951,99.996,99.985,0.011,0.01,7,70287.0,0.0039999999999906,-0.0040000000000048,0.012999999999991,100.0002,100.0096,100.00345,99.99739720522956,100.00202301123451,100.00328206536705,0.0450000000000017,0.086357142857142,0.0109999999999956,0.0,0.0148534432305809,0.0153683590375616,0.966495069140287,49.148105393562965,100.00941666666668,100.00326923076923,100.0027404212659,100.00280548421496,-6.506294906216681e-05,0.0040838296067436,0.0026594767377598,2.5
99.997,99.997,99.997,99.997,99.996,0.001,0.0,4,40099.0,0.0040000000000048,-0.0210000000000007,-0.0010000000000047,100.001,100.0075,100.0034,99.99726480348636,100.0011097364646,100.00268377342732,0.0010000000000047,0.084071428571428,0.0010000000000047,0.0,0.013863911571254,0.0142706191063072,0.9715003580416876,49.27720931314916,100.00775,100.00353846153848,100.00185727953269,100.00237544834718,-0.0005181688144944,0.0036443155105685,0.0020239476273089,-0.4285714285714286
99.975,99.993,99.975,99.981,99.997,-0.016,-0.02,5,49990.0,-0.0720000000000027,-0.0320000000000106,-0.0030000000000001,99.9866,100.0043,100.00325,99.99184320232423,99.99745342074377,100.00061865214852,0.0220000000000055,0.085642857142857,0.0,0.0160000000000053,0.0128736321733073,0.0143941463129999,0.894365799358354,47.21188482505792,100.00616666666666,100.00334615384617,99.99864846729687,100.00079208180296,-0.0021436145060675,0.002212535597173,0.0011904352006336,0.25
99.977,99.996,99.977,99.996,99.981,0.015,0.02,6,60993.0,0.0219999999999913,-0.1030000000000086,-0.0090000000000003,99.991,99.994,100.0028,99.9932288015495,99.99718916242672,100.00017878051533,0.0189999999999912,0.0854285714285712,0.0150000000000005,0.0,0.0130255155894997,0.0133659930049285,0.974526590332398,49.35494893327028,100.00433333333332,100.00403846153844,99.99824101078968,100.00043711278052,-0.0021961019908474,0.0012694186085203,0.0005131277623374,0.1999999999999999
100.33,100.33,100.253,100.253,99.996,0.257,0.26,2,20058.0,0.2680000000000007,0.2800000000000011,0.2560000000000002,100.0446,100.022,100.0156,100.079819201033,100.04370022380368,100.02425699189482,0.3340000000000032,0.1057857142857149,0.257000000000005,0.0,0.0304522644759643,0.0124112792188622,2.4535959540483216,71.04467305077205,100.02433333333332,100.01265384615384,100.0374347014374,100.01914547479676,0.0182892266406327,0.0028294332913879,0.0040683475379965,-0.6666666666666667
100.152,100.152,99.991,99.991,100.253,-0.262,-0.26,2,20014.0,-0.0049999999999954,-0.0010000000000047,0.0040000000000048,100.0436,100.0219,100.0158,100.05021280068868,100.03411836493026,100.0210896593334,0.2620000000000004,0.1197857142857147,0.0,0.2620000000000004,0.0282771027276812,0.0302390449889435,0.9351189079556024,48.323589011050935,100.01533333333332,100.0103846153846,100.03029090121626,100.01706062481183,0.0132302764044283,0.0040016956344083,0.0059007333112828,0.0
100.0,100.0,100.0,100.0,99.991,0.009,0.01,3,30000.0,0.0030000000000001,0.007000000000005,0.0049999999999954,100.0442,100.0226,100.01605,100.03347520045912,100.02791502585204,100.01908112034926,0.0090000000000003,0.0863571428571441,0.0090000000000003,0.0,0.0269001668185611,0.0280791132040189,0.9580134038816758,48.92782664216987,100.01758333333332,100.01103846153843,100.0256307625676,100.01579687482575,0.0098338877418342,0.0044047625087778,0.0066873641973931,0.5
100.0,100.0,100.0,100.0,100.0,0.0,0.0,0,2100.0,0.0190000000000054,-0.0529999999999972,0.0049999999999954,100.048,100.0173,100.0163,100.02231680030609,100.0228395666062,100.01726387079218,0.0,0.0720714285714296,0.0,-0.0,0.024978726331521,0.0260734622608747,0.9580134038816758,48.92782664216987,100.01824999999998,100.01111538461538,100.02168756832644,100.01462673594978,0.0070608323766521,0.0049008115951194,0.0067620578332449,-1.0
100.0,100.02,100.0,100.02,100.0,0.02,0.02,7,71004.0,0.0240000000000009,0.0459999999999922,0.0249999999999914,100.0528,100.0219,100.01755,100.0215445335374,100.0223232817687,100.01752445452624,0.019999999999996,0.0645000000000004,0.019999999999996,0.0,0.0246231030221264,0.0242110720993837,1.0170182849008649,50.42186739278125,100.02049999999998,100.0125,100.02142794243004,100.01502475550905,0.0064031869210054,0.0055438290915645,0.006690283650797,inf
99.956,99.989,99.956,99.987,100.02,-0.033,-0.03,123,1226477.0,-0.2660000000000053,0.0019999999999953,-0.0300000000000011,99.9996,100.0221,100.01605,100.01002968902492,100.01590086690166,100.01461736361898,0.0639999999999929,0.0671428571428569,0.0,0.0330000000000012,0.0228643099491173,0.0248388526637135,0.9205058807937324,47.93038594671179,100.015,100.01180769230768,100.01613133590234,100.01294884769356,0.0031824882087789,0.0059046681091024,0.0059887245623934,16.571428571428573
99.993,99.993,99.989,99.989,99.987,0.002,0.0,100,1000015.0,-0.0019999999999953,-0.0069999999999907,-0.0109999999999956,99.9992,100.0214,100.0155,100.0030197926833,100.01100980019226,100.01217761470288,0.0060000000000002,0.0673571428571427,0.0020000000000095,0.0,0.0213740020956096,0.0230646489020197,0.9266996513325642,48.097774382822486,100.01625,100.0115,100.01195728422506,100.01117485897552,0.0007824252495396,0.0060491785606618,0.0049474646998226,-0.1869918699186992
99.989,100.025,99.989,100.025,99.989,0.036,0.04,103,1025550.0,0.0250000000000056,0.0280000000000057,0.007000000000005,100.0042,100.0242,100.01585,100.01034652845554,100.01355347288457,100.013398794255,0.0360000000000013,0.065571428571428,0.0360000000000013,0.0,0.0224187162316376,0.0214171739804468,1.0467635110078084,51.142376995591015,100.01958333333334,100.01296153846154,100.01396385588276,100.01219894349585,0.0017649123869034,0.0064834593265475,0.0043109542372388,0.03
99.989,99.994,99.984,99.994,100.025,-0.031,-0.03,24,239979.0,-0.0060000000000002,0.0130000000000052,-0.0190000000000054,100.003,100.0255,100.0149,100.00489768563703,100.00999829599648,100.01155129004025,0.041000000000011,0.0628571428571435,0.0,0.0310000000000059,0.0208173793579492,0.0221016615532725,0.9418920522229646,48.50383166998091,100.01941666666666,100.01292307692307,100.01089249343926,100.01085087360728,4.16198319896921e-05,0.0067320950846405,0.003457087356189,-0.7669902912621359
99.951,99.994,99.113,99.742,99.994,-0.252,-0.25,18,179786.0,-0.2779999999999916,-0.2539999999999907,-0.3569999999999993,99.9474,100.0001,99.99705,99.91726512375804,99.961271333088,99.98587973860784,0.8810000000000002,0.1242857142857149,0.0,0.2519999999999953,0.0193304236895243,0.0385229714423241,0.5017895288390576,33.41277317514397,99.99816666666668,100.00319230769232,99.96952441752552,99.9909359940808,-0.0214115765552804,0.002320894729539,-0.0015166454261048,-0.25
99.951,99.999,99.951,99.998,99.742,0.256,0.26,20,199965.0,0.0110000000000098,-0.2549999999999954,0.0250000000000056,99.9496,99.9746,99.9983,99.94417674917204,99.96794927252654,99.98703404921665,0.2569999999999908,0.1394285714285713,0.2560000000000002,0.0,0.0362353934259868,0.0357713306250152,1.012973037146319,50.32223574054202,99.99958333333336,100.0033076923077,99.97390527636776,99.99145925377852,-0.0175539774107704,-0.0010995779165941,-0.004724111823038,0.1111111111111111
99.98,99.984,99.977,99.977,99.998,-0.021,-0.02,26,259952.0,-0.0120000000000004,-0.0139999999999957,-0.0150000000000005,99.9472,99.9732,99.99755,99.95511783278135,99.96959485933988,99.98607842548172,0.0210000000000007,0.1408571428571424,0.0,0.0210000000000007,0.0336471510384163,0.0347162355803714,0.9692050556725836,49.21808690672647,99.998,100.00176923076924,99.9743813876958,99.99038819794308,-0.0160068102473047,-0.003970766582054,-0.0069806515078913,0.3
99.968,99.989,99.968,99.989,99.977,0.012,0.01,12,119984.0,-0.0360000000000013,-0.0109999999999956,-0.0039999999999906,99.94,99.9721,99.99735,99.96641188852092,99.97312306673264,99.98635667067391,0.0210000000000007,0.1407857142857135,0.0120000000000004,0.0,0.0321009259642438,0.0322365044674877,0.9957942554416642,49.89463481651807,99.976,100.00134615384614,99.97663040497336,99.99028536846582,-0.0136549634924563,-0.0062725216786216,-0.0083155139048043,-0.5384615384615384
100.0,100.0,99.987,99.987,99.989,-0.002,0.0,4,39997.0,-0.007000000000005,-0.0130000000000052,-0.0660000000000025,99.9386,99.9708,99.99405,99.97327459234728,99.9756461455085,99.98641794013356,0.0130000000000052,0.1403571428571431,0.0,0.0020000000000095,0.0298080026810835,0.0300767541483821,0.9910644790334516,49.77560945261587,99.97566666666668,100.00015384615384,99.97822572728516,99.99004200783872,-0.0118162805535746,-0.0082969069535749,-0.0090156672345584,-0.6666666666666667
100.049,100.078,100.01,100.078,99.987,0.091,0.09,35,349537.0,0.3359999999999985,0.0580000000000069,0.1039999999999992,100.0058,99.9766,99.99925,100.00818306156486,99.99425593723424,99.9951400410732,0.0910000000000081,0.1230000000000006,0.0910000000000081,0.0,0.0341788596324353,0.0279284145663548,1.2238023591074276,55.03197503570542,99.98216666666669,100.00265384615383,99.99357561539512,99.99655741466547,-0.0029817992703584,-0.0089818277845902,-0.0078088936417184,7.75
99.985,100.013,99.985,100.008,100.078,-0.07,-0.07,5,49999.0,0.0099999999999909,0.0210000000000007,0.0229999999999961,100.0078,99.9787,100.0004,100.00812204104324,99.99675485773707,99.99636479906624,0.0930000000000035,0.1109285714285722,0.0,0.0700000000000073,0.0317375125158327,0.0309335278116157,1.0259907214305877,50.641432390475984,99.98283333333336,99.99915384615385,99.9957947514882,99.99740501357915,-0.0016102620909634,-0.009247681933535,-0.0065691673315674,-0.8571428571428572
99.99,100.002,99.96,100.002,100.008,-0.006,-0.01,4,39994.0,0.0249999999999914,0.012999999999991,0.0060000000000002,100.0128,99.98,100.0007,100.0060813606955,99.99770851996672,99.99690148486944,0.0480000000000018,0.1137142857142866,0.0,0.0060000000000002,0.0294705473361304,0.0291525615393575,1.0109076451598824,50.271211986938745,99.98133333333334,100.00026923076923,99.9967494051054,99.99774538294366,-0.0009959778382722,-0.0095544475141101,-0.0054545294329083,-0.1999999999999999
99.991,100.0,99.99,99.998,100.002,-0.004,0.0,15,154291.0,0.0090000000000003,-0.027000000000001,0.0010000000000047,100.0146,99.9773,100.00075,100.003387573797,99.99776151633638,99.99700610535808,0.0120000000000004,0.1145714285714295,0.0,0.0039999999999906,0.0273655082406925,0.0273559500008312,1.00034940259289,50.00873353906165,99.98225,100.0005,99.99694180431996,99.99776424346636,-0.000822439146404,-0.0096504540672649,-0.0045281113756075,2.75
99.998,99.999,99.992,99.995,99.998,-0.003,0.0,33,328586.0,0.0080000000000097,0.0010000000000047,0.01400000000001,100.0162,99.9774,100.00145,100.00059171586469,99.99725942245703,99.99681504770491,0.0069999999999907,0.1136428571428577,0.0,0.0030000000000001,0.025410829080643,0.0256162392864862,0.9919812505049682,49.798724272806304,99.98275,100.00057692307692,99.9966430651938,99.99755948469108,-0.0009164194972726,-0.0073732143941529,-0.0038057729999405,1.2000000000000002
99.998,99.998,99.989,99.989,99.995,-0.006,-0.01,9,89993.0,-0.0889999999999986,0.2469999999999999,-0.0069999999999907,99.9984,100.0021,100.0011,99.99672781057647,99.99575770928304,99.99607075744731,0.0090000000000003,0.1097142857142868,0.0,0.0060000000000002,0.0235957698605971,0.0242150793374515,0.97442463564856,49.352333740937176,99.97975,99.9981153846154,99.99546720901014,99.99692544878803,-0.0014582397778895,-0.0055847991016106,-0.0033362663555303,-0.7272727272727273
100.017,100.017,99.995,100.002,99.989,0.013,0.01,10,100003.0,-0.0060000000000002,0.0039999999999906,-0.2510000000000048,99.9972,100.0025,99.98855,99.99848520705098,99.99689267123156,99.99663544721425,0.0279999999999915,0.1112857142857147,0.012999999999991,0.0,0.0228389291562681,0.0224854308133478,1.0157212172563967,50.38996506862677,99.98041666666666,99.99919230769233,99.9964722537778,99.9973013414704,-0.000829087692594,-0.0038983854844205,-0.002834830622943,0.1111111111111111
99.991,99.991,99.991,99.991,100.002,-0.011,-0.01,1,9999.0,-0.0109999999999956,0.0139999999999957,0.0,99.995,100.0039,99.98855,99.995990138034,99.99582127646218,99.99609873795572,0.0109999999999956,0.1095,0.0,0.0109999999999956,0.0212075770736775,0.0216650428981083,0.9788846102644568,49.46648254208412,100.00116666666668,99.99942307692308,99.99563036858125,99.99683457543556,-0.0012042068543252,-0.0025149680801837,-0.0025087058692194,-0.9
99.991,99.991,99.991,99.991,99.991,0.0,0.0,2,19998.0,-0.007000000000005,0.0019999999999953,-0.0090000000000003,99.9936,100.0041,99.9881,99.99432675868933,99.99494468074178,99.9956131438647,0.0,0.1065714285714278,0.0,-0.0,0.0196927501398434,0.0201175398339577,0.9788846102644566,49.46648254208412,100.00058333333334,99.99923076923076,99.99491800418411,99.99640238466256,-0.0014843804784447,-0.0013669791829471,-0.0023038407910645,1.0
99.991,99.994,99.991,99.994,99.991,0.003,0.0,8,79994.0,-0.0010000000000047,0.007000000000005,-0.0060000000000002,99.9934,100.0048,99.9878,99.99421783912622,99.99477292060692,99.99545951111568,0.0030000000000001,0.0438571428571421,0.0030000000000001,0.0,0.0185004108441403,0.0186805727029608,0.9903556565590792,49.75772311322504,100.002,99.99911538461538,99.99477677277116,99.99622443024312,-0.0014476574719424,-0.0011965189831231,-0.0021326041272401,3.0
100.055,100.055,100.055,100.055,99.994,0.061,0.06,2,20011.0,0.0660000000000025,-0.0229999999999961,0.0350000000000108,100.0066,100.0025,99.98955,100.01447855941748,100.0057232986784,100.00113003386656,0.061000000000007,0.0298571428571433,0.061000000000007,0.0,0.0215360957838451,0.0173462460813207,1.2415421574721115,55.38785667418608,100.0075,100.00196153846152,100.00404188465254,100.00057817615104,0.0034637085014992,-0.0006327444728495,-0.0010133416014922,-0.75
99.981,99.981,99.981,99.981,100.055,-0.074,-0.07,2,19996.0,-0.0210000000000007,-0.027000000000001,-0.0060000000000002,100.0024,99.9998,99.98925,100.00331903961168,100.00122815346413,99.99921288778404,0.0740000000000122,0.0336428571428584,0.0,0.0740000000000122,0.0199978032278561,0.0213929427897987,0.9347850561911564,48.3146721233927,100.007,100.00138461538462,100.00049697932135,99.99912794088058,0.0013690384407851,-0.0003699648862875,-0.0005368655930367,0.0
99.999,100.009,99.999,100.009,99.981,0.028,0.03,6,64303.0,0.0180000000000006,0.007000000000005,0.019999999999996,100.006,100.0005,99.99025,100.00521269307444,100.00264121647064,100.00014499370936,0.0280000000000057,0.0341428571428587,0.0280000000000057,0.0,0.0205693887115811,0.0198648754476702,1.035465274663655,50.87118348578842,100.00125,99.992,100.00180513634884,99.99985920451908,0.0019459318297805,-6.236811115595881e-05,-4.030610847330899e-05,2.0
100.009,100.23,99.999,99.999,100.009,-0.01,-0.01,23,234547.0,0.0079999999999955,0.0009999999999905,-0.0260000000000104,100.0076,100.0006,99.98895000000002,100.00314179538296,100.00197917711232,100.00003594668942,0.2310000000000087,0.0497142857142876,0.0,0.0100000000000051,0.0191001466607539,0.0191602414871227,0.996863566338181,49.9214660001141,100.0005,99.9923076923077,100.00137357691057,99.99979555973988,0.0015780171707007,0.0002147915186188,0.0002833585473614,2.833333333333333
100.001,100.001,99.981,99.981,99.999,-0.018,-0.02,36,359552.0,-0.0130000000000052,-0.01400000000001,-0.0130000000000052,100.005,99.9992,99.9883,99.995761196922,99.99816478127372,99.99822299938566,0.0200000000000102,0.0446428571428591,0.0,0.0180000000000006,0.0177358504707,0.0190773670951854,0.9296802007430096,48.17794162913849,99.99875000000002,99.99157692307692,99.9982391804628,99.99840329605544,-0.0001641155926535,0.0003585830947561,0.0001938637193584,0.5652173913043479
99.982,100.199,99.982,100.001,99.981,0.02,0.02,34,341786.0,-0.054000000000002,0.0120000000000004,0.2590000000000003,99.9942,100.00039999999998,100.00125,99.99750746461469,99.99868027558756,99.99848747563463,0.2180000000000035,0.0535714285714306,0.0200000000000102,0.0,0.0178975754370793,0.0177146980169579,1.010323485048766,50.2567617879795,99.999,99.9916153846154,99.99866392193006,99.99859564449578,6.827743428061694e-05,0.0004582903310755,0.0001687464623429,-0.0555555555555555
100.11,100.11,100.11,100.11,100.001,0.109,0.11,1,10011.0,0.1290000000000049,0.108000000000004,0.1119999999999947,100.02,100.0112,100.00685,100.0350049764098,100.01892022548074,100.0091077160504,0.1089999999999946,0.0579285714285729,0.1089999999999946,0.0,0.0244048914772876,0.016449362444318,1.4836375306276726,59.7364757269038,100.00858333333332,99.99507692307694,100.01579254932544,100.00684781897758,0.0089447303478635,0.0015859500202076,0.001923943239447,-0.9705882352941176
99.988,99.988,99.988,99.988,100.11,-0.122,-0.12,1,9999.0,-0.0210000000000007,-0.0030000000000001,0.0109999999999956,100.01579999999998,100.0109,100.0074,100.01933665093986,100.01329836630242,100.00709745737892,0.1219999999999998,0.0657857142857157,0.0,0.1219999999999998,0.0226616849431956,0.0239886936982953,0.9446819084111284,48.57770848410709,100.0085,99.9951153846154,100.01151677250614,100.00545168423852,0.0060650882676327,0.0024247798808829,0.0027521722450841,0.0
99.99,99.99,99.99,99.99,99.988,0.002,0.0,1,9999.0,-0.0090000000000003,-0.0010000000000047,0.0009999999999905,100.014,100.0108,100.00745,100.00955776729324,100.00906229970198,100.00546912810476,0.0019999999999953,0.0654285714285732,0.0019999999999953,0.0,0.0211858503043956,0.0222752155769885,0.951095186090218,48.74673428906917,100.0075,99.99515384615384,100.00820649981289,100.00430711503566,0.0038993847772275,0.0030188956863462,0.0029816147515128,0.0
99.995,99.998,99.98,99.981,99.99,-0.009,-0.01,22,215083.0,0.0,-0.0130000000000052,-0.0060000000000002,100.014,100.0095,100.00715,100.00003851152884,100.00396006339253,100.0031387349519,0.0180000000000006,0.0660714285714304,0.0,0.0090000000000003,0.019672575282653,0.0213269858929179,0.9224264216907352,47.9824044906478,100.00666666666666,99.99346153846152,100.00402088445703,100.00258066207005,0.0014402223870035,0.0027940638958467,0.002673336278611,21.0
99.984,99.993,99.983,99.993,99.981,0.012,0.01,36,357662.0,-0.0080000000000097,-0.0620000000000118,-0.0850000000000079,100.0124,100.0033,100.0029,99.99769234101925,100.00196732459388,100.00217314114695,0.0120000000000004,0.0649285714285738,0.0120000000000004,0.0,0.019124534191035,0.0198036297577095,0.9657085304571448,49.12775803198858,100.00683333333332,99.99342307692308,100.00232536377136,100.0018709833982,0.0004543803731564,0.0026924352216658,0.00222954509752,0.6363636363636365
99.961,99.989,99.961,99.989,99.993,-0.004,0.0,3,29994.0,-0.1209999999999951,0.0080000000000097,-0.0189999999999912,99.9882,100.0041,100.00195,99.99479489401284,99.99960962921318,100.00091855627583,0.0319999999999964,0.0664285714285739,0.0,0.0039999999999906,0.0177584960345325,0.0186747990607295,0.9509337142950084,48.74249223985751,100.00641666666668,100.00292307692308,100.00027530780652,100.00091757722056,-0.0006422694140297,0.0024048573056868,0.0016551821952101,-0.9166666666666666
99.996,99.996,99.996,99.996,99.989,0.007,0.01,2,19999.0,0.0079999999999955,-0.0130000000000052,-0.0060000000000002,99.9898,100.0028,100.00165,99.99519659600855,99.9989533329926,100.0004501223448,0.0069999999999907,0.0669285714285733,0.0069999999999907,0.0,0.0169900320320652,0.017340884842106,0.9797673063839932,49.48901334134663,100.0015,100.00284615384616,99.99961756814398,100.00055331224124,-0.0009357440972621,0.0021255504981354,0.0011369969367156,-0.3333333333333333
99.32,99.32,99.32,99.32,99.996,-0.676,-0.68,0,199.0,-0.6700000000000017,-0.679000000000002,-0.6780000000000115,99.8558,99.9349,99.96775,99.77013106400572,99.87550727244847,99.93564534878816,0.6760000000000019,0.1150000000000019,0.0,0.6760000000000019,0.0157764583154891,0.0643879644962414,0.2450218521259528,19.680124626532667,99.94641666666666,99.97757692307692,99.89506101919876,99.95014195577892,-0.0550809365801683,-0.0039763185004773,-0.0101065897666611,-1.0
100.186,100.186,100.001,100.136,99.32,0.816,0.82,33,330340.0,0.1550000000000011,0.1550000000000011,0.1409999999999911,99.8868,99.9504,99.9748,99.8920873760038,99.92286958654876,99.95472674414168,0.8660000000000139,0.1725000000000024,0.8160000000000025,0.0,0.0729352827215258,0.0597888241750813,1.219881536856241,54.95255114305859,99.957,99.98323076923076,99.93212855470662,99.9639092183138,-0.0317806636071793,-0.0075150897273061,-0.0144414045347647,inf
100.0,100.0,99.986,99.994,100.136,-0.142,-0.14,18,179987.0,0.0010000000000047,-0.007000000000005,0.0049999999999954,99.887,99.9497,99.97505,99.9260582506692,99.93580238899445,99.95846705422342,0.1499999999999914,0.1779285714285724,0.0,0.1419999999999959,0.0677256196699882,0.0656610510197181,1.0314428206403548,50.77390365903686,99.95658333333331,99.9835,99.94164723859792,99.96613816510538,-0.0244909265074539,-0.0112301627112303,-0.0164513089293026,-0.4545454545454546
99.991,99.991,99.991,99.991,99.994,-0.003,0.0,14,139987.0,0.0019999999999953,-0.1189999999999997,-0.0109999999999956,99.8874,99.9378,99.9745,99.94770550044616,99.94583831826816,99.96156543001166,0.0030000000000001,0.1761428571428577,0.0,0.0030000000000001,0.0628880754078462,0.0611852616611668,1.0278304562315894,50.686212600912114,99.95741666666665,99.98015384615384,99.94923997112132,99.96797978250498,-0.0187398113836536,-0.0139862626724844,-0.0169090094201728,-0.2222222222222222
99.979,99.979,99.979,99.979,99.991,-0.012,-0.01,1,9998.0,-0.0169999999999959,-0.0090000000000003,-0.0120000000000004,99.884,99.9369,99.9739,99.95813700029744,99.95186771494669,99.96322586524865,0.0120000000000004,0.1605,0.0,0.0120000000000004,0.0583960700215715,0.0576720286853692,1.0125544627561538,50.31190367735342,99.95558333333332,99.97903846153848,99.95381843710268,99.96879609491202,-0.0149776578093536,-0.0160837118487712,-0.016522739098009,-0.9285714285714286
99.979,99.979,99.965,99.965,99.979,-0.014,-0.01,13,129966.0,0.6450000000000102,-0.0249999999999914,-0.0259999999999962,100.013,99.9344,99.9726,99.96042466686497,99.95425540313818,99.96339483046306,0.0139999999999957,0.1600714285714275,0.0,0.0139999999999957,0.0542249221628878,0.0545525980649854,0.9939933951136988,49.8493825280209,99.9435,99.97761538461538,99.95553867754842,99.96851490269631,-0.012976225147895,-0.0176855393526488,-0.0158134363079862,12.0
99.966,99.966,99.966,99.966,99.965,0.001,0.0,1,9997.0,-0.1700000000000017,-0.0150000000000005,-0.0280000000000057,99.979,99.9329,99.9712,99.9622831112433,99.95639078438576,99.96364294184752,0.0009999999999905,0.1445714285714266,0.0009999999999905,0.0,0.0504231420083951,0.0506559839174864,0.9954034668545664,49.88482196152843,99.94166666666666,99.97638461538462,99.95714811177174,99.9683286136077,-0.0111805018359518,-0.0189783040425497,-0.0148868494135793,-0.9230769230769232
100.069,100.077,100.0,100.075,99.966,0.109,0.11,4,40029.0,0.081000000000003,0.0820000000000078,0.019999999999996,99.9952,99.9411,99.9722,99.99985540749556,99.97795609631564,99.97424837595727,0.1110000000000042,0.1447142857142844,0.1090000000000088,0.0,0.0546072032935104,0.0470376993519517,1.1609241958226142,53.72350395570803,99.94875,99.97946153846154,99.97527917149915,99.9762301977849,-0.0009510262857332,-0.0190126103616279,-0.0120996847880101,3.0
99.999,100.001,99.999,100.0,100.075,-0.075,-0.07,5,50000.0,0.0090000000000003,0.0109999999999956,0.0190000000000054,99.997,99.9422,99.97315,99.99990360499704,99.9819640788037,99.9767009115804,0.0760000000000076,0.1414285714285707,0.0,0.0750000000000028,0.0507066887725454,0.0490350065410982,1.034091608207416,50.83800572378005,99.95033333333332,99.9798846153846,99.9790823758839,99.97799092387493,0.0010914520089926,-0.0187873663498218,-0.0094614574286095,0.25
99.98,99.996,99.98,99.994,100.0,-0.006,-0.01,5,49993.0,0.0150000000000005,-0.0019999999999953,-0.0150000000000005,100.0,99.942,99.9724,99.9979357366647,99.98415242811213,99.97834844381084,0.019999999999996,0.142714285714285,0.0,0.0060000000000002,0.0470847824316493,0.0459610775024483,1.024449055380416,50.60384466863805,99.95041666666668,99.97957692307692,99.9813773949787,99.97917678136568,0.0022006136130272,-0.012422749661689,-0.0071290432202822,0.0
99.985,100.036,99.985,100.036,99.994,0.042,0.04,13,130042.0,0.0709999999999979,0.7160000000000082,0.0370000000000061,100.0142,100.0136,99.97425,100.01062382444314,99.99357925936444,99.9838390682098,0.0510000000000019,0.145071428571428,0.0420000000000015,0.0,0.0467215836865316,0.0426781433951306,1.0947426474006914,52.261438833984094,99.95433333333334,99.98130769230768,99.98978087267427,99.98338590867192,0.0063949640023679,-0.0081810132606281,-0.0044242417757521,1.6
99.985,99.995,99.985,99.991,100.036,-0.045,-0.04,24,239973.0,0.0250000000000056,-0.144999999999996,0.0100000000000051,100.0192,99.9991,99.97475,100.00408254962876,99.99311030311635,99.98452106171362,0.0510000000000019,0.1478571428571423,0.0,0.0450000000000017,0.0433843277089222,0.0428439902954785,1.0126117434374615,50.3133178438063,99.95391666666669,99.98130769230768,99.9899684307244,99.98394991543697,0.0060185152874225,-0.0047910752834196,-0.0023356903631172,0.8461538461538463
99.992,99.992,99.992,99.992,99.991,0.001,0.0,1,9999.0,-0.0829999999999984,-0.0019999999999953,-0.0090000000000003,100.0026,99.9989,99.9743,100.00005503308586,99.99290842982246,99.9852333415504,0.0010000000000047,0.1456428571428572,0.0010000000000047,0.0,0.0403568757297138,0.0397837052743729,1.01440716623522,50.35760313199605,100.00991666666664,99.98123076923076,99.99028097984372,99.9845462179972,0.0057347618465257,-0.0020716782578441,-0.0007215999211886,-0.9583333333333334
100.28,100.28,100.259,100.259,99.992,0.267,0.27,18,180492.0,0.2590000000000003,0.2680000000000007,0.1490000000000009,100.0544,100.0257,99.98175,100.08637002205724,100.04128871530928,100.01130635664086,0.2879999999999967,0.1657142857142862,0.2669999999999959,0.0,0.0565456703204482,0.0369420120404891,1.5306602753112937,60.48462096015669,100.02016666666668,99.98907692307692,100.03162236756008,100.0048761277752,0.0267462397848845,0.0025643103637378,0.004771968020026,17.0
100.0,100.0,99.988,99.988,100.259,-0.271,-0.27,5,49997.0,-0.0060000000000002,0.0090000000000003,0.0,100.0532,100.0266,99.98175,100.05358001470483,100.03159985798032,100.00908670362745,0.2710000000000008,0.1367857142857147,0.0,0.2710000000000008,0.0525066938689876,0.0536604397518828,0.9784991347773162,49.45663698192358,100.01966666666668,99.98934615384616,100.02491123408927,100.0036260442363,0.0212851898529891,0.0063711342527249,0.0080746123866186,-0.7222222222222222
99.961,99.961,99.961,99.961,99.988,-0.027,-0.03,1,9996.0,-0.0750000000000028,-0.0040000000000048,-0.0289999999999963,100.0382,100.0262,99.9803,100.02272000980324,100.01876352016572,100.00450701756768,0.027000000000001,0.0768571428571423,0.0,0.027000000000001,0.0487562157354885,0.0517561226267484,0.942037642330852,48.507692219611634,100.01716666666668,99.9875,100.01507873653708,100.00046855947804,0.0146101770590405,0.0092367652410574,0.009381725321103,-0.8
99.97,99.976,99.97,99.976,99.961,0.015,0.02,6,60582.0,-0.0150000000000005,0.0100000000000051,-0.0049999999999954,100.0352,100.0272,99.98005,100.00714667320216,100.01098833468104,100.00179206351363,0.0150000000000005,0.0672142857142858,0.0150000000000005,0.0,0.0463450574686679,0.0480592567248378,0.964331548738166,49.09209697098368,100.01691666666666,99.9866153846154,100.0090666232237,99.9986560735908,0.0104105496329083,0.0104991625653509,0.009587490183464,5.0
99.972,99.972,99.972,99.972,99.976,-0.004,0.0,1,9997.0,-0.0200000000000102,-0.1030000000000086,-0.0210000000000007,100.03119999999998,100.0169,99.979,99.99543111546812,100.0038995465572,99.99895472413138,0.0040000000000048,0.0672857142857148,0.0,0.0040000000000048,0.043034696220906,0.0449121669587783,0.9581968347331016,48.93261074358247,100.01749999999998,99.98626923076924,100.00336406580467,99.9966815496211,0.0066825161835737,0.0111203919180822,0.009006495383486,-0.8333333333333334
99.972,99.972,99.972,99.972,99.972,0.0,0.0,11,109969.0,-0.2870000000000061,-0.0280000000000057,-0.0170000000000101,99.9738,100.0141,99.97815,99.98762074364542,99.99809962900136,99.99638760754743,0.0,0.0664285714285719,0.0,-0.0,0.0399607893479841,0.0417041550331513,0.9581968347331016,48.93261074358247,100.018,99.98515384615384,99.99853882491163,99.9948532866862,0.0036855382254401,0.0112853835416836,0.0079423039518768,10.0
99.982,100.233,99.982,99.999,99.972,0.027,0.03,14,140278.0,0.0109999999999956,0.0049999999999954,0.0030000000000001,99.976,100.0146,99.9783,99.99141382909696,99.99826333281928,99.99663640682864,0.2610000000000099,0.08407142857143,0.027000000000001,0.0,0.039035018680271,0.0387252868164976,1.0079981812721257,50.19915808058797,100.01166666666666,99.9808846153846,99.99860977492524,99.99516045063535,0.0034493242898747,0.0109580902402955,0.0070437080194764,0.2727272727272727
100.159,100.159,100.147,100.147,99.999,0.148,0.15,13,132396.0,0.186000000000007,0.1110000000000042,0.8270000000000124,100.0132,100.0257,100.01965,100.04327588606463,100.02530636321578,100.01095674903544,0.1600000000000108,0.0954285714285743,0.1480000000000103,0.0,0.046818231631681,0.0359591949010335,1.3019821984483686,56.55917753516768,100.02391666666666,99.987,100.02143904032135,100.00640782466238,0.0150312156589791,0.0119595013926906,0.0086412095473769,-0.0714285714285714
99.983,100.345,99.983,100.005,100.147,-0.142,-0.14,32,322568.0,0.0289999999999963,0.0139999999999957,-0.1310000000000002,100.019,100.0271,100.0131,100.03051725737645,100.02161429717654,100.01038943960349,0.3619999999999947,0.1133571428571451,0.0,0.1420000000000101,0.043474072229418,0.043533538122389,0.9986340211355268,49.9658271887192,100.02483333333332,99.98757692307692,100.01890995719498,100.00630354135406,0.0126064158409207,0.012723018503179,0.0094342508060857,1.4615384615384617
100.0,100.001,100.0,100.001,100.005,-0.004,0.0,17,170701.0,0.0290000000000105,0.0090000000000003,0.007000000000005,100.0248,100.028,100.01345,100.02067817158432,100.01786624314444,100.0094952072603,0.0049999999999954,0.1082857142857156,0.0,0.0039999999999906,0.0403687813558882,0.0407097139707891,0.9916252760914622,49.7897515157828,100.02191666666666,99.98834615384617,100.016154579165,100.00591068643894,0.0102438927260521,0.0108894243855309,0.009596179190079,-0.46875
100.399,100.952,100.001,100.001,100.001,0.0,0.0,10,100638.0,0.0290000000000105,-0.2579999999999955,0.0100000000000051,100.0306,100.0022,100.01395,100.01411878105624,100.01479965348182,100.00868613990218,0.9509999999999934,0.1747857142857155,0.0,-0.0,0.0374852969733247,0.0378018772585899,0.991625276091462,49.7897515157828,100.02275,99.98865384615384,100.0138231054473,100.0055469318879,0.0082761735593948,0.0094439781306871,0.0093321780639421,-0.4117647058823529
100.002,100.002,100.0,100.0,100.001,-0.001,0.0,43,430006.0,0.0010000000000047,0.0120000000000004,0.0210000000000007,100.0308,100.0034,100.015,100.00941252070416,100.0121088073942,100.00785888848291,0.0019999999999953,0.171285714285715,0.0,0.0010000000000047,0.0348077757609444,0.0351731717401195,0.9896115146545535,49.73893181485608,100.02341666666666,99.98907692307692,100.01169647384002,100.00513604804436,0.0065604257956692,0.0085495613236459,0.0087778276102875,3.3
100.0,100.0,100.0,100.0,100.0,0.0,0.0,1,10000.0,-0.1470000000000055,0.0390000000000014,0.0349999999999965,100.0014,100.0073,100.01675,100.00627501380278,100.0099072060498,100.00711042291312,0.0,0.1676428571428577,0.0,-0.0,0.0323215060637341,0.032660802330111,0.9896115146545535,49.73893181485607,100.00183333333332,99.98923076923076,100.00989701632616,100.00475560004108,0.0051414162850988,0.0079641020627781,0.0080505453452498,-0.9767441860465116
100.05,100.05,99.999,99.999,100.0,-0.001,0.0,10,100005.0,-0.0060000000000002,0.0229999999999961,0.0330000000000012,100.0002,100.0096,100.0184,100.00385000920186,100.0079240776771,100.0063380016833,0.0510000000000019,0.1712142857142861,0.0,0.0010000000000047,0.0300128270591816,0.0303993164493891,0.9872862473453672,49.68012276360248,100.00275,100.01534615384617,100.008220552276,100.00432925929728,0.0038912929787073,0.0076539661511263,0.0072186948719413,9.0
99.999,99.999,99.999,99.999,99.999,0.0,0.0,4,40000.0,-0.0020000000000095,0.027000000000001,-0.0760000000000076,99.9998,100.0123,100.0146,100.0022333394679,100.00630151809943,100.00563914438013,0.0,0.1506428571428577,0.0,-0.0,0.0278690536978115,0.0282279367030041,0.9872862473453672,49.68012276360248,100.00591666666666,100.01007692307692,100.006802005772,100.00393449934931,0.0028675064226604,0.0075630737285952,0.0063484571820851,-0.6
99.958,100.043,99.958,99.99,99.999,-0.009,-0.01,36,362494.0,-0.0110000000000098,0.0180000000000006,-0.0100000000000051,99.9976,100.0141,100.0141,99.99815555964528,100.00333760571772,100.0041497020582,0.0850000000000079,0.137357142857144,0.0,0.0090000000000003,0.0258784070051107,0.0268545126527896,0.9636520811120548,49.07448169567389,100.00708333333334,100.00992307692307,100.00421708180708,100.00290231421232,0.0013147675947351,0.0073259007624686,0.0053417192646151,8.0
99.985,99.999,99.985,99.999,99.99,0.009,0.01,24,239978.0,-0.0010000000000047,0.0,0.0049999999999954,99.9974,100.0141,100.01435,99.99843703976352,100.00254895013268,100.00365925424312,0.0139999999999957,0.1364285714285722,0.0090000000000003,0.0,0.0246728065047457,0.0249363331775903,0.9894320198977172,49.73439705411935,100.00933333333334,100.01023076923076,100.00341445383675,100.00261325390032,0.000801199936447,0.0057447879044095,0.0044336153989815,-0.3333333333333333
99.99,99.999,99.99,99.999,99.999,0.0,0.0,5,51699.0,-0.0010000000000047,-0.1480000000000103,-0.0370000000000061,99.9972,99.9993,100.0125,99.9986246931757,100.0019036864722,100.0032155157438,0.0090000000000003,0.1360000000000007,0.0,-0.0,0.0229104631829781,0.0231551665220482,0.9894320198977176,49.73439705411935,100.01158333333336,100.01099999999998,100.00273530709264,100.00234560546323,0.0003897016293876,0.0043873752142392,0.0036248326450627,-0.7916666666666666
99.985,100.089,99.985,100.089,99.999,0.09,0.09,3,30006.0,0.0900000000000034,0.0840000000000031,0.0979999999999989,100.0152,100.0077,100.0174,100.02874979545048,100.01773937984088,100.01138546662534,0.1039999999999992,0.1431428571428575,0.0900000000000034,0.0,0.0277025729556228,0.0215012260561876,1.2884182922048104,56.30169521864224,100.01908333333334,100.01576923076922,100.01600679830916,100.008764449503,0.0072423488061446,0.0040538703342494,0.0043483358772791,-0.4
99.993,100.01,99.992,100.008,100.089,-0.081,-0.08,7,70001.0,0.0090000000000003,0.0069999999999907,0.0159999999999911,100.017,100.0084,100.0182,100.021833196967,100.01596858350617,100.01106304123246,0.0969999999999942,0.1500714285714285,0.0,0.081000000000003,0.0257238177445069,0.0257511384807458,0.9989390474421398,49.97346210833148,100.0075,100.01738461538464,100.01477498318468,100.00870782361388,0.0060671595707759,0.003808424335514,0.0046921006159785,1.3333333333333337
99.981,99.981,99.981,99.981,100.008,-0.027,-0.03,1,9998.0,-0.0090000000000003,-0.0200000000000102,-0.2780000000000058,100.0152,100.0064,100.0043,100.00822213131134,100.00961065923232,100.0081998944484,0.027000000000001,0.1333571428571421,0.0,0.027000000000001,0.0238864021913278,0.0258403428749783,0.9243841038370058,48.035322158081,100.0055,100.0137692307692,100.00957883192548,100.00665539223507,0.0029234396904058,0.0034043147682625,0.0043383684308639,-0.8571428571428572
99.981,100.076,99.981,99.999,99.981,0.018,0.02,17,171739.0,0.0,-0.0010000000000047,0.0109999999999956,100.0152,100.00629999999998,100.00485,100.0051480875409,100.0076814484628,100.00732371402476,0.0949999999999988,0.1287142857142841,0.0180000000000006,0.0,0.0234659448919473,0.0239946040981942,0.9779675795406576,49.44305405489864,100.00533333333334,100.01373076923076,100.00795131932156,100.00608832614358,0.0018629931779798,0.0030400455341382,0.0038432933802871,16.0
99.98,100.467,99.98,99.982,99.999,-0.017,-0.02,11,110279.0,-0.0169999999999959,-0.0180000000000006,0.0210000000000007,100.0118,100.0045,100.0059,99.9974320583606,100.00301209419682,100.00491193173669,0.4869999999999947,0.1376428571428556,0.0,0.0169999999999959,0.0217898059710939,0.0234949895197514,0.927423523759224,48.1172670317102,100.00375,100.01326923076924,100.0039588086567,100.0043040056885,-0.0003451970317911,0.0025693244218606,0.0030055952978714,-0.3529411764705882
100.45,100.45,100.04,100.057,99.982,0.075,0.08,16,160217.0,-0.0319999999999964,0.0580000000000069,0.081000000000003,100.0054,100.0103,100.00995,100.01728803890708,100.01282807707013,100.00987270014272,0.4680000000000035,0.1707142857142847,0.0750000000000028,0.0,0.025590534116016,0.0218167759826263,1.17297505994446,53.98014370097927,100.0085,100.01407692307691,100.0121189919403,100.00820741267454,0.0039115792657611,0.0026853325155384,0.0031867920914494,0.4545454545454546
100.058,100.058,100.0,100.0,100.057,-0.057,-0.06,3,30606.0,-0.0079999999999955,0.0010000000000047,0.0280000000000057,100.0038,100.0104,100.01135,100.0115253592714,100.010495699421,100.00893244298624,0.0580000000000069,0.1069285714285714,0.0,0.0570000000000021,0.0237626388220148,0.0243298634124389,0.9766860758398648,49.410277523449714,100.0085,100.01442307692308,100.0102545316418,100.00759945618012,0.0026550754616607,0.0028342556118635,0.0030804487654916,-0.8125
100.0,100.0,100.0,100.0,100.0,0.0,0.0,1,10000.0,0.0190000000000054,0.0100000000000051,0.0280000000000057,100.0076,100.0114,100.01275,100.0076835728476,100.00858739043538,100.0080817341304,0.0,0.1067857142857146,0.0,-0.0,0.0220653074775852,0.0225920160258361,0.9766860758398648,49.410277523449714,100.00858333333332,100.01473076923077,100.00867691138922,100.00703653350013,0.0016403778891032,0.0029274976066031,0.0027924345902139,-0.6666666666666667
100.0,100.0,100.0,100.0,100.0,0.0,0.0,1,10000.0,0.0010000000000047,0.0010000000000047,0.0010000000000047,100.0078,100.0115,100.0128,100.0051223818984,100.00702604671986,100.0073120451656,0.0,0.1067857142857146,0.0,-0.0,0.0204892140863291,0.0209783005954192,0.9766860758398648,49.410277523449714,100.00866666666668,100.00476923076924,100.00734200194472,100.0065153087964,0.0008266931483262,0.0029760522198185,0.0023992863018364,0.0
99.988,100.07,99.988,100.0,100.0,0.0,0.0,5,50003.0,0.0180000000000006,0.0010000000000047,-0.1470000000000055,100.0114,100.0116,100.00545,100.0034149212656,100.00574858367987,100.00661565991172,0.0819999999999936,0.1089999999999997,0.0,-0.0,0.0190256987944485,0.0194798505528893,0.9766860758398646,49.41027752344971,100.0095,100.00523076923076,100.006212463184,100.00603269333,0.0001797698540002,0.0021913212251358,0.0019553830122692,4.0
99.96,100.095,99.96,100.024,100.0,0.024,0.02,3,30007.0,-0.0330000000000012,-0.0649999999999977,0.0190000000000054,100.0048,100.0051,100.0064,100.01027661417707,100.0090670230108,100.00827131134872,0.1350000000000051,0.1186428571428572,0.0240000000000009,0.0,0.0193810060234165,0.0180884326562543,1.0714585609337035,51.72483684398431,100.01158333333332,100.00765384615384,100.00894900730954,100.00736360493518,0.00158540237436,0.0016933482033118,0.0018813868846873,-0.4
100.0,100.0,100.0,100.0,100.024,-0.024,-0.02,1,10000.0,0.0,-0.0079999999999955,-0.0010000000000047,100.0048,100.0043,100.00635,100.00685107611808,100.00741847337248,100.00748356741072,0.0240000000000009,0.1142857142857138,0.0,0.0240000000000009,0.0179966484503153,0.0185106874665219,0.9722301498992774,49.2959784611816,100.01166666666666,100.00857692307692,100.00757223695425,100.00681815271776,0.0007540842364761,0.0014523087084307,0.0016559263550451,-0.6666666666666667
99.966,99.997,99.966,99.997,100.0,-0.003,0.0,14,136371.0,-0.0030000000000001,0.0160000000000053,-0.0040000000000048,100.0042,100.0059,100.00615,100.0035673840787,100.00552420548657,100.00648513241924,0.034000000000006,0.115714285714286,0.0,0.0030000000000001,0.0167111735610071,0.0174027812189132,0.9602587856960164,48.98632735141976,100.004,100.00953846153848,100.00594573896127,100.00609088214608,-0.0001451431847954,0.0012291824459001,0.001295712447077,13.0
100.004,100.004,100.004,100.004,99.997,0.007,0.01,1,10000.0,0.0040000000000048,0.0050000000000096,0.0040000000000048,100.005,100.0064,100.00635,100.00371158938582,100.00524707721628,100.0062484531412,0.007000000000005,0.1155714285714292,0.007000000000005,0.0,0.0160175183066498,0.0161597254175623,0.991199905491094,49.77902533832393,100.00366666666666,100.01076923076924,100.00564639450567,100.0059360019871,-0.000289607481406,0.0012353590626095,0.0009786484613804,-0.9285714285714286
99.981,99.984,99.981,99.984,100.004,-0.02,-0.02,2,19997.0,-0.0160000000000053,0.0019999999999953,-0.0160000000000053,100.0018,100.0066,100.00555,99.99714105959056,100.00138397226785,100.00412955284204,0.0230000000000103,0.1097857142857157,0.0,0.0200000000000102,0.0148734098561748,0.01643403074488,0.9050372417496286,47.507587878881694,100.00391666666668,100.01019230769232,100.00231617996634,100.00431111295102,-0.0019949329846724,0.0005790799236725,0.0003839321721698,1.0
100.023,100.023,100.023,100.023,99.984,0.039,0.04,1,10002.0,-0.0010000000000047,-0.034000000000006,0.0240000000000009,100.0016,100.0032,100.00675,100.0057607063937,100.00531415912825,100.00592673828564,0.0390000000000014,0.1056428571428591,0.0390000000000014,0.0,0.016596737723591,0.01526017140596,1.0875852755565358,52.09776521663736,100.00591666666666,100.00542307692308,100.00549830612536,100.00569547495463,-0.0001971688292883,0.0002621638913448,0.0002677119718782,-0.5
99.986,99.996,99.986,99.996,100.023,-0.027,-0.03,6,59995.0,-0.0040000000000048,-0.0040000000000048,-0.0030000000000001,100.0008,100.0028,100.0066,100.0025071375958,100.00362067565035,100.0049813346394,0.0369999999999919,0.1063571428571441,0.0,0.027000000000001,0.0154112564576202,0.0160987305912486,0.9572963762744024,48.90911707998762,100.00708333333334,100.00507692307691,100.00403702825992,100.00497729162468,-0.0009402633647539,-2.4574025750388904e-05,2.611690455177148e-05,5.0
99.989,99.989,99.989,99.989,99.996,-0.007,-0.01,0,1100.0,-0.0079999999999955,-0.0109999999999956,-0.0009999999999905,99.9992,100.0017,100.00655,99.99800475839722,100.00096237098666,100.00345930276896,0.0069999999999907,0.1000714285714293,0.0,0.0069999999999907,0.014310452424933,0.0154488212633016,0.9263135472301188,48.087371267366194,100.00141666666666,100.00461538461538,100.00172363929686,100.00379378854136,-0.0020701492445027,-0.0003464454027313,-0.0003931363252591,-1.0
99.985,99.985,99.985,99.985,99.989,-0.004,0.0,1,9999.0,-0.0190000000000054,-0.0150000000000005,-0.0139999999999957,99.9954,100.0002,100.00585,99.99366983893148,99.99806012171636,100.00170127393385,0.0040000000000048,0.06557142857143,0.0,0.0040000000000048,0.0132882772517235,0.0146310483159233,0.9082245485623606,47.59526593694693,100.00016666666666,100.004,99.99915077171272,100.0024016560568,-0.0032508843440837,-0.0007276292025185,-0.000964685929024,inf
100.02,100.02,100.013,100.013,99.985,0.028,0.03,4,40006.0,0.0290000000000105,0.0130000000000052,0.01400000000001,100.0012,100.0015,100.00655,100.00011322595432,100.00077646322244,100.00277734308298,0.0349999999999965,0.0346428571428581,0.0280000000000057,0.0,0.0143391145908865,0.0135859734362145,1.0554352000030036,51.34850274051263,100.00124999999998,100.0045,100.00128142221844,100.00318671857111,-0.0019052963526746,-0.0011154846166334,-0.0011528080137541,3.0
99.982,99.982,99.952,99.976,100.013,-0.037,-0.04,4,39986.0,-0.046999999999997,-0.0480000000000018,-0.1129999999999995,99.9918,99.9967,100.0009,99.99207548396956,99.99627165172744,100.00022711993223,0.061000000000007,0.0348571428571438,0.0,0.0370000000000061,0.0133148921201089,0.0152584039050567,0.8726267965482469,46.59907666368611,99.99925,100.00357692307692,99.99739197264638,100.00117288756586,-0.0037809149194742,-0.001619373411739,-0.0016784293948982,0.0
99.998,99.998,99.998,99.998,99.976,0.022,0.02,2,20000.0,0.0020000000000095,-0.0019999999999953,-0.0099999999999909,99.9922,99.9965,100.0004,99.9940503226464,99.99658589686793,100.00001501327202,0.0220000000000055,0.0364285714285728,0.0220000000000055,0.0,0.013935256968673,0.0141685179118384,0.9835366730227628,49.58500069090863,99.99908333333332,100.00353846153844,99.99748551531616,100.00093785885728,-0.0034523435411273,-0.0019868401179981,-0.002033212224144,-0.5
99.985,99.986,99.985,99.986,99.998,-0.012,-0.01,4,39994.0,-0.0030000000000001,-0.0109999999999956,0.0050000000000096,99.9916,99.9954,100.00065,99.99136688176426,99.99466118834648,99.99868025010326,0.0130000000000052,0.0373571428571446,0.0,0.0120000000000004,0.0129398814709106,0.0140136237752786,0.9233786833736662,48.00815831825854,99.99591666666667,100.00303846153848,99.99571851295984,99.99983135079378,-0.0041128378339578,-0.0024116434905039,-0.0024491373461067,1.0
99.987,99.987,99.987,99.987,99.986,0.001,0.0,1,9999.0,0.0019999999999953,-0.0170000000000101,-0.0120000000000004,99.992,99.9937,100.00005,99.98991125450952,99.99326824501074,99.99756784533152,0.0009999999999905,0.0315714285714301,0.0009999999999905,0.0,0.0120870327944163,0.0130126506484729,0.928867847215645,48.15611647819637,99.99483333333336,100.00292307692304,99.9943772032737,99.99888088036462,-0.0045036770909234,-0.0026903928356429,-0.0028600452950701,-0.75
100.109,100.109,100.025,100.025,99.987,0.038,0.04,13,130043.0,0.0120000000000004,0.041000000000011,0.0430000000000063,99.9944,99.9978,100.0022,100.00160750300635,99.99903765500878,100.00018043149042,0.1219999999999998,0.0306428571428583,0.0380000000000109,0.0,0.0139379590233874,0.0120831756021534,1.1535013213664922,53.56399413001263,99.99716666666666,100.00392307692309,99.99908840277006,100.00081562996724,-0.0017272271971933,-0.0028603993209657,-0.0026334816754947,12.0
99.988,99.999,99.988,99.999,100.025,-0.026,-0.03,2,19999.0,0.0229999999999961,-0.0240000000000009,-0.0580000000000069,99.999,99.9954,99.9993,100.00073833533756,99.99903080864354,100.00006800944372,0.0370000000000061,0.0315714285714301,0.0,0.0260000000000104,0.0129423905217168,0.0130772344877146,0.9896886481522912,49.74088026643555,99.99675,100.00392307692309,99.99907480234388,100.00068113885855,-0.0016063365146692,-0.002934407448734,-0.0024280526433296,-0.8461538461538461
100.0,100.0,99.989,99.999,99.999,0.0,0.0,2,23499.0,0.0009999999999905,0.0030000000000001,-0.0010000000000047,99.9992,99.9957,99.99925,100.00015889022504,99.99902520707198,99.9999662942586,0.0109999999999956,0.0299285714285722,0.0,-0.0,0.0120179340558799,0.0121431463100207,0.9896886481522912,49.740880266435546,99.998,100.00046153846152,99.99906329429098,100.0005566100542,-0.001493315763227,-0.0028703148397034,-0.0022411052673091,0.0
99.987,99.987,99.987,99.987,99.999,-0.012,-0.01,1,9999.0,0.0009999999999905,-0.0020000000000095,-0.0130000000000052,99.9994,99.9955,99.9986,99.99577259348337,99.99683880578615,99.9987314090911,0.0120000000000004,0.0302857142857147,0.0,0.0120000000000004,0.0111595101947456,0.0121329215735907,0.9197710647892198,47.910455661035066,99.995,99.99965384615383,99.9972074028616,99.99955241671684,-0.0023450138552618,-0.0027696625631676,-0.0022618869848996,-0.5
99.981,99.981,99.981,99.981,99.987,-0.006,-0.01,1,9998.0,-0.0060000000000002,-0.0040000000000048,-0.0190000000000054,99.9982,99.9951,99.99765,99.9908483956556,99.99395902291592,99.9970427034634,0.0060000000000002,0.0290714285714283,0.0,0.0060000000000002,0.0103624023236924,0.0116948557469057,0.8860649971192794,46.97955788759291,99.99375,99.99965384615383,99.99471395626747,99.9981781636267,-0.0034642073592152,-0.0029428748972277,-0.0025023510597628,0.0
100.055,100.055,100.053,100.053,99.981,0.072,0.07,5,50227.0,0.0279999999999915,0.039999999999992,0.0529999999999972,100.00379999999998,99.9991,100.0003,100.01156559710374,100.00469374602211,100.0023719698002,0.0740000000000122,0.031571428571429,0.0720000000000027,0.0,0.0147650878720002,0.010859508907841,1.3596460021630683,57.62076179718025,99.99908333333332,100.00173076923078,100.00368103991865,100.0022390403951,0.0014419995235499,-0.002362551070225,-0.0017134809431002,4.0
100.0,100.0,99.982,100.0,100.053,-0.053,-0.05,4,39996.0,0.0010000000000047,0.0240000000000009,-0.0240000000000009,100.004,100.0015,99.9991,100.00771039806916,100.00384033765448,100.00214606791448,0.0709999999999979,0.0340000000000009,0.0,0.0529999999999972,0.0137104387382859,0.0138695439858521,0.9885284442135586,49.71155665839675,100.00033333333332,100.00242307692308,100.00311472608502,100.002073185551,0.001041540534004,-0.0018632306174326,-0.0011624766476793,-0.1999999999999999
99.981,99.981,99.981,99.981,100.0,-0.019,-0.02,1,10198.0,-0.0180000000000006,-0.0170000000000101,-0.0190000000000054,100.00039999999998,99.9998,99.99815,99.99880693204612,99.99968754899,100.00013215668451,0.0190000000000054,0.0348571428571448,0.0,0.0190000000000054,0.0127311216855512,0.0142360051297202,0.8942903272051168,47.209781645487,99.99766666666666,99.9995,99.99971246053347,100.00051220884352,-0.0007997483100581,-0.0014951095592215,-0.0010899309801551,-0.75
99.983,99.983,99.983,99.983,99.981,0.002,0.0,1,9998.0,-0.0039999999999906,-0.0030000000000001,-0.0139999999999957,99.9996,99.9995,99.99745,99.99353795469742,99.99665344917364,99.99850052271456,0.0020000000000095,0.034714285714288,0.0020000000000095,0.0,0.0119646129937268,0.0132191476204545,0.9050971618785396,47.50923889813892,99.99825,99.99884615384616,99.9971413127591,99.99921500818846,-0.0020736954293596,-0.0012251115968256,-0.001286683869996,0.0
99.975,99.975,99.975,99.975,99.983,-0.008,-0.01,1,9998.0,-0.0060000000000002,-0.0120000000000004,-0.0290000000000105,99.9984,99.9983,99.996,99.98735863646496,99.99271645841478,99.99626237769414,0.0080000000000097,0.0327857142857175,0.0,0.0080000000000097,0.0111099977798892,0.0128463513618513,0.8648368293024887,46.37600543453266,99.99633333333333,99.99788461538462,99.99373495695,99.9974213038782,-0.0036863469281911,-0.0014427915669364,-0.001766616481635,0.0
100.258,100.258,99.985,100.232,99.975,0.257,0.26,79,790909.0,0.179000000000002,0.2069999999999936,0.2480000000000046,100.0342,100.019,100.0084,100.06890575764332,100.0362225568848,100.01871357981852,0.2830000000000012,0.04864285714286,0.257000000000005,0.0,0.0286735693670403,0.0119287548360048,2.403735323698185,70.62051232251831,100.01683333333334,100.0068076923077,100.03039111741924,100.01479750359093,0.015593613828301,0.0004683140267268,0.0017054295803521,78.0
100.0,100.2,99.982,99.99,100.232,-0.242,-0.24,21,210168.0,-0.0100000000000051,-0.0090000000000003,-0.0330000000000012,100.0322,100.0181,100.00675,100.04260383842887,100.02781845563302,100.01597895316914,0.25,0.0649285714285738,0.0,0.2420000000000044,0.0266254572693946,0.0283624152048619,0.9387584617557686,48.42059907274962,100.01708333333332,100.00642307692308,100.02417709935472,100.01296065147308,0.0112164478816509,0.0018805099872688,0.0036076332406119,-0.7341772151898734
99.983,100.211,99.983,100.001,99.99,0.011,0.01,9,90246.0,0.0200000000000102,0.0020000000000095,0.0050000000000096,100.0362,100.0183,100.007,100.02873589228594,100.02294237279064,100.01455238620063,0.2279999999999944,0.0802857142857159,0.0110000000000098,0.0,0.0255093531787242,0.0263365284045146,0.9685920933433056,49.20227489577707,100.01508333333334,100.00553846153844,100.0206113917617,100.01207467728987,0.0085367144718162,0.0030895909124997,0.0045934494868527,-0.5714285714285714
100.202,100.202,100.202,100.202,100.001,0.201,0.2,1,10020.0,0.2189999999999941,0.2150000000000034,0.2129999999999938,100.08,100.0398,100.01765,100.0864905948573,100.05549830501052,100.03240453989582,0.2009999999999934,0.0945714285714304,0.2009999999999934,0.0,0.0380443993802435,0.0244553478041921,1.5556678925548488,60.87128523572285,100.032,100.01330769230768,100.04851733149069,100.02614321971286,0.0223741117778075,0.0059605152610578,0.0081495819450437,-0.8888888888888888
100.0,100.0,99.988,99.988,100.202,-0.214,-0.21,17,169988.0,0.0130000000000052,0.007000000000005,0.0030000000000001,100.0826,100.0405,100.0178,100.05366039657152,100.04322588591768,100.0281755360962,0.2139999999999986,0.1011428571428589,0.0,0.2139999999999986,0.0353269422816546,0.037994251532464,0.929797031308004,48.18107895408014,100.03108333333334,100.01296153846154,100.0392069727998,100.02331779603044,0.0158891767693489,0.0075657571772577,0.0096975009099047,16.0
100.058,100.096,100.0,100.0,99.988,0.012,0.01,5,50220.0,-0.2319999999999993,-0.0529999999999972,-0.0130000000000052,100.0362,100.0352,100.01715,100.03577359771435,100.03536663393264,100.02549215170608,0.108000000000004,0.1062142857142873,0.0120000000000004,0.0,0.0336607321186793,0.0352803764230023,0.9540922045472569,48.825342137236056,100.03216666666668,100.01280769230767,100.0331751308306,100.02159055188004,0.011584578950547,0.008737205890207,0.0100749165180332,-0.7058823529411764
99.985,99.985,99.985,99.985,100.0,-0.015,-0.02,1,9999.0,-0.0049999999999954,-0.0150000000000005,0.0090000000000003,100.0352,100.0337,100.0176,100.01884906514292,100.0262090641267,100.02163575630551,0.0150000000000005,0.106500000000002,0.0,0.0150000000000005,0.0312563941102022,0.0338317781070736,0.92387677677713,48.021619052172575,100.03249999999998,100.01284615384616,100.02576357224126,100.01888014062966,0.0068834316115982,0.0095908925481688,0.0094366195367462,-0.8
99.967,99.967,99.967,99.967,99.985,-0.018,-0.02,2,19993.0,-0.034000000000006,-0.0139999999999957,-0.0310000000000059,100.0284,100.0323,100.01605,100.00156604342862,100.01544377974002,100.01643235094308,0.0180000000000006,0.1069285714285734,0.0,0.0180000000000006,0.0290237945309021,0.0327009368137113,0.8875523871454539,47.02133796072806,100.02533333333334,100.0106923076923,100.01672302266569,100.01503716724967,0.0016858554159853,0.0100086204198738,0.007886466712594,1.0
100.237,100.237,100.003,100.047,99.967,0.08,0.08,6,60042.0,-0.1550000000000011,0.0639999999999929,0.0609999999999928,99.9974,100.0387,100.0191,100.01671069561908,100.02118127433276,100.01934355561518,0.269999999999996,0.125785714285716,0.0799999999999983,0.0,0.0326649520644089,0.0303651556127319,1.0757380097440623,51.82436341649399,100.02925,100.01265384615384,100.02138101917863,100.01740478449044,0.0039762346881957,0.0108600183772501,0.0071044203077143,2.0
99.982,100.013,99.982,100.013,100.047,-0.034,-0.03,19,190019.0,0.0250000000000056,0.0380000000000109,0.0260000000000104,100.0024,100.0425,100.0204,100.0154737970794,100.0196937699086,100.01873940746135,0.0649999999999977,0.1251428571428578,0.0,0.0339999999999918,0.0303317412026654,0.030624787354679,0.990431079614703,49.75962693500673,100.03191666666667,100.01357692307693,100.0200916316127,100.01707850415784,0.0030131274548637,0.0094621865579793,0.0062861617371442,2.1666666666666665
99.985,99.985,99.985,99.985,100.013,-0.028,-0.03,1,9999.0,-0.0150000000000005,-0.2469999999999999,-0.0400000000000062,99.9994,100.0178,100.0184,100.0053158647196,100.0133858117434,100.01552613056027,0.0280000000000057,0.1220714285714298,0.0,0.0280000000000057,0.0281651882596179,0.0304373025436309,0.9253509971602768,48.0614183348952,100.03208333333332,100.01357692307693,100.0146929190569,100.01470231866466,-9.399607762361484e-06,0.0082148701702667,0.0050270494681629,-0.9473684210526316
100.156,100.156,100.0,100.01,99.985,0.025,0.03,2,20117.0,0.0250000000000056,0.0200000000000102,0.0110000000000098,100.0044,100.0198,100.01895,100.00687724314642,100.01277020960823,100.01499983241168,0.1710000000000064,0.1329285714285727,0.0250000000000056,0.0,0.0279391033839313,0.0282632095048001,0.9885325790471964,49.71166122512566,100.035,100.01346153846154,100.01397093150968,100.01435399876355,-0.0003830672538924,0.0072237833118546,0.0039450261237518,1.0
100.1,100.1,100.0,100.0,100.01,-0.01,-0.01,3,30010.0,0.0330000000000012,-0.0010000000000047,0.0010000000000047,100.011,100.0197,100.019,100.00458482876428,100.01044835331582,100.0135712769439,0.0999999999999943,0.1399285714285716,0.0,0.0100000000000051,0.0259434531422219,0.0269586945401719,0.9623408545826596,49.04045351424563,100.01566666666668,100.01438461538464,100.01182155743126,100.01329073959587,-0.0014691821646266,0.0045745284293619,0.0028621844660761,0.5
100.07,100.07,100.07,100.07,100.0,0.07,0.07,6,60042.0,0.0229999999999961,-0.132000000000005,0.0829999999999984,100.0156,100.0065,100.02315,100.02638988584286,100.02127592544022,100.0189454410445,0.0699999999999931,0.1443571428571419,0.0699999999999931,0.0,0.0290903493463484,0.0250330735015882,1.162076616141554,53.74817004475069,100.02233333333334,100.01715384615385,100.02077208705722,100.01749142555174,0.0032806615054852,0.0031735822889326,0.0029458798739579,1.0
99.993,99.993,99.993,99.993,100.07,-0.077,-0.08,1,9999.0,-0.0200000000000102,0.0049999999999954,0.0120000000000004,100.0116,100.007,100.02375,100.01525992389526,100.01613484808745,100.0164744466593,0.0769999999999981,0.1296428571428559,0.0,0.0769999999999981,0.0270124672501807,0.0287449968229032,0.9397276130035236,48.446369825525416,100.02166666666666,100.01742307692308,100.01649945827918,100.01567724588124,0.0008222123979493,0.0019777637830884,0.0025211463787562,-0.8333333333333334
99.991,99.991,99.991,99.991,99.993,-0.002,0.0,2,20198.0,0.0060000000000002,-0.0090000000000003,-0.0619999999999976,100.0128,100.0061,100.02065,100.00717328259684,100.0115648757079,100.01404830888222,0.0019999999999953,0.1119285714285699,0.0,0.0019999999999953,0.0250830053037392,0.0268346399069812,0.934724870193384,48.313064280811886,100.00408333333333,100.01757692307692,100.01257646469776,100.01384930174189,-0.0012728370441266,0.0010715117102301,0.0017623496941796,1.0
99.992,99.992,99.992,99.992,99.991,0.001,0.0,0,100.0,-0.0180000000000006,0.007000000000005,-0.0079999999999955,100.0092,100.0068,100.02025,100.00211552173124,100.00800762557918,100.01194846994106,0.0010000000000047,0.0957142857142849,0.0010000000000047,0.0,0.0233627906391868,0.0249178799136254,0.93759142913325,48.38953223243077,100.00441666666666,100.01630769230768,100.00941085474426,100.01223083494618,-0.0028199802019202,0.0005708633082406,0.0008458837149596,-1.0
100.197,100.199,100.018,100.196,99.992,0.204,0.2,28,280515.0,0.1959999999999979,0.2289999999999992,0.2150000000000034,100.0484,100.0297,100.031,100.06674368115418,100.04218805729204,100.02947718708954,0.2069999999999936,0.0961428571428563,0.2039999999999935,0.0,0.0362654484506729,0.0231380313483665,1.567352377765417,61.04936709660464,100.02075,100.0238846153846,100.03811687709128,100.0258433656909,0.0122735114003802,0.0014927829429277,0.0031314092520438,inf
100.001,100.001,100.001,100.001,100.196,-0.195,-0.19,1,10000.0,-0.0689999999999884,-0.0459999999999922,0.0180000000000006,100.0346,100.0251,100.0319,100.04482912076946,100.03469931960258,100.0267650740334,0.1949999999999931,0.0947857142857131,0.0,0.1949999999999931,0.0336750592756249,0.0354138862520541,0.9508998542534048,48.74160260867451,100.02208333333334,100.02396153846152,100.03240658830802,100.02400311638048,0.0084034719275507,0.0020917101065596,0.0041858217871451,-0.9642857142857144
100.002,100.002,100.002,100.002,100.001,0.001,0.0,1,10000.0,0.0090000000000003,-0.0110000000000098,0.027000000000001,100.0364,100.024,100.03325,100.03055274717966,100.02875398876574,100.02440649555402,0.0009999999999905,0.087142857142855,0.0009999999999905,0.0,0.0313411264702224,0.0328843229483359,0.9530719704785168,48.79860982516723,100.025,100.02453846153846,100.02772865164523,100.02237325590784,0.0053553957373964,0.002687798478244,0.0044197365771954,0.0
100.223,100.9,100.223,100.493,100.002,0.491,0.49,8,80394.0,0.5019999999999953,0.5079999999999956,0.2609999999999957,100.1368,100.0748,100.0463,100.18470183145313,100.1131623544447,100.0690344483584,0.8980000000000103,0.1502142857142843,0.4909999999999996,0.0,0.0641739031509208,0.0305354427377405,2.1016201959830942,67.758786156503,100.06216666666666,100.04423076923078,100.09930885908445,100.05723449621097,0.0420743628734783,0.0074052907146185,0.011950661836452,7.0
100.04,100.04,100.04,100.04,100.493,-0.453,-0.45,1,10004.0,0.0480000000000018,0.0300000000000011,0.0500000000000113,100.1464,100.0778,100.0488,100.13646788763542,100.099860108182,100.06626926280046,0.4529999999999887,0.181285714285712,0.0,0.4529999999999887,0.059590052925855,0.0607114825421868,0.9815285417292764,49.53390885163321,100.06441666666667,100.04373076923076,100.09018441922532,100.05595786686202,0.0342265523632931,0.0113714834399429,0.0164058399418202,-0.875
100.0,100.0,99.971,100.0,100.04,-0.04,-0.04,9,91100.0,-0.1959999999999979,0.0,-0.0010000000000047,100.1072,100.0778,100.04875,100.09097859175696,100.0817037248762,100.0599579044385,0.0690000000000026,0.1669285714285696,0.0,0.0400000000000062,0.0553336205740082,0.059232090932031,0.9341831379463488,48.29858763727169,100.06566666666669,100.04373076923076,100.07630989319064,100.05181283968705,0.0244970535036088,0.0137288603286233,0.0180240826541779,8.0
99.978,99.978,99.978,99.978,100.0,-0.022,-0.02,0,100.0,-0.0230000000000103,-0.0919999999999987,-0.2240000000000037,100.1026,100.0686,100.03755,100.05331906117132,100.06284850217142,100.05215238973008,0.0220000000000055,0.1638571428571416,0.0,0.0220000000000055,0.0513812191044362,0.0565726558654578,0.9082341692889946,47.59553014541194,100.063,100.04361538461538,100.06118529423824,100.04634522193244,0.0148400723058017,0.0152864003183847,0.0173872805845027,-1.0
99.992,99.992,99.992,99.992,99.978,0.014,0.01,0,700.0,-0.0099999999999909,-0.0009999999999905,0.0040000000000048,100.1006,100.0685,100.03775,100.0328793741142,100.04996695632208,100.04642359070816,0.01400000000001,0.1628571428571419,0.01400000000001,0.0,0.0487111320255486,0.0525317518750679,0.927270275344984,48.113141535325205,100.06233333333331,100.04396153846156,100.05054140281698,100.04231964993744,0.0082217528795354,0.0163413547543471,0.0155541750435092,-1.0
100.311,100.311,100.0,100.0,99.992,0.008,0.01,2,20031.0,-0.492999999999995,0.0090000000000003,0.0,100.002,100.0694,100.03775,100.0219195827428,100.0408820551726,100.042002296355,0.3190000000000026,0.1734285714285702,0.0079999999999955,0.0,0.0458031940237234,0.0487794838839917,0.9389848021486548,48.42662000796159,100.0565,100.04492307692308,100.0427658023836,100.0391848610532,0.0035809413304122,0.0170525682579396,0.0131595283008898,inf
100.0,100.0,100.0,100.0,100.0,0.0,0.0,0,1100.0,-0.0400000000000062,0.0079999999999955,0.0150000000000005,99.994,100.0702,100.0385,100.01461305516187,100.03344895423211,100.03800207765453,0.0,0.1662857142857134,0.0,-0.0,0.0425315373077432,0.0452952350351351,0.938984802148655,48.42662000796159,100.05708333333332,100.036,100.03618644817074,100.03628227875296,-9.583058221096508e-05,0.0156781969265406,0.0105084565242696,-1.0
100.0,100.0,100.0,100.0,100.0,0.0,0.0,2,20000.0,0.0,-0.1959999999999979,0.0330000000000012,99.994,100.0506,100.04015,100.00974203677458,100.02736732618992,100.0343828321636,0.0,0.1612857142857139,0.0,-0.0,0.0394935703571901,0.042059861104054,0.938984802148655,48.42662000796159,100.05783333333332,100.0363846153846,100.03061930229832,100.03359470254902,-0.0029754002507047,0.0144138777956233,0.0078116851692748,inf
100.0,100.0,100.0,100.0,100.0,0.0,0.0,1,10000.0,0.0220000000000055,-0.0010000000000047,-0.046999999999997,99.9984,100.0505,100.0378,100.00649469118306,100.02239144870084,100.03110827671944,0.0,0.1557857142857141,0.0,-0.0,0.0366726010459622,0.0390555853109073,0.938984802148655,48.42662000796159,100.0585,100.03634615384615,100.02590864040629,100.03110620606392,-0.0051975656576388,0.0132413265295083,0.005209835003892,-0.5
100.0,100.0,100.0,100.0,100.0,0.0,0.0,1,10000.0,0.0079999999999955,-0.0019999999999953,-0.0130000000000052,100.0,100.0503,100.03715,100.00432979412204,100.01832027620978,100.02814558369856,0.0,0.1556428571428572,0.0,-0.0,0.0340531295426792,0.0362659006458425,0.9389848021486548,48.42662000796159,100.04216666666666,100.02857692307693,100.02192269572838,100.02880204265176,-0.0068793469233838,0.0078020254409681,0.0027919986184368,0.0
99.959,99.96,99.959,99.96,100.0,-0.04,-0.04,1,13395.0,-0.0400000000000062,-0.5330000000000013,-0.0250000000000056,99.992,99.997,100.0359,99.98955319608136,100.00771658962616,100.0216555281082,0.0409999999999968,0.1584999999999995,0.0,0.0400000000000062,0.0316207631467735,0.0365326220282828,0.8655486902170184,46.396467417654456,100.03875,100.0275,100.01239612715476,100.02370559504791,-0.0113094678931418,0.0027424676346975,-2.8294683878853172e-05,0.0
100.322,100.322,100.0,100.0,99.96,0.04,0.04,2,20032.0,0.0,-0.0400000000000062,-0.0100000000000051,99.992,99.993,100.0354,99.99303546405424,100.0063135733305,100.0195930968598,0.362000000000009,0.1695714285714292,0.0400000000000062,0.0,0.0322192800648616,0.0339231490262626,0.9497726770565468,48.71196977128436,100.03858333333334,100.0275,100.01048903066942,100.02194962504436,-0.0114605943749381,-0.0012528265740298,-0.0023147546220907,1.0
100.0,100.0,99.998,99.998,100.0,-0.002,0.0,3,34100.0,-0.0019999999999953,-0.0019999999999953,-0.0019999999999953,99.9916,99.9928,100.0353,99.9946903093695,100.00480201454312,100.01753661144458,0.0019999999999953,0.1557857142857151,0.0,0.0019999999999953,0.0299179029173715,0.0316429240958149,0.9454847733660752,48.59892949612752,99.99733333333334,100.028,100.00856764133567,100.02017557874478,-0.01160793740911,-0.0041914943201312,-0.0041733911794945,0.5
100.007,100.007,100.007,100.007,99.998,0.009,0.01,2,20001.0,0.007000000000005,0.0290000000000105,-0.0629999999999881,99.993,99.9957,100.03215,99.99879353957968,100.00520164826256,100.01653312464036,0.0090000000000003,0.1563571428571444,0.0090000000000003,0.0,0.0284237669947021,0.0293827152318281,0.9673635254754378,49.17055302434065,99.99458333333332,100.02953846153846,100.00832646574555,100.01919960994888,-0.0108731442033018,-0.0063131495515575,-0.005513341784256,-0.3333333333333333
99.95,99.985,99.95,99.985,100.007,-0.022,-0.02,1,10095.0,-0.0150000000000005,-0.007000000000005,-0.0079999999999955,99.99,99.995,100.03175,99.99419569305311,100.00152862130572,100.0135299699127,0.0570000000000021,0.0962857142857152,0.0,0.0220000000000055,0.0263934979236519,0.0288553784295551,0.9146820925633208,47.77200852903841,99.99333333333333,100.02715384615384,100.0047377787078,100.0166663055082,-0.0119285268004176,-0.0080364237883164,-0.0067963787874883,-0.5
99.996,100.0,99.996,100.0,99.985,0.015,0.02,2,20000.0,0.0400000000000062,0.0,0.0090000000000003,99.998,99.995,100.0322,99.99613046203542,100.0012506901592,100.01224140134958,0.0150000000000005,0.0650000000000017,0.0150000000000005,0.0,0.0255796766433911,0.0267942799703011,0.9546693052302104,48.84045105101677,99.99516666666666,100.02665384615383,100.00400888967584,100.01543176435943,-0.0114228746836175,-0.0092949842440282,-0.0077216779667142,1.0
99.995,99.998,99.995,99.998,100.0,-0.002,0.0,1,11000.0,-0.0019999999999953,-0.0019999999999953,0.0060000000000002,99.9976,99.9948,100.0325,99.99675364135696,100.0006596555848,100.01088507741152,0.0049999999999954,0.0604285714285727,0.0,0.0019999999999953,0.0237525568831489,0.0250232599724222,0.949219122901106,48.69740460417517,99.99566666666668,100.02715384615384,100.00308444511032,100.01414052255504,-0.011056077444735,-0.0101928372655872,-0.0083885578623183,-0.5
99.994,99.994,99.994,99.994,99.998,-0.004,0.0,1,9999.0,-0.0040000000000048,-0.0060000000000002,-0.2019999999999981,99.9968,99.9942,100.0224,99.99583576090464,99.99944880911482,100.00927697480093,0.0040000000000048,0.0591428571428583,0.0,0.0040000000000048,0.0220559456772097,0.0235215985458209,0.937689062001629,48.3921326899063,99.99516666666666,100.02653846153846,100.00168683817029,100.01264863199542,-0.010961793825146,-0.0108333070619769,-0.0089032050548839,0.0
99.995,99.999,99.995,99.995,99.994,0.001,0.0,14,144393.0,-0.0120000000000004,-0.0049999999999954,-0.0060000000000002,99.9944,99.9937,100.0221,99.99555717393643,99.9986399347303,100.0079172629151,0.0049999999999954,0.0585000000000001,0.0010000000000047,0.0,0.0205519495574093,0.0218414843639766,0.9409593787181396,48.47908663289872,99.99475,100.02634615384616,100.00065809383638,100.01134132592168,-0.0106832320853129,-0.0112559609688579,-0.0092592104609697,13.0
100.282,100.282,100.282,100.282,99.995,0.287,0.29,1,10028.0,0.296999999999997,0.2819999999999965,0.2800000000000011,100.0538,100.0219,100.0361,100.09103811595764,100.05015994659752,100.03402038073273,0.2869999999999919,0.0562142857142851,0.2869999999999919,0.0,0.039583953160451,0.0202813783379782,1.9517388069393349,66.1216636902605,100.01825,100.0345,100.0439414640154,100.03139011659415,0.0125513474212368,-0.0086047592672602,-0.0048970988845284,-0.9285714285714286
100.0,100.0,100.0,100.0,100.282,-0.282,-0.28,3,30000.0,0.0,0.0400000000000062,-0.492999999999995,100.0538,100.0259,100.01145,100.0606920773051,100.04103995630706,100.03078034447245,0.2819999999999965,0.076357142857142,0.0,0.2819999999999965,0.0367565279347045,0.038975565599551,0.9430659278265338,48.53494234657413,100.01825,100.03476923076924,100.03718123878224,100.02906492277236,0.0081163160098896,-0.0064295470022794,-0.0022944159056448,2.0
100.0,100.2,99.973,100.036,100.0,0.036,0.04,19,190058.0,0.0379999999999967,0.0360000000000013,-0.0040000000000048,100.0614,100.0295,100.01125,100.05246138487009,100.04012360061486,100.03127745452268,0.2270000000000038,0.092571428571428,0.0360000000000013,0.0,0.0367024902250828,0.0361915966281545,1.014116359722326,50.35043555587503,100.02125,100.0365,100.03699950973883,100.02957863219665,0.0074208775422022,-0.0043152342299113,-0.0003513572160753,5.333333333333333
100.259,100.259,100.002,100.099,100.036,0.063,0.06,17,170218.0,0.1050000000000039,0.100999999999999,0.0990000000000037,100.0824,100.0396,100.0162,100.06797425658006,100.05082840050306,100.0377272207586,0.257000000000005,0.1109285714285712,0.0630000000000023,0.0,0.0385808837804342,0.0336064825832863,1.1480190967567032,53.44547906906874,100.03283333333331,100.0406153846154,100.0465380467021,100.03472095573764,0.0118170909644703,-0.0017940969890478,0.0020823324200337,-0.1052631578947368
99.954,99.954,99.954,99.954,100.099,-0.145,-0.14,3,29986.0,-0.041000000000011,-0.0530000000000114,-0.0240000000000009,100.0742,100.0343,100.015,100.02998283772004,100.03322323677524,100.029753199734,0.1450000000000102,0.1212857142857148,0.0,0.1450000000000102,0.035825106367546,0.0415631623987666,0.8619437092835168,46.292683553532136,100.029,100.0313076923077,100.03230142413254,100.02874162568298,0.0035597984495581,-7.317196127271725e-05,0.0023778256259386,-0.8235294117647058
100.099,100.099,100.099,100.099,99.954,0.145,0.15,2,20020.0,-0.1829999999999927,0.1140000000000043,0.1069999999999993,100.0376,100.0457,100.02035,100.05298855848004,100.04518264827064,100.03634813309266,0.1450000000000102,0.1287142857142872,0.1450000000000102,0.0,0.0436233130555792,0.0385943650845689,1.1303026480676823,53.05831305673573,100.03741666666669,100.03507692307691,100.04256274349676,100.03394594970646,0.0086167937902956,0.002153457869162,0.00362561925881,-0.3333333333333333
100.312,100.312,99.957,100.0,100.099,-0.099,-0.1,7,71365.0,0.0,0.0,0.0,100.0376,100.0457,100.02035,100.03532570565336,100.03696762131234,100.03288640613144,0.355000000000004,0.1282142857142868,0.0,0.0990000000000037,0.0405073621230378,0.0429090532928143,0.9440283346876204,48.56042053725072,100.03683333333332,100.035,100.03601462911264,100.0314314349134,0.004583194199256,0.0038911547184944,0.0038171342468992,2.5
100.199,100.199,100.002,100.002,100.0,0.002,0.0,3,30020.0,-0.034000000000006,0.0039999999999906,0.0019999999999953,100.0308,100.0461,100.02045,100.02421713710226,100.03060987198282,100.02994484364274,0.198999999999998,0.1422857142857156,0.0019999999999953,0.0,0.0377568362571062,0.0398441209147561,0.9476137354839496,48.65511668043784,100.03825,100.01611538461538,100.03078160924916,100.02925132862352,0.0015302806256443,0.0052791629908044,0.0033597635226482,-0.5714285714285714
99.988,99.988,99.988,99.988,100.002,-0.014,-0.01,1,11299.0,-0.1110000000000042,-0.0060000000000002,-0.0120000000000004,100.0086,100.0455,100.01985,100.0121447580682,100.0228626225314,100.02595009662916,0.0139999999999957,0.1426428571428581,0.0,0.0139999999999957,0.0350599193815986,0.0379981122779875,0.9226752930542024,47.98913765561095,100.03725,100.0141153846154,100.02419982321082,100.0261956746514,-0.0019958514405828,0.0062444275068855,0.002288640530002,-0.6666666666666667
99.959,99.959,99.959,99.959,99.988,-0.029,-0.03,0,100.0,0.0050000000000096,-0.0360000000000013,-0.0409999999999968,100.0096,100.0419,100.0178,99.99442983871214,100.0112512366166,100.0195738969502,0.0289999999999963,0.1406428571428577,0.0,0.0289999999999963,0.0325556394257701,0.0373553899724167,0.8715111647826265,46.567243689612255,100.034,100.01253846153848,100.01416908117838,100.02121821726982,-0.0070491360914388,0.0040665960054771,0.0004210852057138,-1.0
100.246,100.246,100.0,100.0,99.959,0.041,0.04,2,20325.0,-0.0990000000000037,-0.2819999999999965,0.0,99.9898,100.0137,100.0178,99.99628655914142,100.00920555723177,100.01770971628828,0.2869999999999919,0.1600714285714285,0.0409999999999968,0.0,0.0331588080382149,0.0346871478315298,0.9559393063754384,48.87366920126447,100.0345,100.0133846153846,100.01198922253556,100.01964649747204,-0.0076572749365055,0.002313974789211,-0.00119458682273,inf
100.01,100.01,100.01,100.01,100.0,0.01,0.01,2,20002.0,0.0100000000000051,0.0100000000000051,0.0500000000000113,99.9918,100.0147,100.0203,100.00085770609428,100.00935000137144,100.01697545759414,0.0100000000000051,0.1604285714285721,0.0100000000000051,0.0,0.0315046074640571,0.032209494414992,0.9781155536981412,49.44683599851017,100.03575,100.01407692307691,100.0116831882993,100.01893194210376,-0.007248753804447,0.0006840157506944,-0.0024054202190734,0.0
100.01,100.01,100.01,100.01,100.01,0.0,0.0,0,400.0,0.0080000000000097,-0.0259999999999962,0.0100000000000051,99.9934,100.0121,100.0208,100.0039051373962,100.00946818294024,100.01631112829946,0.0,0.1601428571428574,0.0,-0.0,0.0292542783594816,0.0299088162424925,0.9781155536981412,49.44683599851017,100.01308333333334,100.01446153846152,100.01142423625323,100.01827031676272,-0.0068460805094758,-0.0013896699686329,-0.0032935522771539,-1.0
99.981,99.981,99.981,99.981,100.01,-0.029,-0.03,0,300.0,-0.007000000000005,-0.1180000000000092,-0.0170000000000101,99.992,100.0003,100.01995,99.99627009159748,100.00429214967838,100.01294816369952,0.0290000000000105,0.1618571428571442,0.0,0.0290000000000105,0.02716468704809,0.029843900796601,0.910225752096854,47.65016653647872,100.0115,100.01373076923076,100.00674358452196,100.01550955255809,-0.0087659680361156,-0.0027591995781522,-0.0043880354289462,-1.0
100.04,100.04,99.981,100.039,99.981,0.058,0.06,11,110020.0,0.0799999999999983,0.0850000000000079,0.0319999999999964,100.008,100.0088,100.02155,100.01051339439832,100.01060266791866,100.01542929096624,0.0590000000000117,0.1455714285714313,0.0580000000000069,0.0,0.0293672094017984,0.0277121935968438,1.0597215734355687,51.44974869918836,100.01175,100.01523076923075,100.01170610998012,100.01724958570192,-0.005543475721808,-0.0043325628572748,-0.0046191234875186,inf
100.011,100.011,100.0,100.0,100.039,-0.039,-0.04,5,50004.0,0.0,-0.0990000000000037,0.0150000000000005,100.008,99.9989,100.0223,100.0070089295989,100.00867491011526,100.01395983468372,0.0390000000000014,0.1282142857142889,0.0,0.0390000000000014,0.0272695515873842,0.0285184654827836,0.9562068339142104,48.88066115181279,100.00350000000002,100.01523076923075,100.00990516998318,100.0159718386129,-0.0060666686297139,-0.0055158809493826,-0.0049086325159576,-0.5454545454545454
99.982,99.982,99.982,99.982,100.0,-0.018,-0.02,2,19996.0,-0.0280000000000057,-0.0180000000000006,-0.0180000000000006,100.0024,99.9971,100.0214,99.9986726197326,100.00382492645794,100.01091604090432,0.0180000000000006,0.1132857142857172,0.0,0.0180000000000006,0.0253217264739996,0.0277671465197277,0.911931172186142,47.696861971418194,100.00583333333334,100.01453846153844,100.00561206690884,100.01345540612306,-0.0078433392142045,-0.0065573942649213,-0.005495573855607,-0.6
100.01,100.01,100.01,100.01,99.982,0.028,0.03,6,57306.0,0.0,0.0080000000000097,0.0120000000000004,100.0024,99.9979,100.022,100.00244841315508,100.00494766710194,100.01082879891344,0.0280000000000057,0.0969285714285744,0.0280000000000057,0.0,0.0255130317258572,0.0257837789111757,0.9894993210168604,49.73609744742781,99.99841666666669,100.01646153846151,100.00628713353828,100.01319945011394,-0.0069123165756792,-0.0071036681688209,-0.0057789223996214,2.0
99.985,99.985,99.958,99.982,100.01,-0.028,-0.03,6,57289.0,0.0010000000000047,-0.0060000000000002,-0.0120000000000004,100.0026,99.9973,100.0214,99.99563227543672,100.0007753639925,100.00808319901692,0.0520000000000067,0.090285714285717,0.0,0.0280000000000057,0.0236906723168674,0.0259420804175207,0.9132140497439536,47.73193307179453,99.99691666666666,100.01576923076922,100.00255065145544,100.01088837973514,-0.0083377282796845,-0.007246845078626,-0.0062906835756341,0.0
100.028,100.028,100.028,100.028,99.982,0.046,0.05,1,7302.0,-0.0109999999999956,0.0690000000000026,0.0330000000000012,100.0004,100.0042,100.02305,100.00642151695784,100.00572529781203,100.00998003720578,0.0460000000000064,0.0832142857142882,0.0460000000000064,0.0,0.0252841957228059,0.0240890746734121,1.049612576057681,51.210291560395966,99.99908333333332,100.01692307692308,100.00646593584692,100.01215590716215,-0.0056899713152347,-0.0070282557873737,-0.0061705411235542,-0.8333333333333334
100.0,100.0,100.0,100.0,100.028,-0.028,-0.03,1,7300.0,0.0,0.0,-0.2819999999999965,100.0004,100.0042,100.00895,100.00428101130522,100.0046843345735,100.00902955747188,0.0280000000000057,0.0598571428571454,0.0,0.0280000000000057,0.0234781817426055,0.0243684264824545,0.9634672866346132,49.06968876909571,100.00008333333334,100.01665384615384,100.00547117648586,100.0112554695946,-0.0057842931087321,-0.0068655379322943,-0.0060932915205898,0.0
99.951,100.218,99.951,100.207,100.0,0.207,0.21,6,60099.0,0.2249999999999943,0.1969999999999885,0.2069999999999936,100.0454,100.0239,100.0193,100.07185400753684,100.04146900101466,100.0278838853317,0.2670000000000101,0.0647142857142891,0.2069999999999936,0.0,0.0365868830467046,0.0226278245908506,1.6168979434946769,61.78681700270769,100.02075,100.02519230769232,100.03647561087264,100.02575506443942,0.0107205464332196,-0.004913690494217,-0.0027305239298279,5.0
100.0,100.277,100.0,100.277,100.207,0.07,0.07,4,40038.0,0.2669999999999959,0.2669999999999959,0.2409999999999996,100.0988,100.0506,100.03135,100.14023600502456,100.084292819012,100.05160922958584,0.277000000000001,0.0835000000000038,0.0700000000000073,0.0,0.0389735342576548,0.0210115514057898,1.854862285272064,64.97204067744718,100.04383333333334,100.03584615384617,100.07347936304608,100.04436580040688,0.0291135626392247,-0.0007048537525125,0.0036382933839825,-0.3333333333333333
100.264,100.264,100.264,100.264,100.277,-0.013,-0.01,1,10026.0,0.2819999999999965,0.2830000000000012,0.164999999999992,100.1552,100.0789,100.0396,100.18149067001636,100.1169668519189,100.07183692200624,0.0130000000000052,0.0823571428571473,0.0,0.0130000000000052,0.036189710382108,0.0204392977339481,1.7705946091288516,63.90666477495145,100.065,100.04607692307692,100.10279023026976,100.06063500037672,0.0421552298930407,0.004595002426915,0.0113416806857942,-0.75
100.0,100.0,100.0,100.0,100.264,-0.264,-0.26,1,10000.0,-0.0280000000000057,-0.0390000000000014,0.0460000000000064,100.1496,100.075,100.0419,100.1209937800109,100.09570015157,100.0649953103866,0.2639999999999958,0.0807142857142904,0.0,0.2639999999999958,0.0336047310691003,0.0378364907529515,0.8881566551326898,47.03829275597235,100.06416666666668,100.04630769230768,100.0869763486898,100.05614351886732,0.0308328298224722,0.0086949466993802,0.0152399105131298,0.0
100.0,100.0,100.0,100.0,100.0,0.0,0.0,0,1000.0,0.0,0.0,-0.0990000000000037,100.1496,100.075,100.03695,100.08066252000728,100.07830012401185,100.05880528082596,0.0,0.0800000000000043,0.0,-0.0,0.0312043931355932,0.0351338842705978,0.8881566551326898,47.03829275597235,100.06575,100.0465,100.0735953719683,100.05198473969196,0.0216106322763209,0.0119676101983275,0.016514054865768,-1.0
100.0,100.0,100.0,100.0,100.0,0.0,0.0,1,7300.0,-0.2069999999999936,0.0180000000000006,0.0,100.10819999999998,100.0768,100.03695,100.0537750133382,100.06406373782788,100.05320477789016,0.0,0.0800000000000043,0.0,-0.0,0.0289755079116222,0.0326243211084122,0.8881566551326897,47.03829275597234,100.0625,100.03565384615383,100.0622730070501,100.04813401823333,0.0141389888167822,0.0143066441308232,0.0160390416559709,inf
100.263,100.263,100.263,100.263,100.0,0.263,0.26,1,10026.0,-0.0139999999999957,0.2530000000000001,0.2610000000000099,100.1054,100.1021,100.05,100.12351667555882,100.1002339673137,100.07318527523395,0.2630000000000052,0.0967142857142897,0.2630000000000052,0.0,0.0456915430607924,0.0302940124578114,1.5082697653347916,60.13187999870003,100.08441666666666,100.0457692307692,100.09315408288856,100.06405001688267,0.029104066005857,0.0184668434958834,0.0186520465259481,0.0
99.981,99.981,99.981,99.981,100.263,-0.282,-0.28,0,1000.0,-0.2830000000000012,-0.0010000000000047,-0.007000000000005,100.0488,100.102,100.04965,100.07601111703922,100.07855506416576,100.06440572521169,0.2820000000000107,0.112642857142861,0.0,0.2820000000000107,0.042427861413593,0.0482730115679684,0.8789147400479561,46.77778726806535,100.08433333333332,100.04365384615386,100.075899608598,100.05789816378028,0.0180014448177274,0.0210992230662125,0.0185219261843039,-1.0
99.952,99.983,99.952,99.982,99.981,0.001,0.0,5,47592.0,-0.0180000000000006,-0.0460000000000064,0.0229999999999961,100.0452,100.0974,100.0508,100.04467407802616,100.0609995979538,100.0565575609058,0.0310000000000059,0.1120714285714328,0.0010000000000047,0.0,0.0394687284554795,0.0448249393131136,0.8805082407313584,46.82288658245472,100.082,100.03915384615384,100.06145351496754,100.05227607757432,0.0091774373932196,0.0227616375664294,0.0166530284260871,inf
99.988,99.988,99.988,99.988,99.982,0.006,0.01,1,5599.0,-0.0120000000000004,-0.0120000000000004,-0.0120000000000004,100.0428,100.0962,100.0502,100.0257827186841,100.04772694378038,100.05002826939096,0.0060000000000002,0.1112142857142899,0.0060000000000002,0.0,0.0370781049943738,0.0416231579336054,0.8908047066856012,47.11246505447388,100.0825,100.04046153846151,100.0501529742033,100.0475148866429,0.002638087560399,0.0218635865805604,0.0138500402529495,-0.8
100.099,100.099,100.023,100.097,99.988,0.109,0.11,8,75870.0,0.0969999999999942,-0.1099999999999994,0.086999999999989,100.0622,100.0852,100.05455,100.04952181245608,100.05668568127484,100.0545017675442,0.1110000000000042,0.1171428571428612,0.1089999999999946,0.0,0.0422153832090611,0.0386500752240622,1.0922458226621825,52.20446903664524,100.08825,100.04038461538462,100.05736020894123,100.05118045059528,0.006179758345965,0.0193153861035316,0.0123159838715526,7.0
99.968,99.981,99.968,99.981,100.097,-0.116,-0.12,5,49985.0,-0.2820000000000107,-0.2960000000000065,-0.0290000000000105,100.0058,100.0556,100.0531,100.02668120830404,100.04292464831576,100.04750159920668,0.1289999999999906,0.12264285714286,0.0,0.1159999999999996,0.0391999986941281,0.0441750698509149,0.8873783069596275,47.01645153425032,100.08666666666666,100.03965384615384,100.04561248448874,100.04598189869932,-0.0003694142105814,0.0145904256475735,0.0097789042551258,-0.375
100.18,100.18,99.989,100.03,99.981,0.049,0.05,4,40027.0,0.0490000000000065,-0.2339999999999946,0.0490000000000065,100.0156,100.0322,100.05555,100.02778747220272,100.04057471225836,100.0458347802346,0.1990000000000122,0.1335714285714319,0.0490000000000065,0.0,0.0398999987874051,0.0410197077187067,0.9727031470097266,49.30813581780789,100.07191666666668,100.04073076923078,100.04321056379816,100.04479805435123,-0.0015874905530637,0.0109881678280695,0.0075056252934879,-0.1999999999999999
99.997,99.997,99.997,99.997,100.03,-0.033,-0.03,1,10000.0,0.0150000000000005,-0.0030000000000001,-0.0420000000000015,100.0186,100.0319,100.05345,100.01752498146848,100.03265203730228,100.0411838487837,0.0330000000000012,0.1339285714285744,0.0,0.0330000000000012,0.0370499988740191,0.0404468714530849,0.9160164320000403,47.808380799941965,100.04858333333334,100.04107692307691,100.03610124629076,100.04125745773264,-0.0051562114418715,0.0080140740816037,0.004973257946416,-0.75
100.001,100.001,100.001,100.001,99.997,0.004,0.0,1,10000.0,0.0130000000000052,0.0010000000000047,0.0010000000000047,100.0212,100.032,100.0535,100.01201665431232,100.02689712142914,100.0373568155662,0.0040000000000048,0.1151428571428598,0.0040000000000048,0.0,0.0346892846687323,0.0375578092064359,0.9236237523350528,48.01478205984316,100.02666666666666,100.0426923076923,100.03070105455372,100.0382754238265,-0.0075743692727883,0.0056014787383181,0.0024637325025751,0.0
100.0,100.0,99.999,100.0,100.001,-0.001,0.0,3,28200.0,-0.0969999999999942,0.0,0.0180000000000006,100.0018,100.032,100.0544,100.00801110287487,100.02200673571475,100.03379902360751,0.0020000000000095,0.0955000000000032,0.0,0.0010000000000047,0.0322114786209657,0.0349465371202623,0.921735922220725,47.96371403390237,100.02666666666666,100.0426923076923,100.0259778153916,100.03544020724676,-0.0094623918551519,0.0013163167537615,7.850763102973065e-05,2.0
99.99,100.0,99.99,100.0,100.0,0.0,0.0,2,19999.0,0.0190000000000054,-0.2630000000000052,-0.0100000000000051,100.0056,100.0057,100.0539,100.00534073524992,100.01800551103936,100.03058006897822,0.0100000000000051,0.0952857142857175,0.0,-0.0,0.0299106587194682,0.0324503558973864,0.9217359222207248,47.96371403390236,100.02666666666666,100.04230769230767,100.0219812284083,100.03281500670997,-0.0108337783016736,-0.0018875969261718,-0.0021039495555109,-0.3333333333333333
99.995,100.068,99.995,100.01,100.0,0.01,0.01,16,160607.0,-0.019999999999996,0.0290000000000105,0.0280000000000057,100.0016,100.0086,100.0553,100.00689382349996,100.01654996357765,100.02862006240886,0.0729999999999932,0.0816428571428602,0.0100000000000051,0.0,0.0284884688109351,0.0301324733332874,0.9454407706872132,48.59776688823289,100.0275,100.04230769230767,100.02013796249932,100.03112500621292,-0.0109870437136123,-0.0041280948269309,-0.0038805683871312,7.0
99.983,99.983,99.983,99.983,100.01,-0.027,-0.03,1,9998.0,-0.0139999999999957,0.0010000000000047,-0.0450000000000017,99.9988,100.0087,100.05305,99.99892921566664,100.01044997019989,100.0242752945604,0.027000000000001,0.0835714285714317,0.0,0.027000000000001,0.0264535781815826,0.0299087252380526,0.8844769534987045,46.93487770474411,100.00416666666666,100.0423846153846,100.01442442980712,100.0275601909379,-0.0131357611307834,-0.0058807446815068,-0.0057316069358616,-0.9375
99.97,99.97,99.97,99.97,99.983,-0.013,-0.01,0,400.0,-0.0310000000000059,-0.0180000000000006,-0.0300000000000011,99.9926,100.0069,100.05155,99.98928614377778,100.00309543016353,100.01910621888798,0.0130000000000052,0.0845000000000035,0.0,0.0130000000000052,0.0245640368828981,0.0287009591496207,0.8558611841103849,46.11665955612115,100.00325,100.0397307692308,100.00758990214447,100.02329647309064,-0.0157065709461647,-0.008312559047299,-0.0077265997379222,-1.0
100.017,100.017,100.017,100.017,99.97,0.047,0.05,5,50009.0,0.0169999999999959,-0.0799999999999983,-0.1899999999999977,99.996,99.9989,100.04205,99.99852409585186,100.00562353377016,100.01890562661292,0.046999999999997,0.0690714285714315,0.046999999999997,0.0,0.0261666056769766,0.0266508906389335,0.9818285636859962,49.54154873315059,100.00616666666669,100.04038461538462,100.00903760950688,100.02283006767652,-0.0137924581696466,-0.009804008376084,-0.0089397714242671,inf
100.012,100.012,100.012,100.012,100.017,-0.005,-0.01,5,50006.0,0.0120000000000004,0.0310000000000059,-0.2650000000000005,99.9984,100.002,100.0288,100.00301606390126,100.00678289126648,100.0182479478879,0.0049999999999954,0.0492857142857161,0.0,0.0049999999999954,0.0242975624143354,0.0251043984504379,0.9678607699883603,49.18339674986687,100.00816666666668,100.04153846153848,100.00949336189043,100.02202784044124,-0.0125344785507905,-0.0110203403758314,-0.0096587128495718,0.0
100.006,100.006,100.006,100.006,100.012,-0.006,-0.01,1,10001.0,-0.0040000000000048,-0.0240000000000009,-0.2579999999999955,99.9976,99.9996,100.0159,100.0040107092675,100.00664054739984,100.01708147666048,0.0060000000000002,0.0475000000000014,0.0,0.0060000000000002,0.0225620222418829,0.0237397985611209,0.9503881081296583,48.7281533438512,100.00058333333334,100.04138461538462,100.0089559215996,100.02084059300113,-0.0118846714015319,-0.0117679470380159,-0.0101039045599638,-0.8
100.0,100.0,100.0,100.0,100.006,-0.006,-0.01,1,10100.0,0.0169999999999959,0.0030000000000001,0.0,100.001,99.9999,100.0159,100.00267380617834,100.00543317514531,100.01545466935949,0.0060000000000002,0.0475000000000014,0.0,0.0060000000000002,0.0209504492246055,0.0224726700924694,0.9322634621698118,48.247223032564,100.00216666666668,100.04207692307692,100.00757808750735,100.0192968453714,-0.0117187578640596,-0.0122284346592683,-0.010426875220783,0.0
100.173,100.173,99.901,100.0,100.0,0.0,0.0,7,70132.0,0.0300000000000011,-0.0010000000000047,0.0,100.007,99.9998,100.0159,100.00178253745224,100.00444532511892,100.01398279608712,0.2720000000000055,0.0590000000000015,0.0,-0.0,0.0194539885657051,0.0208674793715788,0.932263462169812,48.247223032564,99.99966666666668,100.041,100.00641222789083,100.01786744941798,-0.011455221527143,-0.0124498601783784,-0.010632544482055,6.0
99.969,99.969,99.969,99.969,100.0,-0.031,-0.03,1,9997.0,-0.0480000000000018,-0.0310000000000059,-0.0310000000000059,99.9974,99.9967,100.01435,99.99085502496816,99.99800072055184,100.00969872026933,0.0310000000000059,0.0520000000000026,0.0,0.0310000000000059,0.0180644179538691,0.0215912308450378,0.8366553108305395,45.55320238353282,99.99733333333332,100.0398076923077,100.00065650052302,100.01424763835,-0.0135911378269639,-0.0127562334589662,-0.0112242631510368,-0.8571428571428572
100.159,100.159,100.015,100.019,99.969,0.05,0.05,3,30433.0,0.007000000000005,0.0190000000000054,-0.2439999999999997,99.9988,99.9986,100.00215,100.00023668331212,100.0018187713606,100.01058455643414,0.1900000000000119,0.0513571428571454,0.0500000000000113,0.0,0.0203455309571649,0.0200490000703923,1.0147903080318983,50.36704335862987,99.99883333333332,100.03257692307692,100.00347857736564,100.01459966513887,-0.0111210877732332,-0.0127711272433685,-0.0112036280754761,2.0
99.952,100.01,99.952,100.01,100.019,-0.009,-0.01,4,36189.0,0.0040000000000048,0.0,0.0290000000000105,99.9996,99.9986,100.0036,100.00349112220808,100.00330626747684,100.0105288843928,0.0670000000000072,0.0537857142857173,0.0,0.0090000000000003,0.0188922787459389,0.01925978577965,0.980918425681586,49.51836546949559,99.99966666666668,100.02230769230768,100.00448187315554,100.01425894920266,-0.0097770760471149,-0.0123979400118498,-0.0109183176698038,0.3333333333333332
99.96,100.012,99.96,100.0,100.01,-0.01,-0.01,6,59991.0,0.0,0.0169999999999959,0.0180000000000006,99.9996,100.0003,100.0045,100.0023274148054,100.0027051279356,100.00952613349824,0.0520000000000067,0.0572142857142888,0.0,0.0100000000000051,0.0175428302640861,0.0185983725096754,0.94324545091028,48.53969684933177,99.99966666666668,100.01215384615384,100.00379235420854,100.0132027307432,-0.0094103765346602,-0.011698362855016,-0.0106167294427751,0.5
99.952,100.153,99.952,99.994,100.0,-0.006,-0.01,7,70823.0,-0.0060000000000002,0.0240000000000009,0.0060000000000002,99.9984,100.0027,100.0048,99.99955160987028,100.00112237740186,100.00804745411746,0.2010000000000076,0.0714285714285744,0.0,0.0060000000000002,0.0162897709595085,0.0176984887589843,0.9204046278380318,47.92764058656806,99.99833333333332,100.01192307692308,100.00228583817646,100.01178030624372,-0.0094944680672455,-0.0112208083991936,-0.0103922771676692,0.1666666666666667
99.988,99.988,99.988,99.988,99.994,-0.006,-0.01,1,9999.0,0.0190000000000054,-0.0289999999999963,-0.1089999999999946,100.0022,99.9998,99.99935,99.99570107324686,99.99873649060152,100.00613817277294,0.0060000000000002,0.0711428571428598,0.0,0.0060000000000002,0.0151262158909722,0.0168628824190568,0.8970124747995614,47.28553379146017,99.99875000000002,100.01146153846156,100.00008801691854,100.01001880207752,-0.0099307851589713,-0.010931509133436,-0.0102999787659296,-0.8571428571428572
99.999,100.0,99.999,100.0,99.988,0.012,0.01,2,20000.0,-0.0190000000000054,-0.0120000000000004,0.0190000000000054,99.9984,99.9986,100.0003,99.99713404883124,99.99896621958304,100.0055535848898,0.0120000000000004,0.0667857142857174,0.0120000000000004,0.0,0.0149029147559028,0.0156583908176956,0.9517526372544558,48.76399903797712,100.00125,100.01146153846156,100.00007447585416,100.00927666859027,-0.00920219273614,-0.0106334559483924,-0.0100804215599717,1.0
99.96,99.994,99.96,99.994,100.0,-0.006,-0.01,15,148461.0,-0.0160000000000053,-0.0120000000000004,-0.0360000000000013,99.9952,99.9974,99.9985,99.9960893658875,99.99806327056794,100.00445324347172,0.0400000000000062,0.0677142857142893,0.0,0.0060000000000002,0.0138384208447669,0.0149685057592888,0.9245024899148218,48.03851877353196,99.99933333333333,100.00111538461536,99.99913994110736,100.00814506350952,-0.0090051224021721,-0.0103319408970716,-0.0098653617284118,6.5
99.997,99.997,99.997,99.997,99.994,0.003,0.0,1,10000.0,-0.0030000000000001,-0.0030000000000001,0.0,99.9946,99.9971,99.9985,99.99639291059168,99.9978699486465,100.00374341076014,0.0030000000000001,0.0670000000000032,0.0030000000000001,0.0,0.0130642479272835,0.0138993267764825,0.9399194750488278,48.4514685860953,99.99808333333334,100.00173076923078,99.99881071939852,100.00731950324956,-0.0085087838510276,-0.0100045589330588,-0.0095940461529349,-0.9333333333333332
99.991,100.015,99.991,100.015,99.997,0.018,0.02,11,110014.0,0.0210000000000007,0.0150000000000005,0.0139999999999957,99.9988,99.9986,99.9992,100.0025952737278,100.00098450343803,100.0048154668782,0.0240000000000009,0.0653571428571463,0.0180000000000006,0.0,0.0134168016467633,0.0129065177210194,1.0395369174531743,50.96926211815144,99.99883333333332,100.003,100.0013013779526,100.00788842893478,-0.0065870509821621,-0.0092263270614141,-0.0089926471187804,10.0
100.095,100.095,90.016,90.016,100.015,-9.999,-10.0,22,219100.0,-9.971999999999994,-9.952999999999989,-9.983999999999996,98.0044,99.0033,99.5,96.6737301824852,98.1855327755402,99.05349970812792,10.078999999999994,0.7849285714285748,0.0,9.998999999999995,0.0124584586719945,0.7261989093123749,0.0171557110761722,1.6866356733150705,99.16683333333332,99.61946153846156,98.46510116595992,99.26774854530996,-0.8026473793500628,-0.0971736927921729,-0.1677235935650369,1.0
99.018,99.018,99.018,99.018,90.016,9.002,10.0,1,10199.0,-0.9819999999999992,-1.0010000000000048,-0.9819999999999992,97.808,98.9032,99.4509,97.45515345499014,98.33689045271473,99.0501187835443,9.001999999999995,1.427500000000003,9.001999999999995,0.0,0.6545685687668518,0.6743275586472053,0.9706982317021228,49.25656379483913,99.085,99.57796153846154,98.550162525043,99.24924865306478,-0.6990861280217899,-0.1737635874560257,-0.2739961004563875,-0.9545454545454546
99.992,100.097,99.969,100.008,99.018,0.99,1.0,20,200173.0,0.0139999999999957,-0.0020000000000095,-0.0020000000000095,97.8108,98.903,99.4508,98.30610230332675,98.64072855222112,99.1413455660639,1.0789999999999935,1.5041428571428597,0.9899999999999948,0.0,0.6785279567120763,0.6261613044581192,1.0836312494577978,52.006863006099564,99.08825000000002,99.579,98.77444521349793,99.30545245654147,-0.5310072430435469,-0.231718794845902,-0.3253983289738194,19.0
99.985,100.045,99.985,99.995,100.008,-0.013,-0.01,80,800229.0,-0.0019999999999953,-0.0049999999999954,0.0120000000000004,97.8104,98.9025,99.4514,98.86906820221785,98.88695972454455,99.22264598834354,0.0600000000000022,1.4890000000000023,0.0,0.012999999999991,0.6300616740897852,0.5823640684253959,1.0819034144626312,51.967032041296015,99.08625,99.57765384615384,98.9622228729598,99.35653005235322,-0.3943071793934365,-0.2744757627710343,-0.3391800990577429,3.0
99.997,100.069,99.997,100.024,99.995,0.029,0.03,35,350085.0,0.0090000000000003,0.0300000000000011,0.054000000000002,97.8122,98.9055,99.4541,99.25404546814524,99.09369432008192,99.2989654180251,0.073999999999998,1.4920714285714305,0.0289999999999963,0.0,0.587128697369086,0.5407666349664391,1.0857339551015832,52.05524666489423,99.08741666666668,99.57869230769232,99.12557320019674,99.40597227069742,-0.2803990705006782,-0.3045277944756684,-0.3274238933463299,-0.5625
100.037,100.037,100.033,100.035,100.024,0.011,0.01,4,40014.0,10.018999999999991,0.046999999999997,0.0180000000000006,99.816,98.9102,99.455,99.51436364543018,99.26484080733974,99.36906394964176,0.0130000000000052,1.4794285714285726,0.0109999999999956,0.0,0.5459766475570081,0.5021404467545506,1.087298685229961,52.091188143021874,99.09033333333332,99.58,99.26548501555108,99.45256691731242,-0.1870819017613314,-0.3242922065895786,-0.2993554950293302,-0.8857142857142857
99.992,100.01,99.992,99.997,100.035,-0.038,-0.04,6,59997.0,0.9789999999999992,-0.0030000000000001,-0.0150000000000005,100.0118,98.9099,99.45425,99.6752424302868,99.3979606605507,99.42886738300922,0.0429999999999921,1.477714285714286,0.0,0.0379999999999967,0.5069783155886505,0.4689875577006539,1.081005897201745,51.94631589729443,99.09058333333331,99.5798846153846,99.3780257823894,99.4928952938078,-0.1148695114184192,-0.3360549164802727,-0.262458298307148,0.5
99.995,99.995,99.964,99.967,99.997,-0.03,-0.03,10,100067.0,-0.0409999999999968,-0.027000000000001,-0.0390000000000014,100.0036,98.9072,99.4523,99.77249495352454,99.50142235863238,99.48011810843693,0.0330000000000012,1.4763571428571427,0.0,0.0300000000000011,0.4707655787608897,0.4376313035791787,1.075712763028425,51.8237774603737,99.08883333333333,99.57861538461538,99.46863720048331,99.52801416093314,-0.0593769604498106,-0.3417069361023597,-0.2218420307356806,0.6666666666666667
100.001,100.001,100.001,100.001,99.967,0.034,0.03,1,10000.0,0.0060000000000002,0.0040000000000048,0.0010000000000047,100.0048,98.9076,99.45235,99.8486633023497,99.59225465706284,99.5297259076334,0.034000000000006,1.4644285714285712,0.034000000000006,0.0,0.4395680374208266,0.4063719247520945,1.0816889914060457,51.9620844358424,99.08891666666666,99.57826923076924,99.55053916963976,99.56305014901216,-0.012510979372422,-0.3423651503679442,-0.1799758204630289,-0.9
99.989,99.989,99.989,99.989,100.001,-0.012,-0.01,1,9999.0,-0.0349999999999965,-0.0259999999999962,-0.0109999999999956,99.9978,98.905,99.4518,99.89544220156648,99.6643901739605,99.5734662973826,0.0120000000000004,1.4648571428571426,0.0,0.0120000000000004,0.4081703204621961,0.3782025015555164,1.0792374952133434,51.90544599632697,99.0885,99.5785,99.61799468200286,99.59460198982607,0.0233926921767846,-0.2505829201982945,-0.1393021179350662,0.0
99.95,99.992,99.95,99.992,99.989,0.003,0.0,2,20090.0,-0.0429999999999921,9.976,0.0230000000000103,99.9892,99.9026,99.45295000000002,99.92762813437768,99.72395559687676,99.61332665001282,0.0420000000000015,1.467,0.0030000000000001,0.0,0.379229583286325,0.3511880371586938,1.0798476689425496,51.91955569955627,99.08808333333332,99.57934615384616,99.67553396169473,99.6240388794686,0.0514950822261397,-0.1671850079485245,-0.101142677902825,1.0
100.477,100.575,100.04,100.573,99.992,0.581,0.58,28,281389.0,0.5759999999999934,1.5549999999999926,0.5539999999999878,100.1044,100.0581,99.48065,100.14275208958512,99.87832730653552,99.70472411191636,0.5829999999999984,1.5057857142857134,0.5809999999999889,0.0,0.3936417559087296,0.3261031773616443,1.207108005182623,54.69184119436616,99.13458333333334,99.60073076923078,99.81360565989552,99.69433229580424,0.1192733640912848,-0.0949316071557654,-0.057059469504003,13.0
99.97,100.0,99.97,100.0,100.573,-0.573,-0.57,3,29994.0,0.0330000000000012,-0.0079999999999955,-0.0100000000000051,100.111,100.0573,99.48015,100.09516805972342,99.90044961443816,99.73284562506718,0.6029999999999944,1.548642857142856,0.0,0.5729999999999933,0.3655244876295346,0.3437386646929549,1.0633790294031655,51.53580676405095,99.96658333333332,99.60026923076924,99.84228171221928,99.7169743479669,0.1253073642523929,-0.0371966578617843,-0.0205861027527238,-0.8928571428571429
99.982,99.998,99.982,99.998,100.0,-0.002,0.0,6,59992.0,-0.0030000000000001,0.0030000000000001,-0.0019999999999953,100.1104,100.0576,99.48005,100.06277870648228,99.91818604817666,99.75809842267984,0.0180000000000006,1.5482142857142844,0.0,0.0019999999999953,0.3394155956559964,0.3193287600720293,1.0629033087387314,51.52463056490008,100.04825,99.59996153846154,99.86623837187788,99.73779106293232,0.1284473089455531,0.0082307176322413,0.0092205795869315,1.0
100.0,100.0,100.0,100.0,99.998,0.002,0.0,1,10000.0,0.0109999999999956,-0.0240000000000009,0.0060000000000002,100.1126,100.0552,99.48035,100.0418524709882,99.93306131214456,99.7811366681389,0.0019999999999953,0.8284285714285703,0.0019999999999953,0.0,0.3153144816805678,0.2965195629240272,1.0633850885627945,51.535949079842965,100.04758333333332,99.59996153846154,99.88681708389666,99.75721394715956,0.1296031367371029,0.0434179441320673,0.0332970910169658,-0.8333333333333334
99.993,100.0,99.993,99.993,100.0,-0.007,-0.01,4,41297.0,0.0009999999999905,-0.0420000000000015,0.0049999999999954,100.1128,100.05100000000002,99.4806,100.02556831399215,99.94395925539098,99.80131412831616,0.007000000000005,0.185928571428571,0.0,0.007000000000005,0.2927920187033844,0.2758395941437399,1.0614575460505158,51.49063331835915,100.04741666666666,99.59969230769232,99.90315291714332,99.77467958070328,0.1284733364400381,0.0704560383385626,0.0523323401015802,3.0
99.994,100.248,99.994,100.016,99.993,0.023,0.02,10,100122.0,-0.556999999999988,0.0190000000000054,0.0160000000000053,100.0014,100.0529,99.4814,100.02237887599478,99.95705757259262,99.82176040180984,0.2550000000000096,0.1270714285714293,0.0230000000000103,0.0,0.2735211602245719,0.2561367659906156,1.0678715301441468,51.64109639198466,100.04675,99.6015,99.9205140068136,99.79255516731789,0.1279588394957187,0.0912711272213992,0.0674576399804079,1.5
99.961,99.961,99.961,99.961,100.016,-0.055,-0.05,4,39984.0,-0.0390000000000014,-0.0060000000000002,-0.0330000000000012,99.9936,100.0523,99.47975,100.00191925066318,99.95777437757576,99.8350213159232,0.0550000000000068,0.1267142857142868,0.0,0.0550000000000068,0.2539839344942454,0.2417698541341436,1.050519451251871,51.23186959336153,100.04058333333334,99.59926923076924,99.92674262114996,99.80503256233136,0.1217100588185928,0.1061845759092897,0.0783081237480449,-0.6
99.991,99.993,99.991,99.993,99.961,0.032,0.03,3,30997.0,-0.0050000000000096,-0.0080000000000097,-0.0040000000000048,99.9926,100.0515,99.47955,99.99894616710878,99.96417903619836,99.8500669048829,0.0319999999999964,0.1237142857142866,0.0319999999999964,0.0,0.2381279391732276,0.2245005788388476,1.060700780393809,51.4728188820846,100.04025,99.5986153846154,99.93693606404996,99.81895607623274,0.1179799878172218,0.1166942754248939,0.0862424965618803,-0.25
99.906,99.988,99.906,99.988,99.993,-0.005,-0.01,5,49985.0,-0.0120000000000004,-0.0010000000000047,-0.027000000000001,99.9902,100.0514,99.4782,99.9952974447392,99.9685101205259,99.86320339013214,0.086999999999989,0.1289999999999998,0.0,0.0049999999999954,0.2211188006608542,0.2088219660646439,1.0588866910313623,51.43006148147629,100.04200000000002,99.59815384615383,99.94479205419611,99.83147784836363,0.1133142058324665,0.1235630669367079,0.0916568384159975,0.6666666666666667
99.999,100.036,99.999,100.036,99.988,0.048,0.05,16,156749.0,0.0430000000000063,0.0439999999999969,10.019999999999996,99.9988,100.0558,99.9792,100.00886496315948,99.980781007703,99.87966021011955,0.0480000000000018,0.1293571428571433,0.0480000000000018,0.0,0.2087531720422219,0.1939061113457407,1.07656829685996,51.843625778543895,100.04491666666668,99.59976923076924,99.95882404585824,99.84662763737374,0.1121964084845075,0.1227767385359549,0.0957647524296995,2.2
99.985,99.985,99.983,99.983,100.036,-0.053,-0.05,15,146675.0,-0.0330000000000012,-0.5899999999999892,0.9650000000000034,99.9922,99.9968,100.02745,100.000243308773,99.9811844608479,99.88950209487008,0.0529999999999972,0.1307857142857145,0.0,0.0529999999999972,0.1938422311820632,0.1838413891067591,1.0543992956313906,51.32397084994793,100.04441666666668,99.59957692307692,99.96254342341852,99.85672929386456,0.1058141295539485,0.1206108235694611,0.0977746278545493,-0.0625
99.989,99.989,99.989,99.989,99.983,0.006,0.01,1,9999.0,0.0280000000000057,-0.0109999999999956,-0.0189999999999912,99.9978,99.9957,100.0265,99.99649553918202,99.98260546796648,99.89897808583484,0.0060000000000002,0.1287857142857141,0.0060000000000002,0.0,0.180424928954773,0.1707098613134191,1.0569098209477026,51.38338152621299,100.04416666666668,99.59915384615384,99.96661366596952,99.86652712394869,0.1000865420208469,0.1174596272444937,0.0982370106878089,-0.9333333333333332
100.08,100.08,100.08,100.08,99.989,0.091,0.09,3,30024.0,0.0870000000000033,0.0819999999999936,0.0849999999999937,100.0152,100.0039,100.03075,100.0243303594547,100.00031356469984,99.91621826813628,0.0909999999999939,0.1344285714285707,0.0909999999999939,0.0,0.1740374340294316,0.1585162997910321,1.0979150677807938,52.333628021566426,100.00308333333334,99.60246153846153,99.98405771735882,99.8823399295821,0.101717787776721,0.1143612551377846,0.0989331661055913,2.0
100.0,100.0,99.972,99.997,100.08,-0.083,-0.08,5,49992.0,0.0090000000000003,-0.0030000000000001,-0.027000000000001,100.017,100.0036,100.0294,100.01522023963648,99.99971109839078,99.923911766409,0.108000000000004,0.1391428571428566,0.0,0.0829999999999984,0.1616061887416151,0.1531222783773868,1.0554061136898625,51.34781426699168,100.00283333333334,99.60246153846153,99.98604883776515,99.89083326813156,0.095215569633595,0.1106659477148465,0.098189646811192,0.6666666666666667
100.119,100.119,100.001,100.06,99.997,0.063,0.06,10,100663.0,0.0240000000000009,0.0670000000000072,0.0250000000000056,100.0218,100.0103,100.03065,100.03014682642431,100.01067271686516,99.93687255056052,0.1219999999999998,0.1062142857142853,0.0630000000000023,0.0,0.1545628895457856,0.142184972779002,1.087055027861647,52.08559493399755,100.008,99.60419230769232,99.99742593964746,99.90336413715886,0.0940618024885964,0.1068996102696107,0.0973640779466729,1.0
99.98,99.998,99.98,99.997,100.06,-0.063,-0.06,9,89989.0,0.0139999999999957,-0.0190000000000054,0.0,100.0246,100.0084,100.03065,100.0190978842829,100.00818676834425,99.94259897431668,0.0799999999999983,0.0688571428571427,0.0,0.0630000000000023,0.1435226831496581,0.1365289032947878,1.0512256356426566,51.24865921019478,100.00775,99.98807692307692,99.99736041047092,99.91030012699896,0.0870602834719846,0.1030496352310987,0.0953033190517353,-0.0999999999999999
100.001,100.029,100.001,100.029,99.997,0.032,0.03,5,50003.0,0.039999999999992,0.0679999999999978,0.0619999999999976,100.0326,100.0152,100.03375,100.02239858952194,100.01197099228165,99.95082764342936,0.0319999999999964,0.0698571428571424,0.0319999999999964,0.0,0.1355567772103965,0.1267768387737315,1.0692550667897252,51.67342991932765,100.01075000000002,100.02696153846152,100.00222803962926,99.91909271018422,0.0831353294450423,0.0991780065230787,0.0928697211303967,-0.4444444444444444
99.986,99.986,99.986,99.986,100.029,-0.043,-0.04,10,100086.0,-0.093999999999994,-0.0069999999999907,-0.0150000000000005,100.0138,100.0145,100.033,100.01026572634797,100.00724899368498,99.9541773916742,0.0429999999999921,0.0727857142857136,0.0,0.0429999999999921,0.1258741502667968,0.1207927788613216,1.0420668474835648,51.030006621365104,100.00825,100.0261153846154,99.99973141814785,99.92404880572612,0.0756826124217013,0.0949967183663271,0.0894322993886576,1.0
99.993,100.078,99.98,100.078,99.986,0.092,0.09,14,140026.0,0.081000000000003,0.0900000000000034,0.0889999999999986,100.03,100.0235,100.03745,100.03284381756532,100.02011281301498,99.96597002103856,0.0979999999999989,0.0792857142857132,0.0919999999999987,0.0,0.1234545681048826,0.11216472322837,1.1006541499997835,52.39578109513634,100.018,100.02930769230768,100.01177273843278,99.93545259789455,0.0763201405382147,0.0910104663722945,0.086809867618569,0.3999999999999999
99.986,99.997,99.986,99.997,100.078,-0.081,-0.08,0,2200.0,-0.0630000000000023,-0.0390000000000014,0.0049999999999954,100.0174,100.0196,100.0377,100.02089587837688,100.01591048337588,99.96892525713012,0.0919999999999987,0.0676428571428553,0.0,0.081000000000003,0.1146363846688196,0.109938671569201,1.0427303062022324,51.045911593725634,100.01833333333332,100.02826923076924,100.00950000944312,99.9400116647172,0.06948834472594,0.0869742680580714,0.0833455630400432,-1.0
100.001,100.001,100.001,100.001,99.997,0.004,0.0,5,50001.0,0.0040000000000048,0.0180000000000006,-0.5719999999999885,100.0182,100.0214,100.0091,100.01426391891792,100.01319948639843,99.9719799945463,0.0040000000000048,0.063999999999998,0.0040000000000048,0.0,0.1067337857639042,0.102085909314258,1.0455290693972106,51.1128922604514,100.01941666666666,100.02696153846152,100.00819231568263,99.94452931918258,0.0636629965000707,0.0829272074446518,0.0794090497320487,inf
99.992,100.0,99.992,100.0,100.001,-0.001,0.0,6,60997.0,-0.0289999999999963,0.0109999999999956,0.0,100.0124,100.0225,100.0091,100.00950927927862,100.01079957978054,99.97464856649428,0.0090000000000003,0.0623571428571411,0.0,0.0010000000000047,0.0991099439236254,0.0948654872203828,1.0447418426617283,51.09407069704912,100.01641666666666,100.02707692307692,100.00693195942378,99.94863825850238,0.0582937009213964,0.0781023089051713,0.0751859799699183,0.1999999999999999
100.0,100.002,100.0,100.001,100.0,0.001,0.0,3,30301.0,0.0150000000000005,-0.0789999999999935,0.0030000000000001,100.0154,100.0146,100.00925,100.00667285285245,100.00901783800224,99.97715822682814,0.0019999999999953,0.056285714285713,0.0010000000000047,0.0,0.0921020907862239,0.0880893809903554,1.04555270738374,51.11345718981747,100.01791666666666,100.02838461538462,100.00601935028166,99.95251690602072,0.0535024442609284,0.0734675171970972,0.0708492728281203,-0.5
99.987,100.0,99.987,99.999,100.001,-0.002,0.0,6,60196.0,-0.0790000000000077,0.0019999999999953,-0.0010000000000047,99.9996,100.0148,100.0092,100.00411523523496,100.00719641291091,99.97923839570166,0.01400000000001,0.0538571428571421,0.0,0.0020000000000095,0.0855233700157793,0.081940139491045,1.0437298562949835,51.06985412382878,100.01875,100.02830769230768,100.00493945023833,99.95596009816734,0.0489793520709866,0.068458356039585,0.0664752886766936,1.0
99.999,100.005,99.999,100.005,99.999,0.006,0.01,3,30300.0,0.0079999999999955,-0.0550000000000068,0.0120000000000004,100.0012,100.0093,100.0098,100.00441015682333,100.00679706510894,99.9816918818253,0.0060000000000002,0.0504999999999995,0.0060000000000002,0.0,0.0798431293003665,0.0760872723845418,1.049362485973249,51.20433760037836,100.0125,100.02892307692308,100.00494876558628,99.95959268348828,0.0453560820979959,0.0638245558869196,0.062251447360954,-0.5
99.983,100.004,99.983,99.995,100.005,-0.01,-0.01,38,379976.0,-0.0060000000000002,-0.0019999999999953,-0.0210000000000007,100.0,100.0091,100.00875,100.00127343788222,100.00465214418004,99.98295932165146,0.0219999999999913,0.051642857142856,0.0,0.0099999999999909,0.0741400486360547,0.0713667529285025,1.038859771444703,50.95297803186257,100.01233333333332,100.02903846153846,100.0034181862653,99.96221544767434,0.0412027385909681,0.0591653791253558,0.0580417056069568,11.666666666666666
99.991,99.991,99.991,99.991,99.995,-0.004,0.0,8,79093.0,-0.0090000000000003,-0.0379999999999967,0.0300000000000011,99.9982,100.0053,100.01025,99.99784895858816,100.00216993614733,99.9837251005418,0.0040000000000048,0.0454285714285711,0.0,0.0040000000000048,0.0688443308763365,0.0665548420050383,1.0344000346529978,50.845458957605295,100.00658333333332,100.00665384615384,100.00150769607065,99.9643476367355,0.037160059335136,0.0548850954490707,0.0538653763525927,-0.7894736842105263
100.4,100.4,100.001,100.001,99.991,0.01,0.01,25,250601.0,0.0,0.0150000000000005,0.0080000000000097,99.9982,100.0068,100.01065,99.99889930572544,100.00195722048416,99.98537032906162,0.409000000000006,0.0669285714285712,0.0100000000000051,0.0,0.0646411643851699,0.0618009247189642,1.0459578829786378,51.12313853967828,100.00691666666664,100.0066923076923,100.00142958898284,99.96706262660696,0.0343669623758984,0.0502236312088134,0.0499656935572538,2.125
99.983,99.995,99.983,99.992,100.001,-0.009,-0.01,18,179972.0,-0.0069999999999907,-0.0859999999999985,0.0040000000000048,99.9968,99.9982,100.01085,99.9965995371503,100.00014681675977,99.98600172629384,0.0180000000000006,0.0594999999999998,0.0,0.0090000000000003,0.0600239383576578,0.058029430096181,1.034370633283335,50.844748560587085,100.00383333333332,100.00646153846152,99.99997888298547,99.96890983945087,0.0310690435346145,0.0459548199653328,0.046186363552726,-0.28
99.994,99.996,99.994,99.996,99.992,0.004,0.0,1,10999.0,-0.0090000000000003,-0.0010000000000047,-0.0400000000000062,99.995,99.9981,100.00885,99.99639969143354,99.99939285007616,99.98695394283727,0.0039999999999906,0.0540714285714279,0.0039999999999906,0.0,0.0560222284749673,0.0538844708035967,1.0396729825771605,50.972532923562895,100.00466666666668,100.00630769230769,99.99936674714156,99.97091651801006,0.0284502291315078,0.0420422902577147,0.0426391366684823,-0.9444444444444444
100.119,100.119,99.978,99.993,99.996,-0.003,0.0,15,149998.0,-0.0020000000000095,-0.0080000000000097,0.0099999999999909,99.9946,99.9973,100.00935,99.99526646095568,99.99823051369869,99.98752975780516,0.1410000000000053,0.0618571428571428,0.0,0.0030000000000001,0.0520206407267553,0.0502498657461969,1.035239397245403,50.86573101162197,99.99758333333334,100.00630769230769,99.99838724758132,99.9725523314908,0.0258349160905311,0.0384357586098407,0.0392782925528921,14.0
100.001,100.005,100.001,100.005,99.993,0.012,0.01,53,530106.0,0.0139999999999957,0.0049999999999954,0.0159999999999911,99.9974,99.9978,100.01015,99.99851097397048,99.99946132938982,99.98919359039516,0.0120000000000004,0.0596428571428577,0.0120000000000004,0.0,0.0491620235319871,0.0466605896214686,1.0536091363356377,51.30524196126473,99.99825,100.00588461538464,99.99940459410726,99.97495586249148,0.0244487316157915,0.0352075683159366,0.036312380365472,2.533333333333333
99.989,100.079,99.989,100.079,100.005,0.074,0.07,6,60102.0,0.0779999999999887,0.0779999999999887,-0.0010000000000047,100.013,100.0056,100.0101,100.02534064931363,100.0139229058644,99.99774658178607,0.0899999999999892,0.0590714285714284,0.073999999999998,0.0,0.0509361647082736,0.0433276903627922,1.1756030446528294,54.03573264627534,100.00475,100.01042307692308,100.01165004116768,99.98266283564026,0.0289872055274287,0.0329862186999858,0.0348473453978633,-0.8867924528301887
99.995,99.995,99.995,99.995,100.079,-0.084,-0.08,1,10000.0,0.0030000000000001,-0.0039999999999906,-0.0019999999999953,100.0136,100.0052,100.01,100.01522709954244,100.0104823775254,99.99748500256835,0.0839999999999889,0.0584999999999991,0.0,0.0839999999999889,0.0472978672291112,0.0462328553368777,1.0230358234306154,50.56933800093445,100.00433333333336,100.0105,100.00908849637266,99.98357669966693,0.0255117967057429,0.0307812981008465,0.0329802356594392,-0.8333333333333334
100.002,100.003,100.002,100.003,99.995,0.008,0.01,2,20001.0,0.007000000000005,-0.0019999999999953,-0.0570000000000021,100.015,100.005,100.00715,100.01115139969497,100.00912194524804,99.998010240419,0.0079999999999955,0.0587857142857127,0.0079999999999955,0.0,0.0444908767127458,0.0429305085271007,1.036346370895189,50.89244078057337,100.0045,100.01107692307691,100.008151804623,99.98501546265454,0.0231363419684669,0.0287739206983464,0.0310114569212448,1.0
100.0,100.0,100.0,100.0,100.003,-0.003,0.0,1,10000.0,0.007000000000005,0.0049999999999954,0.0030000000000001,100.0164,100.0055,100.0073,100.00743426646332,100.0074634097484,99.99819974133148,0.0030000000000001,0.0583571428571413,0.0,0.0030000000000001,0.0413129569475497,0.0400783293465936,1.0308053659193024,50.758451953010216,100.00458333333334,100.0096923076923,100.00689768083484,99.98612542838384,0.0207722524510245,0.0269530532667785,0.0289636160272007,-0.5
100.001,100.089,100.001,100.08,100.0,0.08,0.08,49,493674.0,0.0750000000000028,0.0889999999999986,0.0510000000000019,100.0314,100.0144,100.00985,100.03162284430888,100.02065188070324,100.00599024215704,0.0889999999999986,0.0645714285714273,0.0799999999999983,0.0,0.0440763171655817,0.0372155915361226,1.1843508418454107,54.21980842806519,100.01083333333332,100.01342307692308,100.01814419147564,99.9930791003554,0.0250650911202541,0.0259195120161513,0.0281839110458114,48.0
99.986,99.986,99.986,99.986,100.08,-0.094,-0.09,2,19997.0,-0.0929999999999893,-0.0150000000000005,0.0,100.0128,100.0129,100.00985,100.01641522953926,100.0143515387572,100.00408640957068,0.093999999999994,0.0702857142857118,0.0,0.093999999999994,0.0409280087966116,0.0412716207121134,0.9916743779485028,49.79098937698659,100.01008333333334,100.01330769230768,100.01319893124862,99.99255472255128,0.0206442086973339,0.0247611970342313,0.0266759705761159,-0.9591836734693876
99.995,99.995,99.995,99.995,99.986,0.009,0.01,2,19999.0,0.0,0.0030000000000001,-0.0829999999999984,100.0128,100.0132,100.0057,100.00927681969284,100.01083307716496,100.00322103723062,0.0090000000000003,0.0704999999999975,0.0090000000000003,0.0,0.0386474367397108,0.0383236478041053,1.0084488026103509,50.21033154042488,100.01041666666669,100.01003846153846,100.01039909567191,99.99273585421416,0.0176632414577539,0.0235626428482586,0.0248734247524435,0.0
100.099,100.1,100.099,100.1,99.995,0.105,0.11,7,70070.0,0.0969999999999942,0.1039999999999992,0.1029999999999944,100.0322,100.0236,100.01085,100.03951787979524,100.02704524495316,100.01243808130388,0.1049999999999897,0.0764285714285689,0.1049999999999897,0.0,0.0433869055440164,0.0355862443895263,1.219204394515594,54.938805885959,100.01866666666668,100.014,100.02418385018392,100.0006813464946,0.023502503689329,0.0233034859147917,0.0245992405398206,2.5
99.905,99.996,99.905,99.996,100.1,-0.104,-0.1,7,69968.0,-0.0040000000000048,0.0030000000000001,-0.0050000000000096,100.0314,100.0239,100.0106,100.02501191986347,100.02140065496168,100.01087254975111,0.1949999999999931,0.0900714285714252,0.0,0.1039999999999992,0.040287840862301,0.0404729412188458,0.995426565231719,49.88540207773194,100.019,100.01153846153844,100.01984787323256,100.0003345800876,0.0195132931449535,0.0227551038624764,0.0235820510608472,0.0
99.961,99.961,99.961,99.961,99.996,-0.035,-0.04,1,9996.0,-0.1189999999999997,-0.0439999999999969,-0.0390000000000014,100.0076,100.0195,100.00865,100.00367461324234,100.0104187176959,100.00612278310815,0.0349999999999965,0.0633571428571388,0.0,0.0349999999999965,0.0374101379435652,0.0400820168460709,0.9333397091077862,48.27603264500844,100.01608333333331,100.01015384615386,100.0107943542737,99.99742090748852,0.0133734467851809,0.0210202417800044,0.0215403302057139,-0.8571428571428572
100.078,100.08,100.075,100.075,99.961,0.114,0.11,22,220172.0,0.0889999999999986,-0.0039999999999906,0.073999999999998,100.0254,100.0191,100.01235,100.02744974216156,100.02216076902393,100.01268251805024,0.1189999999999997,0.0705714285714244,0.1140000000000043,0.0,0.042880842376168,0.0372190156427801,1.1521218827421127,53.53423019304761,100.02291666666667,100.01192307692308,100.0206721459239,100.00316750693382,0.0175046389900757,0.0201305575893747,0.0207331919625863,21.0
99.991,99.993,99.991,99.993,100.075,-0.082,-0.08,11,109991.0,-0.0020000000000095,-0.0020000000000095,-0.0060000000000002,100.025,100.0189,100.01205,100.01596649477436,100.01685881101956,100.01080799252166,0.0840000000000031,0.076285714285711,0.0,0.0820000000000078,0.0398179250635846,0.0404176573825821,0.9851616259368858,49.6262678597741,100.02191666666666,100.0121923076923,100.01641489270484,100.00241435827203,0.0140005344327818,0.0191154678631875,0.0193866604566254,-0.5
99.987,99.987,99.987,99.987,99.993,-0.006,-0.01,5,49994.0,-0.1129999999999995,-0.0160000000000053,-0.0180000000000006,100.0024,100.0173,100.01115,100.00631099651623,100.01142993628872,100.00854056466244,0.0060000000000002,0.0666428571428535,0.0,0.0060000000000002,0.0369737875590428,0.0379592532838262,0.9740388537831608,49.34243578420237,100.01425,100.00869230769231,100.0118895245964,100.0012725539556,0.0106169706407968,0.0179871032176066,0.0176327224934597,-0.5454545454545454
99.982,99.982,99.982,99.982,99.987,-0.005,-0.01,0,100.0,-0.0139999999999957,-0.0180000000000006,-0.0130000000000052,99.9996,100.0155,100.0105,99.99820733101085,100.00607903878168,100.00601289183746,0.0049999999999954,0.0661428571428532,0.0,0.0049999999999954,0.0343328027333969,0.0356050209064098,0.9642685739082418,49.090464853778506,100.01316666666666,100.00811538461538,100.00729113619695,99.99984495736628,0.0074461788306621,0.0160294462965408,0.0155954137609001,-1.0
100.025,100.025,100.017,100.017,99.982,0.035,0.04,5,50010.0,0.0559999999999973,-0.0630000000000023,0.0259999999999962,100.0108,100.0092,100.0118,100.00447155400722,100.0080646680941,100.00705928309102,0.0430000000000063,0.0627857142857115,0.0349999999999965,0.0,0.0343804596810111,0.0330618051273805,1.0398845298540154,50.97761734231274,100.01433333333334,100.00873076923077,100.00878480755128,100.00111570126508,0.0076691062861868,0.0145877682508578,0.0140101522659575,inf
99.982,99.982,99.982,99.982,100.017,-0.035,-0.03,2,19996.0,-0.0930000000000035,-0.0040000000000048,-0.0190000000000054,99.9922,100.0088,100.01085,99.99698103600484,100.00332563753152,100.0046726847014,0.0349999999999965,0.0592857142857121,0.0,0.0349999999999965,0.0319247125609389,0.0332002476182816,0.9615805559040363,49.02070185238309,100.01283333333332,100.00803846153846,100.004664067928,99.9996997233936,0.0049643445344003,0.0131767797038185,0.012200990719646,-0.6
100.001,100.001,100.001,100.001,99.982,0.019,0.02,2,20000.0,0.0080000000000097,0.0060000000000002,0.0090000000000003,99.9938,100.0094,100.0113,99.99832069066989,100.00290279434398,100.00432290520602,0.0190000000000054,0.0600714285714271,0.0190000000000054,0.0,0.0310015188065865,0.0308288013598329,1.005602470389219,50.139670509782825,100.00625,100.00803846153846,100.00410036516983,99.99979604017923,0.0043043249905991,0.011043648737293,0.0106216575738367,0.0
99.988,99.988,99.988,99.988,100.001,-0.013,-0.01,6,59993.0,0.0010000000000047,-0.1119999999999947,-0.0079999999999955,99.994,99.9982,100.0109,99.9948804604466,100.00019319537236,100.00276834280544,0.0130000000000052,0.0607857142857132,0.0,0.0130000000000052,0.0287871246061161,0.0295553155484167,0.974008366074042,49.34165339993845,100.00641666666668,100.00761538461538,100.00162338591296,99.99892225942524,0.0027011264877074,0.0091756302198212,0.0090375513566108,2.0
100.075,100.075,100.075,100.075,99.988,0.087,0.09,4,40030.0,0.0930000000000035,0.0790000000000077,0.0820000000000078,100.0126,100.0061,100.015,100.02158697363107,100.01379443257736,100.00964754825256,0.0870000000000033,0.0606428571428563,0.0870000000000033,0.0,0.0329451871342509,0.0274442215806726,1.2004416681088244,54.554578087977546,100.01308333333334,100.01030769230768,100.0129120957725,100.00455764761595,0.0083544481565382,0.0086179637055276,0.0089009307165963,-0.3333333333333333
99.975,99.975,99.975,99.975,100.075,-0.1,-0.1,4,39990.0,-0.0420000000000015,0.0139999999999957,-0.0300000000000011,100.0042,100.0075,100.0135,100.00605798242074,100.00674089938146,100.00634778175232,0.1000000000000085,0.0610714285714288,0.0,0.1000000000000085,0.0305919594818044,0.0326267771820538,0.9376335060954584,48.39065298704974,100.00266666666666,100.00953846153848,100.00707946565366,100.002368192237,0.0047112734166603,0.0071964786418148,0.0080629992566091,0.0
99.977,99.977,99.976,99.976,99.975,0.001,0.0,0,3999.0,-0.0060000000000002,-0.0990000000000037,-0.1029999999999944,100.003,99.9976,100.00835,99.99603865494716,100.00115164494846,100.00345751682352,0.0020000000000095,0.0605714285714295,0.0010000000000047,0.0,0.0284782480902472,0.0302962930976213,0.9399911731274864,48.45337371366044,100.001,100.00896153846156,100.00229800939924,100.00041499281204,0.0018830165872145,0.0058500877700851,0.0068270027227302,-1.0
100.08,100.08,99.996,99.996,99.976,0.02,0.02,16,160069.0,-0.0050000000000096,0.0030000000000001,0.0009999999999905,100.002,99.9979,100.0084,99.9960257699648,100.00021498223056,100.00274727712603,0.1039999999999992,0.0605000000000016,0.019999999999996,0.0,0.0278726589409436,0.028132272162077,0.9907716938170624,49.76822289035959,100.00391666666668,100.00876923076925,100.00132908487628,100.00008795630744,0.00124112856885,0.0048083275398688,0.0057098278919541,inf
99.998,99.998,99.998,99.998,99.996,0.002,0.0,1,10000.0,0.0100000000000051,0.0110000000000098,-0.0049999999999954,100.004,99.999,100.00815,99.9966838466432,99.99981225818864,100.002295155495,0.0020000000000095,0.0467142857142885,0.0020000000000095,0.0,0.026024611873734,0.0261228241505,0.9962403652759672,49.90583211347114,99.9975,100.009,100.00081691797226,99.99993329287726,0.0008836250949997,0.0040791549025729,0.0047445873325633,-0.9375
99.992,100.0,99.992,100.0,99.998,0.002,0.0,16,159994.0,-0.0750000000000028,0.0180000000000006,0.0,99.989,100.0008,100.00815,99.99778923109548,99.99984639306342,100.00207656925738,0.0079999999999955,0.0447857142857169,0.0019999999999953,0.0,0.024308568168467,0.02425690813975,1.0021297037701302,50.05318595908447,99.99808333333334,100.00915384615384,100.00069123828422,99.9999382341456,0.0007530041386161,0.0033106991083984,0.0039462706937738,15.0
100.003,100.01,100.003,100.01,100.0,0.01,0.01,7,70304.0,0.0350000000000108,-0.0069999999999907,-0.0699999999999931,99.996,100.0001,100.00465,100.00185948739698,100.00169250341553,100.00283118170906,0.0100000000000051,0.037000000000003,0.0100000000000051,0.0,0.0232865275850054,0.0225242718440536,1.033841526431099,50.83196074992339,100.0,100.0098076923077,100.00212335547126,100.0006835501348,0.0014398053364459,0.002919083641959,0.0034449776223082,-0.5625
99.998,99.998,99.998,99.998,100.01,-0.012,-0.01,6,59999.0,0.0220000000000055,0.0160000000000053,0.0120000000000004,100.0004,100.0017,100.00525,100.000572991598,100.00102113915815,100.00237106916532,0.0120000000000004,0.0318571428571457,0.0,0.0120000000000004,0.0216232041860764,0.0217725381409069,0.993141178402626,49.82793939356391,100.00133333333332,100.00953846153848,100.00148899309109,100.00048476864336,0.0010042244477261,0.002552405803862,0.0029568269873918,-0.1428571428571429
99.999,99.999,99.999,99.999,99.998,0.001,0.0,1,10000.0,0.0030000000000001,-0.0020000000000095,0.0039999999999906,100.001,100.0015,100.00545,100.00004866106536,100.0006536593112,100.00205001495912,0.0009999999999905,0.0315000000000022,0.0009999999999905,0.0,0.0201501181727846,0.0202173568451279,0.9966742105380858,49.91671677221148,99.99983333333334,100.00646153846152,100.00110607107706,100.00037478578086,0.0007312852961973,0.0023335345603609,0.0025117186491529,-0.8333333333333334
100.049,100.049,100.049,100.049,99.999,0.05,0.05,2,20010.0,0.0510000000000019,0.061000000000007,-0.0509999999999877,100.0112,100.0076,100.0029,100.01636577404358,100.0094439030728,100.00652144210584,0.0500000000000113,0.034714285714289,0.0500000000000113,0.0,0.0222822525890151,0.0187732599276187,1.186914402449304,54.273473215045904,100.00541666666668,100.00853846153844,100.00847436783444,100.0039766535008,0.0044977143336382,0.0019050085800387,0.00290891778605,1.0
99.905,100.0,99.905,100.0,100.049,-0.049,-0.05,2,20081.0,0.0,-0.0750000000000028,0.0040000000000048,100.0112,100.0001,100.0031,100.01091051602906,100.00772682978683,100.00590035238147,0.1440000000000054,0.0419285714285747,0.0,0.0490000000000065,0.0206906631183711,0.0209323127899321,0.9884556630704828,49.709716008661445,100.00533333333334,100.00842307692308,100.00717061893684,100.0036820865748,0.0034885323620272,0.0017691484628572,0.0030248407012454,0.0
100.008,100.014,100.008,100.014,100.0,0.014,0.01,11,110015.0,0.0039999999999906,0.0390000000000014,0.0529999999999972,100.012,100.004,100.00575,100.01194034401938,100.00886740618924,100.00667174739276,0.0139999999999957,0.0404285714285746,0.0139999999999957,0.0,0.0202127586099157,0.0194371475906513,1.0399035411778996,50.97807421704994,100.0075,100.00896153846156,100.00822129294656,100.00444637645816,0.0037749164883962,0.0019793595629885,0.0031748558586756,4.5
99.99,100.014,99.99,100.002,100.014,-0.012,-0.01,2,20000.0,0.0039999999999906,0.0259999999999962,-0.0730000000000075,100.0128,100.0066,100.0021,100.00862689601291,100.00761878688208,100.00622681906964,0.0240000000000009,0.0407857142857171,0.0,0.0120000000000004,0.0187689901377789,0.0189059227627476,0.992757157284142,49.81827081414855,100.00141666666666,100.00596153846152,100.00726417095476,100.0042651633872,0.0029990075675812,0.0021746794517364,0.0031396862004567,-0.8181818181818181
99.991,99.991,99.991,99.991,100.002,-0.011,-0.01,12,119989.0,-0.0079999999999955,-0.0049999999999954,-0.0019999999999953,100.0112,100.0061,100.002,100.0027512640086,100.00459718926716,100.0047766458249,0.0109999999999956,0.0406428571428593,0.0,0.0109999999999956,0.0174283479850804,0.0183412139939796,0.9502287030073978,48.72396255588252,100.00275,100.00615384615384,100.00476199080788,100.00328255869184,0.001479432116028,0.0022408802318507,0.002807635383571,5.0
100.299,100.299,100.003,100.003,99.991,0.012,0.01,7,68382.0,-0.0460000000000064,0.0049999999999954,0.0160000000000053,100.002,100.0066,100.0028,100.00283417600576,100.00430679121855,100.00460744146064,0.3080000000000069,0.0564285714285739,0.0120000000000004,0.0,0.017040608843289,0.017031127280124,1.0005567196468608,50.01391411804008,100.005,100.00646153846154,100.00449091529896,100.00326162841836,0.0012292868806014,0.0022938005365157,0.002491965682977,-0.4166666666666666
99.993,100.0,99.993,100.0,100.003,-0.003,0.0,7,69997.0,0.0,0.0,0.0180000000000006,100.002,100.0066,100.0037,100.0018894506705,100.00352373826972,100.004168637512,0.0100000000000051,0.0500000000000022,0.0,0.0030000000000001,0.0158234224973398,0.0160289039029722,0.9871805703698568,49.6774467851264,100.00533333333334,100.0026153846154,100.00380000525298,100.00302002631332,0.0007799789396756,0.0022204864924301,0.0021495683343167,0.0
99.982,99.998,99.982,99.998,100.0,-0.002,0.0,8,77489.0,-0.0159999999999911,-0.0120000000000004,-0.0189999999999912,99.9988,100.0054,100.00275,100.00059296711368,100.00251942222069,100.00358114822514,0.0180000000000006,0.0511428571428587,0.0,0.0019999999999953,0.0146931780332441,0.0150268393384739,0.9777956430015502,49.43865896668798,100.00533333333333,100.00269230769231,100.00290769675252,100.00264817251232,0.0002595242401923,0.0021377420249264,0.0017715595154919,0.1428571428571428
100.0,100.0,100.0,100.0,99.998,0.002,0.0,1,10300.0,-0.0019999999999953,0.0019999999999953,0.0180000000000006,99.9984,100.0056,100.00365,100.00039531140912,100.00206134545328,100.0032400864894,0.0019999999999953,0.0438571428571441,0.0019999999999953,0.0,0.0137865224594406,0.01395349367144,0.988033734351332,49.69904269123048,100.00533333333333,100.0041923076923,100.0024603587906,100.00245201158548,8.347205110226241e-06,0.0020574155703611,0.0014189170534155,-0.875
100.0,100.0,99.997,99.997,100.0,-0.003,0.0,7,65598.0,0.0060000000000002,-0.0019999999999953,-0.0040000000000048,99.9996,100.0054,100.00345,99.9992635409394,100.0011411008254,100.00264579253805,0.0030000000000001,0.043928571428572,0.0,0.0030000000000001,0.0128017708551948,0.0131711012663372,0.9719590333660028,49.28900737389728,100.00425,100.0011923076923,100.00162030359203,100.00204815887544,-0.0004278552834051,0.0015101300573563,0.0010495625860514,6.0
100.0,100.0,100.0,100.0,99.997,0.003,0.0,6,55600.0,-0.0030000000000001,-0.0490000000000065,0.0120000000000004,99.999,100.0005,100.00405,99.99950902729294,100.00093362794806,100.0023938122963,0.0030000000000001,0.0435714285714295,0.0030000000000001,0.0,0.0121016443655381,0.0122303083187417,0.9894799092671728,49.73560701257089,100.00441666666666,100.00146153846154,100.00137102611632,100.00189644340318,-0.0005254172868518,0.0010641356519253,0.0007345666114707,-0.1428571428571429
99.998,99.998,99.998,99.998,100.0,-0.002,0.0,1,10000.0,-0.0019999999999953,-0.0019999999999953,-0.0769999999999981,99.9986,100.0003,100.0002,99.9990060181953,100.0004002410484,100.00197535398236,0.0019999999999953,0.0430000000000002,0.0,0.0019999999999953,0.011237241196571,0.0114995720102598,0.9771877759055132,49.4231143755671,100.00433333333332,100.0018846153846,100.00085240671382,100.00160781796592,-0.0007554112521006,0.0005607659029812,0.0004365710387564,-0.8333333333333334
100.199,100.199,100.002,100.004,99.998,0.006,0.01,30,302268.0,0.0060000000000002,-0.0099999999999909,0.0290000000000105,99.9998,99.9993,100.00165,100.00067067879688,100.00105474267596,100.0021681774126,0.2009999999999934,0.0564999999999997,0.0060000000000002,0.0,0.0108631525396731,0.0106781740095269,1.0173230488640803,50.42935733257583,100.00058333333332,100.00273076923077,100.00133665183478,100.00178501663513,-0.0004483648003343,0.0001777245287684,0.0002595838709383,29.0
99.993,100.049,99.993,100.025,100.004,0.021,0.02,3,30004.0,0.0250000000000056,0.0230000000000103,0.0490000000000065,100.0048,100.0016,100.0041,100.00878045253128,100.00540842582578,100.00434263670664,0.0560000000000115,0.0604285714285727,0.0210000000000007,0.0,0.0115872130725537,0.0099154472945607,1.168602154630988,53.88734637819443,100.00266666666666,100.00303846153848,100.00497716693712,100.0035046450325,0.0014725219046169,0.0001769567275005,0.000502171477674,-0.9
99.997,100.019,99.997,100.019,100.025,-0.006,-0.01,2,20002.0,0.0220000000000055,0.0280000000000057,0.0230000000000103,100.0092,100.0044,100.00525,100.0121869683542,100.0078796211302,100.00573857606793,0.0280000000000057,0.0588571428571437,0.0,0.0060000000000002,0.0107595549959427,0.0096357724878064,1.1166260940218729,52.75499991120934,100.00308333333334,100.00446153846156,100.00713452586989,100.00465244910416,0.0024820767657161,0.0003161556036243,0.0008981525352824,-0.3333333333333333
99.998,100.0,99.997,100.0,100.019,-0.019,-0.02,14,142996.0,0.0,-0.0030000000000001,0.0019999999999953,100.0092,100.0041,100.00535,100.00812464556948,100.00644696274288,100.00519204501384,0.0220000000000055,0.050142857142858,0.0,0.0190000000000054,0.0099910153533754,0.0103046458815349,0.9695641624404048,49.22734587326459,100.00291666666668,100.00442307692308,100.00603690650529,100.0043078232446,0.0017290832606846,0.000421611639292,0.0010643386803628,6.0
100.088,100.088,100.018,100.018,100.0,0.018,0.02,3,30013.0,0.019999999999996,0.0180000000000006,0.0180000000000006,100.0132,100.0059,100.00625,100.01141643037964,100.00854751497144,100.0064118502506,0.0879999999999938,0.0554285714285721,0.0180000000000006,0.0,0.0105630856852772,0.0095685997471395,1.103932232972217,52.469952010417,100.00516666666668,100.00557692307692,100.00787738242757,100.0053220585598,0.0025553238677389,0.0006767004867972,0.0013625357178381,-0.7857142857142857
99.906,100.198,99.906,100.0,100.018,-0.018,-0.02,5,50030.0,-0.0040000000000048,0.0019999999999953,-0.0100000000000051,100.0124,100.0061,100.00575,100.00761095358644,100.00699342134028,100.00580119784576,0.2919999999999874,0.0745714285714283,0.0,0.0180000000000006,0.0098085795649002,0.0101708426223439,0.964382198123108,49.09340957398913,100.00491666666666,100.0026923076923,100.0066654774387,100.00492783199982,0.0017376454388795,0.0008688447349937,0.0014375576620463,0.6666666666666667
100.0,100.0,100.0,100.0,100.0,0.0,0.0,2,20000.0,-0.0250000000000056,0.0,0.0019999999999953,100.0074,100.0061,100.00585,100.00507396905763,100.00572189018747,100.00524870281284,0.0,0.0737857142857143,0.0,-0.0,0.0091079667388359,0.0094443538636051,0.964382198123108,49.09340957398913,100.00491666666666,100.00365384615384,100.0056400193712,100.00456280740724,0.0010772119639739,0.001036074429147,0.0013654885224319,-0.6
100.001,100.001,100.001,100.001,100.0,0.001,0.0,2,20000.0,-0.0180000000000006,0.0040000000000048,0.0020000000000095,100.0038,100.0065,100.00595,100.00371597937178,100.00486336469883,100.00484406444971,0.0010000000000047,0.0518571428571427,0.0010000000000047,0.0,0.0085288262574908,0.0087697571590618,0.9725270726200153,49.3036108918015,100.00516666666668,100.00461538461538,100.00492617023718,100.00429889574744,0.0006272744897444,0.0011641512932132,0.0012178457158944,0.0
100.0,100.0,100.0,100.0,100.001,-0.001,0.0,1,10000.0,0.0,0.0,-0.0490000000000065,100.0038,100.0065,100.0035,100.0024773195812,100.00397911657178,100.00438272497831,0.0010000000000047,0.0512142857142856,0.0,0.0010000000000047,0.0079196243819558,0.0082147745048435,0.9640708186556204,49.08533895511536,100.00516666666664,100.00476923076924,100.004168297893,100.0039804590254,0.0001878388676033,0.0012689568620692,0.0010118443462361,-0.5
100.004,100.014,100.004,100.014,100.0,0.014,0.01,7,70004.0,-0.0040000000000048,0.0159999999999911,0.0139999999999957,100.003,100.0081,100.0042,100.00631821305412,100.00580109537692,100.00529865593276,0.0139999999999957,0.0509285714285709,0.0139999999999957,0.0,0.0083539369261015,0.0076280048973546,1.0951666967333191,52.27110083607425,100.00658333333335,100.00538461538464,100.00568086744792,100.00472264724574,0.0009582202021789,0.0014252440845707,0.0010011195174247,6.0
99.999,100.003,99.998,100.001,100.014,-0.013,-0.01,7,72000.0,0.0010000000000047,-0.0030000000000001,-0.012999999999991,100.0032,100.0078,100.00355,100.00454547536944,100.00492816894474,100.00488926012964,0.0159999999999911,0.0519285714285706,0.0,0.012999999999991,0.0077572271456657,0.0080117188332572,0.968235070040754,49.19306056368084,100.00666666666667,100.00542307692308,100.0049607339944,100.00444689559792,0.0005138383964862,0.0013187236947784,0.000903663293237,0.0
100.0,100.0,100.0,100.0,100.001,-0.001,0.0,0,2000.0,0.0,-0.0250000000000056,-0.0019999999999953,100.0032,100.0053,100.00345000000002,100.00303031691296,100.00403213822752,100.00442361630778,0.0010000000000047,0.0517857142857138,0.0,0.0010000000000047,0.0072031394924038,0.0075108817737392,0.9590271434691774,48.95425500694531,100.00683333333336,100.00503846153846,100.00419754414912,100.004117495924,8.004822511509246e-05,0.0010518316347116,0.0007389402796126,-1.0
100.006,100.008,100.006,100.008,100.0,0.008,0.01,3,30002.0,0.0069999999999907,-0.0110000000000098,0.0169999999999959,100.0046,100.0042,100.0043,100.004686877942,100.00475356764068,100.00476422427846,0.0079999999999955,0.0521428571428564,0.0079999999999955,0.0,0.0072600581000889,0.0069743902184721,1.0409595495331203,51.00343854297579,100.00716666666666,100.00542307692308,100.00478253735696,100.00440508881852,0.0003774485384298,0.0009016499989055,0.000666641931376,inf
100.008,100.008,100.008,100.008,100.008,0.0,0.0,1,10001.0,0.0079999999999955,0.0079999999999955,0.0049999999999954,100.0062,100.005,100.00455,100.00579125196134,100.00534382806964,100.00507239339478,0.0,0.0519999999999996,0.0,-0.0,0.0067414825215112,0.0064762194885812,1.0409595495331208,51.003438542975786,100.00575,100.00576923076925,100.00527753160972,100.00467137853566,0.0006061530740595,0.0006850754662745,0.0006545441599127,-0.6666666666666667
100.011,100.015,100.011,100.015,100.008,0.007,0.01,24,242536.0,0.0010000000000047,-0.0030000000000001,0.0150000000000005,100.0064,100.0047,100.0053,100.0088608346409,100.00709949569332,100.00601787973814,0.007000000000005,0.0381428571428575,0.007000000000005,0.0,0.0067599480556893,0.006013632382254,1.124103973438352,52.921325297402014,100.00541666666668,100.00446153846154,100.00677329597748,100.00543646160708,0.0013368343703774,0.0006405409031076,0.0007910022020057,23.0
100.006,100.006,100.006,100.006,100.015,-0.009,-0.01,0,100.0,0.0049999999999954,0.0060000000000002,0.0079999999999955,100.0074,100.0053,100.0057,100.00790722309397,100.00689958738543,100.00601617690592,0.0090000000000003,0.0347857142857139,0.0,0.0090000000000003,0.00627709462314,0.0062269443549502,1.0080537524235305,50.20053627582953,100.00591666666666,100.00469230769232,100.00665432736557,100.00547820519176,0.0011761221738026,0.0006515309264219,0.0008680261963651,-1.0
100.007,100.007,100.007,100.007,100.006,0.001,0.0,1,10001.0,0.007000000000005,0.007000000000005,0.007000000000005,100.0088,100.006,100.00605,100.00760481539598,100.00691784422445,100.00610987434348,0.0010000000000047,0.0328571428571424,0.0010000000000047,0.0,0.0059001592929161,0.0057821626153109,1.020407014720197,50.5050223685504,100.005,100.00442307692308,100.00670750777086,100.0055909307331,0.0011165770377488,0.0007058978762002,0.0009177363646418,inf
100.003,100.003,100.003,100.003,100.007,-0.004,0.0,2,20001.0,-0.0049999999999954,0.0019999999999953,0.0060000000000002,100.0078,100.0062,100.00635,100.00606987693068,100.0062055089109,100.00581369583458,0.0040000000000048,0.031571428571428,0.0,0.0040000000000048,0.0054787193434221,0.0056548652856462,0.9688505502206772,49.20894326448924,100.00525,100.00446153846154,100.00613712195997,100.00539900993806,0.0007381120218923,0.0007670393377878,0.0008818114960919,1.0
99.999,100.0,99.999,100.0,100.003,-0.003,0.0,4,40000.0,-0.0079999999999955,0.0,0.0,100.0062,100.0062,100.00635,100.00404658462044,100.00507723456346,100.005260010517,0.0040000000000048,0.0255714285714288,0.0,0.0030000000000001,0.0050873822474634,0.0054652320509572,0.9308629899022106,48.2096862786393,100.00525,100.0048076923077,100.00519294935071,100.00499908327598,0.0001938660747526,0.0006821111014071,0.000744222411824,1.0
100.386,100.386,100.017,100.017,100.0,0.017,0.02,5,50045.0,0.0019999999999953,0.0030000000000001,0.0189999999999912,100.0066,100.0065,100.0073,100.00836438974696,100.00724501009736,100.00637810475348,0.3859999999999957,0.0322857142857151,0.0169999999999959,0.0,0.0059382835155014,0.0050748583330316,1.170137790221615,53.91997667125646,100.00658333333332,100.00534615384616,100.00700941868138,100.00588804007036,0.0011213786110317,0.00074961556969,0.0008196536516656,0.25
100.019,100.019,100.019,100.019,100.017,0.002,0.0,1,10002.0,0.0130000000000052,0.0180000000000006,0.0150000000000005,100.0092,100.0083,100.00805,100.01190959316466,100.00938228098876,100.00758019001503,0.0020000000000095,0.0324285714285729,0.0020000000000095,0.0,0.0056569775501091,0.0047123684521008,1.2004531495382529,54.55481521113768,100.00816666666668,100.00607692307692,100.00885412349965,100.00685929636144,0.0019948271381906,0.0009623687822539,0.0010546883489706,-0.8
100.022,100.022,100.02,100.02,100.019,0.001,0.0,2,20004.0,0.012999999999991,0.019999999999996,-0.0050000000000096,100.0118,100.0103,100.0078,100.01460639544312,100.01131277535444,100.00876302906124,0.0030000000000001,0.0325714285714298,0.0009999999999905,0.0,0.0053243362965292,0.0043757707055222,1.216776804554672,54.889459419398335,100.00866666666666,100.00692307692309,100.01056887373043,100.00783268181614,0.0027361919143089,0.0012244513795738,0.0013909890620383,1.0
100.037,100.1,100.035,100.045,100.02,0.025,0.02,133,1325775.0,0.0420000000000015,0.0370000000000061,0.0259999999999962,100.0202,100.014,100.0091,100.02473759696208,100.01743772528998,100.01221416915064,0.0799999999999983,0.0382142857142864,0.0250000000000056,0.0,0.0067297408467775,0.0040632156551277,1.65625982423174,62.353080414894045,100.01233333333332,100.00865384615383,100.0158659700796,100.01058581649642,0.0052801535831861,0.0017437847694768,0.0021688219662678,65.5
99.999,100.0,99.994,100.0,100.045,-0.045,-0.04,9,87098.0,0.0,-0.0079999999999955,0.0,100.0202,100.0132,100.0091,100.01649173130808,100.0142672297827,100.0110509149458,0.0510000000000019,0.040857142857144,0.0,0.0450000000000017,0.0062490450720077,0.0069872716797616,0.8943469437588757,47.21135939250175,100.01233333333332,100.00876923076925,100.01342505160582,100.00980168194113,0.0036233696646945,0.0019978442466231,0.0024597315059532,-0.9323308270676692
99.994,99.999,99.994,99.994,100.0,-0.006,-0.01,14,137296.0,-0.0229999999999961,-0.0210000000000007,-0.0240000000000009,100.0156,100.0111,100.0079,100.00899448753871,100.01058227891312,100.00942701828431,0.0060000000000002,0.040142857142859,0.0,0.0060000000000002,0.0058026847097214,0.0069167522740643,0.8389319842319214,45.620609757479606,100.01116666666668,100.00853846153846,100.010436582128,100.00863118698253,0.0018053951454817,0.0020677634656986,0.0023288642338589,0.5555555555555556
100.008,100.008,99.998,99.998,99.994,0.004,0.0,5,50001.0,-0.0210000000000007,-0.0079999999999955,-0.0019999999999953,100.0114,100.0103,100.0078,100.00532965835916,100.008294591838,100.00833873082868,0.0139999999999957,0.0410714285714297,0.0040000000000048,0.0,0.0056739215161703,0.0064226985402026,0.8834170684883622,46.905015531020766,100.01033333333334,100.00853846153846,100.00852326180063,100.00784369165048,0.0006795701501403,0.0020192071448532,0.0019990054171151,-0.6428571428571428
99.998,99.998,99.977,99.998,99.998,0.0,0.0,5,50097.0,-0.0219999999999913,-0.0090000000000003,-0.0019999999999953,100.007,100.0094,100.0077,100.00288643890612,100.00642284786744,100.00735408979736,0.0210000000000007,0.0420000000000015,0.0,-0.0,0.0052686414078724,0.0059639343587595,0.8834170684883623,46.90501553102077,100.00891666666666,100.00830769230772,100.0069042984467,100.00711452930602,-0.0002102308593237,0.001913835713607,0.0015571581618274,0.0
100.006,100.023,100.0,100.0,99.998,0.002,0.0,2,20503.0,-0.0450000000000017,-0.0030000000000001,-0.0010000000000047,99.998,100.0091,100.00765,100.00192429260407,100.00525505734608,100.00665370029286,0.0249999999999914,0.0437857142857152,0.0019999999999953,0.0,0.0050351670215954,0.0055379390474196,0.909213152849994,47.62240148475609,100.00841666666668,100.00734615384614,100.00584209868568,100.0065875271352,-0.0007454284495338,0.0018094696553529,0.0010966408395551,-0.6
100.0,100.0,100.0,100.0,100.0,0.0,0.0,1,5500.0,0.0,0.0,0.0,99.998,100.0091,100.00765,100.00128286173606,100.00429959237408,100.00602001455069,0.0,0.0432857142857149,0.0,-0.0,0.0046755122343386,0.0051423719726039,0.9092131528499938,47.62240148475608,100.00783333333334,100.00661538461536,100.0049433142725,100.00609956216223,-0.0011562478897388,0.0015564000441562,0.0006460630936963,-0.5
99.999,99.999,99.998,99.999,100.0,-0.001,0.0,6,59999.0,0.0049999999999954,-0.0180000000000006,-0.0150000000000005,99.999,100.0073,100.0069,100.00052190782404,100.00333603012425,100.00535144173632,0.0019999999999953,0.0427857142857145,0.0,0.0010000000000047,0.004341547074743,0.0048464882602754,0.8958129766513288,47.25218086826524,100.0075,100.00657692307692,100.00402895823056,100.00557366866872,-0.0015447104381678,0.0011631180912274,0.0002079083873235,5.0
100.0,100.0,100.0,100.0,99.999,0.001,0.0,1,10500.0,0.0019999999999953,-0.0190000000000054,-0.0010000000000047,99.9994,100.0054,100.00685,100.00034793854935,100.00272947919257,100.00484178061856,0.0010000000000047,0.0427857142857145,0.0010000000000047,0.0,0.0041028651408331,0.0045003105273986,0.9116848972652606,47.69012396182348,100.0075,100.00588461538464,100.0034091185028,100.0051608043229,-0.0017516858201105,0.0006644650096253,-0.0001840104541632,-0.8333333333333334
99.995,99.996,99.993,99.996,100.0,-0.004,0.0,3,25999.0,-0.0020000000000095,-0.0240000000000009,-0.0040000000000048,99.999,100.003,100.00665,99.99889862569958,100.0015059375212,100.00399970627392,0.007000000000005,0.0430000000000002,0.0,0.0040000000000048,0.0038098033450593,0.0044645740611562,0.8533408322658089,46.04338378616273,100.00575,100.00573076923078,100.00226925411776,100.00448222622492,-0.0022129721071593,-0.0001681045115241,-0.0005898027847625,2.0
100.043,100.043,100.042,100.042,99.996,0.046,0.05,6,60026.0,0.0420000000000015,-0.0030000000000001,0.034000000000006,100.0074,100.0027,100.00835,100.0132657504664,100.0088684943355,100.0076187818669,0.0470000000000112,0.0460714285714293,0.0460000000000064,0.0,0.0068233888204127,0.0041456759139307,1.6459050253986407,62.205748490562826,100.00766666666668,100.00734615384616,100.00838167656116,100.00726132057862,0.0011203559825503,-0.0004462171428735,-0.0002477710312999,1.0
99.99,100.0,99.989,100.0,100.042,-0.042,-0.04,10,99995.0,0.0,0.0,-0.0079999999999955,100.0074,100.0027,100.00795,100.00884383364426,100.00725604081995,100.00689318359386,0.0529999999999972,0.0222857142857151,0.0,0.0420000000000015,0.0063360039046689,0.0068495562057929,0.9250240036442572,48.05259580623915,100.006,100.00730769230768,100.00709218785946,100.0067234449802,0.0003687428792602,-0.0006058451724536,-0.0001244682491878,0.6666666666666667
100.004,100.005,100.004,100.005,100.0,0.005,0.01,7,70103.0,0.0060000000000002,0.0109999999999956,-0.0100000000000051,100.0086,100.0038,100.00745,100.00756255576285,100.00684585157995,100.00671288039445,0.0049999999999954,0.0224999999999998,0.0049999999999954,0.0,0.0062405750543351,0.0063603021910934,0.9811758729127726,49.524925390405855,100.00266666666666,100.0075,100.00677031280416,100.00659578238908,0.0001745304150801,-0.0006619606985714,-6.466851633427785e-05,-0.3
99.905,99.905,99.905,99.905,100.005,-0.1,-0.1,1,9991.0,-0.0949999999999988,-0.0930000000000035,-0.100999999999999,99.9896,99.9945,100.0024,99.97337503717524,99.98832842401995,99.9970259394045,0.0999999999999943,0.0294285714285708,0.0,0.0999999999999943,0.0057948196933112,0.0130488520345863,0.4440865509051573,30.75207304069155,99.99475,100.00330769230769,99.99111334160352,99.99907016887876,-0.007956827275251,-0.0015226936336745,-0.0016431002681176,-0.8571428571428572
100.149,100.248,100.012,100.247,99.905,0.342,0.34,48,480799.0,0.2510000000000048,0.2489999999999952,0.2399999999999948,100.0398,100.0194,100.0144,100.06458335811683,100.03535961965268,100.02083299279454,0.3430000000000035,0.0482142857142855,0.3419999999999987,0.0,0.0298094754295031,0.012116791174973,2.4601790192665787,71.09976118484296,100.01583333333332,100.01276923076924,100.03048051981835,100.0174353415544,0.0130451782639511,9.596001157142888e-06,0.0012945554382961,47.0
100.093,100.4,100.093,100.4,100.247,0.153,0.15,6,60209.0,0.3580000000000041,0.4000000000000057,0.3970000000000055,100.1114,100.0594,100.03425,100.17638890541124,100.1016578706249,100.0569441363379,0.3070000000000021,0.0664999999999998,0.1530000000000058,0.0,0.0386087986131105,0.0112513060910464,3.4314948238617973,77.43425097519224,100.04933333333334,100.02815384615384,100.08732967061552,100.04577346440225,0.0415562062133005,0.0047554242348281,0.009346885593297,-0.875
100.1,100.1,100.008,100.015,100.4,-0.385,-0.38,26,264624.0,0.0150000000000005,0.0150000000000005,0.0150000000000005,100.1144,100.0609,100.035,100.1225926036075,100.08590189414764,100.05294945668668,0.3920000000000101,0.0940714285714291,0.0,0.3850000000000051,0.0358510272836026,0.0379476413702577,0.9447498181455248,48.57950412595588,100.05075,100.02842307692308,100.07620202898238,100.0434939485206,0.0327080804617878,0.0085612898903788,0.0140191245669951,3.333333333333333
99.991,100.009,99.988,100.0,100.015,-0.015,-0.01,21,205392.0,-0.0049999999999954,0.0010000000000047,-0.0169999999999959,100.1134,100.061,100.03415,100.081728402405,100.07028336793896,100.04790665128796,0.027000000000001,0.0950000000000008,0.0,0.0150000000000005,0.0332902396204881,0.0363085241295251,0.9168711871000406,47.8316536484196,100.05075,100.0281153846154,100.06447863990816,100.04027217455612,0.0242064653520657,0.0114455289095095,0.0160565927240092,-0.1923076923076923
100.008,100.088,100.008,100.088,100.0,0.088,0.09,24,240202.0,0.1829999999999927,0.0879999999999938,0.0689999999999884,100.15,100.0698,100.0376,100.08381893493667,100.07350457376825,100.051725065451,0.0879999999999938,0.0997857142857146,0.0879999999999938,0.0,0.0371980796475957,0.0337150581202733,1.103307593743343,52.45583656072581,100.05808333333331,100.03092307692307,100.06809731069151,100.04380756903343,0.0242897416580945,0.0143902748834266,0.0177032225108263,0.1428571428571428
100.004,100.004,100.004,100.004,100.088,-0.084,-0.08,17,171207.0,-0.242999999999995,0.0080000000000097,-0.0159999999999911,100.1014,100.0706,100.0368,100.05721262329114,100.06086737853764,100.04717982112234,0.0839999999999889,0.1040000000000002,0.0,0.0839999999999889,0.0345410739584817,0.0373068396831101,0.9258643790757608,48.07526371717261,100.0585,100.03084615384614,100.05823618596976,100.04085886021616,0.017377325753614,0.0161966048579892,0.0176380431593838,-0.2916666666666666
100.001,100.001,100.0,100.0,100.004,-0.004,0.0,5,51000.0,-0.4000000000000057,-0.0420000000000015,-0.0450000000000017,100.0214,100.0664,100.03455,100.03814174886077,100.04980058243989,100.04268650482496,0.0040000000000048,0.1042857142857148,0.0,0.0040000000000048,0.0320738543900187,0.0349277797057454,0.9182906746500902,47.87025693160881,100.0585,100.03057692307692,100.04927677274364,100.03783227797793,0.0114444947657261,0.0174272439564854,0.0163993334806523,-0.7058823529411764
100.0,100.0,99.993,99.997,100.0,-0.003,0.0,47,474177.0,-0.0180000000000006,-0.0030000000000001,-0.0030000000000001,100.0178,100.0661,100.0344,100.02442783257383,100.04020047654171,100.03833540912736,0.007000000000005,0.1046428571428584,0.0,0.0030000000000001,0.0297828647907316,0.0326472240124779,0.912263314618986,47.70594654223925,100.05858333333336,100.03034615384615,100.04123419232154,100.03480766479436,0.0064265275271822,0.0181219103022745,0.0144047722899583,8.4
99.995,99.996,99.992,99.996,99.997,-0.001,0.0,28,282984.0,-0.0040000000000048,-0.0090000000000003,0.0019999999999953,100.017,100.0652,100.0345,100.01495188838256,100.0321640262614,100.03430346540094,0.0049999999999954,0.104928571428572,0.0,0.0010000000000047,0.0276555173056794,0.030386708011587,0.9101189011700072,47.64723811761305,100.05475,100.03019230769232,100.03427508581052,100.03193302295772,0.0023420628528043,0.019266231427614,0.0119922304025275,-0.4042553191489362
100.195,100.195,100.003,100.008,99.996,0.012,0.01,79,786130.0,-0.0799999999999983,0.1029999999999944,0.0099999999999909,100.001,100.0755,100.035,100.01263459225504,100.02777056694111,100.031798373458,0.198999999999998,0.1186428571428572,0.0120000000000004,0.0,0.0265372660695595,0.0282162288679022,0.9404965558578716,48.466798511893714,100.05541666666666,100.02984615384617,100.0302327649166,100.03016020644236,7.255847425824413e-05,0.0178248292287593,0.0096082960168736,1.821428571428572
99.997,100.0,99.997,99.997,100.008,-0.011,-0.01,10,99998.0,-0.007000000000005,-0.25,-0.0010000000000047,99.9996,100.0505,100.03495,100.00742306150336,100.02217591840638,100.02848424265248,0.0109999999999956,0.1160714285714275,0.0,0.0109999999999956,0.0246417470645909,0.0269864982344803,0.913113915354401,47.72919730633229,100.05475,100.029,100.02512003185252,100.02770389485404,-0.0025838630015186,0.0129203770937793,0.0071698642131951,-0.8734177215189873
99.998,100.0,99.998,100.0,99.997,0.003,0.0,15,149998.0,0.0,-0.4000000000000057,0.0,99.9996,100.0105,100.03495,100.00494870766892,100.01814393324156,100.02577145763796,0.0030000000000001,0.1124999999999991,0.0030000000000001,0.0,0.0230959079885487,0.0250588912177317,0.9216652001029494,47.961798967560696,100.06266666666669,100.02823076923076,100.02125541156752,100.02565175449446,-0.0043963429269524,0.0087976633839193,0.0048566227851656,0.5
99.997,99.997,99.997,99.997,100.0,-0.003,0.0,4,39999.0,0.0,-0.0180000000000006,-0.0030000000000001,99.9996,100.0087,100.0348,100.00229913844596,100.0142995817431,100.0230313188153,0.0030000000000001,0.1123571428571423,0.0,0.0030000000000001,0.0214462002750809,0.0234832561307509,0.9132549658221194,47.7330508550227,100.04183333333332,100.0263846153846,100.01752380978787,100.02352940230968,-0.0060055925218023,0.0054407680646006,0.002684179723772,-0.7333333333333334
99.997,99.997,99.995,99.995,99.997,-0.002,0.0,26,259992.0,-0.0009999999999905,-0.0049999999999954,-0.0039999999999906,99.9994,100.0082,100.0346,99.99986609229732,100.01079056688071,100.02036166940432,0.0019999999999953,0.1053571428571424,0.0,0.0019999999999953,0.0199143288268609,0.0219487378356969,0.9073108884863852,47.5701624713323,100.00808333333332,100.02619230769233,100.01405860828206,100.02141611324971,-0.0073575049676577,0.0019244073284059,0.0006758427854861,5.5
100.004,100.007,100.003,100.007,99.995,0.012,0.01,49,493123.0,-0.0009999999999905,-0.0809999999999888,0.007000000000005,99.9992,100.0001,100.03495,100.00224406153156,100.0101013729024,100.01908912946104,0.0120000000000004,0.081714285714285,0.0120000000000004,0.0,0.0193490196249423,0.0203809708474328,0.9493669251472124,48.7012943997456,100.00741666666669,100.0266923076923,100.01297266854635,100.020348253009,-0.0073755844626361,-0.0008259160289551,-0.0009344426641383,0.8846153846153846
99.995,100.0,99.982,100.0,100.007,-0.007,-0.01,25,251182.0,0.0030000000000001,-0.0040000000000048,0.0040000000000048,99.9998,99.9997,100.03515000000002,100.00149604102104,100.00826475964742,100.01727111713144,0.0250000000000056,0.0615714285714282,0.0,0.007000000000005,0.0179669467945893,0.0194251872154737,0.9249304315727348,48.05007061044979,100.00741666666669,100.02676923076925,100.01097687338536,100.01884097500832,-0.0078641016229425,-0.0029713156276961,-0.0023203744558992,-0.4897959183673469
100.0,100.0,100.0,100.0,100.0,0.0,0.0,13,130000.0,0.0,0.0,-0.0420000000000015,99.9998,99.9997,100.03305,100.0009973606807,100.00676207607516,100.0156262488332,0.0,0.0335714285714274,0.0,-0.0,0.0166835934521186,0.0180376738429399,0.9249304315727348,48.05007061044978,100.00008333333336,100.02684615384617,100.00928812363378,100.01744534722992,-0.0081572235961431,-0.0045917324191767,-0.0034877442839479,-0.48
99.99,99.99,99.99,99.99,100.0,-0.01,-0.01,3,29997.0,-0.007000000000005,-0.007000000000005,-0.0100000000000051,99.9984,99.999,100.03255,99.99733157378714,100.00371442587968,100.01318565370622,0.0100000000000051,0.032357142857142,0.0,0.0100000000000051,0.0154919082055387,0.0174635542827302,0.8870993816452756,47.0086202281437,99.99891666666667,100.02646153846156,100.00632071999782,100.01541235854624,-0.0090916385484121,-0.0058621436859785,-0.0046085231368408,-0.7692307692307692
99.999,99.999,99.999,99.999,99.99,0.009,0.01,2,20000.0,0.0039999999999906,0.0030000000000001,-0.0060000000000002,99.9992,99.9993,100.03225,99.9978877158581,100.00285725753793,100.01183463906752,0.0090000000000003,0.0267142857142853,0.0090000000000003,0.0,0.0150282004765717,0.0162161575482495,0.9267423822108788,48.09892545922355,99.99883333333332,100.0264230769231,100.00519445538276,100.01419662828354,-0.0090021729007787,-0.0068704471720937,-0.0054872530896284,-0.3333333333333333
100.006,100.01,100.006,100.006,99.999,0.007,0.01,21,210016.0,-0.0010000000000047,-0.0019999999999953,0.100999999999999,99.999,99.9991,100.0373,100.00059181057208,100.0034286652583,100.01127895915634,0.0110000000000098,0.0215000000000011,0.007000000000005,0.0,0.0144547575853883,0.0150578605805174,0.9599476305479022,48.97822858050292,99.99958333333332,100.0266923076923,100.00531838532387,100.01358947063292,-0.0082710853090333,-0.0075023607618176,-0.0060440195335093,9.5
99.994,100.0,99.994,100.0,100.006,-0.006,-0.01,13,129999.0,0.0,0.0030000000000001,-0.2469999999999999,99.999,99.9994,100.02495,100.0003945403814,100.00280527157496,100.01020477257002,0.0120000000000004,0.0220714285714294,0.0,0.0060000000000002,0.0134222749007177,0.0144108705390519,0.9313993116755052,48.22406770288783,99.99991666666666,100.0266923076923,100.00450017219713,100.01258284317862,-0.0080826709814942,-0.0079119527678778,-0.0064517498231063,-0.3809523809523809
100.002,100.002,100.002,100.002,100.0,0.002,0.0,2,20000.0,0.0019999999999953,0.0019999999999953,-0.3980000000000103,99.9994,99.9996,100.00505,100.0009296935876,100.00265885856132,100.0094233656586,0.0019999999999953,0.0217142857142858,0.0019999999999953,0.0,0.0126063981220947,0.0133815226434053,0.9420750132876242,48.50868307567795,99.99941666666666,100.02692307692308,100.00411553032065,100.0117989288691,-0.0076833985484512,-0.0080983756597277,-0.0066980795681753,-0.8461538461538461
100.005,100.005,100.005,100.005,100.002,0.003,0.0,11,110006.0,0.0150000000000005,0.0079999999999955,-0.0100000000000051,100.0024,100.00039999999998,100.00455,100.00228646239174,100.00308452064108,100.00900209273873,0.0030000000000001,0.021571428571429,0.0030000000000001,0.0,0.0119202268276594,0.0124256995974478,0.959320377430319,48.96189456716025,100.00008333333334,100.0255,100.00425160257902,100.01129530450842,-0.0070437019294047,-0.0080635086554773,-0.0067672040404212,4.5
99.13,99.13,99.13,99.13,100.005,-0.875,-0.87,0,198.0,-0.8689999999999998,-0.8650000000000091,-0.8700000000000045,99.8286,99.91389999999998,99.96105,99.71152430826118,99.84434188052452,99.925287607716,0.875,0.0698571428571434,0.0,0.875,0.0110687820542551,0.0740381496262015,0.1495010627647832,13.005735062584703,99.92758333333332,99.99203846153848,99.8697513560284,99.94601417084112,-0.076262814812722,-0.0157176453610424,-0.0206663261948813,-1.0
99.996,99.996,99.996,99.996,99.13,0.866,0.87,0,1700.0,-0.0100000000000051,-0.0110000000000098,-0.0919999999999987,99.8266,99.9128,99.95645,99.8063495388408,99.87191608406552,99.93202212126684,0.8659999999999997,0.1309285714285723,0.8659999999999997,0.0,0.0721352976218083,0.0687497103671871,1.0492451129835894,51.201542769861504,99.9275,99.99169230769228,99.88917422433173,99.94971682485289,-0.0605426005211597,-0.0215708119052888,-0.028641581060137,-1.0
99.997,100.0,99.997,100.0,99.996,0.004,0.0,6,59999.0,0.0,0.0,-0.0040000000000048,99.8266,99.9128,99.95625,99.87089969256051,99.89520406878088,99.93849620495573,0.0040000000000048,0.1310000000000012,0.0040000000000048,0.0,0.0672684906488223,0.0638390167695309,1.0537206563138717,51.30788615649151,99.92791666666666,99.99534615384616,99.9062243436653,99.9534415044934,-0.0472171608281115,-0.025910804931063,-0.0323566970137319,inf
100.0,100.0,100.0,100.0,100.0,0.0,0.0,2,20000.0,-0.0019999999999953,0.0,0.0,99.8262,99.9128,99.95625,99.91393312837369,99.91425787445708,99.94435370924565,0.0,0.1307857142857155,0.0,-0.0,0.0624635984596207,0.0592790870002787,1.0537206563138717,51.30788615649151,99.92733333333332,99.98584615384614,99.9206513677168,99.95689028193834,-0.036238914221542,-0.0289271688947441,-0.0331331404552939,-0.6666666666666667
100.007,100.007,100.007,100.007,100.0,0.007,0.01,1,10201.0,0.0020000000000095,0.0170000000000101,0.0100000000000051,99.8266,99.9145,99.95675,99.9449554189158,99.93112007910123,99.9503200226508,0.007000000000005,0.131142857142859,0.007000000000005,0.0,0.0585019128553625,0.0550448665002588,1.062804155498995,51.5223004891563,99.92791666666665,99.97073076923076,99.93393577268344,99.96060211290587,-0.0266663402224338,-0.0308898541527058,-0.0318397804087219,-0.5
99.995,99.996,99.995,99.996,100.007,-0.011,-0.01,2,20099.0,0.8659999999999997,-0.0030000000000001,0.0,99.9998,99.9142,99.95675,99.9619702792772,99.94291642835556,99.95467049668407,0.0120000000000004,0.131142857142859,0.0,0.0110000000000098,0.0543232047942651,0.0518988046073839,1.04671398898726,51.14119484301699,99.92758333333332,99.97,99.94348411534752,99.96322417861654,-0.0197400632690118,-0.0321641850371479,-0.0294198369807799,1.0
99.997,99.999,99.995,99.998,99.996,0.002,0.0,11,104997.0,0.0020000000000095,-0.0079999999999955,-0.0099999999999909,100.0002,99.9134,99.95625,99.9739801861848,99.9529316232,99.95879711604748,0.0039999999999906,0.129642857142858,0.0020000000000095,0.0,0.0505858330232469,0.0481917471354279,1.0496783376848984,51.2118569233895,99.92825,99.96992307692308,99.95187117452484,99.96580016538567,-0.0139289908608617,-0.0328137761348554,-0.0263216677567963,4.5
99.99,99.99,99.99,99.99,99.998,-0.008,-0.01,1,5000.0,-0.0100000000000051,-0.0100000000000051,-0.007000000000005,99.9982,99.9124,99.9559,99.9793201241232,99.95967132807272,99.96176881928108,0.0080000000000097,0.1302142857142872,0.0,0.0080000000000097,0.0469725592358721,0.0453209080543266,1.0364434706287369,50.894782279850986,99.9275,99.96615384615384,99.95773714767486,99.96759274572749,-0.0098555980526242,-0.0330551316353191,-0.0230284538159618,-0.9090909090909092
100.005,100.006,100.003,100.004,99.99,0.014,0.01,25,250211.0,0.0040000000000048,0.0020000000000095,0.0040000000000048,99.999,99.9126,99.9561,99.98754674941549,99.96773108660494,99.9657908364924,0.0160000000000053,0.1306428571428587,0.01400000000001,0.0,0.0446173764333105,0.0420837003361604,1.0602056396398465,51.4611560730018,99.92733333333332,99.96615384615386,99.96485450957104,99.97028957937732,-0.0054350698062677,-0.0328763947327483,-0.019509777014023,24.0
100.005,100.005,99.995,99.995,100.004,-0.009,-0.01,4,40000.0,-0.0120000000000004,-0.0099999999999909,-0.0019999999999953,99.9966,99.9116,99.956,99.990031166277,99.9726890708586,99.96857266158835,0.0099999999999909,0.1307142857142866,0.0,0.0090000000000003,0.0414304209737884,0.0397205788835775,1.043046756574783,51.05349416101842,99.92691666666668,99.96596153846154,99.96949227732934,99.97211998090492,-0.0026277035755839,-0.0246947157063996,-0.0161333623263352,-0.84
99.979,100.0,99.975,99.995,99.995,0.0,0.0,21,210160.0,-0.0009999999999905,0.8650000000000091,0.0,99.9964,99.9981,99.956,99.99168744418466,99.97674560342976,99.9710895509609,0.0250000000000056,0.1317142857142863,0.0,-0.0,0.0384711051899463,0.0368833946776077,1.0430467565747827,51.053494161018406,99.92633333333332,99.9658846153846,99.9734165423556,99.9738147971342,-0.0003982547786023,-0.0180120106238932,-0.0129863408167886,4.25
99.995,99.995,99.995,99.995,99.995,0.0,0.0,3,29999.0,-0.0030000000000001,-0.0009999999999905,-0.0120000000000004,99.9958,99.998,99.9554,99.99279162945643,99.98006458462434,99.97336673658369,0.0,0.1308571428571434,0.0,-0.0,0.0357231691049502,0.03424886648635,1.0430467565747827,51.053494161018406,99.9255,99.96584615384614,99.97673707430089,99.97538407142056,0.0013530028803216,-0.0126153257674006,-0.0101184720773665,-0.8571428571428572
99.968,99.97,99.968,99.97,99.995,-0.025,-0.03,2,20393.0,-0.019999999999996,-0.0300000000000011,-0.0300000000000011,99.9918,99.995,99.9539,99.98519441963764,99.97823466014718,99.97304609500428,0.027000000000001,0.1326428571428581,0.0,0.0250000000000056,0.0331715141688823,0.0335882331658968,0.987593304031316,49.68789651425369,99.9955,99.96438461538462,99.97570060133152,99.97498525131536,0.0007153500161649,-0.0085092964076554,-0.0079517076586602,-0.3333333333333333
100.006,100.015,100.0,100.015,99.97,0.045,0.05,29,285928.0,0.0109999999999956,0.0150000000000005,0.0150000000000005,99.994,99.9965,99.95465,99.99512961309176,99.98491926739314,99.97704170500388,0.0450000000000017,0.1356428571428582,0.0450000000000017,0.0,0.0340164060139622,0.0311890736540471,1.0906513733391472,52.16801745367905,99.99708333333332,99.96507692307692,99.98174666266512,99.97794930677348,0.0037973558916633,-0.0051244412838668,-0.0056018949485955,13.5
99.995,99.995,99.995,99.995,100.015,-0.02,-0.02,9,85796.0,0.0,-0.0120000000000004,0.0050000000000096,99.994,99.9953,99.9549,99.99508640872784,99.9867521278671,99.97875201881304,0.019999999999996,0.0745714285714293,0.0,0.019999999999996,0.0315866627272507,0.0303898541073291,1.0393818481554635,50.96553394821776,99.99666666666668,99.96488461538462,99.98378563763973,99.97921232108656,0.0045733165531771,-0.0024229546369569,-0.003566852648241,-0.6896551724137931
99.995,100.086,99.995,100.035,99.995,0.04,0.04,5,50015.0,0.039999999999992,0.0390000000000014,0.0360000000000013,100.002,99.9992,99.9567,100.00839093915192,99.9955244682549,99.98410896940226,0.0909999999999939,0.0192142857142861,0.039999999999992,0.0,0.0321876153895893,0.0282191502425199,1.1406302143389788,53.28478532623172,99.99958333333332,99.96634615384616,99.99166477031054,99.9833447417468,0.0083200285637303,4.9158632442135465e-05,-0.0011894764058467,-0.4444444444444444
100.0,100.002,100.0,100.001,100.035,-0.034,-0.03,13,131200.0,0.0060000000000002,0.0030000000000001,-0.0049999999999954,100.0032,99.9995,99.95645,100.00592729276796,99.99652001948128,99.985717638983,0.0349999999999965,0.0214285714285712,0.0,0.0339999999999918,0.0298885000046187,0.0286320680823393,1.043881982910425,51.07349600606437,99.99908333333332,99.96657692307691,99.99310095949352,99.98465253865444,0.0084484208390875,0.002082938509299,0.0007381030431401,1.6
100.007,100.008,100.004,100.004,100.001,0.003,0.0,12,117808.0,0.034000000000006,0.01400000000001,0.0040000000000048,100.01000000000002,100.0009,99.95665,100.00528486184533,99.99788001593922,99.9874588162227,0.0069999999999907,0.0219285714285705,0.0030000000000001,0.0,0.0279678928614316,0.0265869203621722,1.051941799969591,51.26567429861706,99.99975,99.96646153846152,99.99477773495607,99.9860856839393,0.00869205101678,0.0036526186007487,0.0023288926378681,-0.0769230769230768
99.998,100.0,99.997,100.0,100.004,-0.004,0.0,10,101599.0,-0.0150000000000005,-0.0040000000000048,-0.0019999999999953,100.007,100.00050000000002,99.95655,100.0035232412302,99.99826546758663,99.98865321467768,0.007000000000005,0.0219285714285705,0.0,0.0040000000000048,0.0259701862284722,0.0249735689077317,1.0399068841310852,50.978154553071285,99.99991666666666,99.96646153846152,99.99558116034744,99.98711637401786,0.0084647863295828,0.0048851174791006,0.003556071376211,-0.1666666666666666
100.005,100.005,100.004,100.004,100.0,0.004,0.0,7,70003.0,0.0090000000000003,0.0090000000000003,-0.0009999999999905,100.0088,100.0014,99.9565,100.00368216082016,99.9993081098436,99.9901148132798,0.0049999999999954,0.0214285714285702,0.0040000000000048,0.0,0.0244008872121531,0.0231897425571794,1.0522276024404906,51.272461260592685,100.00108333333333,99.96661538461538,99.99687636644784,99.9883670129795,0.0085093534683409,0.0058748517287609,0.004546727794637,-0.3
99.999,100.056,99.965,99.965,100.004,-0.039,-0.04,9,90001.0,-0.0699999999999931,-0.0300000000000011,0.835000000000008,99.9948,99.9984,99.99825,99.99078810721343,99.9930702716902,99.98772292630078,0.0909999999999939,0.0276428571428561,0.0,0.0390000000000014,0.0226579666969993,0.0243190466602381,0.931696337177777,48.23202898127314,99.99783333333336,99.96565384615384,99.99197231007123,99.98663612312916,0.0053361869420882,0.0063174277356239,0.0047046196241272,0.2857142857142858
100.037,100.046,99.993,99.993,99.965,0.028,0.03,26,263107.0,-0.0080000000000097,-0.0020000000000095,-0.0030000000000001,99.9932,99.9982,99.9981,99.99152540480895,99.99305749501926,99.98822550474831,0.081000000000003,0.0328571428571414,0.0279999999999915,0.0,0.0230395405043559,0.0225819718987926,1.0202625619947665,50.501483380822535,99.99766666666666,99.96542307692306,99.99213041621414,99.98710752141588,0.0050228947982589,0.0067960438225232,0.0047682746589535,1.8888888888888888
100.03,100.03,100.03,100.03,99.993,0.037,0.04,5,50015.0,0.0259999999999962,0.0600000000000022,0.0300000000000011,99.9984,100.0042,99.9996,100.00435026987265,99.99977431410666,99.99220402810565,0.0370000000000061,0.0343571428571414,0.0370000000000061,0.0,0.0240367161826166,0.0209689739060217,1.146299112695925,53.40817157847495,100.00058333333334,99.96634615384616,99.99795650602736,99.99028474205174,0.0076717639756083,0.0072265336096282,0.0053489725222845,-0.8076923076923077
99.975,99.975,99.975,99.975,100.03,-0.055,-0.05,5,49988.0,-0.0250000000000056,-0.0400000000000062,-0.0250000000000056,99.9934,100.0002,99.99835,99.99456684658176,99.99526989336,99.99056554923844,0.0550000000000068,0.0375714285714283,0.0,0.0550000000000068,0.0223198078838583,0.0233997614841635,0.953847666309076,48.81893725681009,99.99891666666666,99.9653846153846,99.9944247358693,99.9891525389368,0.0052721969325091,0.0073041869851095,0.0053336174043294,0.0
99.999,100.0,99.999,100.0,99.975,0.025,0.03,3,30000.0,-0.0040000000000048,0.0049999999999954,-0.007000000000005,99.9926,100.0007,99.998,99.99637789772116,99.99612991274908,99.99146406835855,0.0250000000000056,0.0375714285714283,0.0250000000000056,0.0,0.0225112501778688,0.0217283499495803,1.036031278495844,50.88484098639346,100.00141666666666,99.96530769230768,99.99528246881248,99.9899560545711,0.0053264142413951,0.0069715631715167,0.0053321767717425,-0.4
99.996,99.999,99.996,99.999,100.0,-0.001,0.0,22,219995.0,0.0339999999999918,-0.0360000000000013,0.0030000000000001,99.9994,99.9971,99.99815,99.99725193181412,99.9966517467947,99.99218177613396,0.0040000000000048,0.0378571428571429,0.0,0.0010000000000047,0.0209033037365925,0.0202477535246107,1.0323764417215475,50.79651685231411,100.00008333333334,99.96507692307692,99.99585439668748,99.99062597645472,0.0052284202327825,0.0066137853263717,0.0053114254639505,6.333333333333333
100.0,100.0,99.999,100.0,99.999,0.001,0.0,2,20000.0,0.007000000000005,-0.0010000000000047,0.0019999999999953,100.0008,99.997,99.99825,99.99816795454277,99.99726052010476,99.99292636888308,0.0010000000000047,0.0360000000000003,0.0010000000000047,0.0,0.0194816391839791,0.0188014854157099,1.0361755336469778,50.88832060520304,100.0005,99.99853846153846,99.9964921818125,99.99132034856918,0.0051718332433239,0.0062226500182099,0.0052835070198252,-0.9090909090909092
100.043,100.043,100.043,100.043,100.0,0.043,0.04,5,50022.0,0.0130000000000052,0.0390000000000014,0.0530000000000114,100.0034,100.0009,100.0009,100.01311196969516,100.0055767891766,99.99769528613233,0.0430000000000063,0.0358571428571435,0.0430000000000063,0.0,0.0211615220994096,0.0174585221717306,1.212102713577612,54.794142520502135,100.00116666666668,100.00034615384617,100.00364723076444,99.9951484708974,0.008498759867038,0.006226424855705,0.0059265575892678,1.5
100.0,100.045,100.0,100.045,100.043,0.002,0.0,6,60005.0,0.0700000000000073,0.0450000000000017,0.0409999999999968,100.0174,100.0054,100.00295,100.02374131313012,100.01274464568992,100.00220049697688,0.0450000000000017,0.0376428571428582,0.0019999999999953,0.0,0.0197928419494514,0.0162114848737499,1.2209148084578365,54.97350928582525,100.00483333333334,100.00207692307691,100.0100091952622,99.99884117675684,0.0111680185053586,0.0065218320820403,0.0069748497724859,0.1999999999999999
100.056,100.056,100.056,100.056,100.045,0.011,0.01,2,20011.0,0.0559999999999973,0.0519999999999925,0.0609999999999928,100.0286,100.0106,100.006,100.03449420875342,100.0206092555645,100.00732425916956,0.0109999999999956,0.0319285714285726,0.0109999999999956,0.0,0.0191647818102046,0.015053521668482,1.27310952428696,56.007399145728144,100.00916666666666,100.00423076923076,100.0170847036834,100.00307516366374,0.0140095400196571,0.0074855379795479,0.0083817878219202,-0.6666666666666667
100.006,100.036,100.001,100.002,100.056,-0.054,-0.05,12,120008.0,0.0030000000000001,0.0369999999999919,0.0069999999999907,100.0292,100.0143,100.00635,100.0236628058356,100.01722575455275,100.00681718686768,0.0549999999999926,0.0333571428571437,0.0,0.054000000000002,0.0177958688237614,0.0178354129778763,0.9977828293539408,49.94450921758157,100.00933333333334,100.00403846153846,100.0147639800398,100.00299552191088,0.0117684581289125,0.0082350450162872,0.0090591218833186,5.0
99.996,100.0,99.938,99.995,100.002,-0.007,-0.01,11,110274.0,-0.0049999999999954,0.0020000000000095,0.0,100.0282,100.0145,100.00635,100.01410853722376,100.01318470827044,100.00569174049934,0.0639999999999929,0.0374285714285725,0.0,0.0069999999999907,0.0165247353363499,0.0170614549080273,0.9685419810578444,49.20098176099728,100.00858333333332,100.004,100.01172336772596,100.0024032610286,0.0093201066973733,0.0084181942075945,0.0091113188461296,-0.0833333333333333
100.058,100.098,100.01,100.098,99.995,0.103,0.1,43,433741.0,0.0549999999999926,0.0679999999999978,0.1280000000000001,100.0392,100.0213,100.01275,100.04207235814916,100.02860567040308,100.01448300330892,0.1029999999999944,0.0442857142857146,0.1029999999999944,0.0,0.0227015399551816,0.0158427795574539,1.4329265816553414,58.89723892450511,100.01966666666664,100.00784615384616,100.02499669576812,100.0094845009524,0.0155121948157272,0.0095559717501743,0.0103914940400491,2.909090909090909
99.946,100.0,99.946,100.0,100.098,-0.098,-0.1,4,35989.0,-0.0450000000000017,0.0250000000000056,-0.0150000000000005,100.0302,100.0238,100.012,100.02804823876612,100.02340463942068,100.01310366966044,0.152000000000001,0.054785714285715,0.0,0.0979999999999989,0.0210800013869544,0.0217111524462072,0.9709296380827054,49.2625215696291,100.02025,100.00823076923078,100.02115105026532,100.00878194532628,0.0123691049390401,0.0103384929388015,0.0107870162198473,-0.9069767441860466
100.001,100.005,100.0,100.0,100.0,0.0,0.0,23,233603.0,-0.0559999999999973,0.0,0.0049999999999954,100.019,100.0238,100.01225,100.01869882584408,100.0191492504351,100.01185570112136,0.0049999999999954,0.0486428571428579,0.0,-0.0,0.0195742870021719,0.0201603558429066,0.9709296380827052,49.26252156962909,100.01775,100.00807692307691,100.0178970425322,100.00813143085767,0.0097656116745241,0.0108426253212172,0.0105827353107827,4.75
100.0,100.001,100.0,100.0,100.0,0.0,0.0,13,127200.0,-0.0019999999999953,0.0010000000000047,-0.0349999999999965,100.0186,100.0239,100.0105,100.01246588389606,100.0156675685378,100.01072658672884,0.0010000000000047,0.0429285714285723,0.0,-0.0,0.0181761236448739,0.0187203304255562,0.9709296380827054,49.2625215696291,100.01983333333334,100.00826923076924,100.0151436513734,100.007529102646,0.0076145487274033,0.0111140381527816,0.0099890979941068,-0.4347826086956522
100.0,100.0,99.995,99.995,100.0,-0.005,-0.01,12,119995.0,0.0,-0.0049999999999954,-0.0060000000000002,100.0186,100.0234,100.0102,100.00664392259738,100.01190982880368,100.0092288165642,0.0049999999999954,0.0406428571428573,0.0,0.0049999999999954,0.0168778290988115,0.0177403068237304,0.9513831562504198,48.754297852939416,100.01941666666669,100.00826923076924,100.01204462808518,100.00660102096852,0.0054436071166605,0.010774576736073,0.0090799998186175,-0.0769230769230768
100.005,100.045,100.005,100.033,99.995,0.038,0.04,8,81015.0,-0.0649999999999977,-0.0100000000000051,0.0289999999999963,100.0056,100.0224,100.01165,100.0154292817316,100.01574440538482,100.01149273879616,0.0499999999999971,0.0402857142857137,0.0379999999999967,0.0,0.0183865555917533,0.0164731420506068,1.116153526465584,52.74444942233432,100.02225,100.00973076923076,100.0152685314567,100.00855650089676,0.0067120305599246,0.0102794669643581,0.008606405966879,-0.3333333333333333
100.046,100.046,100.001,100.001,100.033,-0.032,-0.03,5,50005.0,0.0010000000000047,-0.0439999999999969,0.0010000000000047,100.0058,100.018,100.0117,100.0106195211544,100.01306360440576,100.01049343033938,0.0450000000000017,0.0417142857142849,0.0,0.0319999999999964,0.0170732301923423,0.0175822033327061,0.9710517998949004,49.2656661761339,100.02233333333334,100.01092307692308,100.01307337277106,100.0079967600896,0.0050766126814494,0.009286919482335,0.007900447309793,-0.375
99.992,100.005,99.992,100.005,100.001,0.004,0.0,3,26100.0,0.0049999999999954,-0.0510000000000019,0.0009999999999905,100.0068,100.0129,100.01175,100.00874634743629,100.0115974945138,100.00997024649752,0.012999999999991,0.042357142857141,0.0039999999999906,0.0,0.0161394280357458,0.0163263316660842,0.988552013142874,49.71215269247515,100.01916666666666,100.01053846153846,100.01183131542166,100.00777477786076,0.0040565375608991,0.0084300394192224,0.0071316653600143,-0.4
99.996,100.043,99.945,99.994,100.005,-0.011,-0.01,4,40001.0,-0.0060000000000002,-0.0079999999999955,0.0289999999999963,100.0056,100.0121,100.0132,100.00383089829086,100.00839795005676,100.00844927064064,0.0980000000000131,0.0492857142857131,0.0,0.0109999999999956,0.0149866117474782,0.0159458794042207,0.9398422857450816,48.44941739086247,100.01491666666664,100.0105,100.00908803612604,100.00675442394515,0.0023336121808767,0.0076537622507228,0.0061720547241868,0.3333333333333332
100.1,100.27,100.041,100.055,99.994,0.061,0.06,47,466914.0,0.0600000000000022,0.0600000000000022,0.0620000000000118,100.0176,100.0181,100.0163,100.02088726552724,100.01687105004645,100.01288267343676,0.2759999999999962,0.0659285714285695,0.061000000000007,0.0,0.0182732823369446,0.0148068880182049,1.2341068774530943,55.2393840199798,100.01483333333334,100.01126923076922,100.01615141518356,100.0103281703196,0.0058232448639756,0.0065772122560837,0.0061022927521445,10.75
100.0,100.055,100.0,100.055,100.055,0.0,0.0,15,150672.0,0.0220000000000055,-0.0429999999999921,0.0250000000000056,100.022,100.0138,100.01755,100.03225817701818,100.0238035864016,100.01689384739517,0.0550000000000068,0.0666428571428556,0.0,-0.0,0.0169680478843057,0.0137492531597617,1.234106877453094,55.23938401997981,100.01925,100.01334615384616,100.02212812053996,100.01363719474035,0.0084909257995775,0.0061463034628101,0.0065800193616311,-0.6808510638297872
100.001,100.001,100.001,100.001,100.055,-0.054,-0.05,41,408104.0,0.0,0.0010000000000047,0.0260000000000104,100.022,100.0139,100.01885,100.0218387846788,100.01965747978312,100.01538014764324,0.054000000000002,0.0697142857142846,0.0,0.054000000000002,0.0157560444639981,0.0166243065054932,0.947771533133838,48.65927635819459,100.01975,100.01323076923076,100.01887764045688,100.01270110624108,0.0061765342157968,0.0057475170785071,0.0064993223324643,1.7333333333333334
100.001,100.001,99.998,99.998,100.001,-0.003,0.0,22,220099.0,-0.0069999999999907,-0.0019999999999953,-0.0019999999999953,100.0206,100.0137,100.01875,100.0138925231192,100.0157197561862,100.01372489548672,0.0030000000000001,0.0659999999999994,0.0,0.0030000000000001,0.0146306127165697,0.0156511417551008,0.9347952338238488,48.31494400450627,100.01141666666668,100.01315384615386,100.01566569577122,100.0116121354084,0.0040535603628057,0.0053518517046629,0.0060101699385326,-0.4634146341463414
99.995,99.995,99.995,99.995,99.998,-0.003,0.0,9,89996.0,0.0010000000000047,-0.0049999999999954,-0.0039999999999906,100.0208,100.0132,100.01855,100.00759501541282,100.0119525277887,100.01194157210703,0.0030000000000001,0.0616428571428571,0.0,0.0030000000000001,0.0135855689511004,0.0147474887725936,0.9212123610053192,47.94953331048075,100.011,100.01280769230767,100.01248635796026,100.01038160685964,0.0021047511006031,0.0049808677028787,0.0052290861709467,-0.5909090909090908
100.038,100.05,100.008,100.05,99.995,0.055,0.06,29,286473.0,-0.0050000000000096,0.0549999999999926,0.0499999999999971,100.0198,100.0187,100.02105,100.02173001027522,100.01887025000892,100.01556618428732,0.0549999999999926,0.0582142857142855,0.0549999999999926,0.0,0.0165437425974498,0.0136940967174084,1.2080930154684035,54.71205275345389,100.01516666666669,100.01607692307692,100.01825768750484,100.01331630264782,0.0049413848570054,0.0047841292914433,0.0051715459081584,2.2222222222222223
99.995,100.079,99.991,99.996,100.05,-0.054,-0.05,16,161014.0,-0.0590000000000117,-0.0370000000000061,-0.0470000000000112,100.008,100.015,100.0187,100.01315334018348,100.01471202273456,100.01370273816472,0.0879999999999938,0.0536428571428564,0.0,0.054000000000002,0.015362046697632,0.0165730898090222,0.9269271375859608,48.10390177737638,100.01483333333334,100.01619230769232,100.0148334278887,100.0120336135628,0.0027998143259111,0.0045311516963835,0.004697199591709,-0.4482758620689655
100.033,100.033,100.0,100.0,99.996,0.004,0.0,9,90012.0,-0.0010000000000047,-0.0010000000000047,-0.0450000000000017,100.0078,100.0149,100.01645,100.00876889345564,100.0120371095101,100.01239771548236,0.0370000000000061,0.0559285714285715,0.0040000000000048,0.0,0.0145504719335158,0.0153892976798063,0.945492915677936,48.599144620810144,100.01525,100.01503846153848,100.01255136205968,100.01114223478037,0.0014091272793024,0.0042369949984283,0.0040395851292276,-0.4375
99.98,100.024,99.98,99.998,100.0,-0.002,0.0,9,85004.0,0.0,-0.0069999999999907,-0.0579999999999927,100.0078,100.0142,100.01355,100.00517926230378,100.009484907781,100.01102650448404,0.0439999999999969,0.0589999999999995,0.0,0.0019999999999953,0.0135111525096932,0.0144329192741055,0.936134419731282,48.35069353610319,100.01233333333334,100.01592307692307,100.01031269097356,100.01016873590775,0.0001439550658091,0.0039936997634208,0.0032604591165439,0.0
100.0,100.021,99.972,100.0,99.998,0.002,0.0,29,286002.0,0.0049999999999954,0.0060000000000002,-0.0019999999999953,100.0088,100.0148,100.01345,100.00345284153586,100.00776037909354,100.00997636119985,0.0490000000000065,0.0621428571428574,0.0019999999999953,0.0,0.0126889273304291,0.0134019964688123,0.9467938123963412,48.63349196856738,100.01225,100.01592307692307,100.00872612313148,100.00941549621088,-0.0006893730793962,0.0032700755474905,0.0024704926773559,2.2222222222222223
100.004,100.028,100.004,100.022,100.0,0.022,0.02,149,1488479.0,-0.0279999999999915,-0.0330000000000012,0.027000000000001,100.0032,100.0115,100.0148,100.00963522769058,100.01034940107652,100.011121469657,0.0280000000000057,0.0605714285714295,0.0220000000000055,0.0,0.0133540039496845,0.0124447110067543,1.073066617813525,51.76228340145163,100.01366666666668,100.0168076923077,100.01076825803432,100.01034768167672,0.0004205763575981,0.0023733700539373,0.0020605094134043,4.137931034482759
100.0,100.017,99.995,99.998,100.022,-0.024,-0.02,13,132905.0,0.0020000000000095,-0.0570000000000021,-0.0999999999999943,100.0036,100.0058,100.0098,100.0057568184604,100.00810405542624,100.00987180588017,0.027000000000001,0.0592857142857151,0.0,0.0240000000000009,0.0124001465247071,0.0132700887919862,0.9344433725413772,48.30554286599514,100.014,100.01673076923076,100.00880391064445,100.00943303858958,-0.0006291279451318,0.0016171853693896,0.0015225819416971,-0.912751677852349
99.998,100.015,99.996,100.0,99.998,0.002,0.0,20,200004.0,0.0,-0.0010000000000047,0.0,100.0036,100.0057,100.0098,100.0038378789736,100.00663059080328,100.00893163389156,0.0190000000000054,0.0597142857142876,0.0019999999999953,0.0,0.0116572789157991,0.0123222253068443,0.9460368257772516,48.61351096988631,100.00941666666668,100.01507692307692,100.007449462853,100.00873429499036,-0.0012848321373581,0.0010240306471492,0.000961099125886,0.5384615384615385
99.992,100.0,99.992,99.997,100.0,-0.003,0.0,34,340188.0,-0.0010000000000047,-0.0010000000000047,-0.0030000000000001,100.0034,100.0056,100.00965,100.0015585859824,100.00487957429358,100.00779528780666,0.0079999999999955,0.0532857142857149,0.0,0.0030000000000001,0.0108246161360991,0.0116563520706411,0.9286452631576846,48.150133199573226,100.00458333333331,100.01323076923076,100.0058418531833,100.00786508795404,-0.002023234770732,0.0005653655503342,0.0003642323465624,0.7
99.997,99.998,99.997,99.998,99.997,0.001,0.0,92,920380.0,-0.0019999999999953,0.0030000000000001,-0.0019999999999953,100.003,100.0059,100.00955,100.00037239065496,100.00362874260384,100.00686240325363,0.0010000000000047,0.0336428571428584,0.0010000000000047,0.0,0.0101228578406638,0.0108237554941668,0.93524450419444,48.326942779963744,100.00433333333332,100.011,100.004635414232,100.0071343406982,-0.0024989264661741,-0.0002613357077968,-0.0002083994159848,1.7058823529411766
100.004,100.3,99.96,99.979,99.998,-0.019,-0.02,238,2376507.0,-0.0430000000000063,-0.0709999999999979,-0.0160000000000053,99.9944,99.9988,100.00875,99.99324826043664,99.99915078940312,100.00420884103902,0.3400000000000034,0.054000000000001,0.0,0.0190000000000054,0.0093997965663307,0.0114077729588695,0.8239817359813763,45.17488962344465,100.00275,100.0101153846154,100.00069150435016,100.00505031546128,-0.0043588111111034,-0.0010567385341317,-0.0010384817550085,1.5869565217391304
100.0,100.149,100.0,100.02,99.979,0.041,0.04,46,462054.0,0.0219999999999913,0.0240000000000009,-0.0130000000000052,99.9988,100.0012,100.0081,100.00216550695777,100.0029415549662,100.00571276094009,0.1700000000000017,0.0622857142857152,0.0409999999999968,0.0,0.0116569539544497,0.010592932033236,1.1004464031181629,52.39107274932242,100.00483333333334,100.01107692307691,100.00366204214244,100.00615769950116,-0.0024956573587218,-0.0014906034939122,-0.0013299168757512,-0.8067226890756303
99.998,100.0,99.998,99.999,100.02,-0.021,-0.02,9,86700.0,-0.0010000000000047,-0.0010000000000047,-0.0020000000000095,99.9986,100.0011,100.008,100.00111033797184,100.0022249086087,100.00507345037434,0.0219999999999913,0.0636428571428575,0.0,0.0210000000000007,0.0108243143862747,0.011336294030862,0.9548371237378376,48.84484298682116,100.00058333333334,100.00726923076924,100.00294480488976,100.00562749953812,-0.0026826946483566,-0.0018046756843751,-0.0016004724302723,-0.8043478260869565
99.966,100.005,99.966,100.0,99.999,0.001,0.0,6,59987.0,0.0030000000000001,0.0019999999999953,-0.0049999999999954,99.9992,100.0013,100.00775,100.00074022531456,100.00182037977076,100.0045902646244,0.0390000000000014,0.0662142857142862,0.0010000000000047,0.0,0.0101225776443983,0.0105265587429433,0.9616226814089802,49.02179662391917,100.00091666666668,100.00726923076924,100.00249175798363,100.00521064772047,-0.0027188897368262,-0.0020301775352006,-0.0018241558915831,-0.3333333333333333
99.996,100.0,99.985,100.0,100.0,0.0,0.0,4,39998.0,0.0019999999999953,0.0,0.0060000000000002,99.9996,100.0013,100.00805,100.00049348354304,100.0014894016306,100.00415309656492,0.0150000000000005,0.0633571428571439,0.0,-0.0,0.0093995363840841,0.0097746616898759,0.9616226814089804,49.02179662391918,100.00091666666668,100.00726923076924,100.00210841060156,100.00482467381524,-0.0027162632136992,-0.0023787152653448,-0.0020025773560063,-0.3333333333333333
100.0,100.016,100.0,100.007,100.0,0.007,0.01,55,548553.0,0.0280000000000057,-0.0150000000000005,-0.0480000000000018,100.0052,99.9998,100.00565,100.00266232236204,100.00249132860684,100.0044242302254,0.0160000000000053,0.0582142857142875,0.007000000000005,0.0,0.0092281409280785,0.0090764715691705,1.016710167354364,50.41429273340466,100.00166666666668,100.00753846153846,100.0028609628167,100.0049858090882,-0.0021248462714993,-0.0025449061904967,-0.0020270311391049,12.75
99.996,99.996,99.996,99.996,100.007,-0.011,-0.01,0,1000.0,-0.0240000000000009,-0.0020000000000095,-0.0590000000000117,100.00039999999998,99.9996,100.0027,100.00044154824135,100.00131108704196,100.0036219225849,0.0110000000000098,0.0563571428571449,0.0,0.0110000000000098,0.0085689880046443,0.0092138664570876,0.9300100066083284,48.18679713700896,100.00133333333332,100.00757692307693,100.00180543007566,100.00432019360018,-0.0025147635245161,-0.0026815652335143,-0.0021245776161871,-1.0
99.994,99.999,99.994,99.999,99.996,0.003,0.0,20,200393.0,0.0,-0.0010000000000047,-0.0020000000000095,100.0004,99.9995,100.0026,99.99996103216093,100.00089088939797,100.00318173948156,0.0049999999999954,0.0535714285714306,0.0030000000000001,0.0,0.0081712031471697,0.0085557331387242,0.955055868933772,48.8505665802088,99.99941666666666,100.00626923076923,100.00137382544864,100.00392610518534,-0.0025522797367045,-0.0027403480075112,-0.0022101180402906,inf
99.996,99.999,99.996,99.999,99.999,0.0,0.0,28,279992.0,-0.0010000000000047,0.0019999999999953,0.0009999999999905,100.0002,99.9997,100.00265,99.99964068810728,100.0005470913256,100.00278347857856,0.0030000000000001,0.0502857142857158,0.0,-0.0,0.0075875457795147,0.007944609343101,0.955055868933772,48.850566580208806,99.9995,100.00619230769232,100.00100862153346,100.00356120850496,-0.0025525869714897,-0.0027463102858796,-0.0022786118265304,0.3999999999999999
99.999,99.999,99.995,99.998,99.999,-0.001,0.0,3,29999.0,-0.0019999999999953,0.0,0.0030000000000001,99.9998,99.9997,100.0028,99.99909379207152,100.00008398381186,100.00232790919011,0.0039999999999906,0.048571428571429,0.0,0.0009999999999905,0.0070455782238351,0.0074485658185931,0.9458972902203394,48.60982616987111,99.99933333333333,100.00592307692308,100.00054575668216,100.00314926713422,-0.0026035104520616,-0.0025512768793194,-0.0023435915516367,-0.8928571428571429
100.004,100.023,100.004,100.023,99.998,0.025,0.03,62,620185.0,0.0159999999999911,0.0439999999999969,-0.027000000000001,100.003,100.0041,100.00145,100.0070625280477,100.00425053220972,100.00429667974343,0.0249999999999914,0.0484285714285712,0.0249999999999914,0.0,0.008328036922132,0.0069165254029793,1.2040781225996229,54.629557376099726,100.0015,100.00703846153846,100.00400025565412,100.00461969179096,-0.0006194361368159,-0.0023428078546632,-0.0019987604686725,19.666666666666668
99.992,99.994,99.992,99.994,100.023,-0.029,-0.03,3,31298.0,-0.0019999999999953,-0.0259999999999962,-0.0019999999999953,100.0026,100.0015,100.00135,100.0027083520318,100.00238679908064,100.0033160435774,0.0309999999999917,0.0492857142857131,0.0,0.0289999999999963,0.0077331771419797,0.0084939164456234,0.9104371571684462,47.65595946206628,100.00116666666668,100.00469230769232,100.00246175478428,100.0038330479546,-0.0013712931703082,-0.0021970965793245,-0.0018732670089996,-0.9516129032258064
99.969,99.98,99.969,99.98,99.994,-0.014,-0.01,4,36992.0,-0.0189999999999912,-0.0189999999999912,-0.019999999999996,99.9988,99.9996,100.00035,99.99513890135457,99.99831647197507,100.0010954679986,0.0250000000000056,0.0504999999999995,0.0,0.0139999999999957,0.007180807346124,0.0088872081280786,0.8079936063876676,44.69006989477255,100.00125,100.0018076923077,99.99900610020208,100.002067636995,-0.0030615367929129,-0.0022351684744453,-0.0021109209657823,0.3333333333333332
100.003,100.016,99.998,100.008,99.98,0.028,0.03,19,190709.0,0.0090000000000003,0.0079999999999955,0.0099999999999909,100.0006,100.0004,100.00085,99.99942593423636,100.00007711343414,100.00175304247492,0.0360000000000013,0.0529999999999993,0.0279999999999915,0.0,0.008667892535686,0.0082524075475015,1.0503471242534812,51.227770743254325,100.00025,100.00207692307691,100.00038977709409,100.00250707129166,-0.0021172941975891,-0.0021686163615441,-0.0021121956121437,3.75
99.996,100.0,99.996,99.997,100.008,-0.011,-0.01,2,20400.0,-0.0010000000000047,-0.0030000000000001,-0.0030000000000001,100.00039999999998,100.0001,100.0007,99.99861728949092,99.9995176382643,100.00130037176302,0.0120000000000004,0.0295714285714276,0.0,0.0109999999999956,0.0080487573545655,0.0084486641512511,0.9526662689478124,48.78797181564229,100.00008333333334,100.00203846153848,99.99986827292577,100.00209914008488,-0.0022308671591133,-0.0021803964601679,-0.0021359299215376,-0.8947368421052632
100.0,100.0,99.997,99.997,99.997,0.0,0.0,25,250195.0,-0.0259999999999962,-0.0100000000000051,-0.0250000000000056,99.9952,99.9991,99.99945,99.99807819299394,99.9990598858526,100.0008908125475,0.0030000000000001,0.0176428571428561,0.0,-0.0,0.0074738461149537,0.0078451881404475,0.9526662689478124,48.78797181564229,99.99983333333334,100.00211538461538,99.99942700016794,100.00172142600452,-0.0022944258365669,-0.0021559144948402,-0.0021676291045434,11.5
100.021,100.022,100.021,100.021,99.997,0.024,0.02,9,90019.0,0.027000000000001,0.0250000000000056,0.0229999999999961,100.0006,100.0016,100.0006,100.0057187953293,100.00304899751576,100.00280597325728,0.0250000000000056,0.0178571428571428,0.0240000000000009,0.0,0.0086542856781714,0.0072848175589869,1.18798935019244,54.29593841889371,100.00158333333331,100.001,100.00274592321902,100.0031494685227,-0.0004035453036692,-0.001917166224503,-0.0018148123443686,-0.64
99.999,100.0,99.999,99.999,100.021,-0.022,-0.02,5,50300.0,0.0189999999999912,0.0,-0.0010000000000047,100.0044,100.0016,100.00055,100.0034791968862,100.00231281614924,100.00244349961372,0.0220000000000055,0.0166428571428574,0.0,0.0220000000000055,0.0080361224154448,0.0083359020190597,0.9640375327193846,49.0844760682648,100.00091666666668,100.0011153846154,100.00216962733916,100.00284210048396,-0.0006724731448031,-0.0017082646882045,-0.0015863445044555,-0.4444444444444444
99.992,100.0,99.992,100.0,99.999,0.001,0.0,13,130091.0,-0.0079999999999955,0.0010000000000047,0.0030000000000001,100.0028,100.0017,100.0007,100.0023194645908,100.00189230412212,100.0022107853648,0.0079999999999955,0.016142857142857,0.0010000000000047,0.0,0.0075335422429134,0.0077404804462697,0.9732654575135536,49.32258119695325,100.00125,100.0011153846154,100.00183583851776,100.0026315745222,-0.0007957360044343,-0.0015074008606903,-0.0014282228044513,1.6
100.008,100.008,100.0,100.0,100.0,0.0,0.0,22,220017.0,0.0030000000000001,0.0019999999999953,0.0019999999999953,100.0034,100.0019,100.0008,100.00154630972722,100.00154824882718,100.00200023437766,0.0079999999999955,0.0155714285714278,0.0,-0.0,0.0069954320827053,0.0071875889858219,0.9732654575135536,49.32258119695325,100.00133333333332,100.0011923076923,100.00155340182272,100.00243664307612,-0.0008832412533905,-0.0015367125403097,-0.0013192264942391,0.6923076923076923
100.0,100.0,100.0,100.0,100.0,0.0,0.0,1,10000.0,0.0030000000000001,-0.0229999999999961,0.0210000000000007,100.004,99.99960000000002,100.00185,100.00103087315148,100.0012667490404,100.00180973586548,0.0,0.0147857142857128,0.0,-0.0,0.0064957583625121,0.0066741897725489,0.9732654575135536,49.32258119695325,100.00141666666669,100.0011923076923,100.00131441692692,100.0022561509964,-0.0009417340694852,-0.0014889837513294,-0.0012437280092883,-0.9545454545454546
100.004,100.009,100.004,100.008,100.0,0.008,0.01,12,124510.0,-0.0130000000000052,0.0139999999999957,-0.0120000000000004,100.0014,100.001,100.00125,100.00335391543432,100.0024909764876,100.00239928483067,0.0090000000000003,0.0150714285714274,0.0079999999999955,0.0,0.0066032041937609,0.0061974619316525,1.065469101155118,51.58484823419784,100.00225,100.00065384615384,100.00234296816892,100.00268162129296,-0.0003386531240323,-0.0011864411214538,-0.0010627130322371,11.0
99.993,100.0,99.993,99.999,100.008,-0.009,-0.01,16,160594.0,0.0,0.0189999999999912,0.0,100.0014,100.0029,100.00125,100.00190261028956,100.00185625348983,100.00207554341824,0.0150000000000005,0.0159285714285703,0.0,0.0090000000000003,0.0061315467513494,0.0063976432222488,0.958407109984812,48.93809387733712,100.00025,100.0006923076923,100.00182866537372,100.0024089086046,-0.0005802432308854,-0.0010156576807089,-0.0009662190719668,0.3333333333333332
99.996,99.997,99.996,99.996,99.999,-0.003,0.0,27,268090.0,-0.0040000000000048,-0.0120000000000004,-0.0040000000000048,100.0006,100.0017,100.00105,99.99993507352636,100.00079148012806,100.00149692023555,0.0030000000000001,0.0158571428571424,0.0,0.0030000000000001,0.005693579126253,0.0061549544206596,0.9250400144543792,48.05302785960875,100.00041666666664,100.00053846153848,100.00093194762393,100.00193417463387,-0.0010022270099625,-0.0008791421085811,-0.0009734206595659,0.6875
99.992,99.999,99.992,99.999,99.996,0.003,0.0,5,50599.0,-0.0010000000000047,0.0019999999999953,-0.0010000000000047,100.0004,100.0019,100.001,99.99962338235092,100.0004657564684,100.00125911830835,0.0069999999999907,0.0145714285714281,0.0030000000000001,0.0,0.0055011806172349,0.0057153148191839,0.9625332621695272,49.04544960962715,100.002,100.0006153846154,100.00063472491254,100.00171682836468,-0.0010821034521484,-0.0007444396214234,-0.0009951572180824,-0.8148148148148149
100.004,100.009,100.004,100.008,99.999,0.009,0.01,29,285718.0,0.0079999999999955,0.0109999999999956,0.0009999999999905,100.002,100.003,100.00105,100.00241558823396,100.00183561892868,100.00190110704088,0.0100000000000051,0.013071428571429,0.0090000000000003,0.0,0.0057510962874324,0.005307078046385,1.0836652932492374,52.00764713796166,100.002,100.001,100.00176784415676,100.00218224848582,-0.0004144043290494,-0.000745646179799,-0.0008790066402758,4.8
99.996,99.997,99.996,99.997,100.008,-0.011,-0.01,1,10200.0,-0.0109999999999956,-0.0240000000000009,0.0010000000000047,99.9998,100.0006,100.0011,100.00061039215598,100.0009564154871,100.00143433494176,0.0120000000000004,0.0121428571428572,0.0,0.0109999999999956,0.005340303695473,0.0057137153287858,0.9346464407438078,48.31096892228365,100.002,100.00169230769232,100.00103432967111,100.00179837822762,-0.0007640485565048,-0.0007558212255437,-0.0008560150235216,-0.9655172413793104
100.004,100.004,100.004,100.004,99.997,0.007,0.01,11,110004.0,0.0050000000000096,0.0050000000000096,0.0050000000000096,100.0008,100.0011,100.00135,100.00174026143732,100.00150979448944,100.00167868399492,0.007000000000005,0.0100714285714289,0.007000000000005,0.0,0.005458853431511,0.0053055928053011,1.0288866167898805,50.71188346728771,100.00258333333332,100.00107692307692,100.0014905866448,100.00196146132188,-0.0004708746770774,-0.000719725522504,-0.0007789869542328,10.0
100.004,100.004,100.004,100.004,100.004,0.0,0.0,1,10000.0,0.0080000000000097,0.0040000000000048,0.0050000000000096,100.0024,100.0015,100.0016,100.00249350762488,100.00196255912772,100.0018997617097,0.0,0.009214285714286,0.0,-0.0,0.0050689353292602,0.0049266218906367,1.0288866167898805,50.71188346728771,100.00116666666666,100.00126923076922,100.0018766502379,100.00211246418692,-0.0002358139490183,-0.0006477891553515,-0.0006703523531899,-0.9090909090909092
99.96,99.993,99.96,99.991,100.004,-0.013,-0.01,14,139985.0,-0.0079999999999955,-0.0090000000000003,-0.007000000000005,100.0008,100.0006,100.00125,99.9986623384166,99.99996936655904,100.00086168916592,0.0440000000000111,0.0121428571428582,0.0,0.0130000000000052,0.0047068685200273,0.0055032917555916,0.8552823889892647,46.09984949273476,100.0005,100.00092307692309,100.00020331943207,100.0012893186916,-0.00108599925953,-0.0006638186209121,-0.0007534817344579,13.0
100.004,100.01,99.994,100.008,99.991,0.017,0.02,119,1187854.0,0.0,0.0079999999999955,-0.0150000000000005,100.0008,100.0014,100.0005,100.00177489227774,100.00142948173011,100.00154152829296,0.0190000000000054,0.0117142857142868,0.0169999999999959,0.0,0.0055849493400251,0.0051101994873351,1.0929024109267351,52.21946351730748,100.00116666666666,100.00123076923076,100.00140280875024,100.00178640619592,-0.0003835974457047,-0.0006688124344312,-0.0006795048767072,7.5
100.01,100.02,100.01,100.018,100.008,0.01,0.01,30,300845.0,0.0210000000000007,0.0100000000000051,0.0240000000000009,100.005,100.0024,100.0017,100.00718326151848,100.00444230323372,100.00310900178889,0.0120000000000004,0.0110000000000007,0.0100000000000051,0.0,0.0059003101014522,0.0047451852382397,1.2434309316112186,55.42541622701949,100.00266666666666,100.00165384615386,100.00395622278866,100.00298741314438,0.0009688096442772,-0.000496695448302,-0.0003498419725103,-0.7478991596638656
99.999,99.999,99.997,99.997,100.018,-0.021,-0.02,18,179998.0,-0.007000000000005,-0.0019999999999953,0.0169999999999959,100.0036,100.0022,100.00255,100.00378884101232,100.00308915719124,100.00252719209468,0.0210000000000007,0.0119285714285725,0.0,0.0210000000000007,0.0054788593799199,0.0059062434355084,0.9276385979929298,48.123055792657055,100.00241666666666,100.00169230769232,100.00288603466733,100.0025439010596,0.0003421336077167,-0.0003473220463376,-0.0002114468564649,-0.4
99.999,100.0,99.999,100.0,99.997,0.003,0.0,18,180000.0,-0.0040000000000048,0.0040000000000048,-0.0079999999999955,100.0028,100.0026,100.00215,100.00252589400822,100.00252749224737,100.00228650713328,0.0030000000000001,0.01157142857143,0.0030000000000001,0.0,0.0053017979956399,0.0054843689044006,0.9667106804915704,49.15368030898909,100.00175,100.00173076923078,100.00244202933388,100.00235546394408,8.656538980744699e-05,-0.000217469952787,-0.0001518444072104,0.0
99.997,100.0,99.997,100.0,100.0,0.0,0.0,7,70000.0,0.0090000000000003,0.0010000000000047,0.0030000000000001,100.0046,100.0027,100.0023,100.0016839293388,100.0020679482024,100.00206874454916,0.0030000000000001,0.0117857142857157,0.0,-0.0,0.0049230981388085,0.005092628268372,0.9667106804915704,49.15368030898909,100.00183333333332,100.00176923076924,100.0020663325133,100.0021809851334,-0.0001146526201125,-0.0001841642073496,-0.0001444060497908,-0.6111111111111112
99.995,99.995,99.995,99.995,100.0,-0.005,-0.01,1,10000.0,-0.012999999999991,-0.012999999999991,-0.0019999999999953,100.002,100.0014,100.0022,99.99945595289256,100.00078286671103,100.0013955307826,0.0049999999999954,0.0115000000000011,0.0,0.0049999999999954,0.0045714482717507,0.005086011963488,0.8988276678404982,47.33592642784262,100.00175,100.00165384615386,100.00097920443432,100.00164906030872,-0.0006698558744062,-0.0001736983537831,-0.0002494960147139,-0.8571428571428572
100.089,100.089,100.004,100.019,99.995,0.024,0.02,31,313482.0,0.0010000000000047,0.0220000000000055,-0.0019999999999953,100.0022,100.0036,100.0021,100.00597063526172,100.0040950727636,100.00307214689852,0.093999999999994,0.0171428571428577,0.0240000000000009,0.0,0.0059592019666258,0.0047227253946674,1.2618142001977322,55.78770352080298,100.00341666666668,100.0015,100.00375163452136,100.00293431510067,0.0008173194206761,-3.0565676254923346e-05,-3.613292763593701e-05,30.0
99.993,99.999,99.991,99.999,100.019,-0.02,-0.02,24,239990.0,0.0019999999999953,-0.0050000000000096,0.0,100.0026,100.0031,100.0021,100.00364709017448,100.00316869589749,100.0026843233844,0.0280000000000057,0.0189285714285724,0.0,0.0200000000000102,0.0055335446832953,0.005813959295049,0.9517687349492692,48.76442161955257,100.00266666666666,100.00169230769232,100.00302061382575,100.00264288435248,0.0003777294732856,3.760581511218991e-05,4.663955254837565e-05,-0.2258064516129032
100.0,100.0,100.0,100.0,99.999,0.001,0.0,1,10000.0,0.0,-0.0040000000000048,0.0,100.0026,100.0027,100.0021,100.00243139344964,100.00259256937066,100.00242867353823,0.0010000000000047,0.018500000000002,0.0010000000000047,0.0,0.0052097200630603,0.0053986764882598,0.9649994909659044,49.1094015750383,100.00291666666668,100.00246153846152,100.0025559040064,100.00244711514117,0.0001087888652477,0.0001703600511986,5.906941508825825e-05,-0.9583333333333334
99.996,99.996,99.996,99.996,100.0,-0.004,0.0,0,700.0,-0.0040000000000048,0.0049999999999954,-0.0040000000000048,100.0018,100.0032,100.0019,100.00028759563313,100.00139392039418,100.00181641891557,0.0040000000000048,0.0180714285714306,0.0,0.0040000000000048,0.0048375972014131,0.005298771024813,0.912965889403354,47.7251525738446,100.00225,100.002,100.00154730339004,100.00196955105665,-0.0004222476665916,0.0001660655822111,-3.719400124771379e-05,-1.0
99.993,100.099,99.992,100.036,99.996,0.04,0.04,40,400713.0,0.0409999999999968,0.0280000000000057,0.0360000000000013,100.01,100.006,100.0037,100.01219173042207,100.00768593486796,100.00507199806644,0.1069999999999993,0.0248571428571448,0.0400000000000062,0.0,0.0073491974013126,0.0049202873801835,1.4936520640870603,59.898174472624135,100.00491666666666,100.0035,100.00684771825313,100.00449032505244,0.0023573932006684,0.0003203526440324,0.0004417234391355,inf
100.072,100.072,100.006,100.026,100.036,-0.01,-0.01,134,1340478.0,0.0069999999999907,0.0079999999999955,0.0180000000000006,100.0114,100.0068,100.0046,100.01679448694806,100.01101576489197,100.00706514110774,0.0660000000000025,0.0290714285714303,0.0,0.0100000000000051,0.0068242547297903,0.005283123995885,1.2917082270084148,56.36442771314762,100.00783333333334,100.00461538461538,100.00979422313723,100.00608363430784,0.0037105888294206,0.0006946254464439,0.0010954965171925,2.35
99.963,100.423,99.963,99.996,100.026,-0.03,-0.03,173,1731640.0,-0.0030000000000001,-0.0010000000000047,-0.0030000000000001,100.0108,100.0067,100.00445,100.0098629912987,100.00828562582068,100.0060113181451,0.4600000000000079,0.0619285714285737,0.0,0.0300000000000011,0.0063368079633767,0.0070486151390362,0.8990146061859159,47.34111066115208,100.00683333333336,100.00365384615384,100.00767203496228,100.00533669843315,0.0023353365291143,0.0009444889063669,0.0013434645195768,0.291044776119403
99.995,100.007,99.995,100.007,99.996,0.011,0.01,67,665007.0,0.007000000000005,0.007000000000005,0.0110000000000098,100.0122,100.0074,100.005,100.0089086608658,100.00805187567148,100.00610547832176,0.0120000000000004,0.0596428571428587,0.0110000000000098,0.0,0.0066698931088505,0.006545142629105,1.0190600093557507,50.47200205212901,100.00591666666666,100.00396153846154,100.00756864496807,100.00545990595664,0.0021087390114473,0.0011915324209847,0.0014965194179509,-0.6127167630057804
100.01,100.01,100.01,100.01,100.007,0.003,0.0,24,240024.0,0.01400000000001,0.0100000000000051,0.0110000000000098,100.015,100.0084,100.00555,100.0092724405772,100.00840608009484,100.00647638514826,0.0030000000000001,0.0585000000000012,0.0030000000000001,0.0,0.0064077578867898,0.0060776324413118,1.0543180997972104,51.32204695569232,100.007,100.00434615384614,100.00794269958838,100.00579620921911,0.0021464903692702,0.0015044597813932,0.0016265136082148,-0.6417910447761195
99.99,100.0,99.99,100.0,100.01,-0.01,-0.01,0,200.0,-0.0360000000000013,0.0049999999999954,-0.0079999999999955,100.0078,100.0089,100.00515,100.00618162705148,100.00687770189576,100.0058595865627,0.0200000000000102,0.0590714285714304,0.0,0.0100000000000051,0.0059500608948762,0.006357801552647,0.9358676651992882,48.34357647597493,100.007,100.00434615384614,100.00672074580557,100.00536686038808,0.0013538854174868,0.0015640782254832,0.0015719879700692,-1.0
99.996,100.0,99.996,99.997,100.0,-0.003,0.0,4,39999.0,-0.0289999999999963,-0.0220000000000055,0.0,100.002,100.0067,100.00515,100.00312108470098,100.00508175609652,100.00501581641387,0.0040000000000048,0.057857142857145,0.0,0.0030000000000001,0.0055250565452422,0.0061179585846008,0.903088255476098,47.45382947309353,100.00675,100.00423076923076,100.00522524645083,100.00474709295192,0.0004781534989319,0.0015752364505551,0.0013532210758417,inf
99.996,99.996,99.996,99.996,99.997,-0.001,0.0,6,59998.0,0.0,-0.0030000000000001,-0.0080000000000097,100.002,100.0064,100.00475,100.00074738980064,100.00343052771534,100.0041571672316,0.0010000000000047,0.0577142857142882,0.0,0.0010000000000047,0.0051304096491534,0.0057523901142725,0.8918744291045458,47.14236924945829,100.00683333333336,100.00376923076922,100.0038059777661,100.00409916014064,-0.0002931823745484,0.0015305729794666,0.0010239403857637,0.5
100.0,100.0,100.0,100.0,99.996,0.004,0.0,2,20000.0,-0.007000000000005,0.0,-0.0040000000000048,100.0006,100.0064,100.00455,100.0004982598671,100.00280679540346,100.00376124654288,0.0040000000000048,0.0577857142857171,0.0040000000000048,0.0,0.0050496661027857,0.0053415051061102,0.945363900712052,48.59573575751176,100.00525,100.00380769230767,100.00322044272517,100.00379551864876,-0.0005750759235922,0.0015135920620221,0.0007041371238925,-0.6666666666666667
100.005,100.006,100.005,100.006,100.0,0.006,0.01,6,61203.0,-0.0040000000000048,0.0100000000000051,0.0150000000000005,99.9998,100.0074,100.0053,100.00233217324477,100.00338737805735,100.00397446115782,0.0060000000000002,0.057857142857146,0.0060000000000002,0.0,0.0051175470954439,0.0049599690271023,1.0317699702317678,50.78182989947784,100.00583333333331,100.0041923076923,100.00364806692129,100.00395881356366,-0.0003107466423699,0.0012171320794623,0.00050116037064,2.0
100.0,100.0,99.996,100.0,100.006,-0.006,-0.01,20,199993.0,0.0,-0.0360000000000013,-0.0079999999999955,99.9998,100.0038,100.0049,100.00155478216315,100.00277149113784,100.00359594104756,0.0100000000000051,0.0518571428571468,0.0,0.0060000000000002,0.0047520080171979,0.0050342569537379,0.9439343404332092,48.557933300507045,100.00583333333331,100.00423076923076,100.00308682585649,100.0036655681145,-0.0005787422580283,0.0007405397364124,0.0002851798449063,2.333333333333333
100.045,100.045,100.026,100.032,100.0,0.032,0.03,13,130048.0,0.0349999999999965,0.0060000000000002,0.0139999999999957,100.0068,100.0044,100.0056,100.01170318810878,100.0080857654764,100.0063010895192,0.0450000000000017,0.0530714285714322,0.0319999999999964,0.0,0.0066982931588263,0.004674667171328,1.4328919928054211,58.89665455937984,100.00883333333331,100.00515384615385,100.00753500649394,100.00576441492083,0.0017705915731056,0.0006777902968558,0.0005822621905462,-0.35
100.025,100.025,100.025,100.025,100.032,-0.007,-0.01,1,10003.0,0.0290000000000105,0.0290000000000105,0.0280000000000057,100.0126,100.0073,100.007,100.0161354587392,100.01116108084432,100.00808193813644,0.0069999999999907,0.0535000000000027,0.0,0.0069999999999907,0.0062198436474816,0.0048407623733754,1.2848892731631023,56.23420304233636,100.00791666666667,100.00623076923075,100.0102219285718,100.00718927307484,0.0030326554969519,0.0007804476841341,0.0010723408518273,-0.9230769230769232
99.99,100.005,99.99,99.995,100.025,-0.03,-0.03,14,139998.0,-0.0049999999999954,-0.0120000000000004,-0.0049999999999954,100.0116,100.0061,100.00675,100.00909030582612,100.008222702509,100.00683603926628,0.0350000000000108,0.0557142857142888,0.0,0.0300000000000011,0.0057755691012329,0.0066378507752772,0.8700962550625753,46.52681661209257,100.00533333333334,100.0058846153846,100.0078800934069,100.0062863639582,0.0015937294487002,0.0007190298040708,0.0011766185712019,13.0
100.005,100.005,99.995,100.001,99.995,0.006,0.01,7,70999.0,-0.0049999999999954,-0.0090000000000003,0.0010000000000047,100.0106,100.0052,100.0068,100.00639353721743,100.006909483871,100.00628022600284,0.0099999999999909,0.0487857142857168,0.0060000000000002,0.0,0.0057915998797163,0.0061637185770431,0.939627565295924,48.443710643623874,100.00575,100.00576923076925,100.00682161749816,100.00589478144278,0.0009268360553704,0.0006715798749468,0.0011266620680356,-0.5
100.004,100.01,100.004,100.01,100.001,0.009,0.01,5,50004.0,0.0100000000000051,0.0100000000000051,0.0150000000000005,100.0126,100.0062,100.00755,100.00759569147829,100.00747139589446,100.00663449019304,0.0090000000000003,0.044714285714288,0.0090000000000003,0.0,0.0060207713168794,0.0057234529643972,1.0519473741344108,51.26580668659507,100.006,100.0065,100.0073105994215,100.00619887170627,0.0011117277152266,0.0007419770100906,0.0011236751974738,-0.2857142857142857
100.008,100.009,100.008,100.009,100.01,-0.001,0.0,2,20002.0,-0.0229999999999961,0.0120000000000004,-0.0100000000000051,100.008,100.0074,100.00705,100.00806379431886,100.00774932391364,100.00685977684132,0.0020000000000095,0.0120000000000024,0.0,0.0010000000000047,0.0055907162228166,0.0053860634669406,1.0379967219347075,50.93220763129189,100.00591666666666,100.00653846153844,100.0075705072028,100.006406362691,0.0011641445118044,0.0009039022196854,0.0011317690603399,-0.6
99.997,99.998,99.997,99.998,100.009,-0.011,-0.01,5,49999.0,-0.027000000000001,0.0020000000000095,-0.0009999999999905,100.0026,100.0076,100.007,100.0047091962126,100.00597671956568,100.00601598857072,0.0120000000000004,0.0120000000000024,0.0,0.0109999999999956,0.0051913793497583,0.0057870589335874,0.897066957384547,47.28704771819533,100.00575,100.00576923076922,100.00609812147928,100.00578366915832,0.0003144523209499,0.0010027386913012,0.0009683057124619,1.5
100.0,100.0,100.0,100.0,99.998,0.002,0.0,1,10000.0,0.0049999999999954,0.0,0.0,100.0036,100.0076,100.007,100.00313946414173,100.004890043281,100.00544303727824,0.0019999999999953,0.0119285714285735,0.0019999999999953,0.0,0.0049634236819181,0.0053736975811883,0.9236514721806364,48.01553116758683,100.006,100.0058846153846,100.005159948944,100.00535524922068,-0.0001953002766583,0.0010155660652691,0.0007355845146379,-0.8
100.0,100.046,100.0,100.028,100.0,0.028,0.03,9,90020.0,0.027000000000001,0.0220000000000055,0.0320000000000106,100.009,100.0098,100.0086,100.01142630942785,100.00909185359356,100.00759131944224,0.0460000000000064,0.0137857142857161,0.0280000000000057,0.0,0.0066088934189243,0.0049898620396748,1.3244641567996147,56.97933233021638,100.00866666666668,100.00696153846154,100.00867380295264,100.00703263816727,0.0016411647853402,0.0012622224034212,0.0009167005687783,8.0
100.003,100.005,100.003,100.005,100.028,-0.023,-0.02,5,50002.0,-0.0050000000000096,0.0049999999999954,-0.0310000000000059,100.008,100.0103,100.00705,100.00928420628524,100.0083478802129,100.0073445271144,0.0250000000000056,0.0152857142857162,0.0,0.0230000000000103,0.0061368296032869,0.0062763004654131,0.9777781731619166,49.43821235516628,100.00908333333332,100.00715384615386,100.00810860249835,100.00688207237712,0.0012265301212437,0.0012017711309921,0.0009786664792714,-0.4444444444444444
100.005,100.005,100.005,100.005,100.005,0.0,0.0,6,61003.0,-0.0040000000000048,-0.027000000000001,-0.0210000000000007,100.0072,100.0076,100.006,100.00785613752348,100.00773917471965,100.0071212388178,0.0,0.0152142857142873,0.0,-0.0,0.0056984846316235,0.0058279932893121,0.9777781731619164,49.43821235516627,100.009,100.00753846153846,100.00763035596016,100.00674265960843,0.0008876963516968,0.0009634423370749,0.0009604724537565,0.1999999999999999
99.999,100.0,99.999,99.999,100.005,-0.006,-0.01,5,50100.0,0.0009999999999905,-0.0260000000000104,0.0030000000000001,100.0074,100.005,100.00615,100.00490409168232,100.00615023386152,100.0063477875018,0.0060000000000002,0.0153571428571441,0.0,0.0060000000000002,0.005291450015079,0.0058402794829327,0.9060268486366816,47.534841877213466,100.00891666666668,100.00676923076922,100.00630260888936,100.00616912926708,0.0001334796222778,0.0008011923563613,0.0007950738874607,-0.1666666666666666
99.992,99.999,99.992,99.998,99.999,-0.001,0.0,8,79997.0,-0.0019999999999953,0.0030000000000001,-0.0090000000000003,100.007,100.0053,100.0057,100.00260272778824,100.00466837315942,100.00555276012068,0.0069999999999907,0.015428571428572,0.0,0.0009999999999905,0.0049134892997162,0.0054945452341511,0.8942485847921696,47.20861833930226,100.00608333333332,100.00673076923076,100.00502528444484,100.00556400858063,-0.0005387241358079,0.0006383523351192,0.000528314282807,0.6000000000000001
99.997,99.997,99.997,99.997,99.998,-0.001,0.0,1,10000.0,-0.0310000000000059,-0.0040000000000048,-0.0130000000000052,100.0008,100.0049,100.00505,100.00073515185883,100.00327412349408,100.00473821153776,0.0010000000000047,0.0147857142857148,0.0,0.0010000000000047,0.0045625257783079,0.0051735062888549,0.8819020454535332,46.862271476037286,100.00375,100.0066153846154,100.00379062529947,100.00492963757466,-0.001139012275189,0.0003882701139619,0.0001948489712078,-0.875
99.997,100.0,99.997,100.0,99.997,0.003,0.0,2,20000.0,-0.0049999999999954,-0.0100000000000051,0.0,99.9998,100.0039,100.00505,100.00049010123922,100.00267882831332,100.00428695329606,0.0030000000000001,0.0117857142857147,0.0030000000000001,0.0,0.004450916794143,0.0048039701253653,0.9265080085827118,48.09261131825363,100.00416666666666,100.00676923076922,100.00320745217648,100.0045644792358,-0.0013570270593135,0.0001081399393933,-0.0001155262348964,1.0
99.998,99.998,99.998,99.998,100.0,-0.002,0.0,1,10000.0,-0.0069999999999907,-0.0109999999999956,0.0010000000000047,99.9984,100.0028,100.0051,99.99966006749284,100.00182813225636,100.00368819583927,0.0019999999999953,0.0114285714285722,0.0,0.0019999999999953,0.00413299416599,0.0046036865449817,0.897757509249877,47.30622879235671,100.00391666666668,100.0053076923077,100.0024063056878,100.00407822151465,-0.001671915826833,-0.0001125676325825,-0.0004268041532837,-0.5
99.998,99.998,99.968,99.998,99.998,0.0,0.0,10,100186.0,-0.0009999999999905,0.0,0.0020000000000095,99.9982,100.0028,100.0052,99.9991067116619,100.00113210820972,100.00314646290222,0.0300000000000011,0.0110714285714286,0.0,-0.0,0.0038377802969907,0.0042748517917687,0.8977575092498769,47.30622879235671,100.00291666666668,100.00423076923076,100.00172841250506,100.00362798288393,-0.0018995703788675,-0.0003019309772724,-0.0007213573984005,9.0
100.013,100.013,100.005,100.005,99.998,0.007,0.01,2,20002.0,0.0069999999999907,0.0049999999999954,0.0049999999999954,99.99960000000002,100.0033,100.00545,100.00107114110791,100.00183536126252,100.00332299024488,0.0150000000000005,0.0114285714285722,0.0069999999999907,0.0,0.0040636531329193,0.0039695052352138,1.0237177915449578,50.58599552872565,100.00258333333332,100.00457692307693,100.00223173365814,100.00372961378142,-0.0014978801232814,-0.0006507137448971,-0.0008766619433767,-0.8
99.997,99.999,99.997,99.999,100.005,-0.006,-0.01,11,109998.0,0.0019999999999953,-0.0290000000000105,-0.007000000000005,100.0,100.0004,100.0051,100.00038076073862,100.00131984103297,100.00291127688824,0.0079999999999955,0.0113571428571432,0.0,0.0060000000000002,0.0037733921948536,0.0041145405755557,0.9170871268766028,47.83752986598783,100.00266666666666,100.00426923076922,100.00173454386456,100.00337927201984,-0.0016447281552558,-0.0009697424422859,-0.0010302751857525,4.5
100.006,100.006,100.006,100.006,99.999,0.007,0.01,18,180111.0,0.0060000000000002,0.0010000000000047,0.0060000000000002,100.0012,100.0005,100.0054,100.0022538404924,100.00217077902695,100.00320544099412,0.007000000000005,0.0117142857142858,0.007000000000005,0.0,0.0040038641809358,0.0038206448201589,1.0479550885783029,51.17080420478345,100.00316666666669,100.0041153846154,100.0023907678854,100.00357340001835,-0.0011826321329522,-0.0011997789405803,-0.0010607465751924,0.6363636363636365
100.002,100.002,100.002,100.002,100.006,-0.004,0.0,1,10000.0,0.0039999999999906,-0.0030000000000001,-0.0300000000000011,100.002,100.0002,100.0039,100.00216922699494,100.00213972829478,100.00309063708993,0.0040000000000048,0.0111428571428575,0.0,0.0040000000000048,0.0037178738822976,0.0038334559044336,0.9698491322145232,49.23469093920962,100.001,100.0041923076923,100.00233064974918,100.00345685186883,-0.0011262021196642,-0.0013397435785738,-0.0010738376840868,-0.9444444444444444
100.386,100.386,100.386,100.386,100.002,0.384,0.38,1,10039.0,0.387999999999991,0.3870000000000004,0.36099999999999,100.0796,100.0389,100.02195,100.13011281799665,100.07193250496844,100.03955819546228,0.3840000000000003,0.0384285714285722,0.3840000000000003,0.0,0.0308808828907049,0.0035596376255455,8.675288368987388,89.66439074616791,100.03275,100.01915384615384,100.06135670363392,100.03179338136005,0.0295633222738871,0.0020049282447255,0.0050535943075079,0.0
99.999,99.999,99.999,99.999,100.386,-0.387,-0.39,1,10000.0,-0.0060000000000002,0.0009999999999905,0.0039999999999906,100.0784,100.039,100.02215,100.0864085453311,100.05867204951964,100.03569551018018,0.3870000000000004,0.0627857142857146,0.0,0.3870000000000004,0.0286751055413688,0.0309482349380065,0.9265505964656436,48.09375877101014,100.03225,100.01926923076924,100.05176336461332,100.02936424200004,0.0223991226132795,0.0046202765656665,0.0085226999686622,0.0
100.006,100.006,100.006,100.006,99.999,0.007,0.01,1,10001.0,0.007000000000005,0.0090000000000003,0.0049999999999954,100.0798,100.0399,100.0224,100.05960569688742,100.04909531324331,100.03286736635349,0.007000000000005,0.0615000000000003,0.007000000000005,0.0,0.0271268837169857,0.0287376467281489,0.94394937670434,48.55833120020119,100.03283333333331,100.0195,100.04472284698048,100.02763355740744,0.0170892895730645,0.0066698673025974,0.0102360178895427,0.0
99.95,99.999,99.95,99.999,100.006,-0.007,-0.01,48,484102.0,-0.007000000000005,-0.0010000000000047,-0.0110000000000098,100.0784,100.0398,100.02185,100.03940379792496,100.0399870744718,100.02964190289126,0.0559999999999973,0.0655000000000001,0.0,0.007000000000005,0.0251892491657724,0.0271849576761386,0.926587764669653,48.094760158955566,100.03291666666668,100.01923076923076,100.03768856282964,100.02551255315502,0.0121760096746186,0.0082085256916476,0.0106240162465579,47.0
99.996,100.009,99.996,100.009,99.999,0.01,0.01,3,30000.0,0.007000000000005,0.0109999999999956,0.0,100.0798,100.0409,100.02185,100.02926919861665,100.03435306093148,100.0276760073778,0.0130000000000052,0.0660000000000004,0.0100000000000051,0.0,0.024104302796789,0.0252431749849859,0.9548839562030446,48.84606849286891,100.03391666666666,100.01957692307693,100.03327493777893,100.02428940106948,0.00898553670946,0.0094179820347951,0.0102963203391383,-0.9375
99.997,99.997,99.997,99.997,100.009,-0.012,-0.01,1,10000.0,-0.3889999999999958,-0.0010000000000047,-0.0010000000000047,100.002,100.0408,100.0218,100.01851279907775,100.02756159530756,100.02475448286562,0.0120000000000004,0.066357142857144,0.0,0.0120000000000004,0.0223825668827327,0.0242972339146298,0.9211981479610222,47.94914824057554,100.03366666666666,100.01823076923075,100.02769417812064,100.0222679639532,0.0054262141674286,0.010187325844874,0.0093222991047963,-0.6666666666666667
100.055,100.055,100.005,100.006,99.997,0.009,0.01,18,180016.0,0.007000000000005,0.0010000000000047,0.0060000000000002,100.00339999999998,100.0409,100.0221,100.01434186605186,100.02364130525164,100.02296834164032,0.0580000000000069,0.0704285714285727,0.0090000000000003,0.0,0.0214266692482518,0.0225617172064419,0.949691419859387,48.70983224247248,100.03433333333334,100.0175,100.02435661225591,100.02106292958632,0.0032936826696214,0.0107360381587492,0.0081165758177614,17.0
99.996,99.998,99.996,99.998,100.006,-0.008,-0.01,11,111397.0,-0.0079999999999955,-0.0009999999999905,-0.0300000000000011,100.0018,100.0408,100.0206,100.00889457736793,100.01897924975133,100.02059040434123,0.0100000000000051,0.0709285714285731,0.0,0.0079999999999955,0.0198961928733767,0.0215215945488386,0.9244757784199752,48.03779755435448,100.03433333333332,100.01761538461538,100.02030174883194,100.01935456443177,0.0009471844001751,0.0109726844402078,0.0066826975342441,-0.3888888888888888
100.079,100.079,100.079,100.079,99.998,0.081,0.08,1,10008.0,0.0799999999999983,0.0729999999999932,0.073999999999998,100.0178,100.0481,100.0243,100.0322630515786,100.0298921134329,100.02615322297542,0.0809999999999888,0.0765714285714297,0.0809999999999888,0.0,0.0242607505252775,0.0199843377953501,1.213988212855489,54.8326411950382,100.0405,100.02061538461538,100.02933224901165,100.02377274484424,0.0055595041674081,0.011715540694327,0.0064580588608769,-0.9090909090909092
100.011,100.011,100.008,100.008,100.079,-0.071,-0.07,4,40004.0,-0.0010000000000047,0.0060000000000002,0.0030000000000001,100.0176,100.0487,100.02445,100.02417536771908,100.02591172917236,100.0244243445968,0.0709999999999979,0.0795000000000009,0.0,0.0709999999999979,0.022527839773472,0.0236283136671107,0.9534256270192274,48.80787954410526,100.04125,100.02053846153844,100.02605036454833,100.0226043933743,0.0034459711740311,0.008813612794343,0.0058556413235077,3.0
99.995,99.997,99.995,99.997,100.008,-0.011,-0.01,3,30099.0,0.0,-0.3889999999999958,-0.0019999999999953,100.0176,100.0098,100.02435,100.01511691181273,100.020655051141,100.02181250225424,0.012999999999991,0.0793571428571431,0.0,0.0109999999999956,0.0209187083610811,0.0227262912623168,0.9204629175798322,47.92922108278976,100.0405,100.02007692307694,100.02158107769472,100.02070777164286,0.0008733060518721,0.006421855398631,0.0048591742691806,-0.25
99.996,99.997,99.996,99.996,99.997,-0.001,0.0,4,40098.0,-0.0100000000000051,-0.0030000000000001,-0.0020000000000095,100.0156,100.0095,100.02425,100.00874460787516,100.01617231456991,100.01935416870624,0.0010000000000047,0.0788571428571438,0.0,0.0010000000000047,0.0194245149067182,0.0211744133150088,0.9173578798969504,47.84489580767543,100.04,100.02,100.01764552728017,100.01887756633596,-0.0012320390558215,0.0043861522176437,0.0036409316041802,0.3333333333333332
100.008,100.008,100.008,100.008,99.996,0.012,0.01,1,10001.0,0.0099999999999909,0.0019999999999953,0.0109999999999956,100.0176,100.0097,100.0248,100.00849640525011,100.01468643919355,100.01827281930562,0.0120000000000004,0.0792142857142863,0.0120000000000004,0.0,0.0188941924133812,0.0196619552210796,0.96095185859872,49.00435746981613,100.00849999999998,100.0203076923077,100.01616160000628,100.01807182068146,-0.0019102206751711,0.0028210155121115,0.0025307011483099,-0.75
99.997,99.997,99.997,99.997,100.008,-0.011,-0.01,1,10000.0,-0.0819999999999936,-0.0019999999999953,-0.0030000000000001,100.0012,100.0095,100.02465,100.00466427016676,100.01147072297654,100.0162468365146,0.0109999999999956,0.0797142857142857,0.0,0.0109999999999956,0.0175446072409968,0.0190432441338593,0.9213034878759004,47.952002049111385,100.00833333333333,100.01911538461538,100.0132136615438,100.01651094507542,-0.0032972835316371,0.0014562577075452,0.0013651042123205,0.0
100.2,100.9,100.2,100.331,99.997,0.334,0.33,21,212692.0,0.3230000000000075,0.3220000000000027,0.3329999999999984,100.0658,100.0417,100.0413,100.11344284677784,100.06956695516264,100.04622332827512,0.9030000000000058,0.1167857142857146,0.3340000000000032,0.0,0.0401485638666401,0.0176830124100122,2.2704595198897115,69.4232570708069,100.03541666666668,100.03165384615384,100.06210386746014,100.0398064306254,0.0222974368347479,0.003330838003914,0.005551570736806,20.0
100.002,100.5,100.002,100.26,100.331,-0.071,-0.07,2,20152.0,0.2630000000000052,0.2630000000000052,0.2620000000000004,100.1184,100.068,100.0544,100.16229523118524,100.10419114513306,100.06658301129656,0.4980000000000046,0.1247142857142863,0.0,0.0709999999999979,0.0372808093047373,0.0214913686664397,1.7346875335563807,63.432750991498864,100.05716666666667,100.04146153846152,100.09254942631242,100.05611706539388,0.036432360918539,0.0070129133649048,0.0117277287731526,-0.9047619047619048
100.001,100.001,100.0,100.0,100.26,-0.26,-0.26,6,60000.0,0.0040000000000048,-0.0060000000000002,-0.0049999999999954,100.1192,100.0674,100.05415,100.10819682079016,100.0852473005634,100.06024177212544,0.2600000000000051,0.1427857142857149,0.0,0.2600000000000051,0.0346178943543989,0.0385276994759801,0.8985196319853259,47.32738165292097,100.05641666666668,100.04149999999998,100.0783110530336,100.05196024573507,0.0263508072985132,0.0098355381313868,0.0146523444782247,2.0
100.003,100.007,100.002,100.007,100.0,0.007,0.01,13,130005.0,-0.0009999999999905,0.0090000000000003,0.0080000000000097,100.119,100.0683,100.05455,100.07446454719346,100.07102051864278,100.05517112716112,0.007000000000005,0.1392857142857155,0.007000000000005,0.0,0.0326451876147993,0.0357757209419815,0.9124955907315164,47.712297751363344,100.05725,100.04184615384614,100.06734012179766,100.0486298571621,0.0187102646355583,0.0112967337389591,0.0154639285096914,1.1666666666666663
100.005,100.005,100.0,100.005,100.007,-0.002,0.0,4,43002.0,0.0079999999999955,-0.073999999999998,-0.0010000000000047,100.1206,100.0609,100.0545,100.05130969812896,100.05901678798044,100.05039292457435,0.007000000000005,0.138857142857144,0.0,0.0020000000000095,0.0303133884994565,0.0333631694461264,0.9085883926107632,47.605256121667104,100.05716666666666,100.04215384615384,100.05774933382878,100.04539801589084,0.0123513179379415,0.0122862167127269,0.0148414063953414,-0.6923076923076923
100.0,100.0,99.999,99.999,100.005,-0.006,-0.01,3,30000.0,-0.3320000000000078,-0.0090000000000003,-0.0030000000000001,100.0542,100.06,100.05435,100.033873132086,100.04810464471127,100.04549836032916,0.0060000000000002,0.1384285714285726,0.0,0.0060000000000002,0.028148146463781,0.0314086573428317,0.8961906953404121,47.26268816436335,100.05725,100.04211538461536,100.0487109747782,100.04196112582484,0.0067498489533619,0.0129391659240035,0.0132230949069455,-0.25
99.943,99.964,99.939,99.964,99.999,-0.035,-0.04,51,514406.0,-0.2960000000000065,-0.0330000000000012,-0.421999999999997,99.995,100.0567,100.03325,100.01058208805732,100.0328128911274,100.03773661172636,0.0600000000000022,0.1385714285714294,0.0,0.0349999999999965,0.026137564573511,0.0316651818183434,0.8254354806315891,45.218551375258336,100.04766666666666,100.0408076923077,100.03567851712002,100.0361862276156,-0.0005077104955688,0.0130196468751427,0.0104769338264426,16.0
100.096,100.096,99.969,99.97,99.964,0.006,0.01,3,30103.0,-0.0300000000000011,-0.0259999999999962,-0.0289999999999963,99.989,100.0541,100.0318,99.99705472537156,100.02139236546786,100.03128550584768,0.132000000000005,0.1472857142857151,0.0060000000000002,0.0,0.0246991671039745,0.0294033831170332,0.8400110628652939,45.65250067340441,100.0445,100.03973076923076,100.02557412987078,100.03128354408852,-0.0057094142177334,0.0125975142593025,0.0072396642176074,-0.9411764705882352
99.953,99.953,99.85,99.953,99.97,-0.017,-0.02,10,102609.0,-0.054000000000002,-0.0549999999999926,-0.0529999999999972,99.9782,100.0486,100.02915,99.9823698169144,100.00895738992824,100.023829743386,0.1200000000000045,0.1500714285714305,0.0,0.0169999999999959,0.022934940882262,0.028517427180102,0.8042429892926979,44.57509293734201,100.04083333333334,100.03773076923076,100.01440887912142,100.02548476304491,-0.0110758839234961,0.0117332253268737,0.0035765545893867,2.333333333333333
99.96,100.049,99.96,100.025,99.953,0.072,0.07,34,341032.0,0.0200000000000102,0.0280000000000057,0.0260000000000104,99.9822,100.0514,100.03045,99.99657987794292,100.0118742281231,100.02394119639686,0.0960000000000036,0.1518571428571452,0.0720000000000027,0.0,0.0264395879621006,0.026480468095809,0.9984562155940594,49.96137557595972,100.04325,100.03873076923075,100.01603828233353,100.0254488546712,-0.0094105723376998,0.0082101131966017,0.0009791292039694,2.4
99.99,99.99,99.86,99.987,100.025,-0.038,-0.04,16,160275.0,-0.0120000000000004,-0.3440000000000083,-0.0220000000000055,99.9798,100.017,100.02935,99.9933865852953,100.00735164119163,100.0204229872162,0.1650000000000062,0.1627142857142891,0.0,0.0380000000000109,0.0245510459648077,0.027303291803252,0.8991972888003047,47.34617588719888,100.04149999999998,100.038,100.0115708542822,100.02260079136224,-0.0110299370800248,0.0029365245300946,-0.0014226840528294,-0.5294117647058824
99.997,99.998,99.971,99.971,99.987,-0.016,-0.02,5,53093.0,0.007000000000005,-0.2890000000000015,-0.0259999999999962,99.9812,99.9881,100.02805,99.98592439019689,100.00074225188403,100.01571603605277,0.027000000000001,0.1645714285714317,0.0,0.0159999999999911,0.0227973998244643,0.0264959138173047,0.8604119103669153,46.24846280398316,100.03933333333332,100.0368076923077,100.00532918439264,100.0187785105206,-0.0134493261279544,-0.0014857125172906,-0.0038280124678544,-0.6875
99.995,99.999,99.995,99.999,99.971,0.028,0.03,2,19999.0,0.0289999999999963,-0.0010000000000047,-0.007000000000005,99.987,99.988,100.0277,99.99028292679792,100.0004254788142,100.01412403261918,0.0279999999999915,0.1657142857142882,0.0279999999999915,0.0,0.0231690141227163,0.0246033485446401,0.9417016582388608,48.49878220184412,100.01166666666666,100.02192307692306,100.00435546371683,100.0173134356672,-0.0129579719503567,-0.0050044054712812,-0.0056540043643548,-0.6
100.008,100.01,100.008,100.01,99.999,0.011,0.01,7,70106.0,0.0570000000000021,0.0030000000000001,0.0120000000000004,99.9984,99.9883,100.0283,99.99685528453196,100.002166300848,100.01373126760782,0.0110000000000098,0.1657142857142892,0.0110000000000098,0.0,0.0222997988282372,0.0228459665057373,0.9760934746462636,49.395106414234384,99.99083333333331,100.02234615384616,100.00522385391426,100.01677169969186,-0.0115478457775992,-0.0076598681063412,-0.0068327726470037,2.5
100.001,100.001,100.001,100.001,100.01,-0.009,-0.01,2,20000.0,-0.0240000000000009,-0.0039999999999906,-0.0779999999999887,99.9936,99.9879,100.0244,99.99823685635464,100.00195424614834,100.01251876593088,0.0090000000000003,0.101857142857146,0.0,0.0090000000000003,0.0207069560547917,0.0218569688981846,0.947384614547884,48.64907566129838,99.99091666666664,100.02215384615384,100.00457403023516,100.0156034256406,-0.0110293954054583,-0.0096353397017657,-0.0076720971986946,-0.7142857142857143
100.0,100.005,99.998,99.998,100.001,-0.003,0.0,18,180600.0,0.0110000000000098,-0.0009999999999905,-0.0099999999999909,99.9958,99.9878,100.0239,99.99815790423644,100.00123529230318,100.01113602631844,0.0069999999999907,0.0667857142857164,0.0,0.0030000000000001,0.0192278877651637,0.0205100425483143,0.9374864883809844,48.386736836775206,99.99016666666668,100.02211538461538,100.0035626409682,100.01429946818575,-0.0107368272175563,-0.010771908226431,-0.008285043202467,8.0
100.0,100.0,99.995,99.995,99.998,-0.003,0.0,2,20099.0,0.0240000000000009,0.0310000000000059,-0.0019999999999953,100.0006,99.9909,100.0238,99.99710526949096,100.0001016027935,100.00959926190714,0.0049999999999954,0.04857142857143,0.0,0.0030000000000001,0.0178544672105092,0.0192593252234347,0.9270556991676898,48.10736397334505,99.98933333333332,100.0215769230769,100.00224531158848,100.01286987794978,-0.0106245663613151,-0.0113180362423845,-0.0087529478342366,-0.8888888888888888
100.004,100.013,99.964,100.013,99.995,0.018,0.02,27,269995.0,0.01400000000001,0.0430000000000063,0.0170000000000101,100.0034,99.9952,100.02465,100.002403512994,100.00244676592196,100.00992314172552,0.0490000000000065,0.0515714285714301,0.0180000000000006,0.0,0.0178648624097586,0.0178836591360465,0.9989489440530628,49.97370978508321,99.9905,100.02219230769232,100.0038998790364,100.01287951662016,-0.0089796375837636,-0.0110851199824142,-0.008798285784142,12.5
99.969,99.983,99.969,99.983,100.013,-0.03,-0.03,2,21194.0,-0.027000000000001,0.0300000000000011,-0.0249999999999914,99.998,99.9982,100.0234,99.99593567532936,99.99891099029976,100.00735903298975,0.0440000000000111,0.0542142857142877,0.0,0.0300000000000011,0.0165888008090615,0.0187491120549004,0.8847779436427103,46.9433519543793,99.99208333333333,100.0213076923077,100.0006845130308,100.01066621909274,-0.0099817060619358,-0.0111485792851071,-0.0090349698397007,-0.925925925925926
99.992,99.998,99.992,99.998,99.983,0.015,0.02,6,59998.0,-0.0030000000000001,-0.027000000000001,0.0010000000000047,99.9974,99.9955,100.02345,99.9966237835529,99.9987453556998,100.00646769651456,0.0150000000000005,0.0548571428571449,0.0150000000000005,0.0,0.0164753150369857,0.0174098897652647,0.946319319600545,48.62096933789692,99.99441666666668,100.0213076923077,100.00027151102606,100.00972798064144,-0.0094564696153724,-0.0109737495668124,-0.0091192697948351,2.0
100.07,100.07,99.995,100.004,99.998,0.006,0.01,105,1050263.0,0.0060000000000002,0.0170000000000101,-0.3269999999999982,99.9986,99.9972,100.0071,99.9990825223686,99.99970074557255,100.00623267779888,0.0749999999999886,0.0559285714285725,0.0060000000000002,0.0,0.0157270782486296,0.0161663262106029,0.9728294507823814,49.31138119397895,99.99866666666668,100.01842307692309,100.00084512471436,100.0093036857791,-0.0084585610647422,-0.0104192201153444,-0.0089871280488165,16.5
100.025,100.025,100.025,100.025,100.004,0.021,0.02,1,10003.0,0.0300000000000011,0.054000000000002,-0.2349999999999994,100.0046,100.0026,99.99535,100.00772168157908,100.00430061001391,100.00802004181804,0.0210000000000007,0.0480000000000008,0.0210000000000007,0.0,0.0161037155165847,0.0150115886241313,1.0727522529293034,51.75496740689792,99.99866666666668,100.01907692307692,100.00456125937367,100.0104663757214,-0.005905116347705,-0.0096355694928275,-0.0083707257085942,-0.9904761904761904
99.996,100.004,99.996,99.997,100.025,-0.028,-0.03,13,131198.0,-0.0160000000000053,-0.0019999999999953,-0.0030000000000001,100.00140000000002,100.0024,99.9952,100.0041477877194,100.00297322637502,100.00697051402584,0.0290000000000105,0.0415000000000012,0.0,0.0280000000000057,0.0149534501225429,0.0159393322938366,0.9381478374928632,48.4043486954239,99.9995,100.01907692307692,100.0033979887008,100.0094688664087,-0.0060708777078843,-0.0090270174850815,-0.0079107561084522,12.0
99.996,100.0,99.996,100.0,99.997,0.003,0.0,3,29999.0,0.0169999999999959,-0.0100000000000051,-0.007000000000005,100.0048,100.00140000000002,99.99485,100.00276519181294,100.00243263976138,100.0063066555472,0.0040000000000048,0.0349285714285727,0.0030000000000001,0.0,0.014099632256647,0.0148008085585625,0.9526258110061248,48.78691071461703,100.00191666666667,100.01923076923076,100.00287522120838,100.00876746889692,-0.0058922476885499,-0.0084562232943138,-0.0075070544244718,-0.7692307692307692
100.009,100.398,99.996,99.998,100.0,-0.002,0.0,6,60078.0,0.0,-0.0030000000000001,-0.0069999999999907,100.0048,100.0011,99.9945,100.00117679454198,100.0016267052593,100.00551554549509,0.402000000000001,0.0518571428571438,0.0,0.0019999999999953,0.0130925156668865,0.0138864650900934,0.9428256638348284,48.52857780218122,100.00183333333337,100.01884615384614,100.00212518717632,100.00796987860828,-0.0058446914319603,-0.0079126526514698,-0.0071745818259695,1.0
100.098,100.098,100.004,100.004,99.998,0.006,0.01,7,70169.0,0.0,0.0060000000000002,0.0050000000000096,100.0048,100.0017,99.99475,100.002117863028,100.00205821339397,100.00537120782889,0.0999999999999943,0.057071428571429,0.0060000000000002,0.0,0.0125859074049661,0.0128945747265153,0.9760622332961044,49.39430635582851,100.00133333333332,100.0191153846154,100.00241361991844,100.00767581352618,-0.0052621936077486,-0.0073168334566291,-0.0067921041823253,0.1666666666666667
100.149,100.149,100.0,100.007,100.004,0.003,0.0,7,70018.0,-0.0180000000000006,0.0120000000000004,0.0430000000000063,100.0012,100.0029,99.9969,100.00374524201868,100.00295672004958,100.0055263308928,0.1490000000000009,0.0657142857142868,0.0030000000000001,0.0,0.0119011997331828,0.0119735336746214,0.9939588476214072,49.84851361436573,100.00183333333337,100.00665384615384,100.00311921685406,100.00762575326496,-0.0045065364109149,-0.0068198222152015,-0.0063349906280432,0.0
100.0,100.0,99.999,100.0,100.007,-0.007,-0.01,8,80000.0,0.0030000000000001,-0.0130000000000052,0.0300000000000011,100.0018,100.0016,99.9984,100.00249682801244,100.00241913458602,100.00500001366493,0.0080000000000097,0.0655000000000011,0.0,0.007000000000005,0.0110511140379554,0.0116182812692916,0.9511832070346512,48.74904640452654,100.002,99.99665384615383,100.00263933733804,100.00706088265277,-0.0044215453146989,-0.0062020265766196,-0.0059523015653743,0.1428571428571428
99.993,99.996,99.993,99.996,100.0,-0.004,0.0,15,147990.0,-0.0040000000000048,0.012999999999991,0.0429999999999921,100.001,100.0029,100.00055,100.00033121867496,100.00125201920676,100.00414286950634,0.007000000000005,0.0653571428571443,0.0,0.0040000000000048,0.01026174874953,0.0110741183214854,0.9266425056720522,48.096234923916015,100.00208333333332,99.9965,100.0016179008245,100.0062415580118,-0.0046236571873095,-0.0056650474179459,-0.0056865726897614,0.875
100.075,100.093,100.003,100.005,99.996,0.009,0.01,93,935223.0,0.0069999999999907,0.0069999999999907,-0.0200000000000102,100.0024,100.0036,99.99955,100.00188747911665,100.00193347026006,100.00422450098192,0.0970000000000084,0.071785714285717,0.0090000000000003,0.0,0.0101716238388493,0.0102831098699508,0.989158335123191,49.72748109877996,100.00141666666669,99.99642307692308,100.00213822377458,100.00614959075168,-0.004011366977096,-0.0051709147415408,-0.0053515315472283,5.2
99.99,100.149,99.99,99.999,100.005,-0.006,-0.01,229,2286854.0,-0.0050000000000096,-0.0050000000000096,0.0120000000000004,100.0014,100.0031,100.00015,100.00092498607778,100.00140011203096,100.00372692945984,0.159000000000006,0.0827857142857177,0.0,0.0060000000000002,0.0094450792789315,0.0099771734506686,0.9466688462049956,48.63019450126372,100.00275,99.9961923076923,100.00165542011696,100.00561999143672,-0.0039645713197842,-0.0049552986273274,-0.0050741395017395,1.4623655913978495
99.998,100.058,99.998,99.998,99.999,-0.001,0.0,2,20906.0,-0.0090000000000003,-0.027000000000001,0.027000000000001,99.99960000000002,100.0004,100.0015,99.99994999071852,100.0007819098435,100.00318150760651,0.0600000000000022,0.0835714285714317,0.0,0.0009999999999905,0.0087704307590078,0.0093359467756201,0.9394259596585236,48.43835130596731,100.00275,99.99615384615385,100.00109304779129,100.0050555476266,-0.0039624998353389,-0.0047210344192668,-0.0048518115684593,-0.9912663755458516
100.0,100.0,99.999,99.999,99.998,0.001,0.0,7,70000.0,-0.0010000000000047,0.0019999999999953,0.0,99.9994,100.0006,100.0015,99.9996333271457,100.00045792623558,100.00278326878686,0.0019999999999953,0.0805714285714306,0.0009999999999905,0.0,0.0082153999905066,0.0086690934345044,0.9476654107577124,48.65647895800728,100.00233333333333,99.9975,100.00077104043876,100.00460698854316,-0.0038359481043954,-0.0044925566876941,-0.0046486388756466,2.5
99.993,100.112,99.993,99.999,99.999,0.0,0.0,42,420038.0,0.0030000000000001,-0.0010000000000047,-0.0110000000000098,100.0,100.0005,100.00095,99.99942221809714,100.0001928487382,100.0024229574738,0.1189999999999997,0.0880000000000019,0.0,-0.0,0.0076285857054704,0.008049872474897,0.9476654107577124,48.65647895800728,100.00016666666666,99.99861538461538,100.00049857267896,100.00419165605848,-0.003693083379531,-0.004253489126313,-0.0044575277764234,5.0
100.002,100.068,100.002,100.043,99.999,0.044,0.04,20,201538.0,0.0380000000000109,0.0450000000000017,0.0420000000000015,100.0076,100.005,100.00305,100.0139481453981,100.00797596714943,100.0062874377144,0.0690000000000026,0.0875714285714315,0.0440000000000111,0.0,0.0102265438693662,0.0074748815838329,1.3681211875629895,57.772431358164994,100.004,100.00207692307691,100.00703725380528,100.0070663482023,-2.9094397035578368e-05,-0.003672033658456,-0.0035718411005459,-0.5238095238095238
99.997,99.997,99.997,99.997,100.043,-0.046,-0.05,2,20099.0,-0.0019999999999953,-0.007000000000005,-0.0010000000000047,100.0072,100.0043,100.003,100.00829876359872,100.00598033675864,100.00540291983684,0.0460000000000064,0.0893571428571462,0.0,0.0460000000000064,0.0094960764501257,0.0102266757564167,0.9285594533656206,48.14782617902432,100.00375,100.001,100.00549306091214,100.00632069277992,-0.0008276318677644,-0.0032632664869949,-0.0030229992539896,-0.9
99.991,99.999,99.991,99.993,99.997,-0.004,0.0,3,30198.0,-0.0050000000000096,-0.01400000000001,-0.0020000000000095,100.0062,100.0029,100.0029,100.0031991757325,100.00362027552976,100.0042216893762,0.0079999999999955,0.0878571428571451,0.0,0.0040000000000048,0.0088177852751168,0.0097819132023873,0.9014376934938216,47.4082162449122,100.00333333333332,100.00123076923076,100.00357105154104,100.00533397479622,-0.0017629232551712,-0.0029678640359362,-0.0027709840542259,0.5
99.998,99.999,99.991,99.998,99.993,0.005,0.01,41,407985.0,-0.0009999999999905,-0.0019999999999953,-0.0150000000000005,100.006,100.0027,100.00215,100.00146611715502,100.00259840725164,100.00362914753084,0.0079999999999955,0.0881428571428587,0.0050000000000096,0.0,0.0085450863268948,0.0090832051165025,0.940756728191682,48.47370690649316,100.00283333333334,100.00226923076922,100.0027139666886,100.0047907174039,-0.002076750715318,-0.0026848744279372,-0.0026321373864443,12.666666666666666
100.07,100.07,99.996,99.998,99.998,0.0,0.0,21,210010.0,-0.0009999999999905,0.0020000000000095,0.0150000000000005,100.0058,100.0029,100.0029,100.00031074477002,100.00176233320586,100.0030930382422,0.073999999999998,0.0647142857142871,0.0,-0.0,0.0079347230178309,0.008434404751038,0.940756728191682,48.47370690649316,100.00208333333332,100.00223076923076,100.0019887410442,100.00428770129992,-0.0022989602557288,-0.0024946070144519,-0.0025655019603012,-0.4878048780487805
100.007,100.008,100.004,100.008,99.998,0.01,0.01,8,80205.0,-0.0350000000000108,0.0030000000000001,0.0099999999999909,99.9988,100.0032,100.0034,100.00287382984668,100.00289645444114,100.0035603679334,0.0099999999999909,0.0582857142857154,0.0099999999999909,0.0,0.0080822428022709,0.007831947268821,1.0319582761296555,50.78639105204778,100.00275,100.00215384615385,100.00291355011431,100.0045626863888,-0.0016491362744943,-0.0022373364538642,-0.0023822288231398,-0.6190476190476191
100.001,100.001,100.001,100.001,100.008,-0.007,-0.01,1,10000.0,0.0040000000000048,0.0020000000000095,-0.0030000000000001,99.99960000000002,100.0034,100.00325,100.0022492198978,100.00255164454276,100.00331652336833,0.0069999999999907,0.0481428571428576,0.0,0.0069999999999907,0.0075049397449658,0.0077725224639046,0.9655732459852796,49.12425664917251,100.00316666666669,100.00215384615385,100.00261915778904,100.00429878369334,-0.0016796259043019,-0.0019836837948601,-0.0022417082393722,-0.875
99.995,99.999,99.995,99.999,100.001,-0.002,0.0,9,93598.0,0.0060000000000002,0.0009999999999905,-0.0260000000000104,100.0008,100.0035,100.00195,100.00116614659856,100.00190589098952,100.00290542590466,0.0060000000000002,0.0479999999999997,0.0,0.0020000000000095,0.0069688726203254,0.0073601994307692,0.946832037076624,48.63450051389093,100.00266666666666,100.00219230769233,100.00206236428303,100.00390628119752,-0.0018439169144954,-0.0017623469959823,-0.0021621499743969,8.0
99.993,100.012,99.993,100.012,99.999,0.013,0.01,8,80003.0,0.0139999999999957,0.0130000000000052,0.0150000000000005,100.0036,100.0048,100.0027,100.0047774310657,100.00374118353687,100.0037715758185,0.0190000000000054,0.0488571428571426,0.0130000000000052,0.0,0.0073996674331597,0.0068344709,1.082697920794382,51.98535562859831,100.00375,100.00284615384616,100.00359123131642,100.00450581592364,-0.0009145846072158,-0.0014536249101695,-0.0019126369009607,-0.1111111111111111
99.995,100.0,99.995,100.0,100.012,-0.012,-0.01,6,56000.0,0.0019999999999953,0.0010000000000047,0.0,100.004,100.0049,100.0027,100.0031849540438,100.00306096834836,100.0034123781215,0.0169999999999959,0.043142857142856,0.0,0.0120000000000004,0.0068711197593626,0.0072034372642857,0.953866814864791,48.81943884853786,100.00391666666668,100.00234615384616,100.00303873419082,100.00417205178114,-0.001133317590316,-0.0015763163760895,-0.0017567730388317,-0.25
100.006,100.006,99.997,99.997,100.0,-0.003,0.0,3,30001.0,-0.0109999999999956,-0.0460000000000064,-0.0010000000000047,100.0018,100.0003,100.00265,100.00112330269587,100.0019589741032,100.00280167544324,0.0090000000000003,0.0324285714285699,0.0,0.0030000000000001,0.0063803254908367,0.0069031917454082,0.9242573183746045,48.03189830948976,100.00375,100.00288461538464,100.00210969816148,100.00364078868624,-0.0015310905247645,-0.0016544784490896,-0.0017116365360183,-0.5
100.085,100.085,99.997,99.999,99.997,0.002,0.0,11,114450.0,-0.0020000000000095,0.0019999999999953,-0.0050000000000096,100.0014,100.0005,100.0024,100.0004155351306,100.0014209788117,100.00243961111534,0.0879999999999938,0.0344285714285693,0.0019999999999953,0.0,0.0060674450986337,0.0064101066207362,0.946543553426402,48.626887991293565,100.00375,100.00292307692308,100.00163128305972,100.00329702656131,-0.0016657435016185,-0.0016436806986948,-0.0017024579291383,2.6666666666666665
100.001,100.001,99.998,100.0,99.999,0.001,0.0,3,30000.0,0.0010000000000047,0.007000000000005,-0.007000000000005,100.0016,100.0012,100.00205,100.0002770234204,100.00116261902777,100.00220726719958,0.0030000000000001,0.0344999999999982,0.0010000000000047,0.0,0.0057054847344459,0.0059522418621121,0.9585438338389936,48.94165845449201,100.00016666666666,100.00276923076925,100.00138031643516,100.0030528023716,-0.0016724859364529,-0.001598762389932,-0.0016964635306012,-0.7272727272727273
100.0,100.001,99.981,99.981,100.0,-0.019,-0.02,8,79998.0,-0.0310000000000059,-0.0170000000000101,-0.0190000000000054,99.9954,99.9995,100.0011,99.99385134894692,99.99749668829544,100.0001875274663,0.0200000000000102,0.0274285714285704,0.0,0.0190000000000054,0.0052979501105569,0.0068842245862474,0.7695783372815374,43.489362469467125,99.99883333333332,100.00107692307694,99.99824488313745,100.0014192614552,-0.003174378317766,-0.0016960310634917,-0.0019920464880342,1.6666666666666663
100.008,100.05,100.004,100.006,99.981,0.025,0.03,13,130015.0,0.0060000000000002,0.0079999999999955,0.0100000000000051,99.9966,100.0003,100.0016,99.99790089929796,99.99904274496896,100.00074109627904,0.0690000000000026,0.0274285714285704,0.0250000000000056,0.0,0.0067052393883747,0.0063924942586583,1.048923802988609,51.193890249048,99.99991666666666,100.00142307692307,99.99943797803935,100.00175857542148,-0.0023205973821092,-0.0017706378532267,-0.0020577566668492,0.625
99.999,99.999,99.999,99.999,100.006,-0.007,-0.01,9,89999.0,0.0019999999999953,-0.0090000000000003,-0.0060000000000002,99.997,99.9994,100.0013,99.99826726619864,99.99903497315644,100.0005752775858,0.007000000000005,0.024642857142856,0.0,0.007000000000005,0.0062262937177765,0.0064358875258973,0.9674335812617229,49.17236294407986,100.0,100.00138461538462,99.99937059680254,100.00155423650136,-0.0021836396988277,-0.0018266393859518,-0.0020829332732449,-0.3076923076923077
99.962,99.962,99.962,99.962,99.999,-0.037,-0.04,1,9996.0,-0.0369999999999919,-0.0390000000000014,-0.0369999999999919,99.9896,99.9955,99.99945,99.98617817746576,99.99230134167344,99.99690144162524,0.0369999999999919,0.0267142857142843,0.0,0.0369999999999919,0.005781558452221,0.0086190384169041,0.6707892658747138,40.14804736751365,99.997,100.0,99.99362127421752,99.99862429305682,-0.0050030188392895,-0.0021776507109289,-0.0026669503864538,-0.8888888888888888
100.1,100.1,100.1,100.1,99.962,0.138,0.14,5,50050.0,0.0999999999999943,0.100999999999999,0.1019999999999896,100.0096,100.0056,100.00455,100.0241187849772,100.01188291591464,100.00672035194664,0.137999999999991,0.0359999999999983,0.137999999999991,0.0,0.0152257328484903,0.0080033928156966,1.9024097903365211,65.54587145724676,100.00466666666668,100.00369230769228,100.00998723203024,100.00613360468223,0.0038536273479792,-0.0016478493825739,-0.0013628348395672,4.0
100.0,100.0,100.0,100.0,100.1,-0.1,-0.1,10,100000.0,0.0190000000000054,-0.0120000000000004,0.0010000000000047,100.0134,100.0044,100.0046,100.0160791899848,100.00972238574832,100.0060803184279,0.0999999999999943,0.0378571428571409,0.0,0.0999999999999943,0.0141381805021696,0.0145745790431465,0.9700575543427368,49.2400616522279,100.00458333333334,100.00342307692308,100.0084507347948,100.00567926359469,0.0027714712001341,-0.0012139839614128,-0.0005359736316269,1.0
100.004,100.019,100.0,100.007,100.0,0.007,0.01,59,589825.0,0.0010000000000047,0.007000000000005,0.0080000000000097,100.0136,100.0051,100.005,100.0130527933232,100.00922740652136,100.00616790714906,0.0190000000000054,0.038499999999999,0.007000000000005,0.0,0.0136283104663007,0.0135335376829217,1.0070028092875187,50.17445937930712,100.00525,100.0036923076923,100.00822754482635,100.005777095921,0.0024504489053782,-0.0007715906913969,6.131087577407573e-05,4.9
100.045,100.045,100.045,100.045,100.007,0.038,0.04,5,50023.0,0.0460000000000064,0.0480000000000018,0.0019999999999953,100.0228,100.0099,100.0051,100.02370186221547,100.01573151442656,100.00986620170627,0.0379999999999967,0.0407142857142852,0.0379999999999967,0.0,0.0153691454329932,0.0125668564198559,1.2229904535799163,55.01555130884192,100.00799999999998,100.00557692307692,100.01388484562231,100.00868249622312,0.0052023493991839,-8.469257974436712e-06,0.001089518580456,-0.9152542372881356
99.998,100.018,99.996,100.003,100.045,-0.042,-0.04,9,90001.0,0.0409999999999968,0.0040000000000048,0.0060000000000002,100.031,100.0103,100.0054,100.016801241477,100.01341669362172,100.00921227773426,0.0490000000000065,0.0437857142857142,0.0,0.0420000000000015,0.0142713493306366,0.0146692238184377,0.9728769229561384,49.31260088431617,100.00825000000002,100.0055,100.01221025398812,100.00826157057696,0.0039486834111528,0.0006161051139817,0.0016613515465954,0.8
99.961,99.997,99.961,99.997,100.003,-0.006,-0.01,6,54997.0,-0.1029999999999944,-0.0030000000000001,0.0040000000000048,100.0104,100.01,100.0056,100.01020082765136,100.01043184023597,100.00804920366431,0.0420000000000015,0.0454285714285711,0.0,0.0060000000000002,0.0132519672355911,0.0140499935456922,0.943200948277606,48.53851832017839,100.00825,100.00542307692308,100.00987021491302,100.00742738016386,0.0024428347491607,0.0012402398991958,0.0018176481871084,-0.3333333333333333
100.005,100.007,100.005,100.007,99.997,0.01,0.01,11,106006.0,0.007000000000005,0.0260000000000104,0.0090000000000003,100.0118,100.0126,100.00605,100.00913388510092,100.00980786928396,100.00794927950582,0.0100000000000051,0.0449285714285717,0.0100000000000051,0.0,0.0130196838616207,0.0130464225781427,0.9979504943702456,49.94870979947879,100.00891666666666,100.00576923076925,100.00942864338796,100.00739572237394,0.0020329210140062,0.0017239641654308,0.001860702752488,0.8333333333333333
99.99,99.995,99.99,99.995,100.007,-0.012,-0.01,2,15199.0,-0.0120000000000004,-0.0109999999999956,-0.0030000000000001,100.0094,100.0115,100.0059,100.00442259006728,100.00711552941414,100.00671601479098,0.0170000000000101,0.045500000000001,0.0,0.0120000000000004,0.0120897064429335,0.0129716781082754,0.932007897669055,48.24037721551302,100.0085,100.00561538461535,100.00720885209748,100.00647752071662,0.0007313313808765,0.0020478498409535,0.0016348284781657,-0.8181818181818181
100.0,100.005,100.0,100.005,99.995,0.01,0.01,11,108504.0,-0.0400000000000062,0.0060000000000002,-0.0030000000000001,100.0014,100.0121,100.00575,100.00461506004486,100.00673088770247,100.00655258481088,0.0099999999999909,0.0399285714285722,0.0099999999999909,0.0,0.011940441697009,0.01204512967197,0.9913086884232852,49.78176885313555,100.0105,100.00584615384616,100.00686902869788,100.0063680747376,0.0005009539602696,0.0026594023742379,0.0014080535745865,4.5
99.85,100.035,99.85,100.005,100.005,0.0,0.0,3,31989.0,0.0019999999999953,0.0429999999999921,0.0039999999999906,100.0018,100.0164,100.00595,100.00474337336324,100.00641618084748,100.0064047195908,0.1850000000000022,0.0529285714285724,0.0,-0.0,0.0110875530043655,0.0111847632668293,0.9913086884232852,49.78176885313555,100.01041666666669,100.00438461538462,100.00658148582129,100.00626673586817,0.0003147499531053,0.0022661937748075,0.0011893928502902,-0.7272727272727273
99.962,99.991,99.962,99.991,100.005,-0.014,-0.01,2,19995.0,-0.0060000000000002,-0.1089999999999946,-0.0079999999999955,100.0006,100.0055,100.00555,100.00016224890884,100.0036132388752,100.00493760343927,0.0429999999999921,0.0545714285714282,0.0,0.0139999999999957,0.0102955849326251,0.0113858516049126,0.9042437307177706,47.48571394150959,100.00975,100.00415384615386,100.00418433415646,100.0051358665446,-0.000951532388143,0.0018525267094433,0.0007612078026036,-0.3333333333333333
100.003,100.009,100.001,100.001,99.991,0.01,0.01,85,850526.0,-0.0060000000000002,0.0010000000000047,-0.0109999999999956,99.9994,100.0056,100.005,100.00044149927255,100.00313810453426,100.00456259358792,0.0180000000000006,0.0509285714285709,0.0100000000000051,0.0,0.0102744717231522,0.010572576490276,0.9718039621280644,49.28501924092127,100.013,100.00446153846154,100.00369443659392,100.00482950605982,-0.0011350694658887,0.0014541357793026,0.0003819523489051,41.5
99.991,99.997,99.991,99.997,100.001,-0.004,0.0,3,29998.0,0.0019999999999953,-0.0100000000000051,-0.0030000000000001,99.9998,100.0046,100.00485,99.9992943328484,100.00202208552804,100.00384234657956,0.0100000000000051,0.0511428571428567,0.0,0.0040000000000048,0.0095405808857842,0.0101031067409709,0.9443214973760996,48.56817654130143,100.00441666666669,100.00442307692308,100.0026645232718,100.00424954264798,-0.0015850193761934,0.0006999836931495,-1.1441996114582855e-05,-0.9647058823529412
99.996,100.0,99.996,100.0,99.997,0.003,0.0,2,20000.0,-0.0049999999999954,-0.0450000000000017,0.0030000000000001,99.9988,100.0001,100.005,99.99952955523229,100.00165443361384,100.00347640881006,0.0040000000000048,0.0487857142857147,0.0030000000000001,0.0,0.0090733965367996,0.009381456259473,0.9671629100906068,49.165369331107385,100.00441666666669,100.0045,100.0022545966146,100.0039347617111,-0.0016801650965021,7.455608118789314e-05,-0.000345186616192,-0.3333333333333333
100.0,100.001,100.0,100.001,100.0,0.001,0.0,8,80101.0,-0.0039999999999906,-0.0019999999999953,0.0020000000000095,99.998,99.9999,100.0051,100.0000197034882,100.00153544568404,100.00324056035195,0.0010000000000047,0.0390000000000014,0.0010000000000047,0.0,0.0084967253556,0.0087113522409392,0.9753623915779048,49.37637750604296,100.00391666666668,100.00423076923076,100.0020615817508,100.00371737195472,-0.0016557902039124,-0.0003808466913757,-0.0006073073337361,3.0
100.006,100.006,100.006,100.006,100.001,0.005,0.01,3,29802.0,0.0150000000000005,0.0090000000000003,0.0060000000000002,100.001,100.0008,100.0054,100.0020131356588,100.0023471828324,100.00350336412797,0.0049999999999954,0.0322142857142872,0.0049999999999954,0.0,0.0082469592587711,0.0080891127951578,1.019513445740027,50.48312245162786,100.00066666666667,100.00442307692308,100.00266749225068,100.00388645551362,-0.0012189632629429,-0.0007421671665923,-0.0007296385195775,-0.625
100.0,100.0,99.996,99.996,100.006,-0.01,-0.01,11,109998.0,-0.0050000000000096,-0.0110000000000098,0.0150000000000005,100.0,99.9997,100.00615,100.00000875710587,100.00119314959014,100.00278875802054,0.0100000000000051,0.0315714285714301,0.0,0.0100000000000051,0.0076578907402875,0.0082256047383612,0.9309820960122064,48.21288078925416,100.00008333333334,100.00430769230768,100.0016417242121,100.00330227362372,-0.0016605494116106,-0.0010079316990909,-0.0009158206979841,2.6666666666666665
100.001,100.001,99.984,99.987,99.996,-0.009,-0.01,16,159991.0,-0.0100000000000051,-0.0080000000000097,-0.0190000000000054,99.998,99.9989,100.0052,99.99567250473726,99.99861257693738,100.00128506678048,0.0170000000000101,0.030071428571431,0.0,0.0090000000000003,0.0071108985445526,0.0082809186856211,0.8587088962604946,46.199213765432376,99.99925,100.00334615384617,99.9993891512564,100.00209469779972,-0.0027055465433392,-0.0013642095328252,-0.0012737658670551,0.4545454545454546
99.986,100.0,99.986,100.0,99.987,0.013,0.01,11,109989.0,0.0,-0.0049999999999954,0.0010000000000047,99.998,99.9984,100.00525,99.99711500315816,99.99886483567605,100.00116267946804,0.0139999999999957,0.0275714285714302,0.0130000000000052,0.0,0.0075315486485135,0.0076894244937911,0.9794684445623976,49.481387149817856,99.99866666666668,100.00334615384617,99.99948312798618,100.00193953499976,-0.0024564070135681,-0.0016721158624556,-0.0015102940963577,-0.3125
99.983,99.986,99.983,99.986,100.0,-0.014,-0.01,6,59990.0,-0.0150000000000005,-0.0189999999999912,0.0240000000000009,99.995,99.9965,100.00645,99.99341000210543,99.99652577464404,99.9997186147568,0.0169999999999959,0.0257857142857156,0.0,0.0139999999999957,0.0069935808879054,0.0081401798870914,0.8591432849040308,46.21178431378299,99.99791666666664,100.00292307692308,99.9974088006037,100.00075882870348,-0.0033500280997742,-0.0019386153859702,-0.001878240897041,-0.4545454545454546
100.004,100.004,99.999,99.999,99.986,0.013,0.01,23,230003.0,-0.007000000000005,0.0079999999999955,-0.100999999999999,99.9936,99.9973,100.0014,99.99527333473698,99.99697563379964,99.99965017525616,0.0180000000000006,0.0263571428571438,0.012999999999991,0.0,0.007422610824483,0.0075587384665849,0.981990692930614,49.54567629571567,99.99741666666668,100.00292307692308,99.99765360051082,100.0006285450958,-0.0029749445849773,-0.0021430459547578,-0.0020975816346283,2.833333333333333
99.991,99.995,99.991,99.995,99.999,-0.004,0.0,7,70595.0,-0.0009999999999905,-0.0060000000000002,-0.0049999999999954,99.9934,99.9967,100.00115,99.995182223158,99.99661642765426,99.99920730142225,0.0079999999999955,0.0257142857142856,0.0,0.0039999999999906,0.0068924243370199,0.0073045428618281,0.943580517959326,48.54856844058327,99.99658333333332,100.00273076923077,99.99724535427838,100.00021161582944,-0.0029662615510659,-0.0022965173075214,-0.0022713176179158,-0.6956521739130435
99.994,99.994,99.994,99.994,99.995,-0.001,0.0,3,29998.0,0.007000000000005,-0.0030000000000001,-0.0130000000000052,99.9948,99.9964,100.0005,99.994788148772,99.99614071353533,99.99871136795346,0.0010000000000047,0.0250714285714295,0.0,0.0010000000000047,0.006400108312947,0.0068542183716979,0.9337473605121858,48.286936524369295,99.99683333333331,100.00323076923075,99.9967460690048,99.99975149613836,-0.003005427133587,-0.0024437686449753,-0.00241813952105,-0.5714285714285714
99.996,99.998,99.996,99.998,99.994,0.004,0.0,1,10200.0,-0.0019999999999953,-0.0019999999999953,-0.046999999999997,99.9944,99.9962,99.99815,99.995858765848,99.99647876561978,99.99864361862456,0.0040000000000048,0.0121428571428582,0.0040000000000048,0.0,0.0062286720048797,0.006364631345148,0.9786383008071712,49.46019191117157,99.99658333333332,100.00292307692308,99.99693898146558,99.99962175568368,-0.0026827742181012,-0.0025578779798852,-0.0024710664604603,-0.6666666666666667
99.972,99.972,99.972,99.972,99.998,-0.026,-0.03,1,9997.0,-0.01400000000001,-0.0290000000000105,-0.0310000000000059,99.9916,99.9933,99.9966,99.98790584389867,99.99202808096165,99.99610613113651,0.0260000000000104,0.0109285714285738,0.0,0.0260000000000104,0.005783766861674,0.0077671576776382,0.7446439356221156,42.68171404021107,99.9945,100.0018846153846,99.99310221508624,99.99757569970711,-0.0044734846208598,-0.0029194914640982,-0.0028715500925402,0.0
99.941,109.0,99.941,102.436,99.972,2.464,2.46,791,8373672.0,2.437000000000012,2.430000000000007,2.439000000000007,100.479,100.2363,100.11855,100.8039372292658,100.43638661169588,100.2284769757902,9.058999999999996,0.6567142857142879,2.464000000000013,0.0,0.1813706406572697,0.007212360700664,25.147194959421487,96.17549797769158,100.1975,100.09703846153846,100.36893264353452,100.17819972195105,0.1907329215834892,0.0184575608686906,0.0358493442426656,790.0
107.47,110.899,102.56,107.8,102.436,5.364,5.24,524,5637018.0,7.804999999999993,7.804000000000002,7.792999999999992,102.04,101.0167,100.5082,103.13595815284388,101.77522540956934,100.94957440666732,8.462999999999994,1.2605000000000015,5.36399999999999,0.0,0.5515584520388925,0.006697192079188,82.35667209738428,98.80033598410488,100.84741666666666,100.3931923076923,101.51217377529844,100.74277752032503,0.7693962549734152,0.1042466499261078,0.1825587263888156,-0.3375474083438685
100.002,100.004,99.985,99.998,107.8,-7.802,-7.24,398,3975128.0,0.0040000000000048,0.0110000000000098,0.0030000000000001,102.0408,101.0178,100.50835,102.08997210189592,101.45209351692036,100.858948272699,7.814999999999998,1.8184285714285724,0.0,7.801999999999992,0.5121614197504002,0.5635045355021027,0.9088860647661798,47.61342657072147,100.84675,100.39311538461538,101.27922396371406,100.68760881511578,0.5916151485982795,0.1702546005496464,0.2643700108307084,-0.2404580152671755
100.0,100.005,100.0,100.003,99.998,0.005,0.01,57,567414.0,0.0049999999999954,0.0030000000000001,-0.0019999999999953,102.0418,101.0181,100.50825,101.39431473459727,101.18862196838936,100.7774293895848,0.0069999999999907,1.8188571428571427,0.0049999999999954,0.0,0.4759356040539427,0.5232542115376668,0.9095686065389312,47.632151231660266,100.84733333333332,100.39296153846156,101.08288181545036,100.63689705103312,0.4459847644172328,0.2201806886070917,0.3006929615480133,-0.8567839195979899
99.996,109.0,99.996,101.864,100.003,1.861,1.86,1058,11054613.0,1.89200000000001,1.878,1.8590000000000089,102.4202,101.2059,100.6012,101.55087648973154,101.31141797413676,100.88091230486243,9.004000000000005,2.461642857142858,1.861000000000004,0.0,0.5748687751929471,0.4858789107135478,1.1831523503432395,54.19467634300565,101.00375,100.46292307692308,101.2030538438426,100.7277935657714,0.4752602780712038,0.2733179355688896,0.3356064248526514,17.56140350877193
100.561,108.0,100.561,105.3,101.864,3.436,3.37,1001,10527960.0,2.86399999999999,5.301000000000002,5.3089999999999975,102.993,101.736,100.86665,102.8005843264877,102.03661470611188,101.30177779963743,7.438999999999993,2.992285714285714,3.435999999999993,0.0,0.7792352912505932,0.4511732742340086,1.727130873550878,63.33142608964917,101.44541666666667,100.66665384615384,101.8333532524822,101.0664755238624,0.7668777286198036,0.3588561566989862,0.4218606856060818,-0.0538752362948959
100.38,101.8,100.009,100.065,105.3,-5.235,-4.97,1046,10484623.0,-7.734999999999999,0.0699999999999931,0.0639999999999929,101.446,101.743,100.86985,101.88872288432516,101.67813930500064,101.18398943776722,5.290999999999997,3.368999999999999,0.0,5.234999999999999,0.7235756275898366,0.7928751832172938,0.912597143794744,47.71507406855576,101.452,100.66926923076925,101.56129890594649,100.99229215172446,0.5690067542220163,0.4224130657384977,0.4512898993292688,0.0449550449550448
100.03,100.382,100.001,100.016,100.065,-0.049,-0.05,467,4676602.0,0.0180000000000006,0.0220000000000055,0.0190000000000054,101.4496,101.7452,100.8708,101.26448192288343,101.37593215863689,101.07275234845606,0.3810000000000002,3.395214285714285,0.0,0.0489999999999923,0.6718916541905626,0.7397412415589152,0.9082792961152636,47.59676940185184,101.45341666666668,100.66961538461538,101.32356061272397,100.91997421455967,0.4035863981642649,0.4675540848920939,0.441749199096268,-0.5535372848948374
100.003,100.058,100.003,100.007,100.016,-0.009,-0.01,289,2893790.0,0.0040000000000048,0.0090000000000003,0.007000000000005,101.4504,101.7461,100.87115,100.84532128192232,101.12703540252107,100.97125212479358,0.0550000000000068,3.3979285714285714,0.0,0.0090000000000003,0.623899393176951,0.6875454385904213,0.9074300521228752,47.5734379414307,101.45441666666667,100.67007692307692,101.12101282615104,100.85234649496267,0.2686663311883563,0.4979029533153402,0.4071326255146857,-0.3811563169164882
100.005,100.005,99.996,99.998,100.007,-0.009,-0.01,329,3292761.0,-1.866,0.0260000000000104,-0.0030000000000001,101.0772,101.7487,100.871,100.56288085461487,100.92175623842633,100.87856144624182,0.0110000000000098,3.397428571428572,0.0,0.0090000000000003,0.5793351508071688,0.6390779072625341,0.9065172559144296,47.54833732043163,101.45475,100.66980769230769,100.9482416221278,100.78906156940988,0.1591800527179145,0.494397078996943,0.3575421109553315,0.1384083044982698
99.999,100.0,99.997,99.999,99.998,0.001,0.0,104,1041985.0,-5.301000000000002,-2.437000000000012,-0.007000000000005,100.017,101.505,100.87065,100.37492056974328,100.75398237689429,100.7947936894569,0.0030000000000001,3.3970714285714294,0.0009999999999905,0.0,0.5380254971780847,0.5934294853152102,0.9066376216414376,47.55164858547724,101.45483333333333,100.66957692307692,100.80220444949276,100.73053849019432,0.0716659592984143,0.4168714905886095,0.300366880623948,-0.6838905775075987
99.998,99.999,99.997,99.997,99.999,-0.002,0.0,112,1119970.0,-0.0679999999999978,-7.802999999999997,0.0010000000000047,100.0034,100.7247,100.8707,100.24894704649552,100.61634921745896,100.71881333808004,0.0019999999999953,3.397142857142857,0.0,0.0019999999999953,0.4995951045225072,0.5511845220784092,0.906402637430078,47.545183773557525,101.45691666666666,100.66980769230769,100.67832684187847,100.6762023057355,0.0021245361429862,0.3513725336491325,0.2407184117277557,0.0769230769230768
99.996,99.998,99.993,99.994,99.997,-0.003,0.0,279,2793752.0,-0.0220000000000055,-0.0040000000000048,0.007000000000005,99.999,100.7243,100.87105,100.16396469766369,100.5031948142846,100.64978349635815,0.0050000000000096,3.3972142857142864,0.0,0.0030000000000001,0.4639097399137567,0.5120284847870943,0.9060233047515984,47.53474432830586,101.25341666666668,100.66953846153848,100.5730457892818,100.62566880160696,-0.0526230123251423,0.2959716695666464,0.1820501269171761,1.4910714285714284
100.003,100.005,99.998,100.001,99.994,0.007,0.01,215,2152141.0,-0.0060000000000002,-0.0019999999999953,0.0010000000000047,99.9978,100.7241,100.8711,100.1096431317758,100.41188666623285,100.58799459194309,0.0109999999999956,3.3961428571428565,0.007000000000005,0.0,0.4312733299199173,0.4754550215880161,0.9070749289374792,47.563675405394434,100.6035,100.6696923076923,100.48503874477692,100.57939703852496,-0.0943582937480442,0.2326807171422855,0.126768442784132,-0.2293906810035842
99.998,99.998,99.994,99.997,100.001,-0.004,0.0,45,449989.0,-0.0010000000000047,-1.8670000000000044,0.0109999999999956,99.9976,100.5374,100.87165,100.07209542118387,100.33645272691776,100.5317093927104,0.007000000000005,2.749571428571429,0.0,0.0040000000000048,0.4004680920684946,0.4417796629031582,0.9064882920069606,47.54754045998888,100.60341666666666,100.66957692307692,100.40995586096508,100.53625651715274,-0.1263006561876523,0.1334386743859015,0.0761546229897751,-0.7906976744186046
99.999,100.0,99.998,99.999,99.997,0.002,0.0,27,269997.0,0.0,-5.301000000000002,0.0,99.9976,100.0073,100.87165,100.04773028078928,100.27509768566,100.48097516483324,0.0030000000000001,2.145285714285715,0.0019999999999953,0.0,0.3720060854921733,0.4102239726957897,0.9068365338269548,47.55711974990143,100.60308333333334,100.6695,100.34673188235509,100.49645973810438,-0.1497278557493047,0.0535792732779769,0.0309781272419592,-0.4
99.996,100.0,99.995,99.995,99.999,-0.004,0.0,59,589983.0,-0.0019999999999953,-0.0699999999999931,0.0,99.9972,100.0003,100.87165000000002,100.03015352052618,100.2241708337218,100.4346918158015,0.0049999999999954,1.5874285714285716,0.0,0.0039999999999906,0.3454342222427323,0.3812079746460898,0.9061568624408514,47.53842038375106,100.44733333333336,100.66907692307691,100.29261928506968,100.45931457231887,-0.1666952872491975,-0.0097853584346299,-0.0085565556562721,1.1851851851851851
99.994,100.0,99.993,99.998,99.995,0.003,0.0,35,352189.0,0.0040000000000048,-0.0180000000000006,0.0040000000000048,99.998,99.9985,100.87185,100.0194356803508,100.1830488639542,100.3931021190585,0.007000000000005,1.5874285714285727,0.0030000000000001,0.0,0.32097463493968,0.3539788335999405,0.9067622255132884,47.5550760016338,100.0055,100.66915384615385,100.24729324121282,100.42514312251748,-0.1778498813046667,-0.0593982709338547,-0.042415220785951,-0.4067796610169492
100.005,100.88,99.798,100.005,99.998,0.007,0.01,1379,13796462.0,0.0039999999999906,-0.0020000000000095,0.0069999999999907,99.9988,99.9983,100.8722,100.01462378690051,100.15067634323523,100.35614001248148,1.0819999999999936,1.021571428571429,0.0069999999999907,0.0,0.2985478753011308,0.3286946311999448,0.90828339425941,47.596881940688256,100.0005,100.66984615384617,100.21001735794933,100.3940214097384,-0.1840040517891026,-0.0975298381013011,-0.0707329869865813,38.4
100.006,100.023,99.98,99.98,100.005,-0.025,-0.02,232,2320246.0,-0.0169999999999959,-0.0180000000000006,0.0080000000000097,99.9954,99.9965,100.8726,100.00308252460036,100.11964428082882,100.32031715414992,0.0429999999999921,0.4932857142857147,0.0,0.0249999999999914,0.2772230270653357,0.3070021575428053,0.9030002566893444,47.45139962620378,99.9975,100.66907692307691,100.17463007211096,100.3633531571652,-0.1887230850542494,-0.1264619541404859,-0.0943310066001149,-0.8317621464829587
100.0,100.1,99.98,100.001,99.98,0.021,0.02,542,5421354.0,0.0020000000000095,0.0020000000000095,-2.4350000000000023,99.9958,99.9967,100.75085,100.0023883497336,100.0980725934054,100.28990599661184,0.1199999999999903,0.1239285714285713,0.0210000000000007,0.0,0.2589213822749547,0.2850734320040335,0.9082620588483714,47.596296045235206,99.997,100.66965384615384,100.14791775332466,100.33651218256038,-0.1885944292357209,-0.1476529502936756,-0.1131836911272361,1.3362068965517242
100.0,100.005,100.0,100.0,100.001,-0.001,0.0,46,460105.0,0.0049999999999954,0.0030000000000001,-7.799999999999997,99.9968,99.997,100.36085,100.00159223315572,100.08024121278623,100.26229590169642,0.0049999999999954,0.0970714285714281,0.0,0.0010000000000047,0.2404269978267436,0.2647824725751743,0.9080170431541088,47.58956668715506,99.99716666666669,100.6696923076923,100.1251611758901,100.31158535422256,-0.1864241783324729,-0.1625197465167124,-0.1278317885682835,-0.915129151291513
100.001,100.058,99.999,100.001,100.0,0.001,0.0,351,3510694.0,0.0030000000000001,0.007000000000005,0.0030000000000001,99.9974,99.9977,100.361,100.00139482210383,100.06583371955236,100.23741057772531,0.0590000000000117,0.0973571428571428,0.0010000000000047,0.0,0.223325069410548,0.2458694388198047,0.9083075573870764,47.59754547274151,99.99733333333334,100.66992307692308,100.1060594565224,100.28857903168758,-0.1825195751651733,-0.1723154444519489,-0.1387693458876615,6.630434782608695
100.003,100.018,100.003,100.012,100.001,0.011,0.01,165,1650371.0,0.007000000000005,0.0109999999999956,0.0090000000000003,99.9988,99.9988,100.36145,100.00492988140256,100.05604577054284,100.21594290365626,0.0169999999999959,0.0977857142857132,0.0109999999999956,0.0,0.20815899302408,0.2283073360469615,0.9117490336852904,47.6918788826432,99.99858333333331,100.6706153846154,100.09158877090356,100.26809169600702,-0.1765029251034491,-0.1778934743314819,-0.146316061730819,-0.5299145299145299
100.007,100.099,100.002,100.002,100.012,-0.01,-0.01,525,5251023.0,0.0219999999999913,0.0049999999999954,-1.862000000000009,100.0032,99.9993,100.26835,100.00395325426835,100.04621926680775,100.19556738902232,0.0970000000000084,0.1044999999999995,0.0,0.0100000000000051,0.19329049352236,0.2127139549007503,0.9086874136327676,47.607974314834536,99.99925,100.67076923076924,100.07780588307224,100.2483812000065,-0.1705753169342614,-0.1802098589075882,-0.1511679127715075,2.1818181818181817
100.009,100.1,99.999,100.002,100.002,0.0,0.0,476,4761139.0,0.0009999999999905,0.0030000000000001,-5.298000000000002,100.0034,99.9996,100.00345000000002,100.00330216951224,100.03817940011544,100.17713239959164,0.100999999999999,0.1115714285714284,0.0,-0.0,0.1794840296993343,0.1975201009792682,0.9086874136327676,47.607974314834536,99.99933333333333,100.6719230769231,100.06614343952266,100.23013074074676,-0.1639873012241111,-0.1799089715714675,-0.1537317904620282,-0.0933333333333333
100.005,100.005,100.0,100.001,100.002,-0.001,0.0,70,698916.0,0.0010000000000047,0.0060000000000002,-0.0639999999999929,100.0036,100.0002,100.00025,100.00253477967485,100.03141950918535,100.1603578853448,0.0049999999999954,0.1115714285714273,0.0,0.0009999999999905,0.1666637418636675,0.1834829509093198,0.9083336682656442,47.5982624721581,99.99966666666668,100.57826923076922,100.0561213719038,100.21315809328404,-0.1570367213802512,-0.1775963982465324,-0.1543927766456728,-0.8529411764705882
100.0,100.073,99.97,100.001,100.001,0.0,0.0,991,9909538.0,0.0,0.0030000000000001,-0.0150000000000005,100.0036,100.0005,99.9995,100.00202318644992,100.02588868933348,100.1451809438834,0.1029999999999944,0.1181428571428558,0.0,-0.0,0.1547591888734056,0.1703770258443684,0.908333668265644,47.598262472158105,99.99983333333334,100.27830769230768,100.04764116084168,100.19744267896672,-0.1498015181250309,-0.1737961167283022,-0.1534745249415444,13.157142857142857
100.004,100.008,100.001,100.001,100.001,0.0,0.0,47,473319.0,-0.0109999999999956,-0.0039999999999906,-0.0060000000000002,100.0014,100.0001,99.9992,100.00168212429996,100.021363473091,100.13144942541832,0.0069999999999907,0.1181428571428548,0.0,-0.0,0.1437049610967337,0.1582072382840563,0.9083336682656442,47.5982624721581,100.00033333333332,100.27842307692308,100.04046559763528,100.18289136941362,-0.142425771778349,-0.1686519708087578,-0.1512647743089054,-0.9525731584258323
99.998,100.016,99.981,99.994,100.001,-0.007,-0.01,1167,11669998.0,-0.0079999999999955,0.0139999999999957,-0.0040000000000048,99.9998,100.0015,99.999,99.99912141619996,100.01638829616536,100.1183590039499,0.0350000000000108,0.1204285714285699,0.0,0.007000000000005,0.1334403210183956,0.147406721263767,0.9052526226373347,47.5135219278294,100.0,100.27807692307692,100.03331704415294,100.16889941612372,-0.1355823719707842,-0.1627617422237648,-0.1481282938412811,23.829787234042552
99.995,99.995,99.975,99.985,99.994,-0.009,-0.01,119,1188657.0,-0.0169999999999959,-0.0160000000000053,-0.0139999999999957,99.9964,99.9999,99.9983,99.99441427746666,100.0106813332262,100.10565814643088,0.0200000000000102,0.1214999999999995,0.0,0.0090000000000003,0.1239088695170816,0.1375205268877836,0.901020904451529,47.396685767192345,99.99833333333332,100.2058076923077,100.0258836527448,100.1552772371516,-0.1293935844067988,-0.1564250095653566,-0.1443813519543847,-0.8980291345329906
99.974,100.005,99.974,99.993,99.985,0.008,0.01,81,813043.0,-0.0080000000000097,-0.007000000000005,-0.0040000000000048,99.9948,99.9992,99.9981,99.99394285164443,100.00746654536688,100.09492879915176,0.0309999999999917,0.1232142857142842,0.0079999999999955,0.0,0.1156296645515755,0.1276976321100848,0.9054957608915892,47.52021911966385,99.99941666666666,100.00169230769232,100.0208246292456,100.14325670106628,-0.1224320718206968,-0.1497486203048592,-0.1399914959276471,-0.3193277310924369
99.998,100.05,99.794,100.003,99.993,0.01,0.01,529,5290222.0,0.0019999999999953,0.0019999999999953,0.0090000000000003,99.9952,99.9994,99.99855,99.99696190109633,100.00665444620924,100.086173675423,0.2560000000000002,0.0642142857142847,0.0100000000000051,0.0,0.1080846885121776,0.1185763726736502,0.911519606099369,47.685600670317385,99.99958333333332,99.9993076923077,100.01808237859242,100.13286731580212,-0.1147849372096914,-0.1428910660944417,-0.134950184184056,5.530864197530864
100.006,100.18,100.004,100.005,100.003,0.002,0.0,588,5879514.0,0.0039999999999906,-0.007000000000005,0.0039999999999906,99.996,99.9987,99.99875,99.99964126739756,100.00635363780756,100.07844284919224,0.1770000000000067,0.0737857142857143,0.0019999999999953,0.0,0.1005072107613074,0.1101066317683895,0.9128170496825794,47.72108497433437,100.0,99.9988846153846,100.01606970496285,100.12339566277974,-0.1073259578169114,-0.1358633595258472,-0.129425338910627,0.1115311909262759
100.001,100.205,99.998,100.003,100.005,-0.002,0.0,515,5151490.0,0.0090000000000003,0.0010000000000047,0.0060000000000002,99.9978,99.9988,99.99905,100.0007608449317,100.0057438854789,100.07125781593584,0.2069999999999936,0.0800000000000003,0.0,0.0019999999999953,0.0933281242783569,0.1023847294992185,0.9115433984622612,47.68625181073845,100.00016666666666,99.99873076923078,100.0140589811224,100.1144774655368,-0.1004184844144049,-0.1288001576581021,-0.1236239680113826,-0.1241496598639455
100.001,100.008,100.001,100.001,100.003,-0.002,0.0,16,160105.0,0.0160000000000053,-0.0009999999999905,0.0020000000000095,100.001,99.9987,99.99915,100.00084056328782,100.00488136084635,100.06456659537052,0.0069999999999907,0.0801428571428571,0.0,0.0019999999999953,0.0866618296870457,0.0952143916778454,0.9101757429723756,47.64879599800982,99.99925,99.99884615384616,100.01204990710356,100.10607172734888,-0.0940218202453309,-0.1217985019764442,-0.1177035384581723,-0.9689320388349516
100.005,100.012,100.003,100.007,100.001,0.006,0.01,23,229017.0,0.01400000000001,0.0060000000000002,0.0120000000000004,100.0038,99.9993,99.99975,100.00289370885856,100.0052665679652,100.05908406247808,0.0109999999999956,0.0767142857142845,0.0060000000000002,0.0,0.0809002704236853,0.0884133637008564,0.9150231032653456,47.78130883669867,99.99966666666668,99.99915384615385,100.0112729983184,100.0987330808786,-0.0874600825601987,-0.114871675802574,-0.1116548472785776,0.4375
100.018,100.018,100.002,100.003,100.007,-0.004,0.0,116,1160155.0,0.0,0.0019999999999953,0.0049999999999954,100.0038,99.9995,100.0,100.00292913923906,100.0048544646988,100.05374272319447,0.0160000000000053,0.0766428571428566,0.0,0.0040000000000048,0.0751216796791364,0.0823838377222242,0.9118497238794117,47.6946337617551,99.99975,99.9993846153846,100.01000022934636,100.09164174155426,-0.0816415122079092,-0.1081178691836362,-0.1056521802644439,4.043478260869565
100.01,100.01,100.004,100.006,100.003,0.003,0.0,68,680045.0,0.0010000000000047,0.0049999999999954,0.0010000000000047,100.004,100.0,100.00005,100.0039527594927,100.00506274384446,100.04919579717595,0.007000000000005,0.070214285714285,0.0030000000000001,0.0,0.0699701311306266,0.0764992778849224,0.9146508707687728,47.77115685856195,100.00016666666666,99.99984615384616,100.0093848094469,100.08529790884651,-0.0759130993996279,-0.1014879500090633,-0.0997043640914807,-0.4137931034482759
99.999,100.004,99.999,100.0,100.006,-0.006,-0.01,32,317702.0,-0.0030000000000001,0.0060000000000002,0.019999999999996,100.0034,100.0006,100.00105,100.00263517299514,100.00414224496365,100.0445104831592,0.007000000000005,0.0634999999999997,0.0,0.0060000000000002,0.0649722646212962,0.0714636151788566,0.9091656566587892,47.621098435738176,100.00008333333334,99.99980769230773,100.00794099260892,100.07897954522826,-0.071038552619342,-0.0950040575882348,-0.093971201797053,-0.5294117647058824
100.003,100.004,100.0,100.002,100.0,0.002,0.0,78,781313.0,0.0009999999999905,0.0169999999999959,0.0009999999999905,100.0036,100.0023,100.0011,100.00242344866342,100.00375274587934,100.04046186571546,0.0040000000000048,0.0634285714285718,0.0019999999999953,0.0,0.0604742457197747,0.0663590712375097,0.9113184466269536,47.68009476574797,100.00016666666666,100.0,100.007026993746,100.07327735669284,-0.0662503629468318,-0.0887616454911387,-0.0884270340270088,1.4375
100.001,100.003,100.0,100.001,100.002,-0.001,0.0,117,1165217.0,-0.0060000000000002,0.0080000000000097,0.0010000000000047,100.0024,100.0031,100.00115,100.00194896577564,100.00325224662856,100.03670359279018,0.0030000000000001,0.056285714285715,0.0,0.0009999999999905,0.0561546567397908,0.0616905661491155,0.9102632743563488,47.65119481570185,100.00075,100.00007692307692,100.00609976393892,100.0679234784193,-0.0618237144803686,-0.0828770651878806,-0.0831063701176807,0.5
100.015,100.015,100.01,100.013,100.001,0.012,0.01,133,1331989.0,0.0100000000000051,0.0100000000000051,0.0120000000000004,100.0044,100.0041,100.00175,100.00563264385042,100.00502456542335,100.03444610776252,0.0139999999999957,0.0567857142857154,0.0120000000000004,0.0,0.0530007526869486,0.0572840971384643,0.9252262902710632,48.05805400365666,100.00308333333334,100.00076923076924,100.00716133871757,100.06385507261048,-0.0566937338929136,-0.0772512625296586,-0.0778238428727273,0.1367521367521367
100.0,100.014,99.992,99.997,100.013,-0.016,-0.02,291,2913519.0,-0.0090000000000003,-0.0079999999999955,-0.0150000000000005,100.0026,100.0033,100.001,100.00275509590028,100.0035655535282,100.03087981178516,0.0219999999999913,0.0558571428571426,0.0,0.0160000000000053,0.0492149846378808,0.0543352330571458,0.9057655938665083,47.52764961134847,100.00341666666668,100.00073076923078,100.00559805583794,100.05890284500968,-0.0533047891717473,-0.0720164075026967,-0.0729200321325313,1.18796992481203
99.992,99.999,99.991,99.997,99.997,0.0,0.0,46,464784.0,-0.0030000000000001,-0.0060000000000002,-0.0049999999999954,100.002,100.0027,100.00075,100.00083673060018,100.00237181652304,100.02765316304372,0.0079999999999955,0.0549999999999987,0.0,-0.0,0.0456996285923179,0.0504541449816354,0.9057655938665083,47.52764961134847,100.00291666666668,100.00042307692308,100.00427527801672,100.05431744908304,-0.0500421710663232,-0.0671297798161403,-0.0683444599192897,-0.8419243986254296
99.997,100.0,99.992,99.992,99.997,-0.005,-0.01,16,160497.0,-0.0099999999999909,-0.0090000000000003,-0.0099999999999909,100.0,100.0018,100.00025,99.99789115373346,100.00048603170067,100.0242576237062,0.0079999999999955,0.0533571428571418,0.0,0.0049999999999954,0.0424353694071523,0.0472074203400897,0.8989131179259797,47.33829628328576,100.00183333333332,100.00088461538462,100.00238677370643,100.04970134174356,-0.0473145680371089,-0.0626691670913525,-0.0641384815428535,-0.6521739130434783
99.994,100.004,99.994,100.001,99.992,0.009,0.01,77,770594.0,0.0,-0.0060000000000002,0.0,100.0,100.0012,100.00025,99.99892743582232,100.00057948048236,100.02204261192466,0.0120000000000004,0.0359285714285704,0.0090000000000003,0.0,0.0400471287352129,0.043835461744369,0.91357834825037,47.74188363312515,100.00166666666668,100.00088461538462,100.00217342390546,100.04609383494774,-0.0439204110422792,-0.0584779336285047,-0.0600948674427387,3.8125
100.004,100.008,100.004,100.005,100.001,0.004,0.0,60,595036.0,-0.0080000000000097,0.0019999999999953,0.0039999999999906,99.9984,100.0014,100.00045,100.00095162388156,100.00138321130376,100.02041950602708,0.0069999999999907,0.0237857142857121,0.0039999999999906,0.0,0.0374723338255542,0.0407043573340569,0.920597603790232,47.932872662835,100.002,100.00107692307694,100.00260828176616,100.04304984717383,-0.0404415654076757,-0.0545366520738434,-0.0561642070357261,-0.2207792207792207
99.998,100.005,99.998,100.005,100.005,0.0,0.0,26,260606.0,0.0079999999999955,-0.0010000000000047,0.0039999999999906,100.0,100.0013,100.00065,100.0023010825877,100.00204080924853,100.01895098164351,0.0069999999999907,0.0094999999999976,0.0,-0.0,0.0347957385523003,0.0377969032387672,0.920597603790232,47.932872662835,100.00183333333332,100.00123076923076,100.00297623841752,100.04023133997578,-0.0372551015582587,-0.0507829352892786,-0.0523823859402326,-0.5666666666666667
100.001,100.005,100.0,100.005,100.005,0.0,0.0,6,60202.0,0.0079999999999955,0.0049999999999954,0.0109999999999956,100.0016,100.0018,100.0012,100.00320072172514,100.0025788439306,100.0176223167251,0.0049999999999954,0.0093571428571408,0.0,-0.0,0.0323103286557074,0.0350971244359981,0.920597603790232,47.932872662835,100.002,100.00096153846152,100.00328758635328,100.03762161108868,-0.0343340247354007,-0.0472366754880084,-0.0487727136992662,-0.7692307692307692
100.005,100.006,100.0,100.001,100.005,-0.004,0.0,27,271007.0,0.0090000000000003,-0.0009999999999905,0.0160000000000053,100.0034,100.0017,100.002,100.00246714781676,100.00229178139776,100.01603923894176,0.0060000000000002,0.0089999999999983,0.0,0.0039999999999906,0.0300024480374426,0.0328759012619975,0.912596974858406,47.7150694503199,100.00158333333331,100.00092307692309,100.00293564999124,100.0349088991562,-0.0319732491649489,-0.0439199571196285,-0.0454128207924028,3.5
100.003,100.004,100.0,100.0,100.001,-0.001,0.0,14,140004.0,-0.0010000000000047,-0.0010000000000047,0.007000000000005,100.0032,100.0016,100.00235,100.00164476521118,100.0018750938709,100.01451169237588,0.0040000000000048,0.0081428571428554,0.0,0.0010000000000047,0.0278594160347681,0.0305990511718552,0.9104666637635168,47.6567679003593,100.00158333333331,100.00084615384615,100.00248401153104,100.03232305477424,-0.0298390432432,-0.0409361026029936,-0.0422980652825622,-0.4814814814814815
100.006,100.01,100.005,100.006,100.0,0.006,0.01,90,904572.0,0.0010000000000047,-0.007000000000005,0.0030000000000001,100.0034,100.0009,100.0025,100.0030965101408,100.00262507680344,100.01370105500676,0.0100000000000051,0.0083571428571411,0.0060000000000002,0.0,0.0262980291751418,0.0284134046595798,0.9255500877215448,48.066788478960056,100.00191666666667,100.00103846153846,100.00302493283397,100.03037319886504,-0.0273482660310691,-0.0380520444762516,-0.0393081054322636,5.428571428571429
100.002,100.003,99.998,100.001,100.006,-0.005,-0.01,66,660002.0,-0.0039999999999906,0.0040000000000048,-0.0039999999999906,100.0026,100.0013,100.0023,100.00239767342724,100.00232960829372,100.0124914307204,0.0079999999999955,0.008428571428569,0.0,0.0049999999999954,0.0244195985197746,0.0267410186124666,0.9131887933539736,47.73124307053254,100.00191666666667,100.00103846153846,100.00271340470567,100.02819740635653,-0.0254840016508381,-0.0353233589856421,-0.0365432846759785,-0.2666666666666667
100.0,100.0,100.0,100.0,100.001,-0.001,0.0,15,150000.0,-0.0049999999999954,0.0030000000000001,-0.0030000000000001,100.0016,100.0016,100.00215,100.00159844895148,100.00190604314942,100.01130177065176,0.0010000000000047,0.0082142857142833,0.0,0.0010000000000047,0.0226753414826478,0.0249023744258622,0.9105694539352224,47.65958400830243,100.00083333333332,100.001,100.00229595782788,100.02610870958937,-0.0238127517614827,-0.0327120460661281,-0.0339971780930793,-0.7727272727272727
100.0,100.001,99.998,100.0,100.0,0.0,0.0,21,210001.0,-0.0010000000000047,0.0079999999999955,-0.0010000000000047,100.0014,100.0024,100.0021,100.00106563263432,100.00155948984953,100.01022541154208,0.0030000000000001,0.0082142857142833,0.0,-0.0,0.0210556742338873,0.0231236333954435,0.9105694539352224,47.65958400830244,100.00108333333334,100.00123076923076,100.00194273354668,100.02417473110128,-0.0222319975545985,-0.0303022223452747,-0.0316441419853832,0.3999999999999999
100.0,100.001,99.998,100.001,100.0,0.001,0.0,112,1115492.0,0.0010000000000047,0.0,-0.0060000000000002,100.0016,100.0024,100.0018,100.00104375508955,100.00145776442234,100.009346800919,0.0030000000000001,0.0074285714285693,0.0010000000000047,0.0,0.0196231260743242,0.021471945295769,0.9138960538517652,47.75055844921806,100.00141666666669,100.00184615384616,100.00179769761642,100.02245808435303,-0.0206603867366084,-0.028104313604045,-0.0294473909356282,4.333333333333333
100.004,100.007,100.003,100.005,100.001,0.004,0.0,127,1271756.0,-0.0010000000000047,0.0,0.0019999999999953,100.0014,100.0024,100.0019,100.00236250339304,100.00210180725465,100.00893281987908,0.0060000000000002,0.0062857142857128,0.0039999999999906,0.0,0.0185071884975861,0.0199382349174997,0.9282260227229238,48.13885985275415,100.0025,100.0023076923077,100.0022903595216,100.02116489291949,-0.0188745333978772,-0.0260620282528915,-0.027332819428078,0.1339285714285714
100.0,103.005,99.997,100.044,100.005,0.039,0.04,790,7927802.0,0.0429999999999921,0.0390000000000014,0.0379999999999967,100.01,100.0063,100.0038,100.0162416689287,100.00971966048108,100.01227255131916,3.007999999999996,0.2205714285714271,0.0390000000000014,0.0,0.0199709607477586,0.0185140752805355,1.0786906958704456,51.892794729556776,100.00608333333334,100.0038846153846,100.00870722728752,100.02285638233283,-0.0141491550453309,-0.0238192649539949,-0.0246960865515286,5.2204724409448815
100.1,100.343,100.001,100.019,100.044,-0.025,-0.02,239,2389451.0,0.0190000000000054,0.01400000000001,0.0190000000000054,100.0138,100.0077,100.00475,100.01716111261914,100.01140699493904,100.01291326071734,0.3419999999999987,0.2444285714285702,0.0,0.0249999999999914,0.0185444635514901,0.0189773556176395,0.977189020700706,49.42314621767397,100.00725,100.00442307692308,100.01029073078176,100.02257072438226,-0.0122799936005151,-0.0216311254468356,-0.0222128679613259,-0.6974683544303797
100.025,100.049,100.006,100.019,100.019,0.0,0.0,465,4648714.0,0.0190000000000054,0.0180000000000006,0.0170000000000101,100.0176,100.0095,100.0056,100.01777407507944,100.01278754131376,100.01349295017285,0.0430000000000063,0.2466428571428563,0.0,-0.0,0.017219859012098,0.0176218302163795,0.977189020700706,49.42314621767397,100.00841666666668,100.00503846153848,100.0116306183538,100.02230622627988,-0.010675607926089,-0.0195018548560454,-0.0199054159542785,0.9456066945606694
100.0,100.002,100.0,100.002,100.019,-0.017,-0.02,191,1906628.0,0.0009999999999905,0.0019999999999953,0.0009999999999905,100.0178,100.0097,100.00565,100.01251605005297,100.0108261701658,100.01239838348972,0.0190000000000054,0.2475000000000002,0.0,0.0170000000000101,0.0159898690826624,0.0175774137723531,0.9096826922179144,47.63527972081083,100.00816666666668,100.00507692307691,100.01014898476087,100.02080206137026,-0.0106530766093726,-0.0176468338091903,-0.0180549480852973,-0.589247311827957
100.0,100.004,100.0,100.003,100.002,0.001,0.0,38,380208.0,-0.0019999999999953,-0.0030000000000001,-0.0100000000000051,100.0174,100.0094,100.00515,100.00934403336863,100.00940323013565,100.01150329934784,0.0040000000000048,0.2472857142857155,0.0010000000000047,0.0,0.0149191641481869,0.016321884217185,0.9140589376610544,47.75500480554783,100.00833333333333,100.00492307692306,100.00904914095152,100.01948339015765,-0.0104342492061277,-0.0159746390931114,-0.0165308083094634,-0.8010471204188482
100.002,100.002,100.0,100.001,100.003,-0.002,0.0,38,380004.0,-0.0429999999999921,0.0,0.0040000000000048,100.0088,100.0094,100.00535,100.00656268891244,100.00787537011098,100.01050298512423,0.0030000000000001,0.2471428571428587,0.0,0.0019999999999953,0.0138535095661735,0.0152988924873858,0.9055236892210344,47.5209882901643,100.00841666666668,100.00484615384616,100.00781081157436,100.01811425014596,-0.0103034385715972,-0.0144736042942352,-0.0152853343618902,0.0
100.01,100.01,100.005,100.006,100.001,0.005,0.01,91,909755.0,-0.0130000000000052,0.0060000000000002,0.0090000000000003,100.0062,100.01,100.0058,100.00637512594164,100.00753439372716,100.01007412939812,0.0090000000000003,0.2473571428571444,0.0049999999999954,0.0,0.0132211160257322,0.0142061144525725,0.930663769454434,48.2043421634944,100.00841666666666,100.00484615384616,100.00753222517832,100.0172168982833,-0.0096846731049851,-0.013079457133167,-0.0141652021105091,1.3947368421052633
100.006,100.006,100.0,100.0,100.006,-0.006,-0.01,43,430007.0,-0.0190000000000054,0.0,0.0079999999999955,100.0024,100.01,100.0062,100.0042500839611,100.0061645039586,100.00911468850306,0.0060000000000002,0.2475000000000012,0.0,0.0060000000000002,0.0122767505953228,0.0136199634202459,0.901379116560148,47.40659601809789,100.00833333333333,100.00484615384616,100.00637342130472,100.01594157248454,-0.0095681511798062,-0.0118469865157445,-0.0132457919243686,-0.5274725274725275
100.003,100.005,100.002,100.005,100.0,0.005,0.01,17,170006.0,0.0030000000000001,0.0039999999999906,0.0039999999999906,100.003,100.0104,100.0064,100.00450005597406,100.00595277596612,100.00872281340752,0.0049999999999954,0.2471428571428577,0.0049999999999954,0.0,0.0117569826956565,0.0126471088902283,0.9296182074260828,48.17627672917226,100.00875,100.00496153846152,100.00616212571938,100.01513108563384,-0.0089689599144549,-0.0107463672398087,-0.0123904255223858,-0.6046511627906976
100.005,100.005,100.0,100.003,100.005,-0.002,0.0,18,180003.0,0.0,-0.0019999999999953,-0.0019999999999953,100.003,100.0102,100.0063,100.00400003731605,100.00541590760862,100.0081777835592,0.0049999999999954,0.246928571428572,0.0,0.0019999999999953,0.0109171982173954,0.0118866011123545,0.9184457452726648,47.87447065083032,100.009,100.00503846153848,100.00567564483949,100.014232486698,-0.0085568418585069,-0.0101249991079394,-0.01162370878961,0.0588235294117647
100.009,100.009,100.001,100.003,100.003,0.0,0.0,29,290013.0,0.0019999999999953,-0.0409999999999968,-0.0019999999999953,100.0034,100.0061,100.0062,100.00366669154404,100.00497665167975,100.00768466131548,0.0079999999999955,0.2474285714285713,0.0,-0.0,0.0101373983447243,0.0110375581757578,0.9184457452726648,47.87447065083032,100.00916666666666,100.00465384615384,100.00526400717187,100.01340045064627,-0.0081364434744131,-0.0096646046494836,-0.0109262557265706,0.6111111111111112
100.006,100.011,100.006,100.006,100.003,0.003,0.0,50,500139.0,0.0,-0.0130000000000052,0.0010000000000047,100.0034,100.0048,100.00625,100.00444446102938,100.00516271501073,100.00752421738068,0.0079999999999955,0.2477857142857138,0.0030000000000001,0.0,0.009627584177244,0.0102491611632037,0.9393533796510808,48.43642161904937,100.00925,100.005,100.00537723683772,100.01285226911692,-0.0074750322791885,-0.0093089851331613,-0.0102360110370942,0.7241379310344827
100.0,100.004,100.0,100.001,100.006,-0.005,-0.01,32,320001.0,0.0010000000000047,-0.0180000000000006,0.0,100.0036,100.003,100.00625,100.00329630735294,100.00440585773605,100.00690286334442,0.0060000000000002,0.2479999999999995,0.0,0.0049999999999954,0.0089398995931551,0.0098742210801174,0.9053777022631596,47.51696743316429,100.00566666666668,100.00515384615385,100.00470381578576,100.0119743232564,-0.0072705074706362,-0.0089331441177462,-0.0096429103238026,-0.36
99.998,100.003,99.998,100.001,100.001,0.0,0.0,19,190002.0,-0.0039999999999906,-0.0009999999999905,0.0010000000000047,100.0028,100.0029,100.0063,100.00253087156864,100.00378661087493,100.00634068588305,0.0049999999999954,0.2479285714285706,0.0,-0.0,0.0083013353365012,0.0091689195743947,0.9053777022631594,47.51696743316429,100.00416666666666,100.0055,100.0041339979726,100.0111614104226,-0.0070274124500144,-0.0085546067004003,-0.009119810749045,-0.40625
100.001,100.001,100.0,100.0,100.001,-0.001,0.0,58,580005.0,-0.0030000000000001,-0.0030000000000001,-0.0060000000000002,100.0022,100.0026,100.006,100.00168724771244,100.0030981361704,100.00573681103704,0.0010000000000047,0.033142857142857,0.0,0.0010000000000047,0.0077083828124654,0.0085854253190811,0.897845188325554,47.308663206492206,100.00258333333332,100.00546153846156,100.0034979982845,100.0103346392802,-0.0068366409956865,-0.0081694069697435,-0.0086631767983733,2.0526315789473686
100.004,100.004,100.0,100.0,100.0,0.0,0.0,23,230101.0,-0.0030000000000001,-0.0010000000000047,-0.0010000000000047,100.0016,100.0025,100.00595,100.00112483180828,100.00253483868488,100.00519044808112,0.0040000000000048,0.0090000000000003,0.0,-0.0,0.0071577840401464,0.0079721806534325,0.8978451883255542,47.30866320649221,100.00241666666666,100.00526923076924,100.00295984470227,100.00956911044462,-0.0066092657423411,-0.0078276950405609,-0.0082523945871668,-0.603448275862069
100.005,100.008,100.005,100.005,100.0,0.005,0.01,27,271514.0,-0.0010000000000047,-0.0010000000000047,0.0049999999999954,100.0014,100.0024,100.0062,100.00241655453884,100.00298304983308,100.00517231016865,0.0079999999999955,0.0064999999999995,0.0049999999999954,0.0,0.007003656608707,0.0074027391781873,0.9460898783714872,48.61491182324977,100.00258333333332,100.00526923076922,100.00327371474808,100.00923065781907,-0.0059569430710126,-0.0074264496951394,-0.007793304283936,0.1739130434782609
100.0,100.001,99.996,99.998,100.005,-0.007,-0.01,96,960693.0,-0.0030000000000001,-0.0019999999999953,-0.0019999999999953,100.0008,100.0022,100.0061,100.00094436969258,100.0020770407725,100.00448923300972,0.0090000000000003,0.0057857142857134,0.0,0.0069999999999907,0.0065033954223708,0.0073739720940304,0.881939250575096,46.86332198584981,100.00233333333334,100.005,100.0024623740176,100.0083987572399,-0.0059363832223056,-0.007089496729345,-0.0074219200716099,2.555555555555556
99.998,99.999,99.99,99.996,99.998,-0.002,0.0,63,630367.0,-0.0050000000000096,-0.0090000000000003,-0.0050000000000096,99.9998,100.0013,100.00585,99.99929624646172,100.00097212426842,100.00368073462784,0.0090000000000003,0.006142857142856,0.0,0.0020000000000095,0.0060388671779158,0.0069901169444575,0.8639150426094155,46.34948604738791,100.0015,100.0048076923077,100.00146816263027,100.00748033077768,-0.0060121681474072,-0.0068067552058895,-0.0071399696867694,-0.34375
99.996,99.999,99.996,99.999,99.996,0.003,0.0,15,150196.0,-0.0010000000000047,-0.0040000000000048,-0.0060000000000002,99.9996,100.0009,100.00555,99.99919749764116,100.0006135562196,100.00323495037756,0.0030000000000001,0.006142857142856,0.0030000000000001,0.0,0.0058218052366361,0.0064908228769962,0.8969286863871806,47.2832053636891,100.00141666666669,100.00476923076924,100.00108844530254,100.00685215812749,-0.0057637128249297,-0.006543118467058,-0.0068647183144014,-0.7619047619047619
100.0,100.001,99.995,99.995,99.999,-0.004,0.0,33,327103.0,-0.0049999999999954,-0.0079999999999955,-0.0489999999999923,99.9986,100.0001,100.0031,99.99779833176078,99.99959290963422,100.00245066938922,0.0060000000000002,0.0059285714285703,0.0,0.0039999999999906,0.0054059620054478,0.0063129069572101,0.8563348140706434,46.13040748790564,100.00058333333334,100.00434615384616,100.00015176140984,100.0059742204884,-0.0058224590785727,-0.0063594992225451,-0.0066562664672357,1.2000000000000002
100.008,100.01,100.008,100.008,99.995,0.013,0.01,43,434638.0,0.0030000000000001,0.0019999999999953,-0.0110000000000098,99.9992,100.0003,100.00255,100.00119888784052,100.0011214715189,100.00297917706644,0.0150000000000005,0.0065714285714274,0.012999999999991,0.0,0.0059483932907723,0.0058619850316951,1.0147404434862932,50.3658149498599,100.001,100.00461538461538,100.0013591827314,100.00612427823002,-0.0047650954986124,-0.0060811201145425,-0.006278032273511,0.303030303030303
99.998,100.005,99.998,100.005,100.008,-0.003,0.0,34,336501.0,0.0069999999999907,0.0039999999999906,-0.01400000000001,100.0006,100.0007,100.00185,100.00246592522704,100.00182665851544,100.00317163639345,0.0099999999999909,0.0069285714285699,0.0,0.0030000000000001,0.0055235080557171,0.0056575575294312,0.9763061227364108,49.40055143808434,100.00116666666668,100.0048076923077,100.00191930846503,100.00604099836112,-0.0041216898960954,-0.0057582620529959,-0.0058467637980279,-0.2093023255813954
99.999,100.002,99.999,100.002,100.005,-0.003,0.0,4,40100.0,0.0060000000000002,0.0009999999999905,0.0,100.0018,100.0008,100.00185,100.00231061681802,100.001858175149,100.003060051975,0.0060000000000002,0.0069999999999989,0.0,0.0030000000000001,0.005128971766023,0.0054677319916147,0.9380437398703636,48.40157735207306,100.00083333333332,100.0048846153846,100.00193172254733,100.0057416651492,-0.003809942601876,-0.0054219622314614,-0.0054393995587975,-0.8823529411764706
100.0,100.0,100.0,100.0,100.002,-0.002,0.0,21,210100.0,0.0010000000000047,0.0,-0.0030000000000001,100.002,100.0008,100.0017,100.00154041121202,100.0015203251219,100.00276861845356,0.0019999999999953,0.0065714285714274,0.0,0.0019999999999953,0.0047626166398785,0.0052200368493561,0.9123722259673296,47.70892473643969,100.00075,100.00484615384616,100.00163453446312,100.00531635661964,-0.0036818221565084,-0.0050966907219244,-0.0050878840783397,4.25
100.005,100.015,100.005,100.009,100.0,0.009,0.01,44,435036.0,0.0139999999999957,0.0090000000000003,0.0079999999999955,100.0048,100.0017,100.0021,100.00402694080802,100.00288026600882,100.00336208336276,0.0150000000000005,0.0070714285714278,0.0090000000000003,0.0,0.0050652868798872,0.0048471770744021,1.0449972844270423,51.10017956428852,100.00141666666669,100.005,100.00276768300724,100.00558921909226,-0.0028215360850083,-0.004748312167924,-0.0046346144796734,1.0952380952380951
99.998,100.0,99.998,99.999,100.009,-0.01,-0.01,14,139999.0,-0.0090000000000003,-0.0060000000000002,-0.007000000000005,100.003,100.0011,100.00175,100.00235129387202,100.00217476309813,100.002946646852,0.0109999999999956,0.0074285714285703,0.0,0.0100000000000051,0.004703480674181,0.0052152358548023,0.90187305140762,47.42025503437903,100.00133333333332,100.00326923076923,100.00218803946768,100.00510112878912,-0.0029130893214528,-0.0044123906233848,-0.0042903094480293,-0.6818181818181819
99.999,100.0,99.999,100.0,99.999,0.001,0.0,10,100199.0,-0.0049999999999954,0.0019999999999953,0.0,100.002,100.0013,100.00175,100.00156752924802,100.00177935162571,100.00266601381848,0.0010000000000047,0.0071428571428567,0.0010000000000047,0.0,0.0044389463403113,0.0048427190080307,0.9166227346559068,47.82489104828807,100.00133333333332,100.00253846153844,100.0018514180111,100.00472326739734,-0.0028718493862385,-0.0040634663165882,-0.0040066174356711,-0.2857142857142857
99.998,100.0,99.998,99.998,100.0,-0.002,0.0,7,69999.0,-0.0039999999999906,0.0020000000000095,-0.0069999999999907,100.0012,100.0015,100.0014,100.00037835283204,100.00109219678468,100.00222163155004,0.0019999999999953,0.0072142857142846,0.0,0.0019999999999953,0.0041218787445747,0.0046396676503139,0.8883995698045025,47.04510549620993,100.00075,100.00173076923076,100.00125889216324,100.00422524759011,-0.0029663554268921,-0.0037526488279174,-0.0037985650339153,-0.3
100.0,100.0,99.995,99.995,99.998,-0.003,0.0,14,144896.0,-0.0049999999999954,-0.0039999999999906,-0.0079999999999955,100.0002,100.0011,100.001,99.99858556855467,99.99998452464202,100.0015338571167,0.0049999999999954,0.0072857142857125,0.0,0.0030000000000001,0.003827458834248,0.0045225485324344,0.8463057514581876,45.83778991046237,100.0005,100.00146153846154,100.00029598567656,100.0035418959168,-0.0032459102402242,-0.0034663656236565,-0.0036880340751771,1.0
100.006,100.008,100.005,100.006,99.995,0.011,0.01,37,365223.0,-0.0030000000000001,0.0109999999999956,0.0030000000000001,99.9996,100.0022,100.00115,100.00105704570312,100.00107824743438,100.00195920405795,0.012999999999991,0.007642857142855,0.0109999999999956,0.0,0.0043397832032299,0.0041995093515462,1.0334024382234364,50.82134351753359,100.00133333333332,100.00157692307693,100.00117352634172,100.00372397770072,-0.0025504513590135,-0.0032202940525899,-0.0034605175319444,1.6428571428571428
100.001,100.001,99.999,99.999,100.006,-0.007,-0.01,24,239999.0,0.0,-0.0090000000000003,-0.007000000000005,99.99960000000002,100.0013,100.0008,100.0003713638021,100.00070038426448,100.00167737510006,0.007000000000005,0.0074999999999982,0.0,0.007000000000005,0.0040297986887135,0.0043995443978647,0.9159581820948096,47.80679404460427,100.00133333333332,100.0015,100.00083913767376,100.0033740534266,-0.0025349157528467,-0.0030439858144512,-0.0032753971761248,-0.3513513513513513
99.999,99.999,99.995,99.996,99.999,-0.003,0.0,85,847762.0,-0.0040000000000048,-0.0090000000000003,-0.0050000000000096,99.9988,100.00039999999998,100.00055,99.99891424253474,99.99984576894369,100.00113667270958,0.0039999999999906,0.0071428571428547,0.0,0.0030000000000001,0.003741955925234,0.0042995769408743,0.8703079341738778,46.53286864006681,100.00141666666669,100.0011153846154,100.00009465495472,100.00282782724685,-0.0027331722921388,-0.0029243446689248,-0.0031669521993276,2.5416666666666665
99.996,99.999,99.996,99.999,99.996,0.003,0.0,35,348194.0,0.0009999999999905,-0.0030000000000001,-0.0020000000000095,99.999,100.0001,100.00045,99.9989428283565,99.99969199277209,100.00093318007058,0.0030000000000001,0.0071428571428547,0.0030000000000001,0.0,0.0036889590734316,0.0039924643022404,0.9239804777619244,48.02442064468072,100.00066666666667,100.00107692307694,99.99992624650014,100.0025442844878,-0.0026180379876734,-0.0028061464279431,-0.0030571693569968,-0.5882352941176471
99.999,100.001,99.998,100.0,99.999,0.001,0.0,47,469998.0,0.0049999999999954,0.0,0.0,100.0,100.0001,100.00045,99.99929521890434,99.99974799408623,100.00084430577812,0.0030000000000001,0.0069285714285689,0.0010000000000047,0.0,0.0034968905681868,0.0037072882806518,0.943247544691058,48.5397522959957,100.00025,100.00088461538462,99.99993759319244,100.0023558189702,-0.0024182257777596,-0.0027613341715822,-0.0029293806411493,0.3428571428571427
100.006,100.006,100.006,100.006,100.0,0.006,0.01,8,80005.0,0.0,-0.0030000000000001,0.0060000000000002,100.0,99.9998,100.00075,100.00153014593624,100.0008847224342,100.00133532427544,0.0060000000000002,0.0062857142857118,0.0060000000000002,0.0,0.0036756840990306,0.003442481974891,1.0677424386941003,51.63807729208487,100.00058333333334,100.001,100.00087027116282,100.00262575830573,-0.0017554871429013,-0.0026327117072987,-0.0026946019414997,-0.8297872340425532
99.997,100.0,99.997,99.998,100.006,-0.008,-0.01,34,337796.0,-0.0009999999999905,-0.0009999999999905,-0.0069999999999907,99.9998,99.9997,100.00039999999998,100.00035343062416,100.00036022744617,100.00101767434444,0.0090000000000003,0.0062142857142839,0.0,0.0079999999999955,0.0034131352348141,0.0037680189766842,0.9058168910331914,47.529061962617256,100.00041666666668,100.0008076923077,100.00042869098394,100.00228310954236,-0.001854418558409,-0.0025196638375398,-0.0025265652648816,3.25
99.998,99.998,99.993,99.998,99.998,0.0,0.0,53,529985.0,0.0020000000000095,-0.0019999999999953,0.0,100.0002,99.9995,100.00039999999998,99.99956895374946,99.9999310951832,100.00073027678783,0.0050000000000096,0.006142857142856,0.0,-0.0,0.0031693398608988,0.0034988747640639,0.9058168910331914,47.529061962617256,99.9995,100.00050000000002,100.00005504621716,100.00196584216884,-0.001910795951673,-0.0024023794514044,-0.0024034114022399,0.5588235294117647
99.998,100.0,99.995,99.995,99.998,-0.003,0.0,68,680090.0,-0.0039999999999906,-0.0030000000000001,-0.0009999999999905,99.9994,99.9992,100.00035,99.99804596916633,99.9990345324226,100.00018453614138,0.0049999999999954,0.0063571428571417,0.0,0.0030000000000001,0.0029429584422632,0.003463240852345,0.8497700759883511,45.939227097416975,99.99916666666668,100.00026923076923,99.99927734679912,100.00144985386004,-0.0021725070609193,-0.0022831124314816,-0.0023572305339758,0.2830188679245282
99.991,99.998,99.991,99.995,99.995,0.0,0.0,23,229991.0,-0.0049999999999954,0.0,-0.0039999999999906,99.9984,99.9992,100.00015,99.99703064611089,99.99830098107304,99.9996907707946,0.007000000000005,0.0057857142857134,0.0,-0.0,0.0027327471249587,0.003215866505749,0.849770075988351,45.93922709741697,99.99875,100.00003846153844,99.99861929344542,100.00097208690748,-0.0023527934620517,-0.0022611504429303,-0.0023563431195909,-0.6617647058823529
100.005,100.005,100.0,100.0,99.995,0.005,0.01,108,1081222.0,-0.0060000000000002,-0.0060000000000002,0.0049999999999954,99.9972,99.9986,100.00039999999998,99.9980204307406,99.99860989360522,99.99972022119508,0.0099999999999909,0.0057142857142845,0.0049999999999954,0.0,0.0028946937588899,0.0029861617553383,0.9693693764964592,49.22232406299438,99.99891666666666,100.00003846153844,99.99883170983844,100.00090008046988,-0.0020683706314486,-0.0022093120961083,-0.0022987486219625,3.695652173913044
99.999,100.0,99.996,100.0,100.0,0.0,0.0,80,800089.0,0.0019999999999953,0.0010000000000047,-0.0079999999999955,99.9976,99.9987,100.0,99.9986802871604,99.99886264022246,99.99974686679556,0.0040000000000048,0.0059285714285703,0.0,-0.0,0.0026879299189692,0.0027728644870999,0.9693693764964592,49.22232406299438,99.99933333333333,100.00003846153844,99.99901144678635,100.00083340784248,-0.0018219610561089,-0.0021080664032161,-0.0022033911087918,-0.2592592592592593
100.0,100.0,99.998,100.0,100.0,0.0,0.0,58,580400.0,0.0019999999999953,0.0040000000000048,-0.0049999999999954,99.998,99.9991,99.99975,99.99912019144028,99.99906943290928,99.99977097471978,0.0019999999999953,0.0059285714285703,0.0,-0.0,0.0024959349247571,0.0025748027380213,0.969369376496459,49.22232406299438,99.99883333333332,99.99984615384616,99.99916353189616,100.0007716739282,-0.0016081420320546,-0.0019958557414807,-0.0020843412934443,-0.275
100.0,100.001,99.999,100.0,100.0,0.0,0.0,12,120200.0,0.0049999999999954,0.0010000000000047,-0.0019999999999953,99.999,99.9992,99.99965,99.99941346096018,99.99923862692576,99.99979278665124,0.0020000000000095,0.0057142857142855,0.0,-0.0,0.002317653858703,0.0023908882567341,0.9693693764964592,49.22232406299439,99.99891666666666,99.99992307692308,99.99929221929676,100.0007145128965,-0.0014222935997452,-0.0018851966105902,-0.0019519317547045,-0.7931034482758621
100.0,100.0,99.999,99.999,100.0,-0.001,0.0,8,75000.0,0.0039999999999906,-0.0010000000000047,-0.0010000000000047,99.9998,99.9991,99.9996,99.99927564064014,99.999195240212,99.99971728316063,0.0010000000000047,0.0048571428571437,0.0,0.0010000000000047,0.0021521071545099,0.0022915390955391,0.9391535840254228,48.431108900403125,99.99916666666668,100.00003846153848,99.99924726248186,100.0005875119412,-0.0013402494593321,-0.0018390590901936,-0.00182959529563,-0.3333333333333333
100.005,100.007,100.005,100.007,99.999,0.008,0.01,13,130007.0,0.007000000000005,0.0010000000000047,-0.0019999999999953,100.0012,99.9992,99.9995,100.00185042709344,100.00061428744618,100.00041087524058,0.0080000000000097,0.0049285714285726,0.0080000000000097,0.0,0.0025698137863313,0.002127857731572,1.2077000018383732,54.70399061614848,99.99983333333334,100.00034615384617,100.0004399913308,100.00106251105666,-0.0006225197258515,-0.0017021814421317,-0.0015881801816743,0.625
99.998,100.0,99.996,99.996,100.007,-0.011,-0.01,13,130098.0,-0.0040000000000048,-0.0020000000000095,-0.0030000000000001,100.0004,99.999,99.99935,99.99990028472897,99.99977532609232,99.99999079188431,0.0110000000000098,0.005428571428574,0.0,0.0110000000000098,0.0023862556587362,0.0027615821793176,0.864090041066935,46.35452269099417,99.9995,100.0003846153846,99.99975691574146,100.00068751023764,-0.0009305944961823,-0.0015932701692994,-0.0014566630445759,0.0
99.999,99.999,99.998,99.998,99.996,0.002,0.0,14,140098.0,-0.0019999999999953,0.0,-0.0019999999999953,100.0,99.999,99.99925,99.99926685648596,99.99945253953008,99.99980119265726,0.0030000000000001,0.005428571428574,0.0020000000000095,0.0,0.0023586659688272,0.0025643263093663,0.9197994655407354,47.91122625308485,99.99883333333332,100.0,99.999486621012,100.00048843540525,-0.00100181439322,-0.0014631932062217,-0.0013656933143047,0.0769230769230768
99.99,100.001,99.99,100.001,99.998,0.003,0.0,29,290196.0,0.0010000000000047,0.0060000000000002,0.0030000000000001,100.0002,99.9996,99.9994,99.99984457099066,99.99973389597916,99.99991536478514,0.0110000000000098,0.0060000000000032,0.0030000000000001,0.0,0.0024044755424824,0.0023811601444116,1.0097916127672175,50.24359771194726,99.99908333333332,99.99984615384616,99.99971944854865,100.00052632907892,-0.0008068805302912,-0.0012914251026927,-0.001253930757502,1.0714285714285716
100.005,100.008,100.002,100.004,100.001,0.003,0.0,48,480022.0,0.0050000000000096,0.0090000000000003,0.0090000000000003,100.0012,100.0005,99.99985,100.00122971399378,100.00050955125565,100.00030437766276,0.0069999999999907,0.0060714285714311,0.0030000000000001,0.0,0.0024470130037337,0.0022110772769536,1.106706232857275,52.53253707595843,99.99958333333336,99.99992307692308,100.00037799492576,100.00078363803604,-0.0004056431102696,-0.0011066776003395,-0.0010842732280555,0.6551724137931034
99.999,99.999,99.989,99.998,100.004,-0.006,-0.01,39,389986.0,-0.0090000000000003,-0.0019999999999953,-0.0079999999999955,99.9994,100.0003,99.99945,100.00015314266253,100.00005326920916,100.00008491312344,0.0150000000000005,0.0065000000000026,0.0,0.0060000000000002,0.0022722263606098,0.0024817146143141,0.9155872909415268,47.79668852843079,99.99983333333334,99.99984615384616,100.0000121495526,100.00057744262595,-0.0005652930733788,-0.0009670478244806,-0.0009804771971202,-0.1875
99.996,100.0,99.996,99.998,99.998,0.0,0.0,131,1305771.0,0.0020000000000095,-0.0019999999999953,-0.0009999999999905,99.9998,100.0001,99.9994,99.9994354284417,99.99967994753476,99.99988634996885,0.0040000000000048,0.0064285714285737,0.0,-0.0,0.0021099244777091,0.0023044492847202,0.9155872909415268,47.79668852843079,100.00008333333336,99.99942307692308,99.99970258808295,100.00038652094996,-0.0006839328670196,-0.0008643579172545,-0.0009211683311001,2.358974358974359
99.996,100.001,99.996,100.001,99.998,0.003,0.0,5,50000.0,0.0030000000000001,0.0010000000000047,0.0050000000000096,100.0004,100.0002,99.99965,99.99995695229448,99.99991995707389,99.99999241187656,0.0050000000000096,0.0064285714285747,0.0030000000000001,0.0,0.0021735013007299,0.002139845764383,1.0157280197045175,50.390132486892334,100.00016666666669,99.9995,99.99990218991636,100.00043196384256,-0.0005297739262175,-0.0007651890646403,-0.0008428894501236,-0.9618320610687024
99.999,100.001,99.999,100.001,100.001,0.0,0.0,32,317799.0,0.0,0.0010000000000047,0.0020000000000095,100.0004,100.0003,99.99975,100.000304634863,100.000116328515,100.00008837265024,0.0020000000000095,0.0060714285714321,0.0,-0.0,0.0020182512078206,0.0019869996383557,1.0157280197045175,50.390132486892334,100.00025,99.99953846153848,100.00007108377538,100.00047404059498,-0.0004029568195988,-0.0006610454380033,-0.0007549029240186,5.4
